active_dim,actual_eval_states,batch_index,burn_in_steps,checkpoint,dataset,dataset_config,dataset_split,device,dtype,eval_steps,experiment,git_commit,input_shape,input_space,method,model,nearby_distance,operator_update,projection_mode,projection_next,projection_value,residual_alpha,sample_index,sequence_length,state_norm,step_delta,step_index,target,timestamp,token_mode,tokenizer
6272,128,0,64,main,wikitext,wikitext-2-raw-v1,validation,cuda,float32,128,qwen_dynamical_edge_normal_long,0be219064d7f2de285c4637dbbf99d87feb1bdfb,"[1, 128, 896]",inputs_embeds,paper_style_feedback_dynamics,Qwen/Qwen2.5-0.5B,0.000488697667606175,direct,fixed_random,14.377856254577637,14.494991302490234,1.0,0,128,1137.3548583984375,11.960592269897461,0,final_hidden,2026-07-10T15:12:24.317889+00:00,nonpad_flattened,Qwen/Qwen2.5-0.5B
6272,128,0,64,main,wikitext,wikitext-2-raw-v1,validation,cuda,float32,128,qwen_dynamical_edge_normal_long,0be219064d7f2de285c4637dbbf99d87feb1bdfb,"[1, 128, 896]",inputs_embeds,paper_style_feedback_dynamics,Qwen/Qwen2.5-0.5B,0.0004352764808572829,direct,fixed_random,14.27889633178711,14.377856254577637,1.0,0,128,1137.8565673828125,11.07025146484375,1,final_hidden,2026-07-10T15:12:24.317889+00:00,nonpad_flattened,Qwen/Qwen2.5-0.5B
6272,128,0,64,main,wikitext,wikitext-2-raw-v1,validation,cuda,float32,128,qwen_dynamical_edge_normal_long,0be219064d7f2de285c4637dbbf99d87feb1bdfb,"[1, 128, 896]",inputs_embeds,paper_style_feedback_dynamics,Qwen/Qwen2.5-0.5B,0.00041849890840239823,direct,fixed_random,14.196298599243164,14.27889633178711,1.0,0,128,1138.302978515625,10.200425148010254,2,final_hidden,2026-07-10T15:12:24.317889+00:00,nonpad_flattened,Qwen/Qwen2.5-0.5B
6272,128,0,64,main,wikitext,wikitext-2-raw-v1,validation,cuda,float32,128,qwen_dynamical_edge_normal_long,0be219064d7f2de285c4637dbbf99d87feb1bdfb,"[1, 128, 896]",inputs_embeds,paper_style_feedback_dynamics,Qwen/Qwen2.5-0.5B,0.0003645848191808909,direct,fixed_random,14.128250122070312,14.196298599243164,1.0,0,128,1138.702392578125,9.366852760314941,3,final_hidden,2026-07-10T15:12:24.317889+00:00,nonpad_flattened,Qwen/Qwen2.5-0.5B
6272,128,0,64,main,wikitext,wikitext-2-raw-v1,validation,cuda,float32,128,qwen_dynamical_edge_normal_long,0be219064d7f2de285c4637dbbf99d87feb1bdfb,"[1, 128, 896]",inputs_embeds,paper_style_feedback_dynamics,Qwen/Qwen2.5-0.5B,0.0003479385923128575,direct,fixed_random,14.072983741760254,14.128250122070312,1.0,0,128,1139.0618896484375,8.580155372619629,4,final_hidden,2026-07-10T15:12:24.317889+00:00,nonpad_flattened,Qwen/Qwen2.5-0.5B
6272,128,0,64,main,wikitext,wikitext-2-raw-v1,validation,cuda,float32,128,qwen_dynamical_edge_normal_long,0be219064d7f2de285c4637dbbf99d87feb1bdfb,"[1, 128, 896]",inputs_embeds,paper_style_feedback_dynamics,Qwen/Qwen2.5-0.5B,0.00033796761999838054,direct,fixed_random,14.028827667236328,14.072983741760254,1.0,0,128,1139.3878173828125,7.846425533294678,5,final_hidden,2026-07-10T15:12:24.317889+00:00,nonpad_flattened,Qwen/Qwen2.5-0.5B
6272,128,0,64,main,wikitext,wikitext-2-raw-v1,validation,cuda,float32,128,qwen_dynamical_edge_normal_long,0be219064d7f2de285c4637dbbf99d87feb1bdfb,"[1, 128, 896]",inputs_embeds,paper_style_feedback_dynamics,Qwen/Qwen2.5-0.5B,0.00032509511220268905,direct,fixed_random,13.994231224060059,14.028827667236328,1.0,0,128,1139.684814453125,7.168083667755127,6,final_hidden,2026-07-10T15:12:24.317889+00:00,nonpad_flattened,Qwen/Qwen2.5-0.5B
6272,128,0,64,main,wikitext,wikitext-2-raw-v1,validation,cuda,float32,128,qwen_dynamical_edge_normal_long,0be219064d7f2de285c4637dbbf99d87feb1bdfb,"[1, 128, 896]",inputs_embeds,paper_style_feedback_dynamics,Qwen/Qwen2.5-0.5B,0.00031095329904928803,direct,fixed_random,13.967787742614746,13.994231224060059,1.0,0,128,1139.956298828125,6.544868469238281,7,final_hidden,2026-07-10T15:12:24.317889+00:00,nonpad_flattened,Qwen/Qwen2.5-0.5B
6272,128,0,64,main,wikitext,wikitext-2-raw-v1,validation,cuda,float32,128,qwen_dynamical_edge_normal_long,0be219064d7f2de285c4637dbbf99d87feb1bdfb,"[1, 128, 896]",inputs_embeds,paper_style_feedback_dynamics,Qwen/Qwen2.5-0.5B,0.0002909531176555902,direct,fixed_random,13.948232650756836,13.967787742614746,1.0,0,128,1140.204833984375,5.974562168121338,8,final_hidden,2026-07-10T15:12:24.317889+00:00,nonpad_flattened,Qwen/Qwen2.5-0.5B
6272,128,0,64,main,wikitext,wikitext-2-raw-v1,validation,cuda,float32,128,qwen_dynamical_edge_normal_long,0be219064d7f2de285c4637dbbf99d87feb1bdfb,"[1, 128, 896]",inputs_embeds,paper_style_feedback_dynamics,Qwen/Qwen2.5-0.5B,0.0002710536355152726,direct,fixed_random,13.934416770935059,13.948232650756836,1.0,0,128,1140.4326171875,5.453820705413818,9,final_hidden,2026-07-10T15:12:24.317889+00:00,nonpad_flattened,Qwen/Qwen2.5-0.5B
6272,128,0,64,main,wikitext,wikitext-2-raw-v1,validation,cuda,float32,128,qwen_dynamical_edge_normal_long,0be219064d7f2de285c4637dbbf99d87feb1bdfb,"[1, 128, 896]",inputs_embeds,paper_style_feedback_dynamics,Qwen/Qwen2.5-0.5B,0.00026001216610893607,direct,fixed_random,13.925348281860352,13.934416770935059,1.0,0,128,1140.6409912109375,4.9788312911987305,10,final_hidden,2026-07-10T15:12:24.317889+00:00,nonpad_flattened,Qwen/Qwen2.5-0.5B
6272,128,0,64,main,wikitext,wikitext-2-raw-v1,validation,cuda,float32,128,qwen_dynamical_edge_normal_long,0be219064d7f2de285c4637dbbf99d87feb1bdfb,"[1, 128, 896]",inputs_embeds,paper_style_feedback_dynamics,Qwen/Qwen2.5-0.5B,0.00024345627753064036,direct,fixed_random,13.920154571533203,13.925348281860352,1.0,0,128,1140.8314208984375,4.5456085205078125,11,final_hidden,2026-07-10T15:12:24.317889+00:00,nonpad_flattened,Qwen/Qwen2.5-0.5B
6272,128,0,64,main,wikitext,wikitext-2-raw-v1,validation,cuda,float32,128,qwen_dynamical_edge_normal_long,0be219064d7f2de285c4637dbbf99d87feb1bdfb,"[1, 128, 896]",inputs_embeds,paper_style_feedback_dynamics,Qwen/Qwen2.5-0.5B,0.00022582946985494345,direct,fixed_random,13.918067932128906,13.920154571533203,1.0,0,128,1141.0045166015625,4.150269985198975,12,final_hidden,2026-07-10T15:12:24.317889+00:00,nonpad_flattened,Qwen/Qwen2.5-0.5B
6272,128,0,64,main,wikitext,wikitext-2-raw-v1,validation,cuda,float32,128,qwen_dynamical_edge_normal_long,0be219064d7f2de285c4637dbbf99d87feb1bdfb,"[1, 128, 896]",inputs_embeds,paper_style_feedback_dynamics,Qwen/Qwen2.5-0.5B,0.00023301552573684603,direct,fixed_random,13.918463706970215,13.918067932128906,1.0,0,128,1141.16162109375,3.7892420291900635,13,final_hidden,2026-07-10T15:12:24.317889+00:00,nonpad_flattened,Qwen/Qwen2.5-0.5B
6272,128,0,64,main,wikitext,wikitext-2-raw-v1,validation,cuda,float32,128,qwen_dynamical_edge_normal_long,0be219064d7f2de285c4637dbbf99d87feb1bdfb,"[1, 128, 896]",inputs_embeds,paper_style_feedback_dynamics,Qwen/Qwen2.5-0.5B,0.00020812444563489407,direct,fixed_random,13.920801162719727,13.918463706970215,1.0,0,128,1141.303466796875,3.4593350887298584,14,final_hidden,2026-07-10T15:12:24.317889+00:00,nonpad_flattened,Qwen/Qwen2.5-0.5B
6272,128,0,64,main,wikitext,wikitext-2-raw-v1,validation,cuda,float32,128,qwen_dynamical_edge_normal_long,0be219064d7f2de285c4637dbbf99d87feb1bdfb,"[1, 128, 896]",inputs_embeds,paper_style_feedback_dynamics,Qwen/Qwen2.5-0.5B,0.00018858586554415524,direct,fixed_random,13.924627304077148,13.920801162719727,1.0,0,128,1141.431396484375,3.1575868129730225,15,final_hidden,2026-07-10T15:12:24.317889+00:00,nonpad_flattened,Qwen/Qwen2.5-0.5B
6272,128,0,64,main,wikitext,wikitext-2-raw-v1,validation,cuda,float32,128,qwen_dynamical_edge_normal_long,0be219064d7f2de285c4637dbbf99d87feb1bdfb,"[1, 128, 896]",inputs_embeds,paper_style_feedback_dynamics,Qwen/Qwen2.5-0.5B,0.0001792345428839326,direct,fixed_random,13.929563522338867,13.924627304077148,1.0,0,128,1141.5458984375,2.8814544677734375,16,final_hidden,2026-07-10T15:12:24.317889+00:00,nonpad_flattened,Qwen/Qwen2.5-0.5B
6272,128,0,64,main,wikitext,wikitext-2-raw-v1,validation,cuda,float32,128,qwen_dynamical_edge_normal_long,0be219064d7f2de285c4637dbbf99d87feb1bdfb,"[1, 128, 896]",inputs_embeds,paper_style_feedback_dynamics,Qwen/Qwen2.5-0.5B,0.00017590173229109496,direct,fixed_random,13.935323715209961,13.929563522338867,1.0,0,128,1141.648193359375,2.628634452819824,17,final_hidden,2026-07-10T15:12:24.317889+00:00,nonpad_flattened,Qwen/Qwen2.5-0.5B
6272,128,0,64,main,wikitext,wikitext-2-raw-v1,validation,cuda,float32,128,qwen_dynamical_edge_normal_long,0be219064d7f2de285c4637dbbf99d87feb1bdfb,"[1, 128, 896]",inputs_embeds,paper_style_feedback_dynamics,Qwen/Qwen2.5-0.5B,0.00018221218488179147,direct,fixed_random,13.941646575927734,13.935323715209961,1.0,0,128,1141.7391357421875,2.397196054458618,18,final_hidden,2026-07-10T15:12:24.317889+00:00,nonpad_flattened,Qwen/Qwen2.5-0.5B
6272,128,0,64,main,wikitext,wikitext-2-raw-v1,validation,cuda,float32,128,qwen_dynamical_edge_normal_long,0be219064d7f2de285c4637dbbf99d87feb1bdfb,"[1, 128, 896]",inputs_embeds,paper_style_feedback_dynamics,Qwen/Qwen2.5-0.5B,0.0001722376182442531,direct,fixed_random,13.948343276977539,13.941646575927734,1.0,0,128,1141.819580078125,2.185253381729126,19,final_hidden,2026-07-10T15:12:24.317889+00:00,nonpad_flattened,Qwen/Qwen2.5-0.5B
6272,128,0,64,main,wikitext,wikitext-2-raw-v1,validation,cuda,float32,128,qwen_dynamical_edge_normal_long,0be219064d7f2de285c4637dbbf99d87feb1bdfb,"[1, 128, 896]",inputs_embeds,paper_style_feedback_dynamics,Qwen/Qwen2.5-0.5B,0.0001516323973191902,direct,fixed_random,13.955245971679688,13.948343276977539,1.0,0,128,1141.8907470703125,1.991269826889038,20,final_hidden,2026-07-10T15:12:24.317889+00:00,nonpad_flattened,Qwen/Qwen2.5-0.5B
6272,128,0,64,main,wikitext,wikitext-2-raw-v1,validation,cuda,float32,128,qwen_dynamical_edge_normal_long,0be219064d7f2de285c4637dbbf99d87feb1bdfb,"[1, 128, 896]",inputs_embeds,paper_style_feedback_dynamics,Qwen/Qwen2.5-0.5B,0.00017626267799641937,direct,fixed_random,13.962238311767578,13.955245971679688,1.0,0,128,1141.953125,1.813759446144104,21,final_hidden,2026-07-10T15:12:24.317889+00:00,nonpad_flattened,Qwen/Qwen2.5-0.5B
6272,128,0,64,main,wikitext,wikitext-2-raw-v1,validation,cuda,float32,128,qwen_dynamical_edge_normal_long,0be219064d7f2de285c4637dbbf99d87feb1bdfb,"[1, 128, 896]",inputs_embeds,paper_style_feedback_dynamics,Qwen/Qwen2.5-0.5B,0.0001693745143711567,direct,fixed_random,13.969217300415039,13.962238311767578,1.0,0,128,1142.0079345703125,1.6513780355453491,22,final_hidden,2026-07-10T15:12:24.317889+00:00,nonpad_flattened,Qwen/Qwen2.5-0.5B
6272,128,0,64,main,wikitext,wikitext-2-raw-v1,validation,cuda,float32,128,qwen_dynamical_edge_normal_long,0be219064d7f2de285c4637dbbf99d87feb1bdfb,"[1, 128, 896]",inputs_embeds,paper_style_feedback_dynamics,Qwen/Qwen2.5-0.5B,0.0001659906265558675,direct,fixed_random,13.976107597351074,13.969217300415039,1.0,0,128,1142.0556640625,1.5029503107070923,23,final_hidden,2026-07-10T15:12:24.317889+00:00,nonpad_flattened,Qwen/Qwen2.5-0.5B
6272,128,0,64,main,wikitext,wikitext-2-raw-v1,validation,cuda,float32,128,qwen_dynamical_edge_normal_long,0be219064d7f2de285c4637dbbf99d87feb1bdfb,"[1, 128, 896]",inputs_embeds,paper_style_feedback_dynamics,Qwen/Qwen2.5-0.5B,0.00014257238944992423,direct,fixed_random,13.982856750488281,13.976107597351074,1.0,0,128,1142.09716796875,1.367362141609192,24,final_hidden,2026-07-10T15:12:24.317889+00:00,nonpad_flattened,Qwen/Qwen2.5-0.5B
6272,128,0,64,main,wikitext,wikitext-2-raw-v1,validation,cuda,float32,128,qwen_dynamical_edge_normal_long,0be219064d7f2de285c4637dbbf99d87feb1bdfb,"[1, 128, 896]",inputs_embeds,paper_style_feedback_dynamics,Qwen/Qwen2.5-0.5B,0.0001508910208940506,direct,fixed_random,13.989418029785156,13.982856750488281,1.0,0,128,1142.133056640625,1.2436197996139526,25,final_hidden,2026-07-10T15:12:24.317889+00:00,nonpad_flattened,Qwen/Qwen2.5-0.5B
6272,128,0,64,main,wikitext,wikitext-2-raw-v1,validation,cuda,float32,128,qwen_dynamical_edge_normal_long,0be219064d7f2de285c4637dbbf99d87feb1bdfb,"[1, 128, 896]",inputs_embeds,paper_style_feedback_dynamics,Qwen/Qwen2.5-0.5B,0.00013532646698877215,direct,fixed_random,13.995750427246094,13.989418029785156,1.0,0,128,1142.1640625,1.130731463432312,26,final_hidden,2026-07-10T15:12:24.317889+00:00,nonpad_flattened,Qwen/Qwen2.5-0.5B
6272,128,0,64,main,wikitext,wikitext-2-raw-v1,validation,cuda,float32,128,qwen_dynamical_edge_normal_long,0be219064d7f2de285c4637dbbf99d87feb1bdfb,"[1, 128, 896]",inputs_embeds,paper_style_feedback_dynamics,Qwen/Qwen2.5-0.5B,0.00014211121015250683,direct,fixed_random,14.001848220825195,13.995750427246094,1.0,0,128,1142.190673828125,1.0278284549713135,27,final_hidden,2026-07-10T15:12:24.317889+00:00,nonpad_flattened,Qwen/Qwen2.5-0.5B
6272,128,0,64,main,wikitext,wikitext-2-raw-v1,validation,cuda,float32,128,qwen_dynamical_edge_normal_long,0be219064d7f2de285c4637dbbf99d87feb1bdfb,"[1, 128, 896]",inputs_embeds,paper_style_feedback_dynamics,Qwen/Qwen2.5-0.5B,0.00014405921683646739,direct,fixed_random,14.007680892944336,14.001848220825195,1.0,0,128,1142.2135009765625,0.9341235756874084,28,final_hidden,2026-07-10T15:12:24.317889+00:00,nonpad_flattened,Qwen/Qwen2.5-0.5B
6272,128,0,64,main,wikitext,wikitext-2-raw-v1,validation,cuda,float32,128,qwen_dynamical_edge_normal_long,0be219064d7f2de285c4637dbbf99d87feb1bdfb,"[1, 128, 896]",inputs_embeds,paper_style_feedback_dynamics,Qwen/Qwen2.5-0.5B,0.0001538373762741685,direct,fixed_random,14.013243675231934,14.007680892944336,1.0,0,128,1142.2327880859375,0.8488225936889648,29,final_hidden,2026-07-10T15:12:24.317889+00:00,nonpad_flattened,Qwen/Qwen2.5-0.5B
6272,128,0,64,main,wikitext,wikitext-2-raw-v1,validation,cuda,float32,128,qwen_dynamical_edge_normal_long,0be219064d7f2de285c4637dbbf99d87feb1bdfb,"[1, 128, 896]",inputs_embeds,paper_style_feedback_dynamics,Qwen/Qwen2.5-0.5B,0.0001512128219474107,direct,fixed_random,14.018539428710938,14.013243675231934,1.0,0,128,1142.249267578125,0.7712408900260925,30,final_hidden,2026-07-10T15:12:24.317889+00:00,nonpad_flattened,Qwen/Qwen2.5-0.5B
6272,128,0,64,main,wikitext,wikitext-2-raw-v1,validation,cuda,float32,128,qwen_dynamical_edge_normal_long,0be219064d7f2de285c4637dbbf99d87feb1bdfb,"[1, 128, 896]",inputs_embeds,paper_style_feedback_dynamics,Qwen/Qwen2.5-0.5B,0.0001394315913785249,direct,fixed_random,14.023563385009766,14.018539428710938,1.0,0,128,1142.2630615234375,0.7007368206977844,31,final_hidden,2026-07-10T15:12:24.317889+00:00,nonpad_flattened,Qwen/Qwen2.5-0.5B
6272,128,0,64,main,wikitext,wikitext-2-raw-v1,validation,cuda,float32,128,qwen_dynamical_edge_normal_long,0be219064d7f2de285c4637dbbf99d87feb1bdfb,"[1, 128, 896]",inputs_embeds,paper_style_feedback_dynamics,Qwen/Qwen2.5-0.5B,0.00014317184104584157,direct,fixed_random,14.028324127197266,14.023563385009766,1.0,0,128,1142.274658203125,0.6366657018661499,32,final_hidden,2026-07-10T15:12:24.317889+00:00,nonpad_flattened,Qwen/Qwen2.5-0.5B
6272,128,0,64,main,wikitext,wikitext-2-raw-v1,validation,cuda,float32,128,qwen_dynamical_edge_normal_long,0be219064d7f2de285c4637dbbf99d87feb1bdfb,"[1, 128, 896]",inputs_embeds,paper_style_feedback_dynamics,Qwen/Qwen2.5-0.5B,0.00015340716345235705,direct,fixed_random,14.03281021118164,14.028324127197266,1.0,0,128,1142.2845458984375,0.5785099267959595,33,final_hidden,2026-07-10T15:12:24.317889+00:00,nonpad_flattened,Qwen/Qwen2.5-0.5B
6272,128,0,64,main,wikitext,wikitext-2-raw-v1,validation,cuda,float32,128,qwen_dynamical_edge_normal_long,0be219064d7f2de285c4637dbbf99d87feb1bdfb,"[1, 128, 896]",inputs_embeds,paper_style_feedback_dynamics,Qwen/Qwen2.5-0.5B,0.00014957266103010625,direct,fixed_random,14.037039756774902,14.03281021118164,1.0,0,128,1142.2926025390625,0.5257248878479004,34,final_hidden,2026-07-10T15:12:24.317889+00:00,nonpad_flattened,Qwen/Qwen2.5-0.5B
6272,128,0,64,main,wikitext,wikitext-2-raw-v1,validation,cuda,float32,128,qwen_dynamical_edge_normal_long,0be219064d7f2de285c4637dbbf99d87feb1bdfb,"[1, 128, 896]",inputs_embeds,paper_style_feedback_dynamics,Qwen/Qwen2.5-0.5B,0.00015127200458664447,direct,fixed_random,14.041029930114746,14.037039756774902,1.0,0,128,1142.2991943359375,0.4778357744216919,35,final_hidden,2026-07-10T15:12:24.317889+00:00,nonpad_flattened,Qwen/Qwen2.5-0.5B
6272,128,0,64,main,wikitext,wikitext-2-raw-v1,validation,cuda,float32,128,qwen_dynamical_edge_normal_long,0be219064d7f2de285c4637dbbf99d87feb1bdfb,"[1, 128, 896]",inputs_embeds,paper_style_feedback_dynamics,Qwen/Qwen2.5-0.5B,0.00015611154958605766,direct,fixed_random,14.044771194458008,14.041029930114746,1.0,0,128,1142.3046875,0.4344047009944916,36,final_hidden,2026-07-10T15:12:24.317889+00:00,nonpad_flattened,Qwen/Qwen2.5-0.5B
6272,128,0,64,main,wikitext,wikitext-2-raw-v1,validation,cuda,float32,128,qwen_dynamical_edge_normal_long,0be219064d7f2de285c4637dbbf99d87feb1bdfb,"[1, 128, 896]",inputs_embeds,paper_style_feedback_dynamics,Qwen/Qwen2.5-0.5B,0.00018117214494850487,direct,fixed_random,14.048284530639648,14.044771194458008,1.0,0,128,1142.30908203125,0.3950357139110565,37,final_hidden,2026-07-10T15:12:24.317889+00:00,nonpad_flattened,Qwen/Qwen2.5-0.5B
6272,128,0,64,main,wikitext,wikitext-2-raw-v1,validation,cuda,float32,128,qwen_dynamical_edge_normal_long,0be219064d7f2de285c4637dbbf99d87feb1bdfb,"[1, 128, 896]",inputs_embeds,paper_style_feedback_dynamics,Qwen/Qwen2.5-0.5B,0.00015740084927529097,direct,fixed_random,14.051576614379883,14.048284530639648,1.0,0,128,1142.3126220703125,0.35933157801628113,38,final_hidden,2026-07-10T15:12:24.317889+00:00,nonpad_flattened,Qwen/Qwen2.5-0.5B
6272,128,0,64,main,wikitext,wikitext-2-raw-v1,validation,cuda,float32,128,qwen_dynamical_edge_normal_long,0be219064d7f2de285c4637dbbf99d87feb1bdfb,"[1, 128, 896]",inputs_embeds,paper_style_feedback_dynamics,Qwen/Qwen2.5-0.5B,0.00015744786651339382,direct,fixed_random,14.054655075073242,14.051576614379883,1.0,0,128,1142.3153076171875,0.32696688175201416,39,final_hidden,2026-07-10T15:12:24.317889+00:00,nonpad_flattened,Qwen/Qwen2.5-0.5B
6272,128,0,64,main,wikitext,wikitext-2-raw-v1,validation,cuda,float32,128,qwen_dynamical_edge_normal_long,0be219064d7f2de285c4637dbbf99d87feb1bdfb,"[1, 128, 896]",inputs_embeds,paper_style_feedback_dynamics,Qwen/Qwen2.5-0.5B,0.0001583829871378839,direct,fixed_random,14.057538986206055,14.054655075073242,1.0,0,128,1142.3175048828125,0.2976330816745758,40,final_hidden,2026-07-10T15:12:24.317889+00:00,nonpad_flattened,Qwen/Qwen2.5-0.5B
6272,128,0,64,main,wikitext,wikitext-2-raw-v1,validation,cuda,float32,128,qwen_dynamical_edge_normal_long,0be219064d7f2de285c4637dbbf99d87feb1bdfb,"[1, 128, 896]",inputs_embeds,paper_style_feedback_dynamics,Qwen/Qwen2.5-0.5B,0.0001555364578962326,direct,fixed_random,14.060223579406738,14.057538986206055,1.0,0,128,1142.3192138671875,0.2710493206977844,41,final_hidden,2026-07-10T15:12:24.317889+00:00,nonpad_flattened,Qwen/Qwen2.5-0.5B
6272,128,0,64,main,wikitext,wikitext-2-raw-v1,validation,cuda,float32,128,qwen_dynamical_edge_normal_long,0be219064d7f2de285c4637dbbf99d87feb1bdfb,"[1, 128, 896]",inputs_embeds,paper_style_feedback_dynamics,Qwen/Qwen2.5-0.5B,0.00014414086763281375,direct,fixed_random,14.062732696533203,14.060223579406738,1.0,0,128,1142.3203125,0.246932253241539,42,final_hidden,2026-07-10T15:12:24.317889+00:00,nonpad_flattened,Qwen/Qwen2.5-0.5B
6272,128,0,64,main,wikitext,wikitext-2-raw-v1,validation,cuda,float32,128,qwen_dynamical_edge_normal_long,0be219064d7f2de285c4637dbbf99d87feb1bdfb,"[1, 128, 896]",inputs_embeds,paper_style_feedback_dynamics,Qwen/Qwen2.5-0.5B,0.000143715413287282,direct,fixed_random,14.065069198608398,14.062732696533203,1.0,0,128,1142.3211669921875,0.2250666469335556,43,final_hidden,2026-07-10T15:12:24.317889+00:00,nonpad_flattened,Qwen/Qwen2.5-0.5B
6272,128,0,64,main,wikitext,wikitext-2-raw-v1,validation,cuda,float32,128,qwen_dynamical_edge_normal_long,0be219064d7f2de285c4637dbbf99d87feb1bdfb,"[1, 128, 896]",inputs_embeds,paper_style_feedback_dynamics,Qwen/Qwen2.5-0.5B,0.00013515072350855917,direct,fixed_random,14.067249298095703,14.065069198608398,1.0,0,128,1142.32177734375,0.20524723827838898,44,final_hidden,2026-07-10T15:12:24.317889+00:00,nonpad_flattened,Qwen/Qwen2.5-0.5B
6272,128,0,64,main,wikitext,wikitext-2-raw-v1,validation,cuda,float32,128,qwen_dynamical_edge_normal_long,0be219064d7f2de285c4637dbbf99d87feb1bdfb,"[1, 128, 896]",inputs_embeds,paper_style_feedback_dynamics,Qwen/Qwen2.5-0.5B,0.00013268354814499617,direct,fixed_random,14.069278717041016,14.067249298095703,1.0,0,128,1142.322021484375,0.18723765015602112,45,final_hidden,2026-07-10T15:12:24.317889+00:00,nonpad_flattened,Qwen/Qwen2.5-0.5B
6272,128,0,64,main,wikitext,wikitext-2-raw-v1,validation,cuda,float32,128,qwen_dynamical_edge_normal_long,0be219064d7f2de285c4637dbbf99d87feb1bdfb,"[1, 128, 896]",inputs_embeds,paper_style_feedback_dynamics,Qwen/Qwen2.5-0.5B,0.00012004244490526617,direct,fixed_random,14.071170806884766,14.069278717041016,1.0,0,128,1142.322265625,0.17091241478919983,46,final_hidden,2026-07-10T15:12:24.317889+00:00,nonpad_flattened,Qwen/Qwen2.5-0.5B
6272,128,0,64,main,wikitext,wikitext-2-raw-v1,validation,cuda,float32,128,qwen_dynamical_edge_normal_long,0be219064d7f2de285c4637dbbf99d87feb1bdfb,"[1, 128, 896]",inputs_embeds,paper_style_feedback_dynamics,Qwen/Qwen2.5-0.5B,0.00013691815547645092,direct,fixed_random,14.07292366027832,14.071170806884766,1.0,0,128,1142.3221435546875,0.15608510375022888,47,final_hidden,2026-07-10T15:12:24.317889+00:00,nonpad_flattened,Qwen/Qwen2.5-0.5B
6272,128,0,64,main,wikitext,wikitext-2-raw-v1,validation,cuda,float32,128,qwen_dynamical_edge_normal_long,0be219064d7f2de285c4637dbbf99d87feb1bdfb,"[1, 128, 896]",inputs_embeds,paper_style_feedback_dynamics,Qwen/Qwen2.5-0.5B,0.0001280325377592817,direct,fixed_random,14.074549674987793,14.07292366027832,1.0,0,128,1142.322021484375,0.14263029396533966,48,final_hidden,2026-07-10T15:12:24.317889+00:00,nonpad_flattened,Qwen/Qwen2.5-0.5B
6272,128,0,64,main,wikitext,wikitext-2-raw-v1,validation,cuda,float32,128,qwen_dynamical_edge_normal_long,0be219064d7f2de285c4637dbbf99d87feb1bdfb,"[1, 128, 896]",inputs_embeds,paper_style_feedback_dynamics,Qwen/Qwen2.5-0.5B,0.0001658865949138999,direct,fixed_random,14.07606029510498,14.074549674987793,1.0,0,128,1142.32177734375,0.13038194179534912,49,final_hidden,2026-07-10T15:12:24.317889+00:00,nonpad_flattened,Qwen/Qwen2.5-0.5B
6272,128,0,64,main,wikitext,wikitext-2-raw-v1,validation,cuda,float32,128,qwen_dynamical_edge_normal_long,0be219064d7f2de285c4637dbbf99d87feb1bdfb,"[1, 128, 896]",inputs_embeds,paper_style_feedback_dynamics,Qwen/Qwen2.5-0.5B,0.00014431271119974554,direct,fixed_random,14.077470779418945,14.07606029510498,1.0,0,128,1142.321533203125,0.1192341223359108,50,final_hidden,2026-07-10T15:12:24.317889+00:00,nonpad_flattened,Qwen/Qwen2.5-0.5B
6272,128,0,64,main,wikitext,wikitext-2-raw-v1,validation,cuda,float32,128,qwen_dynamical_edge_normal_long,0be219064d7f2de285c4637dbbf99d87feb1bdfb,"[1, 128, 896]",inputs_embeds,paper_style_feedback_dynamics,Qwen/Qwen2.5-0.5B,0.0001395686122123152,direct,fixed_random,14.078763961791992,14.077470779418945,1.0,0,128,1142.3211669921875,0.10912369191646576,51,final_hidden,2026-07-10T15:12:24.317889+00:00,nonpad_flattened,Qwen/Qwen2.5-0.5B
6272,128,0,64,main,wikitext,wikitext-2-raw-v1,validation,cuda,float32,128,qwen_dynamical_edge_normal_long,0be219064d7f2de285c4637dbbf99d87feb1bdfb,"[1, 128, 896]",inputs_embeds,paper_style_feedback_dynamics,Qwen/Qwen2.5-0.5B,0.00016614048217888921,direct,fixed_random,14.079972267150879,14.078763961791992,1.0,0,128,1142.32080078125,0.09988203644752502,52,final_hidden,2026-07-10T15:12:24.317889+00:00,nonpad_flattened,Qwen/Qwen2.5-0.5B
6272,128,0,64,main,wikitext,wikitext-2-raw-v1,validation,cuda,float32,128,qwen_dynamical_edge_normal_long,0be219064d7f2de285c4637dbbf99d87feb1bdfb,"[1, 128, 896]",inputs_embeds,paper_style_feedback_dynamics,Qwen/Qwen2.5-0.5B,0.00012811186024919152,direct,fixed_random,14.081085205078125,14.079972267150879,1.0,0,128,1142.3203125,0.09147073328495026,53,final_hidden,2026-07-10T15:12:24.317889+00:00,nonpad_flattened,Qwen/Qwen2.5-0.5B
6272,128,0,64,main,wikitext,wikitext-2-raw-v1,validation,cuda,float32,128,qwen_dynamical_edge_normal_long,0be219064d7f2de285c4637dbbf99d87feb1bdfb,"[1, 128, 896]",inputs_embeds,paper_style_feedback_dynamics,Qwen/Qwen2.5-0.5B,0.00013166121789254248,direct,fixed_random,14.082124710083008,14.081085205078125,1.0,0,128,1142.320068359375,0.0838048905134201,54,final_hidden,2026-07-10T15:12:24.317889+00:00,nonpad_flattened,Qwen/Qwen2.5-0.5B
6272,128,0,64,main,wikitext,wikitext-2-raw-v1,validation,cuda,float32,128,qwen_dynamical_edge_normal_long,0be219064d7f2de285c4637dbbf99d87feb1bdfb,"[1, 128, 896]",inputs_embeds,paper_style_feedback_dynamics,Qwen/Qwen2.5-0.5B,0.00013827082875650376,direct,fixed_random,14.083083152770996,14.082124710083008,1.0,0,128,1142.3194580078125,0.07681160420179367,55,final_hidden,2026-07-10T15:12:24.317889+00:00,nonpad_flattened,Qwen/Qwen2.5-0.5B
6272,128,0,64,main,wikitext,wikitext-2-raw-v1,validation,cuda,float32,128,qwen_dynamical_edge_normal_long,0be219064d7f2de285c4637dbbf99d87feb1bdfb,"[1, 128, 896]",inputs_embeds,paper_style_feedback_dynamics,Qwen/Qwen2.5-0.5B,0.00013342595775611699,direct,fixed_random,14.083967208862305,14.083083152770996,1.0,0,128,1142.319091796875,0.0704350695014,56,final_hidden,2026-07-10T15:12:24.317889+00:00,nonpad_flattened,Qwen/Qwen2.5-0.5B
6272,128,0,64,main,wikitext,wikitext-2-raw-v1,validation,cuda,float32,128,qwen_dynamical_edge_normal_long,0be219064d7f2de285c4637dbbf99d87feb1bdfb,"[1, 128, 896]",inputs_embeds,paper_style_feedback_dynamics,Qwen/Qwen2.5-0.5B,0.00013800247688777745,direct,fixed_random,14.084785461425781,14.083967208862305,1.0,0,128,1142.3187255859375,0.06461735814809799,57,final_hidden,2026-07-10T15:12:24.317889+00:00,nonpad_flattened,Qwen/Qwen2.5-0.5B
6272,128,0,64,main,wikitext,wikitext-2-raw-v1,validation,cuda,float32,128,qwen_dynamical_edge_normal_long,0be219064d7f2de285c4637dbbf99d87feb1bdfb,"[1, 128, 896]",inputs_embeds,paper_style_feedback_dynamics,Qwen/Qwen2.5-0.5B,0.00012762879487127066,direct,fixed_random,14.08554458618164,14.084785461425781,1.0,0,128,1142.318359375,0.05930497124791145,58,final_hidden,2026-07-10T15:12:24.317889+00:00,nonpad_flattened,Qwen/Qwen2.5-0.5B
6272,128,0,64,main,wikitext,wikitext-2-raw-v1,validation,cuda,float32,128,qwen_dynamical_edge_normal_long,0be219064d7f2de285c4637dbbf99d87feb1bdfb,"[1, 128, 896]",inputs_embeds,paper_style_feedback_dynamics,Qwen/Qwen2.5-0.5B,0.0001262145524378866,direct,fixed_random,14.086250305175781,14.08554458618164,1.0,0,128,1142.31787109375,0.054436370730400085,59,final_hidden,2026-07-10T15:12:24.317889+00:00,nonpad_flattened,Qwen/Qwen2.5-0.5B
6272,128,0,64,main,wikitext,wikitext-2-raw-v1,validation,cuda,float32,128,qwen_dynamical_edge_normal_long,0be219064d7f2de285c4637dbbf99d87feb1bdfb,"[1, 128, 896]",inputs_embeds,paper_style_feedback_dynamics,Qwen/Qwen2.5-0.5B,0.00013231983757577837,direct,fixed_random,14.086894989013672,14.086250305175781,1.0,0,128,1142.317626953125,0.04997961223125458,60,final_hidden,2026-07-10T15:12:24.317889+00:00,nonpad_flattened,Qwen/Qwen2.5-0.5B
6272,128,0,64,main,wikitext,wikitext-2-raw-v1,validation,cuda,float32,128,qwen_dynamical_edge_normal_long,0be219064d7f2de285c4637dbbf99d87feb1bdfb,"[1, 128, 896]",inputs_embeds,paper_style_feedback_dynamics,Qwen/Qwen2.5-0.5B,0.0001236371317645535,direct,fixed_random,14.087493896484375,14.086894989013672,1.0,0,128,1142.3172607421875,0.04591026529669762,61,final_hidden,2026-07-10T15:12:24.317889+00:00,nonpad_flattened,Qwen/Qwen2.5-0.5B
6272,128,0,64,main,wikitext,wikitext-2-raw-v1,validation,cuda,float32,128,qwen_dynamical_edge_normal_long,0be219064d7f2de285c4637dbbf99d87feb1bdfb,"[1, 128, 896]",inputs_embeds,paper_style_feedback_dynamics,Qwen/Qwen2.5-0.5B,0.0001310618972638622,direct,fixed_random,14.088048934936523,14.087493896484375,1.0,0,128,1142.31689453125,0.04218306019902229,62,final_hidden,2026-07-10T15:12:24.317889+00:00,nonpad_flattened,Qwen/Qwen2.5-0.5B
6272,128,0,64,main,wikitext,wikitext-2-raw-v1,validation,cuda,float32,128,qwen_dynamical_edge_normal_long,0be219064d7f2de285c4637dbbf99d87feb1bdfb,"[1, 128, 896]",inputs_embeds,paper_style_feedback_dynamics,Qwen/Qwen2.5-0.5B,0.00011318708129692823,direct,fixed_random,14.088561058044434,14.088048934936523,1.0,0,128,1142.316650390625,0.038758013397455215,63,final_hidden,2026-07-10T15:12:24.317889+00:00,nonpad_flattened,Qwen/Qwen2.5-0.5B
6272,128,0,64,main,wikitext,wikitext-2-raw-v1,validation,cuda,float32,128,qwen_dynamical_edge_normal_long,0be219064d7f2de285c4637dbbf99d87feb1bdfb,"[1, 128, 896]",inputs_embeds,paper_style_feedback_dynamics,Qwen/Qwen2.5-0.5B,0.00013415988360065967,direct,fixed_random,14.089033126831055,14.088561058044434,1.0,0,128,1142.3162841796875,0.035620369017124176,64,final_hidden,2026-07-10T15:12:24.317889+00:00,nonpad_flattened,Qwen/Qwen2.5-0.5B
6272,128,0,64,main,wikitext,wikitext-2-raw-v1,validation,cuda,float32,128,qwen_dynamical_edge_normal_long,0be219064d7f2de285c4637dbbf99d87feb1bdfb,"[1, 128, 896]",inputs_embeds,paper_style_feedback_dynamics,Qwen/Qwen2.5-0.5B,0.0001413187274010852,direct,fixed_random,14.089466094970703,14.089033126831055,1.0,0,128,1142.3160400390625,0.032751645892858505,65,final_hidden,2026-07-10T15:12:24.317889+00:00,nonpad_flattened,Qwen/Qwen2.5-0.5B
6272,128,0,64,main,wikitext,wikitext-2-raw-v1,validation,cuda,float32,128,qwen_dynamical_edge_normal_long,0be219064d7f2de285c4637dbbf99d87feb1bdfb,"[1, 128, 896]",inputs_embeds,paper_style_feedback_dynamics,Qwen/Qwen2.5-0.5B,0.00013878487516194582,direct,fixed_random,14.089868545532227,14.089466094970703,1.0,0,128,1142.3157958984375,0.030128981918096542,66,final_hidden,2026-07-10T15:12:24.317889+00:00,nonpad_flattened,Qwen/Qwen2.5-0.5B
6272,128,0,64,main,wikitext,wikitext-2-raw-v1,validation,cuda,float32,128,qwen_dynamical_edge_normal_long,0be219064d7f2de285c4637dbbf99d87feb1bdfb,"[1, 128, 896]",inputs_embeds,paper_style_feedback_dynamics,Qwen/Qwen2.5-0.5B,0.00017715920694172382,direct,fixed_random,14.090240478515625,14.089868545532227,1.0,0,128,1142.3155517578125,0.027704106643795967,67,final_hidden,2026-07-10T15:12:24.317889+00:00,nonpad_flattened,Qwen/Qwen2.5-0.5B
6272,128,0,64,main,wikitext,wikitext-2-raw-v1,validation,cuda,float32,128,qwen_dynamical_edge_normal_long,0be219064d7f2de285c4637dbbf99d87feb1bdfb,"[1, 128, 896]",inputs_embeds,paper_style_feedback_dynamics,Qwen/Qwen2.5-0.5B,0.0001614750362932682,direct,fixed_random,14.090579986572266,14.090240478515625,1.0,0,128,1142.3154296875,0.025492392480373383,68,final_hidden,2026-07-10T15:12:24.317889+00:00,nonpad_flattened,Qwen/Qwen2.5-0.5B
6272,128,0,64,main,wikitext,wikitext-2-raw-v1,validation,cuda,float32,128,qwen_dynamical_edge_normal_long,0be219064d7f2de285c4637dbbf99d87feb1bdfb,"[1, 128, 896]",inputs_embeds,paper_style_feedback_dynamics,Qwen/Qwen2.5-0.5B,0.00016484303341712803,direct,fixed_random,14.090896606445312,14.090579986572266,1.0,0,128,1142.3153076171875,0.023468540981411934,69,final_hidden,2026-07-10T15:12:24.317889+00:00,nonpad_flattened,Qwen/Qwen2.5-0.5B
6272,128,0,64,main,wikitext,wikitext-2-raw-v1,validation,cuda,float32,128,qwen_dynamical_edge_normal_long,0be219064d7f2de285c4637dbbf99d87feb1bdfb,"[1, 128, 896]",inputs_embeds,paper_style_feedback_dynamics,Qwen/Qwen2.5-0.5B,0.00015263035311363637,direct,fixed_random,14.091192245483398,14.090896606445312,1.0,0,128,1142.3150634765625,0.021578866988420486,70,final_hidden,2026-07-10T15:12:24.317889+00:00,nonpad_flattened,Qwen/Qwen2.5-0.5B
6272,128,0,64,main,wikitext,wikitext-2-raw-v1,validation,cuda,float32,128,qwen_dynamical_edge_normal_long,0be219064d7f2de285c4637dbbf99d87feb1bdfb,"[1, 128, 896]",inputs_embeds,paper_style_feedback_dynamics,Qwen/Qwen2.5-0.5B,0.00015047294436953962,direct,fixed_random,14.091455459594727,14.091192245483398,1.0,0,128,1142.31494140625,0.01986861787736416,71,final_hidden,2026-07-10T15:12:24.317889+00:00,nonpad_flattened,Qwen/Qwen2.5-0.5B
6272,128,0,64,main,wikitext,wikitext-2-raw-v1,validation,cuda,float32,128,qwen_dynamical_edge_normal_long,0be219064d7f2de285c4637dbbf99d87feb1bdfb,"[1, 128, 896]",inputs_embeds,paper_style_feedback_dynamics,Qwen/Qwen2.5-0.5B,0.00016952365695033222,direct,fixed_random,14.09170913696289,14.091455459594727,1.0,0,128,1142.314697265625,0.01830238662660122,72,final_hidden,2026-07-10T15:12:24.317889+00:00,nonpad_flattened,Qwen/Qwen2.5-0.5B
6272,128,0,64,main,wikitext,wikitext-2-raw-v1,validation,cuda,float32,128,qwen_dynamical_edge_normal_long,0be219064d7f2de285c4637dbbf99d87feb1bdfb,"[1, 128, 896]",inputs_embeds,paper_style_feedback_dynamics,Qwen/Qwen2.5-0.5B,0.00013338419375941157,direct,fixed_random,14.091935157775879,14.09170913696289,1.0,0,128,1142.314697265625,0.016853874549269676,73,final_hidden,2026-07-10T15:12:24.317889+00:00,nonpad_flattened,Qwen/Qwen2.5-0.5B
6272,128,0,64,main,wikitext,wikitext-2-raw-v1,validation,cuda,float32,128,qwen_dynamical_edge_normal_long,0be219064d7f2de285c4637dbbf99d87feb1bdfb,"[1, 128, 896]",inputs_embeds,paper_style_feedback_dynamics,Qwen/Qwen2.5-0.5B,0.000125753678730689,direct,fixed_random,14.092144012451172,14.091935157775879,1.0,0,128,1142.314697265625,0.01550158578902483,74,final_hidden,2026-07-10T15:12:24.317889+00:00,nonpad_flattened,Qwen/Qwen2.5-0.5B
6272,128,0,64,main,wikitext,wikitext-2-raw-v1,validation,cuda,float32,128,qwen_dynamical_edge_normal_long,0be219064d7f2de285c4637dbbf99d87feb1bdfb,"[1, 128, 896]",inputs_embeds,paper_style_feedback_dynamics,Qwen/Qwen2.5-0.5B,0.00013677672541234642,direct,fixed_random,14.092338562011719,14.092144012451172,1.0,0,128,1142.314453125,0.014292581006884575,75,final_hidden,2026-07-10T15:12:24.317889+00:00,nonpad_flattened,Qwen/Qwen2.5-0.5B
6272,128,0,64,main,wikitext,wikitext-2-raw-v1,validation,cuda,float32,128,qwen_dynamical_edge_normal_long,0be219064d7f2de285c4637dbbf99d87feb1bdfb,"[1, 128, 896]",inputs_embeds,paper_style_feedback_dynamics,Qwen/Qwen2.5-0.5B,0.0001652418723097071,direct,fixed_random,14.092517852783203,14.092338562011719,1.0,0,128,1142.3143310546875,0.013156428933143616,76,final_hidden,2026-07-10T15:12:24.317889+00:00,nonpad_flattened,Qwen/Qwen2.5-0.5B
6272,128,0,64,main,wikitext,wikitext-2-raw-v1,validation,cuda,float32,128,qwen_dynamical_edge_normal_long,0be219064d7f2de285c4637dbbf99d87feb1bdfb,"[1, 128, 896]",inputs_embeds,paper_style_feedback_dynamics,Qwen/Qwen2.5-0.5B,0.00016754289390519261,direct,fixed_random,14.092683792114258,14.092517852783203,1.0,0,128,1142.314208984375,0.01211270410567522,77,final_hidden,2026-07-10T15:12:24.317889+00:00,nonpad_flattened,Qwen/Qwen2.5-0.5B
6272,128,0,64,main,wikitext,wikitext-2-raw-v1,validation,cuda,float32,128,qwen_dynamical_edge_normal_long,0be219064d7f2de285c4637dbbf99d87feb1bdfb,"[1, 128, 896]",inputs_embeds,paper_style_feedback_dynamics,Qwen/Qwen2.5-0.5B,0.00014679752348456532,direct,fixed_random,14.092836380004883,14.092683792114258,1.0,0,128,1142.314208984375,0.01114076841622591,78,final_hidden,2026-07-10T15:12:24.317889+00:00,nonpad_flattened,Qwen/Qwen2.5-0.5B
6272,128,0,64,main,wikitext,wikitext-2-raw-v1,validation,cuda,float32,128,qwen_dynamical_edge_normal_long,0be219064d7f2de285c4637dbbf99d87feb1bdfb,"[1, 128, 896]",inputs_embeds,paper_style_feedback_dynamics,Qwen/Qwen2.5-0.5B,0.00015762701514177024,direct,fixed_random,14.092971801757812,14.092836380004883,1.0,0,128,1142.3140869140625,0.01028235163539648,79,final_hidden,2026-07-10T15:12:24.317889+00:00,nonpad_flattened,Qwen/Qwen2.5-0.5B
6272,128,0,64,main,wikitext,wikitext-2-raw-v1,validation,cuda,float32,128,qwen_dynamical_edge_normal_long,0be219064d7f2de285c4637dbbf99d87feb1bdfb,"[1, 128, 896]",inputs_embeds,paper_style_feedback_dynamics,Qwen/Qwen2.5-0.5B,0.00017029258015099913,direct,fixed_random,14.093107223510742,14.092971801757812,1.0,0,128,1142.31396484375,0.009468428790569305,80,final_hidden,2026-07-10T15:12:24.317889+00:00,nonpad_flattened,Qwen/Qwen2.5-0.5B
6272,128,0,64,main,wikitext,wikitext-2-raw-v1,validation,cuda,float32,128,qwen_dynamical_edge_normal_long,0be219064d7f2de285c4637dbbf99d87feb1bdfb,"[1, 128, 896]",inputs_embeds,paper_style_feedback_dynamics,Qwen/Qwen2.5-0.5B,0.00014870402810629457,direct,fixed_random,14.09322738647461,14.093107223510742,1.0,0,128,1142.31396484375,0.008723573759198189,81,final_hidden,2026-07-10T15:12:24.317889+00:00,nonpad_flattened,Qwen/Qwen2.5-0.5B
6272,128,0,64,main,wikitext,wikitext-2-raw-v1,validation,cuda,float32,128,qwen_dynamical_edge_normal_long,0be219064d7f2de285c4637dbbf99d87feb1bdfb,"[1, 128, 896]",inputs_embeds,paper_style_feedback_dynamics,Qwen/Qwen2.5-0.5B,0.00013065796520095319,direct,fixed_random,14.093338012695312,14.09322738647461,1.0,0,128,1142.3138427734375,0.008031384088099003,82,final_hidden,2026-07-10T15:12:24.317889+00:00,nonpad_flattened,Qwen/Qwen2.5-0.5B
6272,128,0,64,main,wikitext,wikitext-2-raw-v1,validation,cuda,float32,128,qwen_dynamical_edge_normal_long,0be219064d7f2de285c4637dbbf99d87feb1bdfb,"[1, 128, 896]",inputs_embeds,paper_style_feedback_dynamics,Qwen/Qwen2.5-0.5B,0.00013637500524055213,direct,fixed_random,14.093436241149902,14.093338012695312,1.0,0,128,1142.313720703125,0.0074042342603206635,83,final_hidden,2026-07-10T15:12:24.317889+00:00,nonpad_flattened,Qwen/Qwen2.5-0.5B
6272,128,0,64,main,wikitext,wikitext-2-raw-v1,validation,cuda,float32,128,qwen_dynamical_edge_normal_long,0be219064d7f2de285c4637dbbf99d87feb1bdfb,"[1, 128, 896]",inputs_embeds,paper_style_feedback_dynamics,Qwen/Qwen2.5-0.5B,0.00012568097736220807,direct,fixed_random,14.093528747558594,14.093436241149902,1.0,0,128,1142.3138427734375,0.006828641518950462,84,final_hidden,2026-07-10T15:12:24.317889+00:00,nonpad_flattened,Qwen/Qwen2.5-0.5B
6272,128,0,64,main,wikitext,wikitext-2-raw-v1,validation,cuda,float32,128,qwen_dynamical_edge_normal_long,0be219064d7f2de285c4637dbbf99d87feb1bdfb,"[1, 128, 896]",inputs_embeds,paper_style_feedback_dynamics,Qwen/Qwen2.5-0.5B,0.00012937290011905134,direct,fixed_random,14.093611717224121,14.093528747558594,1.0,0,128,1142.313720703125,0.006274607963860035,85,final_hidden,2026-07-10T15:12:24.317889+00:00,nonpad_flattened,Qwen/Qwen2.5-0.5B
6272,128,0,64,main,wikitext,wikitext-2-raw-v1,validation,cuda,float32,128,qwen_dynamical_edge_normal_long,0be219064d7f2de285c4637dbbf99d87feb1bdfb,"[1, 128, 896]",inputs_embeds,paper_style_feedback_dynamics,Qwen/Qwen2.5-0.5B,0.00012681960652116686,direct,fixed_random,14.093689918518066,14.093611717224121,1.0,0,128,1142.3138427734375,0.005798088386654854,86,final_hidden,2026-07-10T15:12:24.317889+00:00,nonpad_flattened,Qwen/Qwen2.5-0.5B
6272,128,0,64,main,wikitext,wikitext-2-raw-v1,validation,cuda,float32,128,qwen_dynamical_edge_normal_long,0be219064d7f2de285c4637dbbf99d87feb1bdfb,"[1, 128, 896]",inputs_embeds,paper_style_feedback_dynamics,Qwen/Qwen2.5-0.5B,0.00013192842015996575,direct,fixed_random,14.093761444091797,14.093689918518066,1.0,0,128,1142.313720703125,0.005354052409529686,87,final_hidden,2026-07-10T15:12:24.317889+00:00,nonpad_flattened,Qwen/Qwen2.5-0.5B
6272,128,0,64,main,wikitext,wikitext-2-raw-v1,validation,cuda,float32,128,qwen_dynamical_edge_normal_long,0be219064d7f2de285c4637dbbf99d87feb1bdfb,"[1, 128, 896]",inputs_embeds,paper_style_feedback_dynamics,Qwen/Qwen2.5-0.5B,0.0001564956910442561,direct,fixed_random,14.093835830688477,14.093761444091797,1.0,0,128,1142.3138427734375,0.004933308809995651,88,final_hidden,2026-07-10T15:12:24.317889+00:00,nonpad_flattened,Qwen/Qwen2.5-0.5B
6272,128,0,64,main,wikitext,wikitext-2-raw-v1,validation,cuda,float32,128,qwen_dynamical_edge_normal_long,0be219064d7f2de285c4637dbbf99d87feb1bdfb,"[1, 128, 896]",inputs_embeds,paper_style_feedback_dynamics,Qwen/Qwen2.5-0.5B,0.00015308587171602994,direct,fixed_random,14.093900680541992,14.093835830688477,1.0,0,128,1142.3138427734375,0.0045528714545071125,89,final_hidden,2026-07-10T15:12:24.317889+00:00,nonpad_flattened,Qwen/Qwen2.5-0.5B
6272,128,0,64,main,wikitext,wikitext-2-raw-v1,validation,cuda,float32,128,qwen_dynamical_edge_normal_long,0be219064d7f2de285c4637dbbf99d87feb1bdfb,"[1, 128, 896]",inputs_embeds,paper_style_feedback_dynamics,Qwen/Qwen2.5-0.5B,0.00013437711459118873,direct,fixed_random,14.093952178955078,14.093900680541992,1.0,0,128,1142.313720703125,0.004197627305984497,90,final_hidden,2026-07-10T15:12:24.317889+00:00,nonpad_flattened,Qwen/Qwen2.5-0.5B
6272,128,0,64,main,wikitext,wikitext-2-raw-v1,validation,cuda,float32,128,qwen_dynamical_edge_normal_long,0be219064d7f2de285c4637dbbf99d87feb1bdfb,"[1, 128, 896]",inputs_embeds,paper_style_feedback_dynamics,Qwen/Qwen2.5-0.5B,0.00014311401173472404,direct,fixed_random,14.094005584716797,14.093952178955078,1.0,0,128,1142.313720703125,0.003868130501359701,91,final_hidden,2026-07-10T15:12:24.317889+00:00,nonpad_flattened,Qwen/Qwen2.5-0.5B
6272,128,0,64,main,wikitext,wikitext-2-raw-v1,validation,cuda,float32,128,qwen_dynamical_edge_normal_long,0be219064d7f2de285c4637dbbf99d87feb1bdfb,"[1, 128, 896]",inputs_embeds,paper_style_feedback_dynamics,Qwen/Qwen2.5-0.5B,0.0001299749710597098,direct,fixed_random,14.094059944152832,14.094005584716797,1.0,0,128,1142.313720703125,0.0035622550640255213,92,final_hidden,2026-07-10T15:12:24.317889+00:00,nonpad_flattened,Qwen/Qwen2.5-0.5B
6272,128,0,64,main,wikitext,wikitext-2-raw-v1,validation,cuda,float32,128,qwen_dynamical_edge_normal_long,0be219064d7f2de285c4637dbbf99d87feb1bdfb,"[1, 128, 896]",inputs_embeds,paper_style_feedback_dynamics,Qwen/Qwen2.5-0.5B,0.00014335538435261697,direct,fixed_random,14.094101905822754,14.094059944152832,1.0,0,128,1142.313720703125,0.0032868818379938602,93,final_hidden,2026-07-10T15:12:24.317889+00:00,nonpad_flattened,Qwen/Qwen2.5-0.5B
6272,128,0,64,main,wikitext,wikitext-2-raw-v1,validation,cuda,float32,128,qwen_dynamical_edge_normal_long,0be219064d7f2de285c4637dbbf99d87feb1bdfb,"[1, 128, 896]",inputs_embeds,paper_style_feedback_dynamics,Qwen/Qwen2.5-0.5B,0.00013245173613540828,direct,fixed_random,14.094141006469727,14.094101905822754,1.0,0,128,1142.3135986328125,0.0030214800499379635,94,final_hidden,2026-07-10T15:12:24.317889+00:00,nonpad_flattened,Qwen/Qwen2.5-0.5B
6272,128,0,64,main,wikitext,wikitext-2-raw-v1,validation,cuda,float32,128,qwen_dynamical_edge_normal_long,0be219064d7f2de285c4637dbbf99d87feb1bdfb,"[1, 128, 896]",inputs_embeds,paper_style_feedback_dynamics,Qwen/Qwen2.5-0.5B,0.0001384690694976598,direct,fixed_random,14.094181060791016,14.094141006469727,1.0,0,128,1142.3134765625,0.002798540284857154,95,final_hidden,2026-07-10T15:12:24.317889+00:00,nonpad_flattened,Qwen/Qwen2.5-0.5B
6272,128,0,64,main,wikitext,wikitext-2-raw-v1,validation,cuda,float32,128,qwen_dynamical_edge_normal_long,0be219064d7f2de285c4637dbbf99d87feb1bdfb,"[1, 128, 896]",inputs_embeds,paper_style_feedback_dynamics,Qwen/Qwen2.5-0.5B,0.00014030163583811373,direct,fixed_random,14.09421443939209,14.094181060791016,1.0,0,128,1142.3135986328125,0.0025876376312226057,96,final_hidden,2026-07-10T15:12:24.317889+00:00,nonpad_flattened,Qwen/Qwen2.5-0.5B
6272,128,0,64,main,wikitext,wikitext-2-raw-v1,validation,cuda,float32,128,qwen_dynamical_edge_normal_long,0be219064d7f2de285c4637dbbf99d87feb1bdfb,"[1, 128, 896]",inputs_embeds,paper_style_feedback_dynamics,Qwen/Qwen2.5-0.5B,0.0001291996886720881,direct,fixed_random,14.09425163269043,14.09421443939209,1.0,0,128,1142.3135986328125,0.0023796502500772476,97,final_hidden,2026-07-10T15:12:24.317889+00:00,nonpad_flattened,Qwen/Qwen2.5-0.5B
6272,128,0,64,main,wikitext,wikitext-2-raw-v1,validation,cuda,float32,128,qwen_dynamical_edge_normal_long,0be219064d7f2de285c4637dbbf99d87feb1bdfb,"[1, 128, 896]",inputs_embeds,paper_style_feedback_dynamics,Qwen/Qwen2.5-0.5B,0.0001279885327676311,direct,fixed_random,14.094282150268555,14.09425163269043,1.0,0,128,1142.3134765625,0.00219130190089345,98,final_hidden,2026-07-10T15:12:24.317889+00:00,nonpad_flattened,Qwen/Qwen2.5-0.5B
6272,128,0,64,main,wikitext,wikitext-2-raw-v1,validation,cuda,float32,128,qwen_dynamical_edge_normal_long,0be219064d7f2de285c4637dbbf99d87feb1bdfb,"[1, 128, 896]",inputs_embeds,paper_style_feedback_dynamics,Qwen/Qwen2.5-0.5B,0.00012366731243673712,direct,fixed_random,14.094310760498047,14.094282150268555,1.0,0,128,1142.3134765625,0.002026099245995283,99,final_hidden,2026-07-10T15:12:24.317889+00:00,nonpad_flattened,Qwen/Qwen2.5-0.5B
6272,128,0,64,main,wikitext,wikitext-2-raw-v1,validation,cuda,float32,128,qwen_dynamical_edge_normal_long,0be219064d7f2de285c4637dbbf99d87feb1bdfb,"[1, 128, 896]",inputs_embeds,paper_style_feedback_dynamics,Qwen/Qwen2.5-0.5B,0.00013734266394749284,direct,fixed_random,14.09433364868164,14.094310760498047,1.0,0,128,1142.3133544921875,0.0018699753563851118,100,final_hidden,2026-07-10T15:12:24.317889+00:00,nonpad_flattened,Qwen/Qwen2.5-0.5B
6272,128,0,64,main,wikitext,wikitext-2-raw-v1,validation,cuda,float32,128,qwen_dynamical_edge_normal_long,0be219064d7f2de285c4637dbbf99d87feb1bdfb,"[1, 128, 896]",inputs_embeds,paper_style_feedback_dynamics,Qwen/Qwen2.5-0.5B,0.00011819961946457624,direct,fixed_random,14.094356536865234,14.09433364868164,1.0,0,128,1142.3134765625,0.001719038002192974,101,final_hidden,2026-07-10T15:12:24.317889+00:00,nonpad_flattened,Qwen/Qwen2.5-0.5B
6272,128,0,64,main,wikitext,wikitext-2-raw-v1,validation,cuda,float32,128,qwen_dynamical_edge_normal_long,0be219064d7f2de285c4637dbbf99d87feb1bdfb,"[1, 128, 896]",inputs_embeds,paper_style_feedback_dynamics,Qwen/Qwen2.5-0.5B,0.00013565113476943225,direct,fixed_random,14.094379425048828,14.094356536865234,1.0,0,128,1142.3134765625,0.0015880936989560723,102,final_hidden,2026-07-10T15:12:24.317889+00:00,nonpad_flattened,Qwen/Qwen2.5-0.5B
6272,128,0,64,main,wikitext,wikitext-2-raw-v1,validation,cuda,float32,128,qwen_dynamical_edge_normal_long,0be219064d7f2de285c4637dbbf99d87feb1bdfb,"[1, 128, 896]",inputs_embeds,paper_style_feedback_dynamics,Qwen/Qwen2.5-0.5B,0.00013275542005430907,direct,fixed_random,14.094400405883789,14.094379425048828,1.0,0,128,1142.3133544921875,0.0014832621673122048,103,final_hidden,2026-07-10T15:12:24.317889+00:00,nonpad_flattened,Qwen/Qwen2.5-0.5B
6272,128,0,64,main,wikitext,wikitext-2-raw-v1,validation,cuda,float32,128,qwen_dynamical_edge_normal_long,0be219064d7f2de285c4637dbbf99d87feb1bdfb,"[1, 128, 896]",inputs_embeds,paper_style_feedback_dynamics,Qwen/Qwen2.5-0.5B,0.00012615921150427312,direct,fixed_random,14.094417572021484,14.094400405883789,1.0,0,128,1142.3133544921875,0.0013633419293910265,104,final_hidden,2026-07-10T15:12:24.317889+00:00,nonpad_flattened,Qwen/Qwen2.5-0.5B
6272,128,0,64,main,wikitext,wikitext-2-raw-v1,validation,cuda,float32,128,qwen_dynamical_edge_normal_long,0be219064d7f2de285c4637dbbf99d87feb1bdfb,"[1, 128, 896]",inputs_embeds,paper_style_feedback_dynamics,Qwen/Qwen2.5-0.5B,0.00015589532267767936,direct,fixed_random,14.094437599182129,14.094417572021484,1.0,0,128,1142.3133544921875,0.0012614314910024405,105,final_hidden,2026-07-10T15:12:24.317889+00:00,nonpad_flattened,Qwen/Qwen2.5-0.5B
6272,128,0,64,main,wikitext,wikitext-2-raw-v1,validation,cuda,float32,128,qwen_dynamical_edge_normal_long,0be219064d7f2de285c4637dbbf99d87feb1bdfb,"[1, 128, 896]",inputs_embeds,paper_style_feedback_dynamics,Qwen/Qwen2.5-0.5B,0.000151238011312671,direct,fixed_random,14.09444808959961,14.094437599182129,1.0,0,128,1142.3133544921875,0.0011538118124008179,106,final_hidden,2026-07-10T15:12:24.317889+00:00,nonpad_flattened,Qwen/Qwen2.5-0.5B
6272,128,0,64,main,wikitext,wikitext-2-raw-v1,validation,cuda,float32,128,qwen_dynamical_edge_normal_long,0be219064d7f2de285c4637dbbf99d87feb1bdfb,"[1, 128, 896]",inputs_embeds,paper_style_feedback_dynamics,Qwen/Qwen2.5-0.5B,0.0001493465097155422,direct,fixed_random,14.094467163085938,14.09444808959961,1.0,0,128,1142.313232421875,0.0010701162973418832,107,final_hidden,2026-07-10T15:12:24.317889+00:00,nonpad_flattened,Qwen/Qwen2.5-0.5B
6272,128,0,64,main,wikitext,wikitext-2-raw-v1,validation,cuda,float32,128,qwen_dynamical_edge_normal_long,0be219064d7f2de285c4637dbbf99d87feb1bdfb,"[1, 128, 896]",inputs_embeds,paper_style_feedback_dynamics,Qwen/Qwen2.5-0.5B,0.00013810132804792374,direct,fixed_random,14.094474792480469,14.094467163085938,1.0,0,128,1142.313232421875,0.0009835278615355492,108,final_hidden,2026-07-10T15:12:24.317889+00:00,nonpad_flattened,Qwen/Qwen2.5-0.5B
6272,128,0,64,main,wikitext,wikitext-2-raw-v1,validation,cuda,float32,128,qwen_dynamical_edge_normal_long,0be219064d7f2de285c4637dbbf99d87feb1bdfb,"[1, 128, 896]",inputs_embeds,paper_style_feedback_dynamics,Qwen/Qwen2.5-0.5B,0.00014149602793622762,direct,fixed_random,14.094489097595215,14.094474792480469,1.0,0,128,1142.3133544921875,0.000918349891435355,109,final_hidden,2026-07-10T15:12:24.317889+00:00,nonpad_flattened,Qwen/Qwen2.5-0.5B
6272,128,0,64,main,wikitext,wikitext-2-raw-v1,validation,cuda,float32,128,qwen_dynamical_edge_normal_long,0be219064d7f2de285c4637dbbf99d87feb1bdfb,"[1, 128, 896]",inputs_embeds,paper_style_feedback_dynamics,Qwen/Qwen2.5-0.5B,0.00015263202658388764,direct,fixed_random,14.094501495361328,14.094489097595215,1.0,0,128,1142.3133544921875,0.0008667722577229142,110,final_hidden,2026-07-10T15:12:24.317889+00:00,nonpad_flattened,Qwen/Qwen2.5-0.5B
6272,128,0,64,main,wikitext,wikitext-2-raw-v1,validation,cuda,float32,128,qwen_dynamical_edge_normal_long,0be219064d7f2de285c4637dbbf99d87feb1bdfb,"[1, 128, 896]",inputs_embeds,paper_style_feedback_dynamics,Qwen/Qwen2.5-0.5B,0.00014298623136710376,direct,fixed_random,14.094511985778809,14.094501495361328,1.0,0,128,1142.313232421875,0.000801493355538696,111,final_hidden,2026-07-10T15:12:24.317889+00:00,nonpad_flattened,Qwen/Qwen2.5-0.5B
6272,128,0,64,main,wikitext,wikitext-2-raw-v1,validation,cuda,float32,128,qwen_dynamical_edge_normal_long,0be219064d7f2de285c4637dbbf99d87feb1bdfb,"[1, 128, 896]",inputs_embeds,paper_style_feedback_dynamics,Qwen/Qwen2.5-0.5B,0.0001459120394429192,direct,fixed_random,14.094524383544922,14.094511985778809,1.0,0,128,1142.313232421875,0.0007305487524718046,112,final_hidden,2026-07-10T15:12:24.317889+00:00,nonpad_flattened,Qwen/Qwen2.5-0.5B
6272,128,0,64,main,wikitext,wikitext-2-raw-v1,validation,cuda,float32,128,qwen_dynamical_edge_normal_long,0be219064d7f2de285c4637dbbf99d87feb1bdfb,"[1, 128, 896]",inputs_embeds,paper_style_feedback_dynamics,Qwen/Qwen2.5-0.5B,0.0001338522124569863,direct,fixed_random,14.09453010559082,14.094524383544922,1.0,0,128,1142.313232421875,0.000671559595502913,113,final_hidden,2026-07-10T15:12:24.317889+00:00,nonpad_flattened,Qwen/Qwen2.5-0.5B
6272,128,0,64,main,wikitext,wikitext-2-raw-v1,validation,cuda,float32,128,qwen_dynamical_edge_normal_long,0be219064d7f2de285c4637dbbf99d87feb1bdfb,"[1, 128, 896]",inputs_embeds,paper_style_feedback_dynamics,Qwen/Qwen2.5-0.5B,0.0001560750970384106,direct,fixed_random,14.094537734985352,14.09453010559082,1.0,0,128,1142.313232421875,0.0006108187371864915,114,final_hidden,2026-07-10T15:12:24.317889+00:00,nonpad_flattened,Qwen/Qwen2.5-0.5B
6272,128,0,64,main,wikitext,wikitext-2-raw-v1,validation,cuda,float32,128,qwen_dynamical_edge_normal_long,0be219064d7f2de285c4637dbbf99d87feb1bdfb,"[1, 128, 896]",inputs_embeds,paper_style_feedback_dynamics,Qwen/Qwen2.5-0.5B,0.00014411055599339306,direct,fixed_random,14.094548225402832,14.094537734985352,1.0,0,128,1142.3131103515625,0.0005701243062503636,115,final_hidden,2026-07-10T15:12:24.317889+00:00,nonpad_flattened,Qwen/Qwen2.5-0.5B
6272,128,0,64,main,wikitext,wikitext-2-raw-v1,validation,cuda,float32,128,qwen_dynamical_edge_normal_long,0be219064d7f2de285c4637dbbf99d87feb1bdfb,"[1, 128, 896]",inputs_embeds,paper_style_feedback_dynamics,Qwen/Qwen2.5-0.5B,0.00013341920566745102,direct,fixed_random,14.094550132751465,14.094548225402832,1.0,0,128,1142.313232421875,0.0005369956488721073,116,final_hidden,2026-07-10T15:12:24.317889+00:00,nonpad_flattened,Qwen/Qwen2.5-0.5B
6272,128,0,64,main,wikitext,wikitext-2-raw-v1,validation,cuda,float32,128,qwen_dynamical_edge_normal_long,0be219064d7f2de285c4637dbbf99d87feb1bdfb,"[1, 128, 896]",inputs_embeds,paper_style_feedback_dynamics,Qwen/Qwen2.5-0.5B,0.0001371303224004805,direct,fixed_random,14.094558715820312,14.094550132751465,1.0,0,128,1142.3131103515625,0.0005025648279115558,117,final_hidden,2026-07-10T15:12:24.317889+00:00,nonpad_flattened,Qwen/Qwen2.5-0.5B
6272,128,0,64,main,wikitext,wikitext-2-raw-v1,validation,cuda,float32,128,qwen_dynamical_edge_normal_long,0be219064d7f2de285c4637dbbf99d87feb1bdfb,"[1, 128, 896]",inputs_embeds,paper_style_feedback_dynamics,Qwen/Qwen2.5-0.5B,0.0001355231215711683,direct,fixed_random,14.094564437866211,14.094558715820312,1.0,0,128,1142.3131103515625,0.0004788232909049839,118,final_hidden,2026-07-10T15:12:24.317889+00:00,nonpad_flattened,Qwen/Qwen2.5-0.5B
6272,128,0,64,main,wikitext,wikitext-2-raw-v1,validation,cuda,float32,128,qwen_dynamical_edge_normal_long,0be219064d7f2de285c4637dbbf99d87feb1bdfb,"[1, 128, 896]",inputs_embeds,paper_style_feedback_dynamics,Qwen/Qwen2.5-0.5B,0.00015377820818684995,direct,fixed_random,14.09456729888916,14.094564437866211,1.0,0,128,1142.3131103515625,0.00043288306915201247,119,final_hidden,2026-07-10T15:12:24.317889+00:00,nonpad_flattened,Qwen/Qwen2.5-0.5B
6272,128,0,64,main,wikitext,wikitext-2-raw-v1,validation,cuda,float32,128,qwen_dynamical_edge_normal_long,0be219064d7f2de285c4637dbbf99d87feb1bdfb,"[1, 128, 896]",inputs_embeds,paper_style_feedback_dynamics,Qwen/Qwen2.5-0.5B,0.00012823483848478645,direct,fixed_random,14.094573974609375,14.09456729888916,1.0,0,128,1142.313232421875,0.00038778598536737263,120,final_hidden,2026-07-10T15:12:24.317889+00:00,nonpad_flattened,Qwen/Qwen2.5-0.5B
6272,128,0,64,main,wikitext,wikitext-2-raw-v1,validation,cuda,float32,128,qwen_dynamical_edge_normal_long,0be219064d7f2de285c4637dbbf99d87feb1bdfb,"[1, 128, 896]",inputs_embeds,paper_style_feedback_dynamics,Qwen/Qwen2.5-0.5B,0.00012306106509640813,direct,fixed_random,14.09457778930664,14.094573974609375,1.0,0,128,1142.313232421875,0.00038109105662442744,121,final_hidden,2026-07-10T15:12:24.317889+00:00,nonpad_flattened,Qwen/Qwen2.5-0.5B
6272,128,0,64,main,wikitext,wikitext-2-raw-v1,validation,cuda,float32,128,qwen_dynamical_edge_normal_long,0be219064d7f2de285c4637dbbf99d87feb1bdfb,"[1, 128, 896]",inputs_embeds,paper_style_feedback_dynamics,Qwen/Qwen2.5-0.5B,0.00012297448120079935,direct,fixed_random,14.094583511352539,14.09457778930664,1.0,0,128,1142.313232421875,0.0003419985587242991,122,final_hidden,2026-07-10T15:12:24.317889+00:00,nonpad_flattened,Qwen/Qwen2.5-0.5B
6272,128,0,64,main,wikitext,wikitext-2-raw-v1,validation,cuda,float32,128,qwen_dynamical_edge_normal_long,0be219064d7f2de285c4637dbbf99d87feb1bdfb,"[1, 128, 896]",inputs_embeds,paper_style_feedback_dynamics,Qwen/Qwen2.5-0.5B,0.00012123981287004426,direct,fixed_random,14.094586372375488,14.094583511352539,1.0,0,128,1142.313232421875,0.00030676324968226254,123,final_hidden,2026-07-10T15:12:24.317889+00:00,nonpad_flattened,Qwen/Qwen2.5-0.5B
6272,128,0,64,main,wikitext,wikitext-2-raw-v1,validation,cuda,float32,128,qwen_dynamical_edge_normal_long,0be219064d7f2de285c4637dbbf99d87feb1bdfb,"[1, 128, 896]",inputs_embeds,paper_style_feedback_dynamics,Qwen/Qwen2.5-0.5B,0.00011453480692580342,direct,fixed_random,14.094589233398438,14.094586372375488,1.0,0,128,1142.313232421875,0.00027605160721577704,124,final_hidden,2026-07-10T15:12:24.317889+00:00,nonpad_flattened,Qwen/Qwen2.5-0.5B
6272,128,0,64,main,wikitext,wikitext-2-raw-v1,validation,cuda,float32,128,qwen_dynamical_edge_normal_long,0be219064d7f2de285c4637dbbf99d87feb1bdfb,"[1, 128, 896]",inputs_embeds,paper_style_feedback_dynamics,Qwen/Qwen2.5-0.5B,0.0001093762693926692,direct,fixed_random,14.09459114074707,14.094589233398438,1.0,0,128,1142.313232421875,0.00026365951634943485,125,final_hidden,2026-07-10T15:12:24.317889+00:00,nonpad_flattened,Qwen/Qwen2.5-0.5B
6272,128,0,64,main,wikitext,wikitext-2-raw-v1,validation,cuda,float32,128,qwen_dynamical_edge_normal_long,0be219064d7f2de285c4637dbbf99d87feb1bdfb,"[1, 128, 896]",inputs_embeds,paper_style_feedback_dynamics,Qwen/Qwen2.5-0.5B,0.00011205353075638413,direct,fixed_random,14.09459114074707,14.09459114074707,1.0,0,128,1142.313232421875,0.00024983618641272187,126,final_hidden,2026-07-10T15:12:24.317889+00:00,nonpad_flattened,Qwen/Qwen2.5-0.5B
6272,128,0,64,main,wikitext,wikitext-2-raw-v1,validation,cuda,float32,128,qwen_dynamical_edge_normal_long,0be219064d7f2de285c4637dbbf99d87feb1bdfb,"[1, 128, 896]",inputs_embeds,paper_style_feedback_dynamics,Qwen/Qwen2.5-0.5B,0.000125914768432267,direct,fixed_random,,14.09459114074707,1.0,0,128,1142.3133544921875,0.00024326224229298532,127,final_hidden,2026-07-10T15:12:24.317889+00:00,nonpad_flattened,Qwen/Qwen2.5-0.5B
114688,128,1,64,main,wikitext,wikitext-2-raw-v1,validation,cuda,float32,128,qwen_dynamical_edge_normal_long,0be219064d7f2de285c4637dbbf99d87feb1bdfb,"[1, 128, 896]",inputs_embeds,paper_style_feedback_dynamics,Qwen/Qwen2.5-0.5B,0.10526060312986374,direct,fixed_random,-15.883893966674805,-15.713399887084961,1.0,1,128,4620.37109375,111.00176239013672,0,final_hidden,2026-07-10T15:12:24.317889+00:00,nonpad_flattened,Qwen/Qwen2.5-0.5B
114688,128,1,64,main,wikitext,wikitext-2-raw-v1,validation,cuda,float32,128,qwen_dynamical_edge_normal_long,0be219064d7f2de285c4637dbbf99d87feb1bdfb,"[1, 128, 896]",inputs_embeds,paper_style_feedback_dynamics,Qwen/Qwen2.5-0.5B,0.21067386865615845,direct,fixed_random,-15.741368293762207,-15.883893966674805,1.0,1,128,4617.0556640625,108.93366241455078,1,final_hidden,2026-07-10T15:12:24.317889+00:00,nonpad_flattened,Qwen/Qwen2.5-0.5B
114688,128,1,64,main,wikitext,wikitext-2-raw-v1,validation,cuda,float32,128,qwen_dynamical_edge_normal_long,0be219064d7f2de285c4637dbbf99d87feb1bdfb,"[1, 128, 896]",inputs_embeds,paper_style_feedback_dynamics,Qwen/Qwen2.5-0.5B,0.1192321628332138,direct,fixed_random,-15.880546569824219,-15.741368293762207,1.0,1,128,4617.44921875,105.37593841552734,2,final_hidden,2026-07-10T15:12:24.317889+00:00,nonpad_flattened,Qwen/Qwen2.5-0.5B
114688,128,1,64,main,wikitext,wikitext-2-raw-v1,validation,cuda,float32,128,qwen_dynamical_edge_normal_long,0be219064d7f2de285c4637dbbf99d87feb1bdfb,"[1, 128, 896]",inputs_embeds,paper_style_feedback_dynamics,Qwen/Qwen2.5-0.5B,0.22915296256542206,direct,fixed_random,-15.69046401977539,-15.880546569824219,1.0,1,128,4614.40869140625,105.86444091796875,3,final_hidden,2026-07-10T15:12:24.317889+00:00,nonpad_flattened,Qwen/Qwen2.5-0.5B
114688,128,1,64,main,wikitext,wikitext-2-raw-v1,validation,cuda,float32,128,qwen_dynamical_edge_normal_long,0be219064d7f2de285c4637dbbf99d87feb1bdfb,"[1, 128, 896]",inputs_embeds,paper_style_feedback_dynamics,Qwen/Qwen2.5-0.5B,0.16457383334636688,direct,fixed_random,-15.869329452514648,-15.69046401977539,1.0,1,128,4615.2197265625,108.7480239868164,4,final_hidden,2026-07-10T15:12:24.317889+00:00,nonpad_flattened,Qwen/Qwen2.5-0.5B
114688,128,1,64,main,wikitext,wikitext-2-raw-v1,validation,cuda,float32,128,qwen_dynamical_edge_normal_long,0be219064d7f2de285c4637dbbf99d87feb1bdfb,"[1, 128, 896]",inputs_embeds,paper_style_feedback_dynamics,Qwen/Qwen2.5-0.5B,0.3322082459926605,direct,fixed_random,-15.721845626831055,-15.869329452514648,1.0,1,128,4611.90283203125,106.6026382446289,5,final_hidden,2026-07-10T15:12:24.317889+00:00,nonpad_flattened,Qwen/Qwen2.5-0.5B
114688,128,1,64,main,wikitext,wikitext-2-raw-v1,validation,cuda,float32,128,qwen_dynamical_edge_normal_long,0be219064d7f2de285c4637dbbf99d87feb1bdfb,"[1, 128, 896]",inputs_embeds,paper_style_feedback_dynamics,Qwen/Qwen2.5-0.5B,0.17246192693710327,direct,fixed_random,-15.874698638916016,-15.721845626831055,1.0,1,128,4612.689453125,103.13123321533203,6,final_hidden,2026-07-10T15:12:24.317889+00:00,nonpad_flattened,Qwen/Qwen2.5-0.5B
114688,128,1,64,main,wikitext,wikitext-2-raw-v1,validation,cuda,float32,128,qwen_dynamical_edge_normal_long,0be219064d7f2de285c4637dbbf99d87feb1bdfb,"[1, 128, 896]",inputs_embeds,paper_style_feedback_dynamics,Qwen/Qwen2.5-0.5B,0.3170333802700043,direct,fixed_random,-15.687727928161621,-15.874698638916016,1.0,1,128,4609.68798828125,104.23182678222656,7,final_hidden,2026-07-10T15:12:24.317889+00:00,nonpad_flattened,Qwen/Qwen2.5-0.5B
114688,128,1,64,main,wikitext,wikitext-2-raw-v1,validation,cuda,float32,128,qwen_dynamical_edge_normal_long,0be219064d7f2de285c4637dbbf99d87feb1bdfb,"[1, 128, 896]",inputs_embeds,paper_style_feedback_dynamics,Qwen/Qwen2.5-0.5B,0.2373969852924347,direct,fixed_random,-15.874832153320312,-15.687727928161621,1.0,1,128,4610.8583984375,107.21578216552734,8,final_hidden,2026-07-10T15:12:24.317889+00:00,nonpad_flattened,Qwen/Qwen2.5-0.5B
114688,128,1,64,main,wikitext,wikitext-2-raw-v1,validation,cuda,float32,128,qwen_dynamical_edge_normal_long,0be219064d7f2de285c4637dbbf99d87feb1bdfb,"[1, 128, 896]",inputs_embeds,paper_style_feedback_dynamics,Qwen/Qwen2.5-0.5B,0.474863737821579,direct,fixed_random,-15.722439765930176,-15.874832153320312,1.0,1,128,4607.4794921875,104.69171905517578,9,final_hidden,2026-07-10T15:12:24.317889+00:00,nonpad_flattened,Qwen/Qwen2.5-0.5B
114688,128,1,64,main,wikitext,wikitext-2-raw-v1,validation,cuda,float32,128,qwen_dynamical_edge_normal_long,0be219064d7f2de285c4637dbbf99d87feb1bdfb,"[1, 128, 896]",inputs_embeds,paper_style_feedback_dynamics,Qwen/Qwen2.5-0.5B,0.22533555328845978,direct,fixed_random,-15.886667251586914,-15.722439765930176,1.0,1,128,4608.6103515625,101.09561920166016,10,final_hidden,2026-07-10T15:12:24.317889+00:00,nonpad_flattened,Qwen/Qwen2.5-0.5B
114688,128,1,64,main,wikitext,wikitext-2-raw-v1,validation,cuda,float32,128,qwen_dynamical_edge_normal_long,0be219064d7f2de285c4637dbbf99d87feb1bdfb,"[1, 128, 896]",inputs_embeds,paper_style_feedback_dynamics,Qwen/Qwen2.5-0.5B,0.3654076159000397,direct,fixed_random,-15.702108383178711,-15.886667251586914,1.0,1,128,4605.60107421875,102.84915924072266,11,final_hidden,2026-07-10T15:12:24.317889+00:00,nonpad_flattened,Qwen/Qwen2.5-0.5B
114688,128,1,64,main,wikitext,wikitext-2-raw-v1,validation,cuda,float32,128,qwen_dynamical_edge_normal_long,0be219064d7f2de285c4637dbbf99d87feb1bdfb,"[1, 128, 896]",inputs_embeds,paper_style_feedback_dynamics,Qwen/Qwen2.5-0.5B,0.2852475643157959,direct,fixed_random,-15.897330284118652,-15.702108383178711,1.0,1,128,4607.0751953125,105.98126983642578,12,final_hidden,2026-07-10T15:12:24.317889+00:00,nonpad_flattened,Qwen/Qwen2.5-0.5B
114688,128,1,64,main,wikitext,wikitext-2-raw-v1,validation,cuda,float32,128,qwen_dynamical_edge_normal_long,0be219064d7f2de285c4637dbbf99d87feb1bdfb,"[1, 128, 896]",inputs_embeds,paper_style_feedback_dynamics,Qwen/Qwen2.5-0.5B,0.5540000796318054,direct,fixed_random,-15.735128402709961,-15.897330284118652,1.0,1,128,4603.537109375,103.14075469970703,13,final_hidden,2026-07-10T15:12:24.317889+00:00,nonpad_flattened,Qwen/Qwen2.5-0.5B
114688,128,1,64,main,wikitext,wikitext-2-raw-v1,validation,cuda,float32,128,qwen_dynamical_edge_normal_long,0be219064d7f2de285c4637dbbf99d87feb1bdfb,"[1, 128, 896]",inputs_embeds,paper_style_feedback_dynamics,Qwen/Qwen2.5-0.5B,0.2539743483066559,direct,fixed_random,-15.910602569580078,-15.735128402709961,1.0,1,128,4604.99560546875,99.51531219482422,14,final_hidden,2026-07-10T15:12:24.317889+00:00,nonpad_flattened,Qwen/Qwen2.5-0.5B
114688,128,1,64,main,wikitext,wikitext-2-raw-v1,validation,cuda,float32,128,qwen_dynamical_edge_normal_long,0be219064d7f2de285c4637dbbf99d87feb1bdfb,"[1, 128, 896]",inputs_embeds,paper_style_feedback_dynamics,Qwen/Qwen2.5-0.5B,0.3038429319858551,direct,fixed_random,-15.717987060546875,-15.910602569580078,1.0,1,128,4601.841796875,101.92506408691406,15,final_hidden,2026-07-10T15:12:24.317889+00:00,nonpad_flattened,Qwen/Qwen2.5-0.5B
114688,128,1,64,main,wikitext,wikitext-2-raw-v1,validation,cuda,float32,128,qwen_dynamical_edge_normal_long,0be219064d7f2de285c4637dbbf99d87feb1bdfb,"[1, 128, 896]",inputs_embeds,paper_style_feedback_dynamics,Qwen/Qwen2.5-0.5B,0.23737774789333344,direct,fixed_random,-15.912349700927734,-15.717987060546875,1.0,1,128,4603.61328125,105.18828582763672,16,final_hidden,2026-07-10T15:12:24.317889+00:00,nonpad_flattened,Qwen/Qwen2.5-0.5B
114688,128,1,64,main,wikitext,wikitext-2-raw-v1,validation,cuda,float32,128,qwen_dynamical_edge_normal_long,0be219064d7f2de285c4637dbbf99d87feb1bdfb,"[1, 128, 896]",inputs_embeds,paper_style_feedback_dynamics,Qwen/Qwen2.5-0.5B,0.42692333459854126,direct,fixed_random,-15.718515396118164,-15.912349700927734,1.0,1,128,4599.802734375,102.09756469726562,17,final_hidden,2026-07-10T15:12:24.317889+00:00,nonpad_flattened,Qwen/Qwen2.5-0.5B
114688,128,1,64,main,wikitext,wikitext-2-raw-v1,validation,cuda,float32,128,qwen_dynamical_edge_normal_long,0be219064d7f2de285c4637dbbf99d87feb1bdfb,"[1, 128, 896]",inputs_embeds,paper_style_feedback_dynamics,Qwen/Qwen2.5-0.5B,0.21370463073253632,direct,fixed_random,-15.879592895507812,-15.718515396118164,1.0,1,128,4601.6103515625,98.37095642089844,18,final_hidden,2026-07-10T15:12:24.317889+00:00,nonpad_flattened,Qwen/Qwen2.5-0.5B
114688,128,1,64,main,wikitext,wikitext-2-raw-v1,validation,cuda,float32,128,qwen_dynamical_edge_normal_long,0be219064d7f2de285c4637dbbf99d87feb1bdfb,"[1, 128, 896]",inputs_embeds,paper_style_feedback_dynamics,Qwen/Qwen2.5-0.5B,0.16247987747192383,direct,fixed_random,-15.637709617614746,-15.879592895507812,1.0,1,128,4598.1904296875,101.23725891113281,19,final_hidden,2026-07-10T15:12:24.317889+00:00,nonpad_flattened,Qwen/Qwen2.5-0.5B
114688,128,1,64,main,wikitext,wikitext-2-raw-v1,validation,cuda,float32,128,qwen_dynamical_edge_normal_long,0be219064d7f2de285c4637dbbf99d87feb1bdfb,"[1, 128, 896]",inputs_embeds,paper_style_feedback_dynamics,Qwen/Qwen2.5-0.5B,0.1220359206199646,direct,fixed_random,-15.802412033081055,-15.637709617614746,1.0,1,128,4600.37255859375,104.77029418945312,20,final_hidden,2026-07-10T15:12:24.317889+00:00,nonpad_flattened,Qwen/Qwen2.5-0.5B
114688,128,1,64,main,wikitext,wikitext-2-raw-v1,validation,cuda,float32,128,qwen_dynamical_edge_normal_long,0be219064d7f2de285c4637dbbf99d87feb1bdfb,"[1, 128, 896]",inputs_embeds,paper_style_feedback_dynamics,Qwen/Qwen2.5-0.5B,0.15845206379890442,direct,fixed_random,-15.546629905700684,-15.802412033081055,1.0,1,128,4596.22509765625,101.70925903320312,21,final_hidden,2026-07-10T15:12:24.317889+00:00,nonpad_flattened,Qwen/Qwen2.5-0.5B
114688,128,1,64,main,wikitext,wikitext-2-raw-v1,validation,cuda,float32,128,qwen_dynamical_edge_normal_long,0be219064d7f2de285c4637dbbf99d87feb1bdfb,"[1, 128, 896]",inputs_embeds,paper_style_feedback_dynamics,Qwen/Qwen2.5-0.5B,0.10979612916707993,direct,fixed_random,-15.690680503845215,-15.546629905700684,1.0,1,128,4598.541015625,97.92570495605469,22,final_hidden,2026-07-10T15:12:24.317889+00:00,nonpad_flattened,Qwen/Qwen2.5-0.5B
114688,128,1,64,main,wikitext,wikitext-2-raw-v1,validation,cuda,float32,128,qwen_dynamical_edge_normal_long,0be219064d7f2de285c4637dbbf99d87feb1bdfb,"[1, 128, 896]",inputs_embeds,paper_style_feedback_dynamics,Qwen/Qwen2.5-0.5B,0.07045833021402359,direct,fixed_random,-15.412834167480469,-15.690680503845215,1.0,1,128,4594.79833984375,100.90985870361328,23,final_hidden,2026-07-10T15:12:24.317889+00:00,nonpad_flattened,Qwen/Qwen2.5-0.5B
114688,128,1,64,main,wikitext,wikitext-2-raw-v1,validation,cuda,float32,128,qwen_dynamical_edge_normal_long,0be219064d7f2de285c4637dbbf99d87feb1bdfb,"[1, 128, 896]",inputs_embeds,paper_style_feedback_dynamics,Qwen/Qwen2.5-0.5B,0.062240198254585266,direct,fixed_random,-15.598260879516602,-15.412834167480469,1.0,1,128,4597.5693359375,104.50563049316406,24,final_hidden,2026-07-10T15:12:24.317889+00:00,nonpad_flattened,Qwen/Qwen2.5-0.5B
114688,128,1,64,main,wikitext,wikitext-2-raw-v1,validation,cuda,float32,128,qwen_dynamical_edge_normal_long,0be219064d7f2de285c4637dbbf99d87feb1bdfb,"[1, 128, 896]",inputs_embeds,paper_style_feedback_dynamics,Qwen/Qwen2.5-0.5B,0.0470401756465435,direct,fixed_random,-15.354137420654297,-15.598260879516602,1.0,1,128,4593.10107421875,101.35942840576172,25,final_hidden,2026-07-10T15:12:24.317889+00:00,nonpad_flattened,Qwen/Qwen2.5-0.5B
114688,128,1,64,main,wikitext,wikitext-2-raw-v1,validation,cuda,float32,128,qwen_dynamical_edge_normal_long,0be219064d7f2de285c4637dbbf99d87feb1bdfb,"[1, 128, 896]",inputs_embeds,paper_style_feedback_dynamics,Qwen/Qwen2.5-0.5B,0.04873117431998253,direct,fixed_random,-15.561859130859375,-15.354137420654297,1.0,1,128,4595.97412109375,97.24794006347656,26,final_hidden,2026-07-10T15:12:24.317889+00:00,nonpad_flattened,Qwen/Qwen2.5-0.5B
114688,128,1,64,main,wikitext,wikitext-2-raw-v1,validation,cuda,float32,128,qwen_dynamical_edge_normal_long,0be219064d7f2de285c4637dbbf99d87feb1bdfb,"[1, 128, 896]",inputs_embeds,paper_style_feedback_dynamics,Qwen/Qwen2.5-0.5B,0.03777305409312248,direct,fixed_random,-15.331233024597168,-15.561859130859375,1.0,1,128,4591.951171875,100.03518676757812,27,final_hidden,2026-07-10T15:12:24.317889+00:00,nonpad_flattened,Qwen/Qwen2.5-0.5B
114688,128,1,64,main,wikitext,wikitext-2-raw-v1,validation,cuda,float32,128,qwen_dynamical_edge_normal_long,0be219064d7f2de285c4637dbbf99d87feb1bdfb,"[1, 128, 896]",inputs_embeds,paper_style_feedback_dynamics,Qwen/Qwen2.5-0.5B,0.036485038697719574,direct,fixed_random,-15.588203430175781,-15.331233024597168,1.0,1,128,4595.25732421875,103.58916473388672,28,final_hidden,2026-07-10T15:12:24.317889+00:00,nonpad_flattened,Qwen/Qwen2.5-0.5B
114688,128,1,64,main,wikitext,wikitext-2-raw-v1,validation,cuda,float32,128,qwen_dynamical_edge_normal_long,0be219064d7f2de285c4637dbbf99d87feb1bdfb,"[1, 128, 896]",inputs_embeds,paper_style_feedback_dynamics,Qwen/Qwen2.5-0.5B,0.03607188165187836,direct,fixed_random,-15.387251853942871,-15.588203430175781,1.0,1,128,4590.57666015625,100.12586212158203,29,final_hidden,2026-07-10T15:12:24.317889+00:00,nonpad_flattened,Qwen/Qwen2.5-0.5B
114688,128,1,64,main,wikitext,wikitext-2-raw-v1,validation,cuda,float32,128,qwen_dynamical_edge_normal_long,0be219064d7f2de285c4637dbbf99d87feb1bdfb,"[1, 128, 896]",inputs_embeds,paper_style_feedback_dynamics,Qwen/Qwen2.5-0.5B,0.02783151902258396,direct,fixed_random,-15.642302513122559,-15.387251853942871,1.0,1,128,4593.919921875,95.47117614746094,30,final_hidden,2026-07-10T15:12:24.317889+00:00,nonpad_flattened,Qwen/Qwen2.5-0.5B
114688,128,1,64,main,wikitext,wikitext-2-raw-v1,validation,cuda,float32,128,qwen_dynamical_edge_normal_long,0be219064d7f2de285c4637dbbf99d87feb1bdfb,"[1, 128, 896]",inputs_embeds,paper_style_feedback_dynamics,Qwen/Qwen2.5-0.5B,0.023609474301338196,direct,fixed_random,-15.430536270141602,-15.642302513122559,1.0,1,128,4589.79052734375,97.79318237304688,31,final_hidden,2026-07-10T15:12:24.317889+00:00,nonpad_flattened,Qwen/Qwen2.5-0.5B
114688,128,1,64,main,wikitext,wikitext-2-raw-v1,validation,cuda,float32,128,qwen_dynamical_edge_normal_long,0be219064d7f2de285c4637dbbf99d87feb1bdfb,"[1, 128, 896]",inputs_embeds,paper_style_feedback_dynamics,Qwen/Qwen2.5-0.5B,0.02258467860519886,direct,fixed_random,-15.704927444458008,-15.430536270141602,1.0,1,128,4593.5419921875,101.32762145996094,32,final_hidden,2026-07-10T15:12:24.317889+00:00,nonpad_flattened,Qwen/Qwen2.5-0.5B
114688,128,1,64,main,wikitext,wikitext-2-raw-v1,validation,cuda,float32,128,qwen_dynamical_edge_normal_long,0be219064d7f2de285c4637dbbf99d87feb1bdfb,"[1, 128, 896]",inputs_embeds,paper_style_feedback_dynamics,Qwen/Qwen2.5-0.5B,0.025447210296988487,direct,fixed_random,-15.501459121704102,-15.704927444458008,1.0,1,128,4588.818359375,97.63764190673828,33,final_hidden,2026-07-10T15:12:24.317889+00:00,nonpad_flattened,Qwen/Qwen2.5-0.5B
114688,128,1,64,main,wikitext,wikitext-2-raw-v1,validation,cuda,float32,128,qwen_dynamical_edge_normal_long,0be219064d7f2de285c4637dbbf99d87feb1bdfb,"[1, 128, 896]",inputs_embeds,paper_style_feedback_dynamics,Qwen/Qwen2.5-0.5B,0.017816385254263878,direct,fixed_random,-15.751858711242676,-15.501459121704102,1.0,1,128,4592.47802734375,92.71198272705078,34,final_hidden,2026-07-10T15:12:24.317889+00:00,nonpad_flattened,Qwen/Qwen2.5-0.5B
114688,128,1,64,main,wikitext,wikitext-2-raw-v1,validation,cuda,float32,128,qwen_dynamical_edge_normal_long,0be219064d7f2de285c4637dbbf99d87feb1bdfb,"[1, 128, 896]",inputs_embeds,paper_style_feedback_dynamics,Qwen/Qwen2.5-0.5B,0.015243731439113617,direct,fixed_random,-15.523330688476562,-15.751858711242676,1.0,1,128,4588.375,95.11031341552734,35,final_hidden,2026-07-10T15:12:24.317889+00:00,nonpad_flattened,Qwen/Qwen2.5-0.5B
114688,128,1,64,main,wikitext,wikitext-2-raw-v1,validation,cuda,float32,128,qwen_dynamical_edge_normal_long,0be219064d7f2de285c4637dbbf99d87feb1bdfb,"[1, 128, 896]",inputs_embeds,paper_style_feedback_dynamics,Qwen/Qwen2.5-0.5B,0.015054386109113693,direct,fixed_random,-15.781859397888184,-15.523330688476562,1.0,1,128,4592.36865234375,99.0851821899414,36,final_hidden,2026-07-10T15:12:24.317889+00:00,nonpad_flattened,Qwen/Qwen2.5-0.5B
114688,128,1,64,main,wikitext,wikitext-2-raw-v1,validation,cuda,float32,128,qwen_dynamical_edge_normal_long,0be219064d7f2de285c4637dbbf99d87feb1bdfb,"[1, 128, 896]",inputs_embeds,paper_style_feedback_dynamics,Qwen/Qwen2.5-0.5B,0.016284815967082977,direct,fixed_random,-15.559538841247559,-15.781859397888184,1.0,1,128,4587.7626953125,95.68022918701172,37,final_hidden,2026-07-10T15:12:24.317889+00:00,nonpad_flattened,Qwen/Qwen2.5-0.5B
114688,128,1,64,main,wikitext,wikitext-2-raw-v1,validation,cuda,float32,128,qwen_dynamical_edge_normal_long,0be219064d7f2de285c4637dbbf99d87feb1bdfb,"[1, 128, 896]",inputs_embeds,paper_style_feedback_dynamics,Qwen/Qwen2.5-0.5B,0.012286260724067688,direct,fixed_random,-15.793209075927734,-15.559538841247559,1.0,1,128,4591.55126953125,90.88823699951172,38,final_hidden,2026-07-10T15:12:24.317889+00:00,nonpad_flattened,Qwen/Qwen2.5-0.5B
114688,128,1,64,main,wikitext,wikitext-2-raw-v1,validation,cuda,float32,128,qwen_dynamical_edge_normal_long,0be219064d7f2de285c4637dbbf99d87feb1bdfb,"[1, 128, 896]",inputs_embeds,paper_style_feedback_dynamics,Qwen/Qwen2.5-0.5B,0.010179123841226101,direct,fixed_random,-15.549457550048828,-15.793209075927734,1.0,1,128,4587.671875,93.59027099609375,39,final_hidden,2026-07-10T15:12:24.317889+00:00,nonpad_flattened,Qwen/Qwen2.5-0.5B
114688,128,1,64,main,wikitext,wikitext-2-raw-v1,validation,cuda,float32,128,qwen_dynamical_edge_normal_long,0be219064d7f2de285c4637dbbf99d87feb1bdfb,"[1, 128, 896]",inputs_embeds,paper_style_feedback_dynamics,Qwen/Qwen2.5-0.5B,0.010775038041174412,direct,fixed_random,-15.791638374328613,-15.549457550048828,1.0,1,128,4591.7158203125,98.03330993652344,40,final_hidden,2026-07-10T15:12:24.317889+00:00,nonpad_flattened,Qwen/Qwen2.5-0.5B
114688,128,1,64,main,wikitext,wikitext-2-raw-v1,validation,cuda,float32,128,qwen_dynamical_edge_normal_long,0be219064d7f2de285c4637dbbf99d87feb1bdfb,"[1, 128, 896]",inputs_embeds,paper_style_feedback_dynamics,Qwen/Qwen2.5-0.5B,0.010127170011401176,direct,fixed_random,-15.55674934387207,-15.791638374328613,1.0,1,128,4587.44775390625,95.03268432617188,41,final_hidden,2026-07-10T15:12:24.317889+00:00,nonpad_flattened,Qwen/Qwen2.5-0.5B
114688,128,1,64,main,wikitext,wikitext-2-raw-v1,validation,cuda,float32,128,qwen_dynamical_edge_normal_long,0be219064d7f2de285c4637dbbf99d87feb1bdfb,"[1, 128, 896]",inputs_embeds,paper_style_feedback_dynamics,Qwen/Qwen2.5-0.5B,0.009095723740756512,direct,fixed_random,-15.770777702331543,-15.55674934387207,1.0,1,128,4591.1484375,90.48444366455078,42,final_hidden,2026-07-10T15:12:24.317889+00:00,nonpad_flattened,Qwen/Qwen2.5-0.5B
114688,128,1,64,main,wikitext,wikitext-2-raw-v1,validation,cuda,float32,128,qwen_dynamical_edge_normal_long,0be219064d7f2de285c4637dbbf99d87feb1bdfb,"[1, 128, 896]",inputs_embeds,paper_style_feedback_dynamics,Qwen/Qwen2.5-0.5B,0.007501036394387484,direct,fixed_random,-15.516620635986328,-15.770777702331543,1.0,1,128,4587.7109375,93.42031860351562,43,final_hidden,2026-07-10T15:12:24.317889+00:00,nonpad_flattened,Qwen/Qwen2.5-0.5B
114688,128,1,64,main,wikitext,wikitext-2-raw-v1,validation,cuda,float32,128,qwen_dynamical_edge_normal_long,0be219064d7f2de285c4637dbbf99d87feb1bdfb,"[1, 128, 896]",inputs_embeds,paper_style_feedback_dynamics,Qwen/Qwen2.5-0.5B,0.008591610006988049,direct,fixed_random,-15.73853874206543,-15.516620635986328,1.0,1,128,4591.541015625,98.15485382080078,44,final_hidden,2026-07-10T15:12:24.317889+00:00,nonpad_flattened,Qwen/Qwen2.5-0.5B
114688,128,1,64,main,wikitext,wikitext-2-raw-v1,validation,cuda,float32,128,qwen_dynamical_edge_normal_long,0be219064d7f2de285c4637dbbf99d87feb1bdfb,"[1, 128, 896]",inputs_embeds,paper_style_feedback_dynamics,Qwen/Qwen2.5-0.5B,0.007547982037067413,direct,fixed_random,-15.501321792602539,-15.73853874206543,1.0,1,128,4587.84130859375,95.53124237060547,45,final_hidden,2026-07-10T15:12:24.317889+00:00,nonpad_flattened,Qwen/Qwen2.5-0.5B
114688,128,1,64,main,wikitext,wikitext-2-raw-v1,validation,cuda,float32,128,qwen_dynamical_edge_normal_long,0be219064d7f2de285c4637dbbf99d87feb1bdfb,"[1, 128, 896]",inputs_embeds,paper_style_feedback_dynamics,Qwen/Qwen2.5-0.5B,0.00750685716047883,direct,fixed_random,-15.698568344116211,-15.501321792602539,1.0,1,128,4591.1748046875,91.23490905761719,46,final_hidden,2026-07-10T15:12:24.317889+00:00,nonpad_flattened,Qwen/Qwen2.5-0.5B
114688,128,1,64,main,wikitext,wikitext-2-raw-v1,validation,cuda,float32,128,qwen_dynamical_edge_normal_long,0be219064d7f2de285c4637dbbf99d87feb1bdfb,"[1, 128, 896]",inputs_embeds,paper_style_feedback_dynamics,Qwen/Qwen2.5-0.5B,0.006007651798427105,direct,fixed_random,-15.451530456542969,-15.698568344116211,1.0,1,128,4588.390625,94.42849731445312,47,final_hidden,2026-07-10T15:12:24.317889+00:00,nonpad_flattened,Qwen/Qwen2.5-0.5B
114688,128,1,64,main,wikitext,wikitext-2-raw-v1,validation,cuda,float32,128,qwen_dynamical_edge_normal_long,0be219064d7f2de285c4637dbbf99d87feb1bdfb,"[1, 128, 896]",inputs_embeds,paper_style_feedback_dynamics,Qwen/Qwen2.5-0.5B,0.0073437863029539585,direct,fixed_random,-15.663337707519531,-15.451530456542969,1.0,1,128,4591.7822265625,99.32825469970703,48,final_hidden,2026-07-10T15:12:24.317889+00:00,nonpad_flattened,Qwen/Qwen2.5-0.5B
114688,128,1,64,main,wikitext,wikitext-2-raw-v1,validation,cuda,float32,128,qwen_dynamical_edge_normal_long,0be219064d7f2de285c4637dbbf99d87feb1bdfb,"[1, 128, 896]",inputs_embeds,paper_style_feedback_dynamics,Qwen/Qwen2.5-0.5B,0.005736977327615023,direct,fixed_random,-15.441060066223145,-15.663337707519531,1.0,1,128,4588.734375,96.93538665771484,49,final_hidden,2026-07-10T15:12:24.317889+00:00,nonpad_flattened,Qwen/Qwen2.5-0.5B
114688,128,1,64,main,wikitext,wikitext-2-raw-v1,validation,cuda,float32,128,qwen_dynamical_edge_normal_long,0be219064d7f2de285c4637dbbf99d87feb1bdfb,"[1, 128, 896]",inputs_embeds,paper_style_feedback_dynamics,Qwen/Qwen2.5-0.5B,0.006307567004114389,direct,fixed_random,-15.636171340942383,-15.441060066223145,1.0,1,128,4591.6572265625,92.77869415283203,50,final_hidden,2026-07-10T15:12:24.317889+00:00,nonpad_flattened,Qwen/Qwen2.5-0.5B
114688,128,1,64,main,wikitext,wikitext-2-raw-v1,validation,cuda,float32,128,qwen_dynamical_edge_normal_long,0be219064d7f2de285c4637dbbf99d87feb1bdfb,"[1, 128, 896]",inputs_embeds,paper_style_feedback_dynamics,Qwen/Qwen2.5-0.5B,0.004850231576710939,direct,fixed_random,-15.409555435180664,-15.636171340942383,1.0,1,128,4589.40673828125,95.97276306152344,51,final_hidden,2026-07-10T15:12:24.317889+00:00,nonpad_flattened,Qwen/Qwen2.5-0.5B
114688,128,1,64,main,wikitext,wikitext-2-raw-v1,validation,cuda,float32,128,qwen_dynamical_edge_normal_long,0be219064d7f2de285c4637dbbf99d87feb1bdfb,"[1, 128, 896]",inputs_embeds,paper_style_feedback_dynamics,Qwen/Qwen2.5-0.5B,0.006285261362791061,direct,fixed_random,-15.627439498901367,-15.409555435180664,1.0,1,128,4592.54052734375,100.87067413330078,52,final_hidden,2026-07-10T15:12:24.317889+00:00,nonpad_flattened,Qwen/Qwen2.5-0.5B
114688,128,1,64,main,wikitext,wikitext-2-raw-v1,validation,cuda,float32,128,qwen_dynamical_edge_normal_long,0be219064d7f2de285c4637dbbf99d87feb1bdfb,"[1, 128, 896]",inputs_embeds,paper_style_feedback_dynamics,Qwen/Qwen2.5-0.5B,0.004602292086929083,direct,fixed_random,-15.427946090698242,-15.627439498901367,1.0,1,128,4589.8447265625,98.351318359375,53,final_hidden,2026-07-10T15:12:24.317889+00:00,nonpad_flattened,Qwen/Qwen2.5-0.5B
114688,128,1,64,main,wikitext,wikitext-2-raw-v1,validation,cuda,float32,128,qwen_dynamical_edge_normal_long,0be219064d7f2de285c4637dbbf99d87feb1bdfb,"[1, 128, 896]",inputs_embeds,paper_style_feedback_dynamics,Qwen/Qwen2.5-0.5B,0.005525688175112009,direct,fixed_random,-15.633784294128418,-15.427946090698242,1.0,1,128,4592.6630859375,94.19302368164062,54,final_hidden,2026-07-10T15:12:24.317889+00:00,nonpad_flattened,Qwen/Qwen2.5-0.5B
114688,128,1,64,main,wikitext,wikitext-2-raw-v1,validation,cuda,float32,128,qwen_dynamical_edge_normal_long,0be219064d7f2de285c4637dbbf99d87feb1bdfb,"[1, 128, 896]",inputs_embeds,paper_style_feedback_dynamics,Qwen/Qwen2.5-0.5B,0.004229487851262093,direct,fixed_random,-15.430798530578613,-15.633784294128418,1.0,1,128,4590.6484375,97.39871978759766,55,final_hidden,2026-07-10T15:12:24.317889+00:00,nonpad_flattened,Qwen/Qwen2.5-0.5B
114688,128,1,64,main,wikitext,wikitext-2-raw-v1,validation,cuda,float32,128,qwen_dynamical_edge_normal_long,0be219064d7f2de285c4637dbbf99d87feb1bdfb,"[1, 128, 896]",inputs_embeds,paper_style_feedback_dynamics,Qwen/Qwen2.5-0.5B,0.005677078850567341,direct,fixed_random,-15.660747528076172,-15.430798530578613,1.0,1,128,4593.7734375,102.28874969482422,56,final_hidden,2026-07-10T15:12:24.317889+00:00,nonpad_flattened,Qwen/Qwen2.5-0.5B
114688,128,1,64,main,wikitext,wikitext-2-raw-v1,validation,cuda,float32,128,qwen_dynamical_edge_normal_long,0be219064d7f2de285c4637dbbf99d87feb1bdfb,"[1, 128, 896]",inputs_embeds,paper_style_feedback_dynamics,Qwen/Qwen2.5-0.5B,0.004032432101666927,direct,fixed_random,-15.482132911682129,-15.660747528076172,1.0,1,128,4591.21728515625,99.63749694824219,57,final_hidden,2026-07-10T15:12:24.317889+00:00,nonpad_flattened,Qwen/Qwen2.5-0.5B
114688,128,1,64,main,wikitext,wikitext-2-raw-v1,validation,cuda,float32,128,qwen_dynamical_edge_normal_long,0be219064d7f2de285c4637dbbf99d87feb1bdfb,"[1, 128, 896]",inputs_embeds,paper_style_feedback_dynamics,Qwen/Qwen2.5-0.5B,0.00524156354367733,direct,fixed_random,-15.698169708251953,-15.482132911682129,1.0,1,128,4594.05810546875,95.33741760253906,58,final_hidden,2026-07-10T15:12:24.317889+00:00,nonpad_flattened,Qwen/Qwen2.5-0.5B
114688,128,1,64,main,wikitext,wikitext-2-raw-v1,validation,cuda,float32,128,qwen_dynamical_edge_normal_long,0be219064d7f2de285c4637dbbf99d87feb1bdfb,"[1, 128, 896]",inputs_embeds,paper_style_feedback_dynamics,Qwen/Qwen2.5-0.5B,0.003901453921571374,direct,fixed_random,-15.512735366821289,-15.698169708251953,1.0,1,128,4592.1435546875,98.53112030029297,59,final_hidden,2026-07-10T15:12:24.317889+00:00,nonpad_flattened,Qwen/Qwen2.5-0.5B
114688,128,1,64,main,wikitext,wikitext-2-raw-v1,validation,cuda,float32,128,qwen_dynamical_edge_normal_long,0be219064d7f2de285c4637dbbf99d87feb1bdfb,"[1, 128, 896]",inputs_embeds,paper_style_feedback_dynamics,Qwen/Qwen2.5-0.5B,0.005195171572268009,direct,fixed_random,-15.751917839050293,-15.512735366821289,1.0,1,128,4595.306640625,103.32566833496094,60,final_hidden,2026-07-10T15:12:24.317889+00:00,nonpad_flattened,Qwen/Qwen2.5-0.5B
114688,128,1,64,main,wikitext,wikitext-2-raw-v1,validation,cuda,float32,128,qwen_dynamical_edge_normal_long,0be219064d7f2de285c4637dbbf99d87feb1bdfb,"[1, 128, 896]",inputs_embeds,paper_style_feedback_dynamics,Qwen/Qwen2.5-0.5B,0.0036469902843236923,direct,fixed_random,-15.585941314697266,-15.751917839050293,1.0,1,128,4592.76904296875,100.40999603271484,61,final_hidden,2026-07-10T15:12:24.317889+00:00,nonpad_flattened,Qwen/Qwen2.5-0.5B
114688,128,1,64,main,wikitext,wikitext-2-raw-v1,validation,cuda,float32,128,qwen_dynamical_edge_normal_long,0be219064d7f2de285c4637dbbf99d87feb1bdfb,"[1, 128, 896]",inputs_embeds,paper_style_feedback_dynamics,Qwen/Qwen2.5-0.5B,0.0049324044957757,direct,fixed_random,-15.810068130493164,-15.585941314697266,1.0,1,128,4595.66015625,95.83685302734375,62,final_hidden,2026-07-10T15:12:24.317889+00:00,nonpad_flattened,Qwen/Qwen2.5-0.5B
114688,128,1,64,main,wikitext,wikitext-2-raw-v1,validation,cuda,float32,128,qwen_dynamical_edge_normal_long,0be219064d7f2de285c4637dbbf99d87feb1bdfb,"[1, 128, 896]",inputs_embeds,paper_style_feedback_dynamics,Qwen/Qwen2.5-0.5B,0.003628568956628442,direct,fixed_random,-15.633990287780762,-15.810068130493164,1.0,1,128,4593.7265625,98.92183685302734,63,final_hidden,2026-07-10T15:12:24.317889+00:00,nonpad_flattened,Qwen/Qwen2.5-0.5B
114688,128,1,64,main,wikitext,wikitext-2-raw-v1,validation,cuda,float32,128,qwen_dynamical_edge_normal_long,0be219064d7f2de285c4637dbbf99d87feb1bdfb,"[1, 128, 896]",inputs_embeds,paper_style_feedback_dynamics,Qwen/Qwen2.5-0.5B,0.005076803732663393,direct,fixed_random,-15.881315231323242,-15.633990287780762,1.0,1,128,4596.953125,103.60078430175781,64,final_hidden,2026-07-10T15:12:24.317889+00:00,nonpad_flattened,Qwen/Qwen2.5-0.5B
114688,128,1,64,main,wikitext,wikitext-2-raw-v1,validation,cuda,float32,128,qwen_dynamical_edge_normal_long,0be219064d7f2de285c4637dbbf99d87feb1bdfb,"[1, 128, 896]",inputs_embeds,paper_style_feedback_dynamics,Qwen/Qwen2.5-0.5B,0.0033744138199836016,direct,fixed_random,-15.720536231994629,-15.881315231323242,1.0,1,128,4594.3271484375,100.41390991210938,65,final_hidden,2026-07-10T15:12:24.317889+00:00,nonpad_flattened,Qwen/Qwen2.5-0.5B
114688,128,1,64,main,wikitext,wikitext-2-raw-v1,validation,cuda,float32,128,qwen_dynamical_edge_normal_long,0be219064d7f2de285c4637dbbf99d87feb1bdfb,"[1, 128, 896]",inputs_embeds,paper_style_feedback_dynamics,Qwen/Qwen2.5-0.5B,0.004701404832303524,direct,fixed_random,-15.952009201049805,-15.720536231994629,1.0,1,128,4597.29541015625,95.5832290649414,66,final_hidden,2026-07-10T15:12:24.317889+00:00,nonpad_flattened,Qwen/Qwen2.5-0.5B
114688,128,1,64,main,wikitext,wikitext-2-raw-v1,validation,cuda,float32,128,qwen_dynamical_edge_normal_long,0be219064d7f2de285c4637dbbf99d87feb1bdfb,"[1, 128, 896]",inputs_embeds,paper_style_feedback_dynamics,Qwen/Qwen2.5-0.5B,0.0033302363008260727,direct,fixed_random,-15.77854061126709,-15.952009201049805,1.0,1,128,4595.24462890625,98.56410217285156,67,final_hidden,2026-07-10T15:12:24.317889+00:00,nonpad_flattened,Qwen/Qwen2.5-0.5B
114688,128,1,64,main,wikitext,wikitext-2-raw-v1,validation,cuda,float32,128,qwen_dynamical_edge_normal_long,0be219064d7f2de285c4637dbbf99d87feb1bdfb,"[1, 128, 896]",inputs_embeds,paper_style_feedback_dynamics,Qwen/Qwen2.5-0.5B,0.0047186678275465965,direct,fixed_random,-16.032682418823242,-15.77854061126709,1.0,1,128,4598.55712890625,103.1839599609375,68,final_hidden,2026-07-10T15:12:24.317889+00:00,nonpad_flattened,Qwen/Qwen2.5-0.5B
114688,128,1,64,main,wikitext,wikitext-2-raw-v1,validation,cuda,float32,128,qwen_dynamical_edge_normal_long,0be219064d7f2de285c4637dbbf99d87feb1bdfb,"[1, 128, 896]",inputs_embeds,paper_style_feedback_dynamics,Qwen/Qwen2.5-0.5B,0.003074192674830556,direct,fixed_random,-15.871323585510254,-16.032682418823242,1.0,1,128,4595.771484375,99.81937408447266,69,final_hidden,2026-07-10T15:12:24.317889+00:00,nonpad_flattened,Qwen/Qwen2.5-0.5B
114688,128,1,64,main,wikitext,wikitext-2-raw-v1,validation,cuda,float32,128,qwen_dynamical_edge_normal_long,0be219064d7f2de285c4637dbbf99d87feb1bdfb,"[1, 128, 896]",inputs_embeds,paper_style_feedback_dynamics,Qwen/Qwen2.5-0.5B,0.004478128161281347,direct,fixed_random,-16.108049392700195,-15.871323585510254,1.0,1,128,4598.83349609375,94.81878662109375,70,final_hidden,2026-07-10T15:12:24.317889+00:00,nonpad_flattened,Qwen/Qwen2.5-0.5B
114688,128,1,64,main,wikitext,wikitext-2-raw-v1,validation,cuda,float32,128,qwen_dynamical_edge_normal_long,0be219064d7f2de285c4637dbbf99d87feb1bdfb,"[1, 128, 896]",inputs_embeds,paper_style_feedback_dynamics,Qwen/Qwen2.5-0.5B,0.0032479511573910713,direct,fixed_random,-15.931731224060059,-16.108049392700195,1.0,1,128,4596.603515625,97.7299575805664,71,final_hidden,2026-07-10T15:12:24.317889+00:00,nonpad_flattened,Qwen/Qwen2.5-0.5B
114688,128,1,64,main,wikitext,wikitext-2-raw-v1,validation,cuda,float32,128,qwen_dynamical_edge_normal_long,0be219064d7f2de285c4637dbbf99d87feb1bdfb,"[1, 128, 896]",inputs_embeds,paper_style_feedback_dynamics,Qwen/Qwen2.5-0.5B,0.004743038211017847,direct,fixed_random,-16.189781188964844,-15.931731224060059,1.0,1,128,4600.009765625,102.34686279296875,72,final_hidden,2026-07-10T15:12:24.317889+00:00,nonpad_flattened,Qwen/Qwen2.5-0.5B
114688,128,1,64,main,wikitext,wikitext-2-raw-v1,validation,cuda,float32,128,qwen_dynamical_edge_normal_long,0be219064d7f2de285c4637dbbf99d87feb1bdfb,"[1, 128, 896]",inputs_embeds,paper_style_feedback_dynamics,Qwen/Qwen2.5-0.5B,0.0031629002187401056,direct,fixed_random,-16.023231506347656,-16.189781188964844,1.0,1,128,4597.03125,98.90982818603516,73,final_hidden,2026-07-10T15:12:24.317889+00:00,nonpad_flattened,Qwen/Qwen2.5-0.5B
114688,128,1,64,main,wikitext,wikitext-2-raw-v1,validation,cuda,float32,128,qwen_dynamical_edge_normal_long,0be219064d7f2de285c4637dbbf99d87feb1bdfb,"[1, 128, 896]",inputs_embeds,paper_style_feedback_dynamics,Qwen/Qwen2.5-0.5B,0.0044590807519853115,direct,fixed_random,-16.26197052001953,-16.023231506347656,1.0,1,128,4600.1826171875,93.82746124267578,74,final_hidden,2026-07-10T15:12:24.317889+00:00,nonpad_flattened,Qwen/Qwen2.5-0.5B
114688,128,1,64,main,wikitext,wikitext-2-raw-v1,validation,cuda,float32,128,qwen_dynamical_edge_normal_long,0be219064d7f2de285c4637dbbf99d87feb1bdfb,"[1, 128, 896]",inputs_embeds,paper_style_feedback_dynamics,Qwen/Qwen2.5-0.5B,0.0032703320030122995,direct,fixed_random,-16.078645706176758,-16.26197052001953,1.0,1,128,4597.75146484375,96.70268249511719,75,final_hidden,2026-07-10T15:12:24.317889+00:00,nonpad_flattened,Qwen/Qwen2.5-0.5B
114688,128,1,64,main,wikitext,wikitext-2-raw-v1,validation,cuda,float32,128,qwen_dynamical_edge_normal_long,0be219064d7f2de285c4637dbbf99d87feb1bdfb,"[1, 128, 896]",inputs_embeds,paper_style_feedback_dynamics,Qwen/Qwen2.5-0.5B,0.004845906514674425,direct,fixed_random,-16.33734893798828,-16.078645706176758,1.0,1,128,4601.23876953125,101.35101318359375,76,final_hidden,2026-07-10T15:12:24.317889+00:00,nonpad_flattened,Qwen/Qwen2.5-0.5B
114688,128,1,64,main,wikitext,wikitext-2-raw-v1,validation,cuda,float32,128,qwen_dynamical_edge_normal_long,0be219064d7f2de285c4637dbbf99d87feb1bdfb,"[1, 128, 896]",inputs_embeds,paper_style_feedback_dynamics,Qwen/Qwen2.5-0.5B,0.003273364622145891,direct,fixed_random,-16.16252326965332,-16.33734893798828,1.0,1,128,4598.06689453125,97.92266082763672,77,final_hidden,2026-07-10T15:12:24.317889+00:00,nonpad_flattened,Qwen/Qwen2.5-0.5B
114688,128,1,64,main,wikitext,wikitext-2-raw-v1,validation,cuda,float32,128,qwen_dynamical_edge_normal_long,0be219064d7f2de285c4637dbbf99d87feb1bdfb,"[1, 128, 896]",inputs_embeds,paper_style_feedback_dynamics,Qwen/Qwen2.5-0.5B,0.004668818786740303,direct,fixed_random,-16.400419235229492,-16.16252326965332,1.0,1,128,4601.2890625,92.82395935058594,78,final_hidden,2026-07-10T15:12:24.317889+00:00,nonpad_flattened,Qwen/Qwen2.5-0.5B
114688,128,1,64,main,wikitext,wikitext-2-raw-v1,validation,cuda,float32,128,qwen_dynamical_edge_normal_long,0be219064d7f2de285c4637dbbf99d87feb1bdfb,"[1, 128, 896]",inputs_embeds,paper_style_feedback_dynamics,Qwen/Qwen2.5-0.5B,0.0032975096255540848,direct,fixed_random,-16.207836151123047,-16.400419235229492,1.0,1,128,4598.66552734375,95.68891143798828,79,final_hidden,2026-07-10T15:12:24.317889+00:00,nonpad_flattened,Qwen/Qwen2.5-0.5B
114688,128,1,64,main,wikitext,wikitext-2-raw-v1,validation,cuda,float32,128,qwen_dynamical_edge_normal_long,0be219064d7f2de285c4637dbbf99d87feb1bdfb,"[1, 128, 896]",inputs_embeds,paper_style_feedback_dynamics,Qwen/Qwen2.5-0.5B,0.004719148855656385,direct,fixed_random,-16.46489143371582,-16.207836151123047,1.0,1,128,4602.21484375,100.38423919677734,80,final_hidden,2026-07-10T15:12:24.317889+00:00,nonpad_flattened,Qwen/Qwen2.5-0.5B
114688,128,1,64,main,wikitext,wikitext-2-raw-v1,validation,cuda,float32,128,qwen_dynamical_edge_normal_long,0be219064d7f2de285c4637dbbf99d87feb1bdfb,"[1, 128, 896]",inputs_embeds,paper_style_feedback_dynamics,Qwen/Qwen2.5-0.5B,0.0031699088867753744,direct,fixed_random,-16.280597686767578,-16.46489143371582,1.0,1,128,4598.87255859375,97.01475524902344,81,final_hidden,2026-07-10T15:12:24.317889+00:00,nonpad_flattened,Qwen/Qwen2.5-0.5B
114688,128,1,64,main,wikitext,wikitext-2-raw-v1,validation,cuda,float32,128,qwen_dynamical_edge_normal_long,0be219064d7f2de285c4637dbbf99d87feb1bdfb,"[1, 128, 896]",inputs_embeds,paper_style_feedback_dynamics,Qwen/Qwen2.5-0.5B,0.004673842340707779,direct,fixed_random,-16.516050338745117,-16.280597686767578,1.0,1,128,4602.14501953125,91.94014739990234,82,final_hidden,2026-07-10T15:12:24.317889+00:00,nonpad_flattened,Qwen/Qwen2.5-0.5B
114688,128,1,64,main,wikitext,wikitext-2-raw-v1,validation,cuda,float32,128,qwen_dynamical_edge_normal_long,0be219064d7f2de285c4637dbbf99d87feb1bdfb,"[1, 128, 896]",inputs_embeds,paper_style_feedback_dynamics,Qwen/Qwen2.5-0.5B,0.0033211486879736185,direct,fixed_random,-16.313764572143555,-16.516050338745117,1.0,1,128,4599.35693359375,94.80982208251953,83,final_hidden,2026-07-10T15:12:24.317889+00:00,nonpad_flattened,Qwen/Qwen2.5-0.5B
114688,128,1,64,main,wikitext,wikitext-2-raw-v1,validation,cuda,float32,128,qwen_dynamical_edge_normal_long,0be219064d7f2de285c4637dbbf99d87feb1bdfb,"[1, 128, 896]",inputs_embeds,paper_style_feedback_dynamics,Qwen/Qwen2.5-0.5B,0.004823620431125164,direct,fixed_random,-16.568130493164062,-16.313764572143555,1.0,1,128,4602.9482421875,99.55561065673828,84,final_hidden,2026-07-10T15:12:24.317889+00:00,nonpad_flattened,Qwen/Qwen2.5-0.5B
114688,128,1,64,main,wikitext,wikitext-2-raw-v1,validation,cuda,float32,128,qwen_dynamical_edge_normal_long,0be219064d7f2de285c4637dbbf99d87feb1bdfb,"[1, 128, 896]",inputs_embeds,paper_style_feedback_dynamics,Qwen/Qwen2.5-0.5B,0.0032211821526288986,direct,fixed_random,-16.374664306640625,-16.568130493164062,1.0,1,128,4599.4697265625,96.26689147949219,85,final_hidden,2026-07-10T15:12:24.317889+00:00,nonpad_flattened,Qwen/Qwen2.5-0.5B
114688,128,1,64,main,wikitext,wikitext-2-raw-v1,validation,cuda,float32,128,qwen_dynamical_edge_normal_long,0be219064d7f2de285c4637dbbf99d87feb1bdfb,"[1, 128, 896]",inputs_embeds,paper_style_feedback_dynamics,Qwen/Qwen2.5-0.5B,0.004586397670209408,direct,fixed_random,-16.60710334777832,-16.374664306640625,1.0,1,128,4602.7734375,91.23480987548828,86,final_hidden,2026-07-10T15:12:24.317889+00:00,nonpad_flattened,Qwen/Qwen2.5-0.5B
114688,128,1,64,main,wikitext,wikitext-2-raw-v1,validation,cuda,float32,128,qwen_dynamical_edge_normal_long,0be219064d7f2de285c4637dbbf99d87feb1bdfb,"[1, 128, 896]",inputs_embeds,paper_style_feedback_dynamics,Qwen/Qwen2.5-0.5B,0.0032352476846426725,direct,fixed_random,-16.39588165283203,-16.60710334777832,1.0,1,128,4599.8583984375,94.11373138427734,87,final_hidden,2026-07-10T15:12:24.317889+00:00,nonpad_flattened,Qwen/Qwen2.5-0.5B
114688,128,1,64,main,wikitext,wikitext-2-raw-v1,validation,cuda,float32,128,qwen_dynamical_edge_normal_long,0be219064d7f2de285c4637dbbf99d87feb1bdfb,"[1, 128, 896]",inputs_embeds,paper_style_feedback_dynamics,Qwen/Qwen2.5-0.5B,0.00458681071177125,direct,fixed_random,-16.64736557006836,-16.39588165283203,1.0,1,128,4603.4755859375,98.90605926513672,88,final_hidden,2026-07-10T15:12:24.317889+00:00,nonpad_flattened,Qwen/Qwen2.5-0.5B
114688,128,1,64,main,wikitext,wikitext-2-raw-v1,validation,cuda,float32,128,qwen_dynamical_edge_normal_long,0be219064d7f2de285c4637dbbf99d87feb1bdfb,"[1, 128, 896]",inputs_embeds,paper_style_feedback_dynamics,Qwen/Qwen2.5-0.5B,0.003096141153946519,direct,fixed_random,-16.445871353149414,-16.64736557006836,1.0,1,128,4599.8974609375,95.69917297363281,89,final_hidden,2026-07-10T15:12:24.317889+00:00,nonpad_flattened,Qwen/Qwen2.5-0.5B
114688,128,1,64,main,wikitext,wikitext-2-raw-v1,validation,cuda,float32,128,qwen_dynamical_edge_normal_long,0be219064d7f2de285c4637dbbf99d87feb1bdfb,"[1, 128, 896]",inputs_embeds,paper_style_feedback_dynamics,Qwen/Qwen2.5-0.5B,0.004246753640472889,direct,fixed_random,-16.675369262695312,-16.445871353149414,1.0,1,128,4603.216796875,90.71143341064453,90,final_hidden,2026-07-10T15:12:24.317889+00:00,nonpad_flattened,Qwen/Qwen2.5-0.5B
114688,128,1,64,main,wikitext,wikitext-2-raw-v1,validation,cuda,float32,128,qwen_dynamical_edge_normal_long,0be219064d7f2de285c4637dbbf99d87feb1bdfb,"[1, 128, 896]",inputs_embeds,paper_style_feedback_dynamics,Qwen/Qwen2.5-0.5B,0.003030255204066634,direct,fixed_random,-16.45659828186035,-16.675369262695312,1.0,1,128,4600.2119140625,93.59857177734375,91,final_hidden,2026-07-10T15:12:24.317889+00:00,nonpad_flattened,Qwen/Qwen2.5-0.5B
114688,128,1,64,main,wikitext,wikitext-2-raw-v1,validation,cuda,float32,128,qwen_dynamical_edge_normal_long,0be219064d7f2de285c4637dbbf99d87feb1bdfb,"[1, 128, 896]",inputs_embeds,paper_style_feedback_dynamics,Qwen/Qwen2.5-0.5B,0.004188846331089735,direct,fixed_random,-16.70547103881836,-16.45659828186035,1.0,1,128,4603.8408203125,98.43058013916016,92,final_hidden,2026-07-10T15:12:24.317889+00:00,nonpad_flattened,Qwen/Qwen2.5-0.5B
114688,128,1,64,main,wikitext,wikitext-2-raw-v1,validation,cuda,float32,128,qwen_dynamical_edge_normal_long,0be219064d7f2de285c4637dbbf99d87feb1bdfb,"[1, 128, 896]",inputs_embeds,paper_style_feedback_dynamics,Qwen/Qwen2.5-0.5B,0.002901319647207856,direct,fixed_random,-16.497440338134766,-16.70547103881836,1.0,1,128,4600.1962890625,95.29442596435547,93,final_hidden,2026-07-10T15:12:24.317889+00:00,nonpad_flattened,Qwen/Qwen2.5-0.5B
114688,128,1,64,main,wikitext,wikitext-2-raw-v1,validation,cuda,float32,128,qwen_dynamical_edge_normal_long,0be219064d7f2de285c4637dbbf99d87feb1bdfb,"[1, 128, 896]",inputs_embeds,paper_style_feedback_dynamics,Qwen/Qwen2.5-0.5B,0.003918148577213287,direct,fixed_random,-16.724382400512695,-16.497440338134766,1.0,1,128,4603.52001953125,90.34355926513672,94,final_hidden,2026-07-10T15:12:24.317889+00:00,nonpad_flattened,Qwen/Qwen2.5-0.5B
114688,128,1,64,main,wikitext,wikitext-2-raw-v1,validation,cuda,float32,128,qwen_dynamical_edge_normal_long,0be219064d7f2de285c4637dbbf99d87feb1bdfb,"[1, 128, 896]",inputs_embeds,paper_style_feedback_dynamics,Qwen/Qwen2.5-0.5B,0.0029218841809779406,direct,fixed_random,-16.49959373474121,-16.724382400512695,1.0,1,128,4600.4560546875,93.23602294921875,95,final_hidden,2026-07-10T15:12:24.317889+00:00,nonpad_flattened,Qwen/Qwen2.5-0.5B
114688,128,1,64,main,wikitext,wikitext-2-raw-v1,validation,cuda,float32,128,qwen_dynamical_edge_normal_long,0be219064d7f2de285c4637dbbf99d87feb1bdfb,"[1, 128, 896]",inputs_embeds,paper_style_feedback_dynamics,Qwen/Qwen2.5-0.5B,0.004129038657993078,direct,fixed_random,-16.74631118774414,-16.49959373474121,1.0,1,128,4604.087890625,98.10114288330078,96,final_hidden,2026-07-10T15:12:24.317889+00:00,nonpad_flattened,Qwen/Qwen2.5-0.5B
114688,128,1,64,main,wikitext,wikitext-2-raw-v1,validation,cuda,float32,128,qwen_dynamical_edge_normal_long,0be219064d7f2de285c4637dbbf99d87feb1bdfb,"[1, 128, 896]",inputs_embeds,paper_style_feedback_dynamics,Qwen/Qwen2.5-0.5B,0.0028755762614309788,direct,fixed_random,-16.533206939697266,-16.74631118774414,1.0,1,128,4600.40283203125,95.02000427246094,97,final_hidden,2026-07-10T15:12:24.317889+00:00,nonpad_flattened,Qwen/Qwen2.5-0.5B
114688,128,1,64,main,wikitext,wikitext-2-raw-v1,validation,cuda,float32,128,qwen_dynamical_edge_normal_long,0be219064d7f2de285c4637dbbf99d87feb1bdfb,"[1, 128, 896]",inputs_embeds,paper_style_feedback_dynamics,Qwen/Qwen2.5-0.5B,0.004045655485242605,direct,fixed_random,-16.758026123046875,-16.533206939697266,1.0,1,128,4603.72265625,90.09425354003906,98,final_hidden,2026-07-10T15:12:24.317889+00:00,nonpad_flattened,Qwen/Qwen2.5-0.5B
114688,128,1,64,main,wikitext,wikitext-2-raw-v1,validation,cuda,float32,128,qwen_dynamical_edge_normal_long,0be219064d7f2de285c4637dbbf99d87feb1bdfb,"[1, 128, 896]",inputs_embeds,paper_style_feedback_dynamics,Qwen/Qwen2.5-0.5B,0.00294075277633965,direct,fixed_random,-16.52862548828125,-16.758026123046875,1.0,1,128,4600.62451171875,92.9892578125,99,final_hidden,2026-07-10T15:12:24.317889+00:00,nonpad_flattened,Qwen/Qwen2.5-0.5B
114688,128,1,64,main,wikitext,wikitext-2-raw-v1,validation,cuda,float32,128,qwen_dynamical_edge_normal_long,0be219064d7f2de285c4637dbbf99d87feb1bdfb,"[1, 128, 896]",inputs_embeds,paper_style_feedback_dynamics,Qwen/Qwen2.5-0.5B,0.004059141036123037,direct,fixed_random,-16.77362823486328,-16.52862548828125,1.0,1,128,4604.2509765625,97.88147735595703,100,final_hidden,2026-07-10T15:12:24.317889+00:00,nonpad_flattened,Qwen/Qwen2.5-0.5B
114688,128,1,64,main,wikitext,wikitext-2-raw-v1,validation,cuda,float32,128,qwen_dynamical_edge_normal_long,0be219064d7f2de285c4637dbbf99d87feb1bdfb,"[1, 128, 896]",inputs_embeds,paper_style_feedback_dynamics,Qwen/Qwen2.5-0.5B,0.0029587303288280964,direct,fixed_random,-16.556665420532227,-16.77362823486328,1.0,1,128,4600.54443359375,94.83934020996094,101,final_hidden,2026-07-10T15:12:24.317889+00:00,nonpad_flattened,Qwen/Qwen2.5-0.5B
114688,128,1,64,main,wikitext,wikitext-2-raw-v1,validation,cuda,float32,128,qwen_dynamical_edge_normal_long,0be219064d7f2de285c4637dbbf99d87feb1bdfb,"[1, 128, 896]",inputs_embeds,paper_style_feedback_dynamics,Qwen/Qwen2.5-0.5B,0.0038930303417146206,direct,fixed_random,-16.77979278564453,-16.556665420532227,1.0,1,128,4603.8544921875,89.9280014038086,102,final_hidden,2026-07-10T15:12:24.317889+00:00,nonpad_flattened,Qwen/Qwen2.5-0.5B
114688,128,1,64,main,wikitext,wikitext-2-raw-v1,validation,cuda,float32,128,qwen_dynamical_edge_normal_long,0be219064d7f2de285c4637dbbf99d87feb1bdfb,"[1, 128, 896]",inputs_embeds,paper_style_feedback_dynamics,Qwen/Qwen2.5-0.5B,0.0029778429307043552,direct,fixed_random,-16.54689598083496,-16.77979278564453,1.0,1,128,4600.73828125,92.82373809814453,103,final_hidden,2026-07-10T15:12:24.317889+00:00,nonpad_flattened,Qwen/Qwen2.5-0.5B
114688,128,1,64,main,wikitext,wikitext-2-raw-v1,validation,cuda,float32,128,qwen_dynamical_edge_normal_long,0be219064d7f2de285c4637dbbf99d87feb1bdfb,"[1, 128, 896]",inputs_embeds,paper_style_feedback_dynamics,Qwen/Qwen2.5-0.5B,0.003791831200942397,direct,fixed_random,-16.790559768676758,-16.54689598083496,1.0,1,128,4604.35546875,97.73722839355469,104,final_hidden,2026-07-10T15:12:24.317889+00:00,nonpad_flattened,Qwen/Qwen2.5-0.5B
114688,128,1,64,main,wikitext,wikitext-2-raw-v1,validation,cuda,float32,128,qwen_dynamical_edge_normal_long,0be219064d7f2de285c4637dbbf99d87feb1bdfb,"[1, 128, 896]",inputs_embeds,paper_style_feedback_dynamics,Qwen/Qwen2.5-0.5B,0.0029754226561635733,direct,fixed_random,-16.570680618286133,-16.790559768676758,1.0,1,128,4600.6396484375,94.72010803222656,105,final_hidden,2026-07-10T15:12:24.317889+00:00,nonpad_flattened,Qwen/Qwen2.5-0.5B
114688,128,1,64,main,wikitext,wikitext-2-raw-v1,validation,cuda,float32,128,qwen_dynamical_edge_normal_long,0be219064d7f2de285c4637dbbf99d87feb1bdfb,"[1, 128, 896]",inputs_embeds,paper_style_feedback_dynamics,Qwen/Qwen2.5-0.5B,0.0036991462111473083,direct,fixed_random,-16.792448043823242,-16.570680618286133,1.0,1,128,4603.93701171875,89.8134994506836,106,final_hidden,2026-07-10T15:12:24.317889+00:00,nonpad_flattened,Qwen/Qwen2.5-0.5B
114688,128,1,64,main,wikitext,wikitext-2-raw-v1,validation,cuda,float32,128,qwen_dynamical_edge_normal_long,0be219064d7f2de285c4637dbbf99d87feb1bdfb,"[1, 128, 896]",inputs_embeds,paper_style_feedback_dynamics,Qwen/Qwen2.5-0.5B,0.0030379523523151875,direct,fixed_random,-16.556922912597656,-16.792448043823242,1.0,1,128,4600.81298828125,92.70903015136719,107,final_hidden,2026-07-10T15:12:24.317889+00:00,nonpad_flattened,Qwen/Qwen2.5-0.5B
114688,128,1,64,main,wikitext,wikitext-2-raw-v1,validation,cuda,float32,128,qwen_dynamical_edge_normal_long,0be219064d7f2de285c4637dbbf99d87feb1bdfb,"[1, 128, 896]",inputs_embeds,paper_style_feedback_dynamics,Qwen/Qwen2.5-0.5B,0.0038730830419808626,direct,fixed_random,-16.799531936645508,-16.556922912597656,1.0,1,128,4604.4189453125,97.6400375366211,108,final_hidden,2026-07-10T15:12:24.317889+00:00,nonpad_flattened,Qwen/Qwen2.5-0.5B
114688,128,1,64,main,wikitext,wikitext-2-raw-v1,validation,cuda,float32,128,qwen_dynamical_edge_normal_long,0be219064d7f2de285c4637dbbf99d87feb1bdfb,"[1, 128, 896]",inputs_embeds,paper_style_feedback_dynamics,Qwen/Qwen2.5-0.5B,0.003126519499346614,direct,fixed_random,-16.577442169189453,-16.799531936645508,1.0,1,128,4600.7001953125,94.63858032226562,109,final_hidden,2026-07-10T15:12:24.317889+00:00,nonpad_flattened,Qwen/Qwen2.5-0.5B
114688,128,1,64,main,wikitext,wikitext-2-raw-v1,validation,cuda,float32,128,qwen_dynamical_edge_normal_long,0be219064d7f2de285c4637dbbf99d87feb1bdfb,"[1, 128, 896]",inputs_embeds,paper_style_feedback_dynamics,Qwen/Qwen2.5-0.5B,0.0037366782780736685,direct,fixed_random,-16.798120498657227,-16.577442169189453,1.0,1,128,4603.98291015625,89.73072052001953,110,final_hidden,2026-07-10T15:12:24.317889+00:00,nonpad_flattened,Qwen/Qwen2.5-0.5B
114688,128,1,64,main,wikitext,wikitext-2-raw-v1,validation,cuda,float32,128,qwen_dynamical_edge_normal_long,0be219064d7f2de285c4637dbbf99d87feb1bdfb,"[1, 128, 896]",inputs_embeds,paper_style_feedback_dynamics,Qwen/Qwen2.5-0.5B,0.0030750033911317587,direct,fixed_random,-16.560619354248047,-16.798120498657227,1.0,1,128,4600.8583984375,92.62626647949219,111,final_hidden,2026-07-10T15:12:24.317889+00:00,nonpad_flattened,Qwen/Qwen2.5-0.5B
114688,128,1,64,main,wikitext,wikitext-2-raw-v1,validation,cuda,float32,128,qwen_dynamical_edge_normal_long,0be219064d7f2de285c4637dbbf99d87feb1bdfb,"[1, 128, 896]",inputs_embeds,paper_style_feedback_dynamics,Qwen/Qwen2.5-0.5B,0.0037258195225149393,direct,fixed_random,-16.80240249633789,-16.560619354248047,1.0,1,128,4604.44970703125,97.57212829589844,112,final_hidden,2026-07-10T15:12:24.317889+00:00,nonpad_flattened,Qwen/Qwen2.5-0.5B
114688,128,1,64,main,wikitext,wikitext-2-raw-v1,validation,cuda,float32,128,qwen_dynamical_edge_normal_long,0be219064d7f2de285c4637dbbf99d87feb1bdfb,"[1, 128, 896]",inputs_embeds,paper_style_feedback_dynamics,Qwen/Qwen2.5-0.5B,0.003101824317127466,direct,fixed_random,-16.578632354736328,-16.80240249633789,1.0,1,128,4600.73388671875,94.5788345336914,113,final_hidden,2026-07-10T15:12:24.317889+00:00,nonpad_flattened,Qwen/Qwen2.5-0.5B
114688,128,1,64,main,wikitext,wikitext-2-raw-v1,validation,cuda,float32,128,qwen_dynamical_edge_normal_long,0be219064d7f2de285c4637dbbf99d87feb1bdfb,"[1, 128, 896]",inputs_embeds,paper_style_feedback_dynamics,Qwen/Qwen2.5-0.5B,0.0038258584681898355,direct,fixed_random,-16.79843521118164,-16.578632354736328,1.0,1,128,4604.00048828125,89.6647720336914,114,final_hidden,2026-07-10T15:12:24.317889+00:00,nonpad_flattened,Qwen/Qwen2.5-0.5B
114688,128,1,64,main,wikitext,wikitext-2-raw-v1,validation,cuda,float32,128,qwen_dynamical_edge_normal_long,0be219064d7f2de285c4637dbbf99d87feb1bdfb,"[1, 128, 896]",inputs_embeds,paper_style_feedback_dynamics,Qwen/Qwen2.5-0.5B,0.003172234632074833,direct,fixed_random,-16.55942726135254,-16.79843521118164,1.0,1,128,4600.8798828125,92.56027221679688,115,final_hidden,2026-07-10T15:12:24.317889+00:00,nonpad_flattened,Qwen/Qwen2.5-0.5B
114688,128,1,64,main,wikitext,wikitext-2-raw-v1,validation,cuda,float32,128,qwen_dynamical_edge_normal_long,0be219064d7f2de285c4637dbbf99d87feb1bdfb,"[1, 128, 896]",inputs_embeds,paper_style_feedback_dynamics,Qwen/Qwen2.5-0.5B,0.003795247059315443,direct,fixed_random,-16.800567626953125,-16.55942726135254,1.0,1,128,4604.45654296875,97.51879119873047,116,final_hidden,2026-07-10T15:12:24.317889+00:00,nonpad_flattened,Qwen/Qwen2.5-0.5B
114688,128,1,64,main,wikitext,wikitext-2-raw-v1,validation,cuda,float32,128,qwen_dynamical_edge_normal_long,0be219064d7f2de285c4637dbbf99d87feb1bdfb,"[1, 128, 896]",inputs_embeds,paper_style_feedback_dynamics,Qwen/Qwen2.5-0.5B,0.0031985598616302013,direct,fixed_random,-16.575525283813477,-16.800567626953125,1.0,1,128,4600.74560546875,94.52944946289062,117,final_hidden,2026-07-10T15:12:24.317889+00:00,nonpad_flattened,Qwen/Qwen2.5-0.5B
114688,128,1,64,main,wikitext,wikitext-2-raw-v1,validation,cuda,float32,128,qwen_dynamical_edge_normal_long,0be219064d7f2de285c4637dbbf99d87feb1bdfb,"[1, 128, 896]",inputs_embeds,paper_style_feedback_dynamics,Qwen/Qwen2.5-0.5B,0.003783969907090068,direct,fixed_random,-16.794639587402344,-16.575525283813477,1.0,1,128,4603.99609375,89.60678100585938,118,final_hidden,2026-07-10T15:12:24.317889+00:00,nonpad_flattened,Qwen/Qwen2.5-0.5B
114688,128,1,64,main,wikitext,wikitext-2-raw-v1,validation,cuda,float32,128,qwen_dynamical_edge_normal_long,0be219064d7f2de285c4637dbbf99d87feb1bdfb,"[1, 128, 896]",inputs_embeds,paper_style_feedback_dynamics,Qwen/Qwen2.5-0.5B,0.003213014919310808,direct,fixed_random,-16.55449676513672,-16.794639587402344,1.0,1,128,4600.88037109375,92.50214385986328,119,final_hidden,2026-07-10T15:12:24.317889+00:00,nonpad_flattened,Qwen/Qwen2.5-0.5B
114688,128,1,64,main,wikitext,wikitext-2-raw-v1,validation,cuda,float32,128,qwen_dynamical_edge_normal_long,0be219064d7f2de285c4637dbbf99d87feb1bdfb,"[1, 128, 896]",inputs_embeds,paper_style_feedback_dynamics,Qwen/Qwen2.5-0.5B,0.0037426662165671587,direct,fixed_random,-16.795181274414062,-16.55449676513672,1.0,1,128,4604.44287109375,97.4721908569336,120,final_hidden,2026-07-10T15:12:24.317889+00:00,nonpad_flattened,Qwen/Qwen2.5-0.5B
114688,128,1,64,main,wikitext,wikitext-2-raw-v1,validation,cuda,float32,128,qwen_dynamical_edge_normal_long,0be219064d7f2de285c4637dbbf99d87feb1bdfb,"[1, 128, 896]",inputs_embeds,paper_style_feedback_dynamics,Qwen/Qwen2.5-0.5B,0.0031516877934336662,direct,fixed_random,-16.569175720214844,-16.795181274414062,1.0,1,128,4600.73828125,94.4843978881836,121,final_hidden,2026-07-10T15:12:24.317889+00:00,nonpad_flattened,Qwen/Qwen2.5-0.5B
114688,128,1,64,main,wikitext,wikitext-2-raw-v1,validation,cuda,float32,128,qwen_dynamical_edge_normal_long,0be219064d7f2de285c4637dbbf99d87feb1bdfb,"[1, 128, 896]",inputs_embeds,paper_style_feedback_dynamics,Qwen/Qwen2.5-0.5B,0.0036234937142580748,direct,fixed_random,-16.787765502929688,-16.569175720214844,1.0,1,128,4603.97265625,89.5517578125,122,final_hidden,2026-07-10T15:12:24.317889+00:00,nonpad_flattened,Qwen/Qwen2.5-0.5B
114688,128,1,64,main,wikitext,wikitext-2-raw-v1,validation,cuda,float32,128,qwen_dynamical_edge_normal_long,0be219064d7f2de285c4637dbbf99d87feb1bdfb,"[1, 128, 896]",inputs_embeds,paper_style_feedback_dynamics,Qwen/Qwen2.5-0.5B,0.003147719893604517,direct,fixed_random,-16.546756744384766,-16.787765502929688,1.0,1,128,4600.86376953125,92.44688415527344,123,final_hidden,2026-07-10T15:12:24.317889+00:00,nonpad_flattened,Qwen/Qwen2.5-0.5B
114688,128,1,64,main,wikitext,wikitext-2-raw-v1,validation,cuda,float32,128,qwen_dynamical_edge_normal_long,0be219064d7f2de285c4637dbbf99d87feb1bdfb,"[1, 128, 896]",inputs_embeds,paper_style_feedback_dynamics,Qwen/Qwen2.5-0.5B,0.0036951196379959583,direct,fixed_random,-16.78711700439453,-16.546756744384766,1.0,1,128,4604.41064453125,97.42704772949219,124,final_hidden,2026-07-10T15:12:24.317889+00:00,nonpad_flattened,Qwen/Qwen2.5-0.5B
114688,128,1,64,main,wikitext,wikitext-2-raw-v1,validation,cuda,float32,128,qwen_dynamical_edge_normal_long,0be219064d7f2de285c4637dbbf99d87feb1bdfb,"[1, 128, 896]",inputs_embeds,paper_style_feedback_dynamics,Qwen/Qwen2.5-0.5B,0.0032260131556540728,direct,fixed_random,-16.560400009155273,-16.78711700439453,1.0,1,128,4600.7138671875,94.43994140625,125,final_hidden,2026-07-10T15:12:24.317889+00:00,nonpad_flattened,Qwen/Qwen2.5-0.5B
114688,128,1,64,main,wikitext,wikitext-2-raw-v1,validation,cuda,float32,128,qwen_dynamical_edge_normal_long,0be219064d7f2de285c4637dbbf99d87feb1bdfb,"[1, 128, 896]",inputs_embeds,paper_style_feedback_dynamics,Qwen/Qwen2.5-0.5B,0.003648839658126235,direct,fixed_random,-16.778614044189453,-16.560400009155273,1.0,1,128,4603.931640625,89.49766540527344,126,final_hidden,2026-07-10T15:12:24.317889+00:00,nonpad_flattened,Qwen/Qwen2.5-0.5B
114688,128,1,64,main,wikitext,wikitext-2-raw-v1,validation,cuda,float32,128,qwen_dynamical_edge_normal_long,0be219064d7f2de285c4637dbbf99d87feb1bdfb,"[1, 128, 896]",inputs_embeds,paper_style_feedback_dynamics,Qwen/Qwen2.5-0.5B,0.0031818593852221966,direct,fixed_random,,-16.778614044189453,1.0,1,128,4600.8310546875,92.39246368408203,127,final_hidden,2026-07-10T15:12:24.317889+00:00,nonpad_flattened,Qwen/Qwen2.5-0.5B
4480,128,2,64,main,wikitext,wikitext-2-raw-v1,validation,cuda,float32,128,qwen_dynamical_edge_normal_long,0be219064d7f2de285c4637dbbf99d87feb1bdfb,"[1, 128, 896]",inputs_embeds,paper_style_feedback_dynamics,Qwen/Qwen2.5-0.5B,0.004918509628623724,direct,fixed_random,-9.979228973388672,-9.915141105651855,1.0,2,128,959.7268676757812,12.367833137512207,0,final_hidden,2026-07-10T15:12:24.317889+00:00,nonpad_flattened,Qwen/Qwen2.5-0.5B
4480,128,2,64,main,wikitext,wikitext-2-raw-v1,validation,cuda,float32,128,qwen_dynamical_edge_normal_long,0be219064d7f2de285c4637dbbf99d87feb1bdfb,"[1, 128, 896]",inputs_embeds,paper_style_feedback_dynamics,Qwen/Qwen2.5-0.5B,0.00449040811508894,direct,fixed_random,-10.037437438964844,-9.979228973388672,1.0,2,128,960.3729248046875,11.432151794433594,1,final_hidden,2026-07-10T15:12:24.317889+00:00,nonpad_flattened,Qwen/Qwen2.5-0.5B
4480,128,2,64,main,wikitext,wikitext-2-raw-v1,validation,cuda,float32,128,qwen_dynamical_edge_normal_long,0be219064d7f2de285c4637dbbf99d87feb1bdfb,"[1, 128, 896]",inputs_embeds,paper_style_feedback_dynamics,Qwen/Qwen2.5-0.5B,0.004084504209458828,direct,fixed_random,-10.091477394104004,-10.037437438964844,1.0,2,128,960.940673828125,10.5178861618042,2,final_hidden,2026-07-10T15:12:24.317889+00:00,nonpad_flattened,Qwen/Qwen2.5-0.5B
4480,128,2,64,main,wikitext,wikitext-2-raw-v1,validation,cuda,float32,128,qwen_dynamical_edge_normal_long,0be219064d7f2de285c4637dbbf99d87feb1bdfb,"[1, 128, 896]",inputs_embeds,paper_style_feedback_dynamics,Qwen/Qwen2.5-0.5B,0.0037380619905889034,direct,fixed_random,-10.14272403717041,-10.091477394104004,1.0,2,128,961.4413452148438,9.64117431640625,3,final_hidden,2026-07-10T15:12:24.317889+00:00,nonpad_flattened,Qwen/Qwen2.5-0.5B
4480,128,2,64,main,wikitext,wikitext-2-raw-v1,validation,cuda,float32,128,qwen_dynamical_edge_normal_long,0be219064d7f2de285c4637dbbf99d87feb1bdfb,"[1, 128, 896]",inputs_embeds,paper_style_feedback_dynamics,Qwen/Qwen2.5-0.5B,0.0033703777007758617,direct,fixed_random,-10.192204475402832,-10.14272403717041,1.0,2,128,961.8849487304688,8.813031196594238,4,final_hidden,2026-07-10T15:12:24.317889+00:00,nonpad_flattened,Qwen/Qwen2.5-0.5B
4480,128,2,64,main,wikitext,wikitext-2-raw-v1,validation,cuda,float32,128,qwen_dynamical_edge_normal_long,0be219064d7f2de285c4637dbbf99d87feb1bdfb,"[1, 128, 896]",inputs_embeds,paper_style_feedback_dynamics,Qwen/Qwen2.5-0.5B,0.003033173969015479,direct,fixed_random,-10.240596771240234,-10.192204475402832,1.0,2,128,962.2797241210938,8.040055274963379,5,final_hidden,2026-07-10T15:12:24.317889+00:00,nonpad_flattened,Qwen/Qwen2.5-0.5B
4480,128,2,64,main,wikitext,wikitext-2-raw-v1,validation,cuda,float32,128,qwen_dynamical_edge_normal_long,0be219064d7f2de285c4637dbbf99d87feb1bdfb,"[1, 128, 896]",inputs_embeds,paper_style_feedback_dynamics,Qwen/Qwen2.5-0.5B,0.002735841553658247,direct,fixed_random,-10.2882719039917,-10.240596771240234,1.0,2,128,962.6329345703125,7.325113773345947,6,final_hidden,2026-07-10T15:12:24.317889+00:00,nonpad_flattened,Qwen/Qwen2.5-0.5B
4480,128,2,64,main,wikitext,wikitext-2-raw-v1,validation,cuda,float32,128,qwen_dynamical_edge_normal_long,0be219064d7f2de285c4637dbbf99d87feb1bdfb,"[1, 128, 896]",inputs_embeds,paper_style_feedback_dynamics,Qwen/Qwen2.5-0.5B,0.0024435799568891525,direct,fixed_random,-10.335359573364258,-10.2882719039917,1.0,2,128,962.9498901367188,6.668311595916748,7,final_hidden,2026-07-10T15:12:24.317889+00:00,nonpad_flattened,Qwen/Qwen2.5-0.5B
4480,128,2,64,main,wikitext,wikitext-2-raw-v1,validation,cuda,float32,128,qwen_dynamical_edge_normal_long,0be219064d7f2de285c4637dbbf99d87feb1bdfb,"[1, 128, 896]",inputs_embeds,paper_style_feedback_dynamics,Qwen/Qwen2.5-0.5B,0.00219205510802567,direct,fixed_random,-10.381814956665039,-10.335359573364258,1.0,2,128,963.2349853515625,6.067618370056152,8,final_hidden,2026-07-10T15:12:24.317889+00:00,nonpad_flattened,Qwen/Qwen2.5-0.5B
4480,128,2,64,main,wikitext,wikitext-2-raw-v1,validation,cuda,float32,128,qwen_dynamical_edge_normal_long,0be219064d7f2de285c4637dbbf99d87feb1bdfb,"[1, 128, 896]",inputs_embeds,paper_style_feedback_dynamics,Qwen/Qwen2.5-0.5B,0.0019735535606741905,direct,fixed_random,-10.427480697631836,-10.381814956665039,1.0,2,128,963.4918212890625,5.519862651824951,9,final_hidden,2026-07-10T15:12:24.317889+00:00,nonpad_flattened,Qwen/Qwen2.5-0.5B
4480,128,2,64,main,wikitext,wikitext-2-raw-v1,validation,cuda,float32,128,qwen_dynamical_edge_normal_long,0be219064d7f2de285c4637dbbf99d87feb1bdfb,"[1, 128, 896]",inputs_embeds,paper_style_feedback_dynamics,Qwen/Qwen2.5-0.5B,0.001755319070070982,direct,fixed_random,-10.472142219543457,-10.427480697631836,1.0,2,128,963.7230834960938,5.0211968421936035,10,final_hidden,2026-07-10T15:12:24.317889+00:00,nonpad_flattened,Qwen/Qwen2.5-0.5B
4480,128,2,64,main,wikitext,wikitext-2-raw-v1,validation,cuda,float32,128,qwen_dynamical_edge_normal_long,0be219064d7f2de285c4637dbbf99d87feb1bdfb,"[1, 128, 896]",inputs_embeds,paper_style_feedback_dynamics,Qwen/Qwen2.5-0.5B,0.001564058125950396,direct,fixed_random,-10.515547752380371,-10.472142219543457,1.0,2,128,963.9310302734375,4.567508697509766,11,final_hidden,2026-07-10T15:12:24.317889+00:00,nonpad_flattened,Qwen/Qwen2.5-0.5B
4480,128,2,64,main,wikitext,wikitext-2-raw-v1,validation,cuda,float32,128,qwen_dynamical_edge_normal_long,0be219064d7f2de285c4637dbbf99d87feb1bdfb,"[1, 128, 896]",inputs_embeds,paper_style_feedback_dynamics,Qwen/Qwen2.5-0.5B,0.001382100279442966,direct,fixed_random,-10.55746841430664,-10.515547752380371,1.0,2,128,964.1175537109375,4.154810905456543,12,final_hidden,2026-07-10T15:12:24.317889+00:00,nonpad_flattened,Qwen/Qwen2.5-0.5B
4480,128,2,64,main,wikitext,wikitext-2-raw-v1,validation,cuda,float32,128,qwen_dynamical_edge_normal_long,0be219064d7f2de285c4637dbbf99d87feb1bdfb,"[1, 128, 896]",inputs_embeds,paper_style_feedback_dynamics,Qwen/Qwen2.5-0.5B,0.001215870724990964,direct,fixed_random,-10.597702980041504,-10.55746841430664,1.0,2,128,964.2847290039062,3.779270648956299,13,final_hidden,2026-07-10T15:12:24.317889+00:00,nonpad_flattened,Qwen/Qwen2.5-0.5B
4480,128,2,64,main,wikitext,wikitext-2-raw-v1,validation,cuda,float32,128,qwen_dynamical_edge_normal_long,0be219064d7f2de285c4637dbbf99d87feb1bdfb,"[1, 128, 896]",inputs_embeds,paper_style_feedback_dynamics,Qwen/Qwen2.5-0.5B,0.0010865872027352452,direct,fixed_random,-10.636063575744629,-10.597702980041504,1.0,2,128,964.4340209960938,3.4374265670776367,14,final_hidden,2026-07-10T15:12:24.317889+00:00,nonpad_flattened,Qwen/Qwen2.5-0.5B
4480,128,2,64,main,wikitext,wikitext-2-raw-v1,validation,cuda,float32,128,qwen_dynamical_edge_normal_long,0be219064d7f2de285c4637dbbf99d87feb1bdfb,"[1, 128, 896]",inputs_embeds,paper_style_feedback_dynamics,Qwen/Qwen2.5-0.5B,0.0009480579756200314,direct,fixed_random,-10.672429084777832,-10.636063575744629,1.0,2,128,964.56689453125,3.1260793209075928,15,final_hidden,2026-07-10T15:12:24.317889+00:00,nonpad_flattened,Qwen/Qwen2.5-0.5B
4480,128,2,64,main,wikitext,wikitext-2-raw-v1,validation,cuda,float32,128,qwen_dynamical_edge_normal_long,0be219064d7f2de285c4637dbbf99d87feb1bdfb,"[1, 128, 896]",inputs_embeds,paper_style_feedback_dynamics,Qwen/Qwen2.5-0.5B,0.0008425886044278741,direct,fixed_random,-10.706710815429688,-10.672429084777832,1.0,2,128,964.6846923828125,2.8424103260040283,16,final_hidden,2026-07-10T15:12:24.317889+00:00,nonpad_flattened,Qwen/Qwen2.5-0.5B
4480,128,2,64,main,wikitext,wikitext-2-raw-v1,validation,cuda,float32,128,qwen_dynamical_edge_normal_long,0be219064d7f2de285c4637dbbf99d87feb1bdfb,"[1, 128, 896]",inputs_embeds,paper_style_feedback_dynamics,Qwen/Qwen2.5-0.5B,0.0007519627688452601,direct,fixed_random,-10.738868713378906,-10.706710815429688,1.0,2,128,964.788818359375,2.5839200019836426,17,final_hidden,2026-07-10T15:12:24.317889+00:00,nonpad_flattened,Qwen/Qwen2.5-0.5B
4480,128,2,64,main,wikitext,wikitext-2-raw-v1,validation,cuda,float32,128,qwen_dynamical_edge_normal_long,0be219064d7f2de285c4637dbbf99d87feb1bdfb,"[1, 128, 896]",inputs_embeds,paper_style_feedback_dynamics,Qwen/Qwen2.5-0.5B,0.0006785067962482572,direct,fixed_random,-10.768888473510742,-10.738868713378906,1.0,2,128,964.8807373046875,2.3483564853668213,18,final_hidden,2026-07-10T15:12:24.317889+00:00,nonpad_flattened,Qwen/Qwen2.5-0.5B
4480,128,2,64,main,wikitext,wikitext-2-raw-v1,validation,cuda,float32,128,qwen_dynamical_edge_normal_long,0be219064d7f2de285c4637dbbf99d87feb1bdfb,"[1, 128, 896]",inputs_embeds,paper_style_feedback_dynamics,Qwen/Qwen2.5-0.5B,0.0006186917307786644,direct,fixed_random,-10.796792984008789,-10.768888473510742,1.0,2,128,964.9613647460938,2.13362717628479,19,final_hidden,2026-07-10T15:12:24.317889+00:00,nonpad_flattened,Qwen/Qwen2.5-0.5B
4480,128,2,64,main,wikitext,wikitext-2-raw-v1,validation,cuda,float32,128,qwen_dynamical_edge_normal_long,0be219064d7f2de285c4637dbbf99d87feb1bdfb,"[1, 128, 896]",inputs_embeds,paper_style_feedback_dynamics,Qwen/Qwen2.5-0.5B,0.0005504163564182818,direct,fixed_random,-10.822633743286133,-10.796792984008789,1.0,2,128,965.031982421875,1.937980055809021,20,final_hidden,2026-07-10T15:12:24.317889+00:00,nonpad_flattened,Qwen/Qwen2.5-0.5B
4480,128,2,64,main,wikitext,wikitext-2-raw-v1,validation,cuda,float32,128,qwen_dynamical_edge_normal_long,0be219064d7f2de285c4637dbbf99d87feb1bdfb,"[1, 128, 896]",inputs_embeds,paper_style_feedback_dynamics,Qwen/Qwen2.5-0.5B,0.000500819063745439,direct,fixed_random,-10.846477508544922,-10.822633743286133,1.0,2,128,965.0935668945312,1.7598249912261963,21,final_hidden,2026-07-10T15:12:24.317889+00:00,nonpad_flattened,Qwen/Qwen2.5-0.5B
4480,128,2,64,main,wikitext,wikitext-2-raw-v1,validation,cuda,float32,128,qwen_dynamical_edge_normal_long,0be219064d7f2de285c4637dbbf99d87feb1bdfb,"[1, 128, 896]",inputs_embeds,paper_style_feedback_dynamics,Qwen/Qwen2.5-0.5B,0.0004599994281306863,direct,fixed_random,-10.868412971496582,-10.846477508544922,1.0,2,128,965.14697265625,1.5975456237792969,22,final_hidden,2026-07-10T15:12:24.317889+00:00,nonpad_flattened,Qwen/Qwen2.5-0.5B
4480,128,2,64,main,wikitext,wikitext-2-raw-v1,validation,cuda,float32,128,qwen_dynamical_edge_normal_long,0be219064d7f2de285c4637dbbf99d87feb1bdfb,"[1, 128, 896]",inputs_embeds,paper_style_feedback_dynamics,Qwen/Qwen2.5-0.5B,0.0004258237313479185,direct,fixed_random,-10.888527870178223,-10.868412971496582,1.0,2,128,965.1932373046875,1.449881911277771,23,final_hidden,2026-07-10T15:12:24.317889+00:00,nonpad_flattened,Qwen/Qwen2.5-0.5B
4480,128,2,64,main,wikitext,wikitext-2-raw-v1,validation,cuda,float32,128,qwen_dynamical_edge_normal_long,0be219064d7f2de285c4637dbbf99d87feb1bdfb,"[1, 128, 896]",inputs_embeds,paper_style_feedback_dynamics,Qwen/Qwen2.5-0.5B,0.0003850073553621769,direct,fixed_random,-10.906926155090332,-10.888527870178223,1.0,2,128,965.233154296875,1.3155754804611206,24,final_hidden,2026-07-10T15:12:24.317889+00:00,nonpad_flattened,Qwen/Qwen2.5-0.5B
4480,128,2,64,main,wikitext,wikitext-2-raw-v1,validation,cuda,float32,128,qwen_dynamical_edge_normal_long,0be219064d7f2de285c4637dbbf99d87feb1bdfb,"[1, 128, 896]",inputs_embeds,paper_style_feedback_dynamics,Qwen/Qwen2.5-0.5B,0.00035466262488625944,direct,fixed_random,-10.92371654510498,-10.906926155090332,1.0,2,128,965.2673950195312,1.1934714317321777,25,final_hidden,2026-07-10T15:12:24.317889+00:00,nonpad_flattened,Qwen/Qwen2.5-0.5B
4480,128,2,64,main,wikitext,wikitext-2-raw-v1,validation,cuda,float32,128,qwen_dynamical_edge_normal_long,0be219064d7f2de285c4637dbbf99d87feb1bdfb,"[1, 128, 896]",inputs_embeds,paper_style_feedback_dynamics,Qwen/Qwen2.5-0.5B,0.00032293572439812124,direct,fixed_random,-10.939002990722656,-10.92371654510498,1.0,2,128,965.2968139648438,1.0825459957122803,26,final_hidden,2026-07-10T15:12:24.317889+00:00,nonpad_flattened,Qwen/Qwen2.5-0.5B
4480,128,2,64,main,wikitext,wikitext-2-raw-v1,validation,cuda,float32,128,qwen_dynamical_edge_normal_long,0be219064d7f2de285c4637dbbf99d87feb1bdfb,"[1, 128, 896]",inputs_embeds,paper_style_feedback_dynamics,Qwen/Qwen2.5-0.5B,0.0002810188161674887,direct,fixed_random,-10.952892303466797,-10.939002990722656,1.0,2,128,965.3218383789062,0.9818021059036255,27,final_hidden,2026-07-10T15:12:24.317889+00:00,nonpad_flattened,Qwen/Qwen2.5-0.5B
4480,128,2,64,main,wikitext,wikitext-2-raw-v1,validation,cuda,float32,128,qwen_dynamical_edge_normal_long,0be219064d7f2de285c4637dbbf99d87feb1bdfb,"[1, 128, 896]",inputs_embeds,paper_style_feedback_dynamics,Qwen/Qwen2.5-0.5B,0.0002540602581575513,direct,fixed_random,-10.965494155883789,-10.952892303466797,1.0,2,128,965.3430786132812,0.8904051184654236,28,final_hidden,2026-07-10T15:12:24.317889+00:00,nonpad_flattened,Qwen/Qwen2.5-0.5B
4480,128,2,64,main,wikitext,wikitext-2-raw-v1,validation,cuda,float32,128,qwen_dynamical_edge_normal_long,0be219064d7f2de285c4637dbbf99d87feb1bdfb,"[1, 128, 896]",inputs_embeds,paper_style_feedback_dynamics,Qwen/Qwen2.5-0.5B,0.00023924039851408452,direct,fixed_random,-10.976907730102539,-10.965494155883789,1.0,2,128,965.3611450195312,0.8075210452079773,29,final_hidden,2026-07-10T15:12:24.317889+00:00,nonpad_flattened,Qwen/Qwen2.5-0.5B
4480,128,2,64,main,wikitext,wikitext-2-raw-v1,validation,cuda,float32,128,qwen_dynamical_edge_normal_long,0be219064d7f2de285c4637dbbf99d87feb1bdfb,"[1, 128, 896]",inputs_embeds,paper_style_feedback_dynamics,Qwen/Qwen2.5-0.5B,0.00022643596457783133,direct,fixed_random,-10.987223625183105,-10.976907730102539,1.0,2,128,965.376220703125,0.7323445081710815,30,final_hidden,2026-07-10T15:12:24.317889+00:00,nonpad_flattened,Qwen/Qwen2.5-0.5B
4480,128,2,64,main,wikitext,wikitext-2-raw-v1,validation,cuda,float32,128,qwen_dynamical_edge_normal_long,0be219064d7f2de285c4637dbbf99d87feb1bdfb,"[1, 128, 896]",inputs_embeds,paper_style_feedback_dynamics,Qwen/Qwen2.5-0.5B,0.00018818405806086957,direct,fixed_random,-10.99654483795166,-10.987223625183105,1.0,2,128,965.3888549804688,0.6642482876777649,31,final_hidden,2026-07-10T15:12:24.317889+00:00,nonpad_flattened,Qwen/Qwen2.5-0.5B
4480,128,2,64,main,wikitext,wikitext-2-raw-v1,validation,cuda,float32,128,qwen_dynamical_edge_normal_long,0be219064d7f2de285c4637dbbf99d87feb1bdfb,"[1, 128, 896]",inputs_embeds,paper_style_feedback_dynamics,Qwen/Qwen2.5-0.5B,0.00018417916726320982,direct,fixed_random,-11.004952430725098,-10.99654483795166,1.0,2,128,965.3994140625,0.6025512218475342,32,final_hidden,2026-07-10T15:12:24.317889+00:00,nonpad_flattened,Qwen/Qwen2.5-0.5B
4480,128,2,64,main,wikitext,wikitext-2-raw-v1,validation,cuda,float32,128,qwen_dynamical_edge_normal_long,0be219064d7f2de285c4637dbbf99d87feb1bdfb,"[1, 128, 896]",inputs_embeds,paper_style_feedback_dynamics,Qwen/Qwen2.5-0.5B,0.0001620923139853403,direct,fixed_random,-11.012523651123047,-11.004952430725098,1.0,2,128,965.4080810546875,0.5466871857643127,33,final_hidden,2026-07-10T15:12:24.317889+00:00,nonpad_flattened,Qwen/Qwen2.5-0.5B
4480,128,2,64,main,wikitext,wikitext-2-raw-v1,validation,cuda,float32,128,qwen_dynamical_edge_normal_long,0be219064d7f2de285c4637dbbf99d87feb1bdfb,"[1, 128, 896]",inputs_embeds,paper_style_feedback_dynamics,Qwen/Qwen2.5-0.5B,0.00016005539509933442,direct,fixed_random,-11.019335746765137,-11.012523651123047,1.0,2,128,965.415283203125,0.4961484670639038,34,final_hidden,2026-07-10T15:12:24.317889+00:00,nonpad_flattened,Qwen/Qwen2.5-0.5B
4480,128,2,64,main,wikitext,wikitext-2-raw-v1,validation,cuda,float32,128,qwen_dynamical_edge_normal_long,0be219064d7f2de285c4637dbbf99d87feb1bdfb,"[1, 128, 896]",inputs_embeds,paper_style_feedback_dynamics,Qwen/Qwen2.5-0.5B,0.00016342468734364957,direct,fixed_random,-11.02546215057373,-11.019335746765137,1.0,2,128,965.4212646484375,0.45037132501602173,35,final_hidden,2026-07-10T15:12:24.317889+00:00,nonpad_flattened,Qwen/Qwen2.5-0.5B
4480,128,2,64,main,wikitext,wikitext-2-raw-v1,validation,cuda,float32,128,qwen_dynamical_edge_normal_long,0be219064d7f2de285c4637dbbf99d87feb1bdfb,"[1, 128, 896]",inputs_embeds,paper_style_feedback_dynamics,Qwen/Qwen2.5-0.5B,0.00014743000792805105,direct,fixed_random,-11.030970573425293,-11.02546215057373,1.0,2,128,965.4258422851562,0.40895533561706543,36,final_hidden,2026-07-10T15:12:24.317889+00:00,nonpad_flattened,Qwen/Qwen2.5-0.5B
4480,128,2,64,main,wikitext,wikitext-2-raw-v1,validation,cuda,float32,128,qwen_dynamical_edge_normal_long,0be219064d7f2de285c4637dbbf99d87feb1bdfb,"[1, 128, 896]",inputs_embeds,paper_style_feedback_dynamics,Qwen/Qwen2.5-0.5B,0.00013849596143700182,direct,fixed_random,-11.035910606384277,-11.030970573425293,1.0,2,128,965.4296264648438,0.37147319316864014,37,final_hidden,2026-07-10T15:12:24.317889+00:00,nonpad_flattened,Qwen/Qwen2.5-0.5B
4480,128,2,64,main,wikitext,wikitext-2-raw-v1,validation,cuda,float32,128,qwen_dynamical_edge_normal_long,0be219064d7f2de285c4637dbbf99d87feb1bdfb,"[1, 128, 896]",inputs_embeds,paper_style_feedback_dynamics,Qwen/Qwen2.5-0.5B,0.0001309396611759439,direct,fixed_random,-11.040349006652832,-11.035910606384277,1.0,2,128,965.4326171875,0.3375575542449951,38,final_hidden,2026-07-10T15:12:24.317889+00:00,nonpad_flattened,Qwen/Qwen2.5-0.5B
4480,128,2,64,main,wikitext,wikitext-2-raw-v1,validation,cuda,float32,128,qwen_dynamical_edge_normal_long,0be219064d7f2de285c4637dbbf99d87feb1bdfb,"[1, 128, 896]",inputs_embeds,paper_style_feedback_dynamics,Qwen/Qwen2.5-0.5B,0.00013289749040268362,direct,fixed_random,-11.044320106506348,-11.040349006652832,1.0,2,128,965.4349365234375,0.30688273906707764,39,final_hidden,2026-07-10T15:12:24.317889+00:00,nonpad_flattened,Qwen/Qwen2.5-0.5B
4480,128,2,64,main,wikitext,wikitext-2-raw-v1,validation,cuda,float32,128,qwen_dynamical_edge_normal_long,0be219064d7f2de285c4637dbbf99d87feb1bdfb,"[1, 128, 896]",inputs_embeds,paper_style_feedback_dynamics,Qwen/Qwen2.5-0.5B,0.00011244414054090157,direct,fixed_random,-11.047881126403809,-11.044320106506348,1.0,2,128,965.4367065429688,0.2790912985801697,40,final_hidden,2026-07-10T15:12:24.317889+00:00,nonpad_flattened,Qwen/Qwen2.5-0.5B
4480,128,2,64,main,wikitext,wikitext-2-raw-v1,validation,cuda,float32,128,qwen_dynamical_edge_normal_long,0be219064d7f2de285c4637dbbf99d87feb1bdfb,"[1, 128, 896]",inputs_embeds,paper_style_feedback_dynamics,Qwen/Qwen2.5-0.5B,0.00011531805648701265,direct,fixed_random,-11.05107307434082,-11.047881126403809,1.0,2,128,965.4379272460938,0.2539448142051697,41,final_hidden,2026-07-10T15:12:24.317889+00:00,nonpad_flattened,Qwen/Qwen2.5-0.5B
4480,128,2,64,main,wikitext,wikitext-2-raw-v1,validation,cuda,float32,128,qwen_dynamical_edge_normal_long,0be219064d7f2de285c4637dbbf99d87feb1bdfb,"[1, 128, 896]",inputs_embeds,paper_style_feedback_dynamics,Qwen/Qwen2.5-0.5B,0.00012198930198792368,direct,fixed_random,-11.053925514221191,-11.05107307434082,1.0,2,128,965.4387817382812,0.23118595778942108,42,final_hidden,2026-07-10T15:12:24.317889+00:00,nonpad_flattened,Qwen/Qwen2.5-0.5B
4480,128,2,64,main,wikitext,wikitext-2-raw-v1,validation,cuda,float32,128,qwen_dynamical_edge_normal_long,0be219064d7f2de285c4637dbbf99d87feb1bdfb,"[1, 128, 896]",inputs_embeds,paper_style_feedback_dynamics,Qwen/Qwen2.5-0.5B,0.00012369680916890502,direct,fixed_random,-11.056482315063477,-11.053925514221191,1.0,2,128,965.439453125,0.21055959165096283,43,final_hidden,2026-07-10T15:12:24.317889+00:00,nonpad_flattened,Qwen/Qwen2.5-0.5B
4480,128,2,64,main,wikitext,wikitext-2-raw-v1,validation,cuda,float32,128,qwen_dynamical_edge_normal_long,0be219064d7f2de285c4637dbbf99d87feb1bdfb,"[1, 128, 896]",inputs_embeds,paper_style_feedback_dynamics,Qwen/Qwen2.5-0.5B,0.00012786759180016816,direct,fixed_random,-11.058765411376953,-11.056482315063477,1.0,2,128,965.4398803710938,0.1918765753507614,44,final_hidden,2026-07-10T15:12:24.317889+00:00,nonpad_flattened,Qwen/Qwen2.5-0.5B
4480,128,2,64,main,wikitext,wikitext-2-raw-v1,validation,cuda,float32,128,qwen_dynamical_edge_normal_long,0be219064d7f2de285c4637dbbf99d87feb1bdfb,"[1, 128, 896]",inputs_embeds,paper_style_feedback_dynamics,Qwen/Qwen2.5-0.5B,0.00011607303895289078,direct,fixed_random,-11.060811996459961,-11.058765411376953,1.0,2,128,965.43994140625,0.1749240905046463,45,final_hidden,2026-07-10T15:12:24.317889+00:00,nonpad_flattened,Qwen/Qwen2.5-0.5B
4480,128,2,64,main,wikitext,wikitext-2-raw-v1,validation,cuda,float32,128,qwen_dynamical_edge_normal_long,0be219064d7f2de285c4637dbbf99d87feb1bdfb,"[1, 128, 896]",inputs_embeds,paper_style_feedback_dynamics,Qwen/Qwen2.5-0.5B,0.00013148950529284775,direct,fixed_random,-11.062640190124512,-11.060811996459961,1.0,2,128,965.43994140625,0.1595480889081955,46,final_hidden,2026-07-10T15:12:24.317889+00:00,nonpad_flattened,Qwen/Qwen2.5-0.5B
4480,128,2,64,main,wikitext,wikitext-2-raw-v1,validation,cuda,float32,128,qwen_dynamical_edge_normal_long,0be219064d7f2de285c4637dbbf99d87feb1bdfb,"[1, 128, 896]",inputs_embeds,paper_style_feedback_dynamics,Qwen/Qwen2.5-0.5B,0.00013723911251872778,direct,fixed_random,-11.064275741577148,-11.062640190124512,1.0,2,128,965.4398803710938,0.1456241011619568,47,final_hidden,2026-07-10T15:12:24.317889+00:00,nonpad_flattened,Qwen/Qwen2.5-0.5B
4480,128,2,64,main,wikitext,wikitext-2-raw-v1,validation,cuda,float32,128,qwen_dynamical_edge_normal_long,0be219064d7f2de285c4637dbbf99d87feb1bdfb,"[1, 128, 896]",inputs_embeds,paper_style_feedback_dynamics,Qwen/Qwen2.5-0.5B,0.00012560802861116827,direct,fixed_random,-11.065740585327148,-11.064275741577148,1.0,2,128,965.4395751953125,0.1329650580883026,48,final_hidden,2026-07-10T15:12:24.317889+00:00,nonpad_flattened,Qwen/Qwen2.5-0.5B
4480,128,2,64,main,wikitext,wikitext-2-raw-v1,validation,cuda,float32,128,qwen_dynamical_edge_normal_long,0be219064d7f2de285c4637dbbf99d87feb1bdfb,"[1, 128, 896]",inputs_embeds,paper_style_feedback_dynamics,Qwen/Qwen2.5-0.5B,0.00010858049790840596,direct,fixed_random,-11.067048072814941,-11.065740585327148,1.0,2,128,965.4392700195312,0.1214665025472641,49,final_hidden,2026-07-10T15:12:24.317889+00:00,nonpad_flattened,Qwen/Qwen2.5-0.5B
4480,128,2,64,main,wikitext,wikitext-2-raw-v1,validation,cuda,float32,128,qwen_dynamical_edge_normal_long,0be219064d7f2de285c4637dbbf99d87feb1bdfb,"[1, 128, 896]",inputs_embeds,paper_style_feedback_dynamics,Qwen/Qwen2.5-0.5B,0.00010623901471262798,direct,fixed_random,-11.068215370178223,-11.067048072814941,1.0,2,128,965.4388427734375,0.11100329458713531,50,final_hidden,2026-07-10T15:12:24.317889+00:00,nonpad_flattened,Qwen/Qwen2.5-0.5B
4480,128,2,64,main,wikitext,wikitext-2-raw-v1,validation,cuda,float32,128,qwen_dynamical_edge_normal_long,0be219064d7f2de285c4637dbbf99d87feb1bdfb,"[1, 128, 896]",inputs_embeds,paper_style_feedback_dynamics,Qwen/Qwen2.5-0.5B,0.00011418679059715942,direct,fixed_random,-11.06926155090332,-11.068215370178223,1.0,2,128,965.4384155273438,0.10150985419750214,51,final_hidden,2026-07-10T15:12:24.317889+00:00,nonpad_flattened,Qwen/Qwen2.5-0.5B
4480,128,2,64,main,wikitext,wikitext-2-raw-v1,validation,cuda,float32,128,qwen_dynamical_edge_normal_long,0be219064d7f2de285c4637dbbf99d87feb1bdfb,"[1, 128, 896]",inputs_embeds,paper_style_feedback_dynamics,Qwen/Qwen2.5-0.5B,0.00012048036296619102,direct,fixed_random,-11.070198059082031,-11.06926155090332,1.0,2,128,965.4381103515625,0.09285982698202133,52,final_hidden,2026-07-10T15:12:24.317889+00:00,nonpad_flattened,Qwen/Qwen2.5-0.5B
4480,128,2,64,main,wikitext,wikitext-2-raw-v1,validation,cuda,float32,128,qwen_dynamical_edge_normal_long,0be219064d7f2de285c4637dbbf99d87feb1bdfb,"[1, 128, 896]",inputs_embeds,paper_style_feedback_dynamics,Qwen/Qwen2.5-0.5B,0.00010352747631259263,direct,fixed_random,-11.071032524108887,-11.070198059082031,1.0,2,128,965.4376831054688,0.08498497307300568,53,final_hidden,2026-07-10T15:12:24.317889+00:00,nonpad_flattened,Qwen/Qwen2.5-0.5B
4480,128,2,64,main,wikitext,wikitext-2-raw-v1,validation,cuda,float32,128,qwen_dynamical_edge_normal_long,0be219064d7f2de285c4637dbbf99d87feb1bdfb,"[1, 128, 896]",inputs_embeds,paper_style_feedback_dynamics,Qwen/Qwen2.5-0.5B,0.00010603490227367729,direct,fixed_random,-11.071779251098633,-11.071032524108887,1.0,2,128,965.437255859375,0.07781331986188889,54,final_hidden,2026-07-10T15:12:24.317889+00:00,nonpad_flattened,Qwen/Qwen2.5-0.5B
4480,128,2,64,main,wikitext,wikitext-2-raw-v1,validation,cuda,float32,128,qwen_dynamical_edge_normal_long,0be219064d7f2de285c4637dbbf99d87feb1bdfb,"[1, 128, 896]",inputs_embeds,paper_style_feedback_dynamics,Qwen/Qwen2.5-0.5B,9.279368532588705e-05,direct,fixed_random,-11.07244873046875,-11.071779251098633,1.0,2,128,965.4368896484375,0.07126762717962265,55,final_hidden,2026-07-10T15:12:24.317889+00:00,nonpad_flattened,Qwen/Qwen2.5-0.5B
4480,128,2,64,main,wikitext,wikitext-2-raw-v1,validation,cuda,float32,128,qwen_dynamical_edge_normal_long,0be219064d7f2de285c4637dbbf99d87feb1bdfb,"[1, 128, 896]",inputs_embeds,paper_style_feedback_dynamics,Qwen/Qwen2.5-0.5B,0.00010112756717717275,direct,fixed_random,-11.073044776916504,-11.07244873046875,1.0,2,128,965.4364624023438,0.06529086828231812,56,final_hidden,2026-07-10T15:12:24.317889+00:00,nonpad_flattened,Qwen/Qwen2.5-0.5B
4480,128,2,64,main,wikitext,wikitext-2-raw-v1,validation,cuda,float32,128,qwen_dynamical_edge_normal_long,0be219064d7f2de285c4637dbbf99d87feb1bdfb,"[1, 128, 896]",inputs_embeds,paper_style_feedback_dynamics,Qwen/Qwen2.5-0.5B,0.00011882343096658587,direct,fixed_random,-11.073578834533691,-11.073044776916504,1.0,2,128,965.43603515625,0.05984976142644882,57,final_hidden,2026-07-10T15:12:24.317889+00:00,nonpad_flattened,Qwen/Qwen2.5-0.5B
4480,128,2,64,main,wikitext,wikitext-2-raw-v1,validation,cuda,float32,128,qwen_dynamical_edge_normal_long,0be219064d7f2de285c4637dbbf99d87feb1bdfb,"[1, 128, 896]",inputs_embeds,paper_style_feedback_dynamics,Qwen/Qwen2.5-0.5B,9.673968452261761e-05,direct,fixed_random,-11.074058532714844,-11.073578834533691,1.0,2,128,965.4357299804688,0.05486837401986122,58,final_hidden,2026-07-10T15:12:24.317889+00:00,nonpad_flattened,Qwen/Qwen2.5-0.5B
4480,128,2,64,main,wikitext,wikitext-2-raw-v1,validation,cuda,float32,128,qwen_dynamical_edge_normal_long,0be219064d7f2de285c4637dbbf99d87feb1bdfb,"[1, 128, 896]",inputs_embeds,paper_style_feedback_dynamics,Qwen/Qwen2.5-0.5B,0.0001355956628685817,direct,fixed_random,-11.074488639831543,-11.074058532714844,1.0,2,128,965.4352416992188,0.05034005641937256,59,final_hidden,2026-07-10T15:12:24.317889+00:00,nonpad_flattened,Qwen/Qwen2.5-0.5B
4480,128,2,64,main,wikitext,wikitext-2-raw-v1,validation,cuda,float32,128,qwen_dynamical_edge_normal_long,0be219064d7f2de285c4637dbbf99d87feb1bdfb,"[1, 128, 896]",inputs_embeds,paper_style_feedback_dynamics,Qwen/Qwen2.5-0.5B,0.00011231425014557317,direct,fixed_random,-11.074873924255371,-11.074488639831543,1.0,2,128,965.4349365234375,0.04618914797902107,60,final_hidden,2026-07-10T15:12:24.317889+00:00,nonpad_flattened,Qwen/Qwen2.5-0.5B
4480,128,2,64,main,wikitext,wikitext-2-raw-v1,validation,cuda,float32,128,qwen_dynamical_edge_normal_long,0be219064d7f2de285c4637dbbf99d87feb1bdfb,"[1, 128, 896]",inputs_embeds,paper_style_feedback_dynamics,Qwen/Qwen2.5-0.5B,0.00010963518434436992,direct,fixed_random,-11.075222969055176,-11.074873924255371,1.0,2,128,965.4346313476562,0.04238409176468849,61,final_hidden,2026-07-10T15:12:24.317889+00:00,nonpad_flattened,Qwen/Qwen2.5-0.5B
4480,128,2,64,main,wikitext,wikitext-2-raw-v1,validation,cuda,float32,128,qwen_dynamical_edge_normal_long,0be219064d7f2de285c4637dbbf99d87feb1bdfb,"[1, 128, 896]",inputs_embeds,paper_style_feedback_dynamics,Qwen/Qwen2.5-0.5B,0.00010334571561543271,direct,fixed_random,-11.075532913208008,-11.075222969055176,1.0,2,128,965.4342651367188,0.038909148424863815,62,final_hidden,2026-07-10T15:12:24.317889+00:00,nonpad_flattened,Qwen/Qwen2.5-0.5B
4480,128,2,64,main,wikitext,wikitext-2-raw-v1,validation,cuda,float32,128,qwen_dynamical_edge_normal_long,0be219064d7f2de285c4637dbbf99d87feb1bdfb,"[1, 128, 896]",inputs_embeds,paper_style_feedback_dynamics,Qwen/Qwen2.5-0.5B,0.00010436181037221104,direct,fixed_random,-11.075811386108398,-11.075532913208008,1.0,2,128,965.4340209960938,0.0357326976954937,63,final_hidden,2026-07-10T15:12:24.317889+00:00,nonpad_flattened,Qwen/Qwen2.5-0.5B
4480,128,2,64,main,wikitext,wikitext-2-raw-v1,validation,cuda,float32,128,qwen_dynamical_edge_normal_long,0be219064d7f2de285c4637dbbf99d87feb1bdfb,"[1, 128, 896]",inputs_embeds,paper_style_feedback_dynamics,Qwen/Qwen2.5-0.5B,0.00011158193956362084,direct,fixed_random,-11.076062202453613,-11.075811386108398,1.0,2,128,965.4337158203125,0.03279155492782593,64,final_hidden,2026-07-10T15:12:24.317889+00:00,nonpad_flattened,Qwen/Qwen2.5-0.5B
4480,128,2,64,main,wikitext,wikitext-2-raw-v1,validation,cuda,float32,128,qwen_dynamical_edge_normal_long,0be219064d7f2de285c4637dbbf99d87feb1bdfb,"[1, 128, 896]",inputs_embeds,paper_style_feedback_dynamics,Qwen/Qwen2.5-0.5B,0.00010817403381224722,direct,fixed_random,-11.076290130615234,-11.076062202453613,1.0,2,128,965.4334716796875,0.03012547641992569,65,final_hidden,2026-07-10T15:12:24.317889+00:00,nonpad_flattened,Qwen/Qwen2.5-0.5B
4480,128,2,64,main,wikitext,wikitext-2-raw-v1,validation,cuda,float32,128,qwen_dynamical_edge_normal_long,0be219064d7f2de285c4637dbbf99d87feb1bdfb,"[1, 128, 896]",inputs_embeds,paper_style_feedback_dynamics,Qwen/Qwen2.5-0.5B,0.00011006754357367754,direct,fixed_random,-11.076492309570312,-11.076290130615234,1.0,2,128,965.4332275390625,0.027691667899489403,66,final_hidden,2026-07-10T15:12:24.317889+00:00,nonpad_flattened,Qwen/Qwen2.5-0.5B
4480,128,2,64,main,wikitext,wikitext-2-raw-v1,validation,cuda,float32,128,qwen_dynamical_edge_normal_long,0be219064d7f2de285c4637dbbf99d87feb1bdfb,"[1, 128, 896]",inputs_embeds,paper_style_feedback_dynamics,Qwen/Qwen2.5-0.5B,0.00011210976663278416,direct,fixed_random,-11.076677322387695,-11.076492309570312,1.0,2,128,965.4330444335938,0.025441192090511322,67,final_hidden,2026-07-10T15:12:24.317889+00:00,nonpad_flattened,Qwen/Qwen2.5-0.5B
4480,128,2,64,main,wikitext,wikitext-2-raw-v1,validation,cuda,float32,128,qwen_dynamical_edge_normal_long,0be219064d7f2de285c4637dbbf99d87feb1bdfb,"[1, 128, 896]",inputs_embeds,paper_style_feedback_dynamics,Qwen/Qwen2.5-0.5B,0.00010743310849647969,direct,fixed_random,-11.0768461227417,-11.076677322387695,1.0,2,128,965.432861328125,0.023388052359223366,68,final_hidden,2026-07-10T15:12:24.317889+00:00,nonpad_flattened,Qwen/Qwen2.5-0.5B
4480,128,2,64,main,wikitext,wikitext-2-raw-v1,validation,cuda,float32,128,qwen_dynamical_edge_normal_long,0be219064d7f2de285c4637dbbf99d87feb1bdfb,"[1, 128, 896]",inputs_embeds,paper_style_feedback_dynamics,Qwen/Qwen2.5-0.5B,0.00012229755520820618,direct,fixed_random,-11.076988220214844,-11.0768461227417,1.0,2,128,965.4328002929688,0.02150694653391838,69,final_hidden,2026-07-10T15:12:24.317889+00:00,nonpad_flattened,Qwen/Qwen2.5-0.5B
4480,128,2,64,main,wikitext,wikitext-2-raw-v1,validation,cuda,float32,128,qwen_dynamical_edge_normal_long,0be219064d7f2de285c4637dbbf99d87feb1bdfb,"[1, 128, 896]",inputs_embeds,paper_style_feedback_dynamics,Qwen/Qwen2.5-0.5B,0.00010639316315064207,direct,fixed_random,-11.077125549316406,-11.076988220214844,1.0,2,128,965.4325561523438,0.019770219922065735,70,final_hidden,2026-07-10T15:12:24.317889+00:00,nonpad_flattened,Qwen/Qwen2.5-0.5B
4480,128,2,64,main,wikitext,wikitext-2-raw-v1,validation,cuda,float32,128,qwen_dynamical_edge_normal_long,0be219064d7f2de285c4637dbbf99d87feb1bdfb,"[1, 128, 896]",inputs_embeds,paper_style_feedback_dynamics,Qwen/Qwen2.5-0.5B,0.00011343577352818102,direct,fixed_random,-11.077245712280273,-11.077125549316406,1.0,2,128,965.432373046875,0.01818780042231083,71,final_hidden,2026-07-10T15:12:24.317889+00:00,nonpad_flattened,Qwen/Qwen2.5-0.5B
4480,128,2,64,main,wikitext,wikitext-2-raw-v1,validation,cuda,float32,128,qwen_dynamical_edge_normal_long,0be219064d7f2de285c4637dbbf99d87feb1bdfb,"[1, 128, 896]",inputs_embeds,paper_style_feedback_dynamics,Qwen/Qwen2.5-0.5B,0.00010375254350947216,direct,fixed_random,-11.077356338500977,-11.077245712280273,1.0,2,128,965.4323120117188,0.016728324815630913,72,final_hidden,2026-07-10T15:12:24.317889+00:00,nonpad_flattened,Qwen/Qwen2.5-0.5B
4480,128,2,64,main,wikitext,wikitext-2-raw-v1,validation,cuda,float32,128,qwen_dynamical_edge_normal_long,0be219064d7f2de285c4637dbbf99d87feb1bdfb,"[1, 128, 896]",inputs_embeds,paper_style_feedback_dynamics,Qwen/Qwen2.5-0.5B,0.00013802421744912863,direct,fixed_random,-11.077457427978516,-11.077356338500977,1.0,2,128,965.4322509765625,0.0153971491381526,73,final_hidden,2026-07-10T15:12:24.317889+00:00,nonpad_flattened,Qwen/Qwen2.5-0.5B
4480,128,2,64,main,wikitext,wikitext-2-raw-v1,validation,cuda,float32,128,qwen_dynamical_edge_normal_long,0be219064d7f2de285c4637dbbf99d87feb1bdfb,"[1, 128, 896]",inputs_embeds,paper_style_feedback_dynamics,Qwen/Qwen2.5-0.5B,0.00011921567056560889,direct,fixed_random,-11.07754898071289,-11.077457427978516,1.0,2,128,965.43212890625,0.01416624803096056,74,final_hidden,2026-07-10T15:12:24.317889+00:00,nonpad_flattened,Qwen/Qwen2.5-0.5B
4480,128,2,64,main,wikitext,wikitext-2-raw-v1,validation,cuda,float32,128,qwen_dynamical_edge_normal_long,0be219064d7f2de285c4637dbbf99d87feb1bdfb,"[1, 128, 896]",inputs_embeds,paper_style_feedback_dynamics,Qwen/Qwen2.5-0.5B,0.00010726002074079588,direct,fixed_random,-11.077631950378418,-11.07754898071289,1.0,2,128,965.4319458007812,0.013031037524342537,75,final_hidden,2026-07-10T15:12:24.317889+00:00,nonpad_flattened,Qwen/Qwen2.5-0.5B
4480,128,2,64,main,wikitext,wikitext-2-raw-v1,validation,cuda,float32,128,qwen_dynamical_edge_normal_long,0be219064d7f2de285c4637dbbf99d87feb1bdfb,"[1, 128, 896]",inputs_embeds,paper_style_feedback_dynamics,Qwen/Qwen2.5-0.5B,9.309269807999954e-05,direct,fixed_random,-11.077710151672363,-11.077631950378418,1.0,2,128,965.431884765625,0.011984550394117832,76,final_hidden,2026-07-10T15:12:24.317889+00:00,nonpad_flattened,Qwen/Qwen2.5-0.5B
4480,128,2,64,main,wikitext,wikitext-2-raw-v1,validation,cuda,float32,128,qwen_dynamical_edge_normal_long,0be219064d7f2de285c4637dbbf99d87feb1bdfb,"[1, 128, 896]",inputs_embeds,paper_style_feedback_dynamics,Qwen/Qwen2.5-0.5B,9.654799214331433e-05,direct,fixed_random,-11.077776908874512,-11.077710151672363,1.0,2,128,965.4318237304688,0.011040419340133667,77,final_hidden,2026-07-10T15:12:24.317889+00:00,nonpad_flattened,Qwen/Qwen2.5-0.5B
4480,128,2,64,main,wikitext,wikitext-2-raw-v1,validation,cuda,float32,128,qwen_dynamical_edge_normal_long,0be219064d7f2de285c4637dbbf99d87feb1bdfb,"[1, 128, 896]",inputs_embeds,paper_style_feedback_dynamics,Qwen/Qwen2.5-0.5B,0.00011354608432156965,direct,fixed_random,-11.077836036682129,-11.077776908874512,1.0,2,128,965.4317016601562,0.0101254191249609,78,final_hidden,2026-07-10T15:12:24.317889+00:00,nonpad_flattened,Qwen/Qwen2.5-0.5B
4480,128,2,64,main,wikitext,wikitext-2-raw-v1,validation,cuda,float32,128,qwen_dynamical_edge_normal_long,0be219064d7f2de285c4637dbbf99d87feb1bdfb,"[1, 128, 896]",inputs_embeds,paper_style_feedback_dynamics,Qwen/Qwen2.5-0.5B,0.00011468052252894267,direct,fixed_random,-11.07789134979248,-11.077836036682129,1.0,2,128,965.431640625,0.009341960772871971,79,final_hidden,2026-07-10T15:12:24.317889+00:00,nonpad_flattened,Qwen/Qwen2.5-0.5B
4480,128,2,64,main,wikitext,wikitext-2-raw-v1,validation,cuda,float32,128,qwen_dynamical_edge_normal_long,0be219064d7f2de285c4637dbbf99d87feb1bdfb,"[1, 128, 896]",inputs_embeds,paper_style_feedback_dynamics,Qwen/Qwen2.5-0.5B,0.00010161850514123216,direct,fixed_random,-11.07794189453125,-11.07789134979248,1.0,2,128,965.4315795898438,0.008602386340498924,80,final_hidden,2026-07-10T15:12:24.317889+00:00,nonpad_flattened,Qwen/Qwen2.5-0.5B
4480,128,2,64,main,wikitext,wikitext-2-raw-v1,validation,cuda,float32,128,qwen_dynamical_edge_normal_long,0be219064d7f2de285c4637dbbf99d87feb1bdfb,"[1, 128, 896]",inputs_embeds,paper_style_feedback_dynamics,Qwen/Qwen2.5-0.5B,0.00012106203939765692,direct,fixed_random,-11.07799243927002,-11.07794189453125,1.0,2,128,965.4314575195312,0.007915428839623928,81,final_hidden,2026-07-10T15:12:24.317889+00:00,nonpad_flattened,Qwen/Qwen2.5-0.5B
4480,128,2,64,main,wikitext,wikitext-2-raw-v1,validation,cuda,float32,128,qwen_dynamical_edge_normal_long,0be219064d7f2de285c4637dbbf99d87feb1bdfb,"[1, 128, 896]",inputs_embeds,paper_style_feedback_dynamics,Qwen/Qwen2.5-0.5B,0.00010700879647629336,direct,fixed_random,-11.078035354614258,-11.07799243927002,1.0,2,128,965.4314575195312,0.007283597253262997,82,final_hidden,2026-07-10T15:12:24.317889+00:00,nonpad_flattened,Qwen/Qwen2.5-0.5B
4480,128,2,64,main,wikitext,wikitext-2-raw-v1,validation,cuda,float32,128,qwen_dynamical_edge_normal_long,0be219064d7f2de285c4637dbbf99d87feb1bdfb,"[1, 128, 896]",inputs_embeds,paper_style_feedback_dynamics,Qwen/Qwen2.5-0.5B,0.00011853585601784289,direct,fixed_random,-11.078070640563965,-11.078035354614258,1.0,2,128,965.431396484375,0.006700586993247271,83,final_hidden,2026-07-10T15:12:24.317889+00:00,nonpad_flattened,Qwen/Qwen2.5-0.5B
4480,128,2,64,main,wikitext,wikitext-2-raw-v1,validation,cuda,float32,128,qwen_dynamical_edge_normal_long,0be219064d7f2de285c4637dbbf99d87feb1bdfb,"[1, 128, 896]",inputs_embeds,paper_style_feedback_dynamics,Qwen/Qwen2.5-0.5B,0.00010921614739345387,direct,fixed_random,-11.078106880187988,-11.078070640563965,1.0,2,128,965.4313354492188,0.006174084730446339,84,final_hidden,2026-07-10T15:12:24.317889+00:00,nonpad_flattened,Qwen/Qwen2.5-0.5B
4480,128,2,64,main,wikitext,wikitext-2-raw-v1,validation,cuda,float32,128,qwen_dynamical_edge_normal_long,0be219064d7f2de285c4637dbbf99d87feb1bdfb,"[1, 128, 896]",inputs_embeds,paper_style_feedback_dynamics,Qwen/Qwen2.5-0.5B,0.00013945445243734866,direct,fixed_random,-11.078141212463379,-11.078106880187988,1.0,2,128,965.4312744140625,0.0056838239543139935,85,final_hidden,2026-07-10T15:12:24.317889+00:00,nonpad_flattened,Qwen/Qwen2.5-0.5B
4480,128,2,64,main,wikitext,wikitext-2-raw-v1,validation,cuda,float32,128,qwen_dynamical_edge_normal_long,0be219064d7f2de285c4637dbbf99d87feb1bdfb,"[1, 128, 896]",inputs_embeds,paper_style_feedback_dynamics,Qwen/Qwen2.5-0.5B,0.00013770711666438729,direct,fixed_random,-11.078170776367188,-11.078141212463379,1.0,2,128,965.4313354492188,0.00525505468249321,86,final_hidden,2026-07-10T15:12:24.317889+00:00,nonpad_flattened,Qwen/Qwen2.5-0.5B
4480,128,2,64,main,wikitext,wikitext-2-raw-v1,validation,cuda,float32,128,qwen_dynamical_edge_normal_long,0be219064d7f2de285c4637dbbf99d87feb1bdfb,"[1, 128, 896]",inputs_embeds,paper_style_feedback_dynamics,Qwen/Qwen2.5-0.5B,0.00013345526531338692,direct,fixed_random,-11.078197479248047,-11.078170776367188,1.0,2,128,965.4313354492188,0.004842646420001984,87,final_hidden,2026-07-10T15:12:24.317889+00:00,nonpad_flattened,Qwen/Qwen2.5-0.5B
4480,128,2,64,main,wikitext,wikitext-2-raw-v1,validation,cuda,float32,128,qwen_dynamical_edge_normal_long,0be219064d7f2de285c4637dbbf99d87feb1bdfb,"[1, 128, 896]",inputs_embeds,paper_style_feedback_dynamics,Qwen/Qwen2.5-0.5B,0.00012507953215390444,direct,fixed_random,-11.078224182128906,-11.078197479248047,1.0,2,128,965.4313354492188,0.00444089574739337,88,final_hidden,2026-07-10T15:12:24.317889+00:00,nonpad_flattened,Qwen/Qwen2.5-0.5B
4480,128,2,64,main,wikitext,wikitext-2-raw-v1,validation,cuda,float32,128,qwen_dynamical_edge_normal_long,0be219064d7f2de285c4637dbbf99d87feb1bdfb,"[1, 128, 896]",inputs_embeds,paper_style_feedback_dynamics,Qwen/Qwen2.5-0.5B,0.00014960601401980966,direct,fixed_random,-11.0782470703125,-11.078224182128906,1.0,2,128,965.4314575195312,0.0041056470945477486,89,final_hidden,2026-07-10T15:12:24.317889+00:00,nonpad_flattened,Qwen/Qwen2.5-0.5B
4480,128,2,64,main,wikitext,wikitext-2-raw-v1,validation,cuda,float32,128,qwen_dynamical_edge_normal_long,0be219064d7f2de285c4637dbbf99d87feb1bdfb,"[1, 128, 896]",inputs_embeds,paper_style_feedback_dynamics,Qwen/Qwen2.5-0.5B,0.00015959142183419317,direct,fixed_random,-11.078266143798828,-11.0782470703125,1.0,2,128,965.4313354492188,0.0037837803829461336,90,final_hidden,2026-07-10T15:12:24.317889+00:00,nonpad_flattened,Qwen/Qwen2.5-0.5B
4480,128,2,64,main,wikitext,wikitext-2-raw-v1,validation,cuda,float32,128,qwen_dynamical_edge_normal_long,0be219064d7f2de285c4637dbbf99d87feb1bdfb,"[1, 128, 896]",inputs_embeds,paper_style_feedback_dynamics,Qwen/Qwen2.5-0.5B,0.00012303136463742703,direct,fixed_random,-11.078286170959473,-11.078266143798828,1.0,2,128,965.4314575195312,0.003483520820736885,91,final_hidden,2026-07-10T15:12:24.317889+00:00,nonpad_flattened,Qwen/Qwen2.5-0.5B
4480,128,2,64,main,wikitext,wikitext-2-raw-v1,validation,cuda,float32,128,qwen_dynamical_edge_normal_long,0be219064d7f2de285c4637dbbf99d87feb1bdfb,"[1, 128, 896]",inputs_embeds,paper_style_feedback_dynamics,Qwen/Qwen2.5-0.5B,0.00013639847747981548,direct,fixed_random,-11.078306198120117,-11.078286170959473,1.0,2,128,965.431396484375,0.003198703285306692,92,final_hidden,2026-07-10T15:12:24.317889+00:00,nonpad_flattened,Qwen/Qwen2.5-0.5B
4480,128,2,64,main,wikitext,wikitext-2-raw-v1,validation,cuda,float32,128,qwen_dynamical_edge_normal_long,0be219064d7f2de285c4637dbbf99d87feb1bdfb,"[1, 128, 896]",inputs_embeds,paper_style_feedback_dynamics,Qwen/Qwen2.5-0.5B,0.0001431691343896091,direct,fixed_random,-11.078323364257812,-11.078306198120117,1.0,2,128,965.4312744140625,0.0029416223987936974,93,final_hidden,2026-07-10T15:12:24.317889+00:00,nonpad_flattened,Qwen/Qwen2.5-0.5B
4480,128,2,64,main,wikitext,wikitext-2-raw-v1,validation,cuda,float32,128,qwen_dynamical_edge_normal_long,0be219064d7f2de285c4637dbbf99d87feb1bdfb,"[1, 128, 896]",inputs_embeds,paper_style_feedback_dynamics,Qwen/Qwen2.5-0.5B,0.00014128530165180564,direct,fixed_random,-11.078339576721191,-11.078323364257812,1.0,2,128,965.4312133789062,0.0027188744861632586,94,final_hidden,2026-07-10T15:12:24.317889+00:00,nonpad_flattened,Qwen/Qwen2.5-0.5B
4480,128,2,64,main,wikitext,wikitext-2-raw-v1,validation,cuda,float32,128,qwen_dynamical_edge_normal_long,0be219064d7f2de285c4637dbbf99d87feb1bdfb,"[1, 128, 896]",inputs_embeds,paper_style_feedback_dynamics,Qwen/Qwen2.5-0.5B,0.0001273977104574442,direct,fixed_random,-11.078352928161621,-11.078339576721191,1.0,2,128,965.4312133789062,0.0025081767234951258,95,final_hidden,2026-07-10T15:12:24.317889+00:00,nonpad_flattened,Qwen/Qwen2.5-0.5B
4480,128,2,64,main,wikitext,wikitext-2-raw-v1,validation,cuda,float32,128,qwen_dynamical_edge_normal_long,0be219064d7f2de285c4637dbbf99d87feb1bdfb,"[1, 128, 896]",inputs_embeds,paper_style_feedback_dynamics,Qwen/Qwen2.5-0.5B,0.00012032350059598684,direct,fixed_random,-11.078369140625,-11.078352928161621,1.0,2,128,965.4310913085938,0.0023178267292678356,96,final_hidden,2026-07-10T15:12:24.317889+00:00,nonpad_flattened,Qwen/Qwen2.5-0.5B
4480,128,2,64,main,wikitext,wikitext-2-raw-v1,validation,cuda,float32,128,qwen_dynamical_edge_normal_long,0be219064d7f2de285c4637dbbf99d87feb1bdfb,"[1, 128, 896]",inputs_embeds,paper_style_feedback_dynamics,Qwen/Qwen2.5-0.5B,0.00012229001731611788,direct,fixed_random,-11.078380584716797,-11.078369140625,1.0,2,128,965.4312133789062,0.0021424905862659216,97,final_hidden,2026-07-10T15:12:24.317889+00:00,nonpad_flattened,Qwen/Qwen2.5-0.5B
4480,128,2,64,main,wikitext,wikitext-2-raw-v1,validation,cuda,float32,128,qwen_dynamical_edge_normal_long,0be219064d7f2de285c4637dbbf99d87feb1bdfb,"[1, 128, 896]",inputs_embeds,paper_style_feedback_dynamics,Qwen/Qwen2.5-0.5B,0.0001295592956012115,direct,fixed_random,-11.078392028808594,-11.078380584716797,1.0,2,128,965.4310913085938,0.001967382151633501,98,final_hidden,2026-07-10T15:12:24.317889+00:00,nonpad_flattened,Qwen/Qwen2.5-0.5B
4480,128,2,64,main,wikitext,wikitext-2-raw-v1,validation,cuda,float32,128,qwen_dynamical_edge_normal_long,0be219064d7f2de285c4637dbbf99d87feb1bdfb,"[1, 128, 896]",inputs_embeds,paper_style_feedback_dynamics,Qwen/Qwen2.5-0.5B,0.00011688481754390523,direct,fixed_random,-11.078400611877441,-11.078392028808594,1.0,2,128,965.4310913085938,0.0018235179595649242,99,final_hidden,2026-07-10T15:12:24.317889+00:00,nonpad_flattened,Qwen/Qwen2.5-0.5B
4480,128,2,64,main,wikitext,wikitext-2-raw-v1,validation,cuda,float32,128,qwen_dynamical_edge_normal_long,0be219064d7f2de285c4637dbbf99d87feb1bdfb,"[1, 128, 896]",inputs_embeds,paper_style_feedback_dynamics,Qwen/Qwen2.5-0.5B,0.00011374784662621096,direct,fixed_random,-11.078412055969238,-11.078400611877441,1.0,2,128,965.4310913085938,0.001678571687079966,100,final_hidden,2026-07-10T15:12:24.317889+00:00,nonpad_flattened,Qwen/Qwen2.5-0.5B
4480,128,2,64,main,wikitext,wikitext-2-raw-v1,validation,cuda,float32,128,qwen_dynamical_edge_normal_long,0be219064d7f2de285c4637dbbf99d87feb1bdfb,"[1, 128, 896]",inputs_embeds,paper_style_feedback_dynamics,Qwen/Qwen2.5-0.5B,0.00010700976417865604,direct,fixed_random,-11.078422546386719,-11.078412055969238,1.0,2,128,965.4310302734375,0.001537944539450109,101,final_hidden,2026-07-10T15:12:24.317889+00:00,nonpad_flattened,Qwen/Qwen2.5-0.5B
4480,128,2,64,main,wikitext,wikitext-2-raw-v1,validation,cuda,float32,128,qwen_dynamical_edge_normal_long,0be219064d7f2de285c4637dbbf99d87feb1bdfb,"[1, 128, 896]",inputs_embeds,paper_style_feedback_dynamics,Qwen/Qwen2.5-0.5B,0.00010976697376463562,direct,fixed_random,-11.078431129455566,-11.078422546386719,1.0,2,128,965.4310302734375,0.0014175151009112597,102,final_hidden,2026-07-10T15:12:24.317889+00:00,nonpad_flattened,Qwen/Qwen2.5-0.5B
4480,128,2,64,main,wikitext,wikitext-2-raw-v1,validation,cuda,float32,128,qwen_dynamical_edge_normal_long,0be219064d7f2de285c4637dbbf99d87feb1bdfb,"[1, 128, 896]",inputs_embeds,paper_style_feedback_dynamics,Qwen/Qwen2.5-0.5B,0.00011482007539598271,direct,fixed_random,-11.078438758850098,-11.078431129455566,1.0,2,128,965.4310302734375,0.001322745461948216,103,final_hidden,2026-07-10T15:12:24.317889+00:00,nonpad_flattened,Qwen/Qwen2.5-0.5B
4480,128,2,64,main,wikitext,wikitext-2-raw-v1,validation,cuda,float32,128,qwen_dynamical_edge_normal_long,0be219064d7f2de285c4637dbbf99d87feb1bdfb,"[1, 128, 896]",inputs_embeds,paper_style_feedback_dynamics,Qwen/Qwen2.5-0.5B,0.0001352012186544016,direct,fixed_random,-11.078446388244629,-11.078438758850098,1.0,2,128,965.4309692382812,0.0012072366662323475,104,final_hidden,2026-07-10T15:12:24.317889+00:00,nonpad_flattened,Qwen/Qwen2.5-0.5B
4480,128,2,64,main,wikitext,wikitext-2-raw-v1,validation,cuda,float32,128,qwen_dynamical_edge_normal_long,0be219064d7f2de285c4637dbbf99d87feb1bdfb,"[1, 128, 896]",inputs_embeds,paper_style_feedback_dynamics,Qwen/Qwen2.5-0.5B,0.00011735851148841903,direct,fixed_random,-11.078454971313477,-11.078446388244629,1.0,2,128,965.4309692382812,0.0011246666545048356,105,final_hidden,2026-07-10T15:12:24.317889+00:00,nonpad_flattened,Qwen/Qwen2.5-0.5B
4480,128,2,64,main,wikitext,wikitext-2-raw-v1,validation,cuda,float32,128,qwen_dynamical_edge_normal_long,0be219064d7f2de285c4637dbbf99d87feb1bdfb,"[1, 128, 896]",inputs_embeds,paper_style_feedback_dynamics,Qwen/Qwen2.5-0.5B,0.00012239273928571492,direct,fixed_random,-11.078460693359375,-11.078454971313477,1.0,2,128,965.430908203125,0.0010347386123612523,106,final_hidden,2026-07-10T15:12:24.317889+00:00,nonpad_flattened,Qwen/Qwen2.5-0.5B
4480,128,2,64,main,wikitext,wikitext-2-raw-v1,validation,cuda,float32,128,qwen_dynamical_edge_normal_long,0be219064d7f2de285c4637dbbf99d87feb1bdfb,"[1, 128, 896]",inputs_embeds,paper_style_feedback_dynamics,Qwen/Qwen2.5-0.5B,0.00011795655882451683,direct,fixed_random,-11.078465461730957,-11.078460693359375,1.0,2,128,965.430908203125,0.0009530718671157956,107,final_hidden,2026-07-10T15:12:24.317889+00:00,nonpad_flattened,Qwen/Qwen2.5-0.5B
4480,128,2,64,main,wikitext,wikitext-2-raw-v1,validation,cuda,float32,128,qwen_dynamical_edge_normal_long,0be219064d7f2de285c4637dbbf99d87feb1bdfb,"[1, 128, 896]",inputs_embeds,paper_style_feedback_dynamics,Qwen/Qwen2.5-0.5B,9.743234841153026e-05,direct,fixed_random,-11.078472137451172,-11.078465461730957,1.0,2,128,965.4309692382812,0.0008714491850696504,108,final_hidden,2026-07-10T15:12:24.317889+00:00,nonpad_flattened,Qwen/Qwen2.5-0.5B
4480,128,2,64,main,wikitext,wikitext-2-raw-v1,validation,cuda,float32,128,qwen_dynamical_edge_normal_long,0be219064d7f2de285c4637dbbf99d87feb1bdfb,"[1, 128, 896]",inputs_embeds,paper_style_feedback_dynamics,Qwen/Qwen2.5-0.5B,0.00012923699978273362,direct,fixed_random,-11.078474998474121,-11.078472137451172,1.0,2,128,965.4309692382812,0.0008066722075454891,109,final_hidden,2026-07-10T15:12:24.317889+00:00,nonpad_flattened,Qwen/Qwen2.5-0.5B
4480,128,2,64,main,wikitext,wikitext-2-raw-v1,validation,cuda,float32,128,qwen_dynamical_edge_normal_long,0be219064d7f2de285c4637dbbf99d87feb1bdfb,"[1, 128, 896]",inputs_embeds,paper_style_feedback_dynamics,Qwen/Qwen2.5-0.5B,0.00010109177674166858,direct,fixed_random,-11.078481674194336,-11.078474998474121,1.0,2,128,965.4309692382812,0.0007748818607069552,110,final_hidden,2026-07-10T15:12:24.317889+00:00,nonpad_flattened,Qwen/Qwen2.5-0.5B
4480,128,2,64,main,wikitext,wikitext-2-raw-v1,validation,cuda,float32,128,qwen_dynamical_edge_normal_long,0be219064d7f2de285c4637dbbf99d87feb1bdfb,"[1, 128, 896]",inputs_embeds,paper_style_feedback_dynamics,Qwen/Qwen2.5-0.5B,9.876190597424284e-05,direct,fixed_random,-11.078483581542969,-11.078481674194336,1.0,2,128,965.430908203125,0.0007063552620820701,111,final_hidden,2026-07-10T15:12:24.317889+00:00,nonpad_flattened,Qwen/Qwen2.5-0.5B
4480,128,2,64,main,wikitext,wikitext-2-raw-v1,validation,cuda,float32,128,qwen_dynamical_edge_normal_long,0be219064d7f2de285c4637dbbf99d87feb1bdfb,"[1, 128, 896]",inputs_embeds,paper_style_feedback_dynamics,Qwen/Qwen2.5-0.5B,0.00010406503133708611,direct,fixed_random,-11.078486442565918,-11.078483581542969,1.0,2,128,965.430908203125,0.0006492807297036052,112,final_hidden,2026-07-10T15:12:24.317889+00:00,nonpad_flattened,Qwen/Qwen2.5-0.5B
4480,128,2,64,main,wikitext,wikitext-2-raw-v1,validation,cuda,float32,128,qwen_dynamical_edge_normal_long,0be219064d7f2de285c4637dbbf99d87feb1bdfb,"[1, 128, 896]",inputs_embeds,paper_style_feedback_dynamics,Qwen/Qwen2.5-0.5B,0.0001197765304823406,direct,fixed_random,-11.078490257263184,-11.078486442565918,1.0,2,128,965.430908203125,0.0005946179153397679,113,final_hidden,2026-07-10T15:12:24.317889+00:00,nonpad_flattened,Qwen/Qwen2.5-0.5B
4480,128,2,64,main,wikitext,wikitext-2-raw-v1,validation,cuda,float32,128,qwen_dynamical_edge_normal_long,0be219064d7f2de285c4637dbbf99d87feb1bdfb,"[1, 128, 896]",inputs_embeds,paper_style_feedback_dynamics,Qwen/Qwen2.5-0.5B,0.0001186590816359967,direct,fixed_random,-11.078495979309082,-11.078490257263184,1.0,2,128,965.430908203125,0.0005462535191327333,114,final_hidden,2026-07-10T15:12:24.317889+00:00,nonpad_flattened,Qwen/Qwen2.5-0.5B
4480,128,2,64,main,wikitext,wikitext-2-raw-v1,validation,cuda,float32,128,qwen_dynamical_edge_normal_long,0be219064d7f2de285c4637dbbf99d87feb1bdfb,"[1, 128, 896]",inputs_embeds,paper_style_feedback_dynamics,Qwen/Qwen2.5-0.5B,0.00013441681221593171,direct,fixed_random,-11.078496932983398,-11.078495979309082,1.0,2,128,965.430908203125,0.0005013405461795628,115,final_hidden,2026-07-10T15:12:24.317889+00:00,nonpad_flattened,Qwen/Qwen2.5-0.5B
4480,128,2,64,main,wikitext,wikitext-2-raw-v1,validation,cuda,float32,128,qwen_dynamical_edge_normal_long,0be219064d7f2de285c4637dbbf99d87feb1bdfb,"[1, 128, 896]",inputs_embeds,paper_style_feedback_dynamics,Qwen/Qwen2.5-0.5B,0.0001271233195438981,direct,fixed_random,-11.078498840332031,-11.078496932983398,1.0,2,128,965.430908203125,0.00046610317076556385,116,final_hidden,2026-07-10T15:12:24.317889+00:00,nonpad_flattened,Qwen/Qwen2.5-0.5B
4480,128,2,64,main,wikitext,wikitext-2-raw-v1,validation,cuda,float32,128,qwen_dynamical_edge_normal_long,0be219064d7f2de285c4637dbbf99d87feb1bdfb,"[1, 128, 896]",inputs_embeds,paper_style_feedback_dynamics,Qwen/Qwen2.5-0.5B,0.0001104008624679409,direct,fixed_random,-11.07850170135498,-11.078498840332031,1.0,2,128,965.4308471679688,0.0004449498374015093,117,final_hidden,2026-07-10T15:12:24.317889+00:00,nonpad_flattened,Qwen/Qwen2.5-0.5B
4480,128,2,64,main,wikitext,wikitext-2-raw-v1,validation,cuda,float32,128,qwen_dynamical_edge_normal_long,0be219064d7f2de285c4637dbbf99d87feb1bdfb,"[1, 128, 896]",inputs_embeds,paper_style_feedback_dynamics,Qwen/Qwen2.5-0.5B,0.00010248330363538116,direct,fixed_random,-11.078502655029297,-11.07850170135498,1.0,2,128,965.430908203125,0.0004178623203188181,118,final_hidden,2026-07-10T15:12:24.317889+00:00,nonpad_flattened,Qwen/Qwen2.5-0.5B
4480,128,2,64,main,wikitext,wikitext-2-raw-v1,validation,cuda,float32,128,qwen_dynamical_edge_normal_long,0be219064d7f2de285c4637dbbf99d87feb1bdfb,"[1, 128, 896]",inputs_embeds,paper_style_feedback_dynamics,Qwen/Qwen2.5-0.5B,9.878062701318413e-05,direct,fixed_random,-11.07850456237793,-11.078502655029297,1.0,2,128,965.4308471679688,0.0003939867310691625,119,final_hidden,2026-07-10T15:12:24.317889+00:00,nonpad_flattened,Qwen/Qwen2.5-0.5B
4480,128,2,64,main,wikitext,wikitext-2-raw-v1,validation,cuda,float32,128,qwen_dynamical_edge_normal_long,0be219064d7f2de285c4637dbbf99d87feb1bdfb,"[1, 128, 896]",inputs_embeds,paper_style_feedback_dynamics,Qwen/Qwen2.5-0.5B,0.00010732466034824029,direct,fixed_random,-11.078505516052246,-11.07850456237793,1.0,2,128,965.4308471679688,0.00034461598261259496,120,final_hidden,2026-07-10T15:12:24.317889+00:00,nonpad_flattened,Qwen/Qwen2.5-0.5B
4480,128,2,64,main,wikitext,wikitext-2-raw-v1,validation,cuda,float32,128,qwen_dynamical_edge_normal_long,0be219064d7f2de285c4637dbbf99d87feb1bdfb,"[1, 128, 896]",inputs_embeds,paper_style_feedback_dynamics,Qwen/Qwen2.5-0.5B,0.0001068202982423827,direct,fixed_random,-11.078508377075195,-11.078505516052246,1.0,2,128,965.4308471679688,0.0003199777565896511,121,final_hidden,2026-07-10T15:12:24.317889+00:00,nonpad_flattened,Qwen/Qwen2.5-0.5B
4480,128,2,64,main,wikitext,wikitext-2-raw-v1,validation,cuda,float32,128,qwen_dynamical_edge_normal_long,0be219064d7f2de285c4637dbbf99d87feb1bdfb,"[1, 128, 896]",inputs_embeds,paper_style_feedback_dynamics,Qwen/Qwen2.5-0.5B,0.0001298108254559338,direct,fixed_random,-11.078510284423828,-11.078508377075195,1.0,2,128,965.430908203125,0.0003030036168638617,122,final_hidden,2026-07-10T15:12:24.317889+00:00,nonpad_flattened,Qwen/Qwen2.5-0.5B
4480,128,2,64,main,wikitext,wikitext-2-raw-v1,validation,cuda,float32,128,qwen_dynamical_edge_normal_long,0be219064d7f2de285c4637dbbf99d87feb1bdfb,"[1, 128, 896]",inputs_embeds,paper_style_feedback_dynamics,Qwen/Qwen2.5-0.5B,0.00013298097474034876,direct,fixed_random,-11.078512191772461,-11.078510284423828,1.0,2,128,965.430908203125,0.00027142561157234013,123,final_hidden,2026-07-10T15:12:24.317889+00:00,nonpad_flattened,Qwen/Qwen2.5-0.5B
4480,128,2,64,main,wikitext,wikitext-2-raw-v1,validation,cuda,float32,128,qwen_dynamical_edge_normal_long,0be219064d7f2de285c4637dbbf99d87feb1bdfb,"[1, 128, 896]",inputs_embeds,paper_style_feedback_dynamics,Qwen/Qwen2.5-0.5B,0.00011780841305153444,direct,fixed_random,-11.07851505279541,-11.078512191772461,1.0,2,128,965.430908203125,0.0002415635099168867,124,final_hidden,2026-07-10T15:12:24.317889+00:00,nonpad_flattened,Qwen/Qwen2.5-0.5B
4480,128,2,64,main,wikitext,wikitext-2-raw-v1,validation,cuda,float32,128,qwen_dynamical_edge_normal_long,0be219064d7f2de285c4637dbbf99d87feb1bdfb,"[1, 128, 896]",inputs_embeds,paper_style_feedback_dynamics,Qwen/Qwen2.5-0.5B,0.00010275683598592877,direct,fixed_random,-11.078514099121094,-11.07851505279541,1.0,2,128,965.4309692382812,0.00022728343901690096,125,final_hidden,2026-07-10T15:12:24.317889+00:00,nonpad_flattened,Qwen/Qwen2.5-0.5B
4480,128,2,64,main,wikitext,wikitext-2-raw-v1,validation,cuda,float32,128,qwen_dynamical_edge_normal_long,0be219064d7f2de285c4637dbbf99d87feb1bdfb,"[1, 128, 896]",inputs_embeds,paper_style_feedback_dynamics,Qwen/Qwen2.5-0.5B,0.00010331568046240136,direct,fixed_random,-11.078519821166992,-11.078514099121094,1.0,2,128,965.4309692382812,0.00021700219076592475,126,final_hidden,2026-07-10T15:12:24.317889+00:00,nonpad_flattened,Qwen/Qwen2.5-0.5B
4480,128,2,64,main,wikitext,wikitext-2-raw-v1,validation,cuda,float32,128,qwen_dynamical_edge_normal_long,0be219064d7f2de285c4637dbbf99d87feb1bdfb,"[1, 128, 896]",inputs_embeds,paper_style_feedback_dynamics,Qwen/Qwen2.5-0.5B,0.00011703911877702922,direct,fixed_random,,-11.078519821166992,1.0,2,128,965.4309692382812,0.0002050650946330279,127,final_hidden,2026-07-10T15:12:24.317889+00:00,nonpad_flattened,Qwen/Qwen2.5-0.5B
114688,128,3,64,main,wikitext,wikitext-2-raw-v1,validation,cuda,float32,128,qwen_dynamical_edge_normal_long,0be219064d7f2de285c4637dbbf99d87feb1bdfb,"[1, 128, 896]",inputs_embeds,paper_style_feedback_dynamics,Qwen/Qwen2.5-0.5B,0.002951424103230238,direct,fixed_random,-4.734102249145508,-4.7042717933654785,1.0,3,128,4768.51611328125,28.88636016845703,0,final_hidden,2026-07-10T15:12:24.317889+00:00,nonpad_flattened,Qwen/Qwen2.5-0.5B
114688,128,3,64,main,wikitext,wikitext-2-raw-v1,validation,cuda,float32,128,qwen_dynamical_edge_normal_long,0be219064d7f2de285c4637dbbf99d87feb1bdfb,"[1, 128, 896]",inputs_embeds,paper_style_feedback_dynamics,Qwen/Qwen2.5-0.5B,0.002995892195031047,direct,fixed_random,-4.757196426391602,-4.734102249145508,1.0,3,128,4766.33154296875,28.877540588378906,1,final_hidden,2026-07-10T15:12:24.317889+00:00,nonpad_flattened,Qwen/Qwen2.5-0.5B
114688,128,3,64,main,wikitext,wikitext-2-raw-v1,validation,cuda,float32,128,qwen_dynamical_edge_normal_long,0be219064d7f2de285c4637dbbf99d87feb1bdfb,"[1, 128, 896]",inputs_embeds,paper_style_feedback_dynamics,Qwen/Qwen2.5-0.5B,0.003042232245206833,direct,fixed_random,-4.77370023727417,-4.757196426391602,1.0,3,128,4764.236328125,29.08213996887207,2,final_hidden,2026-07-10T15:12:24.317889+00:00,nonpad_flattened,Qwen/Qwen2.5-0.5B
114688,128,3,64,main,wikitext,wikitext-2-raw-v1,validation,cuda,float32,128,qwen_dynamical_edge_normal_long,0be219064d7f2de285c4637dbbf99d87feb1bdfb,"[1, 128, 896]",inputs_embeds,paper_style_feedback_dynamics,Qwen/Qwen2.5-0.5B,0.003153954166918993,direct,fixed_random,-4.783649444580078,-4.77370023727417,1.0,3,128,4762.232421875,29.504981994628906,3,final_hidden,2026-07-10T15:12:24.317889+00:00,nonpad_flattened,Qwen/Qwen2.5-0.5B
114688,128,3,64,main,wikitext,wikitext-2-raw-v1,validation,cuda,float32,128,qwen_dynamical_edge_normal_long,0be219064d7f2de285c4637dbbf99d87feb1bdfb,"[1, 128, 896]",inputs_embeds,paper_style_feedback_dynamics,Qwen/Qwen2.5-0.5B,0.0033087872434407473,direct,fixed_random,-4.7873125076293945,-4.783649444580078,1.0,3,128,4760.31884765625,30.12446403503418,4,final_hidden,2026-07-10T15:12:24.317889+00:00,nonpad_flattened,Qwen/Qwen2.5-0.5B
114688,128,3,64,main,wikitext,wikitext-2-raw-v1,validation,cuda,float32,128,qwen_dynamical_edge_normal_long,0be219064d7f2de285c4637dbbf99d87feb1bdfb,"[1, 128, 896]",inputs_embeds,paper_style_feedback_dynamics,Qwen/Qwen2.5-0.5B,0.0034957360476255417,direct,fixed_random,-4.784934997558594,-4.7873125076293945,1.0,3,128,4758.49462890625,30.91301918029785,5,final_hidden,2026-07-10T15:12:24.317889+00:00,nonpad_flattened,Qwen/Qwen2.5-0.5B
114688,128,3,64,main,wikitext,wikitext-2-raw-v1,validation,cuda,float32,128,qwen_dynamical_edge_normal_long,0be219064d7f2de285c4637dbbf99d87feb1bdfb,"[1, 128, 896]",inputs_embeds,paper_style_feedback_dynamics,Qwen/Qwen2.5-0.5B,0.0036895889788866043,direct,fixed_random,-4.776082515716553,-4.784934997558594,1.0,3,128,4756.75732421875,31.876697540283203,6,final_hidden,2026-07-10T15:12:24.317889+00:00,nonpad_flattened,Qwen/Qwen2.5-0.5B
114688,128,3,64,main,wikitext,wikitext-2-raw-v1,validation,cuda,float32,128,qwen_dynamical_edge_normal_long,0be219064d7f2de285c4637dbbf99d87feb1bdfb,"[1, 128, 896]",inputs_embeds,paper_style_feedback_dynamics,Qwen/Qwen2.5-0.5B,0.0038815357256680727,direct,fixed_random,-4.759849548339844,-4.776082515716553,1.0,3,128,4755.10009765625,33.02825164794922,7,final_hidden,2026-07-10T15:12:24.317889+00:00,nonpad_flattened,Qwen/Qwen2.5-0.5B
114688,128,3,64,main,wikitext,wikitext-2-raw-v1,validation,cuda,float32,128,qwen_dynamical_edge_normal_long,0be219064d7f2de285c4637dbbf99d87feb1bdfb,"[1, 128, 896]",inputs_embeds,paper_style_feedback_dynamics,Qwen/Qwen2.5-0.5B,0.004010051488876343,direct,fixed_random,-4.735990047454834,-4.759849548339844,1.0,3,128,4753.51318359375,34.29747009277344,8,final_hidden,2026-07-10T15:12:24.317889+00:00,nonpad_flattened,Qwen/Qwen2.5-0.5B
114688,128,3,64,main,wikitext,wikitext-2-raw-v1,validation,cuda,float32,128,qwen_dynamical_edge_normal_long,0be219064d7f2de285c4637dbbf99d87feb1bdfb,"[1, 128, 896]",inputs_embeds,paper_style_feedback_dynamics,Qwen/Qwen2.5-0.5B,0.0041337586008012295,direct,fixed_random,-4.7053446769714355,-4.735990047454834,1.0,3,128,4751.982421875,35.54270553588867,9,final_hidden,2026-07-10T15:12:24.317889+00:00,nonpad_flattened,Qwen/Qwen2.5-0.5B
114688,128,3,64,main,wikitext,wikitext-2-raw-v1,validation,cuda,float32,128,qwen_dynamical_edge_normal_long,0be219064d7f2de285c4637dbbf99d87feb1bdfb,"[1, 128, 896]",inputs_embeds,paper_style_feedback_dynamics,Qwen/Qwen2.5-0.5B,0.004239776637405157,direct,fixed_random,-4.669495105743408,-4.7053446769714355,1.0,3,128,4750.4921875,36.6395149230957,10,final_hidden,2026-07-10T15:12:24.317889+00:00,nonpad_flattened,Qwen/Qwen2.5-0.5B
114688,128,3,64,main,wikitext,wikitext-2-raw-v1,validation,cuda,float32,128,qwen_dynamical_edge_normal_long,0be219064d7f2de285c4637dbbf99d87feb1bdfb,"[1, 128, 896]",inputs_embeds,paper_style_feedback_dynamics,Qwen/Qwen2.5-0.5B,0.004271950572729111,direct,fixed_random,-4.630686283111572,-4.669495105743408,1.0,3,128,4749.029296875,37.53448486328125,11,final_hidden,2026-07-10T15:12:24.317889+00:00,nonpad_flattened,Qwen/Qwen2.5-0.5B
114688,128,3,64,main,wikitext,wikitext-2-raw-v1,validation,cuda,float32,128,qwen_dynamical_edge_normal_long,0be219064d7f2de285c4637dbbf99d87feb1bdfb,"[1, 128, 896]",inputs_embeds,paper_style_feedback_dynamics,Qwen/Qwen2.5-0.5B,0.004309349227696657,direct,fixed_random,-4.59298038482666,-4.630686283111572,1.0,3,128,4747.5859375,38.23044967651367,12,final_hidden,2026-07-10T15:12:24.317889+00:00,nonpad_flattened,Qwen/Qwen2.5-0.5B
114688,128,3,64,main,wikitext,wikitext-2-raw-v1,validation,cuda,float32,128,qwen_dynamical_edge_normal_long,0be219064d7f2de285c4637dbbf99d87feb1bdfb,"[1, 128, 896]",inputs_embeds,paper_style_feedback_dynamics,Qwen/Qwen2.5-0.5B,0.004277754575014114,direct,fixed_random,-4.561927795410156,-4.59298038482666,1.0,3,128,4746.16650390625,38.687381744384766,13,final_hidden,2026-07-10T15:12:24.317889+00:00,nonpad_flattened,Qwen/Qwen2.5-0.5B
114688,128,3,64,main,wikitext,wikitext-2-raw-v1,validation,cuda,float32,128,qwen_dynamical_edge_normal_long,0be219064d7f2de285c4637dbbf99d87feb1bdfb,"[1, 128, 896]",inputs_embeds,paper_style_feedback_dynamics,Qwen/Qwen2.5-0.5B,0.00420409208163619,direct,fixed_random,-4.541753768920898,-4.561927795410156,1.0,3,128,4744.78173828125,38.826751708984375,14,final_hidden,2026-07-10T15:12:24.317889+00:00,nonpad_flattened,Qwen/Qwen2.5-0.5B
114688,128,3,64,main,wikitext,wikitext-2-raw-v1,validation,cuda,float32,128,qwen_dynamical_edge_normal_long,0be219064d7f2de285c4637dbbf99d87feb1bdfb,"[1, 128, 896]",inputs_embeds,paper_style_feedback_dynamics,Qwen/Qwen2.5-0.5B,0.004084859509021044,direct,fixed_random,-4.533817291259766,-4.541753768920898,1.0,3,128,4743.4404296875,38.67421340942383,15,final_hidden,2026-07-10T15:12:24.317889+00:00,nonpad_flattened,Qwen/Qwen2.5-0.5B
114688,128,3,64,main,wikitext,wikitext-2-raw-v1,validation,cuda,float32,128,qwen_dynamical_edge_normal_long,0be219064d7f2de285c4637dbbf99d87feb1bdfb,"[1, 128, 896]",inputs_embeds,paper_style_feedback_dynamics,Qwen/Qwen2.5-0.5B,0.003961092792451382,direct,fixed_random,-4.536696434020996,-4.533817291259766,1.0,3,128,4742.14208984375,38.301002502441406,16,final_hidden,2026-07-10T15:12:24.317889+00:00,nonpad_flattened,Qwen/Qwen2.5-0.5B
114688,128,3,64,main,wikitext,wikitext-2-raw-v1,validation,cuda,float32,128,qwen_dynamical_edge_normal_long,0be219064d7f2de285c4637dbbf99d87feb1bdfb,"[1, 128, 896]",inputs_embeds,paper_style_feedback_dynamics,Qwen/Qwen2.5-0.5B,0.0038136751390993595,direct,fixed_random,-4.547079086303711,-4.536696434020996,1.0,3,128,4740.88134765625,37.772132873535156,17,final_hidden,2026-07-10T15:12:24.317889+00:00,nonpad_flattened,Qwen/Qwen2.5-0.5B
114688,128,3,64,main,wikitext,wikitext-2-raw-v1,validation,cuda,float32,128,qwen_dynamical_edge_normal_long,0be219064d7f2de285c4637dbbf99d87feb1bdfb,"[1, 128, 896]",inputs_embeds,paper_style_feedback_dynamics,Qwen/Qwen2.5-0.5B,0.0036401329562067986,direct,fixed_random,-4.5613298416137695,-4.547079086303711,1.0,3,128,4739.6494140625,37.15873718261719,18,final_hidden,2026-07-10T15:12:24.317889+00:00,nonpad_flattened,Qwen/Qwen2.5-0.5B
114688,128,3,64,main,wikitext,wikitext-2-raw-v1,validation,cuda,float32,128,qwen_dynamical_edge_normal_long,0be219064d7f2de285c4637dbbf99d87feb1bdfb,"[1, 128, 896]",inputs_embeds,paper_style_feedback_dynamics,Qwen/Qwen2.5-0.5B,0.0034496323205530643,direct,fixed_random,-4.576711654663086,-4.5613298416137695,1.0,3,128,4738.43994140625,36.53337478637695,19,final_hidden,2026-07-10T15:12:24.317889+00:00,nonpad_flattened,Qwen/Qwen2.5-0.5B
114688,128,3,64,main,wikitext,wikitext-2-raw-v1,validation,cuda,float32,128,qwen_dynamical_edge_normal_long,0be219064d7f2de285c4637dbbf99d87feb1bdfb,"[1, 128, 896]",inputs_embeds,paper_style_feedback_dynamics,Qwen/Qwen2.5-0.5B,0.003287315834313631,direct,fixed_random,-4.591608047485352,-4.576711654663086,1.0,3,128,4737.24951171875,35.951393127441406,20,final_hidden,2026-07-10T15:12:24.317889+00:00,nonpad_flattened,Qwen/Qwen2.5-0.5B
114688,128,3,64,main,wikitext,wikitext-2-raw-v1,validation,cuda,float32,128,qwen_dynamical_edge_normal_long,0be219064d7f2de285c4637dbbf99d87feb1bdfb,"[1, 128, 896]",inputs_embeds,paper_style_feedback_dynamics,Qwen/Qwen2.5-0.5B,0.0031357291154563427,direct,fixed_random,-4.605117321014404,-4.591608047485352,1.0,3,128,4736.07666015625,35.450687408447266,21,final_hidden,2026-07-10T15:12:24.317889+00:00,nonpad_flattened,Qwen/Qwen2.5-0.5B
114688,128,3,64,main,wikitext,wikitext-2-raw-v1,validation,cuda,float32,128,qwen_dynamical_edge_normal_long,0be219064d7f2de285c4637dbbf99d87feb1bdfb,"[1, 128, 896]",inputs_embeds,paper_style_feedback_dynamics,Qwen/Qwen2.5-0.5B,0.0029993692878633738,direct,fixed_random,-4.617042541503906,-4.605117321014404,1.0,3,128,4734.92138671875,35.0628547668457,22,final_hidden,2026-07-10T15:12:24.317889+00:00,nonpad_flattened,Qwen/Qwen2.5-0.5B
114688,128,3,64,main,wikitext,wikitext-2-raw-v1,validation,cuda,float32,128,qwen_dynamical_edge_normal_long,0be219064d7f2de285c4637dbbf99d87feb1bdfb,"[1, 128, 896]",inputs_embeds,paper_style_feedback_dynamics,Qwen/Qwen2.5-0.5B,0.00291048944927752,direct,fixed_random,-4.6276960372924805,-4.617042541503906,1.0,3,128,4733.78564453125,34.79426574707031,23,final_hidden,2026-07-10T15:12:24.317889+00:00,nonpad_flattened,Qwen/Qwen2.5-0.5B
114688,128,3,64,main,wikitext,wikitext-2-raw-v1,validation,cuda,float32,128,qwen_dynamical_edge_normal_long,0be219064d7f2de285c4637dbbf99d87feb1bdfb,"[1, 128, 896]",inputs_embeds,paper_style_feedback_dynamics,Qwen/Qwen2.5-0.5B,0.0028226636350154877,direct,fixed_random,-4.637373924255371,-4.6276960372924805,1.0,3,128,4732.671875,34.6125602722168,24,final_hidden,2026-07-10T15:12:24.317889+00:00,nonpad_flattened,Qwen/Qwen2.5-0.5B
114688,128,3,64,main,wikitext,wikitext-2-raw-v1,validation,cuda,float32,128,qwen_dynamical_edge_normal_long,0be219064d7f2de285c4637dbbf99d87feb1bdfb,"[1, 128, 896]",inputs_embeds,paper_style_feedback_dynamics,Qwen/Qwen2.5-0.5B,0.00275998841971159,direct,fixed_random,-4.645833492279053,-4.637373924255371,1.0,3,128,4731.5830078125,34.43737030029297,25,final_hidden,2026-07-10T15:12:24.317889+00:00,nonpad_flattened,Qwen/Qwen2.5-0.5B
114688,128,3,64,main,wikitext,wikitext-2-raw-v1,validation,cuda,float32,128,qwen_dynamical_edge_normal_long,0be219064d7f2de285c4637dbbf99d87feb1bdfb,"[1, 128, 896]",inputs_embeds,paper_style_feedback_dynamics,Qwen/Qwen2.5-0.5B,0.0026626489125192165,direct,fixed_random,-4.652515411376953,-4.645833492279053,1.0,3,128,4730.5244140625,34.16464614868164,26,final_hidden,2026-07-10T15:12:24.317889+00:00,nonpad_flattened,Qwen/Qwen2.5-0.5B
114688,128,3,64,main,wikitext,wikitext-2-raw-v1,validation,cuda,float32,128,qwen_dynamical_edge_normal_long,0be219064d7f2de285c4637dbbf99d87feb1bdfb,"[1, 128, 896]",inputs_embeds,paper_style_feedback_dynamics,Qwen/Qwen2.5-0.5B,0.002563855377957225,direct,fixed_random,-4.656992435455322,-4.652515411376953,1.0,3,128,4729.49609375,33.74068069458008,27,final_hidden,2026-07-10T15:12:24.317889+00:00,nonpad_flattened,Qwen/Qwen2.5-0.5B
114688,128,3,64,main,wikitext,wikitext-2-raw-v1,validation,cuda,float32,128,qwen_dynamical_edge_normal_long,0be219064d7f2de285c4637dbbf99d87feb1bdfb,"[1, 128, 896]",inputs_embeds,paper_style_feedback_dynamics,Qwen/Qwen2.5-0.5B,0.002488546771928668,direct,fixed_random,-4.659010887145996,-4.656992435455322,1.0,3,128,4728.49755859375,33.1761360168457,28,final_hidden,2026-07-10T15:12:24.317889+00:00,nonpad_flattened,Qwen/Qwen2.5-0.5B
114688,128,3,64,main,wikitext,wikitext-2-raw-v1,validation,cuda,float32,128,qwen_dynamical_edge_normal_long,0be219064d7f2de285c4637dbbf99d87feb1bdfb,"[1, 128, 896]",inputs_embeds,paper_style_feedback_dynamics,Qwen/Qwen2.5-0.5B,0.0023875536862760782,direct,fixed_random,-4.658388137817383,-4.659010887145996,1.0,3,128,4727.52001953125,32.507816314697266,29,final_hidden,2026-07-10T15:12:24.317889+00:00,nonpad_flattened,Qwen/Qwen2.5-0.5B
114688,128,3,64,main,wikitext,wikitext-2-raw-v1,validation,cuda,float32,128,qwen_dynamical_edge_normal_long,0be219064d7f2de285c4637dbbf99d87feb1bdfb,"[1, 128, 896]",inputs_embeds,paper_style_feedback_dynamics,Qwen/Qwen2.5-0.5B,0.002295331796631217,direct,fixed_random,-4.655028820037842,-4.658388137817383,1.0,3,128,4726.55810546875,31.787853240966797,30,final_hidden,2026-07-10T15:12:24.317889+00:00,nonpad_flattened,Qwen/Qwen2.5-0.5B
114688,128,3,64,main,wikitext,wikitext-2-raw-v1,validation,cuda,float32,128,qwen_dynamical_edge_normal_long,0be219064d7f2de285c4637dbbf99d87feb1bdfb,"[1, 128, 896]",inputs_embeds,paper_style_feedback_dynamics,Qwen/Qwen2.5-0.5B,0.0022095346357673407,direct,fixed_random,-4.648989200592041,-4.655028820037842,1.0,3,128,4725.60498046875,31.08483123779297,31,final_hidden,2026-07-10T15:12:24.317889+00:00,nonpad_flattened,Qwen/Qwen2.5-0.5B
114688,128,3,64,main,wikitext,wikitext-2-raw-v1,validation,cuda,float32,128,qwen_dynamical_edge_normal_long,0be219064d7f2de285c4637dbbf99d87feb1bdfb,"[1, 128, 896]",inputs_embeds,paper_style_feedback_dynamics,Qwen/Qwen2.5-0.5B,0.0021137173753231764,direct,fixed_random,-4.640232563018799,-4.648989200592041,1.0,3,128,4724.658203125,30.472469329833984,32,final_hidden,2026-07-10T15:12:24.317889+00:00,nonpad_flattened,Qwen/Qwen2.5-0.5B
114688,128,3,64,main,wikitext,wikitext-2-raw-v1,validation,cuda,float32,128,qwen_dynamical_edge_normal_long,0be219064d7f2de285c4637dbbf99d87feb1bdfb,"[1, 128, 896]",inputs_embeds,paper_style_feedback_dynamics,Qwen/Qwen2.5-0.5B,0.002091073663905263,direct,fixed_random,-4.628212928771973,-4.640232563018799,1.0,3,128,4723.71728515625,30.0185604095459,33,final_hidden,2026-07-10T15:12:24.317889+00:00,nonpad_flattened,Qwen/Qwen2.5-0.5B
114688,128,3,64,main,wikitext,wikitext-2-raw-v1,validation,cuda,float32,128,qwen_dynamical_edge_normal_long,0be219064d7f2de285c4637dbbf99d87feb1bdfb,"[1, 128, 896]",inputs_embeds,paper_style_feedback_dynamics,Qwen/Qwen2.5-0.5B,0.0020141371060162783,direct,fixed_random,-4.611895561218262,-4.628212928771973,1.0,3,128,4722.78271484375,29.784950256347656,34,final_hidden,2026-07-10T15:12:24.317889+00:00,nonpad_flattened,Qwen/Qwen2.5-0.5B
114688,128,3,64,main,wikitext,wikitext-2-raw-v1,validation,cuda,float32,128,qwen_dynamical_edge_normal_long,0be219064d7f2de285c4637dbbf99d87feb1bdfb,"[1, 128, 896]",inputs_embeds,paper_style_feedback_dynamics,Qwen/Qwen2.5-0.5B,0.0019705072045326233,direct,fixed_random,-4.590148448944092,-4.611895561218262,1.0,3,128,4721.85546875,29.820964813232422,35,final_hidden,2026-07-10T15:12:24.317889+00:00,nonpad_flattened,Qwen/Qwen2.5-0.5B
114688,128,3,64,main,wikitext,wikitext-2-raw-v1,validation,cuda,float32,128,qwen_dynamical_edge_normal_long,0be219064d7f2de285c4637dbbf99d87feb1bdfb,"[1, 128, 896]",inputs_embeds,paper_style_feedback_dynamics,Qwen/Qwen2.5-0.5B,0.0019483959767967463,direct,fixed_random,-4.561995506286621,-4.590148448944092,1.0,3,128,4720.9345703125,30.150941848754883,36,final_hidden,2026-07-10T15:12:24.317889+00:00,nonpad_flattened,Qwen/Qwen2.5-0.5B
114688,128,3,64,main,wikitext,wikitext-2-raw-v1,validation,cuda,float32,128,qwen_dynamical_edge_normal_long,0be219064d7f2de285c4637dbbf99d87feb1bdfb,"[1, 128, 896]",inputs_embeds,paper_style_feedback_dynamics,Qwen/Qwen2.5-0.5B,0.0019228619057685137,direct,fixed_random,-4.526834964752197,-4.561995506286621,1.0,3,128,4720.02001953125,30.773286819458008,37,final_hidden,2026-07-10T15:12:24.317889+00:00,nonpad_flattened,Qwen/Qwen2.5-0.5B
114688,128,3,64,main,wikitext,wikitext-2-raw-v1,validation,cuda,float32,128,qwen_dynamical_edge_normal_long,0be219064d7f2de285c4637dbbf99d87feb1bdfb,"[1, 128, 896]",inputs_embeds,paper_style_feedback_dynamics,Qwen/Qwen2.5-0.5B,0.0019222638802602887,direct,fixed_random,-4.484555721282959,-4.526834964752197,1.0,3,128,4719.10888671875,31.670394897460938,38,final_hidden,2026-07-10T15:12:24.317889+00:00,nonpad_flattened,Qwen/Qwen2.5-0.5B
114688,128,3,64,main,wikitext,wikitext-2-raw-v1,validation,cuda,float32,128,qwen_dynamical_edge_normal_long,0be219064d7f2de285c4637dbbf99d87feb1bdfb,"[1, 128, 896]",inputs_embeds,paper_style_feedback_dynamics,Qwen/Qwen2.5-0.5B,0.001939417328685522,direct,fixed_random,-4.435497283935547,-4.484555721282959,1.0,3,128,4718.201171875,32.8189697265625,39,final_hidden,2026-07-10T15:12:24.317889+00:00,nonpad_flattened,Qwen/Qwen2.5-0.5B
114688,128,3,64,main,wikitext,wikitext-2-raw-v1,validation,cuda,float32,128,qwen_dynamical_edge_normal_long,0be219064d7f2de285c4637dbbf99d87feb1bdfb,"[1, 128, 896]",inputs_embeds,paper_style_feedback_dynamics,Qwen/Qwen2.5-0.5B,0.001995653845369816,direct,fixed_random,-4.380397319793701,-4.435497283935547,1.0,3,128,4717.29541015625,34.20184326171875,40,final_hidden,2026-07-10T15:12:24.317889+00:00,nonpad_flattened,Qwen/Qwen2.5-0.5B
114688,128,3,64,main,wikitext,wikitext-2-raw-v1,validation,cuda,float32,128,qwen_dynamical_edge_normal_long,0be219064d7f2de285c4637dbbf99d87feb1bdfb,"[1, 128, 896]",inputs_embeds,paper_style_feedback_dynamics,Qwen/Qwen2.5-0.5B,0.00203052069991827,direct,fixed_random,-4.320624828338623,-4.380397319793701,1.0,3,128,4716.38916015625,35.81929397583008,41,final_hidden,2026-07-10T15:12:24.317889+00:00,nonpad_flattened,Qwen/Qwen2.5-0.5B
114688,128,3,64,main,wikitext,wikitext-2-raw-v1,validation,cuda,float32,128,qwen_dynamical_edge_normal_long,0be219064d7f2de285c4637dbbf99d87feb1bdfb,"[1, 128, 896]",inputs_embeds,paper_style_feedback_dynamics,Qwen/Qwen2.5-0.5B,0.002131711458787322,direct,fixed_random,-4.258703231811523,-4.320624828338623,1.0,3,128,4715.48583984375,37.6959228515625,42,final_hidden,2026-07-10T15:12:24.317889+00:00,nonpad_flattened,Qwen/Qwen2.5-0.5B
114688,128,3,64,main,wikitext,wikitext-2-raw-v1,validation,cuda,float32,128,qwen_dynamical_edge_normal_long,0be219064d7f2de285c4637dbbf99d87feb1bdfb,"[1, 128, 896]",inputs_embeds,paper_style_feedback_dynamics,Qwen/Qwen2.5-0.5B,0.00226193736307323,direct,fixed_random,-4.19899845123291,-4.258703231811523,1.0,3,128,4714.59228515625,39.87846374511719,43,final_hidden,2026-07-10T15:12:24.317889+00:00,nonpad_flattened,Qwen/Qwen2.5-0.5B
114688,128,3,64,main,wikitext,wikitext-2-raw-v1,validation,cuda,float32,128,qwen_dynamical_edge_normal_long,0be219064d7f2de285c4637dbbf99d87feb1bdfb,"[1, 128, 896]",inputs_embeds,paper_style_feedback_dynamics,Qwen/Qwen2.5-0.5B,0.002415871247649193,direct,fixed_random,-4.14796257019043,-4.19899845123291,1.0,3,128,4713.72119140625,42.43014144897461,44,final_hidden,2026-07-10T15:12:24.317889+00:00,nonpad_flattened,Qwen/Qwen2.5-0.5B
114688,128,3,64,main,wikitext,wikitext-2-raw-v1,validation,cuda,float32,128,qwen_dynamical_edge_normal_long,0be219064d7f2de285c4637dbbf99d87feb1bdfb,"[1, 128, 896]",inputs_embeds,paper_style_feedback_dynamics,Qwen/Qwen2.5-0.5B,0.0026011618319898844,direct,fixed_random,-4.113314628601074,-4.14796257019043,1.0,3,128,4712.8935546875,45.453819274902344,45,final_hidden,2026-07-10T15:12:24.317889+00:00,nonpad_flattened,Qwen/Qwen2.5-0.5B
114688,128,3,64,main,wikitext,wikitext-2-raw-v1,validation,cuda,float32,128,qwen_dynamical_edge_normal_long,0be219064d7f2de285c4637dbbf99d87feb1bdfb,"[1, 128, 896]",inputs_embeds,paper_style_feedback_dynamics,Qwen/Qwen2.5-0.5B,0.0028358474373817444,direct,fixed_random,-4.102865219116211,-4.113314628601074,1.0,3,128,4712.13671875,49.097354888916016,46,final_hidden,2026-07-10T15:12:24.317889+00:00,nonpad_flattened,Qwen/Qwen2.5-0.5B
114688,128,3,64,main,wikitext,wikitext-2-raw-v1,validation,cuda,float32,128,qwen_dynamical_edge_normal_long,0be219064d7f2de285c4637dbbf99d87feb1bdfb,"[1, 128, 896]",inputs_embeds,paper_style_feedback_dynamics,Qwen/Qwen2.5-0.5B,0.0031300338450819254,direct,fixed_random,-4.121596336364746,-4.102865219116211,1.0,3,128,4711.484375,53.410099029541016,47,final_hidden,2026-07-10T15:12:24.317889+00:00,nonpad_flattened,Qwen/Qwen2.5-0.5B
114688,128,3,64,main,wikitext,wikitext-2-raw-v1,validation,cuda,float32,128,qwen_dynamical_edge_normal_long,0be219064d7f2de285c4637dbbf99d87feb1bdfb,"[1, 128, 896]",inputs_embeds,paper_style_feedback_dynamics,Qwen/Qwen2.5-0.5B,0.0033745858818292618,direct,fixed_random,-4.164241790771484,-4.121596336364746,1.0,3,128,4710.9716796875,58.091949462890625,48,final_hidden,2026-07-10T15:12:24.317889+00:00,nonpad_flattened,Qwen/Qwen2.5-0.5B
114688,128,3,64,main,wikitext,wikitext-2-raw-v1,validation,cuda,float32,128,qwen_dynamical_edge_normal_long,0be219064d7f2de285c4637dbbf99d87feb1bdfb,"[1, 128, 896]",inputs_embeds,paper_style_feedback_dynamics,Qwen/Qwen2.5-0.5B,0.0035476472694426775,direct,fixed_random,-4.211056709289551,-4.164241790771484,1.0,3,128,4710.61767578125,62.397151947021484,49,final_hidden,2026-07-10T15:12:24.317889+00:00,nonpad_flattened,Qwen/Qwen2.5-0.5B
114688,128,3,64,main,wikitext,wikitext-2-raw-v1,validation,cuda,float32,128,qwen_dynamical_edge_normal_long,0be219064d7f2de285c4637dbbf99d87feb1bdfb,"[1, 128, 896]",inputs_embeds,paper_style_feedback_dynamics,Qwen/Qwen2.5-0.5B,0.0036311596632003784,direct,fixed_random,-4.238887786865234,-4.211056709289551,1.0,3,128,4710.4189453125,65.88658142089844,50,final_hidden,2026-07-10T15:12:24.317889+00:00,nonpad_flattened,Qwen/Qwen2.5-0.5B
114688,128,3,64,main,wikitext,wikitext-2-raw-v1,validation,cuda,float32,128,qwen_dynamical_edge_normal_long,0be219064d7f2de285c4637dbbf99d87feb1bdfb,"[1, 128, 896]",inputs_embeds,paper_style_feedback_dynamics,Qwen/Qwen2.5-0.5B,0.0037772373761981726,direct,fixed_random,-4.231916427612305,-4.238887786865234,1.0,3,128,4710.3876953125,69.26795196533203,51,final_hidden,2026-07-10T15:12:24.317889+00:00,nonpad_flattened,Qwen/Qwen2.5-0.5B
114688,128,3,64,main,wikitext,wikitext-2-raw-v1,validation,cuda,float32,128,qwen_dynamical_edge_normal_long,0be219064d7f2de285c4637dbbf99d87feb1bdfb,"[1, 128, 896]",inputs_embeds,paper_style_feedback_dynamics,Qwen/Qwen2.5-0.5B,0.003930361941456795,direct,fixed_random,-4.193053245544434,-4.231916427612305,1.0,3,128,4710.5576171875,72.94329071044922,52,final_hidden,2026-07-10T15:12:24.317889+00:00,nonpad_flattened,Qwen/Qwen2.5-0.5B
114688,128,3,64,main,wikitext,wikitext-2-raw-v1,validation,cuda,float32,128,qwen_dynamical_edge_normal_long,0be219064d7f2de285c4637dbbf99d87feb1bdfb,"[1, 128, 896]",inputs_embeds,paper_style_feedback_dynamics,Qwen/Qwen2.5-0.5B,0.003994442522525787,direct,fixed_random,-4.140141487121582,-4.193053245544434,1.0,3,128,4710.9443359375,76.10028076171875,53,final_hidden,2026-07-10T15:12:24.317889+00:00,nonpad_flattened,Qwen/Qwen2.5-0.5B
114688,128,3,64,main,wikitext,wikitext-2-raw-v1,validation,cuda,float32,128,qwen_dynamical_edge_normal_long,0be219064d7f2de285c4637dbbf99d87feb1bdfb,"[1, 128, 896]",inputs_embeds,paper_style_feedback_dynamics,Qwen/Qwen2.5-0.5B,0.0039274487644433975,direct,fixed_random,-4.086626052856445,-4.140141487121582,1.0,3,128,4711.50439453125,77.4675521850586,54,final_hidden,2026-07-10T15:12:24.317889+00:00,nonpad_flattened,Qwen/Qwen2.5-0.5B
114688,128,3,64,main,wikitext,wikitext-2-raw-v1,validation,cuda,float32,128,qwen_dynamical_edge_normal_long,0be219064d7f2de285c4637dbbf99d87feb1bdfb,"[1, 128, 896]",inputs_embeds,paper_style_feedback_dynamics,Qwen/Qwen2.5-0.5B,0.003873939625918865,direct,fixed_random,-4.040000915527344,-4.086626052856445,1.0,3,128,4712.1875,77.6373062133789,55,final_hidden,2026-07-10T15:12:24.317889+00:00,nonpad_flattened,Qwen/Qwen2.5-0.5B
114688,128,3,64,main,wikitext,wikitext-2-raw-v1,validation,cuda,float32,128,qwen_dynamical_edge_normal_long,0be219064d7f2de285c4637dbbf99d87feb1bdfb,"[1, 128, 896]",inputs_embeds,paper_style_feedback_dynamics,Qwen/Qwen2.5-0.5B,0.0038077475037425756,direct,fixed_random,-4.005707740783691,-4.040000915527344,1.0,3,128,4712.9814453125,78.0656509399414,56,final_hidden,2026-07-10T15:12:24.317889+00:00,nonpad_flattened,Qwen/Qwen2.5-0.5B
114688,128,3,64,main,wikitext,wikitext-2-raw-v1,validation,cuda,float32,128,qwen_dynamical_edge_normal_long,0be219064d7f2de285c4637dbbf99d87feb1bdfb,"[1, 128, 896]",inputs_embeds,paper_style_feedback_dynamics,Qwen/Qwen2.5-0.5B,0.003911804407835007,direct,fixed_random,-3.9852442741394043,-4.005707740783691,1.0,3,128,4713.90576171875,79.79564666748047,57,final_hidden,2026-07-10T15:12:24.317889+00:00,nonpad_flattened,Qwen/Qwen2.5-0.5B
114688,128,3,64,main,wikitext,wikitext-2-raw-v1,validation,cuda,float32,128,qwen_dynamical_edge_normal_long,0be219064d7f2de285c4637dbbf99d87feb1bdfb,"[1, 128, 896]",inputs_embeds,paper_style_feedback_dynamics,Qwen/Qwen2.5-0.5B,0.0040802317671477795,direct,fixed_random,-3.974602460861206,-3.9852442741394043,1.0,3,128,4715.01806640625,83.17852020263672,58,final_hidden,2026-07-10T15:12:24.317889+00:00,nonpad_flattened,Qwen/Qwen2.5-0.5B
114688,128,3,64,main,wikitext,wikitext-2-raw-v1,validation,cuda,float32,128,qwen_dynamical_edge_normal_long,0be219064d7f2de285c4637dbbf99d87feb1bdfb,"[1, 128, 896]",inputs_embeds,paper_style_feedback_dynamics,Qwen/Qwen2.5-0.5B,0.004314389079809189,direct,fixed_random,-3.9681196212768555,-3.974602460861206,1.0,3,128,4716.38720703125,87.593994140625,59,final_hidden,2026-07-10T15:12:24.317889+00:00,nonpad_flattened,Qwen/Qwen2.5-0.5B
114688,128,3,64,main,wikitext,wikitext-2-raw-v1,validation,cuda,float32,128,qwen_dynamical_edge_normal_long,0be219064d7f2de285c4637dbbf99d87feb1bdfb,"[1, 128, 896]",inputs_embeds,paper_style_feedback_dynamics,Qwen/Qwen2.5-0.5B,0.00467876298353076,direct,fixed_random,-3.967040538787842,-3.9681196212768555,1.0,3,128,4718.04052734375,91.57107543945312,60,final_hidden,2026-07-10T15:12:24.317889+00:00,nonpad_flattened,Qwen/Qwen2.5-0.5B
114688,128,3,64,main,wikitext,wikitext-2-raw-v1,validation,cuda,float32,128,qwen_dynamical_edge_normal_long,0be219064d7f2de285c4637dbbf99d87feb1bdfb,"[1, 128, 896]",inputs_embeds,paper_style_feedback_dynamics,Qwen/Qwen2.5-0.5B,0.005054092966020107,direct,fixed_random,-3.9839723110198975,-3.967040538787842,1.0,3,128,4719.94970703125,94.08171844482422,61,final_hidden,2026-07-10T15:12:24.317889+00:00,nonpad_flattened,Qwen/Qwen2.5-0.5B
114688,128,3,64,main,wikitext,wikitext-2-raw-v1,validation,cuda,float32,128,qwen_dynamical_edge_normal_long,0be219064d7f2de285c4637dbbf99d87feb1bdfb,"[1, 128, 896]",inputs_embeds,paper_style_feedback_dynamics,Qwen/Qwen2.5-0.5B,0.005376555025577545,direct,fixed_random,-4.031135082244873,-3.9839723110198975,1.0,3,128,4722.0849609375,95.50782775878906,62,final_hidden,2026-07-10T15:12:24.317889+00:00,nonpad_flattened,Qwen/Qwen2.5-0.5B
114688,128,3,64,main,wikitext,wikitext-2-raw-v1,validation,cuda,float32,128,qwen_dynamical_edge_normal_long,0be219064d7f2de285c4637dbbf99d87feb1bdfb,"[1, 128, 896]",inputs_embeds,paper_style_feedback_dynamics,Qwen/Qwen2.5-0.5B,0.005475016310811043,direct,fixed_random,-4.110446929931641,-4.031135082244873,1.0,3,128,4724.39697265625,95.62323760986328,63,final_hidden,2026-07-10T15:12:24.317889+00:00,nonpad_flattened,Qwen/Qwen2.5-0.5B
114688,128,3,64,main,wikitext,wikitext-2-raw-v1,validation,cuda,float32,128,qwen_dynamical_edge_normal_long,0be219064d7f2de285c4637dbbf99d87feb1bdfb,"[1, 128, 896]",inputs_embeds,paper_style_feedback_dynamics,Qwen/Qwen2.5-0.5B,0.005360973533242941,direct,fixed_random,-4.215143203735352,-4.110446929931641,1.0,3,128,4726.7880859375,93.88077545166016,64,final_hidden,2026-07-10T15:12:24.317889+00:00,nonpad_flattened,Qwen/Qwen2.5-0.5B
114688,128,3,64,main,wikitext,wikitext-2-raw-v1,validation,cuda,float32,128,qwen_dynamical_edge_normal_long,0be219064d7f2de285c4637dbbf99d87feb1bdfb,"[1, 128, 896]",inputs_embeds,paper_style_feedback_dynamics,Qwen/Qwen2.5-0.5B,0.005138952285051346,direct,fixed_random,-4.330970764160156,-4.215143203735352,1.0,3,128,4729.1845703125,90.94678497314453,65,final_hidden,2026-07-10T15:12:24.317889+00:00,nonpad_flattened,Qwen/Qwen2.5-0.5B
114688,128,3,64,main,wikitext,wikitext-2-raw-v1,validation,cuda,float32,128,qwen_dynamical_edge_normal_long,0be219064d7f2de285c4637dbbf99d87feb1bdfb,"[1, 128, 896]",inputs_embeds,paper_style_feedback_dynamics,Qwen/Qwen2.5-0.5B,0.0048832520842552185,direct,fixed_random,-4.441458702087402,-4.330970764160156,1.0,3,128,4731.5458984375,87.56695556640625,66,final_hidden,2026-07-10T15:12:24.317889+00:00,nonpad_flattened,Qwen/Qwen2.5-0.5B
114688,128,3,64,main,wikitext,wikitext-2-raw-v1,validation,cuda,float32,128,qwen_dynamical_edge_normal_long,0be219064d7f2de285c4637dbbf99d87feb1bdfb,"[1, 128, 896]",inputs_embeds,paper_style_feedback_dynamics,Qwen/Qwen2.5-0.5B,0.0046015274710953236,direct,fixed_random,-4.536162853240967,-4.441458702087402,1.0,3,128,4733.84228515625,84.17047882080078,67,final_hidden,2026-07-10T15:12:24.317889+00:00,nonpad_flattened,Qwen/Qwen2.5-0.5B
114688,128,3,64,main,wikitext,wikitext-2-raw-v1,validation,cuda,float32,128,qwen_dynamical_edge_normal_long,0be219064d7f2de285c4637dbbf99d87feb1bdfb,"[1, 128, 896]",inputs_embeds,paper_style_feedback_dynamics,Qwen/Qwen2.5-0.5B,0.004401850048452616,direct,fixed_random,-4.611927509307861,-4.536162853240967,1.0,3,128,4736.05615234375,81.18716430664062,68,final_hidden,2026-07-10T15:12:24.317889+00:00,nonpad_flattened,Qwen/Qwen2.5-0.5B
114688,128,3,64,main,wikitext,wikitext-2-raw-v1,validation,cuda,float32,128,qwen_dynamical_edge_normal_long,0be219064d7f2de285c4637dbbf99d87feb1bdfb,"[1, 128, 896]",inputs_embeds,paper_style_feedback_dynamics,Qwen/Qwen2.5-0.5B,0.004175420384854078,direct,fixed_random,-4.666932106018066,-4.611927509307861,1.0,3,128,4738.18359375,79.03156280517578,69,final_hidden,2026-07-10T15:12:24.317889+00:00,nonpad_flattened,Qwen/Qwen2.5-0.5B
114688,128,3,64,main,wikitext,wikitext-2-raw-v1,validation,cuda,float32,128,qwen_dynamical_edge_normal_long,0be219064d7f2de285c4637dbbf99d87feb1bdfb,"[1, 128, 896]",inputs_embeds,paper_style_feedback_dynamics,Qwen/Qwen2.5-0.5B,0.0040071518160402775,direct,fixed_random,-4.696377754211426,-4.666932106018066,1.0,3,128,4740.23583984375,77.79772186279297,70,final_hidden,2026-07-10T15:12:24.317889+00:00,nonpad_flattened,Qwen/Qwen2.5-0.5B
114688,128,3,64,main,wikitext,wikitext-2-raw-v1,validation,cuda,float32,128,qwen_dynamical_edge_normal_long,0be219064d7f2de285c4637dbbf99d87feb1bdfb,"[1, 128, 896]",inputs_embeds,paper_style_feedback_dynamics,Qwen/Qwen2.5-0.5B,0.003843571525067091,direct,fixed_random,-4.694535255432129,-4.696377754211426,1.0,3,128,4742.21533203125,76.90087890625,71,final_hidden,2026-07-10T15:12:24.317889+00:00,nonpad_flattened,Qwen/Qwen2.5-0.5B
114688,128,3,64,main,wikitext,wikitext-2-raw-v1,validation,cuda,float32,128,qwen_dynamical_edge_normal_long,0be219064d7f2de285c4637dbbf99d87feb1bdfb,"[1, 128, 896]",inputs_embeds,paper_style_feedback_dynamics,Qwen/Qwen2.5-0.5B,0.0036851323675364256,direct,fixed_random,-4.659823894500732,-4.694535255432129,1.0,3,128,4744.091796875,75.20701599121094,72,final_hidden,2026-07-10T15:12:24.317889+00:00,nonpad_flattened,Qwen/Qwen2.5-0.5B
114688,128,3,64,main,wikitext,wikitext-2-raw-v1,validation,cuda,float32,128,qwen_dynamical_edge_normal_long,0be219064d7f2de285c4637dbbf99d87feb1bdfb,"[1, 128, 896]",inputs_embeds,paper_style_feedback_dynamics,Qwen/Qwen2.5-0.5B,0.003467559814453125,direct,fixed_random,-4.5975728034973145,-4.659823894500732,1.0,3,128,4745.82470703125,72.61234283447266,73,final_hidden,2026-07-10T15:12:24.317889+00:00,nonpad_flattened,Qwen/Qwen2.5-0.5B
114688,128,3,64,main,wikitext,wikitext-2-raw-v1,validation,cuda,float32,128,qwen_dynamical_edge_normal_long,0be219064d7f2de285c4637dbbf99d87feb1bdfb,"[1, 128, 896]",inputs_embeds,paper_style_feedback_dynamics,Qwen/Qwen2.5-0.5B,0.0033352302853018045,direct,fixed_random,-4.518409729003906,-4.5975728034973145,1.0,3,128,4747.404296875,69.88226318359375,74,final_hidden,2026-07-10T15:12:24.317889+00:00,nonpad_flattened,Qwen/Qwen2.5-0.5B
114688,128,3,64,main,wikitext,wikitext-2-raw-v1,validation,cuda,float32,128,qwen_dynamical_edge_normal_long,0be219064d7f2de285c4637dbbf99d87feb1bdfb,"[1, 128, 896]",inputs_embeds,paper_style_feedback_dynamics,Qwen/Qwen2.5-0.5B,0.003167772199958563,direct,fixed_random,-4.434999465942383,-4.518409729003906,1.0,3,128,4748.83935546875,67.64929962158203,75,final_hidden,2026-07-10T15:12:24.317889+00:00,nonpad_flattened,Qwen/Qwen2.5-0.5B
114688,128,3,64,main,wikitext,wikitext-2-raw-v1,validation,cuda,float32,128,qwen_dynamical_edge_normal_long,0be219064d7f2de285c4637dbbf99d87feb1bdfb,"[1, 128, 896]",inputs_embeds,paper_style_feedback_dynamics,Qwen/Qwen2.5-0.5B,0.003013916779309511,direct,fixed_random,-4.358832359313965,-4.434999465942383,1.0,3,128,4750.16357421875,66.42987823486328,76,final_hidden,2026-07-10T15:12:24.317889+00:00,nonpad_flattened,Qwen/Qwen2.5-0.5B
114688,128,3,64,main,wikitext,wikitext-2-raw-v1,validation,cuda,float32,128,qwen_dynamical_edge_normal_long,0be219064d7f2de285c4637dbbf99d87feb1bdfb,"[1, 128, 896]",inputs_embeds,paper_style_feedback_dynamics,Qwen/Qwen2.5-0.5B,0.0028200335800647736,direct,fixed_random,-4.298093318939209,-4.358832359313965,1.0,3,128,4751.43115234375,66.52256774902344,77,final_hidden,2026-07-10T15:12:24.317889+00:00,nonpad_flattened,Qwen/Qwen2.5-0.5B
114688,128,3,64,main,wikitext,wikitext-2-raw-v1,validation,cuda,float32,128,qwen_dynamical_edge_normal_long,0be219064d7f2de285c4637dbbf99d87feb1bdfb,"[1, 128, 896]",inputs_embeds,paper_style_feedback_dynamics,Qwen/Qwen2.5-0.5B,0.002716726390644908,direct,fixed_random,-4.256621837615967,-4.298093318939209,1.0,3,128,4752.708984375,68.0195083618164,78,final_hidden,2026-07-10T15:12:24.317889+00:00,nonpad_flattened,Qwen/Qwen2.5-0.5B
114688,128,3,64,main,wikitext,wikitext-2-raw-v1,validation,cuda,float32,128,qwen_dynamical_edge_normal_long,0be219064d7f2de285c4637dbbf99d87feb1bdfb,"[1, 128, 896]",inputs_embeds,paper_style_feedback_dynamics,Qwen/Qwen2.5-0.5B,0.0025948057882487774,direct,fixed_random,-4.2345099449157715,-4.256621837615967,1.0,3,128,4754.0732421875,70.70524597167969,79,final_hidden,2026-07-10T15:12:24.317889+00:00,nonpad_flattened,Qwen/Qwen2.5-0.5B
114688,128,3,64,main,wikitext,wikitext-2-raw-v1,validation,cuda,float32,128,qwen_dynamical_edge_normal_long,0be219064d7f2de285c4637dbbf99d87feb1bdfb,"[1, 128, 896]",inputs_embeds,paper_style_feedback_dynamics,Qwen/Qwen2.5-0.5B,0.0025252720806747675,direct,fixed_random,-4.2312822341918945,-4.2345099449157715,1.0,3,128,4755.58837890625,73.75535583496094,80,final_hidden,2026-07-10T15:12:24.317889+00:00,nonpad_flattened,Qwen/Qwen2.5-0.5B
114688,128,3,64,main,wikitext,wikitext-2-raw-v1,validation,cuda,float32,128,qwen_dynamical_edge_normal_long,0be219064d7f2de285c4637dbbf99d87feb1bdfb,"[1, 128, 896]",inputs_embeds,paper_style_feedback_dynamics,Qwen/Qwen2.5-0.5B,0.0024699983187019825,direct,fixed_random,-4.239951133728027,-4.2312822341918945,1.0,3,128,4757.26708984375,75.56880187988281,81,final_hidden,2026-07-10T15:12:24.317889+00:00,nonpad_flattened,Qwen/Qwen2.5-0.5B
114688,128,3,64,main,wikitext,wikitext-2-raw-v1,validation,cuda,float32,128,qwen_dynamical_edge_normal_long,0be219064d7f2de285c4637dbbf99d87feb1bdfb,"[1, 128, 896]",inputs_embeds,paper_style_feedback_dynamics,Qwen/Qwen2.5-0.5B,0.002374477218836546,direct,fixed_random,-4.247731685638428,-4.239951133728027,1.0,3,128,4759.060546875,74.84122467041016,82,final_hidden,2026-07-10T15:12:24.317889+00:00,nonpad_flattened,Qwen/Qwen2.5-0.5B
114688,128,3,64,main,wikitext,wikitext-2-raw-v1,validation,cuda,float32,128,qwen_dynamical_edge_normal_long,0be219064d7f2de285c4637dbbf99d87feb1bdfb,"[1, 128, 896]",inputs_embeds,paper_style_feedback_dynamics,Qwen/Qwen2.5-0.5B,0.002232965547591448,direct,fixed_random,-4.259863376617432,-4.247731685638428,1.0,3,128,4760.90673828125,71.71783447265625,83,final_hidden,2026-07-10T15:12:24.317889+00:00,nonpad_flattened,Qwen/Qwen2.5-0.5B
114688,128,3,64,main,wikitext,wikitext-2-raw-v1,validation,cuda,float32,128,qwen_dynamical_edge_normal_long,0be219064d7f2de285c4637dbbf99d87feb1bdfb,"[1, 128, 896]",inputs_embeds,paper_style_feedback_dynamics,Qwen/Qwen2.5-0.5B,0.002087279921397567,direct,fixed_random,-4.292717456817627,-4.259863376617432,1.0,3,128,4762.77099609375,67.5117416381836,84,final_hidden,2026-07-10T15:12:24.317889+00:00,nonpad_flattened,Qwen/Qwen2.5-0.5B
114688,128,3,64,main,wikitext,wikitext-2-raw-v1,validation,cuda,float32,128,qwen_dynamical_edge_normal_long,0be219064d7f2de285c4637dbbf99d87feb1bdfb,"[1, 128, 896]",inputs_embeds,paper_style_feedback_dynamics,Qwen/Qwen2.5-0.5B,0.0019721027929335833,direct,fixed_random,-4.354978561401367,-4.292717456817627,1.0,3,128,4764.62890625,63.1135139465332,85,final_hidden,2026-07-10T15:12:24.317889+00:00,nonpad_flattened,Qwen/Qwen2.5-0.5B
114688,128,3,64,main,wikitext,wikitext-2-raw-v1,validation,cuda,float32,128,qwen_dynamical_edge_normal_long,0be219064d7f2de285c4637dbbf99d87feb1bdfb,"[1, 128, 896]",inputs_embeds,paper_style_feedback_dynamics,Qwen/Qwen2.5-0.5B,0.0018616747111082077,direct,fixed_random,-4.4444780349731445,-4.354978561401367,1.0,3,128,4766.46142578125,58.99563980102539,86,final_hidden,2026-07-10T15:12:24.317889+00:00,nonpad_flattened,Qwen/Qwen2.5-0.5B
114688,128,3,64,main,wikitext,wikitext-2-raw-v1,validation,cuda,float32,128,qwen_dynamical_edge_normal_long,0be219064d7f2de285c4637dbbf99d87feb1bdfb,"[1, 128, 896]",inputs_embeds,paper_style_feedback_dynamics,Qwen/Qwen2.5-0.5B,0.0017564770532771945,direct,fixed_random,-4.553947448730469,-4.4444780349731445,1.0,3,128,4768.2529296875,55.30222702026367,87,final_hidden,2026-07-10T15:12:24.317889+00:00,nonpad_flattened,Qwen/Qwen2.5-0.5B
114688,128,3,64,main,wikitext,wikitext-2-raw-v1,validation,cuda,float32,128,qwen_dynamical_edge_normal_long,0be219064d7f2de285c4637dbbf99d87feb1bdfb,"[1, 128, 896]",inputs_embeds,paper_style_feedback_dynamics,Qwen/Qwen2.5-0.5B,0.0016395336715504527,direct,fixed_random,-4.674566268920898,-4.553947448730469,1.0,3,128,4769.98095703125,51.948699951171875,88,final_hidden,2026-07-10T15:12:24.317889+00:00,nonpad_flattened,Qwen/Qwen2.5-0.5B
114688,128,3,64,main,wikitext,wikitext-2-raw-v1,validation,cuda,float32,128,qwen_dynamical_edge_normal_long,0be219064d7f2de285c4637dbbf99d87feb1bdfb,"[1, 128, 896]",inputs_embeds,paper_style_feedback_dynamics,Qwen/Qwen2.5-0.5B,0.0015670557040721178,direct,fixed_random,-4.79708194732666,-4.674566268920898,1.0,3,128,4771.615234375,48.819393157958984,89,final_hidden,2026-07-10T15:12:24.317889+00:00,nonpad_flattened,Qwen/Qwen2.5-0.5B
114688,128,3,64,main,wikitext,wikitext-2-raw-v1,validation,cuda,float32,128,qwen_dynamical_edge_normal_long,0be219064d7f2de285c4637dbbf99d87feb1bdfb,"[1, 128, 896]",inputs_embeds,paper_style_feedback_dynamics,Qwen/Qwen2.5-0.5B,0.0015151341212913394,direct,fixed_random,-4.9134392738342285,-4.79708194732666,1.0,3,128,4773.12646484375,45.83296585083008,90,final_hidden,2026-07-10T15:12:24.317889+00:00,nonpad_flattened,Qwen/Qwen2.5-0.5B
114688,128,3,64,main,wikitext,wikitext-2-raw-v1,validation,cuda,float32,128,qwen_dynamical_edge_normal_long,0be219064d7f2de285c4637dbbf99d87feb1bdfb,"[1, 128, 896]",inputs_embeds,paper_style_feedback_dynamics,Qwen/Qwen2.5-0.5B,0.0014368583215400577,direct,fixed_random,-5.0183186531066895,-4.9134392738342285,1.0,3,128,4774.4892578125,42.957523345947266,91,final_hidden,2026-07-10T15:12:24.317889+00:00,nonpad_flattened,Qwen/Qwen2.5-0.5B
114688,128,3,64,main,wikitext,wikitext-2-raw-v1,validation,cuda,float32,128,qwen_dynamical_edge_normal_long,0be219064d7f2de285c4637dbbf99d87feb1bdfb,"[1, 128, 896]",inputs_embeds,paper_style_feedback_dynamics,Qwen/Qwen2.5-0.5B,0.0013540697982534766,direct,fixed_random,-5.109330654144287,-5.0183186531066895,1.0,3,128,4775.689453125,40.217750549316406,92,final_hidden,2026-07-10T15:12:24.317889+00:00,nonpad_flattened,Qwen/Qwen2.5-0.5B
114688,128,3,64,main,wikitext,wikitext-2-raw-v1,validation,cuda,float32,128,qwen_dynamical_edge_normal_long,0be219064d7f2de285c4637dbbf99d87feb1bdfb,"[1, 128, 896]",inputs_embeds,paper_style_feedback_dynamics,Qwen/Qwen2.5-0.5B,0.0012873667292296886,direct,fixed_random,-5.1859588623046875,-5.109330654144287,1.0,3,128,4776.72900390625,37.67472457885742,93,final_hidden,2026-07-10T15:12:24.317889+00:00,nonpad_flattened,Qwen/Qwen2.5-0.5B
114688,128,3,64,main,wikitext,wikitext-2-raw-v1,validation,cuda,float32,128,qwen_dynamical_edge_normal_long,0be219064d7f2de285c4637dbbf99d87feb1bdfb,"[1, 128, 896]",inputs_embeds,paper_style_feedback_dynamics,Qwen/Qwen2.5-0.5B,0.0012527883518487215,direct,fixed_random,-5.248669624328613,-5.1859588623046875,1.0,3,128,4777.6181640625,35.3920783996582,94,final_hidden,2026-07-10T15:12:24.317889+00:00,nonpad_flattened,Qwen/Qwen2.5-0.5B
114688,128,3,64,main,wikitext,wikitext-2-raw-v1,validation,cuda,float32,128,qwen_dynamical_edge_normal_long,0be219064d7f2de285c4637dbbf99d87feb1bdfb,"[1, 128, 896]",inputs_embeds,paper_style_feedback_dynamics,Qwen/Qwen2.5-0.5B,0.0012359529500827193,direct,fixed_random,-5.29860258102417,-5.248669624328613,1.0,3,128,4778.37109375,33.41679382324219,95,final_hidden,2026-07-10T15:12:24.317889+00:00,nonpad_flattened,Qwen/Qwen2.5-0.5B
114688,128,3,64,main,wikitext,wikitext-2-raw-v1,validation,cuda,float32,128,qwen_dynamical_edge_normal_long,0be219064d7f2de285c4637dbbf99d87feb1bdfb,"[1, 128, 896]",inputs_embeds,paper_style_feedback_dynamics,Qwen/Qwen2.5-0.5B,0.0012030553771182895,direct,fixed_random,-5.337491512298584,-5.29860258102417,1.0,3,128,4779.0029296875,31.775869369506836,96,final_hidden,2026-07-10T15:12:24.317889+00:00,nonpad_flattened,Qwen/Qwen2.5-0.5B
114688,128,3,64,main,wikitext,wikitext-2-raw-v1,validation,cuda,float32,128,qwen_dynamical_edge_normal_long,0be219064d7f2de285c4637dbbf99d87feb1bdfb,"[1, 128, 896]",inputs_embeds,paper_style_feedback_dynamics,Qwen/Qwen2.5-0.5B,0.0012533434201031923,direct,fixed_random,-5.367598056793213,-5.337491512298584,1.0,3,128,4779.5244140625,30.479202270507812,97,final_hidden,2026-07-10T15:12:24.317889+00:00,nonpad_flattened,Qwen/Qwen2.5-0.5B
114688,128,3,64,main,wikitext,wikitext-2-raw-v1,validation,cuda,float32,128,qwen_dynamical_edge_normal_long,0be219064d7f2de285c4637dbbf99d87feb1bdfb,"[1, 128, 896]",inputs_embeds,paper_style_feedback_dynamics,Qwen/Qwen2.5-0.5B,0.00128104817122221,direct,fixed_random,-5.391672134399414,-5.367598056793213,1.0,3,128,4779.94482421875,29.52569007873535,98,final_hidden,2026-07-10T15:12:24.317889+00:00,nonpad_flattened,Qwen/Qwen2.5-0.5B
114688,128,3,64,main,wikitext,wikitext-2-raw-v1,validation,cuda,float32,128,qwen_dynamical_edge_normal_long,0be219064d7f2de285c4637dbbf99d87feb1bdfb,"[1, 128, 896]",inputs_embeds,paper_style_feedback_dynamics,Qwen/Qwen2.5-0.5B,0.0012717265635728836,direct,fixed_random,-5.4128336906433105,-5.391672134399414,1.0,3,128,4780.26953125,28.909019470214844,99,final_hidden,2026-07-10T15:12:24.317889+00:00,nonpad_flattened,Qwen/Qwen2.5-0.5B
114688,128,3,64,main,wikitext,wikitext-2-raw-v1,validation,cuda,float32,128,qwen_dynamical_edge_normal_long,0be219064d7f2de285c4637dbbf99d87feb1bdfb,"[1, 128, 896]",inputs_embeds,paper_style_feedback_dynamics,Qwen/Qwen2.5-0.5B,0.0013158320216462016,direct,fixed_random,-5.434483528137207,-5.4128336906433105,1.0,3,128,4780.50244140625,28.61875343322754,100,final_hidden,2026-07-10T15:12:24.317889+00:00,nonpad_flattened,Qwen/Qwen2.5-0.5B
114688,128,3,64,main,wikitext,wikitext-2-raw-v1,validation,cuda,float32,128,qwen_dynamical_edge_normal_long,0be219064d7f2de285c4637dbbf99d87feb1bdfb,"[1, 128, 896]",inputs_embeds,paper_style_feedback_dynamics,Qwen/Qwen2.5-0.5B,0.0013531830627471209,direct,fixed_random,-5.460013389587402,-5.434483528137207,1.0,3,128,4780.64697265625,28.63605499267578,101,final_hidden,2026-07-10T15:12:24.317889+00:00,nonpad_flattened,Qwen/Qwen2.5-0.5B
114688,128,3,64,main,wikitext,wikitext-2-raw-v1,validation,cuda,float32,128,qwen_dynamical_edge_normal_long,0be219064d7f2de285c4637dbbf99d87feb1bdfb,"[1, 128, 896]",inputs_embeds,paper_style_feedback_dynamics,Qwen/Qwen2.5-0.5B,0.0013882843777537346,direct,fixed_random,-5.492426872253418,-5.460013389587402,1.0,3,128,4780.7080078125,28.932037353515625,102,final_hidden,2026-07-10T15:12:24.317889+00:00,nonpad_flattened,Qwen/Qwen2.5-0.5B
114688,128,3,64,main,wikitext,wikitext-2-raw-v1,validation,cuda,float32,128,qwen_dynamical_edge_normal_long,0be219064d7f2de285c4637dbbf99d87feb1bdfb,"[1, 128, 896]",inputs_embeds,paper_style_feedback_dynamics,Qwen/Qwen2.5-0.5B,0.0014161135768517852,direct,fixed_random,-5.533926010131836,-5.492426872253418,1.0,3,128,4780.6923828125,29.468204498291016,103,final_hidden,2026-07-10T15:12:24.317889+00:00,nonpad_flattened,Qwen/Qwen2.5-0.5B
114688,128,3,64,main,wikitext,wikitext-2-raw-v1,validation,cuda,float32,128,qwen_dynamical_edge_normal_long,0be219064d7f2de285c4637dbbf99d87feb1bdfb,"[1, 128, 896]",inputs_embeds,paper_style_feedback_dynamics,Qwen/Qwen2.5-0.5B,0.0014248616062104702,direct,fixed_random,-5.585506916046143,-5.533926010131836,1.0,3,128,4780.60888671875,30.20130729675293,104,final_hidden,2026-07-10T15:12:24.317889+00:00,nonpad_flattened,Qwen/Qwen2.5-0.5B
114688,128,3,64,main,wikitext,wikitext-2-raw-v1,validation,cuda,float32,128,qwen_dynamical_edge_normal_long,0be219064d7f2de285c4637dbbf99d87feb1bdfb,"[1, 128, 896]",inputs_embeds,paper_style_feedback_dynamics,Qwen/Qwen2.5-0.5B,0.0014221699675545096,direct,fixed_random,-5.646191596984863,-5.585506916046143,1.0,3,128,4780.4716796875,31.074024200439453,105,final_hidden,2026-07-10T15:12:24.317889+00:00,nonpad_flattened,Qwen/Qwen2.5-0.5B
114688,128,3,64,main,wikitext,wikitext-2-raw-v1,validation,cuda,float32,128,qwen_dynamical_edge_normal_long,0be219064d7f2de285c4637dbbf99d87feb1bdfb,"[1, 128, 896]",inputs_embeds,paper_style_feedback_dynamics,Qwen/Qwen2.5-0.5B,0.0014589333441108465,direct,fixed_random,-5.711742877960205,-5.646191596984863,1.0,3,128,4780.30126953125,31.967504501342773,106,final_hidden,2026-07-10T15:12:24.317889+00:00,nonpad_flattened,Qwen/Qwen2.5-0.5B
114688,128,3,64,main,wikitext,wikitext-2-raw-v1,validation,cuda,float32,128,qwen_dynamical_edge_normal_long,0be219064d7f2de285c4637dbbf99d87feb1bdfb,"[1, 128, 896]",inputs_embeds,paper_style_feedback_dynamics,Qwen/Qwen2.5-0.5B,0.001490366761572659,direct,fixed_random,-5.774932861328125,-5.711742877960205,1.0,3,128,4780.12353515625,32.666908264160156,107,final_hidden,2026-07-10T15:12:24.317889+00:00,nonpad_flattened,Qwen/Qwen2.5-0.5B
114688,128,3,64,main,wikitext,wikitext-2-raw-v1,validation,cuda,float32,128,qwen_dynamical_edge_normal_long,0be219064d7f2de285c4637dbbf99d87feb1bdfb,"[1, 128, 896]",inputs_embeds,paper_style_feedback_dynamics,Qwen/Qwen2.5-0.5B,0.0014780412893742323,direct,fixed_random,-5.828434944152832,-5.774932861328125,1.0,3,128,4779.9609375,33.00613021850586,108,final_hidden,2026-07-10T15:12:24.317889+00:00,nonpad_flattened,Qwen/Qwen2.5-0.5B
114688,128,3,64,main,wikitext,wikitext-2-raw-v1,validation,cuda,float32,128,qwen_dynamical_edge_normal_long,0be219064d7f2de285c4637dbbf99d87feb1bdfb,"[1, 128, 896]",inputs_embeds,paper_style_feedback_dynamics,Qwen/Qwen2.5-0.5B,0.0014841565862298012,direct,fixed_random,-5.867095947265625,-5.828434944152832,1.0,3,128,4779.83154296875,32.97744369506836,109,final_hidden,2026-07-10T15:12:24.317889+00:00,nonpad_flattened,Qwen/Qwen2.5-0.5B
114688,128,3,64,main,wikitext,wikitext-2-raw-v1,validation,cuda,float32,128,qwen_dynamical_edge_normal_long,0be219064d7f2de285c4637dbbf99d87feb1bdfb,"[1, 128, 896]",inputs_embeds,paper_style_feedback_dynamics,Qwen/Qwen2.5-0.5B,0.0014619973953813314,direct,fixed_random,-5.88885498046875,-5.867095947265625,1.0,3,128,4779.7412109375,32.625675201416016,110,final_hidden,2026-07-10T15:12:24.317889+00:00,nonpad_flattened,Qwen/Qwen2.5-0.5B
114688,128,3,64,main,wikitext,wikitext-2-raw-v1,validation,cuda,float32,128,qwen_dynamical_edge_normal_long,0be219064d7f2de285c4637dbbf99d87feb1bdfb,"[1, 128, 896]",inputs_embeds,paper_style_feedback_dynamics,Qwen/Qwen2.5-0.5B,0.0014310842379927635,direct,fixed_random,-5.894610404968262,-5.88885498046875,1.0,3,128,4779.68994140625,32.01023864746094,111,final_hidden,2026-07-10T15:12:24.317889+00:00,nonpad_flattened,Qwen/Qwen2.5-0.5B
114688,128,3,64,main,wikitext,wikitext-2-raw-v1,validation,cuda,float32,128,qwen_dynamical_edge_normal_long,0be219064d7f2de285c4637dbbf99d87feb1bdfb,"[1, 128, 896]",inputs_embeds,paper_style_feedback_dynamics,Qwen/Qwen2.5-0.5B,0.0014325154479593039,direct,fixed_random,-5.887148857116699,-5.894610404968262,1.0,3,128,4779.6728515625,31.21825408935547,112,final_hidden,2026-07-10T15:12:24.317889+00:00,nonpad_flattened,Qwen/Qwen2.5-0.5B
114688,128,3,64,main,wikitext,wikitext-2-raw-v1,validation,cuda,float32,128,qwen_dynamical_edge_normal_long,0be219064d7f2de285c4637dbbf99d87feb1bdfb,"[1, 128, 896]",inputs_embeds,paper_style_feedback_dynamics,Qwen/Qwen2.5-0.5B,0.0013863707426935434,direct,fixed_random,-5.869462966918945,-5.887148857116699,1.0,3,128,4779.6806640625,30.35016441345215,113,final_hidden,2026-07-10T15:12:24.317889+00:00,nonpad_flattened,Qwen/Qwen2.5-0.5B
114688,128,3,64,main,wikitext,wikitext-2-raw-v1,validation,cuda,float32,128,qwen_dynamical_edge_normal_long,0be219064d7f2de285c4637dbbf99d87feb1bdfb,"[1, 128, 896]",inputs_embeds,paper_style_feedback_dynamics,Qwen/Qwen2.5-0.5B,0.0013404673663899302,direct,fixed_random,-5.84359073638916,-5.869462966918945,1.0,3,128,4779.7021484375,29.499858856201172,114,final_hidden,2026-07-10T15:12:24.317889+00:00,nonpad_flattened,Qwen/Qwen2.5-0.5B
114688,128,3,64,main,wikitext,wikitext-2-raw-v1,validation,cuda,float32,128,qwen_dynamical_edge_normal_long,0be219064d7f2de285c4637dbbf99d87feb1bdfb,"[1, 128, 896]",inputs_embeds,paper_style_feedback_dynamics,Qwen/Qwen2.5-0.5B,0.0013640685938298702,direct,fixed_random,-5.810353755950928,-5.84359073638916,1.0,3,128,4779.72705078125,28.757930755615234,115,final_hidden,2026-07-10T15:12:24.317889+00:00,nonpad_flattened,Qwen/Qwen2.5-0.5B
114688,128,3,64,main,wikitext,wikitext-2-raw-v1,validation,cuda,float32,128,qwen_dynamical_edge_normal_long,0be219064d7f2de285c4637dbbf99d87feb1bdfb,"[1, 128, 896]",inputs_embeds,paper_style_feedback_dynamics,Qwen/Qwen2.5-0.5B,0.0013407221995294094,direct,fixed_random,-5.769573211669922,-5.810353755950928,1.0,3,128,4779.74560546875,28.224430084228516,116,final_hidden,2026-07-10T15:12:24.317889+00:00,nonpad_flattened,Qwen/Qwen2.5-0.5B
114688,128,3,64,main,wikitext,wikitext-2-raw-v1,validation,cuda,float32,128,qwen_dynamical_edge_normal_long,0be219064d7f2de285c4637dbbf99d87feb1bdfb,"[1, 128, 896]",inputs_embeds,paper_style_feedback_dynamics,Qwen/Qwen2.5-0.5B,0.001306726597249508,direct,fixed_random,-5.720612049102783,-5.769573211669922,1.0,3,128,4779.7470703125,27.986309051513672,117,final_hidden,2026-07-10T15:12:24.317889+00:00,nonpad_flattened,Qwen/Qwen2.5-0.5B
114688,128,3,64,main,wikitext,wikitext-2-raw-v1,validation,cuda,float32,128,qwen_dynamical_edge_normal_long,0be219064d7f2de285c4637dbbf99d87feb1bdfb,"[1, 128, 896]",inputs_embeds,paper_style_feedback_dynamics,Qwen/Qwen2.5-0.5B,0.0013239034451544285,direct,fixed_random,-5.662796497344971,-5.720612049102783,1.0,3,128,4779.7236328125,28.08538246154785,118,final_hidden,2026-07-10T15:12:24.317889+00:00,nonpad_flattened,Qwen/Qwen2.5-0.5B
114688,128,3,64,main,wikitext,wikitext-2-raw-v1,validation,cuda,float32,128,qwen_dynamical_edge_normal_long,0be219064d7f2de285c4637dbbf99d87feb1bdfb,"[1, 128, 896]",inputs_embeds,paper_style_feedback_dynamics,Qwen/Qwen2.5-0.5B,0.0013117761118337512,direct,fixed_random,-5.595972061157227,-5.662796497344971,1.0,3,128,4779.66796875,28.506235122680664,119,final_hidden,2026-07-10T15:12:24.317889+00:00,nonpad_flattened,Qwen/Qwen2.5-0.5B
114688,128,3,64,main,wikitext,wikitext-2-raw-v1,validation,cuda,float32,128,qwen_dynamical_edge_normal_long,0be219064d7f2de285c4637dbbf99d87feb1bdfb,"[1, 128, 896]",inputs_embeds,paper_style_feedback_dynamics,Qwen/Qwen2.5-0.5B,0.001302984426729381,direct,fixed_random,-5.5207295417785645,-5.595972061157227,1.0,3,128,4779.57421875,29.18479347229004,120,final_hidden,2026-07-10T15:12:24.317889+00:00,nonpad_flattened,Qwen/Qwen2.5-0.5B
114688,128,3,64,main,wikitext,wikitext-2-raw-v1,validation,cuda,float32,128,qwen_dynamical_edge_normal_long,0be219064d7f2de285c4637dbbf99d87feb1bdfb,"[1, 128, 896]",inputs_embeds,paper_style_feedback_dynamics,Qwen/Qwen2.5-0.5B,0.0013923279475420713,direct,fixed_random,-5.438621997833252,-5.5207295417785645,1.0,3,128,4779.4365234375,30.031160354614258,121,final_hidden,2026-07-10T15:12:24.317889+00:00,nonpad_flattened,Qwen/Qwen2.5-0.5B
114688,128,3,64,main,wikitext,wikitext-2-raw-v1,validation,cuda,float32,128,qwen_dynamical_edge_normal_long,0be219064d7f2de285c4637dbbf99d87feb1bdfb,"[1, 128, 896]",inputs_embeds,paper_style_feedback_dynamics,Qwen/Qwen2.5-0.5B,0.0014329447876662016,direct,fixed_random,-5.3521809577941895,-5.438621997833252,1.0,3,128,4779.2529296875,30.955467224121094,122,final_hidden,2026-07-10T15:12:24.317889+00:00,nonpad_flattened,Qwen/Qwen2.5-0.5B
114688,128,3,64,main,wikitext,wikitext-2-raw-v1,validation,cuda,float32,128,qwen_dynamical_edge_normal_long,0be219064d7f2de285c4637dbbf99d87feb1bdfb,"[1, 128, 896]",inputs_embeds,paper_style_feedback_dynamics,Qwen/Qwen2.5-0.5B,0.0014628357021138072,direct,fixed_random,-5.264766693115234,-5.3521809577941895,1.0,3,128,4779.02294921875,31.877643585205078,123,final_hidden,2026-07-10T15:12:24.317889+00:00,nonpad_flattened,Qwen/Qwen2.5-0.5B
114688,128,3,64,main,wikitext,wikitext-2-raw-v1,validation,cuda,float32,128,qwen_dynamical_edge_normal_long,0be219064d7f2de285c4637dbbf99d87feb1bdfb,"[1, 128, 896]",inputs_embeds,paper_style_feedback_dynamics,Qwen/Qwen2.5-0.5B,0.0015052518574520946,direct,fixed_random,-5.180269241333008,-5.264766693115234,1.0,3,128,4778.75244140625,32.696773529052734,124,final_hidden,2026-07-10T15:12:24.317889+00:00,nonpad_flattened,Qwen/Qwen2.5-0.5B
114688,128,3,64,main,wikitext,wikitext-2-raw-v1,validation,cuda,float32,128,qwen_dynamical_edge_normal_long,0be219064d7f2de285c4637dbbf99d87feb1bdfb,"[1, 128, 896]",inputs_embeds,paper_style_feedback_dynamics,Qwen/Qwen2.5-0.5B,0.0015734098851680756,direct,fixed_random,-5.101967811584473,-5.180269241333008,1.0,3,128,4778.453125,33.25428771972656,125,final_hidden,2026-07-10T15:12:24.317889+00:00,nonpad_flattened,Qwen/Qwen2.5-0.5B
114688,128,3,64,main,wikitext,wikitext-2-raw-v1,validation,cuda,float32,128,qwen_dynamical_edge_normal_long,0be219064d7f2de285c4637dbbf99d87feb1bdfb,"[1, 128, 896]",inputs_embeds,paper_style_feedback_dynamics,Qwen/Qwen2.5-0.5B,0.0016285325400531292,direct,fixed_random,-5.0316596031188965,-5.101967811584473,1.0,3,128,4778.13818359375,33.43278884887695,126,final_hidden,2026-07-10T15:12:24.317889+00:00,nonpad_flattened,Qwen/Qwen2.5-0.5B
114688,128,3,64,main,wikitext,wikitext-2-raw-v1,validation,cuda,float32,128,qwen_dynamical_edge_normal_long,0be219064d7f2de285c4637dbbf99d87feb1bdfb,"[1, 128, 896]",inputs_embeds,paper_style_feedback_dynamics,Qwen/Qwen2.5-0.5B,0.0016922325594350696,direct,fixed_random,,-5.0316596031188965,1.0,3,128,4777.81884765625,33.253971099853516,127,final_hidden,2026-07-10T15:12:24.317889+00:00,nonpad_flattened,Qwen/Qwen2.5-0.5B
