checkpoint,tail_start,tail_end,selection_index,token_id,token,wikitext_train_count,frequency_bin,candidate_period,absolute_median,absolute_p95,absolute_max,normalized_median,normalized_p95,normalized_max
step9000,512,1024,0,21825, clones,2,0,1,0.023958608508110046,0.08813785761594772,0.10272412747144699,0.06286819279193878,0.2312767058610916,0.2695515751838684
step9000,512,1024,0,21825, clones,2,0,2,0.047619596123695374,0.17415891587734222,0.20337390899658203,0.1249554231762886,0.4569988548755646,0.5336599946022034
step9000,512,1024,0,21825, clones,2,0,3,0.0698513612151146,0.2543835937976837,0.299531489610672,0.18329232931137085,0.6675111651420593,0.7859807014465332
step9000,512,1024,0,21825, clones,2,0,4,0.09121740609407425,0.3296397626399994,0.38965192437171936,0.23935754597187042,0.8649858236312866,1.0224597454071045
step9000,512,1024,0,21825, clones,2,0,5,0.10983791202306747,0.3972035050392151,0.4711432158946991,0.2882183790206909,1.042275309562683,1.2362957000732422
step9000,512,1024,0,21825, clones,2,0,6,0.12711088359355927,0.4545719027519226,0.543157696723938,0.33354324102401733,1.1928119659423828,1.4252641201019287
step9000,512,1024,0,21825, clones,2,0,7,0.1405380815267563,0.5055493712425232,0.6030893325805664,0.3687766492366791,1.3265786170959473,1.582526683807373
step9000,512,1024,0,21825, clones,2,0,8,0.15226848423480988,0.5430014729499817,0.650947630405426,0.39955762028694153,1.4248541593551636,1.7081085443496704
step9000,512,1024,0,21825, clones,2,0,9,0.1593521535396576,0.5706300735473633,0.6842106580734253,0.41814541816711426,1.4973524808883667,1.7953917980194092
step9000,512,1024,0,21825, clones,2,0,10,0.1645582765340805,0.5847602486610413,0.7038906812667847,0.4318064749240875,1.5344306230545044,1.847032904624939
step9000,512,1024,0,21825, clones,2,0,11,0.16468515992164612,0.5879039168357849,0.7075880765914917,0.43213939666748047,1.5426796674728394,1.8567349910736084
step9000,512,1024,0,21825, clones,2,0,12,0.1629418432712555,0.5777471661567688,0.6974565982818604,0.4275648891925812,1.5160280466079712,1.8301496505737305
step9000,512,1024,0,21825, clones,2,0,13,0.15608681738376617,0.5521325469017029,0.6711722612380981,0.40957707166671753,1.4488143920898438,1.7611786127090454
step9000,512,1024,0,21825, clones,2,0,14,0.14755567908287048,0.5212745666503906,0.6321322917938232,0.3871910870075226,1.3678419589996338,1.6587364673614502
step9000,512,1024,0,21825, clones,2,0,15,0.13459698855876923,0.4756695032119751,0.5779929757118225,0.35318702459335327,1.2481728792190552,1.5166730880737305
step9000,512,1024,0,21825, clones,2,0,16,0.1197165846824646,0.4211476445198059,0.5134326815605164,0.31414034962654114,1.1051056385040283,1.3472646474838257
step9000,512,1024,0,21825, clones,2,0,17,0.10136021673679352,0.3595374822616577,0.436205118894577,0.2659726142883301,0.9434384703636169,1.144616961479187
step9000,512,1024,0,21825, clones,2,0,18,0.08201490342617035,0.2868998348712921,0.3491442799568176,0.21520987153053284,0.7528347969055176,0.916166365146637
step9000,512,1024,0,21825, clones,2,0,19,0.06046096980571747,0.21114157140254974,0.25562888383865356,0.15865162014961243,0.5540425777435303,0.6707788109779358
step9000,512,1024,0,21825, clones,2,0,20,0.037898264825344086,0.13252276182174683,0.1596483290195465,0.09944632649421692,0.3477441966533661,0.4189226031303406
step9000,512,1024,0,21825, clones,2,0,21,0.016109993681311607,0.05670329928398132,0.06893208622932434,0.04227316752076149,0.1487913727760315,0.1808801144361496
step9000,512,1024,0,21825, clones,2,0,22,0.015124419704079628,0.05213160812854767,0.06175431236624718,0.039686985313892365,0.13679510354995728,0.16204538941383362
step9000,512,1024,0,21825, clones,2,0,23,0.03651575371623039,0.12661665678024292,0.14801470935344696,0.09581857174634933,0.332246333360672,0.3883955776691437
step9000,512,1024,0,21825, clones,2,0,24,0.05919702351093292,0.20444364845752716,0.23891572654247284,0.1553349792957306,0.5364670753479004,0.6269229054450989
step9000,512,1024,0,21825, clones,2,0,25,0.08089553564786911,0.27910158038139343,0.3258603513240814,0.21227261424064636,0.7323719263076782,0.855068564414978
step9000,512,1024,0,21825, clones,2,0,26,0.10068036615848541,0.3457396626472473,0.40661731362342834,0.264188677072525,0.9072325229644775,1.0669775009155273
step9000,512,1024,0,21825, clones,2,0,27,0.11895234882831573,0.40603235363960266,0.4793510437011719,0.3121349811553955,1.0654425621032715,1.2578332424163818
step9000,512,1024,0,21825, clones,2,0,28,0.13420425355434418,0.4582814574241638,0.5410645604133606,0.35215649008750916,1.2025460004806519,1.419771671295166
step9000,512,1024,0,21825, clones,2,0,29,0.14691706001758575,0.4986875355243683,0.5930923819541931,0.3855153024196625,1.3085728883743286,1.5562944412231445
step9000,512,1024,0,21825, clones,2,0,30,0.1568874716758728,0.5270478129386902,0.6305134892463684,0.4116780161857605,1.3829911947250366,1.6544886827468872
step9000,512,1024,0,21825, clones,2,0,31,0.16252711415290833,0.5498981475830078,0.6572239995002747,0.4264766275882721,1.4429513216018677,1.7245779037475586
step9000,512,1024,0,21825, clones,2,0,32,0.1660415232181549,0.5560583472251892,0.6678683757781982,0.435698539018631,1.4591158628463745,1.7525091171264648
step9000,512,1024,0,21825, clones,2,0,33,0.1644584834575653,0.5544443130493164,0.6662288308143616,0.43154460191726685,1.4548804759979248,1.7482068538665771
step9000,512,1024,0,21825, clones,2,0,34,0.16110606491565704,0.538883626461029,0.6492466926574707,0.42274773120880127,1.4140489101409912,1.7036452293395996
step9000,512,1024,0,21825, clones,2,0,35,0.15315957367420197,0.5144083499908447,0.6193292140960693,0.4018958806991577,1.3498247861862183,1.62514066696167
step9000,512,1024,0,21825, clones,2,0,36,0.14275896549224854,0.4769654870033264,0.5762735605239868,0.37460434436798096,1.2515735626220703,1.5121612548828125
step9000,512,1024,0,21825, clones,2,0,37,0.1287970393896103,0.4288577735424042,0.5206257104873657,0.33796778321266174,1.1253372430801392,1.3661394119262695
step9000,512,1024,0,21825, clones,2,0,38,0.11284459382295609,0.3751925528049469,0.4554155766963959,0.2961080074310303,0.9845179319381714,1.1950258016586304
step9000,512,1024,0,21825, clones,2,0,39,0.09417542815208435,0.3137388229370117,0.379970520734787,0.2471195012331009,0.8232612013816833,0.9970554709434509
step9000,512,1024,0,21825, clones,2,0,40,0.07394657284021378,0.24473583698272705,0.2973701059818268,0.1940383017063141,0.6421950459480286,0.7803092002868652
step9000,512,1024,0,21825, clones,2,0,41,0.052640218287706375,0.17389050126075745,0.21164147555828094,0.13812971115112305,0.45629453659057617,0.5553543567657471
step9000,512,1024,0,21825, clones,2,0,42,0.03244630992412567,0.10712912678718567,0.12974679470062256,0.08514021337032318,0.2811104655265808,0.3404599726200104
step9000,512,1024,0,21825, clones,2,0,43,0.020184706896543503,0.0659295916557312,0.07912188023328781,0.052965350449085236,0.1730014681816101,0.20761847496032715
step9000,512,1024,0,21825, clones,2,0,44,0.030261917039752007,0.09947045147418976,0.11613120138645172,0.07940828800201416,0.26101380586624146,0.30473217368125916
step9000,512,1024,0,21825, clones,2,0,45,0.04999614506959915,0.16498567163944244,0.19188253581523895,0.13119156658649445,0.4329279661178589,0.5035062432289124
step9000,512,1024,0,21825, clones,2,0,46,0.07186578214168549,0.23434856534004211,0.27247750759124756,0.18857823312282562,0.6149385571479797,0.7149901390075684
step9000,512,1024,0,21825, clones,2,0,47,0.09202813357114792,0.30107250809669495,0.3505004644393921,0.24148492515087128,0.7900243997573853,0.9197250008583069
step9000,512,1024,0,21825, clones,2,0,48,0.11091355234384537,0.36275553703308105,0.42210960388183594,0.29104089736938477,0.9518827199935913,1.1076297760009766
step9000,512,1024,0,21825, clones,2,0,49,0.12788549065589905,0.41567447781562805,0.48451143503189087,0.3355758488178253,1.090743899345398,1.2713743448257446
step9000,512,1024,0,21825, clones,2,0,50,0.14154130220413208,0.45570313930511475,0.5390586853027344,0.371409147977829,1.1957803964614868,1.4145081043243408
step9000,512,1024,0,21825, clones,2,0,51,0.1531011164188385,0.49617859721183777,0.5810856819152832,0.40174248814582825,1.3019894361495972,1.5247883796691895
step9000,512,1024,0,21825, clones,2,0,52,0.16132286190986633,0.5157086849212646,0.611854076385498,0.42331662774086,1.3532369136810303,1.6055257320404053
step9000,512,1024,0,21825, clones,2,0,53,0.1654871553182602,0.527432382106781,0.629852294921875,0.4342438578605652,1.3840004205703735,1.6527535915374756
step9000,512,1024,0,21825, clones,2,0,54,0.16738282144069672,0.5314645767211914,0.6339808106422424,0.4392181634902954,1.3945809602737427,1.663586974143982
step9000,512,1024,0,21825, clones,2,0,55,0.1643916666507721,0.5232285261154175,0.62642902135849,0.43136927485466003,1.3729692697525024,1.6437708139419556
step9000,512,1024,0,21825, clones,2,0,56,0.159287691116333,0.5035181641578674,0.6039420962333679,0.4179762601852417,1.3212486505508423,1.5847643613815308
step9000,512,1024,0,21825, clones,2,0,57,0.1498396247625351,0.4756811857223511,0.5711844563484192,0.39318421483039856,1.2482035160064697,1.4988073110580444
step9000,512,1024,0,21825, clones,2,0,58,0.13855275511741638,0.4361770749092102,0.5255173444747925,0.3635670840740204,1.1445432901382446,1.37897527217865
step9000,512,1024,0,21825, clones,2,0,59,0.12375392764806747,0.38936343789100647,0.46927976608276367,0.32473447918891907,1.021702766418457,1.2314059734344482
step9000,512,1024,0,21825, clones,2,0,60,0.10662367194890976,0.33571189641952515,0.4049508273601532,0.27978411316871643,0.8809192776679993,1.0626046657562256
step9000,512,1024,0,21825, clones,2,0,61,0.08769106864929199,0.27574288845062256,0.3329786956310272,0.23010431230068207,0.7235586047172546,0.8737472891807556
step9000,512,1024,0,21825, clones,2,0,62,0.0678396001458168,0.21282954514026642,0.2570364773273468,0.1780133992433548,0.5584719181060791,0.6744723916053772
step9000,512,1024,0,21825, clones,2,0,63,0.048146769404411316,0.15140269696712494,0.18288078904151917,0.12633875012397766,0.3972857892513275,0.4798853397369385
step9000,512,1024,0,21825, clones,2,0,64,0.03383402153849602,0.1038726344704628,0.12460149824619293,0.08878161013126373,0.2725653052330017,0.3269585371017456
step9000,512,1024,0,21825, clones,2,0,65,0.03187781199812889,0.09856917709112167,0.11633001267910004,0.0836484506726265,0.2586488425731659,0.30525386333465576
step9000,512,1024,0,21825, clones,2,0,66,0.04538004845380783,0.14075900614261627,0.16367456316947937,0.11907877773046494,0.3693563640117645,0.42948755621910095
step9000,512,1024,0,21825, clones,2,0,67,0.0644221380352974,0.20100870728492737,0.23203079402446747,0.16904586553573608,0.5274536609649658,0.6088566184043884
step9000,512,1024,0,21825, clones,2,0,68,0.08468014746904373,0.2628673315048218,0.30352020263671875,0.2222035527229309,0.6897727251052856,0.796447217464447
step9000,512,1024,0,21825, clones,2,0,69,0.10364920645952225,0.3205832540988922,0.3719979226589203,0.2719790041446686,0.841221272945404,0.9761350750923157
step9000,512,1024,0,21825, clones,2,0,70,0.12158404290676117,0.3731546998023987,0.433860719203949,0.3190406262874603,0.979170560836792,1.138465166091919
step9000,512,1024,0,21825, clones,2,0,71,0.13682499527931213,0.4210931360721588,0.4893394112586975,0.35903340578079224,1.1049625873565674,1.2840430736541748
step9000,512,1024,0,21825, clones,2,0,72,0.14934979379177094,0.45986008644104004,0.5343931913375854,0.39189890027046204,1.206688404083252,1.4022657871246338
step9000,512,1024,0,21825, clones,2,0,73,0.15921039879322052,0.48646196722984314,0.5683368444442749,0.41777345538139343,1.276492714881897,1.4913350343704224
step9000,512,1024,0,21825, clones,2,0,74,0.1656559854745865,0.501643180847168,0.5921896696090698,0.43468689918518066,1.3163286447525024,1.553925633430481
step9000,512,1024,0,21825, clones,2,0,75,0.16823455691337585,0.5153902769088745,0.6024073362350464,0.44145315885543823,1.352401614189148,1.5807371139526367
step9000,512,1024,0,21825, clones,2,0,76,0.1685187816619873,0.507411777973175,0.6018194556236267,0.4421989619731903,1.331465482711792,1.5791945457458496
step9000,512,1024,0,21825, clones,2,0,77,0.164098858833313,0.49414968490600586,0.5884718298912048,0.43060094118118286,1.2966654300689697,1.5441699028015137
step9000,512,1024,0,21825, clones,2,0,78,0.15761399269104004,0.47259676456451416,0.5624799728393555,0.413584440946579,1.2401098012924194,1.475966453552246
step9000,512,1024,0,21825, clones,2,0,79,0.14745797216892242,0.4423609673976898,0.5269503593444824,0.38693469762802124,1.1607701778411865,1.3827354907989502
step9000,512,1024,0,21825, clones,2,0,80,0.13408979773521423,0.3995783030986786,0.47999274730682373,0.35185614228248596,1.0485069751739502,1.2595171928405762
step9000,512,1024,0,21825, clones,2,0,81,0.11872569471597672,0.3535933196544647,0.42412465810775757,0.3115402162075043,0.9278407692909241,1.112917423248291
step9000,512,1024,0,21825, clones,2,0,82,0.10195509344339371,0.3023665249347687,0.3621968626976013,0.2675336003303528,0.7934199571609497,0.9504167437553406
step9000,512,1024,0,21825, clones,2,0,83,0.08284342288970947,0.2464311420917511,0.2954902648925781,0.21738393604755402,0.6466435790061951,0.7753764390945435
step9000,512,1024,0,21825, clones,2,0,84,0.06469345092773438,0.19100607931613922,0.22870562970638275,0.16975779831409454,0.5012063980102539,0.6001312732696533
step9000,512,1024,0,21825, clones,2,0,85,0.048939745873212814,0.14272238314151764,0.17111395299434662,0.12841954827308655,0.3745083212852478,0.4490087926387787
step9000,512,1024,0,21825, clones,2,0,86,0.0411008857190609,0.1192471981048584,0.14113351702690125,0.10785011202096939,0.3129086494445801,0.3703390955924988
step9000,512,1024,0,21825, clones,2,0,87,0.04537634924054146,0.1345556080341339,0.15649789571762085,0.11906906962394714,0.3530784547328949,0.4106557369232178
step9000,512,1024,0,21825, clones,2,0,88,0.06049428507685661,0.1770312786102295,0.20514154434204102,0.15873904526233673,0.46453604102134705,0.5382983088493347
step9000,512,1024,0,21825, clones,2,0,89,0.07888494431972504,0.22995221614837646,0.26654157042503357,0.20699675381183624,0.6034023761749268,0.699414074420929
step9000,512,1024,0,21825, clones,2,0,90,0.09773554652929306,0.2845386564731598,0.32965388894081116,0.25646138191223145,0.7466390132904053,0.8650228977203369
step9000,512,1024,0,21825, clones,2,0,91,0.11537068337202072,0.33657416701316833,0.38959378004074097,0.3027365505695343,0.8831818699836731,1.0223071575164795
step9000,512,1024,0,21825, clones,2,0,92,0.13213786482810974,0.38477256894111633,0.44446396827697754,0.3467341959476471,1.0096561908721924,1.1662883758544922
step9000,512,1024,0,21825, clones,2,0,93,0.14568312466144562,0.42379894852638245,0.4910447597503662,0.3822774291038513,1.112062692642212,1.288517951965332
step9000,512,1024,0,21825, clones,2,0,94,0.1566925346851349,0.4535757005214691,0.5274184942245483,0.4111664891242981,1.1901978254318237,1.383963942527771
step9000,512,1024,0,21825, clones,2,0,95,0.16512124240398407,0.47845450043678284,0.5555603504180908,0.4332837164402008,1.2554807662963867,1.4578090906143188
step9000,512,1024,0,21825, clones,2,0,96,0.17011107504367828,0.4920974373817444,0.5717777609825134,0.4463771879673004,1.2912801504135132,1.500364065170288
step9000,512,1024,0,21825, clones,2,0,97,0.17086422443389893,0.49390649795532227,0.5761304497718811,0.44835346937179565,1.2960273027420044,1.5117857456207275
step9000,512,1024,0,21825, clones,2,0,98,0.16964274644851685,0.4842596650123596,0.5706793069839478,0.4451482892036438,1.2707136869430542,1.4974817037582397
step9000,512,1024,0,21825, clones,2,0,99,0.16389581561088562,0.472612589597702,0.5527075529098511,0.43006813526153564,1.2401514053344727,1.450323224067688
step9000,512,1024,0,21825, clones,2,0,100,0.1562114953994751,0.44544678926467896,0.5243850946426392,0.40990424156188965,1.1688673496246338,1.3760040998458862
step9000,512,1024,0,21825, clones,2,0,101,0.144659161567688,0.4105730652809143,0.4868806302547455,0.3795905113220215,1.077357530593872,1.2775912284851074
step9000,512,1024,0,21825, clones,2,0,102,0.13093848526477814,0.3706718683242798,0.439872682094574,0.3435870110988617,0.9726555347442627,1.1542407274246216
step9000,512,1024,0,21825, clones,2,0,103,0.11448162794113159,0.32558271288871765,0.38553735613822937,0.3004036545753479,0.8543400764465332,1.0116629600524902
step9000,512,1024,0,21825, clones,2,0,104,0.09748078137636185,0.27616485953330994,0.3273354768753052,0.25579285621643066,0.7246659398078918,0.8589393496513367
step9000,512,1024,0,21825, clones,2,0,105,0.07973574846982956,0.22623717784881592,0.26769837737083435,0.20922929048538208,0.5936539769172668,0.7024495601654053
step9000,512,1024,0,21825, clones,2,0,106,0.06441324949264526,0.18051841855049133,0.21352867782115936,0.16902253031730652,0.4736863970756531,0.5603064298629761
step9000,512,1024,0,21825, clones,2,0,107,0.05362333357334137,0.1496894210577011,0.17498622834682465,0.14070942997932434,0.3927900791168213,0.45916974544525146
step9000,512,1024,0,21825, clones,2,0,108,0.051849864423274994,0.14415894448757172,0.1677120178937912,0.13605579733848572,0.3782779276371002,0.44008198380470276
step9000,512,1024,0,21825, clones,2,0,109,0.06006556749343872,0.16765403747558594,0.19415602087974548,0.157614067196846,0.4399298429489136,0.5094719529151917
step9000,512,1024,0,21825, clones,2,0,110,0.07558251172304153,0.20890535414218903,0.24134470522403717,0.1983310580253601,0.5481746792793274,0.6332966089248657
step9000,512,1024,0,21825, clones,2,0,111,0.09311690181493759,0.2562475800514221,0.2962215542793274,0.2443418949842453,0.6724022626876831,0.7772953510284424
step9000,512,1024,0,21825, clones,2,0,112,0.11071159690618515,0.30484673380851746,0.352104127407074,0.29051095247268677,0.7999281287193298,0.9239330887794495
step9000,512,1024,0,21825, clones,2,0,113,0.12686775624752045,0.3513748049736023,0.4048364460468292,0.33290526270866394,0.9220193028450012,1.0623044967651367
step9000,512,1024,0,21825, clones,2,0,114,0.14262987673282623,0.39160895347595215,0.4515022337436676,0.3742656111717224,1.0275951623916626,1.184757113456726
step9000,512,1024,0,21825, clones,2,0,115,0.1545305699110031,0.4230036735534668,0.4899194836616516,0.4054934084415436,1.109975814819336,1.2855652570724487
step9000,512,1024,0,21825, clones,2,0,116,0.16404767334461212,0.4496985673904419,0.5204930305480957,0.4304666221141815,1.180024266242981,1.3657912015914917
step9000,512,1024,0,21825, clones,2,0,117,0.17081299424171448,0.46909505128860474,0.5414009094238281,0.44821906089782715,1.2309212684631348,1.4206541776657104
step9000,512,1024,0,21825, clones,2,0,118,0.17445425689220428,0.47460928559303284,0.5509659051895142,0.4577738344669342,1.245390772819519,1.4457530975341797
step9000,512,1024,0,21825, clones,2,0,119,0.17351646721363068,0.47482219338417053,0.5511950254440308,0.4553130567073822,1.245949387550354,1.4463542699813843
step9000,512,1024,0,21825, clones,2,0,120,0.170756995677948,0.46597591042518616,0.5408605933189392,0.4480721056461334,1.2227364778518677,1.419236421585083
step9000,512,1024,0,21825, clones,2,0,121,0.16429337859153748,0.4457145035266876,0.5193713307380676,0.4311113655567169,1.1695698499679565,1.362847924232483
step9000,512,1024,0,21825, clones,2,0,122,0.15426485240459442,0.41881048679351807,0.48945051431655884,0.40479618310928345,1.0989727973937988,1.284334659576416
step9000,512,1024,0,21825, clones,2,0,123,0.14238430559635162,0.3842218816280365,0.45111462473869324,0.37362122535705566,1.0082111358642578,1.1837400197982788
step9000,512,1024,0,21825, clones,2,0,124,0.1290774643421173,0.34639856219291687,0.40520843863487244,0.33870360255241394,0.9089614748954773,1.0632805824279785
step9000,512,1024,0,21825, clones,2,0,125,0.11232759058475494,0.3032034933567047,0.3541625142097473,0.29475137591362,0.7956161499023438,0.9293343424797058
step9000,512,1024,0,21825, clones,2,0,126,0.09624909609556198,0.25789064168930054,0.3012326657772064,0.25256088376045227,0.6767137050628662,0.7904446721076965
step9000,512,1024,0,21825, clones,2,0,127,0.08002706617116928,0.21462224423885345,0.2509663701057434,0.20999372005462646,0.5631759762763977,0.6585441827774048
step9000,512,1024,0,21825, clones,2,0,128,0.06833994388580322,0.18034636974334717,0.21006231009960175,0.17932631075382233,0.47323495149612427,0.5512105822563171
step9000,512,1024,1,23778, motive,8,2,1,0.040217284113168716,0.14657148718833923,0.17648771405220032,0.06458451598882675,0.23537762463092804,0.28341975808143616
step9000,512,1024,1,23778, motive,8,2,2,0.08043667674064636,0.28857582807540894,0.3486974835395813,0.1291724145412445,0.4634208679199219,0.5599696636199951
step9000,512,1024,1,23778, motive,8,2,3,0.1172623485326767,0.42542433738708496,0.514379620552063,0.18831036984920502,0.6831845045089722,0.8260368704795837
step9000,512,1024,1,23778, motive,8,2,4,0.15411658585071564,0.550661027431488,0.6675507426261902,0.24749420583248138,0.884300708770752,1.0720127820968628
step9000,512,1024,1,23778, motive,8,2,5,0.1844257414340973,0.666906476020813,0.8083710074424744,0.29616737365722656,1.070978045463562,1.2981544733047485
step9000,512,1024,1,23778, motive,8,2,6,0.21484844386577606,0.7649800181388855,0.929375171661377,0.34502285718917847,1.2284733057022095,1.492473840713501
step9000,512,1024,1,23778, motive,8,2,7,0.23605166375637054,0.849559485912323,1.0335140228271484,0.379072904586792,1.364298701286316,1.6597093343734741
step9000,512,1024,1,23778, motive,8,2,8,0.2575238347053528,0.9158301949501038,1.1120169162750244,0.4135548174381256,1.4707220792770386,1.7857762575149536
step9000,512,1024,1,23778, motive,8,2,9,0.26779282093048096,0.959932267665863,1.1708797216415405,0.4300456941127777,1.5415451526641846,1.8803035020828247
step9000,512,1024,1,23778, motive,8,2,10,0.2783777713775635,0.9886201024055481,1.199966311454773,0.4470439553260803,1.58761465549469,1.9270132780075073
step9000,512,1024,1,23778, motive,8,2,11,0.27698269486427307,0.9845898747444153,1.1986452341079712,0.4448035955429077,1.5811426639556885,1.9248918294906616
step9000,512,1024,1,23778, motive,8,2,12,0.2757364809513092,0.9692286849021912,1.1677643060684204,0.4428023099899292,1.556474208831787,1.875300407409668
step9000,512,1024,1,23778, motive,8,2,13,0.2627596855163574,0.933506965637207,1.1094856262207031,0.42196303606033325,1.4991090297698975,1.7817113399505615
step9000,512,1024,1,23778, motive,8,2,14,0.24947446584701538,0.875634491443634,1.0269954204559326,0.4006284177303314,1.406172275543213,1.6492412090301514
step9000,512,1024,1,23778, motive,8,2,15,0.2264428436756134,0.8037735223770142,0.9310815930366516,0.3636421859264374,1.290771484375,1.4952142238616943
step9000,512,1024,1,23778, motive,8,2,16,0.20217134058475494,0.708746075630188,0.824950635433197,0.324664831161499,1.1381678581237793,1.3247796297073364
step9000,512,1024,1,23778, motive,8,2,17,0.17143118381500244,0.6035463809967041,0.7034052610397339,0.2752995491027832,0.9692287445068359,1.1295911073684692
step9000,512,1024,1,23778, motive,8,2,18,0.13794474303722382,0.48427829146385193,0.5649009346961975,0.22152401506900787,0.7776973843574524,0.9071685075759888
step9000,512,1024,1,23778, motive,8,2,19,0.10211056470870972,0.35439375042915344,0.4171585738658905,0.16397827863693237,0.5691172480583191,0.6699106097221375
step9000,512,1024,1,23778, motive,8,2,20,0.06383667141199112,0.22162973880767822,0.26166635751724243,0.10251463949680328,0.3559128940105438,0.42020726203918457
step9000,512,1024,1,23778, motive,8,2,21,0.027071652933955193,0.09562867134809494,0.11149626225233078,0.04347408190369606,0.1535690873861313,0.17905068397521973
step9000,512,1024,1,23778, motive,8,2,22,0.025510353967547417,0.08734150230884552,0.10524830222129822,0.040966808795928955,0.14026078581809998,0.16901715099811554
step9000,512,1024,1,23778, motive,8,2,23,0.06157359108328819,0.21045370399951935,0.2532069683074951,0.09888038784265518,0.3379653990268707,0.40662240982055664
step9000,512,1024,1,23778, motive,8,2,24,0.09919726848602295,0.3389894366264343,0.4087161719799042,0.1592998504638672,0.5443795919418335,0.6563529968261719
step9000,512,1024,1,23778, motive,8,2,25,0.13482223451137543,0.4629185199737549,0.5581228137016296,0.216509610414505,0.7433960437774658,0.8962835669517517
step9000,512,1024,1,23778, motive,8,2,26,0.16992901265621185,0.5777616500854492,0.6969365477561951,0.2728872299194336,0.9278213381767273,1.1192030906677246
step9000,512,1024,1,23778, motive,8,2,27,0.19851315021514893,0.6774711012840271,0.8189512491226196,0.3187901973724365,1.0879437923431396,1.3151452541351318
step9000,512,1024,1,23778, motive,8,2,28,0.22692999243736267,0.7670958638191223,0.9273766279220581,0.3644244968891144,1.231871247291565,1.4892643690109253
step9000,512,1024,1,23778, motive,8,2,29,0.2458648830652237,0.837910532951355,1.013035535812378,0.3948318362236023,1.34559166431427,1.6268231868743896
step9000,512,1024,1,23778, motive,8,2,30,0.2650030851364136,0.8845589756965637,1.0796610116958618,0.4255656898021698,1.4205039739608765,1.7338162660598755
step9000,512,1024,1,23778, motive,8,2,31,0.2727077007293701,0.9276091456413269,1.121830701828003,0.4379384517669678,1.4896377325057983,1.801536202430725
step9000,512,1024,1,23778, motive,8,2,32,0.2808775305747986,0.9344391822814941,1.1361526250839233,0.4510582685470581,1.5006060600280762,1.824535608291626
step9000,512,1024,1,23778, motive,8,2,33,0.2769980728626251,0.9388253092765808,1.122650146484375,0.4448283016681671,1.5076497793197632,1.8028521537780762
step9000,512,1024,1,23778, motive,8,2,34,0.2726980447769165,0.9088444709777832,1.082613229751587,0.4379229247570038,1.4595038890838623,1.73855721950531
step9000,512,1024,1,23778, motive,8,2,35,0.25773632526397705,0.8605301380157471,1.018403172492981,0.4138960540294647,1.3819162845611572,1.6354429721832275
step9000,512,1024,1,23778, motive,8,2,36,0.24129052460193634,0.8019111156463623,0.9331904053688049,0.38748592138290405,1.28778076171875,1.498600721359253
step9000,512,1024,1,23778, motive,8,2,37,0.21745342016220093,0.7236874103546143,0.8384627103805542,0.34920617938041687,1.1621620655059814,1.3464784622192383
step9000,512,1024,1,23778, motive,8,2,38,0.18973374366760254,0.6296043992042542,0.7318968772888184,0.3046914339065552,1.0110750198364258,1.175345540046692
step9000,512,1024,1,23778, motive,8,2,39,0.15962550044059753,0.5295426249504089,0.6124999523162842,0.2563409209251404,0.8503869771957397,0.9836072325706482
step9000,512,1024,1,23778, motive,8,2,40,0.12462043017148972,0.41367173194885254,0.4805419445037842,0.20012664794921875,0.6643111109733582,0.7716972827911377
step9000,512,1024,1,23778, motive,8,2,41,0.08860540390014648,0.29409781098365784,0.34243980050086975,0.14229048788547516,0.4722886085510254,0.5499204993247986
step9000,512,1024,1,23778, motive,8,2,42,0.054571155458688736,0.18052110075950623,0.20945100486278534,0.08763524889945984,0.28989696502685547,0.33635517954826355
step9000,512,1024,1,23778, motive,8,2,43,0.033639680594205856,0.11159531772136688,0.1331898421049118,0.05402161180973053,0.17920975387096405,0.21388816833496094
step9000,512,1024,1,23778, motive,8,2,44,0.05110308155417442,0.16474345326423645,0.19773179292678833,0.08206590265035629,0.2645597755908966,0.317535400390625
step9000,512,1024,1,23778, motive,8,2,45,0.08426180481910706,0.27513203024864197,0.32852861285209656,0.1353151500225067,0.44183164834976196,0.5275806784629822
step9000,512,1024,1,23778, motive,8,2,46,0.11978022009134293,0.3906059265136719,0.4668329358100891,0.19235379993915558,0.6272699236869812,0.7496821284294128
step9000,512,1024,1,23778, motive,8,2,47,0.15441441535949707,0.49912285804748535,0.5997522473335266,0.2479724884033203,0.8015361428260803,0.963135838508606
step9000,512,1024,1,23778, motive,8,2,48,0.18641634285449982,0.5996832847595215,0.7206267714500427,0.2993640601634979,0.9630251526832581,1.1572469472885132
step9000,512,1024,1,23778, motive,8,2,49,0.21293795108795166,0.6893246173858643,0.830258846282959,0.3419548273086548,1.1069791316986084,1.3333039283752441
step9000,512,1024,1,23778, motive,8,2,50,0.238887757062912,0.7640780210494995,0.9210720062255859,0.38362735509872437,1.2270249128341675,1.4791399240493774
step9000,512,1024,1,23778, motive,8,2,51,0.2556195855140686,0.8241713047027588,0.9929261803627014,0.4104968011379242,1.3235280513763428,1.5945297479629517
step9000,512,1024,1,23778, motive,8,2,52,0.27234333753585815,0.8664858341217041,1.045403242111206,0.43735331296920776,1.391480565071106,1.6788021326065063
step9000,512,1024,1,23778, motive,8,2,53,0.2776002585887909,0.8875080347061157,1.0728057622909546,0.44579535722732544,1.4252398014068604,1.72280752658844
step9000,512,1024,1,23778, motive,8,2,54,0.2832399904727936,0.890984833240509,1.0744789838790894,0.4548521339893341,1.4308232069015503,1.7254945039749146
step9000,512,1024,1,23778, motive,8,2,55,0.2766684889793396,0.883119523525238,1.0509504079818726,0.44429901242256165,1.4181923866271973,1.6877102851867676
step9000,512,1024,1,23778, motive,8,2,56,0.26902732253074646,0.8448327779769897,1.0038219690322876,0.4320281445980072,1.3567081689834595,1.6120271682739258
step9000,512,1024,1,23778, motive,8,2,57,0.25334179401397705,0.8045729994773865,0.9355786442756653,0.40683892369270325,1.2920552492141724,1.5024359226226807
step9000,512,1024,1,23778, motive,8,2,58,0.23262281715869904,0.736203134059906,0.8493544459342957,0.37356653809547424,1.1822608709335327,1.3639694452285767
step9000,512,1024,1,23778, motive,8,2,59,0.20922008156776428,0.6545039415359497,0.7558949589729309,0.33598434925079346,1.0510609149932861,1.2138837575912476
step9000,512,1024,1,23778, motive,8,2,60,0.17921902239322662,0.5639542937278748,0.6505935192108154,0.2878059446811676,0.9056482911109924,1.0447813272476196
step9000,512,1024,1,23778, motive,8,2,61,0.14687393605709076,0.46438539028167725,0.5361600518226624,0.2358633130788803,0.7457516193389893,0.8610138297080994
step9000,512,1024,1,23778, motive,8,2,62,0.1139146089553833,0.35888758301734924,0.41438743472099304,0.18293426930904388,0.57633376121521,0.665460467338562
step9000,512,1024,1,23778, motive,8,2,63,0.08077555149793625,0.25563642382621765,0.29452410340309143,0.12971660494804382,0.4105238616466522,0.47297316789627075
step9000,512,1024,1,23778, motive,8,2,64,0.05584060028195381,0.17580103874206543,0.20409739017486572,0.08967383205890656,0.28231704235076904,0.327757865190506
step9000,512,1024,1,23778, motive,8,2,65,0.05354559049010277,0.1655195951461792,0.19817961752414703,0.08598830550909042,0.2658061683177948,0.3182545602321625
step9000,512,1024,1,23778, motive,8,2,66,0.07657359540462494,0.23372088372707367,0.2792818546295166,0.12296873331069946,0.3753299117088318,0.4484958052635193
step9000,512,1024,1,23778, motive,8,2,67,0.10808899998664856,0.329825758934021,0.39598825573921204,0.17357899248600006,0.5296636819839478,0.6359133720397949
step9000,512,1024,1,23778, motive,8,2,68,0.14194558560848236,0.43142274022102356,0.5181940793991089,0.22794893383979797,0.6928172707557678,0.8321624398231506
step9000,512,1024,1,23778, motive,8,2,69,0.17466451227664948,0.5302894711494446,0.6350250244140625,0.2804919183254242,0.8515863418579102,1.0197800397872925
step9000,512,1024,1,23778, motive,8,2,70,0.2034284472465515,0.6242929697036743,0.7430694699287415,0.3266836106777191,1.0025454759597778,1.1932874917984009
step9000,512,1024,1,23778, motive,8,2,71,0.22835460305213928,0.6961992979049683,0.8361864686012268,0.3667122721672058,1.1180192232131958,1.3428230285644531
step9000,512,1024,1,23778, motive,8,2,72,0.2514650821685791,0.7602975964546204,0.9116415977478027,0.40382513403892517,1.2209539413452148,1.4639956951141357
step9000,512,1024,1,23778, motive,8,2,73,0.2656891644001007,0.8092026114463806,0.9717831015586853,0.4266674518585205,1.299489974975586,1.560576319694519
step9000,512,1024,1,23778, motive,8,2,74,0.27991804480552673,0.8384567499160767,1.009743571281433,0.44951745867729187,1.3464689254760742,1.6215366125106812
step9000,512,1024,1,23778, motive,8,2,75,0.2825300097465515,0.8563739061355591,1.0243115425109863,0.45371198654174805,1.3752418756484985,1.6449311971664429
step9000,512,1024,1,23778, motive,8,2,76,0.2852920591831207,0.8524829149246216,1.0153621435165405,0.4581475257873535,1.3689934015274048,1.6305594444274902
step9000,512,1024,1,23778, motive,8,2,77,0.276661217212677,0.8303223848342896,0.9838080406188965,0.44428735971450806,1.3334060907363892,1.57988703250885
step9000,512,1024,1,23778, motive,8,2,78,0.2657477855682373,0.7924576997756958,0.9314780831336975,0.42676159739494324,1.272599458694458,1.495850920677185
step9000,512,1024,1,23778, motive,8,2,79,0.24913936853408813,0.7438375353813171,0.8609444499015808,0.4000903069972992,1.1945209503173828,1.3825817108154297
step9000,512,1024,1,23778, motive,8,2,80,0.22529737651348114,0.6740177869796753,0.7753313779830933,0.36180269718170166,1.0823981761932373,1.2450965642929077
step9000,512,1024,1,23778, motive,8,2,81,0.20012974739074707,0.5942917466163635,0.6836446523666382,0.32138627767562866,0.95436692237854,1.0978578329086304
step9000,512,1024,1,23778, motive,8,2,82,0.17156067490577698,0.5094287991523743,0.5826144218444824,0.27550747990608215,0.8180863857269287,0.9356144070625305
step9000,512,1024,1,23778, motive,8,2,83,0.139792799949646,0.41649237275123596,0.4749782383441925,0.22449178993701935,0.668840765953064,0.7627625465393066
step9000,512,1024,1,23778, motive,8,2,84,0.10846864432096481,0.32172951102256775,0.3683649003505707,0.17418865859508514,0.516662061214447,0.5915533304214478
step9000,512,1024,1,23778, motive,8,2,85,0.08138890564441681,0.24129991233348846,0.2776342034339905,0.13070158660411835,0.38750097155570984,0.44584986567497253
step9000,512,1024,1,23778, motive,8,2,86,0.06742530316114426,0.20032887160778046,0.23774874210357666,0.1082775890827179,0.32170602679252625,0.3817982077598572
step9000,512,1024,1,23778, motive,8,2,87,0.07613559812307358,0.2232649028301239,0.2666054964065552,0.12226536124944687,0.35853874683380127,0.42813897132873535
step9000,512,1024,1,23778, motive,8,2,88,0.1022486463189125,0.2950882017612457,0.3504563868045807,0.16420002281665802,0.4738790690898895,0.5627942681312561
step9000,512,1024,1,23778, motive,8,2,89,0.13236135244369507,0.38536322116851807,0.45501062273979187,0.21255770325660706,0.6188507676124573,0.7306967973709106
step9000,512,1024,1,23778, motive,8,2,90,0.16428183019161224,0.4764047861099243,0.563316822052002,0.2638184726238251,0.7650534510612488,0.9046245813369751
step9000,512,1024,1,23778, motive,8,2,91,0.19434742629528046,0.5614588856697083,0.6666465997695923,0.31210049986839294,0.9016409516334534,1.0705608129501343
step9000,512,1024,1,23778, motive,8,2,92,0.22037695348262787,0.6347112655639648,0.7592934370040894,0.3539010286331177,1.0192761421203613,1.2193413972854614
step9000,512,1024,1,23778, motive,8,2,93,0.24351802468299866,0.6994633674621582,0.8370681405067444,0.39106303453445435,1.1232608556747437,1.3442389965057373
step9000,512,1024,1,23778, motive,8,2,94,0.26360172033309937,0.7585615515708923,0.9019741415977478,0.42331522703170776,1.2181659936904907,1.4484708309173584
step9000,512,1024,1,23778, motive,8,2,95,0.2753481864929199,0.7910675406455994,0.9480606317520142,0.44217875599861145,1.2703670263290405,1.5224806070327759
step9000,512,1024,1,23778, motive,8,2,96,0.2872004210948944,0.8137683272361755,0.9732561111450195,0.461212158203125,1.3068220615386963,1.5629417896270752
step9000,512,1024,1,23778, motive,8,2,97,0.28738173842430115,0.8216302394866943,0.9768725037574768,0.4615033268928528,1.31944739818573,1.5687493085861206
step9000,512,1024,1,23778, motive,8,2,98,0.2865862250328064,0.8078466057777405,0.9592110514640808,0.46022582054138184,1.2973123788833618,1.5403869152069092
step9000,512,1024,1,23778, motive,8,2,99,0.2769926190376282,0.7854704260826111,0.9214831590652466,0.44481953978538513,1.2613787651062012,1.4798001050949097
step9000,512,1024,1,23778, motive,8,2,100,0.2617875337600708,0.7454949021339417,0.8656927347183228,0.4204018712043762,1.1971824169158936,1.3902069330215454
step9000,512,1024,1,23778, motive,8,2,101,0.24425993859767914,0.6873946785926819,0.7944903373718262,0.39225447177886963,1.1038799285888672,1.2758636474609375
step9000,512,1024,1,23778, motive,8,2,102,0.22064146399497986,0.6214708089828491,0.7110543847084045,0.3543258011341095,0.9980134963989258,1.1418747901916504
step9000,512,1024,1,23778, motive,8,2,103,0.19260694086551666,0.5452538132667542,0.6219205260276794,0.30930545926094055,0.8756173253059387,0.9987356662750244
step9000,512,1024,1,23778, motive,8,2,104,0.163433238863945,0.46332237124443054,0.5277961492538452,0.2624557316303253,0.7440445423126221,0.8475822806358337
step9000,512,1024,1,23778, motive,8,2,105,0.13353121280670166,0.3793938457965851,0.43205657601356506,0.2144363820552826,0.609264612197876,0.6938351392745972
step9000,512,1024,1,23778, motive,8,2,106,0.1076536551117897,0.30209022760391235,0.3459760546684265,0.1728798747062683,0.48512354493141174,0.5555993318557739
step9000,512,1024,1,23778, motive,8,2,107,0.08866753429174423,0.24946829676628113,0.2913294732570648,0.14239026606082916,0.4006185531616211,0.4678429365158081
step9000,512,1024,1,23778, motive,8,2,108,0.08705413341522217,0.238841712474823,0.2850712835788727,0.1397993266582489,0.3835534155368805,0.4577929973602295
step9000,512,1024,1,23778, motive,8,2,109,0.10151001811027527,0.2811177968978882,0.33040380477905273,0.16301387548446655,0.451444149017334,0.5305920243263245
step9000,512,1024,1,23778, motive,8,2,110,0.12774085998535156,0.3484373986721039,0.41189977526664734,0.2051377147436142,0.5595519542694092,0.6614655256271362
step9000,512,1024,1,23778, motive,8,2,111,0.15660366415977478,0.42698073387145996,0.5062556266784668,0.25148817896842957,0.6856839060783386,0.8129906058311462
step9000,512,1024,1,23778, motive,8,2,112,0.1865876019001007,0.5085161328315735,0.6017451882362366,0.2996390759944916,0.8166207075119019,0.9663363099098206
step9000,512,1024,1,23778, motive,8,2,113,0.21413491666316986,0.5877782702445984,0.6911928057670593,0.34387701749801636,0.9439069032669067,1.109979271888733
step9000,512,1024,1,23778, motive,8,2,114,0.2378351092338562,0.6585828065872192,0.7696305513381958,0.3819369077682495,1.0576112270355225,1.2359416484832764
step9000,512,1024,1,23778, motive,8,2,115,0.2585086524486542,0.7079899311065674,0.8368507623672485,0.41513633728027344,1.136953592300415,1.343889832496643
step9000,512,1024,1,23778, motive,8,2,116,0.275991290807724,0.7478897571563721,0.8887519240379333,0.44321152567863464,1.2010283470153809,1.4272373914718628
step9000,512,1024,1,23778, motive,8,2,117,0.2851899266242981,0.7752124667167664,0.9223625659942627,0.45798352360725403,1.2449055910110474,1.4812123775482178
step9000,512,1024,1,23778, motive,8,2,118,0.29475685954093933,0.7905505299568176,0.936518669128418,0.4733469486236572,1.2695368528366089,1.5039454698562622
step9000,512,1024,1,23778, motive,8,2,119,0.292018860578537,0.786817193031311,0.9309778809547424,0.4689500331878662,1.2635414600372314,1.4950475692749023
step9000,512,1024,1,23778, motive,8,2,120,0.2882556617259979,0.7674703001976013,0.9063841700553894,0.46290674805641174,1.232472538948059,1.4555528163909912
step9000,512,1024,1,23778, motive,8,2,121,0.2776201069355011,0.7408491969108582,0.8641881346702576,0.4458272159099579,1.189721941947937,1.3877906799316406
step9000,512,1024,1,23778, motive,8,2,122,0.2597082555294037,0.6972352266311646,0.8065425157546997,0.41706275939941406,1.119682788848877,1.2952182292938232
step9000,512,1024,1,23778, motive,8,2,123,0.2395545244216919,0.6393364667892456,0.7361958622932434,0.3846980929374695,1.0267037153244019,1.1822491884231567
step9000,512,1024,1,23778, motive,8,2,124,0.21631932258605957,0.5745468735694885,0.6564556360244751,0.3473849296569824,0.9226588010787964,1.0541952848434448
step9000,512,1024,1,23778, motive,8,2,125,0.18946880102157593,0.5039334893226624,0.5713039040565491,0.30426597595214844,0.8092615008354187,0.9174509644508362
step9000,512,1024,1,23778, motive,8,2,126,0.16127656400203705,0.4287070035934448,0.48585256934165955,0.25899234414100647,0.6884560585021973,0.7802255749702454
step9000,512,1024,1,23778, motive,8,2,127,0.13452914357185364,0.35566985607147217,0.40740445256233215,0.21603894233703613,0.5711665153503418,0.6542465686798096
step9000,512,1024,1,23778, motive,8,2,128,0.1132887750864029,0.30026715993881226,0.34712913632392883,0.18192926049232483,0.4821958839893341,0.557451069355011
step9000,512,1024,2,19211, cabinet,33,5,1,0.024333912879228592,0.08892960846424103,0.1071365475654602,0.0636858195066452,0.2327432930469513,0.2803938388824463
step9000,512,1024,2,19211, cabinet,33,5,2,0.048706285655498505,0.1746075451374054,0.21223975718021393,0.12747229635715485,0.45697644352912903,0.5554660558700562
step9000,512,1024,2,19211, cabinet,33,5,3,0.07095383107662201,0.25843894481658936,0.31240415573120117,0.1856977492570877,0.6763768792152405,0.8176126480102539
step9000,512,1024,2,19211, cabinet,33,5,4,0.09328806400299072,0.3334396779537201,0.40663713216781616,0.2441500872373581,0.8726660013198853,1.0642356872558594
step9000,512,1024,2,19211, cabinet,33,5,5,0.11159973591566086,0.4040940999984741,0.4914111793041229,0.29207471013069153,1.0575802326202393,1.2861032485961914
step9000,512,1024,2,19211, cabinet,33,5,6,0.12996961176395416,0.462960809469223,0.5631725192070007,0.34015169739723206,1.2116440534591675,1.473914384841919
step9000,512,1024,2,19211, cabinet,33,5,7,0.1428549438714981,0.5121114253997803,0.6196688413619995,0.373874694108963,1.3402791023254395,1.621774435043335
step9000,512,1024,2,19211, cabinet,33,5,8,0.15564469993114471,0.5542211532592773,0.6594902873039246,0.40734758973121643,1.4504871368408203,1.7259937524795532
step9000,512,1024,2,19211, cabinet,33,5,9,0.16208858788013458,0.5792270302772522,0.6821602582931519,0.4242122769355774,1.5159316062927246,1.7853246927261353
step9000,512,1024,2,19211, cabinet,33,5,10,0.16813434660434723,0.598080039024353,0.6916533708572388,0.44003501534461975,1.5652730464935303,1.8101696968078613
step9000,512,1024,2,19211, cabinet,33,5,11,0.16768603026866913,0.5975655913352966,0.6943203806877136,0.4388616979122162,1.5639266967773438,1.8171497583389282
step9000,512,1024,2,19211, cabinet,33,5,12,0.1663793921470642,0.5891304016113281,0.6845101714134216,0.4354420304298401,1.5418504476547241,1.7914748191833496
step9000,512,1024,2,19211, cabinet,33,5,13,0.15918025374412537,0.5647187232971191,0.6577199101448059,0.41660070419311523,1.4779609441757202,1.7213603258132935
step9000,512,1024,2,19211, cabinet,33,5,14,0.1505344808101654,0.5251590609550476,0.6196479797363281,0.39397329092025757,1.3744269609451294,1.6217198371887207
step9000,512,1024,2,19211, cabinet,33,5,15,0.13708272576332092,0.4837556481361389,0.5661658048629761,0.35876786708831787,1.266067385673523,1.481748342514038
step9000,512,1024,2,19211, cabinet,33,5,16,0.12195993214845657,0.4245850741863251,0.5026969909667969,0.31918904185295105,1.111208438873291,1.3156400918960571
step9000,512,1024,2,19211, cabinet,33,5,17,0.10352885723114014,0.3597913086414337,0.4273887872695923,0.27095192670822144,0.9416325092315674,1.1185462474822998
step9000,512,1024,2,19211, cabinet,33,5,18,0.08318835496902466,0.2893614172935486,0.3438186049461365,0.2177174985408783,0.7573060393333435,0.8998293876647949
step9000,512,1024,2,19211, cabinet,33,5,19,0.06179289147257805,0.21246148645877838,0.2534209191799164,0.1617220789194107,0.5560463666915894,0.6632438898086548
step9000,512,1024,2,19211, cabinet,33,5,20,0.03867088630795479,0.13287478685379028,0.1586841344833374,0.10120802372694016,0.34775498509407043,0.4153022766113281
step9000,512,1024,2,19211, cabinet,33,5,21,0.016402730718255043,0.05703802779316902,0.0674048513174057,0.04292862117290497,0.14927783608436584,0.1764094978570938
step9000,512,1024,2,19211, cabinet,33,5,22,0.015413297340273857,0.05279868096113205,0.06416410207748413,0.040339116007089615,0.13818275928497314,0.16792792081832886
step9000,512,1024,2,19211, cabinet,33,5,23,0.03709772974252701,0.12735600769519806,0.1541556417942047,0.09709081053733826,0.33331143856048584,0.40345045924186707
step9000,512,1024,2,19211, cabinet,33,5,24,0.06007857620716095,0.2048543095588684,0.24899950623512268,0.15723544359207153,0.5361371636390686,0.65167236328125
step9000,512,1024,2,19211, cabinet,33,5,25,0.08214830607175827,0.28031957149505615,0.34022802114486694,0.21499551832675934,0.733642041683197,0.8904322385787964
step9000,512,1024,2,19211, cabinet,33,5,26,0.10257959365844727,0.3507319688796997,0.4240216612815857,0.2684675455093384,0.9179227948188782,1.1097339391708374
step9000,512,1024,2,19211, cabinet,33,5,27,0.12083962559700012,0.41002213954925537,0.4973355233669281,0.3162570297718048,1.0730948448181152,1.3016082048416138
step9000,512,1024,2,19211, cabinet,33,5,28,0.13726472854614258,0.466194748878479,0.5577264428138733,0.3592441976070404,1.2201076745986938,1.4596611261367798
step9000,512,1024,2,19211, cabinet,33,5,29,0.14917385578155518,0.5064737200737,0.6034556031227112,0.3904123306274414,1.3255244493484497,1.5793417692184448
step9000,512,1024,2,19211, cabinet,33,5,30,0.16055291891098022,0.5353269577026367,0.6335899829864502,0.4201931953430176,1.4010379314422607,1.6582083702087402
step9000,512,1024,2,19211, cabinet,33,5,31,0.16505056619644165,0.559981644153595,0.6480242609977722,0.43196427822113037,1.465563416481018,1.695985198020935
step9000,512,1024,2,19211, cabinet,33,5,32,0.16966615617275238,0.5660541653633118,0.6561657190322876,0.4440440237522125,1.4814561605453491,1.7172927856445312
step9000,512,1024,2,19211, cabinet,33,5,33,0.16770705580711365,0.5650514364242554,0.6535890698432922,0.43891674280166626,1.4788317680358887,1.710549235343933
step9000,512,1024,2,19211, cabinet,33,5,34,0.16433490812778473,0.5493138432502747,0.6371243000030518,0.4300912618637085,1.4376438856124878,1.6674582958221436
step9000,512,1024,2,19211, cabinet,33,5,35,0.15593986213207245,0.523421585559845,0.6067666411399841,0.4081200659275055,1.3698797225952148,1.5880073308944702
step9000,512,1024,2,19211, cabinet,33,5,36,0.145221546292305,0.48713672161102295,0.5648000836372375,0.38006848096847534,1.2749162912368774,1.4781739711761475
step9000,512,1024,2,19211, cabinet,33,5,37,0.1315690129995346,0.4379713535308838,0.509456992149353,0.3443375825881958,1.146242380142212,1.3333320617675781
step9000,512,1024,2,19211, cabinet,33,5,38,0.11466087400913239,0.37953513860702515,0.4457227289676666,0.30008623003959656,0.9933053851127625,1.1665290594100952
step9000,512,1024,2,19211, cabinet,33,5,39,0.09612563997507095,0.31820154190063477,0.3720783591270447,0.2515764832496643,0.8327853679656982,0.9737898111343384
step9000,512,1024,2,19211, cabinet,33,5,40,0.0755084753036499,0.24926023185253143,0.29133671522140503,0.1976180076599121,0.6523547172546387,0.7624757289886475
step9000,512,1024,2,19211, cabinet,33,5,41,0.053664520382881165,0.17712922394275665,0.2075314074754715,0.14044880867004395,0.4635760486125946,0.5431435704231262
step9000,512,1024,2,19211, cabinet,33,5,42,0.033118847757577896,0.10858377069234848,0.1268308311700821,0.0866774320602417,0.2841814458370209,0.3319369852542877
step9000,512,1024,2,19211, cabinet,33,5,43,0.02033364027738571,0.06702324002981186,0.07729422301054001,0.05321645364165306,0.17541076242923737,0.2022915929555893
step9000,512,1024,2,19211, cabinet,33,5,44,0.030796073377132416,0.09929687529802322,0.12040392309427261,0.08059834688901901,0.2598761320114136,0.3151167035102844
step9000,512,1024,2,19211, cabinet,33,5,45,0.05071523040533066,0.16612869501113892,0.20046280324459076,0.13273003697395325,0.4347859025001526,0.5246438980102539
step9000,512,1024,2,19211, cabinet,33,5,46,0.07306595891714096,0.23587185144424438,0.2845868468284607,0.1912255436182022,0.6173151135444641,0.7448102235794067
step9000,512,1024,2,19211, cabinet,33,5,47,0.09386679530143738,0.3025347590446472,0.3650516867637634,0.24566471576690674,0.791782796382904,0.9553998112678528
step9000,512,1024,2,19211, cabinet,33,5,48,0.11284323036670685,0.36122211813926697,0.4379042088985443,0.29532915353775024,0.9453772902488708,1.1460667848587036
step9000,512,1024,2,19211, cabinet,33,5,49,0.12995100021362305,0.41904202103614807,0.5003183484077454,0.3401029706001282,1.0967013835906982,1.3094147443771362
step9000,512,1024,2,19211, cabinet,33,5,50,0.14434555172920227,0.4623842239379883,0.5502228140830994,0.3777758777141571,1.2101348638534546,1.4400229454040527
step9000,512,1024,2,19211, cabinet,33,5,51,0.1556459367275238,0.49901673197746277,0.586286187171936,0.4073508083820343,1.306008219718933,1.5344066619873047
step9000,512,1024,2,19211, cabinet,33,5,52,0.16493858397006989,0.5262747406959534,0.6079370975494385,0.4316712021827698,1.3773468732833862,1.591070532798767
step9000,512,1024,2,19211, cabinet,33,5,53,0.1680206060409546,0.5366326570510864,0.6185731887817383,0.43973734974861145,1.404455304145813,1.6189069747924805
step9000,512,1024,2,19211, cabinet,33,5,54,0.17097195982933044,0.538852870464325,0.62168949842453,0.4474615156650543,1.4102659225463867,1.6270629167556763
step9000,512,1024,2,19211, cabinet,33,5,55,0.16756579279899597,0.5344840288162231,0.6144277453422546,0.4385470151901245,1.3988319635391235,1.6080576181411743
step9000,512,1024,2,19211, cabinet,33,5,56,0.16222847998142242,0.5119613409042358,0.5926024317741394,0.42457839846611023,1.3398863077163696,1.550937294960022
step9000,512,1024,2,19211, cabinet,33,5,57,0.15316733717918396,0.48408061265945435,0.559455156326294,0.400863915681839,1.2669179439544678,1.4641854763031006
step9000,512,1024,2,19211, cabinet,33,5,58,0.14060239493846893,0.4452038109302521,0.5149327516555786,0.36797940731048584,1.1651710271835327,1.3476630449295044
step9000,512,1024,2,19211, cabinet,33,5,59,0.12637877464294434,0.3956737816333771,0.459070086479187,0.3307538628578186,1.0355428457260132,1.2014613151550293
step9000,512,1024,2,19211, cabinet,33,5,60,0.10866788029670715,0.3421988785266876,0.3961103558540344,0.2844015657901764,0.8955903053283691,1.0366854667663574
step9000,512,1024,2,19211, cabinet,33,5,61,0.08901376277208328,0.2816797196865082,0.3257763981819153,0.23296354711055756,0.7372017502784729,0.8526099920272827
step9000,512,1024,2,19211, cabinet,33,5,62,0.06877337396144867,0.2172027826309204,0.2514383792877197,0.17999114096164703,0.5684551000595093,0.6580552458763123
step9000,512,1024,2,19211, cabinet,33,5,63,0.048994217067956924,0.1545325666666031,0.17867407202720642,0.12822586297988892,0.40443694591522217,0.4676192104816437
step9000,512,1024,2,19211, cabinet,33,5,64,0.03368842601776123,0.10559521615505219,0.12169098109006882,0.08816810697317123,0.2763599157333374,0.31848517060279846
step9000,512,1024,2,19211, cabinet,33,5,65,0.031965672969818115,0.09996680915355682,0.11564061045646667,0.08365938067436218,0.26162946224212646,0.3026503622531891
step9000,512,1024,2,19211, cabinet,33,5,66,0.04623236507177353,0.14155250787734985,0.16930438578128815,0.12099764496088028,0.370466023683548,0.44309720396995544
step9000,512,1024,2,19211, cabinet,33,5,67,0.0648917630314827,0.20066040754318237,0.24113298952579498,0.16983233392238617,0.5251610279083252,0.6310843825340271
step9000,512,1024,2,19211, cabinet,33,5,68,0.08625409752130508,0.26274970173835754,0.3153408467769623,0.22574104368686676,0.6876588463783264,0.8252984285354614
step9000,512,1024,2,19211, cabinet,33,5,69,0.10566578805446625,0.3224862217903137,0.3855515420436859,0.27654460072517395,0.8439990282058716,1.0090513229370117
step9000,512,1024,2,19211, cabinet,33,5,70,0.12346763163805008,0.3759305775165558,0.448093056678772,0.3231349289417267,0.9838716983795166,1.1727327108383179
step9000,512,1024,2,19211, cabinet,33,5,71,0.1390538364648819,0.42172113060951233,0.5004397630691528,0.36392658948898315,1.103713035583496,1.3097325563430786
step9000,512,1024,2,19211, cabinet,33,5,72,0.15204066038131714,0.4580870568752289,0.5408661365509033,0.39791521430015564,1.1988885402679443,1.4155349731445312
step9000,512,1024,2,19211, cabinet,33,5,73,0.16179779171943665,0.4910990297794342,0.5683838129043579,0.4234512150287628,1.2852863073349,1.4875532388687134
step9000,512,1024,2,19211, cabinet,33,5,74,0.1694602370262146,0.5067206621170044,0.5826956629753113,0.44350510835647583,1.326170563697815,1.5250096321105957
step9000,512,1024,2,19211, cabinet,33,5,75,0.17098020017147064,0.5178828835487366,0.5915976762771606,0.447483092546463,1.3553839921951294,1.5483076572418213
step9000,512,1024,2,19211, cabinet,33,5,76,0.17192977666854858,0.517119824886322,0.5900678634643555,0.44996827840805054,1.3533869981765747,1.5443038940429688
step9000,512,1024,2,19211, cabinet,33,5,77,0.1671946495771408,0.501400351524353,0.577148973941803,0.43757566809654236,1.312246561050415,1.5104930400848389
step9000,512,1024,2,19211, cabinet,33,5,78,0.16006150841712952,0.479179322719574,0.5511881113052368,0.4189070761203766,1.2540905475616455,1.442549228668213
step9000,512,1024,2,19211, cabinet,33,5,79,0.15080900490283966,0.44933319091796875,0.5160214304924011,0.3946917653083801,1.1759783029556274,1.3505122661590576
step9000,512,1024,2,19211, cabinet,33,5,80,0.13652034103870392,0.4077996015548706,0.47021135687828064,0.35729601979255676,1.0672781467437744,1.2306199073791504
step9000,512,1024,2,19211, cabinet,33,5,81,0.120612233877182,0.35947129130363464,0.41510695219039917,0.3156619071960449,0.9407950639724731,1.0864026546478271
step9000,512,1024,2,19211, cabinet,33,5,82,0.1035272628068924,0.30671852827072144,0.3540562391281128,0.27094775438308716,0.8027324676513672,0.9266229271888733
step9000,512,1024,2,19211, cabinet,33,5,83,0.08456841856241226,0.25050777196884155,0.2887938916683197,0.22132934629917145,0.655619740486145,0.7558207511901855
step9000,512,1024,2,19211, cabinet,33,5,84,0.06580913066864014,0.1937038004398346,0.22334308922290802,0.1722332388162613,0.5069544315338135,0.5845252871513367
step9000,512,1024,2,19211, cabinet,33,5,85,0.04911356046795845,0.14545892179012299,0.16728445887565613,0.12853820621967316,0.38068974018096924,0.4378107190132141
step9000,512,1024,2,19211, cabinet,33,5,86,0.041007205843925476,0.12095702439546585,0.13794082403182983,0.10732255131006241,0.31656426191329956,0.36101365089416504
step9000,512,1024,2,19211, cabinet,33,5,87,0.04578534513711929,0.13525332510471344,0.1577744483947754,0.11982771754264832,0.35398000478744507,0.4129214882850647
step9000,512,1024,2,19211, cabinet,33,5,88,0.0616145133972168,0.1775379627943039,0.21145880222320557,0.16125524044036865,0.4646458327770233,0.553422212600708
step9000,512,1024,2,19211, cabinet,33,5,89,0.07953823357820511,0.2318487912416458,0.2758670747280121,0.2081645429134369,0.6067861318588257,0.7219891548156738
step9000,512,1024,2,19211, cabinet,33,5,90,0.09970914572477341,0.2867843210697174,0.34101760387420654,0.2609550952911377,0.7505613565444946,0.8924987316131592
step9000,512,1024,2,19211, cabinet,33,5,91,0.11713013797998428,0.33724355697631836,0.4017333388328552,0.30654868483543396,0.8826214075088501,1.0514017343521118
step9000,512,1024,2,19211, cabinet,33,5,92,0.13436190783977509,0.38484135270118713,0.45479080080986023,0.3516470491886139,1.007192611694336,1.190261721611023
step9000,512,1024,2,19211, cabinet,33,5,93,0.1482415646314621,0.4264756739139557,0.4980127215385437,0.387972354888916,1.1161564588546753,1.3033806085586548
step9000,512,1024,2,19211, cabinet,33,5,94,0.1596977561712265,0.45699793100357056,0.5300022959709167,0.41795510053634644,1.1960381269454956,1.387102484703064
step9000,512,1024,2,19211, cabinet,33,5,95,0.16781367361545563,0.47896796464920044,0.5500560998916626,0.43919578194618225,1.2535374164581299,1.4395865201950073
step9000,512,1024,2,19211, cabinet,33,5,96,0.17396517097949982,0.49104735255241394,0.5613226890563965,0.45529523491859436,1.2851510047912598,1.4690730571746826
step9000,512,1024,2,19211, cabinet,33,5,97,0.17400290071964264,0.49789300560951233,0.564969539642334,0.4553939998149872,1.3030672073364258,1.4786174297332764
step9000,512,1024,2,19211, cabinet,33,5,98,0.1728491336107254,0.4887315034866333,0.5594602227210999,0.4523743987083435,1.279090166091919,1.4641987085342407
step9000,512,1024,2,19211, cabinet,33,5,99,0.16754382848739624,0.4736292362213135,0.5420202016830444,0.43848952651023865,1.2395650148391724,1.4185552597045898
step9000,512,1024,2,19211, cabinet,33,5,100,0.15856893360614777,0.4517497420310974,0.5132584571838379,0.4150007665157318,1.1823028326034546,1.3432811498641968
step9000,512,1024,2,19211, cabinet,33,5,101,0.14742423593997955,0.4163077175617218,0.47665730118751526,0.3858332931995392,1.0895452499389648,1.2474899291992188
step9000,512,1024,2,19211, cabinet,33,5,102,0.13372135162353516,0.3747708797454834,0.4307608902454376,0.34997060894966125,0.9808365106582642,1.1273715496063232
step9000,512,1024,2,19211, cabinet,33,5,103,0.11675742268562317,0.3292105793952942,0.3776508569717407,0.3055732250213623,0.8615978360176086,0.9883739352226257
step9000,512,1024,2,19211, cabinet,33,5,104,0.09899327903985977,0.2796917259693146,0.32009512186050415,0.25908157229423523,0.731998860836029,0.8377411961555481
step9000,512,1024,2,19211, cabinet,33,5,105,0.08102667331695557,0.22874405980110168,0.261887788772583,0.21206001937389374,0.5986605286598206,0.6854031085968018
step9000,512,1024,2,19211, cabinet,33,5,106,0.06496307998895645,0.1816445142030716,0.20880921185016632,0.1700189858675003,0.4753933548927307,0.5464878082275391
step9000,512,1024,2,19211, cabinet,33,5,107,0.05354447290301323,0.1503271758556366,0.17128431797027588,0.14013461768627167,0.3934307396411896,0.4482790231704712
step9000,512,1024,2,19211, cabinet,33,5,108,0.051996879279613495,0.1448567658662796,0.164259672164917,0.13608431816101074,0.3791137933731079,0.429894357919693
step9000,512,1024,2,19211, cabinet,33,5,109,0.06085098534822464,0.16843754053115845,0.1963459849357605,0.1592569649219513,0.4408285319805145,0.5138694643974304
step9000,512,1024,2,19211, cabinet,33,5,110,0.07683632522821426,0.20965179800987244,0.24745666980743408,0.20109319686889648,0.5486930012702942,0.6476345062255859
step9000,512,1024,2,19211, cabinet,33,5,111,0.09405030310153961,0.2579108774662018,0.30495956540107727,0.24614499509334564,0.6749948263168335,0.7981289625167847
step9000,512,1024,2,19211, cabinet,33,5,112,0.11289547383785248,0.30576291680336,0.36182937026023865,0.295465886592865,0.8002314567565918,0.9469665288925171
step9000,512,1024,2,19211, cabinet,33,5,113,0.12931716442108154,0.35226568579673767,0.4138650596141815,0.3384441137313843,0.9219367504119873,1.083152413368225
step9000,512,1024,2,19211, cabinet,33,5,114,0.14482203125953674,0.39255717396736145,0.45832377672195435,0.37902289628982544,1.0273863077163696,1.1995080709457397
step9000,512,1024,2,19211, cabinet,33,5,115,0.1572350710630417,0.42625367641448975,0.4933850169181824,0.41150984168052673,1.1155754327774048,1.291269063949585
step9000,512,1024,2,19211, cabinet,33,5,116,0.16714954376220703,0.4510824680328369,0.5179533362388611,0.4374576210975647,1.1805564165115356,1.3555684089660645
step9000,512,1024,2,19211, cabinet,33,5,117,0.17364689707756042,0.46950244903564453,0.5315612554550171,0.4544622600078583,1.228764533996582,1.391182541847229
step9000,512,1024,2,19211, cabinet,33,5,118,0.17844901978969574,0.47781291604042053,0.5409128069877625,0.46703019738197327,1.2505143880844116,1.4156570434570312
step9000,512,1024,2,19211, cabinet,33,5,119,0.17691722512245178,0.47612741589546204,0.5401957631111145,0.46302124857902527,1.2461031675338745,1.4137804508209229
step9000,512,1024,2,19211, cabinet,33,5,120,0.1733957678079605,0.46431446075439453,0.5302069187164307,0.45380502939224243,1.2151867151260376,1.387637972831726
step9000,512,1024,2,19211, cabinet,33,5,121,0.16802549362182617,0.4481176435947418,0.5093156099319458,0.43975013494491577,1.1727969646453857,1.3329620361328125
step9000,512,1024,2,19211, cabinet,33,5,122,0.157335102558136,0.4217640161514282,0.47897931933403015,0.41177162528038025,1.1038252115249634,1.253567099571228
step9000,512,1024,2,19211, cabinet,33,5,123,0.14464682340621948,0.38595107197761536,0.44154423475265503,0.37856432795524597,1.0100969076156616,1.1555932760238647
step9000,512,1024,2,19211, cabinet,33,5,124,0.13058459758758545,0.3459855318069458,0.39668017625808716,0.34176120162010193,0.905500590801239,1.0381767749786377
step9000,512,1024,2,19211, cabinet,33,5,125,0.11445493996143341,0.30351749062538147,0.34672340750694275,0.2995472550392151,0.7943547964096069,0.9074317216873169
step9000,512,1024,2,19211, cabinet,33,5,126,0.09765651822090149,0.25824153423309326,0.2948257327079773,0.2555830478668213,0.6758602261543274,0.7716070413589478
step9000,512,1024,2,19211, cabinet,33,5,127,0.08167295902967453,0.21419252455234528,0.24542586505413055,0.21375146508216858,0.5605767965316772,0.6423195600509644
step9000,512,1024,2,19211, cabinet,33,5,128,0.06832258403301239,0.18122711777687073,0.2052529752254486,0.17881135642528534,0.47430092096328735,0.5371805429458618
step9000,512,1024,3,6574, miles,404,7,1,0.00804070383310318,0.02930312044918537,0.03518747538328171,0.06327825784683228,0.23060797154903412,0.2769163250923157
step9000,512,1024,3,6574, miles,404,7,2,0.016084272414445877,0.05799078196287155,0.069567009806633,0.12657906115055084,0.4563724398612976,0.5474743843078613
step9000,512,1024,3,6574, miles,404,7,3,0.023444712162017822,0.0851956233382225,0.10259555280208588,0.18450382351875305,0.6704674959182739,0.8074004650115967
step9000,512,1024,3,6574, miles,404,7,4,0.0308133065700531,0.11039465665817261,0.13326136767864227,0.24249275028705597,0.8687773942947388,1.0487325191497803
step9000,512,1024,3,6574, miles,404,7,5,0.03687070682644844,0.13362136483192444,0.16135041415691376,0.29016292095184326,1.0515655279159546,1.26978600025177
step9000,512,1024,3,6574, miles,404,7,6,0.04294705018401146,0.15274585783481598,0.18570365011692047,0.337982177734375,1.2020703554153442,1.461439609527588
step9000,512,1024,3,6574, miles,404,7,7,0.04718853905797005,0.17044323682785034,0.2064903974533081,0.3713615834712982,1.3413441181182861,1.625025987625122
step9000,512,1024,3,6574, miles,404,7,8,0.05146558955311775,0.1828816682100296,0.22245724499225616,0.4050208628177643,1.4392313957214355,1.750680923461914
step9000,512,1024,3,6574, miles,404,7,9,0.05352843180298805,0.19260215759277344,0.234204962849617,0.4212549030780792,1.5157291889190674,1.843132495880127
step9000,512,1024,3,6574, miles,404,7,10,0.05565044283866882,0.1974463164806366,0.23997379839420319,0.4379545748233795,1.5538513660430908,1.8885316848754883
step9000,512,1024,3,6574, miles,404,7,11,0.05536278709769249,0.19682562351226807,0.23961375653743744,0.43569082021713257,1.548966646194458,1.8856981992721558
step9000,512,1024,3,6574, miles,404,7,12,0.055150240659713745,0.194437637925148,0.23328319191932678,0.4340181350708008,1.530173897743225,1.8358783721923828
step9000,512,1024,3,6574, miles,404,7,13,0.05255085602402687,0.18641990423202515,0.22143101692199707,0.4135616421699524,1.4670764207839966,1.7426048517227173
step9000,512,1024,3,6574, miles,404,7,14,0.05001462250947952,0.1754952073097229,0.2047349214553833,0.3936021327972412,1.3811018466949463,1.611210823059082
step9000,512,1024,3,6574, miles,404,7,15,0.0453205443918705,0.1602279543876648,0.18587948381900787,0.35666096210479736,1.2609524726867676,1.4628233909606934
step9000,512,1024,3,6574, miles,404,7,16,0.04062824323773384,0.1420084536075592,0.16469039022922516,0.31973376870155334,1.1175698041915894,1.2960706949234009
step9000,512,1024,3,6574, miles,404,7,17,0.034234002232551575,0.12089123576879501,0.14027738571166992,0.26941272616386414,0.9513826966285706,1.1039466857910156
step9000,512,1024,3,6574, miles,404,7,18,0.027733823284506798,0.09672339260578156,0.11258389055728912,0.21825800836086273,0.7611880898475647,0.8860060572624207
step9000,512,1024,3,6574, miles,404,7,19,0.020410489290952682,0.07081040740013123,0.08309256285429001,0.16062526404857635,0.5572596192359924,0.6539169549942017
step9000,512,1024,3,6574, miles,404,7,20,0.01276736706495285,0.044329769909381866,0.05205114930868149,0.10047587752342224,0.348863810300827,0.40962907671928406
step9000,512,1024,3,6574, miles,404,7,21,0.005415534600615501,0.019069978967308998,0.02211063727736473,0.04261885583400726,0.15007580816745758,0.17400498688220978
step9000,512,1024,3,6574, miles,404,7,22,0.005090243183076382,0.01751273311674595,0.02111462689936161,0.04005889594554901,0.13782067596912384,0.16616664826869965
step9000,512,1024,3,6574, miles,404,7,23,0.01230168342590332,0.04212309792637825,0.050635453313589096,0.09681106358766556,0.33149784803390503,0.39848792552948
step9000,512,1024,3,6574, miles,404,7,24,0.019830983132123947,0.0679539144039154,0.08165230602025986,0.1560647040605545,0.5347797274589539,0.6425825357437134
step9000,512,1024,3,6574, miles,404,7,25,0.02704530768096447,0.09295152872800827,0.11156003177165985,0.21283957362174988,0.7315044403076172,0.8779485821723938
step9000,512,1024,3,6574, miles,404,7,26,0.03394947201013565,0.11566376686096191,0.1392410397529602,0.26717355847358704,0.9102438688278198,1.095790982246399
step9000,512,1024,3,6574, miles,404,7,27,0.03970278427004814,0.13596808910369873,0.16378577053546906,0.312450647354126,1.0700336694717407,1.2889516353607178
step9000,512,1024,3,6574, miles,404,7,28,0.04533188417553902,0.15371355414390564,0.18541188538074493,0.3567501902580261,1.2096858024597168,1.4591435194015503
step9000,512,1024,3,6574, miles,404,7,29,0.04917023703455925,0.1677354872226715,0.20249493420124054,0.386957049369812,1.3200348615646362,1.5935827493667603
step9000,512,1024,3,6574, miles,404,7,30,0.052951961755752563,0.1774856597185135,0.21607723832130432,0.4167182445526123,1.396766185760498,1.7004719972610474
step9000,512,1024,3,6574, miles,404,7,31,0.054535575211048126,0.18549862504005432,0.22445575892925262,0.4291808605194092,1.459826111793518,1.7664086818695068
step9000,512,1024,3,6574, miles,404,7,32,0.05615515634417534,0.18725718557834625,0.22723402082920074,0.4419265389442444,1.4736655950546265,1.7882729768753052
step9000,512,1024,3,6574, miles,404,7,33,0.055348027497529984,0.18817245960235596,0.22440287470817566,0.43557465076446533,1.4808685779571533,1.765992522239685
step9000,512,1024,3,6574, miles,404,7,34,0.05463646352291107,0.18163327872753143,0.21622329950332642,0.42997482419013977,1.4294068813323975,1.701621413230896
step9000,512,1024,3,6574, miles,404,7,35,0.05157986283302307,0.17225158214569092,0.2031916230916977,0.4059201776981354,1.3555753231048584,1.5990655422210693
step9000,512,1024,3,6574, miles,404,7,36,0.04840950295329094,0.16084708273410797,0.1859789788722992,0.3809702694416046,1.2658249139785767,1.4636064767837524
step9000,512,1024,3,6574, miles,404,7,37,0.04348861053586006,0.14460024237632751,0.1672755777835846,0.34224411845207214,1.137966513633728,1.316415548324585
step9000,512,1024,3,6574, miles,404,7,38,0.038083791732788086,0.12608106434345245,0.14599673449993134,0.29970958828926086,0.9922253489494324,1.148956537246704
step9000,512,1024,3,6574, miles,404,7,39,0.03192180022597313,0.10598179697990417,0.12204425781965256,0.2512162923812866,0.8340493440628052,0.9604567289352417
step9000,512,1024,3,6574, miles,404,7,40,0.024898646399378777,0.08254499733448029,0.09565192461013794,0.19594590365886688,0.64960777759552,0.752755880355835
step9000,512,1024,3,6574, miles,404,7,41,0.017681976780295372,0.05873623490333557,0.06807886809110641,0.13915258646011353,0.46223893761634827,0.5357630848884583
step9000,512,1024,3,6574, miles,404,7,42,0.010909294709563255,0.03604687750339508,0.04155578836798668,0.08585332334041595,0.2836796045303345,0.32703331112861633
step9000,512,1024,3,6574, miles,404,7,43,0.006737431511282921,0.022265218198299408,0.026631571352481842,0.05302184075117111,0.1752215027809143,0.209583580493927
step9000,512,1024,3,6574, miles,404,7,44,0.010184148326516151,0.03304791823029518,0.03971299156546593,0.08014661073684692,0.2600785791873932,0.3125309646129608
step9000,512,1024,3,6574, miles,404,7,45,0.01688341051340103,0.054950810968875885,0.0658189058303833,0.13286806643009186,0.4324486553668976,0.517977774143219
step9000,512,1024,3,6574, miles,404,7,46,0.024044418707489967,0.07797689735889435,0.09343055635690689,0.18922334909439087,0.6136579513549805,0.7352743148803711
step9000,512,1024,3,6574, miles,404,7,47,0.0310090072453022,0.09993478655815125,0.11994516104459763,0.2440328598022461,0.7864608764648438,0.943937361240387
step9000,512,1024,3,6574, miles,404,7,48,0.03727166727185249,0.12033740431070328,0.1442396491765976,0.29331836104393005,0.9470242261886597,1.1351287364959717
step9000,512,1024,3,6574, miles,404,7,49,0.04273826628923416,0.13835595548152924,0.16611920297145844,0.3363390862941742,1.0888255834579468,1.3073151111602783
step9000,512,1024,3,6574, miles,404,7,50,0.0477784126996994,0.15307413041591644,0.18422023952007294,0.3760037422180176,1.2046537399291992,1.4497655630111694
step9000,512,1024,3,6574, miles,404,7,51,0.05116921663284302,0.16534601151943207,0.1988399475812912,0.40268850326538086,1.3012301921844482,1.5648189783096313
step9000,512,1024,3,6574, miles,404,7,52,0.05444558337330818,0.1733533889055252,0.20927263796329498,0.428472638130188,1.3642462491989136,1.6469215154647827
step9000,512,1024,3,6574, miles,404,7,53,0.055522575974464417,0.177160382270813,0.21466782689094543,0.436948299407959,1.3942064046859741,1.6893802881240845
step9000,512,1024,3,6574, miles,404,7,54,0.056641191244125366,0.17884179949760437,0.21488571166992188,0.44575151801109314,1.4074386358261108,1.691094994544983
step9000,512,1024,3,6574, miles,404,7,55,0.05533883720636368,0.17644014954566956,0.21002772450447083,0.4355023205280304,1.3885383605957031,1.65286386013031
step9000,512,1024,3,6574, miles,404,7,56,0.05403484031558037,0.16942724585533142,0.20042617619037628,0.4252402186393738,1.3333485126495361,1.577302098274231
step9000,512,1024,3,6574, miles,404,7,57,0.05061519891023636,0.1611519604921341,0.1866035759449005,0.3983285129070282,1.2682242393493652,1.4685218334197998
step9000,512,1024,3,6574, miles,404,7,58,0.046748511493206024,0.14711405336856842,0.1692178100347519,0.3678986728191376,1.1577495336532593,1.331700325012207
step9000,512,1024,3,6574, miles,404,7,59,0.041871678084135056,0.13094286620616913,0.15072214603424072,0.32951927185058594,1.0304864645004272,1.186144232749939
step9000,512,1024,3,6574, miles,404,7,60,0.03581428900361061,0.11299148947000504,0.1296943724155426,0.2818491756916046,0.8892138004302979,1.0206611156463623
step9000,512,1024,3,6574, miles,404,7,61,0.029528766870498657,0.09293405711650848,0.10675812512636185,0.23238375782966614,0.7313669919967651,0.8401588201522827
step9000,512,1024,3,6574, miles,404,7,62,0.022856444120407104,0.07173372805118561,0.08241008222103119,0.17987430095672607,0.564525842666626,0.648546040058136
step9000,512,1024,3,6574, miles,404,7,63,0.01614767126739025,0.05105230584740639,0.058484844863414764,0.12707799673080444,0.40176844596862793,0.4602605998516083
step9000,512,1024,3,6574, miles,404,7,64,0.011183580383658409,0.035044748336076736,0.040625933557748795,0.08801188319921494,0.2757931053638458,0.31971558928489685
step9000,512,1024,3,6574, miles,404,7,65,0.010686788707971573,0.03298087418079376,0.03977949917316437,0.08410225808620453,0.25955092906951904,0.3130543529987335
step9000,512,1024,3,6574, miles,404,7,66,0.015288122929632664,0.04697723314166069,0.05607295408844948,0.12031356990337372,0.3696986436843872,0.44127964973449707
step9000,512,1024,3,6574, miles,404,7,67,0.021721189841628075,0.06616365909576416,0.07930929958820343,0.17094014585018158,0.52069091796875,0.624143660068512
step9000,512,1024,3,6574, miles,404,7,68,0.028482988476753235,0.08658383786678314,0.10371264815330505,0.22415374219417572,0.6813924312591553,0.8161916732788086
step9000,512,1024,3,6574, miles,404,7,69,0.03498004376888275,0.10653429478406906,0.12722107768058777,0.27528390288352966,0.8383973240852356,1.0011969804763794
step9000,512,1024,3,6574, miles,404,7,70,0.04066029563546181,0.12443579733371735,0.14877377450466156,0.3199860155582428,0.9792775511741638,1.1708110570907593
step9000,512,1024,3,6574, miles,404,7,71,0.045809339731931686,0.13948951661586761,0.16733594238758087,0.36050763726234436,1.0977463722229004,1.3168905973434448
step9000,512,1024,3,6574, miles,404,7,72,0.05030276998877525,0.15233762562274933,0.1826716512441635,0.39586979150772095,1.1988576650619507,1.4375786781311035
step9000,512,1024,3,6574, miles,404,7,73,0.05313584953546524,0.16219334304332733,0.19463813304901123,0.418165385723114,1.2764196395874023,1.5317517518997192
step9000,512,1024,3,6574, miles,404,7,74,0.0559113472700119,0.16778559982776642,0.20215193927288055,0.4400078356266022,1.3204292058944702,1.590883493423462
step9000,512,1024,3,6574, miles,404,7,75,0.056469958275556564,0.17151501774787903,0.204963818192482,0.4444039463996887,1.3497787714004517,1.6130121946334839
step9000,512,1024,3,6574, miles,404,7,76,0.05712840333580971,0.1703331619501114,0.20304282009601593,0.4495857357978821,1.3404778242111206,1.5978944301605225
step9000,512,1024,3,6574, miles,404,7,77,0.055304110050201416,0.16572421789169312,0.19657616317272186,0.43522903323173523,1.3042067289352417,1.5470035076141357
step9000,512,1024,3,6574, miles,404,7,78,0.05331899970769882,0.1587226837873459,0.18594560027122498,0.4196067154407501,1.2491064071655273,1.4633437395095825
step9000,512,1024,3,6574, miles,404,7,79,0.049788277596235275,0.14868663251399994,0.17168910801410675,0.39182084798812866,1.1701252460479736,1.3511488437652588
step9000,512,1024,3,6574, miles,404,7,80,0.045136936008930206,0.1343545913696289,0.15445825457572937,0.35521599650382996,1.0573358535766602,1.2155464887619019
step9000,512,1024,3,6574, miles,404,7,81,0.04015253484249115,0.11909496784210205,0.13626007735729218,0.31599006056785583,0.9372466206550598,1.0723315477371216
step9000,512,1024,3,6574, miles,404,7,82,0.034338824450969696,0.10204313695430756,0.1160198301076889,0.27023765444755554,0.803053081035614,0.9130460619926453
step9000,512,1024,3,6574, miles,404,7,83,0.02793135866522789,0.08321434259414673,0.09453054517507553,0.2198125571012497,0.6548753380775452,0.7439309358596802
step9000,512,1024,3,6574, miles,404,7,84,0.021689828485250473,0.06434224545955658,0.07320950925350189,0.17069333791732788,0.5063568353652954,0.5761398673057556
step9000,512,1024,3,6574, miles,404,7,85,0.01629415899515152,0.047988615930080414,0.05523233860731125,0.12823081016540527,0.3776579797267914,0.43466421961784363
step9000,512,1024,3,6574, miles,404,7,86,0.013493466190993786,0.039875470101833344,0.047520119696855545,0.10619008541107178,0.3138096034526825,0.37397104501724243
step9000,512,1024,3,6574, miles,404,7,87,0.015200639143586159,0.04485980421304703,0.05355324223637581,0.11962509900331497,0.353035032749176,0.4214501678943634
step9000,512,1024,3,6574, miles,404,7,88,0.020393945276737213,0.05909864604473114,0.07030767947435379,0.1604950726032257,0.4650910496711731,0.5533032417297363
step9000,512,1024,3,6574, miles,404,7,89,0.026602357625961304,0.07684878259897232,0.09125611931085587,0.20935367047786713,0.6047800779342651,0.7181620597839355
step9000,512,1024,3,6574, miles,404,7,90,0.03298871964216232,0.09496190398931503,0.11290718615055084,0.25961267948150635,0.747325599193573,0.888550341129303
step9000,512,1024,3,6574, miles,404,7,91,0.038894250988960266,0.11244457960128784,0.13353551924228668,0.3060877025127411,0.8849097490310669,1.0508899688720703
step9000,512,1024,3,6574, miles,404,7,92,0.044129662215709686,0.1268388330936432,0.15201272070407867,0.3472890257835388,0.9981887936592102,1.196300745010376
step9000,512,1024,3,6574, miles,404,7,93,0.048880014568567276,0.14043931663036346,0.16773048043251038,0.3846730589866638,1.1052210330963135,1.3199955224990845
step9000,512,1024,3,6574, miles,404,7,94,0.05275871232151985,0.151507169008255,0.1807369589805603,0.4151974022388458,1.1923222541809082,1.4223531484603882
step9000,512,1024,3,6574, miles,404,7,95,0.0551149919629097,0.15836754441261292,0.18988309800624847,0.4337407350540161,1.2463116645812988,1.494330883026123
step9000,512,1024,3,6574, miles,404,7,96,0.05740433931350708,0.16301031410694122,0.19483138620853424,0.4517572820186615,1.2828489542007446,1.533272624015808
step9000,512,1024,3,6574, miles,404,7,97,0.0574306845664978,0.16435860097408295,0.1954413801431656,0.4519646167755127,1.2934596538543701,1.5380730628967285
step9000,512,1024,3,6574, miles,404,7,98,0.05756038799881935,0.16189777851104736,0.19177347421646118,0.45298534631729126,1.274093747138977,1.5092076063156128
step9000,512,1024,3,6574, miles,404,7,99,0.05534202978014946,0.15708324313163757,0.18407921493053436,0.4355274438858032,1.2362045049667358,1.4486557245254517
step9000,512,1024,3,6574, miles,404,7,100,0.05261513590812683,0.14891166985034943,0.1727757304906845,0.41406750679016113,1.1718963384628296,1.359700322151184
step9000,512,1024,3,6574, miles,404,7,101,0.04907684773206711,0.13765668869018555,0.15841439366340637,0.38622209429740906,1.083322525024414,1.2466802597045898
step9000,512,1024,3,6574, miles,404,7,102,0.04411320015788078,0.12394724041223526,0.14164918661117554,0.3471594750881195,0.9754326939582825,1.114742398262024
step9000,512,1024,3,6574, miles,404,7,103,0.03852222487330437,0.10889669507741928,0.12391778826713562,0.3031599521636963,0.856988787651062,0.9752009510993958
step9000,512,1024,3,6574, miles,404,7,104,0.032772790640592575,0.09245406091213226,0.10507091879844666,0.25791338086128235,0.7275895476341248,0.826880931854248
step9000,512,1024,3,6574, miles,404,7,105,0.026768773794174194,0.07563554495573044,0.08593355864286423,0.2106633186340332,0.5952321887016296,0.6762748956680298
step9000,512,1024,3,6574, miles,404,7,106,0.02156692184507847,0.06021502614021301,0.0688411295413971,0.16972608864307404,0.4738766551017761,0.5417618751525879
step9000,512,1024,3,6574, miles,404,7,107,0.017773086205124855,0.04965502768754959,0.058109983801841736,0.1398695856332779,0.3907722234725952,0.4573105275630951
step9000,512,1024,3,6574, miles,404,7,108,0.01738196425139904,0.047859419137239456,0.05710190534591675,0.13679155707359314,0.37664124369621277,0.4493772089481354
step9000,512,1024,3,6574, miles,404,7,109,0.02026253007352352,0.056024160236120224,0.06636243313550949,0.1594608724117279,0.4408956468105316,0.5222551822662354
step9000,512,1024,3,6574, miles,404,7,110,0.0255189910531044,0.07008693367242813,0.08258271962404251,0.20082785189151764,0.5515660047531128,0.6499046087265015
step9000,512,1024,3,6574, miles,404,7,111,0.0314502976834774,0.08587924391031265,0.1014794409275055,0.24750570952892303,0.6758474111557007,0.7986169457435608
step9000,512,1024,3,6574, miles,404,7,112,0.03740289434790611,0.1022779792547226,0.12056561559438705,0.29435110092163086,0.8049012422561646,0.948820173740387
step9000,512,1024,3,6574, miles,404,7,113,0.042778074741363525,0.11815288662910461,0.13841958343982697,0.33665236830711365,0.9298326373100281,1.08932626247406
step9000,512,1024,3,6574, miles,404,7,114,0.047584742307662964,0.13126547634601593,0.1541728526353836,0.37447962164878845,1.0330253839492798,1.2133004665374756
step9000,512,1024,3,6574, miles,404,7,115,0.051897868514060974,0.14134079217910767,0.1677538901567459,0.4084227979183197,1.1123155355453491,1.3201797008514404
step9000,512,1024,3,6574, miles,404,7,116,0.05521293357014656,0.1495637148618698,0.17807544767856598,0.4345115125179291,1.177027702331543,1.4014077186584473
step9000,512,1024,3,6574, miles,404,7,117,0.057063084095716476,0.15507759153842926,0.18472225964069366,0.4490717053413391,1.220420479774475,1.4537163972854614
step9000,512,1024,3,6574, miles,404,7,118,0.05889783054590225,0.158538356423378,0.18745891749858856,0.4635106921195984,1.2476558685302734,1.4752532243728638
step9000,512,1024,3,6574, miles,404,7,119,0.058406244963407516,0.15728247165679932,0.18623799085617065,0.4596420228481293,1.2377723455429077,1.4656448364257812
step9000,512,1024,3,6574, miles,404,7,120,0.05781306326389313,0.1539659947156906,0.18118934333324432,0.45497384667396545,1.2116725444793701,1.4259132146835327
step9000,512,1024,3,6574, miles,404,7,121,0.05549177899956703,0.148446723818779,0.172616109251976,0.43670594692230225,1.168237328529358,1.358444094657898
step9000,512,1024,3,6574, miles,404,7,122,0.0519103966653347,0.13925068080425262,0.16096407175064087,0.4085213840007782,1.0958667993545532,1.2667455673217773
step9000,512,1024,3,6574, miles,404,7,123,0.048062317073345184,0.12785014510154724,0.14680039882659912,0.3782379925251007,1.0061476230621338,1.1552811861038208
step9000,512,1024,3,6574, miles,404,7,124,0.04338373616337776,0.11498196423053741,0.13080021739006042,0.3414187729358673,0.9048783183097839,1.0293638706207275
step9000,512,1024,3,6574, miles,404,7,125,0.03787098452448845,0.1005440428853035,0.11376520246267319,0.2980348467826843,0.7912555932998657,0.8953027129173279
step9000,512,1024,3,6574, miles,404,7,126,0.03229130432009697,0.08549667149782181,0.09671628475189209,0.2541241943836212,0.6728367209434509,0.7611321210861206
step9000,512,1024,3,6574, miles,404,7,127,0.02687479928135872,0.07116919755935669,0.08111745119094849,0.2114977091550827,0.5600832104682922,0.6383733749389648
step9000,512,1024,3,6574, miles,404,7,128,0.02263922244310379,0.059789497405290604,0.06920605152845383,0.17816482484340668,0.47052785754203796,0.544633686542511
step29000,512,1024,0,21825, clones,2,0,1,2.8131959438323975,3.846759557723999,3.9039723873138428,0.09595998376607895,0.13121552765369415,0.1331670880317688
step29000,512,1024,0,21825, clones,2,0,2,5.590450286865234,7.618137836456299,7.717116832733154,0.19069397449493408,0.25985974073410034,0.26323598623275757
step29000,512,1024,0,21825, clones,2,0,3,8.292095184326172,11.206650733947754,11.35600757598877,0.28284886479377747,0.3822663128376007,0.38736096024513245
step29000,512,1024,0,21825, clones,2,0,4,10.88234806060791,14.58497428894043,14.750529289245605,0.37120410799980164,0.4975031614303589,0.5031503438949585
step29000,512,1024,0,21825, clones,2,0,5,13.332544326782227,17.6536865234375,17.846393585205078,0.4547819495201111,0.6021789908409119,0.6087523102760315
step29000,512,1024,0,21825, clones,2,0,6,15.633012771606445,20.410551071166992,20.606767654418945,0.5332524180412292,0.69621741771698,0.7029105424880981
step29000,512,1024,0,21825, clones,2,0,7,17.741300582885742,22.81806182861328,23.01110076904297,0.60516756772995,0.7783392071723938,0.7849239110946655
step29000,512,1024,0,21825, clones,2,0,8,19.669578552246094,24.86920738220215,25.052021026611328,0.6709423661231995,0.8483051657676697,0.8545410633087158
step29000,512,1024,0,21825, clones,2,0,9,21.380573272705078,26.580917358398438,26.73296356201172,0.7293055653572083,0.9066927433013916,0.9118791222572327
step29000,512,1024,0,21825, clones,2,0,10,22.922420501708984,27.921384811401367,28.064462661743164,0.7818989753723145,0.9524169564247131,0.9572974443435669
step29000,512,1024,0,21825, clones,2,0,11,24.2414608001709,28.945533752441406,29.062332153320312,0.8268923163414001,0.9873514175415039,0.9913354516029358
step29000,512,1024,0,21825, clones,2,0,12,25.359346389770508,29.635604858398438,29.74542999267578,0.8650241494178772,1.0108901262283325,1.0146363973617554
step29000,512,1024,0,21825, clones,2,0,13,26.315811157226562,30.0500431060791,30.13525390625,0.8976497650146484,1.0250269174575806,1.0279334783554077
step29000,512,1024,0,21825, clones,2,0,14,27.253372192382812,30.1820011138916,30.25387954711914,0.9296306371688843,1.0295281410217285,1.0319799184799194
step29000,512,1024,0,21825, clones,2,0,15,27.999860763549805,30.068527221679688,30.12496566772461,0.9550938606262207,1.0256574153900146,1.0275825262069702
step29000,512,1024,0,21825, clones,2,0,16,28.48431968688965,29.734018325805664,29.773435592651367,0.9716190695762634,1.014247179031372,1.0155916213989258
step29000,512,1024,0,21825, clones,2,0,17,28.548425674438477,29.58154296875,29.625144958496094,0.9738057255744934,1.0090460777282715,1.010533332824707
step29000,512,1024,0,21825, clones,2,0,18,28.19009780883789,29.978342056274414,30.039621353149414,0.9615829586982727,1.0225812196731567,1.0246714353561401
step29000,512,1024,0,21825, clones,2,0,19,27.495107650756836,30.16703224182129,30.239431381225586,0.9378764033317566,1.0290175676345825,1.0314871072769165
step29000,512,1024,0,21825, clones,2,0,20,26.61585807800293,30.10935401916504,30.199323654174805,0.9078845977783203,1.0270500183105469,1.0301189422607422
step29000,512,1024,0,21825, clones,2,0,21,25.649993896484375,29.776695251464844,29.895177841186523,0.8749383091926575,1.0157028436660767,1.0197443962097168
step29000,512,1024,0,21825, clones,2,0,22,24.576377868652344,29.177593231201172,29.30422019958496,0.8383165597915649,0.9952670335769653,0.9995864033699036
step29000,512,1024,0,21825, clones,2,0,23,23.31612205505371,28.259828567504883,28.405044555664062,0.7953283786773682,0.9639615416526794,0.9689149260520935
step29000,512,1024,0,21825, clones,2,0,24,21.84575843811035,27.014558792114258,27.177658081054688,0.7451733350753784,0.9214845895767212,0.9270479679107666
step29000,512,1024,0,21825, clones,2,0,25,20.176481246948242,25.42754364013672,25.605365753173828,0.6882331967353821,0.8673503994941711,0.873416006565094
step29000,512,1024,0,21825, clones,2,0,26,18.330528259277344,23.48369789123535,23.675567626953125,0.6252664923667908,0.8010445237159729,0.8075893521308899
step29000,512,1024,0,21825, clones,2,0,27,16.267757415771484,21.18597412109375,21.382570266723633,0.5549039840698242,0.7226676344871521,0.7293736934661865
step29000,512,1024,0,21825, clones,2,0,28,14.038166046142578,18.5411434173584,18.729793548583984,0.47885116934776306,0.6324507594108582,0.6388856768608093
step29000,512,1024,0,21825, clones,2,0,29,11.626931190490723,15.555418014526367,15.733447074890137,0.3966023325920105,0.5306056141853333,0.5366783142089844
step29000,512,1024,0,21825, clones,2,0,30,9.081557273864746,12.270535469055176,12.425588607788086,0.3097779452800751,0.4185561239719391,0.4238450825214386
step29000,512,1024,0,21825, clones,2,0,31,6.416924476623535,8.736124992370605,8.85510540008545,0.21888555586338043,0.297995001077652,0.3020535111427307
step29000,512,1024,0,21825, clones,2,0,32,3.66756272315979,5.0190839767456055,5.086989402770996,0.12510299682617188,0.17120428383350372,0.17352057993412018
step29000,512,1024,0,21825, clones,2,0,33,0.8635256886482239,1.184029221534729,1.2013829946517944,0.029455434530973434,0.04038802534341812,0.04097997024655342
step29000,512,1024,0,21825, clones,2,0,34,1.9533873796463013,2.6754310131073,2.712373971939087,0.06663133949041367,0.09126072376966476,0.09252087771892548
step29000,512,1024,0,21825, clones,2,0,35,4.741863250732422,6.472569942474365,6.5627360343933105,0.16174811124801636,0.22078366577625275,0.2238592803478241
step29000,512,1024,0,21825, clones,2,0,36,7.474456310272217,10.134711265563965,10.263226509094238,0.2549586594104767,0.3457017242908478,0.35008546710014343
step29000,512,1024,0,21825, clones,2,0,37,10.100299835205078,13.581974029541016,13.739267349243164,0.344527930021286,0.46329018473625183,0.468655526638031
step29000,512,1024,0,21825, clones,2,0,38,12.600160598754883,16.75324821472168,16.931320190429688,0.4297998547554016,0.571464478969574,0.5775385499000549
step29000,512,1024,0,21825, clones,2,0,39,14.939224243164062,19.608673095703125,19.797513961791992,0.5095868706703186,0.6688648462295532,0.6753063201904297
step29000,512,1024,0,21825, clones,2,0,40,17.116580963134766,22.12748146057129,22.31209945678711,0.5838579535484314,0.7547830939292908,0.7610805034637451
step29000,512,1024,0,21825, clones,2,0,41,19.09294891357422,24.29131317138672,24.464746475219727,0.6512731909751892,0.828592836856842,0.8345087170600891
step29000,512,1024,0,21825, clones,2,0,42,20.89164161682129,26.09591293334961,26.255401611328125,0.7126277685165405,0.8901488780975342,0.8955891728401184
step29000,512,1024,0,21825, clones,2,0,43,22.465648651123047,27.54932975769043,27.692546844482422,0.7663182020187378,0.9397259950637817,0.944611132144928
step29000,512,1024,0,21825, clones,2,0,44,23.847261428833008,28.664827346801758,28.7907657623291,0.8134459257125854,0.977776288986206,0.982072114944458
step29000,512,1024,0,21825, clones,2,0,45,25.03093719482422,29.45100212097168,29.568273544311523,0.853821873664856,1.0045932531356812,1.0085934400558472
step29000,512,1024,0,21825, clones,2,0,46,26.013877868652344,29.956008911132812,30.045434951782227,0.8873506188392639,1.0218193531036377,1.024869680404663
step29000,512,1024,0,21825, clones,2,0,47,26.97966957092285,30.16343879699707,30.24480438232422,0.920294463634491,1.0288949012756348,1.031670331954956
step29000,512,1024,0,21825, clones,2,0,48,27.802343368530273,30.12974739074707,30.1893310546875,0.9483563899993896,1.0277457237243652,1.0297781229019165
step29000,512,1024,0,21825, clones,2,0,49,28.37901496887207,29.857784271240234,29.903366088867188,0.9680270552635193,1.0184688568115234,1.0200237035751343
step29000,512,1024,0,21825, clones,2,0,50,28.5736141204834,29.4173641204834,29.459186553955078,0.9746649265289307,1.0034458637237549,1.004872441291809
step29000,512,1024,0,21825, clones,2,0,51,28.331464767456055,29.88035774230957,29.934139251708984,0.9664050936698914,1.019238829612732,1.021073341369629
step29000,512,1024,0,21825, clones,2,0,52,27.7314510345459,30.13426399230957,30.202531814575195,0.945938229560852,1.0278997421264648,1.0302283763885498
step29000,512,1024,0,21825, clones,2,0,53,26.901723861694336,30.149534225463867,30.238605499267578,0.9176356792449951,1.0284205675125122,1.031458854675293
step29000,512,1024,0,21825, clones,2,0,54,25.939077377319336,29.909671783447266,30.017946243286133,0.8847991228103638,1.0202387571334839,1.0239320993423462
step29000,512,1024,0,21825, clones,2,0,55,24.922080993652344,29.394916534423828,29.517133712768555,0.8501087427139282,1.0026801824569702,1.0068490505218506
step29000,512,1024,0,21825, clones,2,0,56,23.723337173461914,28.57341766357422,28.71462631225586,0.8092187643051147,0.9746582508087158,0.9794749617576599
step29000,512,1024,0,21825, clones,2,0,57,22.315519332885742,27.433029174804688,27.589914321899414,0.7611972093582153,0.9357588291168213,0.9411103129386902
step29000,512,1024,0,21825, clones,2,0,58,20.71673011779785,25.948223114013672,26.12520980834961,0.7066614031791687,0.8851111531257629,0.8911482691764832
step29000,512,1024,0,21825, clones,2,0,59,18.914384841918945,24.113901138305664,24.3060359954834,0.6451822519302368,0.8225411772727966,0.8290950059890747
step29000,512,1024,0,21825, clones,2,0,60,16.9140567779541,21.921815872192383,22.124391555786133,0.5769497156143188,0.7477676868438721,0.7546777129173279
step29000,512,1024,0,21825, clones,2,0,61,14.729025840759277,19.377378463745117,19.580625534057617,0.5024168491363525,0.6609752178192139,0.6679081320762634
step29000,512,1024,0,21825, clones,2,0,62,12.376322746276855,16.495708465576172,16.68708038330078,0.42216458916664124,0.5626795887947083,0.5692073702812195
step29000,512,1024,0,21825, clones,2,0,63,9.874110221862793,13.301252365112305,13.470569610595703,0.33681246638298035,0.4537145495414734,0.4594900608062744
step29000,512,1024,0,21825, clones,2,0,64,7.242912769317627,9.842430114746094,9.974373817443848,0.24706056714057922,0.3357318043708801,0.3402325212955475
step29000,512,1024,0,21825, clones,2,0,65,4.5135817527771,6.171535015106201,6.258795738220215,0.15396127104759216,0.21051517128944397,0.21349167823791504
step29000,512,1024,0,21825, clones,2,0,66,1.726012110710144,2.365589141845703,2.400041103363037,0.058875419199466705,0.08069182187318802,0.08186699450016022
step29000,512,1024,0,21825, clones,2,0,67,1.0894159078598022,1.4934053421020508,1.514851450920105,0.03716069832444191,0.050941046327352524,0.05167258903384209
step29000,512,1024,0,21825, clones,2,0,68,3.8916594982147217,5.318008899688721,5.3940958976745605,0.132747083902359,0.18140080571174622,0.18399618566036224
step29000,512,1024,0,21825, clones,2,0,69,6.642052173614502,9.028470993041992,9.149308204650879,0.22656480967998505,0.3079671263694763,0.3120889663696289
step29000,512,1024,0,21825, clones,2,0,70,9.30202865600586,12.549789428710938,12.701220512390137,0.31729838252067566,0.4280816316604614,0.43324705958366394
step29000,512,1024,0,21825, clones,2,0,71,11.84151554107666,15.80285930633545,15.985563278198242,0.4039219617843628,0.539046049118042,0.5452781915664673
step29000,512,1024,0,21825, clones,2,0,72,14.242870330810547,18.756988525390625,18.954904556274414,0.4858337640762329,0.6398133039474487,0.6465643644332886
step29000,512,1024,0,21825, clones,2,0,73,16.461017608642578,21.3876895904541,21.579200744628906,0.5614962577819824,0.7295482754707336,0.7360808849334717
step29000,512,1024,0,21825, clones,2,0,74,18.508047103881836,23.662527084350586,23.843576431274414,0.6313217878341675,0.8071445822715759,0.8133202195167542
step29000,512,1024,0,21825, clones,2,0,75,20.354036331176758,25.578588485717773,25.744529724121094,0.6942896842956543,0.8725026249885559,0.8781629800796509
step29000,512,1024,0,21825, clones,2,0,76,22.012483596801758,27.137659072875977,27.288684844970703,0.7508604526519775,0.9256835579872131,0.9308351874351501
step29000,512,1024,0,21825, clones,2,0,77,23.448043823242188,28.355831146240234,28.488954544067383,0.7998283505439758,0.9672362804412842,0.9717771410942078
step29000,512,1024,0,21825, clones,2,0,78,24.696510314941406,29.247325897216797,29.362770080566406,0.842414379119873,0.9976457357406616,1.0015835762023926
step29000,512,1024,0,21825, clones,2,0,79,25.7315616607666,29.831253051757812,29.929780960083008,0.8777206540107727,1.0175639390945435,1.020924687385559
step29000,512,1024,0,21825, clones,2,0,80,26.69666862487793,30.131193161010742,30.211963653564453,0.910641074180603,1.0277949571609497,1.0305501222610474
step29000,512,1024,0,21825, clones,2,0,81,27.57182502746582,30.166189193725586,30.23199462890625,0.9404932856559753,1.0289888381958008,1.0312334299087524
step29000,512,1024,0,21825, clones,2,0,82,28.230546951293945,29.963504791259766,30.013904571533203,0.9629626870155334,1.0220749378204346,1.023794174194336
step29000,512,1024,0,21825, clones,2,0,83,28.55560302734375,29.545368194580078,29.583471298217773,0.9740505814552307,1.0078121423721313,1.0091118812561035
step29000,512,1024,0,21825, clones,2,0,84,28.45160675048828,29.758447647094727,29.809125900268555,0.9705032110214233,1.0150803327560425,1.016809105873108
step29000,512,1024,0,21825, clones,2,0,85,27.942716598510742,30.076507568359375,30.143726348876953,0.9531446099281311,1.025929570198059,1.0282225608825684
step29000,512,1024,0,21825, clones,2,0,86,27.1770076751709,30.1697998046875,30.25370979309082,0.9270257949829102,1.0291118621826172,1.0319740772247314
step29000,512,1024,0,21825, clones,2,0,87,26.232799530029297,30.018945693969727,30.11399269104004,0.8948181867599487,1.0239661931991577,1.0272083282470703
step29000,512,1024,0,21825, clones,2,0,88,25.25731658935547,29.580114364624023,29.701904296875,0.8615438342094421,1.0089973211288452,1.0131516456604004
step29000,512,1024,0,21825, clones,2,0,89,24.10661506652832,28.86011505126953,28.994117736816406,0.8222926259040833,0.9844376444816589,0.9890086054801941
step29000,512,1024,0,21825, clones,2,0,90,22.761764526367188,27.813095092773438,27.97034454345703,0.776418924331665,0.9487230777740479,0.9540870189666748
step29000,512,1024,0,21825, clones,2,0,91,21.221790313720703,26.436702728271484,26.611509323120117,0.7238893508911133,0.9017734527587891,0.9077362418174744
step29000,512,1024,0,21825, clones,2,0,92,19.482112884521484,24.704362869262695,24.902069091796875,0.6645478010177612,0.8426822423934937,0.8494260907173157
step29000,512,1024,0,21825, clones,2,0,93,17.5422420501709,22.621381759643555,22.831993103027344,0.598377525806427,0.7716303467750549,0.778814435005188
step29000,512,1024,0,21825, clones,2,0,94,15.420367240905762,20.188417434692383,20.398603439331055,0.5259989500045776,0.688640296459198,0.6958099007606506
step29000,512,1024,0,21825, clones,2,0,95,13.113171577453613,17.410232543945312,17.610084533691406,0.4472990036010742,0.5938746333122253,0.6006916761398315
step29000,512,1024,0,21825, clones,2,0,96,10.656001091003418,14.313508033752441,14.48898983001709,0.3634832799434662,0.4882432520389557,0.4942290484905243
step29000,512,1024,0,21825, clones,2,0,97,8.051374435424805,10.922383308410645,11.07298755645752,0.27463772892951965,0.372569739818573,0.37770694494247437
step29000,512,1024,0,21825, clones,2,0,98,5.358096122741699,7.311241626739502,7.417186737060547,0.18276821076869965,0.2493913173675537,0.25300517678260803
step29000,512,1024,0,21825, clones,2,0,99,2.583106517791748,3.5411360263824463,3.5934817790985107,0.08811147511005402,0.1207905039191246,0.12257605046033859
step29000,512,1024,0,21825, clones,2,0,100,0.22567202150821686,0.30926069617271423,0.31385764479637146,0.007697822526097298,0.010549088008701801,0.01070589292794466
step29000,512,1024,0,21825, clones,2,0,101,3.0337274074554443,4.152723789215088,4.213778018951416,0.1034824550151825,0.1416521668434143,0.14373476803302765
step29000,512,1024,0,21825, clones,2,0,102,5.807002067565918,7.905587196350098,8.016018867492676,0.19808068871498108,0.26966482400894165,0.2734317183494568
step29000,512,1024,0,21825, clones,2,0,103,8.49144458770752,11.486045837402344,11.637845039367676,0.28964880108833313,0.39179664850234985,0.3969746232032776
step29000,512,1024,0,21825, clones,2,0,104,11.078479766845703,14.831972122192383,15.009921073913574,0.3778943121433258,0.5059283971786499,0.5119983553886414
step29000,512,1024,0,21825, clones,2,0,105,13.504507064819336,17.88419532775879,18.079944610595703,0.46064770221710205,0.6100417971611023,0.6167188882827759
step29000,512,1024,0,21825, clones,2,0,106,15.803327560424805,20.614330291748047,20.812477111816406,0.5390620231628418,0.703168511390686,0.7099274396896362
step29000,512,1024,0,21825, clones,2,0,107,17.892736434936523,23.001367568969727,23.188039779663086,0.6103331446647644,0.7845919132232666,0.7909594178199768
step29000,512,1024,0,21825, clones,2,0,108,19.803953170776367,25.02344512939453,25.199953079223633,0.675525963306427,0.8535663485527039,0.8595871329307556
step29000,512,1024,0,21825, clones,2,0,109,21.514516830444336,26.691755294799805,26.852384567260742,0.7338744401931763,0.9104734659194946,0.9159526824951172
step29000,512,1024,0,21825, clones,2,0,110,23.039888381958008,28.00949478149414,28.156442642211914,0.7859058976173401,0.9554225206375122,0.9604349732398987
step29000,512,1024,0,21825, clones,2,0,111,24.32806396484375,29.01400375366211,29.128246307373047,0.8298464417457581,0.989686906337738,0.9935837984085083
step29000,512,1024,0,21825, clones,2,0,112,25.437389373779297,29.68272590637207,29.787282943725586,0.8676862120628357,1.0124975442886353,1.0160640478134155
step29000,512,1024,0,21825, clones,2,0,113,26.393945693969727,30.076244354248047,30.154266357421875,0.90031498670578,1.0259207487106323,1.0285820960998535
step29000,512,1024,0,21825, clones,2,0,114,27.325176239013672,30.1799373626709,30.252294540405273,0.9320799112319946,1.029457688331604,1.0319257974624634
step29000,512,1024,0,21825, clones,2,0,115,28.050647735595703,30.048505783081055,30.104639053344727,0.9568262100219727,1.0249744653701782,1.0268892049789429
step29000,512,1024,0,21825, clones,2,0,116,28.505083084106445,29.69387435913086,29.736473083496094,0.9723272919654846,1.0128778219223022,1.0143308639526367
step29000,512,1024,0,21825, clones,2,0,117,28.528932571411133,29.618886947631836,29.665620803833008,0.9731408357620239,1.0103199481964111,1.0119140148162842
step29000,512,1024,0,21825, clones,2,0,118,28.139759063720703,30.00018882751465,30.063875198364258,0.9598658680915833,1.0233263969421387,1.0254987478256226
step29000,512,1024,0,21825, clones,2,0,119,27.430377960205078,30.16558837890625,30.2454776763916,0.935668408870697,1.028968334197998,1.0316933393478394
step29000,512,1024,0,21825, clones,2,0,120,26.535566329956055,30.089223861694336,30.18494415283203,0.9051457643508911,1.0263633728027344,1.0296285152435303
step29000,512,1024,0,21825, clones,2,0,121,25.566001892089844,29.73900604248047,29.85869598388672,0.8720732927322388,1.014417290687561,1.0184999704360962
step29000,512,1024,0,21825, clones,2,0,122,24.47426986694336,29.115684509277344,29.243938446044922,0.8348336219787598,0.993155300617218,0.9975301623344421
step29000,512,1024,0,21825, clones,2,0,123,23.197824478149414,28.161415100097656,28.319107055664062,0.791293203830719,0.9606045484542847,0.9659835696220398
step29000,512,1024,0,21825, clones,2,0,124,21.703718185424805,26.900985717773438,27.06393814086914,0.7403282523155212,0.9176104664802551,0.9231688976287842
step29000,512,1024,0,21825, clones,2,0,125,20.02749252319336,25.269014358520508,25.46432876586914,0.6831510663032532,0.8619428277015686,0.8686051368713379
step29000,512,1024,0,21825, clones,2,0,126,18.149127960205078,23.315277099609375,23.505434036254883,0.6190788149833679,0.7952995896339417,0.801785945892334
step29000,512,1024,0,21825, clones,2,0,127,16.076074600219727,20.982892990112305,21.182889938354492,0.548365592956543,0.7157403826713562,0.7225624322891235
step29000,512,1024,0,21825, clones,2,0,128,13.84581470489502,18.29766845703125,18.50182342529297,0.47228991985321045,0.6241456270217896,0.6311094760894775
step29000,512,1024,1,23778, motive,8,2,1,2.8196001052856445,3.846919536590576,3.9039344787597656,0.09596791863441467,0.1309337615966797,0.13287432491779327
step29000,512,1024,1,23778, motive,8,2,2,5.602035999298096,7.618288993835449,7.717203140258789,0.190670907497406,0.25929611921310425,0.26266273856163025
step29000,512,1024,1,23778, motive,8,2,3,8.300444602966309,11.2064847946167,11.356117248535156,0.28251394629478455,0.3814239501953125,0.38651683926582336
step29000,512,1024,1,23778, motive,8,2,4,10.903054237365723,14.57713794708252,14.750288009643555,0.3710963726043701,0.4961475133895874,0.5020408630371094
step29000,512,1024,1,23778, motive,8,2,5,13.354974746704102,17.655681610107422,17.846189498901367,0.45454996824264526,0.6009288430213928,0.6074129343032837
step29000,512,1024,1,23778, motive,8,2,6,15.639297485351562,20.413928985595703,20.606840133666992,0.5322991609573364,0.6948085427284241,0.7013744711875916
step29000,512,1024,1,23778, motive,8,2,7,17.76205062866211,22.826560974121094,23.011226654052734,0.60454922914505,0.7769249081611633,0.7832101583480835
step29000,512,1024,1,23778, motive,8,2,8,19.66367530822754,24.869335174560547,25.052242279052734,0.6692728996276855,0.8464527726173401,0.8526781797409058
step29000,512,1024,1,23778, motive,8,2,9,21.385988235473633,26.58620262145996,26.73287010192871,0.7278935313224792,0.9048880338668823,0.9098800420761108
step29000,512,1024,1,23778, motive,8,2,10,22.9287052154541,27.915922164916992,28.064271926879883,0.7804014682769775,0.9501463770866394,0.9551956653594971
step29000,512,1024,1,23778, motive,8,2,11,24.23763084411621,28.950700759887695,29.062183380126953,0.8249520659446716,0.9853661060333252,0.9891605377197266
step29000,512,1024,1,23778, motive,8,2,12,25.357948303222656,29.637020111083984,29.74540901184082,0.8630831837654114,1.008725643157959,1.012414813041687
step29000,512,1024,1,23778, motive,8,2,13,26.315898895263672,30.051998138427734,30.135229110717773,0.895687997341156,1.0228499174118042,1.0256826877593994
step29000,512,1024,1,23778, motive,8,2,14,27.25668716430664,30.179018020629883,30.253803253173828,0.9277086853981018,1.0271731615066528,1.0297185182571411
step29000,512,1024,1,23778, motive,8,2,15,28.004779815673828,30.066442489624023,30.12493133544922,0.9531707763671875,1.0233415365219116,1.0253322124481201
step29000,512,1024,1,23778, motive,8,2,16,28.490825653076172,29.732547760009766,29.773435592651367,0.9697138071060181,1.0119770765304565,1.0133687257766724
step29000,512,1024,1,23778, motive,8,2,17,28.5633544921875,29.585081100463867,29.625131607055664,0.9721823930740356,1.0069578886032104,1.0083210468292236
step29000,512,1024,1,23778, motive,8,2,18,28.186086654663086,29.98634147644043,30.03963851928711,0.9593417048454285,1.0206152200698853,1.0224292278289795
step29000,512,1024,1,23778, motive,8,2,19,27.500869750976562,30.17735481262207,30.239513397216797,0.9360196590423584,1.0271165370941162,1.029232144355774
step29000,512,1024,1,23778, motive,8,2,20,26.618776321411133,30.11651611328125,30.199190139770508,0.9059967398643494,1.0250458717346191,1.0278596878051758
step29000,512,1024,1,23778, motive,8,2,21,25.653841018676758,29.79668426513672,29.895254135131836,0.8731542229652405,1.0141600370407104,1.017514944076538
step29000,512,1024,1,23778, motive,8,2,22,24.584951400756836,29.199420928955078,29.304214477539062,0.8367734551429749,0.9938316345214844,0.997398316860199
step29000,512,1024,1,23778, motive,8,2,23,23.339521408081055,28.261634826660156,28.4049015045166,0.7943840026855469,0.9619130492210388,0.9667893052101135
step29000,512,1024,1,23778, motive,8,2,24,21.885169982910156,27.029891967773438,27.17781639099121,0.7448837161064148,0.9199894666671753,0.9250242114067078
step29000,512,1024,1,23778, motive,8,2,25,20.219375610351562,25.42961311340332,25.605579376220703,0.6881867051124573,0.8655223846435547,0.8715115785598755
step29000,512,1024,1,23778, motive,8,2,26,18.36616325378418,23.487340927124023,23.675691604614258,0.6251108050346375,0.7994152307510376,0.8058258891105652
step29000,512,1024,1,23778, motive,8,2,27,16.302156448364258,21.191059112548828,21.382463455200195,0.5548602342605591,0.7212589979171753,0.7277736067771912
step29000,512,1024,1,23778, motive,8,2,28,14.078352928161621,18.534971237182617,18.729564666748047,0.47917085886001587,0.6308562755584717,0.6374795436859131
step29000,512,1024,1,23778, motive,8,2,29,11.652182579040527,15.549811363220215,15.733421325683594,0.39659371972084045,0.5292534232139587,0.5355027914047241
step29000,512,1024,1,23778, motive,8,2,30,9.116573333740234,12.271087646484375,12.425811767578125,0.31029170751571655,0.4176587462425232,0.4229249656200409
step29000,512,1024,1,23778, motive,8,2,31,6.434455871582031,8.741128921508789,8.855120658874512,0.21900315582752228,0.29751309752464294,0.30139291286468506
step29000,512,1024,1,23778, motive,8,2,32,3.6814897060394287,5.017507076263428,5.086897850036621,0.12530319392681122,0.1707758903503418,0.17313766479492188
step29000,512,1024,1,23778, motive,8,2,33,0.8660358190536499,1.184451699256897,1.201377511024475,0.02947639673948288,0.040314000099897385,0.04089008644223213
step29000,512,1024,1,23778, motive,8,2,34,1.9589136838912964,2.675351858139038,2.712355375289917,0.06667359173297882,0.09105829149484634,0.09231773763895035
step29000,512,1024,1,23778, motive,8,2,35,4.75130558013916,6.475611686706543,6.5627899169921875,0.16171544790267944,0.22040392458438873,0.22337113320827484
step29000,512,1024,1,23778, motive,8,2,36,7.489800930023193,10.130887985229492,10.263197898864746,0.25492289662361145,0.3448149263858795,0.3493182361125946
step29000,512,1024,1,23778, motive,8,2,37,10.106163024902344,13.578770637512207,13.739028930664062,0.34397339820861816,0.46216708421707153,0.4676216244697571
step29000,512,1024,1,23778, motive,8,2,38,12.617025375366211,16.754024505615234,16.93132781982422,0.42943310737609863,0.5702400207519531,0.5762746930122375
step29000,512,1024,1,23778, motive,8,2,39,14.95528507232666,19.61185646057129,19.7976016998291,0.5090181231498718,0.6675091981887817,0.6738312244415283
step29000,512,1024,1,23778, motive,8,2,40,17.13016700744629,22.12820816040039,22.31237030029297,0.5830423831939697,0.7531557679176331,0.7594239115715027
step29000,512,1024,1,23778, motive,8,2,41,19.095396041870117,24.290115356445312,24.46485137939453,0.6499309539794922,0.8267384767532349,0.8326857686042786
step29000,512,1024,1,23778, motive,8,2,42,20.885013580322266,26.095897674560547,26.255197525024414,0.7108423709869385,0.888200044631958,0.8936219811439514
step29000,512,1024,1,23778, motive,8,2,43,22.471633911132812,27.542795181274414,27.692413330078125,0.7648445963859558,0.937446653842926,0.9425390362739563
step29000,512,1024,1,23778, motive,8,2,44,23.85035514831543,28.665512084960938,28.79063606262207,0.8117707371711731,0.9756594300270081,0.9799181818962097
step29000,512,1024,1,23778, motive,8,2,45,25.033721923828125,29.449386596679688,29.568185806274414,0.8520478010177612,1.0023393630981445,1.0063828229904175
step29000,512,1024,1,23778, motive,8,2,46,26.014249801635742,29.954212188720703,30.045595169067383,0.885421097278595,1.019521713256836,1.0226320028305054
step29000,512,1024,1,23778, motive,8,2,47,26.980079650878906,30.166851043701172,30.244813919067383,0.9182940721511841,1.0267590284347534,1.0294126272201538
step29000,512,1024,1,23778, motive,8,2,48,27.80106544494629,30.131397247314453,30.189292907714844,0.9462371468544006,1.0255523920059204,1.0275228023529053
step29000,512,1024,1,23778, motive,8,2,49,28.376989364624023,29.859262466430664,29.903358459472656,0.9658392667770386,1.0162899494171143,1.0177907943725586
step29000,512,1024,1,23778, motive,8,2,50,28.578737258911133,29.42232894897461,29.459171295166016,0.9727059602737427,1.0014184713363647,1.0026724338531494
step29000,512,1024,1,23778, motive,8,2,51,28.336942672729492,29.88966178894043,29.934097290039062,0.9644762873649597,1.017324686050415,1.0188369750976562
step29000,512,1024,1,23778, motive,8,2,52,27.73792839050293,30.144636154174805,30.2025203704834,0.9440882205963135,1.0260028839111328,1.0279730558395386
step29000,512,1024,1,23778, motive,8,2,53,26.90627670288086,30.163166046142578,30.238636016845703,0.91578209400177,1.026633620262146,1.0292023420333862
step29000,512,1024,1,23778, motive,8,2,54,25.93895149230957,29.927526473999023,30.017929077148438,0.8828582167625427,1.018613338470459,1.0216903686523438
step29000,512,1024,1,23778, motive,8,2,55,24.93614959716797,29.41209602355957,29.51722526550293,0.8487268686294556,1.001070261001587,1.0046483278274536
step29000,512,1024,1,23778, motive,8,2,56,23.740867614746094,28.582204818725586,28.714824676513672,0.8080442547798157,0.9728240370750427,0.9773378372192383
step29000,512,1024,1,23778, motive,8,2,57,22.34252166748047,27.442489624023438,27.590133666992188,0.7604501247406006,0.934032678604126,0.9390578866004944
step29000,512,1024,1,23778, motive,8,2,58,20.756147384643555,25.944978713989258,26.125272750854492,0.7064563035964966,0.8830633759498596,0.8891998529434204
step29000,512,1024,1,23778, motive,8,2,59,18.948139190673828,24.11125373840332,24.306015014648438,0.6449189186096191,0.8206506371498108,0.8272795677185059
step29000,512,1024,1,23778, motive,8,2,60,16.94972038269043,21.921905517578125,22.12423324584961,0.5769007205963135,0.7461341023445129,0.7530204653739929
step29000,512,1024,1,23778, motive,8,2,61,14.769074440002441,19.378822326660156,19.580394744873047,0.502680242061615,0.6595776677131653,0.6664383411407471
step29000,512,1024,1,23778, motive,8,2,62,12.414813041687012,16.496009826660156,16.687049865722656,0.42255061864852905,0.5614582300186157,0.5679605007171631
step29000,512,1024,1,23778, motive,8,2,63,9.903372764587402,13.301858901977539,13.470756530761719,0.3370712101459503,0.4527420997619629,0.4584906995296478
step29000,512,1024,1,23778, motive,8,2,64,7.26788330078125,9.841503143310547,9.974411010742188,0.2473696917295456,0.33496543765068054,0.33948907256126404
step29000,512,1024,1,23778, motive,8,2,65,4.531435966491699,6.170477867126465,6.2587151527404785,0.1542319655418396,0.21001839637756348,0.2130216509103775
step29000,512,1024,1,23778, motive,8,2,66,1.7311612367630005,2.366008758544922,2.400111198425293,0.05892181023955345,0.08052948117256165,0.08169019222259521
step29000,512,1024,1,23778, motive,8,2,67,1.0926443338394165,1.493082880973816,1.514845848083496,0.03718924522399902,0.05081856995820999,0.05155929923057556
step29000,512,1024,1,23778, motive,8,2,68,3.899933338165283,5.320152282714844,5.394165515899658,0.1327381432056427,0.18107673525810242,0.18359583616256714
step29000,512,1024,1,23778, motive,8,2,69,6.655054569244385,9.024637222290039,9.149154663085938,0.22651144862174988,0.3071625828742981,0.3114006519317627
step29000,512,1024,1,23778, motive,8,2,70,9.321590423583984,12.543976783752441,12.701091766357422,0.3172696828842163,0.42694684863090515,0.43229439854621887
step29000,512,1024,1,23778, motive,8,2,71,11.858458518981934,15.810688972473145,15.985538482666016,0.40361452102661133,0.5381326079368591,0.544083833694458
step29000,512,1024,1,23778, motive,8,2,72,14.251893043518066,18.76634407043457,18.955142974853516,0.48507747054100037,0.6387313604354858,0.6451572775840759
step29000,512,1024,1,23778, motive,8,2,73,16.480205535888672,21.381336212158203,21.579490661621094,0.5609202980995178,0.727735161781311,0.7344796061515808
step29000,512,1024,1,23778, motive,8,2,74,18.5125732421875,23.655624389648438,23.843486785888672,0.6300939917564392,0.805142879486084,0.811536967754364
step29000,512,1024,1,23778, motive,8,2,75,20.34840202331543,25.576534271240234,25.744308471679688,0.6925782561302185,0.8705229759216309,0.8762333393096924
step29000,512,1024,1,23778, motive,8,2,76,22.007211685180664,27.13810157775879,27.288545608520508,0.749037504196167,0.9236724972724915,0.9287930130958557
step29000,512,1024,1,23778, motive,8,2,77,23.442825317382812,28.355825424194336,28.488998413085938,0.7979000806808472,0.9651190042495728,0.9696516394615173
step29000,512,1024,1,23778, motive,8,2,78,24.69359016418457,29.247560501098633,29.362720489501953,0.840471088886261,0.9954700469970703,0.9993896484375
step29000,512,1024,1,23778, motive,8,2,79,25.731130599975586,29.830013275146484,29.929697036743164,0.8757848143577576,1.0152944326400757,1.0186872482299805
step29000,512,1024,1,23778, motive,8,2,80,26.697717666625977,30.13024139404297,30.21198081970215,0.9086835980415344,1.025512933731079,1.0282950401306152
step29000,512,1024,1,23778, motive,8,2,81,27.569198608398438,30.16676902770996,30.23188591003418,0.9383453130722046,1.0267562866210938,1.0289725065231323
step29000,512,1024,1,23778, motive,8,2,82,28.240917205810547,29.963430404663086,30.013973236083984,0.961207926273346,1.0198354721069336,1.0215556621551514
step29000,512,1024,1,23778, motive,8,2,83,28.558992385864258,29.545419692993164,29.583459854125977,0.9720339179039001,1.0056079626083374,1.0069026947021484
step29000,512,1024,1,23778, motive,8,2,84,28.460796356201172,29.7658748626709,29.80919075012207,0.9686917662620544,1.0131113529205322,1.0145857334136963
step29000,512,1024,1,23778, motive,8,2,85,27.94660186767578,30.088088989257812,30.143718719482422,0.9511905908584595,1.0240782499313354,1.0259716510772705
step29000,512,1024,1,23778, motive,8,2,86,27.180950164794922,30.183317184448242,30.253719329833984,0.9251309037208557,1.0273194313049316,1.029715657234192
step29000,512,1024,1,23778, motive,8,2,87,26.233800888061523,30.02939224243164,30.11421775817871,0.8928937315940857,1.022080421447754,1.0249675512313843
step29000,512,1024,1,23778, motive,8,2,88,25.267837524414062,29.596994400024414,29.701934814453125,0.8600161671638489,1.0073634386062622,1.0109351873397827
step29000,512,1024,1,23778, motive,8,2,89,24.119508743286133,28.87343406677246,28.99424171447754,0.8209316730499268,0.9827362895011902,0.9868481159210205
step29000,512,1024,1,23778, motive,8,2,90,22.785579681396484,27.824668884277344,27.9704647064209,0.7755300402641296,0.9470404982566833,0.9520028233528137
step29000,512,1024,1,23778, motive,8,2,91,21.248016357421875,26.455198287963867,26.61155891418457,0.7231975197792053,0.9004291892051697,0.90575110912323
step29000,512,1024,1,23778, motive,8,2,92,19.520151138305664,24.701635360717773,24.902029037475586,0.6643879413604736,0.8407449126243591,0.8475655317306519
step29000,512,1024,1,23778, motive,8,2,93,17.58487892150879,22.630298614501953,22.83173370361328,0.598518967628479,0.7702448964118958,0.7771009802818298
step29000,512,1024,1,23778, motive,8,2,94,15.45589542388916,20.19632911682129,20.398277282714844,0.5260568857192993,0.6874023675918579,0.6942757964134216
step29000,512,1024,1,23778, motive,8,2,95,13.151750564575195,17.413129806518555,17.610382080078125,0.4476330280303955,0.5926733613014221,0.599386990070343
step29000,512,1024,1,23778, motive,8,2,96,10.687583923339844,14.308735847473145,14.489112854003906,0.36376264691352844,0.48701217770576477,0.4931514859199524
step29000,512,1024,1,23778, motive,8,2,97,8.088583946228027,10.919631004333496,11.07290267944336,0.27530306577682495,0.37166061997413635,0.3768773376941681
step29000,512,1024,1,23778, motive,8,2,98,5.379341125488281,7.313323020935059,7.4170823097229,0.18309126794338226,0.24891628324985504,0.25244784355163574
step29000,512,1024,1,23778, motive,8,2,99,2.591611385345459,3.5405688285827637,3.5935306549072266,0.08820809423923492,0.12050681561231613,0.12230941653251648
step29000,512,1024,1,23778, motive,8,2,100,0.22634904086589813,0.3092759847640991,0.31386488676071167,0.007704016752541065,0.010526517406105995,0.010682705789804459
step29000,512,1024,1,23778, motive,8,2,101,3.0405044555664062,4.152475357055664,4.213830471038818,0.10348661988973618,0.1413336545228958,0.1434219479560852
step29000,512,1024,1,23778, motive,8,2,102,5.819253921508789,7.905795097351074,8.015825271606445,0.1980641484260559,0.26908165216445923,0.2728266417980194
step29000,512,1024,1,23778, motive,8,2,103,8.51460075378418,11.485777854919434,11.637725830078125,0.2898029685020447,0.3909299671649933,0.3961016833782196
step29000,512,1024,1,23778, motive,8,2,104,11.092913627624512,14.833708763122559,15.010109901428223,0.3775584399700165,0.5048801898956299,0.510884165763855
step29000,512,1024,1,23778, motive,8,2,105,13.53290843963623,17.884353637695312,18.080114364624023,0.46060609817504883,0.6087118983268738,0.6153748035430908
step29000,512,1024,1,23778, motive,8,2,106,15.807147026062012,20.61147117614746,20.812389373779297,0.5380120873451233,0.7015320658683777,0.708370566368103
step29000,512,1024,1,23778, motive,8,2,107,17.912378311157227,22.997343063354492,23.18767738342285,0.6096657514572144,0.7827376127243042,0.7892158627510071
step29000,512,1024,1,23778, motive,8,2,108,19.808881759643555,25.021974563598633,25.199909210205078,0.6742151379585266,0.8516480326652527,0.8577041625976562
step29000,512,1024,1,23778, motive,8,2,109,21.512832641601562,26.697101593017578,26.852384567260742,0.7322108149528503,0.9086626172065735,0.9139478206634521
step29000,512,1024,1,23778, motive,8,2,110,23.034021377563477,28.01508331298828,28.1564998626709,0.7839860320091248,0.9535214304924011,0.9583346843719482
step29000,512,1024,1,23778, motive,8,2,111,24.33111000061035,29.009048461914062,29.12836456298828,0.8281337022781372,0.9873520135879517,0.9914131164550781
step29000,512,1024,1,23778, motive,8,2,112,25.43723487854004,29.682086944580078,29.787260055541992,0.8657817840576172,1.0102596282958984,1.0138392448425293
step29000,512,1024,1,23778, motive,8,2,113,26.394716262817383,30.072494506835938,30.154403686523438,0.898370623588562,1.0235475301742554,1.02633535861969
step29000,512,1024,1,23778, motive,8,2,114,27.323097229003906,30.182619094848633,30.252321243286133,0.9299690127372742,1.027295708656311,1.0296680927276611
step29000,512,1024,1,23778, motive,8,2,115,28.060260772705078,30.049358367919922,30.104679107666016,0.9550591111183167,1.022760033607483,1.0246429443359375
step29000,512,1024,1,23778, motive,8,2,116,28.50708770751953,29.69351577758789,29.73641586303711,0.9702672958374023,1.0106486082077026,1.0121086835861206
step29000,512,1024,1,23778, motive,8,2,117,28.551504135131836,29.624271392822266,29.665584564208984,0.9717790484428406,1.0082917213439941,1.0096979141235352
step29000,512,1024,1,23778, motive,8,2,118,28.144250869750977,30.009693145751953,30.063827514648438,0.9579178094863892,1.0214099884033203,1.0232524871826172
step29000,512,1024,1,23778, motive,8,2,119,27.43437957763672,30.1838321685791,30.245458602905273,0.9337565898895264,1.0273369550704956,1.0294345617294312
step29000,512,1024,1,23778, motive,8,2,120,26.537647247314453,30.10152244567871,30.185020446777344,0.9032354354858398,1.0245355367660522,1.0273774862289429
step29000,512,1024,1,23778, motive,8,2,121,25.574356079101562,29.75811004638672,29.858638763427734,0.8704488277435303,1.0128470659255981,1.0162687301635742
step29000,512,1024,1,23778, motive,8,2,122,24.493810653686523,29.13741111755371,29.24395751953125,0.8336713910102844,0.9917210340499878,0.9953474402427673
step29000,512,1024,1,23778, motive,8,2,123,23.221145629882812,28.1737060546875,28.31917381286621,0.7903549671173096,0.9589203000068665,0.9638714790344238
step29000,512,1024,1,23778, motive,8,2,124,21.750951766967773,26.914079666137695,27.064096450805664,0.7403154373168945,0.9160476922988892,0.9211536645889282
step29000,512,1024,1,23778, motive,8,2,125,20.057851791381836,25.27042579650879,25.464191436767578,0.6826890707015991,0.8601042628288269,0.8666992783546448
step29000,512,1024,1,23778, motive,8,2,126,18.204286575317383,23.312095642089844,23.50511932373047,0.6196011304855347,0.7934505343437195,0.8000202775001526
step29000,512,1024,1,23778, motive,8,2,127,16.122968673706055,20.97443389892578,21.183151245117188,0.5487614274024963,0.7138859033584595,0.7209898233413696
step29000,512,1024,1,23778, motive,8,2,128,13.876540184020996,18.30536651611328,18.502037048339844,0.4723019599914551,0.6230415105819702,0.6297354102134705
step29000,512,1024,2,19211, cabinet,33,5,1,2.8132987022399902,3.8470914363861084,3.903965473175049,0.09597145020961761,0.13123773038387299,0.13317790627479553
step29000,512,1024,2,19211, cabinet,33,5,2,5.58878231048584,7.618324279785156,7.717075824737549,0.19065289199352264,0.2598876357078552,0.2632564306259155
step29000,512,1024,2,19211, cabinet,33,5,3,8.289647102355957,11.207590103149414,11.356147766113281,0.28278881311416626,0.3823300302028656,0.3873978853225708
step29000,512,1024,2,19211, cabinet,33,5,4,10.889287948608398,14.58728313446045,14.750572204589844,0.371471643447876,0.49762317538261414,0.5031935572624207
step29000,512,1024,2,19211, cabinet,33,5,5,13.338089942932129,17.650306701660156,17.84630584716797,0.4550088346004486,0.602113664150238,0.6087998151779175
step29000,512,1024,2,19211, cabinet,33,5,6,15.632281303405762,20.428813934326172,20.606470108032227,0.5332717299461365,0.6968982219696045,0.7029587030410767
step29000,512,1024,2,19211, cabinet,33,5,7,17.752227783203125,22.8214111328125,23.011009216308594,0.6055905222892761,0.7785180807113647,0.7849858999252319
step29000,512,1024,2,19211, cabinet,33,5,8,19.678388595581055,24.884199142456055,25.052221298217773,0.6712985634803772,0.848887026309967,0.8546187877655029
step29000,512,1024,2,19211, cabinet,33,5,9,21.383377075195312,26.577190399169922,26.73313331604004,0.7294617295265198,0.906640887260437,0.9119606018066406
step29000,512,1024,2,19211, cabinet,33,5,10,22.919042587280273,27.930477142333984,28.064529418945312,0.7818486094474792,0.9528061151504517,0.957379162311554
step29000,512,1024,2,19211, cabinet,33,5,11,24.23932456970215,28.938161849975586,29.062339782714844,0.8268880248069763,0.9871817827224731,0.9914179444313049
step29000,512,1024,2,19211, cabinet,33,5,12,25.35569190979004,29.64198875427246,29.745567321777344,0.8649712204933167,1.0111918449401855,1.0147252082824707
step29000,512,1024,2,19211, cabinet,33,5,13,26.315065383911133,30.042818069458008,30.13515853881836,0.8976988196372986,1.0248655080795288,1.0280154943466187
step29000,512,1024,2,19211, cabinet,33,5,14,27.255916595458984,30.180522918701172,30.253803253173828,0.9297945499420166,1.029563069343567,1.0320628881454468
step29000,512,1024,2,19211, cabinet,33,5,15,28.010313034057617,30.072423934936523,30.12490463256836,0.9555296301841736,1.025875449180603,1.0276657342910767
step29000,512,1024,2,19211, cabinet,33,5,16,28.48240852355957,29.731760025024414,29.77351188659668,0.9716344475746155,1.0142542123794556,1.0156785249710083
step29000,512,1024,2,19211, cabinet,33,5,17,28.546916961669922,29.58153533935547,29.625131607055664,0.9738350510597229,1.009129524230957,1.0106167793273926
step29000,512,1024,2,19211, cabinet,33,5,18,28.177885055541992,29.9815616607666,30.039562225341797,0.961246132850647,1.0227757692337036,1.0247544050216675
step29000,512,1024,2,19211, cabinet,33,5,19,27.502674102783203,30.16691017150879,30.23949432373047,0.9382122755050659,1.0290987491607666,1.0315748453140259
step29000,512,1024,2,19211, cabinet,33,5,20,26.6130428314209,30.108367919921875,30.19938850402832,0.9078638553619385,1.0271016359329224,1.0302066802978516
step29000,512,1024,2,19211, cabinet,33,5,21,25.64830780029297,29.78706932067871,29.89518928527832,0.8749533891677856,1.0161410570144653,1.0198293924331665
step29000,512,1024,2,19211, cabinet,33,5,22,24.589065551757812,29.168048858642578,29.30436134338379,0.8388189077377319,0.9950239658355713,0.9996741414070129
step29000,512,1024,2,19211, cabinet,33,5,23,23.308725357055664,28.262115478515625,28.40516471862793,0.7951420545578003,0.9641194939613342,0.9689993858337402
step29000,512,1024,2,19211, cabinet,33,5,24,21.85147476196289,26.998647689819336,27.177824020385742,0.7454301714897156,0.9210181832313538,0.9271305203437805
step29000,512,1024,2,19211, cabinet,33,5,25,20.189428329467773,25.430145263671875,25.605501174926758,0.6887319087982178,0.8675110936164856,0.8734930753707886
step29000,512,1024,2,19211, cabinet,33,5,26,18.32804298400879,23.470544815063477,23.675527572631836,0.6252335906028748,0.8006622791290283,0.8076549768447876
step29000,512,1024,2,19211, cabinet,33,5,27,16.269508361816406,21.182693481445312,21.382434844970703,0.5550097823143005,0.722615659236908,0.7294295430183411
step29000,512,1024,2,19211, cabinet,33,5,28,14.027670860290527,18.528196334838867,18.729703903198242,0.4785328507423401,0.6320615410804749,0.6389356255531311
step29000,512,1024,2,19211, cabinet,33,5,29,11.631163597106934,15.555211067199707,15.733667373657227,0.3967796266078949,0.530642569065094,0.5367303490638733
step29000,512,1024,2,19211, cabinet,33,5,30,9.086220741271973,12.27309513092041,12.425861358642578,0.3099627196788788,0.4186781346797943,0.42388954758644104
step29000,512,1024,2,19211, cabinet,33,5,31,6.419760704040527,8.735873222351074,8.855001449584961,0.21900047361850739,0.2980111241340637,0.30207502841949463
step29000,512,1024,2,19211, cabinet,33,5,32,3.666416645050049,5.017355442047119,5.086965560913086,0.12507428228855133,0.1711595207452774,0.17353416979312897
step29000,512,1024,2,19211, cabinet,33,5,33,0.8637401461601257,1.184883952140808,1.201396107673645,0.029465194791555405,0.0404205322265625,0.04098381847143173
step29000,512,1024,2,19211, cabinet,33,5,34,1.9528911113739014,2.6746742725372314,2.712352991104126,0.06661994010210037,0.0912424847483635,0.092527836561203
step29000,512,1024,2,19211, cabinet,33,5,35,4.741137981414795,6.474729537963867,6.562708377838135,0.16173678636550903,0.22087565064430237,0.22387690842151642
step29000,512,1024,2,19211, cabinet,33,5,36,7.472264766693115,10.136638641357422,10.263370513916016,0.2549050450325012,0.3457961678504944,0.350119411945343
step29000,512,1024,2,19211, cabinet,33,5,37,10.10074234008789,13.577119827270508,13.739274024963379,0.34457162022590637,0.46316298842430115,0.46869462728500366
step29000,512,1024,2,19211, cabinet,33,5,38,12.600584983825684,16.740814208984375,16.93109703063965,0.4298499822616577,0.571087658405304,0.5775789022445679
step29000,512,1024,2,19211, cabinet,33,5,39,14.944876670837402,19.61142349243164,19.79717445373535,0.5098219513893127,0.6690141558647156,0.6753507852554321
step29000,512,1024,2,19211, cabinet,33,5,40,17.112958908081055,22.110048294067383,22.312437057495117,0.5837827920913696,0.7542510032653809,0.7611551880836487
step29000,512,1024,2,19211, cabinet,33,5,41,19.10297203063965,24.291322708129883,24.46501922607422,0.6516691446304321,0.8286618590354919,0.8345872759819031
step29000,512,1024,2,19211, cabinet,33,5,42,20.893640518188477,26.0806941986084,26.25547218322754,0.7127550840377808,0.889703631401062,0.8956658840179443
step29000,512,1024,2,19211, cabinet,33,5,43,22.466045379638672,27.54960823059082,27.69247817993164,0.7663952708244324,0.9398134350776672,0.9446871876716614
step29000,512,1024,2,19211, cabinet,33,5,44,23.860307693481445,28.65306854248047,28.79070472717285,0.813958466053009,0.977456271648407,0.9821515083312988
step29000,512,1024,2,19211, cabinet,33,5,45,25.025314331054688,29.460346221923828,29.568212509155273,0.8537008762359619,1.004995346069336,1.0086749792099
step29000,512,1024,2,19211, cabinet,33,5,46,26.014907836914062,29.954755783081055,30.045644760131836,0.887459397315979,1.0218613147735596,1.0249619483947754
step29000,512,1024,2,19211, cabinet,33,5,47,26.98267364501953,30.17009735107422,30.24491310119629,0.9204732775688171,1.0292073488235474,1.0317596197128296
step29000,512,1024,2,19211, cabinet,33,5,48,27.802865982055664,30.130220413208008,30.18932342529297,0.948452889919281,1.027847170829773,1.0298632383346558
step29000,512,1024,2,19211, cabinet,33,5,49,28.368309020996094,29.857967376708984,29.903318405151367,0.9677421450614929,1.0185596942901611,1.0201066732406616
step29000,512,1024,2,19211, cabinet,33,5,50,28.588363647460938,29.419218063354492,29.459131240844727,0.9752489924430847,1.0035922527313232,1.0049538612365723
step29000,512,1024,2,19211, cabinet,33,5,51,28.333837509155273,29.878480911254883,29.934144973754883,0.9665662050247192,1.0192593336105347,1.021158218383789
step29000,512,1024,2,19211, cabinet,33,5,52,27.734975814819336,30.13265609741211,30.20261573791504,0.9461369514465332,1.0279301404953003,1.030316710472107
step29000,512,1024,2,19211, cabinet,33,5,53,26.903690338134766,30.154020309448242,30.238502502441406,0.9177788496017456,1.0286589860916138,1.0315409898757935
step29000,512,1024,2,19211, cabinet,33,5,54,25.938674926757812,29.914474487304688,30.017841339111328,0.8848588466644287,1.0204871892929077,1.0240134000778198
step29000,512,1024,2,19211, cabinet,33,5,55,24.923839569091797,29.393224716186523,29.5173397064209,0.8502392172813416,1.0027055740356445,1.0069395303726196
step29000,512,1024,2,19211, cabinet,33,5,56,23.72636604309082,28.568462371826172,28.714855194091797,0.8093892335891724,0.9745700359344482,0.9795640110969543
step29000,512,1024,2,19211, cabinet,33,5,57,22.312549591064453,27.428316116333008,27.590133666992188,0.7611590027809143,0.9356756806373596,0.9411958456039429
step29000,512,1024,2,19211, cabinet,33,5,58,20.715024948120117,25.945789337158203,26.125106811523438,0.7066618800163269,0.8851014971733093,0.8912186622619629
step29000,512,1024,2,19211, cabinet,33,5,59,18.894638061523438,24.117488861083984,24.30579376220703,0.6445621252059937,0.8227318525314331,0.8291555643081665
step29000,512,1024,2,19211, cabinet,33,5,60,16.923860549926758,21.923954010009766,22.124197006225586,0.5773320198059082,0.7479026317596436,0.754733681678772
step29000,512,1024,2,19211, cabinet,33,5,61,14.735870361328125,19.37933349609375,19.580747604370117,0.5026920437812805,0.6610967516899109,0.6679677367210388
step29000,512,1024,2,19211, cabinet,33,5,62,12.384750366210938,16.498565673828125,16.687320709228516,0.4224871098995209,0.5628237724304199,0.5692628026008606
step29000,512,1024,2,19211, cabinet,33,5,63,9.87098217010498,13.301791191101074,13.470566749572754,0.33673369884490967,0.45377054810523987,0.4595280885696411
step29000,512,1024,2,19211, cabinet,33,5,64,7.247959613800049,9.841682434082031,9.974162101745605,0.24725322425365448,0.33573415875434875,0.3402535021305084
step29000,512,1024,2,19211, cabinet,33,5,65,4.514019012451172,6.1708197593688965,6.258872985839844,0.15398895740509033,0.21050822734832764,0.21351201832294464
step29000,512,1024,2,19211, cabinet,33,5,66,1.7269628047943115,2.3662657737731934,2.4000933170318604,0.0589127354323864,0.08072159439325333,0.08187557011842728
step29000,512,1024,2,19211, cabinet,33,5,67,1.0890836715698242,1.4928160905838013,1.5147864818572998,0.037152450531721115,0.05092517286539078,0.05167466029524803
step29000,512,1024,2,19211, cabinet,33,5,68,3.891789674758911,5.3200578689575195,5.394144058227539,0.13276253640651703,0.18148577213287354,0.18401309847831726
step29000,512,1024,2,19211, cabinet,33,5,69,6.640015125274658,9.029316902160645,9.149313926696777,0.22651411592960358,0.30802154541015625,0.3121150732040405
step29000,512,1024,2,19211, cabinet,33,5,70,9.30811882019043,12.542686462402344,12.701090812683105,0.3175324499607086,0.4278748631477356,0.4332785904407501
step29000,512,1024,2,19211, cabinet,33,5,71,11.847314834594727,15.802401542663574,15.98532772064209,0.4041532874107361,0.5390750765800476,0.5453153848648071
step29000,512,1024,2,19211, cabinet,33,5,72,14.238719940185547,18.764604568481445,18.954999923706055,0.4857324957847595,0.6401262283325195,0.6466212868690491
step29000,512,1024,2,19211, cabinet,33,5,73,16.463199615478516,21.395198822021484,21.579540252685547,0.5616172552108765,0.7298649549484253,0.7361534833908081
step29000,512,1024,2,19211, cabinet,33,5,74,18.505922317504883,23.663602828979492,23.843656539916992,0.6313016414642334,0.8072481751441956,0.8133904337882996
step29000,512,1024,2,19211, cabinet,33,5,75,20.356609344482422,25.576160430908203,25.744522094726562,0.6944350600242615,0.8724921941757202,0.8782355785369873
step29000,512,1024,2,19211, cabinet,33,5,76,22.005598068237305,27.132051467895508,27.288558959960938,0.750687837600708,0.9255690574645996,0.9309080839157104
step29000,512,1024,2,19211, cabinet,33,5,77,23.450424194335938,28.352802276611328,28.48873519897461,0.7999758720397949,0.9672131538391113,0.9718502759933472
step29000,512,1024,2,19211, cabinet,33,5,78,24.69186782836914,29.244455337524414,29.362628936767578,0.8423258662223816,0.9976305365562439,1.0016618967056274
step29000,512,1024,2,19211, cabinet,33,5,79,25.732025146484375,29.83247947692871,29.929758071899414,0.8778092861175537,1.0176901817321777,1.0210086107254028
step29000,512,1024,2,19211, cabinet,33,5,80,26.695579528808594,30.1306095123291,30.211854934692383,0.9106794595718384,1.027860403060913,1.0306318998336792
step29000,512,1024,2,19211, cabinet,33,5,81,27.567724227905273,30.166778564453125,30.232038497924805,0.9404314160346985,1.0290942192077637,1.0313204526901245
step29000,512,1024,2,19211, cabinet,33,5,82,28.224390029907227,29.963542938232422,30.013988494873047,0.9628325700759888,1.0221612453460693,1.0238820314407349
step29000,512,1024,2,19211, cabinet,33,5,83,28.55902099609375,29.546180725097656,29.583446502685547,0.9742479920387268,1.0079234838485718,1.0091947317123413
step29000,512,1024,2,19211, cabinet,33,5,84,28.45093536376953,29.758255004882812,29.809226989746094,0.9705607891082764,1.0151580572128296,1.0168968439102173
step29000,512,1024,2,19211, cabinet,33,5,85,27.94774627685547,30.08283805847168,30.14350700378418,0.9533952474594116,1.0262306928634644,1.0283002853393555
step29000,512,1024,2,19211, cabinet,33,5,86,27.174781799316406,30.168167114257812,30.253713607788086,0.9270267486572266,1.0291415452957153,1.032059907913208
step29000,512,1024,2,19211, cabinet,33,5,87,26.232423782348633,30.009037017822266,30.114351272583008,0.8948796391487122,1.0237131118774414,1.0273057222366333
step29000,512,1024,2,19211, cabinet,33,5,88,25.259244918823242,29.584001541137695,29.70172691345215,0.8616811037063599,1.0092136859893799,1.0132297277450562
step29000,512,1024,2,19211, cabinet,33,5,89,24.10466766357422,28.854434967041016,28.994253158569336,0.8222944140434265,0.9843255877494812,0.9890952706336975
step29000,512,1024,2,19211, cabinet,33,5,90,22.76911735534668,27.822690963745117,27.970014572143555,0.7767341136932373,0.9491291642189026,0.954154908657074
step29000,512,1024,2,19211, cabinet,33,5,91,21.215599060058594,26.4378662109375,26.611242294311523,0.7237381935119629,0.9018880128860474,0.9078024625778198
step29000,512,1024,2,19211, cabinet,33,5,92,19.481212615966797,24.71645736694336,24.901636123657227,0.6645722389221191,0.8431647419929504,0.8494818210601807
step29000,512,1024,2,19211, cabinet,33,5,93,17.537099838256836,22.63065528869629,22.832046508789062,0.5982517600059509,0.7720106840133667,0.7788808941841125
step29000,512,1024,2,19211, cabinet,33,5,94,15.418649673461914,20.212064743041992,20.39872932434082,0.525983989238739,0.6895041465759277,0.6958719491958618
step29000,512,1024,2,19211, cabinet,33,5,95,13.109129905700684,17.402830123901367,17.610370635986328,0.44719821214675903,0.5936713218688965,0.6007512807846069
step29000,512,1024,2,19211, cabinet,33,5,96,10.652628898620605,14.311447143554688,14.488988876342773,0.36339840292930603,0.4882134795188904,0.4942700266838074
step29000,512,1024,2,19211, cabinet,33,5,97,8.057269096374512,10.92561149597168,11.072844505310059,0.274861603975296,0.3727107644081116,0.37773340940475464
step29000,512,1024,2,19211, cabinet,33,5,98,5.357844829559326,7.312431335449219,7.417215347290039,0.18277481198310852,0.24945257604122162,0.25302714109420776
step29000,512,1024,2,19211, cabinet,33,5,99,2.5850281715393066,3.540191888809204,3.5934228897094727,0.08818434178829193,0.12076830863952637,0.12258420884609222
step29000,512,1024,2,19211, cabinet,33,5,100,0.22560973465442657,0.30928313732147217,0.3138503134250641,0.007696336135268211,0.0105507280677557,0.010706530883908272
step29000,512,1024,2,19211, cabinet,33,5,101,3.035207509994507,4.152289390563965,4.213902473449707,0.1035415306687355,0.14164909720420837,0.14375093579292297
step29000,512,1024,2,19211, cabinet,33,5,102,5.8052802085876465,7.9058732986450195,8.016057014465332,0.19803838431835175,0.2696969509124756,0.2734557092189789
step29000,512,1024,2,19211, cabinet,33,5,103,8.497180938720703,11.485130310058594,11.637723922729492,0.2898685336112976,0.3917979300022125,0.3970034122467041
step29000,512,1024,2,19211, cabinet,33,5,104,11.077631950378418,14.842731475830078,15.009865760803223,0.3778967261314392,0.5063374638557434,0.5120389461517334
step29000,512,1024,2,19211, cabinet,33,5,105,13.516080856323242,17.88689613342285,18.08001708984375,0.46108072996139526,0.6101844906806946,0.6167725324630737
step29000,512,1024,2,19211, cabinet,33,5,106,15.798758506774902,20.6291561126709,20.812705993652344,0.5389508605003357,0.7037326097488403,0.7099941372871399
step29000,512,1024,2,19211, cabinet,33,5,107,17.895549774169922,22.99488067626953,23.188106536865234,0.6104797124862671,0.7844357490539551,0.791027307510376
step29000,512,1024,2,19211, cabinet,33,5,108,19.816829681396484,25.038827896118164,25.199419021606445,0.6760212779045105,0.8541618585586548,0.8596402406692505
step29000,512,1024,2,19211, cabinet,33,5,109,21.508026123046875,26.688220977783203,26.852134704589844,0.7337139248847961,0.9104284644126892,0.9160201549530029
step29000,512,1024,2,19211, cabinet,33,5,110,23.024490356445312,28.0264892578125,28.156166076660156,0.7854458093643188,0.9560814499855042,0.9605051875114441
step29000,512,1024,2,19211, cabinet,33,5,111,24.325292587280273,28.998838424682617,29.128253936767578,0.8298206925392151,0.9892517328262329,0.9936665296554565
step29000,512,1024,2,19211, cabinet,33,5,112,25.434247970581055,29.693096160888672,29.787160873413086,0.8676510453224182,1.0129352807998657,1.0161441564559937
step29000,512,1024,2,19211, cabinet,33,5,113,26.39588737487793,30.0654296875,30.154407501220703,0.9004559516906738,1.025636911392212,1.028672218322754
step29000,512,1024,2,19211, cabinet,33,5,114,27.327943801879883,30.17791175842285,30.25226402282715,0.9322516322135925,1.0294740200042725,1.0320104360580444
step29000,512,1024,2,19211, cabinet,33,5,115,28.05499267578125,30.054828643798828,30.10451316833496,0.9570538401603699,1.0252751111984253,1.0269701480865479
step29000,512,1024,2,19211, cabinet,33,5,116,28.516002655029297,29.69702911376953,29.736513137817383,0.9727804660797119,1.0130693912506104,1.0144163370132446
step29000,512,1024,2,19211, cabinet,33,5,117,28.520689010620117,29.620634078979492,29.665611267089844,0.9729403257369995,1.0104633569717407,1.0119976997375488
step29000,512,1024,2,19211, cabinet,33,5,118,28.13141441345215,30.004289627075195,30.06388282775879,0.9596608281135559,1.023551106452942,1.025584101676941
step29000,512,1024,2,19211, cabinet,33,5,119,27.428844451904297,30.164901733398438,30.24538803100586,0.9356937408447266,1.029030203819275,1.0317758321762085
step29000,512,1024,2,19211, cabinet,33,5,120,26.53428840637207,30.085031509399414,30.185001373291016,0.9051772952079773,1.0263055562973022,1.029715895652771
step29000,512,1024,2,19211, cabinet,33,5,121,25.56705665588379,29.748645782470703,29.858388900756836,0.8721816539764404,1.014830231666565,1.0185739994049072
step29000,512,1024,2,19211, cabinet,33,5,122,24.485315322875977,29.104328155517578,29.243743896484375,0.835279643535614,0.9928503036499023,0.9976062774658203
step29000,512,1024,2,19211, cabinet,33,5,123,23.190526962280273,28.161848068237305,28.31897735595703,0.7911099195480347,0.9606990218162537,0.9660592675209045
step29000,512,1024,2,19211, cabinet,33,5,124,21.711851119995117,26.88698387145996,27.064746856689453,0.7406671047210693,0.9172089695930481,0.9232730865478516
step29000,512,1024,2,19211, cabinet,33,5,125,20.040306091308594,25.271703720092773,25.464298248291016,0.6836448311805725,0.8621060848236084,0.8686761856079102
step29000,512,1024,2,19211, cabinet,33,5,126,18.155410766601562,23.295673370361328,23.50541114807129,0.6193444728851318,0.7946968078613281,0.8018516898155212
step29000,512,1024,2,19211, cabinet,33,5,127,16.07482147216797,20.989356994628906,21.183237075805664,0.5483683347702026,0.7160202860832214,0.7226341962814331
step29000,512,1024,2,19211, cabinet,33,5,128,13.83036994934082,18.2907772064209,18.50210189819336,0.4718022346496582,0.6239622831344604,0.6311713457107544
step29000,512,1024,3,6574, miles,404,7,1,2.8201112747192383,3.8518242835998535,3.9038875102996826,0.09619494527578354,0.13138702511787415,0.13316291570663452
step29000,512,1024,3,6574, miles,404,7,2,5.607033729553223,7.6106719970703125,7.717202663421631,0.1912578046321869,0.2596026062965393,0.2632363736629486
step29000,512,1024,3,6574, miles,404,7,3,8.30197811126709,11.21972370147705,11.356148719787598,0.2831832468509674,0.3827085494995117,0.3873620331287384
step29000,512,1024,3,6574, miles,404,7,4,10.90679931640625,14.571427345275879,14.750411987304688,0.37203457951545715,0.49703627824783325,0.5031415224075317
step29000,512,1024,3,6574, miles,404,7,5,13.348437309265137,17.668439865112305,17.846172332763672,0.45531967282295227,0.6026763916015625,0.608738899230957
step29000,512,1024,3,6574, miles,404,7,6,15.6515531539917,20.41128158569336,20.60676383972168,0.5338797569274902,0.696235716342926,0.7029036283493042
step29000,512,1024,3,6574, miles,404,7,7,17.761165618896484,22.83228302001953,23.011266708374023,0.6058393120765686,0.778816819190979,0.7849220037460327
step29000,512,1024,3,6574, miles,404,7,8,19.67504119873047,24.869958877563477,25.05225944519043,0.6711222529411316,0.8483226299285889,0.854541003704071
step29000,512,1024,3,6574, miles,404,7,9,21.395381927490234,26.5660343170166,26.73288345336914,0.7298036813735962,0.9061763286590576,0.911867618560791
step29000,512,1024,3,6574, miles,404,7,10,22.926050186157227,27.91575813293457,28.06431007385254,0.7820152640342712,0.9522159099578857,0.9572830200195312
step29000,512,1024,3,6574, miles,404,7,11,24.2371826171875,28.93006706237793,29.06219482421875,0.8267384171485901,0.9868143200874329,0.9913212060928345
step29000,512,1024,3,6574, miles,404,7,12,25.352455139160156,29.646190643310547,29.745452880859375,0.8647807240486145,1.0112415552139282,1.0146273374557495
step29000,512,1024,3,6574, miles,404,7,13,26.316492080688477,30.044815063476562,30.135210037231445,0.8976643681526184,1.0248386859893799,1.0279221534729004
step29000,512,1024,3,6574, miles,404,7,14,27.257701873779297,30.188114166259766,30.253793716430664,0.9297693371772766,1.0297266244888306,1.031967043876648
step29000,512,1024,3,6574, miles,404,7,15,28.019296646118164,30.06621551513672,30.124935150146484,0.9557476043701172,1.0255687236785889,1.027571678161621
step29000,512,1024,3,6574, miles,404,7,16,28.491601943969727,29.730222702026367,29.773427963256836,0.9718580842018127,1.0141078233718872,1.0155816078186035
step29000,512,1024,3,6574, miles,404,7,17,28.562088012695312,29.58846664428711,29.625133514404297,0.9742624163627625,1.009272575378418,1.0105232000350952
step29000,512,1024,3,6574, miles,404,7,18,28.19678497314453,29.992460250854492,30.039569854736328,0.9618017673492432,1.0230529308319092,1.0246597528457642
step29000,512,1024,3,6574, miles,404,7,19,27.507137298583984,30.172958374023438,30.239484786987305,0.9382776618003845,1.0292097330093384,1.031479001045227
step29000,512,1024,3,6574, miles,404,7,20,26.618633270263672,30.116640090942383,30.199321746826172,0.9079704880714417,1.0272886753082275,1.0301090478897095
step29000,512,1024,3,6574, miles,404,7,21,25.653770446777344,29.80478286743164,29.895246505737305,0.8750587105751038,1.0166511535644531,1.019736886024475
step29000,512,1024,3,6574, miles,404,7,22,24.606081008911133,29.18877410888672,29.304262161254883,0.8393216729164124,0.9956388473510742,0.9995782375335693
step29000,512,1024,3,6574, miles,404,7,23,23.323144912719727,28.284770965576172,28.40485954284668,0.7955603003501892,0.9648030400276184,0.9688993096351624
step29000,512,1024,3,6574, miles,404,7,24,21.88920021057129,27.029733657836914,27.177846908569336,0.7466479539871216,0.9219933152198792,0.927045464515686
step29000,512,1024,3,6574, miles,404,7,25,20.21997833251953,25.441518783569336,25.6055908203125,0.689710259437561,0.8678187131881714,0.8734152913093567
step29000,512,1024,3,6574, miles,404,7,26,18.366662979125977,23.4877872467041,23.675735473632812,0.6264930367469788,0.8011763691902161,0.8075872659683228
step29000,512,1024,3,6574, miles,404,7,27,16.31759262084961,21.19053077697754,21.382469177246094,0.5565985441207886,0.7228161096572876,0.729363203048706
step29000,512,1024,3,6574, miles,404,7,28,14.080970764160156,18.534387588500977,18.729490280151367,0.48030662536621094,0.6322142481803894,0.6388692259788513
step29000,512,1024,3,6574, miles,404,7,29,11.671928405761719,15.549102783203125,15.733495712280273,0.39813339710235596,0.5303851366043091,0.5366747975349426
step29000,512,1024,3,6574, miles,404,7,30,9.11683464050293,12.271320343017578,12.425804138183594,0.3109782934188843,0.4185788631439209,0.42384836077690125
step29000,512,1024,3,6574, miles,404,7,31,6.440465927124023,8.72467041015625,8.85511302947998,0.21968644857406616,0.2976014316082001,0.3020508885383606
step29000,512,1024,3,6574, miles,404,7,32,3.6788017749786377,5.015060901641846,5.086896896362305,0.12548516690731049,0.17106540501117706,0.17351576685905457
step29000,512,1024,3,6574, miles,404,7,33,0.8668566346168518,1.1831053495407104,1.2013800144195557,0.02956877090036869,0.040356121957302094,0.040979474782943726
step29000,512,1024,3,6574, miles,404,7,34,1.9576259851455688,2.674257278442383,2.7123446464538574,0.06677527725696564,0.09121981263160706,0.09251898527145386
step29000,512,1024,3,6574, miles,404,7,35,4.7556681632995605,6.465543270111084,6.5627899169921875,0.16221743822097778,0.22054186463356018,0.22385896742343903
step29000,512,1024,3,6574, miles,404,7,36,7.489997386932373,10.13135051727295,10.263219833374023,0.25548630952835083,0.3455837666988373,0.3500818610191345
step29000,512,1024,3,6574, miles,404,7,37,10.118515014648438,13.56770133972168,13.738987922668457,0.34514594078063965,0.4627988636493683,0.4686414897441864
step29000,512,1024,3,6574, miles,404,7,38,12.615815162658691,16.753639221191406,16.93129539489746,0.43032968044281006,0.5714722871780396,0.577532172203064
step29000,512,1024,3,6574, miles,404,7,39,14.957040786743164,19.61090850830078,19.79755973815918,0.5101896524429321,0.66893470287323,0.6753014326095581
step29000,512,1024,3,6574, miles,404,7,40,17.1289119720459,22.128498077392578,22.312498092651367,0.5842729210853577,0.7548105120658875,0.7610868215560913
step29000,512,1024,3,6574, miles,404,7,41,19.113847732543945,24.290285110473633,24.46488380432129,0.6519797444343567,0.8285497426986694,0.8345053791999817
step29000,512,1024,3,6574, miles,404,7,42,20.88564682006836,26.095909118652344,26.255239486694336,0.712416410446167,0.8901402354240417,0.8955750465393066
step29000,512,1024,3,6574, miles,404,7,43,22.45359230041504,27.550081253051758,27.692394256591797,0.7658995389938354,0.9397425055503845,0.9445968866348267
step29000,512,1024,3,6574, miles,404,7,44,23.8548526763916,28.665626525878906,28.790618896484375,0.8136970400810242,0.9777941703796387,0.9820576906204224
step29000,512,1024,3,6574, miles,404,7,45,25.035362243652344,29.461952209472656,29.568098068237305,0.853964626789093,1.0049570798873901,1.0085777044296265
step29000,512,1024,3,6574, miles,404,7,46,26.014842987060547,29.948755264282227,30.045597076416016,0.887374997138977,1.021562099456787,1.0248653888702393
step29000,512,1024,3,6574, miles,404,7,47,26.986154556274414,30.16983413696289,30.244861602783203,0.9205067753791809,1.02910315990448,1.0316623449325562
step29000,512,1024,3,6574, miles,404,7,48,27.806005477905273,30.13157081604004,30.189287185668945,0.9484722018241882,1.0277979373931885,1.0297666788101196
step29000,512,1024,3,6574, miles,404,7,49,28.378273010253906,29.852731704711914,29.90334129333496,0.9679924249649048,1.0182867050170898,1.0200129747390747
step29000,512,1024,3,6574, miles,404,7,50,28.58533477783203,29.42406463623047,29.45917320251465,0.9750553369522095,1.0036647319793701,1.0048623085021973
step29000,512,1024,3,6574, miles,404,7,51,28.35393524169922,29.88974380493164,29.93408966064453,0.9671622514724731,1.0195492506027222,1.021061897277832
step29000,512,1024,3,6574, miles,404,7,52,27.737586975097656,30.14234161376953,30.202556610107422,0.9461383819580078,1.028165340423584,1.030219316482544
step29000,512,1024,3,6574, miles,404,7,53,26.90610694885254,30.162900924682617,30.23867416381836,0.917776346206665,1.0288666486740112,1.0314513444900513
step29000,512,1024,3,6574, miles,404,7,54,25.938901901245117,29.931365966796875,30.017925262451172,0.8847846388816833,1.0209689140319824,1.0239214897155762
step29000,512,1024,3,6574, miles,404,7,55,24.941267013549805,29.405534744262695,29.517364501953125,0.850754976272583,1.0030326843261719,1.0068472623825073
step29000,512,1024,3,6574, miles,404,7,56,23.746097564697266,28.596250534057617,28.714860916137695,0.8099873661994934,0.9754277467727661,0.9794735312461853
step29000,512,1024,3,6574, miles,404,7,57,22.344009399414062,27.44293975830078,27.590116500854492,0.7621616721153259,0.9360878467559814,0.9411081075668335
step29000,512,1024,3,6574, miles,404,7,58,20.755115509033203,25.96283721923828,26.125247955322266,0.7079639434814453,0.8856010437011719,0.8911409974098206
step29000,512,1024,3,6574, miles,404,7,59,18.954830169677734,24.12949562072754,24.306005477905273,0.6465556025505066,0.8230652213096619,0.8290860056877136
step29000,512,1024,3,6574, miles,404,7,60,16.963001251220703,21.92219352722168,22.1240177154541,0.5786136388778687,0.7477734088897705,0.7546576857566833
step29000,512,1024,3,6574, miles,404,7,61,14.7694730758667,19.38249969482422,19.580446243286133,0.5037916898727417,0.6611436009407043,0.6678956151008606
step29000,512,1024,3,6574, miles,404,7,62,12.426398277282715,16.49604034423828,16.686908721923828,0.4238686263561249,0.562685489654541,0.5691960453987122
step29000,512,1024,3,6574, miles,404,7,63,9.905257225036621,13.30193042755127,13.47076416015625,0.33787164092063904,0.45373329520225525,0.4594922959804535
step29000,512,1024,3,6574, miles,404,7,64,7.271399974822998,9.840868949890137,9.974395751953125,0.248029887676239,0.33567532896995544,0.34022998809814453
step29000,512,1024,3,6574, miles,404,7,65,4.532303333282471,6.170333385467529,6.258730888366699,0.1545983850955963,0.21047215163707733,0.2134874165058136
step29000,512,1024,3,6574, miles,404,7,66,1.732756495475769,2.366060972213745,2.4001076221466064,0.059104904532432556,0.0807071328163147,0.081868477165699
step29000,512,1024,3,6574, miles,404,7,67,1.0927952527999878,1.4930365085601807,1.5147689580917358,0.037275612354278564,0.05092797428369522,0.051669277250766754
step29000,512,1024,3,6574, miles,404,7,68,3.9034950733184814,5.320404052734375,5.394175052642822,0.13314951956272125,0.1814807653427124,0.18399712443351746
step29000,512,1024,3,6574, miles,404,7,69,6.65622615814209,9.024181365966797,9.149168968200684,0.22704610228538513,0.30781784653663635,0.3120812177658081
step29000,512,1024,3,6574, miles,404,7,70,9.324254035949707,12.54333209991455,12.70107364654541,0.3180534243583679,0.42785724997520447,0.43323788046836853
step29000,512,1024,3,6574, miles,404,7,71,11.857294082641602,15.811668395996094,15.985514640808105,0.4044562876224518,0.5393413305282593,0.5452712774276733
step29000,512,1024,3,6574, miles,404,7,72,14.259730339050293,18.767427444458008,18.955123901367188,0.4864041805267334,0.640163242816925,0.6465656161308289
step29000,512,1024,3,6574, miles,404,7,73,16.479076385498047,21.38800811767578,21.57952117919922,0.5621068477630615,0.729552149772644,0.7360846996307373
step29000,512,1024,3,6574, miles,404,7,74,18.521167755126953,23.654783248901367,23.843538284301758,0.631763219833374,0.8068726062774658,0.8133111000061035
step29000,512,1024,3,6574, miles,404,7,75,20.368419647216797,25.572248458862305,25.744277954101562,0.6947736144065857,0.8722779750823975,0.8781459331512451
step29000,512,1024,3,6574, miles,404,7,76,22.00620460510254,27.13759994506836,27.288530349731445,0.750639021396637,0.9256726503372192,0.9308209419250488
step29000,512,1024,3,6574, miles,404,7,77,23.44062042236328,28.355443954467773,28.488967895507812,0.7995674014091492,0.9672137498855591,0.9717682600021362
step29000,512,1024,3,6574, miles,404,7,78,24.693252563476562,29.247209548950195,29.36271095275879,0.8422951102256775,0.9976321458816528,1.0015718936920166
step29000,512,1024,3,6574, miles,404,7,79,25.73106575012207,29.8301944732666,29.92970848083496,0.8776952624320984,1.0175179243087769,1.0209124088287354
step29000,512,1024,3,6574, miles,404,7,80,26.69765853881836,30.130136489868164,30.211915969848633,0.9106661081314087,1.0277490615844727,1.030538558959961
step29000,512,1024,3,6574, miles,404,7,81,27.568967819213867,30.16681480407715,30.231863021850586,0.9403867125511169,1.029000163078308,1.0312190055847168
step29000,512,1024,3,6574, miles,404,7,82,28.243947982788086,29.963428497314453,30.014028549194336,0.9634105563163757,1.0220626592636108,1.023788571357727
step29000,512,1024,3,6574, miles,404,7,83,28.574295043945312,29.545576095581055,29.58346939086914,0.9746788144111633,1.0078095197677612,1.0091021060943604
step29000,512,1024,3,6574, miles,404,7,84,28.46381378173828,29.765661239624023,29.80919075012207,0.9709102511405945,1.0153167247772217,1.0168014764785767
step29000,512,1024,3,6574, miles,404,7,85,27.950658798217773,30.08795738220215,30.143733978271484,0.9534063339233398,1.0263103246688843,1.0282129049301147
step29000,512,1024,3,6574, miles,404,7,86,27.18254280090332,30.18313980102539,30.253734588623047,0.9272056818008423,1.0295569896697998,1.0319650173187256
step29000,512,1024,3,6574, miles,404,7,87,26.23412322998047,30.0290584564209,30.11423110961914,0.894854724407196,1.024301290512085,1.027206540107727
step29000,512,1024,3,6574, miles,404,7,88,25.266700744628906,29.600055694580078,29.701963424682617,0.8618556261062622,1.0096678733825684,1.0131438970565796
step29000,512,1024,3,6574, miles,404,7,89,24.132537841796875,28.872949600219727,28.99408721923828,0.823168933391571,0.9848660230636597,0.9889980554580688
step29000,512,1024,3,6574, miles,404,7,90,22.80208396911621,27.833576202392578,27.970462799072266,0.7777867317199707,0.9494126439094543,0.9540818929672241
step29000,512,1024,3,6574, miles,404,7,91,21.247896194458008,26.452312469482422,26.61155128479004,0.7247728705406189,0.9022972583770752,0.9077289700508118
step29000,512,1024,3,6574, miles,404,7,92,19.52567481994629,24.72722816467285,24.902002334594727,0.666027307510376,0.8434540629386902,0.84941565990448
step29000,512,1024,3,6574, miles,404,7,93,17.583602905273438,22.63132095336914,22.83173370361328,0.5997825860977173,0.7719619274139404,0.7787981033325195
step29000,512,1024,3,6574, miles,404,7,94,15.470489501953125,20.197242736816406,20.398656845092773,0.527703583240509,0.6889347434043884,0.695805013179779
step29000,512,1024,3,6574, miles,404,7,95,13.151982307434082,17.416120529174805,17.61044692993164,0.4486185312271118,0.5940696597099304,0.6006982326507568
step29000,512,1024,3,6574, miles,404,7,96,10.697588920593262,14.304024696350098,14.489073753356934,0.36489835381507874,0.4879150688648224,0.49422717094421387
step29000,512,1024,3,6574, miles,404,7,97,8.087709426879883,10.937501907348633,11.072879791259766,0.2758744955062866,0.37308186292648315,0.3776996433734894
step29000,512,1024,3,6574, miles,404,7,98,5.384243965148926,7.312728404998779,7.417044639587402,0.18365836143493652,0.24943961203098297,0.25299787521362305
step29000,512,1024,3,6574, miles,404,7,99,2.5940651893615723,3.5450243949890137,3.5935237407684326,0.08848443627357483,0.12092196941375732,0.12257630378007889
step29000,512,1024,3,6574, miles,404,7,100,0.22646547853946686,0.30916473269462585,0.3138849437236786,0.007724813651293516,0.010545712895691395,0.010706720873713493
step29000,512,1024,3,6574, miles,404,7,101,3.043382406234741,4.157678604125977,4.21384859085083,0.10381079465150833,0.1418198049068451,0.14373579621315002
step29000,512,1024,3,6574, miles,404,7,102,5.824512004852295,7.904147148132324,8.015854835510254,0.19867606461048126,0.2696130871772766,0.2734234929084778
step29000,512,1024,3,6574, miles,404,7,103,8.513651847839355,11.498541831970215,11.63772201538086,0.2904035151004791,0.39221909642219543,0.3969666063785553
step29000,512,1024,3,6574, miles,404,7,104,11.10191535949707,14.831707000732422,15.010092735290527,0.37869006395339966,0.5059145092964172,0.5119993090629578
step29000,512,1024,3,6574, miles,404,7,105,13.531548500061035,17.898954391479492,18.08013343811035,0.46156567335128784,0.6105393767356873,0.6167194247245789
step29000,512,1024,3,6574, miles,404,7,106,15.822120666503906,20.611948013305664,20.812637329101562,0.5396978259086609,0.7030804753303528,0.7099260687828064
step29000,512,1024,3,6574, miles,404,7,107,17.91101837158203,22.996814727783203,23.187713623046875,0.6109508275985718,0.7844290733337402,0.7909407019615173
step29000,512,1024,3,6574, miles,404,7,108,19.822162628173828,25.02139663696289,25.199783325195312,0.6761406064033508,0.8534882068634033,0.8595730662345886
step29000,512,1024,3,6574, miles,404,7,109,21.51190185546875,26.69186782836914,26.852392196655273,0.733778178691864,0.9104685187339783,0.9159440994262695
step29000,512,1024,3,6574, miles,404,7,110,23.032081604003906,28.015758514404297,28.1564998626709,0.7856320142745972,0.955626904964447,0.9604276418685913
step29000,512,1024,3,6574, miles,404,7,111,24.336084365844727,29.0069522857666,29.12827491760254,0.8301119804382324,0.9894368648529053,0.9935752153396606
step29000,512,1024,3,6574, miles,404,7,112,25.436033248901367,29.691614151000977,29.78724479675293,0.8676316142082214,1.0127909183502197,1.0160529613494873
step29000,512,1024,3,6574, miles,404,7,113,26.39554214477539,30.066312789916992,30.154409408569336,0.9003608226776123,1.0255720615386963,1.0285769701004028
step29000,512,1024,3,6574, miles,404,7,114,27.322826385498047,30.18424415588379,30.252334594726562,0.9319908022880554,1.0295947790145874,1.0319173336029053
step29000,512,1024,3,6574, miles,404,7,115,28.0675106048584,30.049116134643555,30.104698181152344,0.9573922157287598,1.024985432624817,1.0268813371658325
step29000,512,1024,3,6574, miles,404,7,116,28.507902145385742,29.693666458129883,29.736398696899414,0.9724141359329224,1.0128610134124756,1.014318585395813
step29000,512,1024,3,6574, miles,404,7,117,28.539365768432617,29.624073028564453,29.665578842163086,0.9734873175621033,1.0104870796203613,1.0119028091430664
step29000,512,1024,3,6574, miles,404,7,118,28.147743225097656,30.01548194885254,30.063772201538086,0.9601289629936218,1.0238381624221802,1.0254853963851929
step29000,512,1024,3,6574, miles,404,7,119,27.434682846069336,30.17622947692871,30.245433807373047,0.9358062148094177,1.029321312904358,1.0316818952560425
step29000,512,1024,3,6574, miles,404,7,120,26.537561416625977,30.101423263549805,30.184873580932617,0.9052051305770874,1.0267696380615234,1.029616117477417
step29000,512,1024,3,6574, miles,404,7,121,25.574262619018555,29.767993927001953,29.858495712280273,0.8723466992378235,1.015396237373352,1.018483281135559
step29000,512,1024,3,6574, miles,404,7,122,24.505924224853516,29.12673568725586,29.243976593017578,0.8359053134918213,0.9935227036476135,0.9975218772888184
step29000,512,1024,3,6574, miles,404,7,123,23.216934204101562,28.19795036315918,28.319116592407227,0.7919374108314514,0.9618415832519531,0.9659745693206787
step29000,512,1024,3,6574, miles,404,7,124,21.751840591430664,26.914247512817383,27.06481170654297,0.7419625520706177,0.9180539846420288,0.9231898188591003
step29000,512,1024,3,6574, miles,404,7,125,20.07048797607422,25.29705238342285,25.464174270629883,0.6846110820770264,0.8628909587860107,0.8685915470123291
step29000,512,1024,3,6574, miles,404,7,126,18.203083038330078,23.311731338500977,23.505369186401367,0.6209132671356201,0.7951709628105164,0.8017760515213013
step29000,512,1024,3,6574, miles,404,7,127,16.13831329345703,20.97391128540039,21.18320083618164,0.5504832863807678,0.7154271602630615,0.7225660681724548
step29000,512,1024,3,6574, miles,404,7,128,13.875722885131836,18.30984878540039,18.500947952270508,0.4733055531978607,0.6245551109313965,0.631073534488678
step41000,512,1024,0,21825, clones,2,0,1,5.7368669509887695,7.863358974456787,8.383339881896973,0.07872459292411804,0.1079055443406105,0.11504102498292923
step41000,512,1024,0,21825, clones,2,0,2,11.343040466308594,15.50874137878418,16.34737205505371,0.15565574169158936,0.2128198742866516,0.22432807087898254
step41000,512,1024,0,21825, clones,2,0,3,16.79374122619629,22.732643127441406,23.57620620727539,0.23045340180397034,0.3119504451751709,0.3235262930393219
step41000,512,1024,0,21825, clones,2,0,4,21.956331253051758,29.339923858642578,30.02208137512207,0.3012974262237549,0.4026193618774414,0.4119803011417389
step41000,512,1024,0,21825, clones,2,0,5,26.897897720336914,35.27758026123047,35.816524505615234,0.3691084682941437,0.48409929871559143,0.4914950132369995
step41000,512,1024,0,21825, clones,2,0,6,31.451496124267578,40.49272537231445,40.90626525878906,0.4315955638885498,0.5556645393371582,0.5613393783569336
step41000,512,1024,0,21825, clones,2,0,7,35.795284271240234,45.1011848449707,45.3891716003418,0.49120351672172546,0.6189044713973999,0.6228563785552979
step41000,512,1024,0,21825, clones,2,0,8,39.76484680175781,49.08142852783203,49.33230209350586,0.5456761717796326,0.6735236644744873,0.6769663095474243
step41000,512,1024,0,21825, clones,2,0,9,43.4763298034668,52.5557746887207,52.766178131103516,0.5966072678565979,0.7212006449699402,0.7240878939628601
step41000,512,1024,0,21825, clones,2,0,10,46.974308013916016,55.5429573059082,55.790374755859375,0.6446085572242737,0.7621924877166748,0.7655876874923706
step41000,512,1024,0,21825, clones,2,0,11,50.19269943237305,58.18703842163086,58.45364761352539,0.6887731552124023,0.7984760403633118,0.80213463306427
step41000,512,1024,0,21825, clones,2,0,12,53.164161682128906,60.464908599853516,60.78889083862305,0.7295492887496948,0.8297343254089355,0.8341802358627319
step41000,512,1024,0,21825, clones,2,0,13,55.890567779541016,62.46913528442383,62.82510757446289,0.7669625878334045,0.8572375178337097,0.8621223568916321
step41000,512,1024,0,21825, clones,2,0,14,58.30747604370117,64.2357406616211,64.59356689453125,0.8001288175582886,0.8814798593521118,0.8863901495933533
step41000,512,1024,0,21825, clones,2,0,15,60.38792419433594,65.77971649169922,66.14021301269531,0.8286778926849365,0.902667224407196,0.9076141119003296
step41000,512,1024,0,21825, clones,2,0,16,62.21854782104492,67.13084411621094,67.48635864257812,0.8537988066673279,0.9212080836296082,0.9260867238044739
step41000,512,1024,0,21825, clones,2,0,17,63.98204803466797,68.29556274414062,68.65052032470703,0.8779985308647156,0.9371910691261292,0.9420620203018188
step41000,512,1024,0,21825, clones,2,0,18,65.40882110595703,69.35466003417969,69.67070770263672,0.8975775837898254,0.9517245888710022,0.956061601638794
step41000,512,1024,0,21825, clones,2,0,19,66.64923095703125,70.267822265625,70.55431365966797,0.9145991802215576,0.9642556309700012,0.9681869745254517
step41000,512,1024,0,21825, clones,2,0,20,67.67436981201172,71.09620666503906,71.33304595947266,0.9286667108535767,0.9756231307983398,0.9788731932640076
step41000,512,1024,0,21825, clones,2,0,21,68.56356811523438,71.80178833007812,72.04023742675781,0.9408687949180603,0.9853055477142334,0.988577663898468
step41000,512,1024,0,21825, clones,2,0,22,69.3899154663086,72.4198226928711,72.68777465820312,0.9522084593772888,0.9937865734100342,0.997463583946228
step41000,512,1024,0,21825, clones,2,0,23,70.04899597167969,72.9539566040039,73.2457504272461,0.9612526893615723,1.0011162757873535,1.0051203966140747
step41000,512,1024,0,21825, clones,2,0,24,70.61908721923828,73.41688537597656,73.6988754272461,0.9690758585929871,1.007468819618225,1.011338472366333
step41000,512,1024,0,21825, clones,2,0,25,71.0438232421875,73.79066467285156,74.0592269897461,0.9749042987823486,1.0125980377197266,1.016283392906189
step41000,512,1024,0,21825, clones,2,0,26,71.40386199951172,74.11014556884766,74.2989501953125,0.9798449873924255,1.016982078552246,1.0195730924606323
step41000,512,1024,0,21825, clones,2,0,27,71.60877227783203,74.35453796386719,74.44293975830078,0.9826568365097046,1.0203359127044678,1.0215489864349365
step41000,512,1024,0,21825, clones,2,0,28,71.71758270263672,74.46189880371094,74.50118255615234,0.9841499924659729,1.0218091011047363,1.022348165512085
step41000,512,1024,0,21825, clones,2,0,29,71.69522857666016,74.45378112792969,74.49913787841797,0.9838432669639587,1.021697759628296,1.0223201513290405
step41000,512,1024,0,21825, clones,2,0,30,71.60347747802734,74.33232116699219,74.42938232421875,0.9825841784477234,1.0200309753417969,1.0213629007339478
step41000,512,1024,0,21825, clones,2,0,31,71.3877182006836,74.10725402832031,74.2674331665039,0.9796234369277954,1.0169425010681152,1.0191404819488525
step41000,512,1024,0,21825, clones,2,0,32,71.06217956542969,73.81318664550781,74.01383209228516,0.9751561880111694,1.0129071474075317,1.0156605243682861
step41000,512,1024,0,21825, clones,2,0,33,70.58963775634766,73.41944885253906,73.63875579833984,0.9686717391014099,1.0075039863586426,1.010513424873352
step41000,512,1024,0,21825, clones,2,0,34,70.04622650146484,72.947265625,73.16861724853516,0.9612147212028503,1.0010244846343994,1.0040619373321533
step41000,512,1024,0,21825, clones,2,0,35,69.33672332763672,72.40778350830078,72.5922622680664,0.9514784812927246,0.9936214089393616,0.9961528778076172
step41000,512,1024,0,21825, clones,2,0,36,68.49281311035156,71.76518249511719,71.94190979003906,0.939897894859314,0.9848031997680664,0.9872283935546875
step41000,512,1024,0,21825, clones,2,0,37,67.55311584472656,71.02902221679688,71.2259292602539,0.9270027875900269,0.9747011661529541,0.9774032831192017
step41000,512,1024,0,21825, clones,2,0,38,66.51072692871094,70.22818756103516,70.42904663085938,0.9126985669136047,0.9637117385864258,0.9664679765701294
step41000,512,1024,0,21825, clones,2,0,39,65.22122955322266,69.30072021484375,69.520751953125,0.8950033187866211,0.9509844183921814,0.9540038704872131
step41000,512,1024,0,21825, clones,2,0,40,63.77824020385742,68.23052215576172,68.49131774902344,0.8752017617225647,0.9362985491752625,0.9398773312568665
step41000,512,1024,0,21825, clones,2,0,41,61.98563766479492,67.0346450805664,67.28974914550781,0.8506026864051819,0.9198880195617676,0.9233887195587158
step41000,512,1024,0,21825, clones,2,0,42,60.10368728637695,65.68327331542969,65.9280776977539,0.8247774243354797,0.9013437032699585,0.9047030806541443
step41000,512,1024,0,21825, clones,2,0,43,57.9613037109375,64.07771301269531,64.3559341430664,0.7953784465789795,0.8793113231658936,0.8831292390823364
step41000,512,1024,0,21825, clones,2,0,44,55.53571319580078,62.3065299987793,62.53058624267578,0.7620930671691895,0.8550060987472534,0.8580807447433472
step41000,512,1024,0,21825, clones,2,0,45,52.762142181396484,60.20936584472656,60.47492218017578,0.7240325212478638,0.826227605342865,0.8298717737197876
step41000,512,1024,0,21825, clones,2,0,46,49.72936248779297,57.834693908691406,58.08406066894531,0.6824150085449219,0.7936410307884216,0.7970629930496216
step41000,512,1024,0,21825, clones,2,0,47,46.45363998413086,55.15500259399414,55.355716705322266,0.6374636292457581,0.7568687200546265,0.7596230506896973
step41000,512,1024,0,21825, clones,2,0,48,42.99470138549805,52.069087982177734,52.274410247802734,0.5899980664253235,0.7145220637321472,0.7173395752906799
step41000,512,1024,0,21825, clones,2,0,49,39.169532775878906,48.52215576171875,48.774559020996094,0.5375069379806519,0.665848970413208,0.669312596321106
step41000,512,1024,0,21825, clones,2,0,50,35.24005889892578,44.41849899291992,44.78358840942383,0.4835844039916992,0.6095362901687622,0.6145462393760681
step41000,512,1024,0,21825, clones,2,0,51,30.811716079711914,39.72432327270508,40.200660705566406,0.42281612753868103,0.5451200604438782,0.5516566634178162
step41000,512,1024,0,21825, clones,2,0,52,26.245969772338867,34.42696762084961,34.97549819946289,0.36016231775283813,0.47242671251296997,0.47995394468307495
step41000,512,1024,0,21825, clones,2,0,53,21.19185447692871,28.312164306640625,29.134918212890625,0.2908068597316742,0.388515830039978,0.3998061418533325
step41000,512,1024,0,21825, clones,2,0,54,16.03396987915039,21.702880859375,22.523860931396484,0.2200273871421814,0.29781946539878845,0.3090853989124298
step41000,512,1024,0,21825, clones,2,0,55,10.489954948425293,14.326318740844727,15.216557502746582,0.1439492106437683,0.1965939998626709,0.20881037414073944
step41000,512,1024,0,21825, clones,2,0,56,4.874796390533447,6.727383613586426,7.203314304351807,0.0668947696685791,0.09231703728437424,0.09884802997112274
step41000,512,1024,0,21825, clones,2,0,57,0.862572193145752,1.184313178062439,1.3308194875717163,0.011836713179945946,0.016251828521490097,0.01826227270066738
step41000,512,1024,0,21825, clones,2,0,58,6.571071147918701,8.955120086669922,9.64928150177002,0.09017203003168106,0.12288731336593628,0.13241299986839294
step41000,512,1024,0,21825, clones,2,0,59,12.165761947631836,16.64772605895996,17.49566650390625,0.16694560647010803,0.22844968736171722,0.24008561670780182
step41000,512,1024,0,21825, clones,2,0,60,17.533666610717773,23.703838348388672,24.623737335205078,0.24060708284378052,0.32527774572372437,0.33790111541748047
step41000,512,1024,0,21825, clones,2,0,61,22.713239669799805,30.274425506591797,30.938077926635742,0.31168416142463684,0.4154431223869324,0.4245501458644867
step41000,512,1024,0,21825, clones,2,0,62,27.543968200683594,36.06351089477539,36.64411163330078,0.3779742121696472,0.49488428235054016,0.5028516054153442
step41000,512,1024,0,21825, clones,2,0,63,32.09476089477539,41.21890640258789,41.6357307434082,0.44042280316352844,0.5656296014785767,0.5713495016098022
step41000,512,1024,0,21825, clones,2,0,64,36.38554382324219,45.73088455200195,46.031768798828125,0.49930340051651,0.6275455355644226,0.6316744685173035
step41000,512,1024,0,21825, clones,2,0,65,40.285919189453125,49.608219146728516,49.890010833740234,0.5528265833854675,0.6807525753974915,0.6846194863319397
step41000,512,1024,0,21825, clones,2,0,66,44.04209518432617,53.01276779174805,53.25554275512695,0.6043710112571716,0.7274717688560486,0.7308032512664795
step41000,512,1024,0,21825, clones,2,0,67,47.47882843017578,55.95207214355469,56.22333908081055,0.6515318751335144,0.7678065299987793,0.7715290784835815
step41000,512,1024,0,21825, clones,2,0,68,50.667457580566406,58.55354309082031,58.83271026611328,0.6952880620956421,0.8035054206848145,0.8073363900184631
step41000,512,1024,0,21825, clones,2,0,69,53.600093841552734,60.786006927490234,61.10246658325195,0.7355313897132874,0.8341406583786011,0.8384832739830017
step41000,512,1024,0,21825, clones,2,0,70,56.245933532714844,62.72969436645508,63.11298370361328,0.7718391418457031,0.8608130216598511,0.8660727739334106
step41000,512,1024,0,21825, clones,2,0,71,58.64913558959961,64.48975372314453,64.83480834960938,0.804817259311676,0.8849655985832214,0.8897006511688232
step41000,512,1024,0,21825, clones,2,0,72,60.6759147644043,65.98473358154297,66.35272979736328,0.8326298594474792,0.9054805636405945,0.9105303883552551
step41000,512,1024,0,21825, clones,2,0,73,62.487831115722656,67.29107666015625,67.6779556274414,0.857494056224823,0.9234068989753723,0.9287159442901611
step41000,512,1024,0,21825, clones,2,0,74,64.20201873779297,68.45983123779297,68.80939483642578,0.8810171484947205,0.9394453167915344,0.9442421793937683
step41000,512,1024,0,21825, clones,2,0,75,65.60594177246094,69.48388671875,69.81544494628906,0.9002825617790222,0.9534980058670044,0.9580478072166443
step41000,512,1024,0,21825, clones,2,0,76,66.8219985961914,70.39138793945312,70.6795425415039,0.9169700145721436,0.9659512639045715,0.969905436038971
step41000,512,1024,0,21825, clones,2,0,77,67.80149841308594,71.1994400024414,71.44087219238281,0.9304112792015076,0.9770397543907166,0.9803528189659119
step41000,512,1024,0,21825, clones,2,0,78,68.68748474121094,71.89827728271484,72.13990020751953,0.9425692558288574,0.9866296052932739,0.9899452924728394
step41000,512,1024,0,21825, clones,2,0,79,69.4843521118164,72.49818420410156,72.77952575683594,0.9535043239593506,0.9948618412017822,0.9987226128578186
step41000,512,1024,0,21825, clones,2,0,80,70.14588928222656,73.03280639648438,73.32161712646484,0.9625823497772217,1.002198338508606,1.0061614513397217
step41000,512,1024,0,21825, clones,2,0,81,70.67157745361328,73.47643280029297,73.75944519042969,0.9697961211204529,1.0082859992980957,1.012169599533081
step41000,512,1024,0,21825, clones,2,0,82,71.09473419189453,73.83861541748047,74.10254669189453,0.975602924823761,1.0132560729980469,1.0168778896331787
step41000,512,1024,0,21825, clones,2,0,83,71.43705749511719,74.1589126586914,74.32887268066406,0.9803004860877991,1.0176513195037842,1.0199836492538452
step41000,512,1024,0,21825, clones,2,0,84,71.64263916015625,74.37836456298828,74.4550552368164,0.9831215739250183,1.020662784576416,1.0217151641845703
step41000,512,1024,0,21825, clones,2,0,85,71.71002197265625,74.46483612060547,74.50174713134766,0.9840462803840637,1.021849513053894,1.0223559141159058
step41000,512,1024,0,21825, clones,2,0,86,71.71286010742188,74.44304656982422,74.49519348144531,0.984085202217102,1.0215502977371216,1.0222660303115845
step41000,512,1024,0,21825, clones,2,0,87,71.58142852783203,74.30516052246094,74.4135971069336,0.9822816252708435,1.0196583271026611,1.021146297454834
step41000,512,1024,0,21825, clones,2,0,88,71.3269271850586,74.0645751953125,74.23667907714844,0.978789210319519,1.0163568258285522,1.0187184810638428
step41000,512,1024,0,21825, clones,2,0,89,70.98734283447266,73.75614929199219,73.96468353271484,0.9741292595863342,1.0121244192123413,1.0149860382080078
step41000,512,1024,0,21825, clones,2,0,90,70.53901672363281,73.36823272705078,73.5774154663086,0.9679770469665527,1.0068012475967407,1.009671688079834
step41000,512,1024,0,21825, clones,2,0,91,69.94220733642578,72.86933898925781,73.09056854248047,0.9597873091697693,0.9999550580978394,1.002990961074829
step41000,512,1024,0,21825, clones,2,0,92,69.24613189697266,72.32784271240234,72.49756622314453,0.9502353668212891,0.9925243854522705,0.9948533773422241
step41000,512,1024,0,21825, clones,2,0,93,68.35356903076172,71.67603302001953,71.84165954589844,0.9379870891571045,0.9835798740386963,0.9858526587486267
step41000,512,1024,0,21825, clones,2,0,94,67.41454315185547,70.91334533691406,71.11549377441406,0.9251012206077576,0.9731138348579407,0.9758878350257874
step41000,512,1024,0,21825, clones,2,0,95,66.33760833740234,70.09065246582031,70.30549621582031,0.910322904586792,0.961824357509613,0.9647725820541382
step41000,512,1024,0,21825, clones,2,0,96,65.01488494873047,69.15436553955078,69.37781524658203,0.8921717405319214,0.9489760398864746,0.9520424008369446
step41000,512,1024,0,21825, clones,2,0,97,63.5161247253418,68.0726318359375,68.33003997802734,0.871604859828949,0.9341318607330322,0.9376642107963562
step41000,512,1024,0,21825, clones,2,0,98,61.72703552246094,66.85625457763672,67.10333251953125,0.8470539450645447,0.9174400568008423,0.9208306074142456
step41000,512,1024,0,21825, clones,2,0,99,59.80833053588867,65.46070861816406,65.70903015136719,0.820724368095398,0.8982895612716675,0.9016972184181213
step41000,512,1024,0,21825, clones,2,0,100,57.61000061035156,63.8253288269043,64.10604095458984,0.7905576229095459,0.8758479952812195,0.8797000646591187
step41000,512,1024,0,21825, clones,2,0,101,55.13212203979492,62.016536712646484,62.2438850402832,0.7565547823905945,0.8510266542434692,0.8541464805603027
step41000,512,1024,0,21825, clones,2,0,102,52.32284164428711,59.88023376464844,60.14636993408203,0.7180042266845703,0.8217110633850098,0.8253631591796875
step41000,512,1024,0,21825, clones,2,0,103,49.338924407958984,57.45066833496094,57.71438217163086,0.677057147026062,0.788371205329895,0.7919900417327881
step41000,512,1024,0,21825, clones,2,0,104,46.02043533325195,54.71259307861328,54.93761444091797,0.6315189599990845,0.7507977485656738,0.7538856267929077
step41000,512,1024,0,21825, clones,2,0,105,42.39081954956055,51.56062698364258,51.800445556640625,0.5817112922668457,0.7075446248054504,0.7108355760574341
step41000,512,1024,0,21825, clones,2,0,106,38.64833068847656,47.955726623535156,48.22478485107422,0.5303546786308289,0.6580761671066284,0.6617683172225952
step41000,512,1024,0,21825, clones,2,0,107,34.58894729614258,43.753501892089844,44.15342712402344,0.47464948892593384,0.6004108190536499,0.6058987975120544
step41000,512,1024,0,21825, clones,2,0,108,30.14569664001465,38.94272232055664,39.49407958984375,0.4136766195297241,0.5343944430351257,0.5419605374336243
step41000,512,1024,0,21825, clones,2,0,109,25.51807403564453,33.59516525268555,34.16930389404297,0.3501737117767334,0.46101221442222595,0.46889087557792664
step41000,512,1024,0,21825, clones,2,0,110,20.403987884521484,27.33269691467285,28.23488426208496,0.27999529242515564,0.37507501244544983,0.38745537400245667
step41000,512,1024,0,21825, clones,2,0,111,15.223381996154785,20.667041778564453,21.511974334716797,0.20890402793884277,0.28360506892204285,0.2951997220516205
step41000,512,1024,0,21825, clones,2,0,112,9.66874885559082,13.144591331481934,14.091577529907227,0.13268014788627625,0.18037766218185425,0.19337275624275208
step41000,512,1024,0,21825, clones,2,0,113,4.016679763793945,5.566123962402344,6.000819683074951,0.055119194090366364,0.07638156414031982,0.08234670758247375
step41000,512,1024,0,21825, clones,2,0,114,1.7124816179275513,2.358138084411621,2.617978096008301,0.023499660193920135,0.03235973045229912,0.035925403237342834
step41000,512,1024,0,21825, clones,2,0,115,7.387441635131836,10.085807800292969,10.88850212097168,0.10137473046779633,0.1384032666683197,0.14941830933094025
step41000,512,1024,0,21825, clones,2,0,116,12.993559837341309,17.764062881469727,18.61015510559082,0.17830511927604675,0.24376872181892395,0.2553792893886566
step41000,512,1024,0,21825, clones,2,0,117,18.278749465942383,24.674217224121094,25.637008666992188,0.2508315443992615,0.33859381079673767,0.35180580615997314
step41000,512,1024,0,21825, clones,2,0,118,23.486827850341797,31.23206901550293,31.83721351623535,0.3222998082637787,0.428584486246109,0.43688860535621643
step41000,512,1024,0,21825, clones,2,0,119,28.18524169921875,36.85493850708008,37.44529342651367,0.3867741525173187,0.5057446956634521,0.5138459205627441
step41000,512,1024,0,21825, clones,2,0,120,32.805179595947266,41.9212760925293,42.34574508666992,0.4501715898513794,0.5752679109573364,0.5810927152633667
step41000,512,1024,0,21825, clones,2,0,121,36.97882843017578,46.35514450073242,46.6456413269043,0.5074447989463806,0.6361120343208313,0.6400983929634094
step41000,512,1024,0,21825, clones,2,0,122,40.86813735961914,50.133460998535156,50.42695617675781,0.5608161687850952,0.6879602670669556,0.6919877529144287
step41000,512,1024,0,21825, clones,2,0,123,44.536251068115234,53.458534240722656,53.72806167602539,0.6111521124839783,0.7335888147354126,0.7372874617576599
step41000,512,1024,0,21825, clones,2,0,124,47.95743942260742,56.34865188598633,56.64165115356445,0.6580996513366699,0.7732486724853516,0.7772694230079651
step41000,512,1024,0,21825, clones,2,0,125,51.08750915527344,58.89833068847656,59.19542694091797,0.7010522484779358,0.808236837387085,0.8123137950897217
step41000,512,1024,0,21825, clones,2,0,126,54.031219482421875,61.08427810668945,61.4260368347168,0.7414475679397583,0.8382337093353271,0.8429235219955444
step41000,512,1024,0,21825, clones,2,0,127,56.6029167175293,63.00261306762695,63.388023376464844,0.7767378687858582,0.8645581603050232,0.8698469996452332
step41000,512,1024,0,21825, clones,2,0,128,58.949195861816406,64.68415069580078,65.08362579345703,0.8089348673820496,0.8876332640647888,0.8931150436401367
step41000,512,1024,1,23778, motive,8,2,1,5.716578483581543,7.859556198120117,8.384806632995605,0.07834310829639435,0.10771165043115616,0.11490996181964874
step41000,512,1024,1,23778, motive,8,2,2,11.37496566772461,15.511028289794922,16.347393035888672,0.15588873624801636,0.21257159113883972,0.22403359413146973
step41000,512,1024,1,23778, motive,8,2,3,16.778287887573242,22.727855682373047,23.577219009399414,0.229938805103302,0.3114749491214752,0.3231150805950165
step41000,512,1024,1,23778, motive,8,2,4,22.039392471313477,29.338912963867188,30.021446228027344,0.30203986167907715,0.40207648277282715,0.4114302694797516
step41000,512,1024,1,23778, motive,8,2,5,26.90239906311035,35.28282928466797,35.81596755981445,0.36868515610694885,0.48353514075279236,0.4908415675163269
step41000,512,1024,1,23778, motive,8,2,6,31.561113357543945,40.48008346557617,40.905914306640625,0.4325307011604309,0.5547611117362976,0.5605969429016113
step41000,512,1024,1,23778, motive,8,2,7,35.8494987487793,45.09638214111328,45.39002227783203,0.4913010895252228,0.6180254220962524,0.6220496296882629
step41000,512,1024,1,23778, motive,8,2,8,39.86891174316406,49.08584213256836,49.331790924072266,0.5463852882385254,0.6726991534233093,0.6760697960853577
step41000,512,1024,1,23778, motive,8,2,9,43.604610443115234,52.537715911865234,52.76543426513672,0.5975813865661621,0.7200055122375488,0.7231262922286987
step41000,512,1024,1,23778, motive,8,2,10,47.09654998779297,55.55832290649414,55.789730072021484,0.6454368233680725,0.7614015936851501,0.7645729184150696
step41000,512,1024,1,23778, motive,8,2,11,50.241050720214844,58.1970100402832,58.45191955566406,0.6885307431221008,0.7975635528564453,0.801056981086731
step41000,512,1024,1,23778, motive,8,2,12,53.26970672607422,60.521732330322266,60.788028717041016,0.7300370931625366,0.8294228315353394,0.833072304725647
step41000,512,1024,1,23778, motive,8,2,13,55.94340515136719,62.527099609375,62.8242073059082,0.7666789293289185,0.856905460357666,0.8609772324562073
step41000,512,1024,1,23778, motive,8,2,14,58.34075927734375,64.3329086303711,64.59374237060547,0.7995336055755615,0.8816533088684082,0.8852278590202332
step41000,512,1024,1,23778, motive,8,2,15,60.405555725097656,65.83306121826172,66.13983917236328,0.8278306722640991,0.9022121429443359,0.9064164161682129
step41000,512,1024,1,23778, motive,8,2,16,62.273746490478516,67.21891784667969,67.48654174804688,0.85343337059021,0.9212047457695007,0.9248723983764648
step41000,512,1024,1,23778, motive,8,2,17,63.99323654174805,68.369140625,68.65090942382812,0.876998245716095,0.9369679689407349,0.9408295154571533
step41000,512,1024,1,23778, motive,8,2,18,65.42977905273438,69.43460845947266,69.671142578125,0.8966853618621826,0.9515697956085205,0.9548113346099854
step41000,512,1024,1,23778, motive,8,2,19,66.6865234375,70.31808471679688,70.5542221069336,0.9139084815979004,0.9636773467063904,0.9669135212898254
step41000,512,1024,1,23778, motive,8,2,20,67.683837890625,71.13014221191406,71.33308410644531,0.9275762438774109,0.9748062491416931,0.9775875210762024
step41000,512,1024,1,23778, motive,8,2,21,68.61723327636719,71.82157897949219,72.04031372070312,0.9403679966926575,0.9842821359634399,0.9872797727584839
step41000,512,1024,1,23778, motive,8,2,22,69.47789764404297,72.41889953613281,72.68807220458984,0.9521629810333252,0.9924681186676025,0.9961569905281067
step41000,512,1024,1,23778, motive,8,2,23,70.1548080444336,72.97309112548828,73.24602508544922,0.9614397883415222,1.0000629425048828,1.0038034915924072
step41000,512,1024,1,23778, motive,8,2,24,70.67871856689453,73.41992950439453,73.69872283935547,0.968619704246521,1.006186842918396,1.0100075006484985
step41000,512,1024,1,23778, motive,8,2,25,71.11738586425781,73.79753875732422,74.05960083007812,0.9746314287185669,1.0113617181777954,1.0149531364440918
step41000,512,1024,1,23778, motive,8,2,26,71.45281219482422,74.11021423339844,74.29878234863281,0.9792283177375793,1.0156468152999878,1.0182310342788696
step41000,512,1024,1,23778, motive,8,2,27,71.6479263305664,74.35182189941406,74.44306945800781,0.9819022417068481,1.0189579725265503,1.020208477973938
step41000,512,1024,1,23778, motive,8,2,28,71.75052642822266,74.46060943603516,74.50132751464844,0.9833083748817444,1.0204486846923828,1.0210068225860596
step41000,512,1024,1,23778, motive,8,2,29,71.70594024658203,74.45462799072266,74.49934387207031,0.9826973080635071,1.0203667879104614,1.020979642868042
step41000,512,1024,1,23778, motive,8,2,30,71.62480163574219,74.33027648925781,74.42947387695312,0.9815853238105774,1.018662691116333,1.0200221538543701
step41000,512,1024,1,23778, motive,8,2,31,71.33978271484375,74.10208892822266,74.26731872558594,0.9776793122291565,1.0155354738235474,1.0177998542785645
step41000,512,1024,1,23778, motive,8,2,32,70.9920425415039,73.7951431274414,74.01322937011719,0.9729136824607849,1.011328935623169,1.0143176317214966
step41000,512,1024,1,23778, motive,8,2,33,70.54105377197266,73.4356689453125,73.63883209228516,0.9667330980300903,1.0064024925231934,1.0091867446899414
step41000,512,1024,1,23778, motive,8,2,34,69.95795440673828,72.93016815185547,73.16886138916016,0.9587419629096985,0.9994747638702393,1.0027459859848022
step41000,512,1024,1,23778, motive,8,2,35,69.27120208740234,72.40259552001953,72.59297180175781,0.9493303298950195,0.9922447204589844,0.994853675365448
step41000,512,1024,1,23778, motive,8,2,36,68.40275573730469,71.775634765625,71.94141387939453,0.9374286532402039,0.9836524724960327,0.9859243631362915
step41000,512,1024,1,23778, motive,8,2,37,67.53166198730469,71.02722930908203,71.22608184814453,0.9254907369613647,0.9733958840370178,0.9761210680007935
step41000,512,1024,1,23778, motive,8,2,38,66.4862060546875,70.19242858886719,70.4289779663086,0.9111632108688354,0.9619553685188293,0.9651971459388733
step41000,512,1024,1,23778, motive,8,2,39,65.19908905029297,69.26477813720703,69.52045440673828,0.8935238718986511,0.9492422938346863,0.9527462124824524
step41000,512,1024,1,23778, motive,8,2,40,63.69809341430664,68.17826080322266,68.49185943603516,0.8729534149169922,0.9343520998954773,0.9386498332023621
step41000,512,1024,1,23778, motive,8,2,41,61.94075393676758,66.9750747680664,67.289794921875,0.8488698601722717,0.9178629517555237,0.9221760630607605
step41000,512,1024,1,23778, motive,8,2,42,60.08397674560547,65.60777282714844,65.9278564453125,0.8234235644340515,0.8991247415542603,0.9035112857818604
step41000,512,1024,1,23778, motive,8,2,43,57.90127182006836,64.03146362304688,64.3558578491211,0.7935106158256531,0.8775221109390259,0.8819677829742432
step41000,512,1024,1,23778, motive,8,2,44,55.45738983154297,62.22825622558594,62.530235290527344,0.7600183486938477,0.8528099656105042,0.8569484353065491
step41000,512,1024,1,23778, motive,8,2,45,52.653812408447266,60.163272857666016,60.47480773925781,0.7215965390205383,0.8245102763175964,0.8287797570228577
step41000,512,1024,1,23778, motive,8,2,46,49.632164001464844,57.802066802978516,58.08298873901367,0.6801862716674805,0.7921510338783264,0.7960009574890137
step41000,512,1024,1,23778, motive,8,2,47,46.35955810546875,55.11298370361328,55.35516357421875,0.635336697101593,0.7552984356880188,0.7586173415184021
step41000,512,1024,1,23778, motive,8,2,48,42.90343475341797,52.04790115356445,52.27383804321289,0.5879720449447632,0.7132928371429443,0.7163891792297363
step41000,512,1024,1,23778, motive,8,2,49,39.01994705200195,48.51607131958008,48.77300262451172,0.5347506403923035,0.6648906469345093,0.6684118509292603
step41000,512,1024,1,23778, motive,8,2,50,35.0017204284668,44.40607833862305,44.7833366394043,0.47968268394470215,0.6085651516914368,0.6137352585792542
step41000,512,1024,1,23778, motive,8,2,51,30.742273330688477,39.73521041870117,40.20123291015625,0.42130887508392334,0.5445529818534851,0.5509396195411682
step41000,512,1024,1,23778, motive,8,2,52,26.034709930419922,34.440853118896484,34.9765510559082,0.3567938804626465,0.4719962477684021,0.4793377220630646
step41000,512,1024,1,23778, motive,8,2,53,21.153949737548828,28.360074996948242,29.13694953918457,0.28990527987480164,0.3886619210243225,0.3993086516857147
step41000,512,1024,1,23778, motive,8,2,54,15.951332092285156,21.683006286621094,22.523740768432617,0.21860575675964355,0.2971557378768921,0.30867764353752136
step41000,512,1024,1,23778, motive,8,2,55,10.493062973022461,14.361613273620605,15.216314315795898,0.14380265772342682,0.19681937992572784,0.2085326761007309
step41000,512,1024,1,23778, motive,8,2,56,4.8629279136657715,6.7330641746521,7.202152729034424,0.06664421409368515,0.09227358549833298,0.09870222955942154
step41000,512,1024,1,23778, motive,8,2,57,0.8588862419128418,1.1817166805267334,1.3264906406402588,0.011770645156502724,0.016194891184568405,0.018178950995206833
step41000,512,1024,1,23778, motive,8,2,58,6.557904243469238,8.964520454406738,9.647504806518555,0.08987309783697128,0.12285467237234116,0.13221466541290283
step41000,512,1024,1,23778, motive,8,2,59,12.1906099319458,16.680618286132812,17.491052627563477,0.1670667678117752,0.22860029339790344,0.23970693349838257
step41000,512,1024,1,23778, motive,8,2,60,17.58052635192871,23.698253631591797,24.616994857788086,0.2409331202507019,0.32477378845214844,0.33736473321914673
step41000,512,1024,1,23778, motive,8,2,61,22.804048538208008,30.317916870117188,30.934301376342773,0.3125191330909729,0.4154932498931885,0.4239405393600464
step41000,512,1024,1,23778, motive,8,2,62,27.66486930847168,36.06605529785156,36.6381721496582,0.3791344463825226,0.49426892399787903,0.5021094679832458
step41000,512,1024,1,23778, motive,8,2,63,32.19843292236328,41.205326080322266,41.63541793823242,0.44126489758491516,0.5647002458572388,0.5705944895744324
step41000,512,1024,1,23778, motive,8,2,64,36.51646423339844,45.734825134277344,46.02945327758789,0.5004415512084961,0.6267749667167664,0.6308127641677856
step41000,512,1024,1,23778, motive,8,2,65,40.415531158447266,49.606773376464844,49.88687515258789,0.5538764595985413,0.679838240146637,0.6836769580841064
step41000,512,1024,1,23778, motive,8,2,66,44.154266357421875,53.00756072998047,53.25236892700195,0.6051141619682312,0.7264445424079895,0.7297995090484619
step41000,512,1024,1,23778, motive,8,2,67,47.56853485107422,55.96311569213867,56.2203483581543,0.6519051790237427,0.7669490575790405,0.7704743146896362
step41000,512,1024,1,23778, motive,8,2,68,50.72439193725586,58.56980895996094,58.83285140991211,0.6951547265052795,0.8026726245880127,0.8062775135040283
step41000,512,1024,1,23778, motive,8,2,69,53.6702766418457,60.84451675415039,61.10489273071289,0.7355267405509949,0.833846390247345,0.8374148011207581
step41000,512,1024,1,23778, motive,8,2,70,56.344390869140625,62.82060623168945,63.11051559448242,0.7721742391586304,0.8609278798103333,0.8649009466171265
step41000,512,1024,1,23778, motive,8,2,71,58.660152435302734,64.57230377197266,64.8371810913086,0.8039107322692871,0.8849340677261353,0.8885641098022461
step41000,512,1024,1,23778, motive,8,2,72,60.70184326171875,66.0531005859375,66.35203552246094,0.8318911790847778,0.9052277207374573,0.9093244671821594
step41000,512,1024,1,23778, motive,8,2,73,62.56010055541992,67.3833999633789,67.67728424072266,0.8573577404022217,0.9234588742256165,0.9274864196777344
step41000,512,1024,1,23778, motive,8,2,74,64.21824645996094,68.5231704711914,68.80933380126953,0.8800818920135498,0.9390789270401001,0.9430006742477417
step41000,512,1024,1,23778, motive,8,2,75,65.63512420654297,69.56218719482422,69.8156967163086,0.8994995355606079,0.953318178653717,0.956792414188385
step41000,512,1024,1,23778, motive,8,2,76,66.85753631591797,70.43234252929688,70.67953491210938,0.9162521362304688,0.9652432799339294,0.9686309099197388
step41000,512,1024,1,23778, motive,8,2,77,67.82675170898438,71.24128723144531,71.44084167480469,0.9295347929000854,0.9763294458389282,0.9790642857551575
step41000,512,1024,1,23778, motive,8,2,78,68.7650375366211,71.91839599609375,72.13993835449219,0.9423936009407043,0.9856089353561401,0.988645076751709
step41000,512,1024,1,23778, motive,8,2,79,69.59174346923828,72.49510955810547,72.77994537353516,0.9537231922149658,0.9935125708580017,0.997416079044342
step41000,512,1024,1,23778, motive,8,2,80,70.2701187133789,73.03883361816406,73.32131958007812,0.9630200266838074,1.0009640455245972,1.0048353672027588
step41000,512,1024,1,23778, motive,8,2,81,70.7637939453125,73.47612762451172,73.75930786132812,0.9697856307029724,1.006956934928894,1.0108377933502197
step41000,512,1024,1,23778, motive,8,2,82,71.21587371826172,73.84895324707031,74.10224914550781,0.9759811758995056,1.01206636428833,1.0155376195907593
step41000,512,1024,1,23778, motive,8,2,83,71.4588851928711,74.15840911865234,74.32948303222656,0.9793115258216858,1.0163073539733887,1.0186517238616943
step41000,512,1024,1,23778, motive,8,2,84,71.6851577758789,74.3781967163086,74.45510864257812,0.9824125170707703,1.0193194150924683,1.0203734636306763
step41000,512,1024,1,23778, motive,8,2,85,71.72880554199219,74.46497344970703,74.50184631347656,0.9830107092857361,1.0205085277557373,1.0210139751434326
step41000,512,1024,1,23778, motive,8,2,86,71.70903015136719,74.4430923461914,74.49520111083984,0.9827396869659424,1.020208716392517,1.0209228992462158
step41000,512,1024,1,23778, motive,8,2,87,71.56841278076172,74.30374145507812,74.41340637207031,0.9808125495910645,1.0182991027832031,1.0198018550872803
step41000,512,1024,1,23778, motive,8,2,88,71.29461669921875,74.06684875488281,74.23643493652344,0.9770603179931641,1.0150524377822876,1.0173765420913696
step41000,512,1024,1,23778, motive,8,2,89,70.91593170166016,73.7396011352539,73.96430206298828,0.9718706011772156,1.0105677843093872,1.013647198677063
step41000,512,1024,1,23778, motive,8,2,90,70.46868133544922,73.36641693115234,73.57746124267578,0.9657412767410278,1.0054534673690796,1.0083457231521606
step41000,512,1024,1,23778, motive,8,2,91,69.83187866210938,72.86051940917969,73.0908432006836,0.9570141434669495,0.9985203146934509,1.0016767978668213
step41000,512,1024,1,23778, motive,8,2,92,69.1422119140625,72.32227325439453,72.4979019165039,0.947562575340271,0.9911438822746277,0.9935507774353027
step41000,512,1024,1,23778, motive,8,2,93,68.25187683105469,71.67069244384766,71.84165954589844,0.9353609681129456,0.9822143316268921,0.9845572710037231
step41000,512,1024,1,23778, motive,8,2,94,67.38785552978516,70.91490173339844,71.11592102050781,0.9235199093818665,0.9718564748764038,0.9746114015579224
step41000,512,1024,1,23778, motive,8,2,95,66.29280090332031,70.07198333740234,70.30543518066406,0.9085127115249634,0.9603046774864197,0.9635040163993835
step41000,512,1024,1,23778, motive,8,2,96,64.98281860351562,69.10250091552734,69.37774658203125,0.89055997133255,0.9470183849334717,0.9507904648780823
step41000,512,1024,1,23778, motive,8,2,97,63.421966552734375,68.01882934570312,68.32967376708984,0.8691692352294922,0.9321671724319458,0.936427116394043
step41000,512,1024,1,23778, motive,8,2,98,61.66256332397461,66.77925109863281,67.1026382446289,0.8450574278831482,0.9151792526245117,0.9196111559867859
step41000,512,1024,1,23778, motive,8,2,99,59.76173782348633,65.38020324707031,65.70928192138672,0.8190074563026428,0.8960059881210327,0.9005158543586731
step41000,512,1024,1,23778, motive,8,2,100,57.56138610839844,63.7655029296875,64.10711669921875,0.7888526320457458,0.873877227306366,0.878558874130249
step41000,512,1024,1,23778, motive,8,2,101,55.04547119140625,61.9365119934082,62.24342346191406,0.7543731927871704,0.8488117456436157,0.8530178070068359
step41000,512,1024,1,23778, motive,8,2,102,52.21184539794922,59.823394775390625,60.14809036254883,0.7155396342277527,0.8198524713516235,0.8243022561073303
step41000,512,1024,1,23778, motive,8,2,103,49.13695526123047,57.40606689453125,57.713748931884766,0.6733996272087097,0.7867240309715271,0.7909407019615173
step41000,512,1024,1,23778, motive,8,2,104,45.82891082763672,54.66790008544922,54.93721008300781,0.6280643939971924,0.7491986751556396,0.7528895139694214
step41000,512,1024,1,23778, motive,8,2,105,42.307491302490234,51.542972564697266,51.80009841918945,0.5798049569129944,0.7063729763031006,0.7098968029022217
step41000,512,1024,1,23778, motive,8,2,106,38.46609878540039,47.95893859863281,48.2257194519043,0.5271604061126709,0.6572554111480713,0.6609115600585938
step41000,512,1024,1,23778, motive,8,2,107,34.32950973510742,43.759918212890625,44.15614318847656,0.4704703390598297,0.5997098088264465,0.6051398515701294
step41000,512,1024,1,23778, motive,8,2,108,30.02009391784668,38.95499038696289,39.492706298828125,0.41141173243522644,0.533860445022583,0.5412296056747437
step41000,512,1024,1,23778, motive,8,2,109,25.369417190551758,33.57939529418945,34.16942596435547,0.3476763367652893,0.4601903259754181,0.4682764410972595
step41000,512,1024,1,23778, motive,8,2,110,20.365514755249023,27.315879821777344,28.232284545898438,0.27910012006759644,0.37435171008110046,0.386910617351532
step41000,512,1024,1,23778, motive,8,2,111,15.13744831085205,20.67820930480957,21.510494232177734,0.20745185017585754,0.2833854556083679,0.2947915494441986
step41000,512,1024,1,23778, motive,8,2,112,9.652984619140625,13.157326698303223,14.092707633972168,0.13228976726531982,0.18031518161296844,0.1931341588497162
step41000,512,1024,1,23778, motive,8,2,113,4.008007049560547,5.577170372009277,5.9994049072265625,0.05492791533470154,0.07643258571624756,0.08221911638975143
step41000,512,1024,1,23778, motive,8,2,114,1.7115062475204468,2.3663535118103027,2.6170713901519775,0.023455414921045303,0.03242979571223259,0.035865772515535355
step41000,512,1024,1,23778, motive,8,2,115,7.3834614753723145,10.093250274658203,10.87777328491211,0.10118698328733444,0.13832339644432068,0.14907494187355042
step41000,512,1024,1,23778, motive,8,2,116,13.004534721374512,17.765506744384766,18.612014770507812,0.17822124063968658,0.24346821010112762,0.25506919622421265
step41000,512,1024,1,23778, motive,8,2,117,18.34199333190918,24.683385848999023,25.63527488708496,0.2513686716556549,0.33827459812164307,0.3513197898864746
step41000,512,1024,1,23778, motive,8,2,118,23.53743553161621,31.23026466369629,31.838321685791016,0.3225698471069336,0.42799657583236694,0.43632972240448
step41000,512,1024,1,23778, motive,8,2,119,28.281770706176758,36.85505294799805,37.444000244140625,0.3875887989997864,0.5050817728042603,0.5131530165672302
step41000,512,1024,1,23778, motive,8,2,120,32.92363739013672,41.92524337768555,42.34175491333008,0.45120349526405334,0.5745664238929749,0.5802745223045349
step41000,512,1024,1,23778, motive,8,2,121,37.059112548828125,46.349849700927734,46.641902923583984,0.507878303527832,0.6352035999298096,0.639206051826477
step41000,512,1024,1,23778, motive,8,2,122,41.02467727661133,50.136871337890625,50.426700592041016,0.5622245669364929,0.6871030330657959,0.6910750269889832
step41000,512,1024,1,23778, motive,8,2,123,44.7087516784668,53.456851959228516,53.72770309448242,0.612713098526001,0.7326018810272217,0.7363137602806091
step41000,512,1024,1,23778, motive,8,2,124,48.09228515625,56.366065979003906,56.64134216308594,0.6590828895568848,0.7724713683128357,0.7762438654899597
step41000,512,1024,1,23778, motive,8,2,125,51.18392562866211,58.92813491821289,59.201255798339844,0.7014524340629578,0.8075833320617676,0.8113263249397278
step41000,512,1024,1,23778, motive,8,2,126,54.10081481933594,61.15056228637695,61.426448822021484,0.7414270639419556,0.8380407094955444,0.841821551322937
step41000,512,1024,1,23778, motive,8,2,127,56.700233459472656,63.079322814941406,63.39103317260742,0.7770509123802185,0.8644734621047974,0.8687453269958496
step41000,512,1024,1,23778, motive,8,2,128,58.98854064941406,64.80322265625,65.0840835571289,0.8084111213684082,0.8880986571311951,0.8919478058815002
step41000,512,1024,2,19211, cabinet,33,5,1,5.713948726654053,7.854630470275879,8.38428020477295,0.0784582868218422,0.10785200446844101,0.11512462794780731
step41000,512,1024,2,19211, cabinet,33,5,2,11.367925643920898,15.530509948730469,16.34645652770996,0.15609309077262878,0.2132495790719986,0.22445334494113922
step41000,512,1024,2,19211, cabinet,33,5,3,16.742647171020508,22.716434478759766,23.570632934570312,0.22989344596862793,0.31191959977149963,0.3236485719680786
step41000,512,1024,2,19211, cabinet,33,5,4,21.96267318725586,29.36063003540039,30.022869110107422,0.3015696704387665,0.40315109491348267,0.4122442901134491
step41000,512,1024,2,19211, cabinet,33,5,5,26.769861221313477,35.2718391418457,35.81416320800781,0.3675772249698639,0.48431795835494995,0.4917646050453186
step41000,512,1024,2,19211, cabinet,33,5,6,31.466901779174805,40.49472427368164,40.9057502746582,0.43207231163978577,0.5560334324836731,0.5616772174835205
step41000,512,1024,2,19211, cabinet,33,5,7,35.598785400390625,45.106361389160156,45.38995361328125,0.4888072609901428,0.6193558573722839,0.623249888420105
step41000,512,1024,2,19211, cabinet,33,5,8,39.72563171386719,49.07461929321289,49.33088302612305,0.545473039150238,0.6738440990447998,0.6773627996444702
step41000,512,1024,2,19211, cabinet,33,5,9,43.4324951171875,52.52775192260742,52.76547622680664,0.5963720083236694,0.7212590575218201,0.7245232462882996
step41000,512,1024,2,19211, cabinet,33,5,10,46.84977340698242,55.54598617553711,55.789737701416016,0.6432946920394897,0.762702465057373,0.7660493850708008
step41000,512,1024,2,19211, cabinet,33,5,11,50.11709976196289,58.20418167114258,58.45348358154297,0.688158392906189,0.7992021441459656,0.8026253581047058
step41000,512,1024,2,19211, cabinet,33,5,12,53.11066818237305,60.518463134765625,60.78960037231445,0.7292630672454834,0.830979585647583,0.8347025513648987
step41000,512,1024,2,19211, cabinet,33,5,13,55.80572509765625,62.53313446044922,62.82516860961914,0.7662689089775085,0.858643114566803,0.8626529574394226
step41000,512,1024,2,19211, cabinet,33,5,14,58.24586868286133,64.3324966430664,64.59455871582031,0.7997745871543884,0.883350133895874,0.8869484663009644
step41000,512,1024,2,19211, cabinet,33,5,15,60.36994552612305,65.84577178955078,66.14051055908203,0.8289402723312378,0.9041289687156677,0.9081759452819824
step41000,512,1024,2,19211, cabinet,33,5,16,62.227622985839844,67.20520782470703,67.48497772216797,0.8544480800628662,0.9227953553199768,0.9266368746757507
step41000,512,1024,2,19211, cabinet,33,5,17,63.971134185791016,68.36548614501953,68.65069580078125,0.8783882260322571,0.9387271404266357,0.9426433444023132
step41000,512,1024,2,19211, cabinet,33,5,18,65.40644836425781,69.42335510253906,69.66914367675781,0.8980965614318848,0.9532527327537537,0.9566276669502258
step41000,512,1024,2,19211, cabinet,33,5,19,66.64434051513672,70.31880187988281,70.55408477783203,0.9150940775871277,0.9655480980873108,0.9687787890434265
step41000,512,1024,2,19211, cabinet,33,5,20,67.67111206054688,71.15006256103516,71.33277130126953,0.9291926622390747,0.9769622087478638,0.97947096824646
step41000,512,1024,2,19211, cabinet,33,5,21,68.50321960449219,71.86578369140625,72.04022979736328,0.9406183362007141,0.9867897629737854,0.989185094833374
step41000,512,1024,2,19211, cabinet,33,5,22,69.40265655517578,72.47637939453125,72.68679809570312,0.9529685378074646,0.9951738119125366,0.9980630874633789
step41000,512,1024,2,19211, cabinet,33,5,23,70.0605239868164,73.002685546875,73.24518585205078,0.9620017409324646,1.002400517463684,1.005730390548706
step41000,512,1024,2,19211, cabinet,33,5,24,70.63365173339844,73.48827362060547,73.69894409179688,0.9698713421821594,1.0090681314468384,1.0119608640670776
step41000,512,1024,2,19211, cabinet,33,5,25,71.04715728759766,73.84005737304688,74.0586929321289,0.9755491614341736,1.013898491859436,1.016900658607483
step41000,512,1024,2,19211, cabinet,33,5,26,71.35814666748047,74.13712310791016,74.29888916015625,0.9798193573951721,1.0179775953292847,1.0201987028121948
step41000,512,1024,2,19211, cabinet,33,5,27,71.61202239990234,74.36029815673828,74.44284057617188,0.9833053350448608,1.021041989326477,1.0221753120422363
step41000,512,1024,2,19211, cabinet,33,5,28,71.72433471679688,74.4571304321289,74.5012435913086,0.9848474860191345,1.022371530532837,1.0229772329330444
step41000,512,1024,2,19211, cabinet,33,5,29,71.68817901611328,74.45062255859375,74.49930572509766,0.9843510389328003,1.0222821235656738,1.0229506492614746
step41000,512,1024,2,19211, cabinet,33,5,30,71.60677337646484,74.32720947265625,74.42912292480469,0.9832332730293274,1.020587682723999,1.021986961364746
step41000,512,1024,2,19211, cabinet,33,5,31,71.36554718017578,74.05659484863281,74.26744842529297,0.9799209833145142,1.0168718099594116,1.0197670459747314
step41000,512,1024,2,19211, cabinet,33,5,32,71.04814147949219,73.7520523071289,74.01371002197266,0.9755626916885376,1.0126900672912598,1.0162829160690308
step41000,512,1024,2,19211, cabinet,33,5,33,70.58777618408203,73.37438201904297,73.63924407958984,0.9692414402961731,1.0075043439865112,1.0111411809921265
step41000,512,1024,2,19211, cabinet,33,5,34,70.06295776367188,72.88508605957031,73.16809844970703,0.9620351195335388,1.0007858276367188,1.0046718120574951
step41000,512,1024,2,19211, cabinet,33,5,35,69.35411071777344,72.35009002685547,72.59196472167969,0.9523019194602966,0.993439793586731,0.9967609643936157
step41000,512,1024,2,19211, cabinet,33,5,36,68.51484680175781,71.72193145751953,71.94229888916016,0.9407780170440674,0.984814465045929,0.9878403544425964
step41000,512,1024,2,19211, cabinet,33,5,37,67.55841064453125,70.990234375,71.22535705566406,0.9276451468467712,0.9747675657272339,0.9779960513114929
step41000,512,1024,2,19211, cabinet,33,5,38,66.51836395263672,70.16827392578125,70.42903900146484,0.9133642911911011,0.9634812474250793,0.9670618176460266
step41000,512,1024,2,19211, cabinet,33,5,39,65.22228240966797,69.23761749267578,69.5208511352539,0.895567774772644,0.9507023692131042,0.9545914530754089
step41000,512,1024,2,19211, cabinet,33,5,40,63.780235290527344,68.16484832763672,68.49217224121094,0.8757669925689697,0.9359721541404724,0.9404666423797607
step41000,512,1024,2,19211, cabinet,33,5,41,62.02518081665039,66.97476196289062,67.28939056396484,0.8516683578491211,0.9196311235427856,0.923951268196106
step41000,512,1024,2,19211, cabinet,33,5,42,60.125858306884766,65.60443115234375,65.92780303955078,0.8255887031555176,0.9008150696754456,0.9052552580833435
step41000,512,1024,2,19211, cabinet,33,5,43,58.01418685913086,64.02706146240234,64.35518646240234,0.7965933680534363,0.8791561126708984,0.883661687374115
step41000,512,1024,2,19211, cabinet,33,5,44,55.58125305175781,62.22652053833008,62.530494689941406,0.7631866931915283,0.8544328808784485,0.8586068153381348
step41000,512,1024,2,19211, cabinet,33,5,45,52.85346221923828,60.15438461303711,60.47410583496094,0.725731372833252,0.8259804248809814,0.8303704857826233
step41000,512,1024,2,19211, cabinet,33,5,46,49.85218811035156,57.794376373291016,58.08503341674805,0.6845208406448364,0.7935751080513,0.7975661158561707
step41000,512,1024,2,19211, cabinet,33,5,47,46.57044219970703,55.11079406738281,55.355987548828125,0.6394591927528381,0.756726861000061,0.7600935697555542
step41000,512,1024,2,19211, cabinet,33,5,48,43.07835006713867,52.04350662231445,52.27466583251953,0.591509222984314,0.7146098613739014,0.7177839279174805
step41000,512,1024,2,19211, cabinet,33,5,49,39.313323974609375,48.51496124267578,48.775733947753906,0.5398116111755371,0.6661593914031982,0.6697400808334351
step41000,512,1024,2,19211, cabinet,33,5,50,35.271385192871094,44.430198669433594,44.7827033996582,0.4843117296695709,0.6100714802742004,0.6149117350578308
step41000,512,1024,2,19211, cabinet,33,5,51,30.937585830688477,39.72882080078125,40.20262145996094,0.4248042702674866,0.5455167889595032,0.5520225763320923
step41000,512,1024,2,19211, cabinet,33,5,52,26.292394638061523,34.405372619628906,34.97477340698242,0.36102113127708435,0.47242048382759094,0.4802389442920685
step41000,512,1024,2,19211, cabinet,33,5,53,21.30203628540039,28.322437286376953,29.134973526000977,0.29249846935272217,0.3888956308364868,0.40005260705947876
step41000,512,1024,2,19211, cabinet,33,5,54,16.030128479003906,21.71387481689453,22.52268409729004,0.22010985016822815,0.2981534004211426,0.30925917625427246
step41000,512,1024,2,19211, cabinet,33,5,55,10.546942710876465,14.342655181884766,15.215155601501465,0.1448201686143875,0.1969391405582428,0.2089194506406784
step41000,512,1024,2,19211, cabinet,33,5,56,4.872806072235107,6.730587005615234,7.2026519775390625,0.06690854579210281,0.09241775423288345,0.09889968484640121
step41000,512,1024,2,19211, cabinet,33,5,57,0.8556516170501709,1.1780610084533691,1.3231312036514282,0.011748960241675377,0.01617596670985222,0.018167927861213684
step41000,512,1024,2,19211, cabinet,33,5,58,6.546911239624023,8.966547012329102,9.638445854187012,0.08989570289850235,0.12311974167823792,0.13234558701515198
step41000,512,1024,2,19211, cabinet,33,5,59,12.178035736083984,16.666141510009766,17.494091033935547,0.1672167181968689,0.22884294390678406,0.24021153151988983
step41000,512,1024,2,19211, cabinet,33,5,60,17.52036476135254,23.710206985473633,24.623184204101562,0.24057228863239288,0.32556506991386414,0.33810117840766907
step41000,512,1024,2,19211, cabinet,33,5,61,22.739412307739258,30.294864654541016,30.937299728393555,0.3122350871562958,0.4159790873527527,0.4248003661632538
step41000,512,1024,2,19211, cabinet,33,5,62,27.466337203979492,36.07032012939453,36.64386749267578,0.37714052200317383,0.4952819049358368,0.5031572580337524
step41000,512,1024,2,19211, cabinet,33,5,63,32.08544158935547,41.210845947265625,41.63135528564453,0.4405654966831207,0.5658665299415588,0.5716405510902405
step41000,512,1024,2,19211, cabinet,33,5,64,36.25713348388672,45.726356506347656,46.029117584228516,0.4978470504283905,0.6278690099716187,0.6320262551307678
step41000,512,1024,2,19211, cabinet,33,5,65,40.26841354370117,49.61661911010742,49.88972091674805,0.5529259443283081,0.6812862753868103,0.6850362420082092
step41000,512,1024,2,19211, cabinet,33,5,66,43.92068862915039,53.00822448730469,53.255435943603516,0.603075385093689,0.7278563976287842,0.7312508821487427
step41000,512,1024,2,19211, cabinet,33,5,67,47.32860565185547,55.95628356933594,56.22323989868164,0.6498695015907288,0.768336296081543,0.7720018625259399
step41000,512,1024,2,19211, cabinet,33,5,68,50.585426330566406,58.56898498535156,58.83125686645508,0.6945889592170715,0.8042113184928894,0.807812511920929
step41000,512,1024,2,19211, cabinet,33,5,69,53.517822265625,60.84330368041992,61.10222244262695,0.7348537445068359,0.8354399800300598,0.8389952182769775
step41000,512,1024,2,19211, cabinet,33,5,70,56.202552795410156,62.793914794921875,63.112762451171875,0.7717177867889404,0.8622238039970398,0.8666019439697266
step41000,512,1024,2,19211, cabinet,33,5,71,58.55674743652344,64.56468963623047,64.83455657958984,0.8040432333946228,0.8865383267402649,0.8902438879013062
step41000,512,1024,2,19211, cabinet,33,5,72,60.65673828125,66.04771423339844,66.35234832763672,0.8328782320022583,0.9069017767906189,0.9110847115516663
step41000,512,1024,2,19211, cabinet,33,5,73,62.47914123535156,67.39866638183594,67.67809295654297,0.8579016923904419,0.9254516959190369,0.9292885065078735
step41000,512,1024,2,19211, cabinet,33,5,74,64.19152069091797,68.54264068603516,68.8093490600586,0.8814143538475037,0.9411596655845642,0.944821834564209
step41000,512,1024,2,19211, cabinet,33,5,75,65.60795593261719,69.57273864746094,69.81568145751953,0.9008634686470032,0.955303966999054,0.9586398005485535
step41000,512,1024,2,19211, cabinet,33,5,76,66.81501007080078,70.44300079345703,70.67853546142578,0.9174375534057617,0.967253565788269,0.970487654209137
step41000,512,1024,2,19211, cabinet,33,5,77,67.79544067382812,71.2633285522461,71.44088745117188,0.9308998584747314,0.978517472743988,0.9809554815292358
step41000,512,1024,2,19211, cabinet,33,5,78,68.63330078125,71.95848846435547,72.13982391357422,0.9424045085906982,0.9880627393722534,0.9905526041984558
step41000,512,1024,2,19211, cabinet,33,5,79,69.48847198486328,72.5616683959961,72.77972412109375,0.9541468620300293,0.9963449239730835,0.9993390440940857
step41000,512,1024,2,19211, cabinet,33,5,80,70.16178131103516,73.087890625,73.32124328613281,0.9633920788764954,1.003570556640625,1.006774663925171
step41000,512,1024,2,19211, cabinet,33,5,81,70.67552185058594,73.54716491699219,73.75943756103516,0.9704462289810181,1.0098768472671509,1.0127915143966675
step41000,512,1024,2,19211, cabinet,33,5,82,71.10985565185547,73.88651275634766,74.10231018066406,0.9764100909233093,1.0145363807678223,1.017499566078186
step41000,512,1024,2,19211, cabinet,33,5,83,71.3896484375,74.16693878173828,74.32901763916016,0.9802519083023071,1.018386960029602,1.0206124782562256
step41000,512,1024,2,19211, cabinet,33,5,84,71.63009643554688,74.38134765625,74.45490264892578,0.9835535287857056,1.0213309526443481,1.022341012954712
step41000,512,1024,2,19211, cabinet,33,5,85,71.7049560546875,74.46147918701172,74.50162506103516,0.9845814108848572,1.0224313735961914,1.0229824781417847
step41000,512,1024,2,19211, cabinet,33,5,86,71.7042007446289,74.43912506103516,74.49505615234375,0.9845710396766663,1.0221242904663086,1.0228923559188843
step41000,512,1024,2,19211, cabinet,33,5,87,71.5840072631836,74.29460144042969,74.4137191772461,0.9829206466674805,1.0201398134231567,1.021775484085083
step41000,512,1024,2,19211, cabinet,33,5,88,71.322509765625,74.01936340332031,74.23681640625,0.9793300628662109,1.0163605213165283,1.0193464756011963
step41000,512,1024,2,19211, cabinet,33,5,89,70.99815368652344,73.6914291381836,73.96549987792969,0.9748762845993042,1.0118577480316162,1.0156209468841553
step41000,512,1024,2,19211, cabinet,33,5,90,70.54315948486328,73.29867553710938,73.5770034790039,0.9686287641525269,1.0064647197723389,1.010286569595337
step41000,512,1024,2,19211, cabinet,33,5,91,69.96227264404297,72.81794738769531,73.08992004394531,0.9606526494026184,0.999863862991333,1.0035983324050903
step41000,512,1024,2,19211, cabinet,33,5,92,69.25958251953125,72.24913024902344,72.497314453125,0.9510039687156677,0.9920535087585449,0.9954612851142883
step41000,512,1024,2,19211, cabinet,33,5,93,68.37064361572266,71.61264038085938,71.84122467041016,0.9387979507446289,0.9833139181137085,0.9864525198936462
step41000,512,1024,2,19211, cabinet,33,5,94,67.42525482177734,70.8690185546875,71.11629486083984,0.9258168339729309,0.9731031060218811,0.9764984846115112
step41000,512,1024,2,19211, cabinet,33,5,95,66.33939361572266,70.02835845947266,70.30572509765625,0.9109068512916565,0.9615600109100342,0.9653685688972473
step41000,512,1024,2,19211, cabinet,33,5,96,65.01314544677734,69.07728576660156,69.378662109375,0.8926960825920105,0.9485008120536804,0.9526390433311462
step41000,512,1024,2,19211, cabinet,33,5,97,63.522579193115234,67.99959564208984,68.32999420166016,0.8722291588783264,0.9337031245231628,0.9382398128509521
step41000,512,1024,2,19211, cabinet,33,5,98,61.74473190307617,66.7764892578125,67.10360717773438,0.8478174805641174,0.9169086217880249,0.921400249004364
step41000,512,1024,2,19211, cabinet,33,5,99,59.82102966308594,65.38538360595703,65.70962524414062,0.8214031457901001,0.8978073000907898,0.9022594690322876
step41000,512,1024,2,19211, cabinet,33,5,100,57.68844223022461,63.77225112915039,64.10787200927734,0.7921205163002014,0.8756574392318726,0.8802657723426819
step41000,512,1024,2,19211, cabinet,33,5,101,55.188392639160156,61.93647766113281,62.24410629272461,0.7577923536300659,0.850450336933136,0.8546743988990784
step41000,512,1024,2,19211, cabinet,33,5,102,52.41022872924805,59.83588409423828,60.14820098876953,0.7196453213691711,0.8216070532798767,0.8258954882621765
step41000,512,1024,2,19211, cabinet,33,5,103,49.40468978881836,57.39653396606445,57.714210510253906,0.6783762574195862,0.7881123423576355,0.7924743890762329
step41000,512,1024,2,19211, cabinet,33,5,104,46.16102981567383,54.66272735595703,54.93707275390625,0.6338375210762024,0.7505744099617004,0.7543414831161499
step41000,512,1024,2,19211, cabinet,33,5,105,42.516929626464844,51.54018783569336,51.799705505371094,0.5838003754615784,0.7076987624168396,0.7112622261047363
step41000,512,1024,2,19211, cabinet,33,5,106,38.767852783203125,47.95319747924805,48.221893310546875,0.5323217511177063,0.6584457755088806,0.6621352434158325
step41000,512,1024,2,19211, cabinet,33,5,107,34.66426467895508,43.747318267822266,44.15701675415039,0.4759753346443176,0.6006948351860046,0.6063203811645508
step41000,512,1024,2,19211, cabinet,33,5,108,30.31061553955078,38.94114685058594,39.494178771972656,0.4161953330039978,0.5347012281417847,0.5422949194908142
step41000,512,1024,2,19211, cabinet,33,5,109,25.557281494140625,33.61064910888672,34.16691589355469,0.3509272634983063,0.4615081250667572,0.4691462516784668
step41000,512,1024,2,19211, cabinet,33,5,110,20.546878814697266,27.371410369873047,28.236127853393555,0.2821293771266937,0.3758370876312256,0.3877105414867401
step41000,512,1024,2,19211, cabinet,33,5,111,15.240951538085938,20.64812660217285,21.511085510253906,0.20927365124225616,0.2835196256637573,0.29536890983581543
step41000,512,1024,2,19211, cabinet,33,5,112,9.73287296295166,13.187345504760742,14.086424827575684,0.13364216685295105,0.1810755580663681,0.19342082738876343
step41000,512,1024,2,19211, cabinet,33,5,113,4.027346134185791,5.563474655151367,6.006344795227051,0.05529952794313431,0.07639212906360626,0.08247317373752594
step41000,512,1024,2,19211, cabinet,33,5,114,1.7099261283874512,2.351773977279663,2.616352081298828,0.02347901090979576,0.03229223191738129,0.03592515364289284
step41000,512,1024,2,19211, cabinet,33,5,115,7.387149333953857,10.079813003540039,10.888018608093262,0.10143301635980606,0.13840600848197937,0.14950348436832428
step41000,512,1024,2,19211, cabinet,33,5,116,12.997634887695312,17.78958511352539,18.608797073364258,0.178470641374588,0.24426895380020142,0.2555175721645355
step41000,512,1024,2,19211, cabinet,33,5,117,18.264789581298828,24.65748405456543,25.62546157836914,0.250793993473053,0.3385721445083618,0.35186344385147095
step41000,512,1024,2,19211, cabinet,33,5,118,23.45454978942871,31.242509841918945,31.836606979370117,0.3220546543598175,0.4289911985397339,0.4371487498283386
step41000,512,1024,2,19211, cabinet,33,5,119,28.16481590270996,36.85603332519531,37.43695831298828,0.38673135638237,0.5060704946517944,0.5140472054481506
step41000,512,1024,2,19211, cabinet,33,5,120,32.75716781616211,41.91931915283203,42.34313201904297,0.44978898763656616,0.5755945444107056,0.5814139246940613
step41000,512,1024,2,19211, cabinet,33,5,121,36.85484313964844,46.359127044677734,46.64534378051758,0.5060542225837708,0.6365576386451721,0.6404876708984375
step41000,512,1024,2,19211, cabinet,33,5,122,40.80725860595703,50.1290397644043,50.424808502197266,0.5603248476982117,0.6883223056793213,0.6923835277557373
step41000,512,1024,2,19211, cabinet,33,5,123,44.44886016845703,53.463111877441406,53.72539138793945,0.6103277206420898,0.7341024875640869,0.7377038598060608
step41000,512,1024,2,19211, cabinet,33,5,124,47.84649658203125,56.36436462402344,56.63905334472656,0.6569806933403015,0.7739396095275879,0.7777113914489746
step41000,512,1024,2,19211, cabinet,33,5,125,51.017459869384766,58.92496871948242,59.20160675048828,0.7005212306976318,0.8090993165969849,0.812897801399231
step41000,512,1024,2,19211, cabinet,33,5,126,53.947364807128906,61.150333404541016,61.426361083984375,0.7407517433166504,0.8396557569503784,0.8434459567070007
step41000,512,1024,2,19211, cabinet,33,5,127,56.52867889404297,63.082557678222656,63.38954162597656,0.7761958241462708,0.8661871552467346,0.8704023957252502
step41000,512,1024,2,19211, cabinet,33,5,128,58.866363525390625,64.81426239013672,65.08392333984375,0.8082945942878723,0.8899652361869812,0.8936679363250732
step41000,512,1024,3,6574, miles,404,7,1,5.716185092926025,7.835925102233887,8.384262084960938,0.0783127099275589,0.10735350847244263,0.11486582458019257
step41000,512,1024,3,6574, miles,404,7,2,11.366264343261719,15.54094409942627,16.344263076782227,0.15571975708007812,0.21291358768939972,0.22391919791698456
step41000,512,1024,3,6574, miles,404,7,3,16.793785095214844,22.67792320251465,23.57433319091797,0.23007772862911224,0.3106914162635803,0.3229723870754242
step41000,512,1024,3,6574, miles,404,7,4,22.045486450195312,29.372865676879883,30.023212432861328,0.3020269274711609,0.4024132788181305,0.4113231301307678
step41000,512,1024,3,6574, miles,404,7,5,26.895992279052734,35.256187438964844,35.811100006103516,0.3684796988964081,0.483015775680542,0.49061819911003113
step41000,512,1024,3,6574, miles,404,7,6,31.61805534362793,40.51500701904297,40.9072151184082,0.4331727623939514,0.5550625324249268,0.5604358315467834
step41000,512,1024,3,6574, miles,404,7,7,35.861080169677734,45.09612274169922,45.39014434814453,0.4913029372692108,0.6178245544433594,0.6218527555465698
step41000,512,1024,3,6574, miles,404,7,8,39.896392822265625,49.06605529785156,49.328433990478516,0.5465874075889587,0.6722133159637451,0.6758079528808594
step41000,512,1024,3,6574, miles,404,7,9,43.548397064208984,52.54397964477539,52.76279830932617,0.596620500087738,0.7198614478111267,0.7228593230247498
step41000,512,1024,3,6574, miles,404,7,10,47.061893463134766,55.56845474243164,55.787254333496094,0.6447559595108032,0.761297345161438,0.7642949223518372
step41000,512,1024,3,6574, miles,404,7,11,50.299495697021484,58.21466064453125,58.45356750488281,0.6891117095947266,0.7975507974624634,0.8008238673210144
step41000,512,1024,3,6574, miles,404,7,12,53.27949523925781,60.51839065551758,60.78969955444336,0.7299382090568542,0.8291122913360596,0.8328292369842529
step41000,512,1024,3,6574, miles,404,7,13,55.92961120605469,62.551849365234375,62.82358932495117,0.7662452459335327,0.856971025466919,0.8606939315795898
step41000,512,1024,3,6574, miles,404,7,14,58.34809112548828,64.31702423095703,64.59477996826172,0.7993788123130798,0.8811542391777039,0.8849595189094543
step41000,512,1024,3,6574, miles,404,7,15,60.44345474243164,65.85752868652344,66.14051818847656,0.8280856609344482,0.902259349822998,0.9061363935470581
step41000,512,1024,3,6574, miles,404,7,16,62.29563522338867,67.19821166992188,67.48506927490234,0.8534608483314514,0.9206269979476929,0.9245569705963135
step41000,512,1024,3,6574, miles,404,7,17,63.999813079833984,68.39779663085938,68.65113830566406,0.8768083453178406,0.9370615482330322,0.9405323266983032
step41000,512,1024,3,6574, miles,404,7,18,65.45288848876953,69.41064453125,69.67039489746094,0.8967157602310181,0.9509376883506775,0.9544963240623474
step41000,512,1024,3,6574, miles,404,7,19,66.68264770507812,70.3348617553711,70.55479431152344,0.9135636687278748,0.9635996222496033,0.9666127562522888
step41000,512,1024,3,6574, miles,404,7,20,67.68246459960938,71.15641021728516,71.33274841308594,0.9272613525390625,0.9748550057411194,0.9772708415985107
step41000,512,1024,3,6574, miles,404,7,21,68.63478088378906,71.86067199707031,72.04016876220703,0.9403082132339478,0.984503448009491,0.986962616443634
step41000,512,1024,3,6574, miles,404,7,22,69.4400863647461,72.46084594726562,72.68721771240234,0.9513410329818726,0.9927259087562561,0.995827317237854
step41000,512,1024,3,6574, miles,404,7,23,70.13410186767578,73.02576446533203,73.24593353271484,0.9608491659164429,1.0004653930664062,1.0034817457199097
step41000,512,1024,3,6574, miles,404,7,24,70.70813751220703,73.47309875488281,73.69894409179688,0.9687135815620422,1.006593942642212,1.009688138961792
step41000,512,1024,3,6574, miles,404,7,25,71.11955261230469,73.85952758789062,74.05963897705078,0.9743500351905823,1.0118881464004517,1.0146297216415405
step41000,512,1024,3,6574, miles,404,7,26,71.42296600341797,74.12067413330078,74.29906463623047,0.9785068035125732,1.0154659748077393,1.0179098844528198
step41000,512,1024,3,6574, miles,404,7,27,71.6141357421875,74.3623046875,74.44307708740234,0.9811258912086487,1.0187761783599854,1.0198829174041748
step41000,512,1024,3,6574, miles,404,7,28,71.75547790527344,74.45648956298828,74.50141906738281,0.9830623269081116,1.0200666189193726,1.0206822156906128
step41000,512,1024,3,6574, miles,404,7,29,71.73165130615234,74.44788360595703,74.4995346069336,0.9827358722686768,1.0199487209320068,1.0206563472747803
step41000,512,1024,3,6574, miles,404,7,30,71.58362579345703,74.33491516113281,74.42938232421875,0.9807078838348389,1.018401026725769,1.0196952819824219
step41000,512,1024,3,6574, miles,404,7,31,71.34269714355469,74.05669403076172,74.26746368408203,0.9774071574211121,1.0145893096923828,1.0174769163131714
step41000,512,1024,3,6574, miles,404,7,32,71.0378646850586,73.74134063720703,74.01398468017578,0.9732308983802795,1.0102689266204834,1.0140042304992676
step41000,512,1024,3,6574, miles,404,7,33,70.56517791748047,73.37175750732422,73.63914489746094,0.9667549729347229,1.0052056312561035,1.0088688135147095
step41000,512,1024,3,6574, miles,404,7,34,70.0050277709961,72.89888763427734,73.16876983642578,0.9590808153152466,0.9987272024154663,1.0024245977401733
step41000,512,1024,3,6574, miles,404,7,35,69.24789428710938,72.3499984741211,72.59272766113281,0.9487079977989197,0.9912073612213135,0.9945327639579773
step41000,512,1024,3,6574, miles,404,7,36,68.42626953125,71.71566009521484,71.94222259521484,0.9374516010284424,0.9825167059898376,0.9856207370758057
step41000,512,1024,3,6574, miles,404,7,37,67.52354431152344,70.99310302734375,71.22563171386719,0.925084114074707,0.9726176261901855,0.9758033156394958
step41000,512,1024,3,6574, miles,404,7,38,66.47618865966797,70.16278076171875,70.42904663085938,0.9107351303100586,0.9612420797348022,0.9648899435997009
step41000,512,1024,3,6574, miles,404,7,39,65.18912506103516,69.23385620117188,69.52090454101562,0.8931021690368652,0.9485157132148743,0.9524482488632202
step41000,512,1024,3,6574, miles,404,7,40,63.71221923828125,68.1650390625,68.49261474609375,0.8728682994842529,0.9338726997375488,0.9383605122566223
step41000,512,1024,3,6574, miles,404,7,41,61.907047271728516,66.97230529785156,67.28941345214844,0.8481371402740479,0.9175320267677307,0.9218764305114746
step41000,512,1024,3,6574, miles,404,7,42,60.07910919189453,65.60449981689453,65.9273681640625,0.8230940699577332,0.8987928628921509,0.9032161831855774
step41000,512,1024,3,6574, miles,404,7,43,57.90695571899414,64.02740478515625,64.35514831542969,0.7933351993560791,0.8771863579750061,0.8816764950752258
step41000,512,1024,3,6574, miles,404,7,44,55.410213470458984,62.22734069824219,62.53062057495117,0.7591294050216675,0.8525252342224121,0.856680154800415
step41000,512,1024,3,6574, miles,404,7,45,52.64025115966797,60.160789489746094,60.474037170410156,0.7211804389953613,0.8242130875587463,0.8285046219825745
step41000,512,1024,3,6574, miles,404,7,46,49.5933723449707,57.790958404541016,58.08514404296875,0.6794376969337463,0.7917460203170776,0.7957763671875
step41000,512,1024,3,6574, miles,404,7,47,46.35076904296875,55.110836029052734,55.35538101196289,0.6350134611129761,0.7550278902053833,0.7583781480789185
step41000,512,1024,3,6574, miles,404,7,48,42.805904388427734,52.043643951416016,52.273990631103516,0.5864481925964355,0.713006854057312,0.7161626219749451
step41000,512,1024,3,6574, miles,404,7,49,39.09941101074219,48.50729751586914,48.77554702758789,0.5356686115264893,0.6645582318305969,0.668233335018158
step41000,512,1024,3,6574, miles,404,7,50,35.02580642700195,44.41455078125,44.782470703125,0.47985953092575073,0.6084868907928467,0.6135274767875671
step41000,512,1024,3,6574, miles,404,7,51,30.696901321411133,39.70799255371094,40.20348358154297,0.4205527901649475,0.5440062880516052,0.5507946014404297
step41000,512,1024,3,6574, miles,404,7,52,26.121971130371094,34.404144287109375,34.97426223754883,0.3578754663467407,0.47134265303611755,0.4791533648967743
step41000,512,1024,3,6574, miles,404,7,53,21.152284622192383,28.347074508666992,29.13776206970215,0.28978991508483887,0.38835978507995605,0.39919230341911316
step41000,512,1024,3,6574, miles,404,7,54,15.978386878967285,21.687448501586914,22.5228271484375,0.21890662610530853,0.2971217632293701,0.3085665702819824
step41000,512,1024,3,6574, miles,404,7,55,10.49936294555664,14.330974578857422,15.213314056396484,0.14384306967258453,0.1963368058204651,0.20842500030994415
step41000,512,1024,3,6574, miles,404,7,56,4.8677077293396,6.728793144226074,7.202028274536133,0.0666884258389473,0.0921856090426445,0.09866901487112045
step41000,512,1024,3,6574, miles,404,7,57,0.8475177884101868,1.1757738590240479,1.3128931522369385,0.011611138470470905,0.016108304262161255,0.017986860126256943
step41000,512,1024,3,6574, miles,404,7,58,6.54716157913208,8.960658073425293,9.641284942626953,0.08969723433256149,0.12276255339384079,0.13208724558353424
step41000,512,1024,3,6574, miles,404,7,59,12.179369926452637,16.655588150024414,17.489784240722656,0.1668594479560852,0.22818438708782196,0.23961302638053894
step41000,512,1024,3,6574, miles,404,7,60,17.568260192871094,23.682109832763672,24.620454788208008,0.24068816006183624,0.32444897294044495,0.3373044431209564
step41000,512,1024,3,6574, miles,404,7,61,22.769575119018555,30.30988883972168,30.935270309448242,0.3119470775127411,0.41525065898895264,0.4238184988498688
step41000,512,1024,3,6574, miles,404,7,62,27.575721740722656,36.035152435302734,36.642704010009766,0.377792090177536,0.4936877489089966,0.5020112991333008
step41000,512,1024,3,6574, miles,404,7,63,32.2523193359375,41.22674560546875,41.63468933105469,0.4418622851371765,0.5648134350776672,0.5704023838043213
step41000,512,1024,3,6574, miles,404,7,64,36.4796257019043,45.728309631347656,46.0247917175293,0.4997771084308624,0.6264857053756714,0.6305475234985352
step41000,512,1024,3,6574, miles,404,7,65,40.43642044067383,49.59257888793945,49.88835144042969,0.5539858937263489,0.6794267892837524,0.6834789514541626
step41000,512,1024,3,6574, miles,404,7,66,44.165367126464844,53.0042839050293,53.25466537475586,0.605073094367981,0.7261677384376526,0.7295979857444763
step41000,512,1024,3,6574, miles,404,7,67,47.59214401245117,55.96994400024414,56.22255325317383,0.6520205140113831,0.7667977809906006,0.7702586054801941
step41000,512,1024,3,6574, miles,404,7,68,50.76077651977539,58.57858657836914,58.83333206176758,0.6954312920570374,0.80253666639328,0.8060266971588135
step41000,512,1024,3,6574, miles,404,7,69,53.69490432739258,60.83234786987305,61.10393524169922,0.7356293797492981,0.8334135413169861,0.8371343612670898
step41000,512,1024,3,6574, miles,404,7,70,56.322776794433594,62.81085968017578,63.112937927246094,0.77163165807724,0.8605194687843323,0.8646580576896667
step41000,512,1024,3,6574, miles,404,7,71,58.66834259033203,64.57745361328125,64.83621215820312,0.8037663102149963,0.8847221732139587,0.8882671594619751
step41000,512,1024,3,6574, miles,404,7,72,60.747779846191406,66.08966827392578,66.35214233398438,0.832254946231842,0.9054397344589233,0.9090356826782227
step41000,512,1024,3,6574, miles,404,7,73,62.58351516723633,67.39720153808594,67.67642211914062,0.8574048280715942,0.9233531951904297,0.9271785616874695
step41000,512,1024,3,6574, miles,404,7,74,64.22022247314453,68.54561614990234,68.80901336669922,0.8798280358314514,0.9390866756439209,0.9426952600479126
step41000,512,1024,3,6574, miles,404,7,75,65.64952087402344,69.56651306152344,69.8136978149414,0.8994096517562866,0.9530731439590454,0.9564595818519592
step41000,512,1024,3,6574, miles,404,7,76,66.8425521850586,70.45072174072266,70.67942810058594,0.9157543778419495,0.9651869535446167,0.9683202505111694
step41000,512,1024,3,6574, miles,404,7,77,67.83946990966797,71.26335144042969,71.44072723388672,0.929412305355072,0.9763201475143433,0.9787501692771912
step41000,512,1024,3,6574, miles,404,7,78,68.77409362792969,71.96330261230469,72.1402816772461,0.9422168135643005,0.9859095215797424,0.9883341789245605
step41000,512,1024,3,6574, miles,404,7,79,69.56848907470703,72.5426025390625,72.77800750732422,0.9531002044677734,0.99384605884552,0.9970711469650269
step41000,512,1024,3,6574, miles,404,7,80,70.24397277832031,73.09800720214844,73.32056427001953,0.9623544216156006,1.0014551877975464,1.0045042037963867
step41000,512,1024,3,6574, miles,404,7,81,70.77735137939453,73.54066467285156,73.75941467285156,0.9696618318557739,1.0075196027755737,1.0105165243148804
step41000,512,1024,3,6574, miles,404,7,82,71.1773452758789,73.89952087402344,74.10169982910156,0.9751417636871338,1.012436032295227,1.015205979347229
step41000,512,1024,3,6574, miles,404,7,83,71.4672622680664,74.15972900390625,74.32877349853516,0.9791136980056763,1.0160009860992432,1.0183168649673462
step41000,512,1024,3,6574, miles,404,7,84,71.66363525390625,74.37862396240234,74.4551010131836,0.9818040132522583,1.0189999341964722,1.0200475454330444
step41000,512,1024,3,6574, miles,404,7,85,71.74899291992188,74.46089935302734,74.50186920166016,0.9829734563827515,1.0201270580291748,1.0206882953643799
step41000,512,1024,3,6574, miles,404,7,86,71.73072052001953,74.44145202636719,74.4946517944336,0.9827231168746948,1.0198607444763184,1.0205894708633423
step41000,512,1024,3,6574, miles,404,7,87,71.53740692138672,74.30201721191406,74.41350555419922,0.9800747036933899,1.0179502964019775,1.0194777250289917
step41000,512,1024,3,6574, miles,404,7,88,71.2966537475586,74.0162353515625,74.23672485351562,0.9767763614654541,1.0140351057052612,1.017055869102478
step41000,512,1024,3,6574, miles,404,7,89,70.95188903808594,73.70077514648438,73.96527099609375,0.9720529913902283,1.0097132921218872,1.0133368968963623
step41000,512,1024,3,6574, miles,404,7,90,70.50977325439453,73.29440307617188,73.57691955566406,0.9659959077835083,1.004145860671997,1.0080163478851318
step41000,512,1024,3,6574, miles,404,7,91,69.87764739990234,72.80733489990234,73.09081268310547,0.9573357105255127,0.997472882270813,1.001356601715088
step41000,512,1024,3,6574, miles,404,7,92,69.14503479003906,72.24867248535156,72.49691772460938,0.9472987651824951,0.9898191690444946,0.9932201504707336
step41000,512,1024,3,6574, miles,404,7,93,68.25298309326172,71.6101303100586,71.84117126464844,0.9350775480270386,0.9810709953308105,0.9842362999916077
step41000,512,1024,3,6574, miles,404,7,94,67.38037109375,70.85952758789062,71.1158447265625,0.9231225848197937,0.9707876443862915,0.9742991924285889
step41000,512,1024,3,6574, miles,404,7,95,66.2836685180664,70.0297622680664,70.30587005615234,0.9080975651741028,0.9594197273254395,0.9632024168968201
step41000,512,1024,3,6574, miles,404,7,96,64.9755859375,69.0820541381836,69.37863159179688,0.8901766538619995,0.9464358687400818,0.9504991173744202
step41000,512,1024,3,6574, miles,404,7,97,63.40763854980469,68.00161743164062,68.3294906616211,0.8686954975128174,0.9316337704658508,0.9361256957054138
step41000,512,1024,3,6574, miles,404,7,98,61.652587890625,66.7840805053711,67.10359191894531,0.8446509838104248,0.9149532914161682,0.9193306565284729
step41000,512,1024,3,6574, miles,404,7,99,59.72987747192383,65.38905334472656,65.70999908447266,0.8183095455169678,0.8958412408828735,0.9002382159233093
step41000,512,1024,3,6574, miles,404,7,100,57.52459716796875,63.76605987548828,64.10725402832031,0.7880967855453491,0.8736059665679932,0.8782803416252136
step41000,512,1024,3,6574, miles,404,7,101,54.99274826049805,61.939453125,62.24413299560547,0.7534100413322449,0.848581075668335,0.8527552485466003
step41000,512,1024,3,6574, miles,404,7,102,52.18578338623047,59.83374786376953,60.147430419921875,0.714954137802124,0.8197326064109802,0.8240300416946411
step41000,512,1024,3,6574, miles,404,7,103,49.08974075317383,57.40565872192383,57.713375091552734,0.6725378036499023,0.7864673137664795,0.7906830906867981
step41000,512,1024,3,6574, miles,404,7,104,45.83326721191406,54.664241790771484,54.93614959716797,0.6279236078262329,0.7489094734191895,0.7526346445083618
step41000,512,1024,3,6574, miles,404,7,105,42.26852035522461,51.53961181640625,51.79866409301758,0.5790859460830688,0.7061014771461487,0.7096505165100098
step41000,512,1024,3,6574, miles,404,7,106,38.45657730102539,47.95201873779297,48.22175598144531,0.5268616676330566,0.656950831413269,0.6606463193893433
step41000,512,1024,3,6574, miles,404,7,107,34.406410217285156,43.75096130371094,44.15558624267578,0.47137370705604553,0.5993956327438354,0.6049390435218811
step41000,512,1024,3,6574, miles,404,7,108,29.974632263183594,38.954002380371094,39.49256896972656,0.4106575846672058,0.5336765050888062,0.5410549640655518
step41000,512,1024,3,6574, miles,404,7,109,25.361726760864258,33.59223937988281,34.16666793823242,0.347460001707077,0.46021944284439087,0.46808919310569763
step41000,512,1024,3,6574, miles,404,7,110,20.374582290649414,27.34425163269043,28.233964920043945,0.27913525700569153,0.3746209144592285,0.38681015372276306
step41000,512,1024,3,6574, miles,404,7,111,15.160967826843262,20.645875930786133,21.510740280151367,0.20770785212516785,0.2828519940376282,0.2947008013725281
step41000,512,1024,3,6574, miles,404,7,112,9.645683288574219,13.185239791870117,14.089527130126953,0.13214750587940216,0.18064004182815552,0.19302892684936523
step41000,512,1024,3,6574, miles,404,7,113,4.01507043838501,5.567244052886963,6.003138542175293,0.05500715225934982,0.07627219706773758,0.08224402368068695
step41000,512,1024,3,6574, miles,404,7,114,1.7083617448806763,2.3487472534179688,2.6220672130584717,0.02340484783053398,0.03217823803424835,0.03592276945710182
step41000,512,1024,3,6574, miles,404,7,115,7.392777442932129,10.073610305786133,10.887970924377441,0.10128231346607208,0.138010174036026,0.14916706085205078
step41000,512,1024,3,6574, miles,404,7,116,13.004509925842285,17.793798446655273,18.614521026611328,0.17816400527954102,0.2437780797481537,0.2550221085548401
step41000,512,1024,3,6574, miles,404,7,117,18.32271957397461,24.647443771362305,25.633363723754883,0.25102439522743225,0.33767420053482056,0.3511814475059509
step41000,512,1024,3,6574, miles,404,7,118,23.577425003051758,31.226289749145508,31.840303421020508,0.3230147361755371,0.42780551314353943,0.43621760606765747
step41000,512,1024,3,6574, miles,404,7,119,28.32442283630371,36.8305778503418,37.44284439086914,0.3880494236946106,0.5045852065086365,0.5129733681678772
step41000,512,1024,3,6574, miles,404,7,120,32.899879455566406,41.91596603393555,42.34112548828125,0.4507339596748352,0.5742558836936951,0.5800806283950806
step41000,512,1024,3,6574, miles,404,7,121,37.08760452270508,46.352237701416016,46.64591979980469,0.508106529712677,0.6350336074829102,0.6390570402145386
step41000,512,1024,3,6574, miles,404,7,122,41.01129150390625,50.128082275390625,50.42738342285156,0.5618616938591003,0.6867632865905762,0.6908637881278992
step41000,512,1024,3,6574, miles,404,7,123,44.681434631347656,53.46337127685547,53.727901458740234,0.6121432781219482,0.7324573397636414,0.7360814213752747
step41000,512,1024,3,6574, miles,404,7,124,48.103431701660156,56.365047454833984,56.64142990112305,0.659025251865387,0.7722107768058777,0.7759972810745239
step41000,512,1024,3,6574, miles,404,7,125,51.201175689697266,58.926151275634766,59.200557708740234,0.701464831829071,0.8072983026504517,0.8110577464103699
step41000,512,1024,3,6574, miles,404,7,126,54.12578582763672,61.15590286254883,61.42392349243164,0.7415325045585632,0.8378463387489319,0.841518223285675
step41000,512,1024,3,6574, miles,404,7,127,56.7374267578125,63.089927673339844,63.39010238647461,0.7773124575614929,0.8643427491188049,0.8684552311897278
step41000,512,1024,3,6574, miles,404,7,128,59.0146369934082,64.80534362792969,65.08161926269531,0.8085106015205383,0.8878443241119385,0.8916292786598206
step53000,512,1024,0,21825, clones,2,0,1,3.811627149581909,10.320479393005371,10.879740715026855,0.0495959147810936,0.13428743183612823,0.14156439900398254
step53000,512,1024,0,21825, clones,2,0,2,7.519289970397949,20.225692749023438,21.274089813232422,0.09783907234668732,0.2631714940071106,0.27681300044059753
step53000,512,1024,0,21825, clones,2,0,3,11.165437698364258,29.37440299987793,31.200389862060547,0.1452818065881729,0.38221219182014465,0.4059714674949646
step53000,512,1024,0,21825, clones,2,0,4,14.704574584960938,37.78811264038086,39.896297454833984,0.191332146525383,0.49168920516967773,0.5191203951835632
step53000,512,1024,0,21825, clones,2,0,5,18.099637985229492,45.288333892822266,47.86235046386719,0.23550784587860107,0.5892801284790039,0.6227726340293884
step53000,512,1024,0,21825, clones,2,0,6,21.439966201782227,52.349090576171875,54.38121032714844,0.2789713442325592,0.6811529397964478,0.7075943350791931
step53000,512,1024,0,21825, clones,2,0,7,24.672351837158203,58.022972106933594,60.03348159790039,0.32103031873703003,0.7549799680709839,0.7811402678489685
step53000,512,1024,0,21825, clones,2,0,8,27.849563598632812,62.714508056640625,64.61078643798828,0.36237138509750366,0.8160250782966614,0.8406989574432373
step53000,512,1024,0,21825, clones,2,0,9,30.885372161865234,66.37018585205078,68.45662689208984,0.40187254548072815,0.8635917901992798,0.8907400369644165
step53000,512,1024,0,21825, clones,2,0,10,33.84925079345703,69.09873962402344,71.54524230957031,0.44043776392936707,0.8990950584411621,0.9309283494949341
step53000,512,1024,0,21825, clones,2,0,11,36.44868850708008,71.15489959716797,73.88710021972656,0.47426098585128784,0.9258492588996887,0.9613999724388123
step53000,512,1024,0,21825, clones,2,0,12,38.91764450073242,72.74030303955078,75.43962097167969,0.506386399269104,0.9464781284332275,0.9816009998321533
step53000,512,1024,0,21825, clones,2,0,13,40.715538024902344,74.14571380615234,76.56478881835938,0.5297801494598389,0.9647649526596069,0.9962413907051086
step53000,512,1024,0,21825, clones,2,0,14,42.976165771484375,74.810546875,77.17693328857422,0.5591948628425598,0.9734156131744385,1.0042064189910889
step53000,512,1024,0,21825, clones,2,0,15,45.337459564208984,75.59711456298828,77.59854888916016,0.58991938829422,0.983650267124176,1.0096924304962158
step53000,512,1024,0,21825, clones,2,0,16,47.694847106933594,75.76746368408203,77.7539291381836,0.6205931305885315,0.9858667850494385,1.011714220046997
step53000,512,1024,0,21825, clones,2,0,17,49.85429763793945,75.98603057861328,77.79138946533203,0.6486912965774536,0.9887107610702515,1.0122015476226807
step53000,512,1024,0,21825, clones,2,0,18,51.99723815917969,76.06073760986328,77.71358489990234,0.67657470703125,0.9896827936172485,1.0111892223358154
step53000,512,1024,0,21825, clones,2,0,19,54.45770263671875,75.92183685302734,77.50984954833984,0.7085896730422974,0.9878754615783691,1.0085382461547852
step53000,512,1024,0,21825, clones,2,0,20,56.48011779785156,75.91204071044922,77.29236602783203,0.7349047660827637,0.9877480268478394,1.0057084560394287
step53000,512,1024,0,21825, clones,2,0,21,58.60802459716797,75.51412963867188,76.9165267944336,0.7625925540924072,0.982570469379425,1.000818133354187
step53000,512,1024,0,21825, clones,2,0,22,60.62613296508789,75.39547729492188,76.56394958496094,0.7888516783714294,0.9810265898704529,0.9962304830551147
step53000,512,1024,0,21825, clones,2,0,23,62.796142578125,74.81765747070312,76.08584594726562,0.8170872926712036,0.9735081791877747,0.9900094866752625
step53000,512,1024,0,21825, clones,2,0,24,64.6947021484375,74.45057678222656,75.50640106201172,0.8417908549308777,0.9687317609786987,0.982469916343689
step53000,512,1024,0,21825, clones,2,0,25,65.90125274658203,73.75669860839844,74.88115692138672,0.8574901819229126,0.959703266620636,0.9743343591690063
step53000,512,1024,0,21825, clones,2,0,26,67.1539306640625,73.06314849853516,74.08441162109375,0.8737897276878357,0.9506788849830627,0.9639673233032227
step53000,512,1024,0,21825, clones,2,0,27,68.65310668945312,72.96340942382812,74.07303619384766,0.8932965993881226,0.9493811130523682,0.9638193249702454
step53000,512,1024,0,21825, clones,2,0,28,69.36868286132812,74.23128509521484,75.66349029541016,0.9026075005531311,0.9658784866333008,0.9845139384269714
step53000,512,1024,0,21825, clones,2,0,29,69.07124328613281,75.54681396484375,77.13075256347656,0.8987373113632202,0.9829957485198975,1.003605604171753
step53000,512,1024,0,21825, clones,2,0,30,68.51285552978516,76.76142883300781,78.46102905273438,0.8914716839790344,0.9987999796867371,1.0209147930145264
step53000,512,1024,0,21825, clones,2,0,31,67.77745819091797,77.89635467529297,79.6399917602539,0.8819028735160828,1.013567328453064,1.036255121231079
step53000,512,1024,0,21825, clones,2,0,32,66.79444885253906,78.9080810546875,80.64823913574219,0.8691121935844421,1.0267317295074463,1.0493742227554321
step53000,512,1024,0,21825, clones,2,0,33,65.76831817626953,79.84660339355469,81.47838592529297,0.8557604551315308,1.0389435291290283,1.060175895690918
step53000,512,1024,0,21825, clones,2,0,34,64.8238754272461,80.78711700439453,82.12201690673828,0.8434716463088989,1.0511811971664429,1.0685505867004395
step53000,512,1024,0,21825, clones,2,0,35,64.35366821289062,81.56671905517578,82.64765167236328,0.8373534083366394,1.061325192451477,1.0753899812698364
step53000,512,1024,0,21825, clones,2,0,36,64.08029174804688,82.19744873046875,82.93885803222656,0.8337963223457336,1.0695321559906006,1.0791791677474976
step53000,512,1024,0,21825, clones,2,0,37,64.06761932373047,82.5218505859375,82.98402404785156,0.8336313962936401,1.0737531185150146,1.079766869544983
step53000,512,1024,0,21825, clones,2,0,38,64.16972351074219,82.49480438232422,82.95674133300781,0.8349599838256836,1.0734012126922607,1.0794118642807007
step53000,512,1024,0,21825, clones,2,0,39,63.93886947631836,82.21113586425781,82.91567993164062,0.831956148147583,1.0697102546691895,1.078877568244934
step53000,512,1024,0,21825, clones,2,0,40,64.25102996826172,81.70825958251953,82.62725067138672,0.836017906665802,1.0631669759750366,1.0751246213912964
step53000,512,1024,0,21825, clones,2,0,41,64.62246704101562,80.86235809326172,82.11012268066406,0.8408509492874146,1.0521602630615234,1.0683958530426025
step53000,512,1024,0,21825, clones,2,0,42,65.72164154052734,80.07614135742188,81.38803100585938,0.8551531434059143,1.0419301986694336,1.0590001344680786
step53000,512,1024,0,21825, clones,2,0,43,66.87720489501953,79.16497039794922,80.51361083984375,0.8701890110969543,1.0300743579864502,1.0476224422454834
step53000,512,1024,0,21825, clones,2,0,44,67.78894805908203,78.08040618896484,79.4549789428711,0.8820523619651794,1.0159621238708496,1.0338478088378906
step53000,512,1024,0,21825, clones,2,0,45,68.46302795410156,76.89421844482422,78.24063873291016,0.8908233642578125,1.0005277395248413,1.0180470943450928
step53000,512,1024,0,21825, clones,2,0,46,68.78912353515625,75.59200286865234,76.87125396728516,0.8950664401054382,0.9835836887359619,1.000229001045227
step53000,512,1024,0,21825, clones,2,0,47,68.32525634765625,74.186767578125,75.3724365234375,0.8890306949615479,0.9652991890907288,0.9807267785072327
step53000,512,1024,0,21825, clones,2,0,48,67.98491668701172,72.94579315185547,73.75978088378906,0.8846023082733154,0.9491519927978516,0.959743320941925
step53000,512,1024,0,21825, clones,2,0,49,66.66716766357422,73.06013488769531,73.98434448242188,0.8674560785293579,0.9506397843360901,0.962665319442749
step53000,512,1024,0,21825, clones,2,0,50,65.52204132080078,73.81603240966797,74.81536865234375,0.8525559902191162,0.9604752659797668,0.973478376865387
step53000,512,1024,0,21825, clones,2,0,51,63.875221252441406,74.39276123046875,75.46920776367188,0.8311280012130737,0.9679794907569885,0.9819859266281128
step53000,512,1024,0,21825, clones,2,0,52,61.86574172973633,74.84979248046875,76.05583953857422,0.8049811720848083,0.973926305770874,0.9896190762519836
step53000,512,1024,0,21825, clones,2,0,53,59.703453063964844,75.28142547607422,76.54292297363281,0.7768459916114807,0.9795425534248352,0.9959568381309509
step53000,512,1024,0,21825, clones,2,0,54,57.64542007446289,75.51487731933594,76.89180755615234,0.750067412853241,0.9825801849365234,1.000496506690979
step53000,512,1024,0,21825, clones,2,0,55,55.45832824707031,75.8949966430664,77.25542449951172,0.7216095328330994,0.9875261783599854,1.00522780418396
step53000,512,1024,0,21825, clones,2,0,56,53.252830505371094,75.85791778564453,77.4508056640625,0.6929121613502502,0.9870437979698181,1.0077699422836304
step53000,512,1024,0,21825, clones,2,0,57,50.91633224487305,76.03295135498047,77.63668060302734,0.6625102162361145,0.989321231842041,1.0101885795593262
step53000,512,1024,0,21825, clones,2,0,58,48.9203987121582,75.90811920166016,77.69044494628906,0.63653963804245,0.9876969456672668,1.0108880996704102
step53000,512,1024,0,21825, clones,2,0,59,46.704261779785156,75.6816635131836,77.63262939453125,0.6077038645744324,0.9847503900527954,1.0101358890533447
step53000,512,1024,0,21825, clones,2,0,60,44.53181076049805,75.32047271728516,77.46845245361328,0.5794364809989929,0.9800506830215454,1.0079996585845947
step53000,512,1024,0,21825, clones,2,0,61,42.163734436035156,74.66349029541016,77.03445434570312,0.5486236810684204,0.9715021252632141,1.0023525953292847
step53000,512,1024,0,21825, clones,2,0,62,40.41550827026367,73.89114379882812,76.45836639404297,0.5258762240409851,0.9614526033401489,0.9948566555976868
step53000,512,1024,0,21825, clones,2,0,63,38.4998893737793,72.47371673583984,75.34600830078125,0.5009506940841675,0.9430093765258789,0.9803829193115234
step53000,512,1024,0,21825, clones,2,0,64,36.153648376464844,70.92908477783203,73.90046691894531,0.47042199969291687,0.9229109883308411,0.9615738987922668
step53000,512,1024,0,21825, clones,2,0,65,33.49887466430664,68.8380126953125,71.61719512939453,0.4358787536621094,0.895702600479126,0.9318645596504211
step53000,512,1024,0,21825, clones,2,0,66,30.60201072692871,65.94403839111328,68.6914291381836,0.39818552136421204,0.85804682970047,0.8937952518463135
step53000,512,1024,0,21825, clones,2,0,67,27.666093826293945,62.1053352355957,64.901611328125,0.3599840998649597,0.8080986738204956,0.8444830775260925
step53000,512,1024,0,21825, clones,2,0,68,24.616140365600586,57.41222381591797,60.442020416259766,0.3202989101409912,0.7470331192016602,0.7864560484886169
step53000,512,1024,0,21825, clones,2,0,69,21.454179763793945,51.55271911621094,54.928104400634766,0.27915626764297485,0.6707907915115356,0.7147104144096375
step53000,512,1024,0,21825, clones,2,0,70,18.101608276367188,45.18987274169922,48.615535736083984,0.2355334758758545,0.5879990458488464,0.6325728893280029
step53000,512,1024,0,21825, clones,2,0,71,14.664628982543945,37.255516052246094,40.92210006713867,0.1908123940229416,0.48475924134254456,0.5324678421020508
step53000,512,1024,0,21825, clones,2,0,72,11.086297035217285,29.243539810180664,32.4028434753418,0.14425204694271088,0.3805094361305237,0.4216174781322479
step53000,512,1024,0,21825, clones,2,0,73,7.456646919250488,20.167011260986328,22.796512603759766,0.09702397882938385,0.26240798830986023,0.2966223657131195
step53000,512,1024,0,21825, clones,2,0,74,3.724337577819824,10.688389778137207,12.657903671264648,0.04846012592315674,0.13907459378242493,0.16470138728618622
step53000,512,1024,0,21825, clones,2,0,75,0.8224947452545166,3.053575038909912,4.174603462219238,0.010702090337872505,0.03973233327269554,0.054318867623806
step53000,512,1024,0,21825, clones,2,0,76,4.3382487297058105,12.300299644470215,14.115323066711426,0.056448180228471756,0.16004833579063416,0.1836649626493454
step53000,512,1024,0,21825, clones,2,0,77,8.055622100830078,21.69378662109375,24.242881774902344,0.10481768846511841,0.2822739779949188,0.31544214487075806
step53000,512,1024,0,21825, clones,2,0,78,11.706652641296387,30.66291618347168,33.71559143066406,0.15232396125793457,0.39897799491882324,0.4386986196041107
step53000,512,1024,0,21825, clones,2,0,79,15.246155738830566,38.605018615722656,42.15016555786133,0.19837906956672668,0.5023186206817627,0.5484471321105957
step53000,512,1024,0,21825, clones,2,0,80,18.665651321411133,46.32936096191406,49.64208221435547,0.24287265539169312,0.6028257608413696,0.6459300518035889
step53000,512,1024,0,21825, clones,2,0,81,22.006040573120117,52.41183090209961,55.83024978637695,0.2863369584083557,0.6819693446159363,0.7264488935470581
step53000,512,1024,0,21825, clones,2,0,82,25.150070190429688,58.200721740722656,61.18360900878906,0.3272462487220764,0.7572928667068481,0.7961053848266602
step53000,512,1024,0,21825, clones,2,0,83,28.17375946044922,62.774662017822266,65.5214614868164,0.3665897250175476,0.816807746887207,0.8525484204292297
step53000,512,1024,0,21825, clones,2,0,84,31.150671005249023,66.3304214477539,69.24830627441406,0.4053245186805725,0.8630743622779846,0.9010412096977234
step53000,512,1024,0,21825, clones,2,0,85,34.01358413696289,69.38175964355469,71.98173522949219,0.44257602095603943,0.9027776718139648,0.936607837677002
step53000,512,1024,0,21825, clones,2,0,86,36.63200378417969,71.35051727294922,74.20755004882812,0.47664621472358704,0.928394615650177,0.9655696153640747
step53000,512,1024,0,21825, clones,2,0,87,39.10066604614258,72.85104370117188,75.5188980102539,0.50876784324646,0.9479190707206726,0.9826325178146362
step53000,512,1024,0,21825, clones,2,0,88,40.99163818359375,74.32366943359375,76.61175537109375,0.533372700214386,0.9670805335044861,0.9968525171279907
step53000,512,1024,0,21825, clones,2,0,89,43.3602409362793,74.91602325439453,77.1053466796875,0.5641922950744629,0.9747881293296814,1.003274917602539
step53000,512,1024,0,21825, clones,2,0,90,45.63929748535156,75.6832275390625,77.5407943725586,0.5938467979431152,0.9847707152366638,1.0089409351348877
step53000,512,1024,0,21825, clones,2,0,91,47.87440872192383,75.86274719238281,77.65125274658203,0.6229295134544373,0.9871065020561218,1.010378122329712
step53000,512,1024,0,21825, clones,2,0,92,50.22126770019531,76.0774917602539,77.71763610839844,0.6534662246704102,0.9899007678031921,1.0112419128417969
step53000,512,1024,0,21825, clones,2,0,93,52.36151123046875,76.09782409667969,77.62328338623047,0.6813145279884338,0.9901652932167053,1.0100141763687134
step53000,512,1024,0,21825, clones,2,0,94,54.85904312133789,76.01805114746094,77.4464111328125,0.7138117551803589,0.9891273379325867,1.0077128410339355
step53000,512,1024,0,21825, clones,2,0,95,56.84937286376953,75.99075317382812,77.218994140625,0.7397094368934631,0.9887721538543701,1.0047537088394165
step53000,512,1024,0,21825, clones,2,0,96,58.98244857788086,75.54200744628906,76.8331527709961,0.7674644589424133,0.9829332232475281,0.9997332692146301
step53000,512,1024,0,21825, clones,2,0,97,61.02534103393555,75.41305541992188,76.48468017578125,0.7940460443496704,0.9812553524971008,0.9951990246772766
step53000,512,1024,0,21825, clones,2,0,98,63.08339309692383,74.83207702636719,75.97087097167969,0.820824921131134,0.9736957550048828,0.9885134696960449
step53000,512,1024,0,21825, clones,2,0,99,65.06568908691406,74.40296173095703,75.38550567626953,0.8466180562973022,0.9681122899055481,0.9808968305587769
step53000,512,1024,0,21825, clones,2,0,100,66.03032684326172,73.78495025634766,74.7037124633789,0.8591696619987488,0.9600708484649658,0.9720255136489868
step53000,512,1024,0,21825, clones,2,0,101,67.37521362304688,73.0274887084961,73.87117004394531,0.8766689896583557,0.9502149820327759,0.9611927270889282
step53000,512,1024,0,21825, clones,2,0,102,68.6929702758789,73.01447296142578,74.03982543945312,0.893815279006958,0.9500455856323242,0.9633871912956238
step53000,512,1024,0,21825, clones,2,0,103,69.39295959472656,74.34723663330078,75.6400146484375,0.9029233455657959,0.9673871397972107,0.9842084646224976
step53000,512,1024,0,21825, clones,2,0,104,69.05996704101562,75.74310302734375,77.12654876708984,0.8985905647277832,0.985549807548523,1.0035508871078491
step53000,512,1024,0,21825, clones,2,0,105,68.43871307373047,76.97882080078125,78.47083282470703,0.8905069828033447,1.0016286373138428,1.0210423469543457
step53000,512,1024,0,21825, clones,2,0,106,67.76213836669922,78.0715103149414,79.65541076660156,0.8817035555839539,1.0158464908599854,1.036455750465393
step53000,512,1024,0,21825, clones,2,0,107,66.75325775146484,79.1060791015625,80.66890716552734,0.8685762286186218,1.0293079614639282,1.0496431589126587
step53000,512,1024,0,21825, clones,2,0,108,65.53404998779297,80.05128479003906,81.51118469238281,0.8527122139930725,1.0416067838668823,1.0606026649475098
step53000,512,1024,0,21825, clones,2,0,109,64.72859191894531,80.9804916381836,82.2065658569336,0.842231810092926,1.0536973476409912,1.0696507692337036
step53000,512,1024,0,21825, clones,2,0,110,64.41581726074219,81.67960357666016,82.69871520996094,0.8381620645523071,1.0627940893173218,1.0760544538497925
step53000,512,1024,0,21825, clones,2,0,111,63.9600944519043,82.28256225585938,82.9394760131836,0.8322323560714722,1.0706394910812378,1.0791871547698975
step53000,512,1024,0,21825, clones,2,0,112,64.22221374511719,82.49797821044922,82.93528747558594,0.83564293384552,1.0734424591064453,1.0791326761245728
step53000,512,1024,0,21825, clones,2,0,113,64.22429656982422,82.49319458007812,82.99261474609375,0.8356700539588928,1.0733802318572998,1.079878568649292
step53000,512,1024,0,21825, clones,2,0,114,64.07907104492188,82.13892364501953,82.90509033203125,0.8337804079055786,1.0687706470489502,1.0787397623062134
step53000,512,1024,0,21825, clones,2,0,115,64.31507873535156,81.51377868652344,82.56916046142578,0.8368512988090515,1.060636281967163,1.0743687152862549
step53000,512,1024,0,21825, clones,2,0,116,64.7763900756836,80.6374740600586,82.03904724121094,0.8428537845611572,1.04923415184021,1.0674710273742676
step53000,512,1024,0,21825, clones,2,0,117,65.79584503173828,80.02033233642578,81.32365417480469,0.8561186194419861,1.0412039756774902,1.0581624507904053
step53000,512,1024,0,21825, clones,2,0,118,66.862060546875,79.16690063476562,80.46271514892578,0.8699919581413269,1.0300993919372559,1.0469602346420288
step53000,512,1024,0,21825, clones,2,0,119,67.7817611694336,78.05580139160156,79.41664123535156,0.8819589018821716,1.0156420469284058,1.0333489179611206
step53000,512,1024,0,21825, clones,2,0,120,68.40901947021484,76.73809814453125,78.21561431884766,0.8901206254959106,0.998496413230896,1.0177215337753296
step53000,512,1024,0,21825, clones,2,0,121,68.58982849121094,75.344970703125,76.86563873291016,0.8924732208251953,0.9803693890571594,1.0001559257507324
step53000,512,1024,0,21825, clones,2,0,122,68.23526000976562,74.02659606933594,75.38121795654297,0.8878597021102905,0.9632150530815125,0.9808410406112671
step53000,512,1024,0,21825, clones,2,0,123,67.8460464477539,72.71318054199219,73.77922821044922,0.8827953338623047,0.9461252093315125,0.9599964022636414
step53000,512,1024,0,21825, clones,2,0,124,66.51068878173828,72.96703338623047,74.14507293701172,0.8654199838638306,0.9494282603263855,0.9647566676139832
step53000,512,1024,0,21825, clones,2,0,125,65.49166107177734,73.76640319824219,74.9139404296875,0.8521606922149658,0.9598294496536255,0.9747609496116638
step53000,512,1024,0,21825, clones,2,0,126,63.72101974487305,74.23184204101562,75.53685760498047,0.8291215300559998,0.9658856391906738,0.9828661680221558
step53000,512,1024,0,21825, clones,2,0,127,61.58957290649414,74.83234405517578,76.06590270996094,0.8013877272605896,0.9736992120742798,0.9897499680519104
step53000,512,1024,0,21825, clones,2,0,128,59.454490661621094,75.21444702148438,76.54558563232422,0.773606538772583,0.9786710739135742,0.9959915280342102
step53000,512,1024,1,23778, motive,8,2,1,3.76981782913208,10.260744094848633,11.460203170776367,0.04912424832582474,0.13370707631111145,0.14933714270591736
step53000,512,1024,1,23778, motive,8,2,2,7.569761276245117,20.165897369384766,22.629226684570312,0.0986410602927208,0.26278048753738403,0.2948799431324005
step53000,512,1024,1,23778, motive,8,2,3,11.134737014770508,29.4185733795166,33.030601501464844,0.14509601891040802,0.38335147500038147,0.43041959404945374
step53000,512,1024,1,23778, motive,8,2,4,14.692951202392578,37.737083435058594,42.579689025878906,0.19146287441253662,0.49174946546554565,0.554853081703186
step53000,512,1024,1,23778, motive,8,2,5,18.10171127319336,45.446353912353516,50.98333740234375,0.2358822077512741,0.5922084450721741,0.664360523223877
step53000,512,1024,1,23778, motive,8,2,6,21.432281494140625,52.32432174682617,58.140377044677734,0.2792826294898987,0.6818347573280334,0.7576234340667725
step53000,512,1024,1,23778, motive,8,2,7,24.63930320739746,58.000911712646484,64.17575073242188,0.32107314467430115,0.755806028842926,0.8362699747085571
step53000,512,1024,1,23778, motive,8,2,8,27.83346939086914,62.762969970703125,68.99463653564453,0.36269611120224,0.8178601264953613,0.8990645408630371
step53000,512,1024,1,23778, motive,8,2,9,30.835294723510742,66.49093627929688,72.77960205078125,0.40181267261505127,0.8664389848709106,0.9483861923217773
step53000,512,1024,1,23778, motive,8,2,10,33.6440315246582,68.93447875976562,75.85040283203125,0.438413143157959,0.8982806205749512,0.9884015917778015
step53000,512,1024,1,23778, motive,8,2,11,36.19697952270508,71.45137786865234,78.30315399169922,0.4716804325580597,0.9310781955718994,1.020363211631775
step53000,512,1024,1,23778, motive,8,2,12,38.59064865112305,72.73165893554688,79.87068939208984,0.5028721690177917,0.9477614164352417,1.0407897233963013
step53000,512,1024,1,23778, motive,8,2,13,40.45328140258789,74.40604400634766,81.06641387939453,0.5271440148353577,0.9695802330970764,1.0563710927963257
step53000,512,1024,1,23778, motive,8,2,14,42.243736267089844,74.76435852050781,81.56957244873047,0.5504753589630127,0.9742494225502014,1.0629277229309082
step53000,512,1024,1,23778, motive,8,2,15,44.30907440185547,75.66736602783203,81.92023468017578,0.5773886442184448,0.9860164523124695,1.0674971342086792
step53000,512,1024,1,23778, motive,8,2,16,46.865203857421875,75.95292663574219,81.80317687988281,0.6106973886489868,0.9897375702857971,1.0659717321395874
step53000,512,1024,1,23778, motive,8,2,17,48.92751693725586,75.88418579101562,81.68572235107422,0.6375712156295776,0.988841712474823,1.064441204071045
step53000,512,1024,1,23778, motive,8,2,18,50.93859100341797,76.27232360839844,81.26567840576172,0.6637774109840393,0.9938996434211731,1.0589677095413208
step53000,512,1024,1,23778, motive,8,2,19,52.93275833129883,75.94818115234375,80.86708068847656,0.6897632479667664,0.9896757006645203,1.0537735223770142
step53000,512,1024,1,23778, motive,8,2,20,55.33469009399414,76.01290130615234,80.33898162841797,0.7210626602172852,0.9905190467834473,1.0468919277191162
step53000,512,1024,1,23778, motive,8,2,21,57.48207473754883,75.63632202148438,79.70658874511719,0.7490451335906982,0.9856119155883789,1.0386512279510498
step53000,512,1024,1,23778, motive,8,2,22,59.65460205078125,75.49671936035156,79.1512680053711,0.7773551940917969,0.9837927222251892,1.0314149856567383
step53000,512,1024,1,23778, motive,8,2,23,61.638362884521484,74.97301483154297,78.54358673095703,0.8032054305076599,0.9769684076309204,1.0234962701797485
step53000,512,1024,1,23778, motive,8,2,24,63.58766174316406,74.45532989501953,77.88233184814453,0.8286066055297852,0.9702224731445312,1.0148794651031494
step53000,512,1024,1,23778, motive,8,2,25,65.44038391113281,73.90780639648438,77.149658203125,0.8527492880821228,0.9630876779556274,1.005332112312317
step53000,512,1024,1,23778, motive,8,2,26,66.75505828857422,73.15516662597656,76.42123413085938,0.869880735874176,0.9532802104949951,0.9958400726318359
step53000,512,1024,1,23778, motive,8,2,27,67.58433532714844,72.96717071533203,75.59806823730469,0.8806869983673096,0.950830340385437,0.9851134419441223
step53000,512,1024,1,23778, motive,8,2,28,67.96166229248047,74.21755981445312,76.17353820800781,0.8856039047241211,0.9671241044998169,0.992612361907959
step53000,512,1024,1,23778, motive,8,2,29,68.40411376953125,75.4144287109375,77.60477447509766,0.8913694620132446,0.9827204346656799,1.0112626552581787
step53000,512,1024,1,23778, motive,8,2,30,68.45551300048828,76.67536926269531,78.89932250976562,0.8920392394065857,0.9991516470909119,1.0281318426132202
step53000,512,1024,1,23778, motive,8,2,31,67.72846221923828,77.80628967285156,80.04183959960938,0.8825651407241821,1.0138885974884033,1.0430198907852173
step53000,512,1024,1,23778, motive,8,2,32,66.79949188232422,78.81831359863281,81.01763916015625,0.8704597353935242,1.027076244354248,1.055735468864441
step53000,512,1024,1,23778, motive,8,2,33,65.66368103027344,79.77482604980469,81.80033874511719,0.8556590676307678,1.0395405292510986,1.0659347772598267
step53000,512,1024,1,23778, motive,8,2,34,65.13326263427734,80.75641632080078,82.40763854980469,0.8487472534179688,1.0523314476013184,1.0738484859466553
step53000,512,1024,1,23778, motive,8,2,35,64.62267303466797,81.55697631835938,82.87230682373047,0.8420937657356262,1.0627634525299072,1.0799036026000977
step53000,512,1024,1,23778, motive,8,2,36,63.663143157958984,82.16473388671875,83.08358001708984,0.8295902013778687,1.0706831216812134,1.0826566219329834
step53000,512,1024,1,23778, motive,8,2,37,63.59405517578125,82.45767974853516,83.04963684082031,0.8286899328231812,1.074500560760498,1.08221435546875
step53000,512,1024,1,23778, motive,8,2,38,63.744266510009766,82.43559265136719,83.21387481689453,0.830647349357605,1.0742127895355225,1.0843545198440552
step53000,512,1024,1,23778, motive,8,2,39,63.651947021484375,82.13301849365234,83.14718627929688,0.8294442892074585,1.0702699422836304,1.08348548412323
step53000,512,1024,1,23778, motive,8,2,40,63.96247482299805,81.46182250976562,82.82909393310547,0.833490788936615,1.0615235567092896,1.0793404579162598
step53000,512,1024,1,23778, motive,8,2,41,64.81884002685547,80.6589126586914,82.27011108398438,0.8446500301361084,1.0510609149932861,1.0720564126968384
step53000,512,1024,1,23778, motive,8,2,42,65.72283172607422,79.67581939697266,81.61345672607422,0.8564298748970032,1.0382503271102905,1.0634995698928833
step53000,512,1024,1,23778, motive,8,2,43,66.89041900634766,78.74195098876953,80.73789978027344,0.8716446161270142,1.0260810852050781,1.0520902872085571
step53000,512,1024,1,23778, motive,8,2,44,67.89993286132812,77.7243423461914,79.6726303100586,0.8847995400428772,1.0128207206726074,1.0382087230682373
step53000,512,1024,1,23778, motive,8,2,45,68.51548767089844,76.57806396484375,78.43759155273438,0.8928207755088806,0.997883677482605,1.0221151113510132
step53000,512,1024,1,23778, motive,8,2,46,69.0332260131836,75.32850646972656,77.0451431274414,0.8995674252510071,0.9816007614135742,1.0039701461791992
step53000,512,1024,1,23778, motive,8,2,47,69.02782440185547,74.01728057861328,75.5152359008789,0.8994970321655273,0.9645142555236816,0.9840340614318848
step53000,512,1024,1,23778, motive,8,2,48,68.5726318359375,72.88397216796875,75.14153289794922,0.8935654163360596,0.9497461915016174,0.9791643619537354
step53000,512,1024,1,23778, motive,8,2,49,66.94718170166016,73.07544708251953,76.30814361572266,0.8723843097686768,0.9522413015365601,0.9943663477897644
step53000,512,1024,1,23778, motive,8,2,50,65.68045806884766,73.8918228149414,77.35083770751953,0.855877697467804,0.9628795385360718,1.0079536437988281
step53000,512,1024,1,23778, motive,8,2,51,64.03646850585938,74.32860565185547,78.21170043945312,0.8344550132751465,0.9685712456703186,1.0191714763641357
step53000,512,1024,1,23778, motive,8,2,52,62.216487884521484,74.89105224609375,79.03201293945312,0.8107389211654663,0.9759003520011902,1.0298609733581543
step53000,512,1024,1,23778, motive,8,2,53,60.446815490722656,75.36643981933594,79.69879150390625,0.7876784801483154,0.9820951223373413,1.0385496616363525
step53000,512,1024,1,23778, motive,8,2,54,58.108551025390625,75.53556823730469,80.17780303955078,0.7572087049484253,0.9842989444732666,1.0447916984558105
step53000,512,1024,1,23778, motive,8,2,55,56.17207336425781,75.86410522460938,80.6815185546875,0.7319746017456055,0.9885801672935486,1.0513554811477661
step53000,512,1024,1,23778, motive,8,2,56,53.78567123413086,75.95259094238281,80.99644470214844,0.7008775472640991,0.9897331595420837,1.0554592609405518
step53000,512,1024,1,23778, motive,8,2,57,51.67195510864258,76.241943359375,81.19432067871094,0.6733338236808777,0.9935038089752197,1.0580378770828247
step53000,512,1024,1,23778, motive,8,2,58,49.289268493652344,76.01618957519531,81.3849105834961,0.642285168170929,0.9905619025230408,1.0605213642120361
step53000,512,1024,1,23778, motive,8,2,59,47.06150436401367,75.90182495117188,81.34255981445312,0.6132553219795227,0.9890716075897217,1.0599695444107056
step53000,512,1024,1,23778, motive,8,2,60,44.75856399536133,75.60364532470703,81.30694580078125,0.5832458734512329,0.9851861000061035,1.0595054626464844
step53000,512,1024,1,23778, motive,8,2,61,42.3410758972168,74.95693969726562,81.10348510742188,0.551743745803833,0.9767588973045349,1.0568541288375854
step53000,512,1024,1,23778, motive,8,2,62,40.41965866088867,74.3130111694336,80.63352966308594,0.5267059206962585,0.9683679342269897,1.0507302284240723
step53000,512,1024,1,23778, motive,8,2,63,38.537452697753906,72.69898986816406,80.13655090332031,0.5021790266036987,0.9473357200622559,1.0442540645599365
step53000,512,1024,1,23778, motive,8,2,64,36.14873123168945,71.22753143310547,79.09837341308594,0.47105172276496887,0.9281612038612366,1.0307257175445557
step53000,512,1024,1,23778, motive,8,2,65,33.590633392333984,68.7895736694336,77.81442260742188,0.4377173185348511,0.8963923454284668,1.013994574546814
step53000,512,1024,1,23778, motive,8,2,66,30.833194732666016,66.35353088378906,75.83524322509766,0.40178531408309937,0.8646485209465027,0.9882040619850159
step53000,512,1024,1,23778, motive,8,2,67,27.757417678833008,62.573978424072266,73.38798522949219,0.36170506477355957,0.8153973817825317,0.956313967704773
step53000,512,1024,1,23778, motive,8,2,68,24.625308990478516,57.84395980834961,70.33977508544922,0.32089078426361084,0.753760814666748,0.9165929555892944
step53000,512,1024,1,23778, motive,8,2,69,21.62175750732422,51.789154052734375,66.82096099853516,0.28175169229507446,0.6748610138893127,0.8707395195960999
step53000,512,1024,1,23778, motive,8,2,70,18.503585815429688,45.13719940185547,62.296783447265625,0.24111899733543396,0.5881798267364502,0.8117852807044983
step53000,512,1024,1,23778, motive,8,2,71,15.008369445800781,37.43448257446289,56.92139434814453,0.19557307660579681,0.4878062903881073,0.7417389154434204
step53000,512,1024,1,23778, motive,8,2,72,11.378602027893066,28.93195915222168,50.90969467163086,0.14827381074428558,0.37701043486595154,0.6634008884429932
step53000,512,1024,1,23778, motive,8,2,73,7.600804328918457,19.709028244018555,44.060401916503906,0.09904558211565018,0.2568270266056061,0.5741481781005859
step53000,512,1024,1,23778, motive,8,2,74,3.779695987701416,14.38941764831543,37.23796081542969,0.04925296828150749,0.18750755488872528,0.48524540662765503
step53000,512,1024,1,23778, motive,8,2,75,0.472561776638031,14.19168472290039,30.136306762695312,0.0061579211615026,0.18493090569972992,0.39270421862602234
step53000,512,1024,1,23778, motive,8,2,76,4.547380447387695,14.997549057006836,30.11475372314453,0.05925661325454712,0.19543206691741943,0.3924233615398407
step53000,512,1024,1,23778, motive,8,2,77,8.366240501403809,21.770837783813477,38.494956970214844,0.1090199276804924,0.283694326877594,0.5016252398490906
step53000,512,1024,1,23778, motive,8,2,78,12.041000366210938,30.85061264038086,46.41779708862305,0.15690547227859497,0.40201228857040405,0.6048672199249268
step53000,512,1024,1,23778, motive,8,2,79,15.405799865722656,39.1959342956543,54.1544075012207,0.20075196027755737,0.5107595920562744,0.7056825160980225
step53000,512,1024,1,23778, motive,8,2,80,18.756258010864258,46.49906921386719,60.447593688964844,0.24441155791282654,0.6059262752532959,0.7876886129379272
step53000,512,1024,1,23778, motive,8,2,81,21.84515380859375,53.229331970214844,66.20407104492188,0.28466275334358215,0.6936278939247131,0.862700879573822
step53000,512,1024,1,23778, motive,8,2,82,24.965845108032227,58.77986145019531,70.52649688720703,0.3253282904624939,0.7659565210342407,0.9190261363983154
step53000,512,1024,1,23778, motive,8,2,83,28.120447158813477,63.18836975097656,74.17369842529297,0.3664356768131256,0.8234034180641174,0.9665525555610657
step53000,512,1024,1,23778, motive,8,2,84,31.07426643371582,66.90148162841797,76.937744140625,0.40492671728134155,0.8717887997627258,1.002570629119873
step53000,512,1024,1,23778, motive,8,2,85,33.83074188232422,69.19396209716797,79.14234924316406,0.44084614515304565,0.9016619920730591,1.0312987565994263
step53000,512,1024,1,23778, motive,8,2,86,36.287113189697266,71.67078399658203,80.65890502929688,0.47285497188568115,0.9339372515678406,1.0510609149932861
step53000,512,1024,1,23778, motive,8,2,87,38.412628173828125,72.84140014648438,81.72744750976562,0.5005524158477783,0.9491914510726929,1.064984917640686
step53000,512,1024,1,23778, motive,8,2,88,40.481632232666016,74.61688995361328,82.2018814086914,0.5275134444236755,0.972327709197998,1.071167230606079
step53000,512,1024,1,23778, motive,8,2,89,42.324771881103516,74.9562759399414,82.57819366455078,0.5515313148498535,0.9767502546310425,1.07607102394104
step53000,512,1024,1,23778, motive,8,2,90,44.45154571533203,75.71347045898438,82.55296325683594,0.5792451500892639,0.9866172075271606,1.075742244720459
step53000,512,1024,1,23778, motive,8,2,91,46.94997024536133,76.0636978149414,82.51679229736328,0.6118019819259644,0.9911810159683228,1.0752708911895752
step53000,512,1024,1,23778, motive,8,2,92,49.154075622558594,76.09579467773438,82.31907653808594,0.6405234932899475,0.9915992617607117,1.0726944208145142
step53000,512,1024,1,23778, motive,8,2,93,51.040870666503906,76.28919982910156,81.96479797363281,0.6651102304458618,0.9941194653511047,1.068077802658081
step53000,512,1024,1,23778, motive,8,2,94,53.09783172607422,76.05816650390625,81.667724609375,0.6919143199920654,0.9911089539527893,1.0642067193984985
step53000,512,1024,1,23778, motive,8,2,95,55.415584564208984,76.06060791015625,81.2149658203125,0.7221168279647827,0.9911407232284546,1.0583068132400513
step53000,512,1024,1,23778, motive,8,2,96,57.898651123046875,75.58949279785156,80.68004608154297,0.7544735074043274,0.9850017428398132,1.0513362884521484
step53000,512,1024,1,23778, motive,8,2,97,59.791324615478516,75.50357818603516,80.16193389892578,0.7791367769241333,0.9838821291923523,1.04458487033844
step53000,512,1024,1,23778, motive,8,2,98,61.99032211303711,74.95669555664062,79.5049819946289,0.8077917695045471,0.976755678653717,1.0360242128372192
step53000,512,1024,1,23778, motive,8,2,99,63.64826583862305,74.5129165649414,78.72067260742188,0.8293963670730591,0.9709728360176086,1.0258039236068726
step53000,512,1024,1,23778, motive,8,2,100,65.54267883300781,73.86531066894531,77.92620086669922,0.8540822863578796,0.9625340104103088,1.015451192855835
step53000,512,1024,1,23778, motive,8,2,101,66.95073699951172,73.14067077636719,76.96385955810547,0.8724306225776672,0.9530912041664124,1.0029109716415405
step53000,512,1024,1,23778, motive,8,2,102,67.65203857421875,73.31011199951172,75.8603744506836,0.8815692663192749,0.9552992582321167,0.9885315299034119
step53000,512,1024,1,23778, motive,8,2,103,67.80337524414062,74.42003631591797,76.07456970214844,0.8835412859916687,0.9697625637054443,0.9913226962089539
step53000,512,1024,1,23778, motive,8,2,104,68.45574188232422,75.58309173583984,77.48377990722656,0.8920422196388245,0.9849182367324829,1.00968599319458
step53000,512,1024,1,23778, motive,8,2,105,68.42796325683594,76.81300354003906,78.75515747070312,0.8916802406311035,1.0009450912475586,1.0262532234191895
step53000,512,1024,1,23778, motive,8,2,106,67.69830322265625,77.9467544555664,79.87433624267578,0.8821721076965332,1.0157190561294556,1.0408371686935425
step53000,512,1024,1,23778, motive,8,2,107,66.70046997070312,78.9621353149414,80.866943359375,0.8691694140434265,1.0289503335952759,1.053771734237671
step53000,512,1024,1,23778, motive,8,2,108,65.63790893554688,79.96751403808594,81.7338638305664,0.8553232550621033,1.0420514345169067,1.0650686025619507
step53000,512,1024,1,23778, motive,8,2,109,65.03324890136719,81.01078033447266,82.38279724121094,0.8474439382553101,1.0556460618972778,1.073524832725525
step53000,512,1024,1,23778, motive,8,2,110,64.18042755126953,81.63572692871094,82.8979721069336,0.8363308906555176,1.0637898445129395,1.0802379846572876
step53000,512,1024,1,23778, motive,8,2,111,63.62195587158203,82.26091003417969,83.22157287597656,0.829053521156311,1.0719366073608398,1.0844547748565674
step53000,512,1024,1,23778, motive,8,2,112,63.93843460083008,82.46873474121094,83.30897521972656,0.8331775069236755,1.074644684791565,1.0855937004089355
step53000,512,1024,1,23778, motive,8,2,113,63.950748443603516,82.41358947753906,83.21784973144531,0.8333379626274109,1.0739259719848633,1.0844062566757202
step53000,512,1024,1,23778, motive,8,2,114,63.88243865966797,82.09789276123047,83.1301040649414,0.8324478268623352,1.069812297821045,1.0832629203796387
step53000,512,1024,1,23778, motive,8,2,115,64.1364517211914,81.43315887451172,82.79075622558594,0.835757851600647,1.061150074005127,1.0788408517837524
step53000,512,1024,1,23778, motive,8,2,116,64.99108123779297,80.662841796875,82.22551727294922,0.8468945026397705,1.051112174987793,1.0714752674102783
step53000,512,1024,1,23778, motive,8,2,117,65.80374908447266,79.67117309570312,81.55007934570312,0.8574842810630798,1.0381898880004883,1.0626736879348755
step53000,512,1024,1,23778, motive,8,2,118,66.94014739990234,78.6783676147461,80.65841674804688,0.8722926378250122,1.0252525806427002,1.0510544776916504
step53000,512,1024,1,23778, motive,8,2,119,67.78705596923828,77.68592071533203,79.57930755615234,0.8833286166191101,1.0123201608657837,1.0369926691055298
step53000,512,1024,1,23778, motive,8,2,120,68.4631118774414,76.54605865478516,78.33182525634766,0.8921383023262024,0.9974665641784668,1.020736813545227
step53000,512,1024,1,23778, motive,8,2,121,68.81311798095703,75.3408203125,76.92855072021484,0.8966991901397705,0.9817612171173096,1.0024508237838745
step53000,512,1024,1,23778, motive,8,2,122,68.94039916992188,74.03495788574219,75.39080047607422,0.8983578085899353,0.9647445678710938,0.9824125170707703
step53000,512,1024,1,23778, motive,8,2,123,68.27220916748047,72.84481811523438,73.74779510498047,0.8896506428718567,0.9492359757423401,0.9610026478767395
step53000,512,1024,1,23778, motive,8,2,124,66.98910522460938,72.72562408447266,73.8724594116211,0.8729305863380432,0.9476828575134277,0.962627112865448
step53000,512,1024,1,23778, motive,8,2,125,65.63775634765625,73.46746063232422,74.59625244140625,0.8553212881088257,0.9573495984077454,0.9720588326454163
step53000,512,1024,1,23778, motive,8,2,126,63.95661926269531,74.01668548583984,75.23970794677734,0.8334144949913025,0.9645065665245056,0.9804436564445496
step53000,512,1024,1,23778, motive,8,2,127,62.05589294433594,74.5109634399414,75.78553771972656,0.8086462616920471,0.9709475040435791,0.9875563383102417
step53000,512,1024,1,23778, motive,8,2,128,60.15668487548828,74.85922241210938,76.20852661132812,0.7838977575302124,0.9754855632781982,0.993068277835846
step53000,512,1024,2,19211, cabinet,33,5,1,3.7791905403137207,10.227017402648926,11.402494430541992,0.04931378737092018,0.1334500014781952,0.14878852665424347
step53000,512,1024,2,19211, cabinet,33,5,2,7.529618740081787,20.130355834960938,22.420459747314453,0.09825226664543152,0.2626763582229614,0.292559415102005
step53000,512,1024,2,19211, cabinet,33,5,3,11.158499717712402,29.293546676635742,32.77166748046875,0.1456046998500824,0.3822447657585144,0.4276299476623535
step53000,512,1024,2,19211, cabinet,33,5,4,14.69317626953125,37.657772064208984,42.05078887939453,0.191727876663208,0.49138763546943665,0.5487110614776611
step53000,512,1024,2,19211, cabinet,33,5,5,18.119340896606445,45.35365295410156,50.37080764770508,0.23643511533737183,0.5918093919754028,0.6572771072387695
step53000,512,1024,2,19211, cabinet,33,5,6,21.433490753173828,52.14036178588867,57.25429153442383,0.27968069911003113,0.6803675889968872,0.7470980882644653
step53000,512,1024,2,19211, cabinet,33,5,7,24.63324737548828,57.87494659423828,63.181312561035156,0.32143357396125793,0.7551969289779663,0.8244384527206421
step53000,512,1024,2,19211, cabinet,33,5,8,27.800159454345703,62.39390563964844,67.83274841308594,0.3627578914165497,0.8141637444496155,0.8851339221000671
step53000,512,1024,2,19211, cabinet,33,5,9,30.811342239379883,66.01343536376953,71.50598907470703,0.4020501375198364,0.8613941669464111,0.9330652356147766
step53000,512,1024,2,19211, cabinet,33,5,10,33.71775817871094,68.93864440917969,74.551513671875,0.4399752914905548,0.8995645046234131,0.9728055596351624
step53000,512,1024,2,19211, cabinet,33,5,11,36.33744812011719,70.83252716064453,77.04134368896484,0.47415900230407715,0.9242774248123169,1.0052947998046875
step53000,512,1024,2,19211, cabinet,33,5,12,38.686641693115234,72.78369903564453,78.55379486083984,0.5048130750656128,0.9497377872467041,1.0250303745269775
step53000,512,1024,2,19211, cabinet,33,5,13,40.481605529785156,73.8804702758789,79.76478576660156,0.5282351970672607,0.9640492796897888,1.0408324003219604
step53000,512,1024,2,19211, cabinet,33,5,14,42.7734260559082,74.67443084716797,80.26426696777344,0.5581406354904175,0.9744095206260681,1.0473499298095703
step53000,512,1024,2,19211, cabinet,33,5,15,44.80331802368164,75.34564208984375,80.66851043701172,0.5846282243728638,0.9831680059432983,1.0526248216629028
step53000,512,1024,2,19211, cabinet,33,5,16,47.155765533447266,75.55765533447266,80.62223052978516,0.6153247356414795,0.9859344959259033,1.0520209074020386
step53000,512,1024,2,19211, cabinet,33,5,17,49.33465576171875,75.95243835449219,80.56987762451172,0.6437565684318542,0.9910858869552612,1.0513378381729126
step53000,512,1024,2,19211, cabinet,33,5,18,51.62982940673828,75.78976440429688,80.27540588378906,0.6737057566642761,0.98896324634552,1.0474953651428223
step53000,512,1024,2,19211, cabinet,33,5,19,53.674686431884766,76.03379821777344,79.93081665039062,0.7003886699676514,0.9921475648880005,1.0429989099502563
step53000,512,1024,2,19211, cabinet,33,5,20,56.006690979003906,75.75052642822266,79.5221176147461,0.7308184504508972,0.9884511828422546,1.037665843963623
step53000,512,1024,2,19211, cabinet,33,5,21,57.94279861450195,75.6633071899414,78.99213409423828,0.7560822367668152,0.9873130917549133,1.0307501554489136
step53000,512,1024,2,19211, cabinet,33,5,22,60.01138687133789,75.2367935180664,78.50040435791016,0.7830747961997986,0.9817476272583008,1.0243337154388428
step53000,512,1024,2,19211, cabinet,33,5,23,62.19920349121094,74.73379516601562,77.95686340332031,0.8116230964660645,0.9751841425895691,1.0172412395477295
step53000,512,1024,2,19211, cabinet,33,5,24,63.868408203125,74.37550354003906,77.32544708251953,0.8334041833877563,0.970508873462677,1.0090019702911377
step53000,512,1024,2,19211, cabinet,33,5,25,65.44447326660156,73.7155990600586,76.63377380371094,0.8539698719978333,0.9618979096412659,0.9999765157699585
step53000,512,1024,2,19211, cabinet,33,5,26,66.80593872070312,73.08858489990234,75.91317749023438,0.8717353343963623,0.9537161588668823,0.9905735850334167
step53000,512,1024,2,19211, cabinet,33,5,27,67.66524505615234,73.04291534423828,75.0556869506836,0.8829482197761536,0.953120231628418,0.9793844223022461
step53000,512,1024,2,19211, cabinet,33,5,28,68.55801391601562,74.14251708984375,76.21855926513672,0.8945977687835693,0.9674686193466187,0.9945584535598755
step53000,512,1024,2,19211, cabinet,33,5,29,68.79085540771484,75.40742492675781,77.62972259521484,0.8976360559463501,0.9839741587638855,1.012972354888916
step53000,512,1024,2,19211, cabinet,33,5,30,68.37957000732422,76.6652603149414,78.89997100830078,0.8922693133354187,1.0003873109817505,1.0295475721359253
step53000,512,1024,2,19211, cabinet,33,5,31,67.65716552734375,77.75553894042969,80.01556396484375,0.8828427791595459,1.014614224433899,1.0441046953201294
step53000,512,1024,2,19211, cabinet,33,5,32,66.7269287109375,78.74344635009766,80.96227264404297,0.8707043528556824,1.0275051593780518,1.0564581155776978
step53000,512,1024,2,19211, cabinet,33,5,33,65.8242416381836,79.79244232177734,81.71399688720703,0.8589254021644592,1.0411932468414307,1.0662671327590942
step53000,512,1024,2,19211, cabinet,33,5,34,65.19293975830078,80.70280456542969,82.25016021728516,0.8506876826286316,1.0530723333358765,1.07326340675354
step53000,512,1024,2,19211, cabinet,33,5,35,64.69934844970703,81.50650787353516,82.68431854248047,0.8442469239234924,1.0635597705841064,1.0789287090301514
step53000,512,1024,2,19211, cabinet,33,5,36,64.13448333740234,82.0627212524414,82.9061050415039,0.8368761539459229,1.0708175897598267,1.0818227529525757
step53000,512,1024,2,19211, cabinet,33,5,37,64.01294708251953,82.34741973876953,82.9809341430664,0.835290253162384,1.0745325088500977,1.0827991962432861
step53000,512,1024,2,19211, cabinet,33,5,38,64.16995239257812,82.31877136230469,82.97713470458984,0.8373389840126038,1.0741586685180664,1.082749605178833
step53000,512,1024,2,19211, cabinet,33,5,39,64.19827270507812,81.97745513916016,82.9236831665039,0.8377085328102112,1.0697050094604492,1.0820521116256714
step53000,512,1024,2,19211, cabinet,33,5,40,64.36764526367188,81.33927917480469,82.62084197998047,0.8399186134338379,1.0613775253295898,1.078100323677063
step53000,512,1024,2,19211, cabinet,33,5,41,64.79218292236328,80.73925018310547,82.13721466064453,0.8454583287239075,1.0535478591918945,1.0717896223068237
step53000,512,1024,2,19211, cabinet,33,5,42,65.80179595947266,79.87451171875,81.49900817871094,0.858632504940033,1.0422642230987549,1.0634617805480957
step53000,512,1024,2,19211, cabinet,33,5,43,66.8936996459961,78.91523742675781,80.641845703125,0.8728805184364319,1.0297468900680542,1.0522769689559937
step53000,512,1024,2,19211, cabinet,33,5,44,67.85367584228516,77.90692901611328,79.59446716308594,0.885407030582428,1.016589641571045,1.0386098623275757
step53000,512,1024,2,19211, cabinet,33,5,45,68.49979400634766,76.74678039550781,78.376953125,0.8938380479812622,1.0014511346817017,1.022722840309143
step53000,512,1024,2,19211, cabinet,33,5,46,68.88734436035156,75.42090606689453,77.00155639648438,0.8988951444625854,0.9841501116752625,1.0047756433486938
step53000,512,1024,2,19211, cabinet,33,5,47,68.74140167236328,74.16840362548828,75.48825073242188,0.8969907760620117,0.9678064584732056,0.985028862953186
step53000,512,1024,2,19211, cabinet,33,5,48,67.94701385498047,72.98999786376953,74.49272155761719,0.8866249918937683,0.9524297714233398,0.9720383882522583
step53000,512,1024,2,19211, cabinet,33,5,49,66.77767944335938,73.14803314208984,75.5564956665039,0.8713666200637817,0.954491913318634,0.9859193563461304
step53000,512,1024,2,19211, cabinet,33,5,50,65.60662841796875,73.6837158203125,76.54483795166016,0.8560858368873596,0.9614819288253784,0.9988160133361816
step53000,512,1024,2,19211, cabinet,33,5,51,63.849361419677734,74.3950424194336,77.34951782226562,0.833155632019043,0.9707638621330261,1.009316086769104
step53000,512,1024,2,19211, cabinet,33,5,52,61.96285629272461,74.74774932861328,78.09554290771484,0.808539092540741,0.9753662347793579,1.0190508365631104
step53000,512,1024,2,19211, cabinet,33,5,53,59.92494201660156,75.15670776367188,78.71082305908203,0.7819467782974243,0.9807026386260986,1.027079463005066
step53000,512,1024,2,19211, cabinet,33,5,54,57.73976516723633,75.63411712646484,79.14896392822266,0.7534329295158386,0.9869321584701538,1.0327966213226318
step53000,512,1024,2,19211, cabinet,33,5,55,55.5491943359375,75.76239013671875,79.61181640625,0.7248486876487732,0.9886060357093811,1.0388362407684326
step53000,512,1024,2,19211, cabinet,33,5,56,53.21849822998047,75.94744873046875,79.8949203491211,0.6944359540939331,0.9910208582878113,1.0425304174423218
step53000,512,1024,2,19211, cabinet,33,5,57,50.989437103271484,75.92216491699219,80.0899429321289,0.6653494238853455,0.9906908869743347,1.0450752973556519
step53000,512,1024,2,19211, cabinet,33,5,58,49.13072204589844,75.99689483642578,80.25187683105469,0.6410955190658569,0.9916660189628601,1.0471882820129395
step53000,512,1024,2,19211, cabinet,33,5,59,46.715675354003906,75.60262298583984,80.17691040039062,0.6095821261405945,0.986521303653717,1.0462100505828857
step53000,512,1024,2,19211, cabinet,33,5,60,44.59830856323242,75.46540069580078,80.1624755859375,0.5819531083106995,0.9847306609153748,1.0460216999053955
step53000,512,1024,2,19211, cabinet,33,5,61,42.34599685668945,74.77467346191406,79.89398193359375,0.5525631904602051,0.9757175445556641,1.0425182580947876
step53000,512,1024,2,19211, cabinet,33,5,62,40.3575439453125,73.78659057617188,79.45417022705078,0.5266163349151611,0.9628242254257202,1.0367791652679443
step53000,512,1024,2,19211, cabinet,33,5,63,38.47315216064453,72.8071517944336,78.80681610107422,0.5020273327827454,0.9500437378883362,1.028331995010376
step53000,512,1024,2,19211, cabinet,33,5,64,36.193359375,70.69114685058594,77.63104248046875,0.4722788333892822,0.922432541847229,1.0129896402359009
step53000,512,1024,2,19211, cabinet,33,5,65,33.62263107299805,69.00922393798828,76.19707489013672,0.4387339949607849,0.9004855155944824,0.9942781329154968
step53000,512,1024,2,19211, cabinet,33,5,66,30.802152633666992,65.79224395751953,73.85334014892578,0.40193021297454834,0.8585078120231628,0.9636952877044678
step53000,512,1024,2,19211, cabinet,33,5,67,27.964834213256836,62.18370819091797,71.04434204101562,0.3649066984653473,0.8114209175109863,0.9270412921905518
step53000,512,1024,2,19211, cabinet,33,5,68,24.88881492614746,57.457786560058594,67.74359893798828,0.32476842403411865,0.749753475189209,0.8839706778526306
step53000,512,1024,2,19211, cabinet,33,5,69,21.77358055114746,51.801666259765625,63.660587310791016,0.2841184437274933,0.6759480834007263,0.8306923508644104
step53000,512,1024,2,19211, cabinet,33,5,70,18.523754119873047,45.32556915283203,58.449119567871094,0.24171221256256104,0.591442883014679,0.7626891136169434
step53000,512,1024,2,19211, cabinet,33,5,71,15.22752857208252,38.19245529174805,52.55827713012695,0.19870051741600037,0.49836456775665283,0.6858208775520325
step53000,512,1024,2,19211, cabinet,33,5,72,11.399511337280273,30.19820785522461,45.600433349609375,0.14874960482120514,0.3940494656562805,0.5950295925140381
step53000,512,1024,2,19211, cabinet,33,5,73,7.703792572021484,21.17435073852539,37.89976501464844,0.10052502155303955,0.27629923820495605,0.4945453107357025
step53000,512,1024,2,19211, cabinet,33,5,74,3.9981019496917725,13.52678108215332,30.06836700439453,0.05217031389474869,0.1765078604221344,0.39235520362854004
step53000,512,1024,2,19211, cabinet,33,5,75,1.5203845500946045,13.484590530395508,22.810575485229492,0.019839148968458176,0.1759573221206665,0.29764994978904724
step53000,512,1024,2,19211, cabinet,33,5,76,4.48295259475708,15.329526901245117,25.39649772644043,0.05849701911211014,0.20003145933151245,0.3313930630683899
step53000,512,1024,2,19211, cabinet,33,5,77,8.163252830505371,22.411788940429688,34.26961898803711,0.1065204069018364,0.2924462854862213,0.44717639684677124
step53000,512,1024,2,19211, cabinet,33,5,78,11.902928352355957,31.248151779174805,42.62190628051758,0.15531857311725616,0.4077499508857727,0.556163489818573
step53000,512,1024,2,19211, cabinet,33,5,79,15.339881896972656,39.1275520324707,50.64493179321289,0.20016659796237946,0.5105664730072021,0.6608541011810303
step53000,512,1024,2,19211, cabinet,33,5,80,18.750654220581055,46.467899322509766,57.2496452331543,0.2446729838848114,0.6063489317893982,0.7470374703407288
step53000,512,1024,2,19211, cabinet,33,5,81,22.02920913696289,52.69744873046875,63.13874435424805,0.28745409846305847,0.6876368522644043,0.8238829374313354
step53000,512,1024,2,19211, cabinet,33,5,82,25.14923095703125,58.212005615234375,67.73997497558594,0.32816654443740845,0.7595950961112976,0.883923351764679
step53000,512,1024,2,19211, cabinet,33,5,83,28.213356018066406,62.89817810058594,71.44984436035156,0.36814960837364197,0.8207438588142395,0.9323325753211975
step53000,512,1024,2,19211, cabinet,33,5,84,31.056814193725586,66.47381591796875,74.48002624511719,0.40525323152542114,0.8674015402793884,0.9718727469444275
step53000,512,1024,2,19211, cabinet,33,5,85,33.82868957519531,69.40581512451172,76.97895050048828,0.44142279028892517,0.9056605696678162,1.0044806003570557
step53000,512,1024,2,19211, cabinet,33,5,86,36.47714614868164,70.9863052368164,78.51820373535156,0.4759818911552429,0.9262839555740356,1.0245660543441772
step53000,512,1024,2,19211, cabinet,33,5,87,38.574153900146484,73.1119155883789,79.77447509765625,0.503345251083374,0.9540205597877502,1.0409587621688843
step53000,512,1024,2,19211, cabinet,33,5,88,40.65705490112305,73.93406677246094,80.37384033203125,0.5305245518684387,0.9647486209869385,1.0487797260284424
step53000,512,1024,2,19211, cabinet,33,5,89,42.784244537353516,74.8840103149414,80.81195068359375,0.5582817792892456,0.9771442413330078,1.0544965267181396
step53000,512,1024,2,19211, cabinet,33,5,90,44.856407165527344,75.63703918457031,80.93849182128906,0.5853209495544434,0.9869703650474548,1.056147813796997
step53000,512,1024,2,19211, cabinet,33,5,91,47.35799789428711,75.65434265136719,80.91609191894531,0.6179636120796204,0.987196147441864,1.0558555126190186
step53000,512,1024,2,19211, cabinet,33,5,92,49.673133850097656,76.12409973144531,80.83597564697266,0.6481733322143555,0.9933258891105652,1.0548100471496582
step53000,512,1024,2,19211, cabinet,33,5,93,51.87912368774414,75.97368621826172,80.53914642333984,0.6769587397575378,0.9913631677627563,1.0509368181228638
step53000,512,1024,2,19211, cabinet,33,5,94,54.04063415527344,76.0516357421875,80.30728912353516,0.705163836479187,0.9923803210258484,1.0479114055633545
step53000,512,1024,2,19211, cabinet,33,5,95,56.31314468383789,75.8242416381836,79.92820739746094,0.7348172664642334,0.9894131422042847,1.0429648160934448
step53000,512,1024,2,19211, cabinet,33,5,96,58.30166244506836,75.73697662353516,79.43457794189453,0.760765016078949,0.9882743954658508,1.0365235805511475
step53000,512,1024,2,19211, cabinet,33,5,97,60.37350082397461,75.28092956542969,78.9660415649414,0.7877999544143677,0.9823236465454102,1.0304096937179565
step53000,512,1024,2,19211, cabinet,33,5,98,62.56992721557617,74.87468719482422,78.34397888183594,0.8164606094360352,0.9770225286483765,1.0222926139831543
step53000,512,1024,2,19211, cabinet,33,5,99,64.20169830322266,74.43659210205078,77.61373138427734,0.8377532362937927,0.9713060259819031,1.0127637386322021
step53000,512,1024,2,19211, cabinet,33,5,100,65.69402313232422,73.71088409423828,76.83780670166016,0.8572261929512024,0.9618363976478577,1.0026389360427856
step53000,512,1024,2,19211, cabinet,33,5,101,66.86615753173828,73.1137466430664,75.88854217529297,0.8725211024284363,0.9540444612503052,0.9902521371841431
step53000,512,1024,2,19211, cabinet,33,5,102,67.79205322265625,73.22988891601562,74.85785675048828,0.8846029043197632,0.9555599689483643,0.9768029451370239
step53000,512,1024,2,19211, cabinet,33,5,103,68.30142211914062,74.40486145019531,75.8272705078125,0.8912495374679565,0.9708919525146484,0.989452600479126
step53000,512,1024,2,19211, cabinet,33,5,104,68.8028564453125,75.65081024169922,77.26324462890625,0.897792637348175,0.9871499538421631,1.0081902742385864
step53000,512,1024,2,19211, cabinet,33,5,105,68.44070434570312,76.89586639404297,78.55776977539062,0.8930670022964478,1.0033963918685913,1.0250822305679321
step53000,512,1024,2,19211, cabinet,33,5,106,67.74986267089844,78.05110931396484,79.714599609375,0.8840523958206177,1.0184710025787354,1.0401774644851685
step53000,512,1024,2,19211, cabinet,33,5,107,66.71993255615234,79.05687713623047,80.75202941894531,0.8706130981445312,1.03159499168396,1.053714632987976
step53000,512,1024,2,19211, cabinet,33,5,108,65.65137481689453,80.03187561035156,81.59593963623047,0.8566697239875793,1.0443174839019775,1.064726710319519
step53000,512,1024,2,19211, cabinet,33,5,109,64.9275131225586,80.98474884033203,82.22012329101562,0.8472241759300232,1.0567512512207031,1.072871446609497
step53000,512,1024,2,19211, cabinet,33,5,110,64.63945770263672,81.65953063964844,82.67469787597656,0.8434654474258423,1.0655564069747925,1.0788031816482544
step53000,512,1024,2,19211, cabinet,33,5,111,64.73391723632812,82.19148254394531,82.97027587890625,0.8446980118751526,1.0724977254867554,1.0826600790023804
step53000,512,1024,2,19211, cabinet,33,5,112,64.43104553222656,82.39447784423828,83.02649688720703,0.8407459259033203,1.0751465559005737,1.0833936929702759
step53000,512,1024,2,19211, cabinet,33,5,113,64.08602142333984,82.39119720458984,82.98429870605469,0.836243748664856,1.0751038789749146,1.0828430652618408
step53000,512,1024,2,19211, cabinet,33,5,114,64.74163055419922,81.99188995361328,82.89962768554688,0.8447986841201782,1.0698933601379395,1.0817382335662842
step53000,512,1024,2,19211, cabinet,33,5,115,64.89336395263672,81.321533203125,82.60980224609375,0.8467785716056824,1.0611460208892822,1.0779563188552856
step53000,512,1024,2,19211, cabinet,33,5,116,65.18994140625,80.58885192871094,82.12450408935547,0.8506485819816589,1.0515854358673096,1.0716238021850586
step53000,512,1024,2,19211, cabinet,33,5,117,66.03028869628906,79.5917739868164,81.49797821044922,0.8616140484809875,1.0385746955871582,1.063448429107666
step53000,512,1024,2,19211, cabinet,33,5,118,66.8441390991211,78.67694854736328,80.65303039550781,0.8722338080406189,1.0266374349594116,1.0524228811264038
step53000,512,1024,2,19211, cabinet,33,5,119,67.68961334228516,77.67266845703125,79.61913299560547,0.8832662105560303,1.0135328769683838,1.0389317274093628
step53000,512,1024,2,19211, cabinet,33,5,120,68.4215316772461,76.5418930053711,78.41645050048828,0.8928168416023254,0.9987775683403015,1.0232383012771606
step53000,512,1024,2,19211, cabinet,33,5,121,68.69145965576172,75.34272003173828,77.0567398071289,0.8963390588760376,0.9831298589706421,1.0054956674575806
step53000,512,1024,2,19211, cabinet,33,5,122,68.68225860595703,74.01438903808594,75.5579833984375,0.89621901512146,0.9657967686653137,0.9859387874603271
step53000,512,1024,2,19211, cabinet,33,5,123,68.02556610107422,72.829345703125,73.94537353515625,0.8876499533653259,0.9503333568572998,0.9648962020874023
step53000,512,1024,2,19211, cabinet,33,5,124,66.6633071899414,72.74579620361328,74.12336730957031,0.8698741793632507,0.9492431879043579,0.967218816280365
step53000,512,1024,2,19211, cabinet,33,5,125,65.56739807128906,73.50802612304688,74.81783294677734,0.8555738925933838,0.9591892957687378,0.976280689239502
step53000,512,1024,2,19211, cabinet,33,5,126,63.81910705566406,74.03119659423828,75.49507141113281,0.8327608704566956,0.9660160541534424,0.9851178526878357
step53000,512,1024,2,19211, cabinet,33,5,127,61.79987335205078,74.500732421875,76.00740051269531,0.8064123392105103,0.9721428751945496,0.9918031096458435
step53000,512,1024,2,19211, cabinet,33,5,128,59.4627685546875,75.03324127197266,76.46998596191406,0.7759159803390503,0.9790915250778198,0.9978392720222473
step53000,512,1024,3,6574, miles,404,7,1,3.9200875759124756,10.280838966369629,10.758172035217285,0.051172297447919846,0.1342046856880188,0.14043574035167694
step53000,512,1024,3,6574, miles,404,7,2,7.7783331871032715,20.252992630004883,21.1566104888916,0.1015373170375824,0.2643798589706421,0.2761755585670471
step53000,512,1024,3,6574, miles,404,7,3,11.519346237182617,29.445009231567383,30.861326217651367,0.1503719985485077,0.38437122106552124,0.4028595983982086
step53000,512,1024,3,6574, miles,404,7,4,15.115334510803223,37.70382308959961,39.65251159667969,0.19731354713439941,0.49218064546585083,0.5176185369491577
step53000,512,1024,3,6574, miles,404,7,5,18.447002410888672,45.49119186401367,47.36293411254883,0.24080468714237213,0.5938358902931213,0.6182693839073181
step53000,512,1024,3,6574, miles,404,7,6,21.561616897583008,52.26780319213867,53.97746276855469,0.2814624607563019,0.6822969317436218,0.7046145796775818
step53000,512,1024,3,6574, miles,404,7,7,24.753982543945312,58.0333137512207,59.40575408935547,0.3231351673603058,0.7575591206550598,0.7754747271537781
step53000,512,1024,3,6574, miles,404,7,8,27.925901412963867,62.82448959350586,64.03555297851562,0.3645409643650055,0.8201024532318115,0.8359115123748779
step53000,512,1024,3,6574, miles,404,7,9,30.939289093017578,66.44703674316406,67.95244598388672,0.403877317905426,0.8673906922340393,0.8870421051979065
step53000,512,1024,3,6574, miles,404,7,10,33.85061264038086,69.0131607055664,71.11033630371094,0.44188135862350464,0.9008885622024536,0.9282647967338562
step53000,512,1024,3,6574, miles,404,7,11,36.532958984375,71.41230010986328,73.28365325927734,0.47689634561538696,0.9322065114974976,0.9566349983215332
step53000,512,1024,3,6574, miles,404,7,12,38.74903869628906,72.72901153564453,74.98725128173828,0.5058247447013855,0.9493947625160217,0.9788734912872314
step53000,512,1024,3,6574, miles,404,7,13,40.51036834716797,74.26982116699219,75.96471405029297,0.5288169384002686,0.9695082306861877,0.9916331768035889
step53000,512,1024,3,6574, miles,404,7,14,42.20378112792969,74.77483367919922,76.73117065429688,0.5509225130081177,0.9761006236076355,1.001638412475586
step53000,512,1024,3,6574, miles,404,7,15,44.3189811706543,75.62081909179688,77.04893493652344,0.5785340070724487,0.9871440529823303,1.005786418914795
step53000,512,1024,3,6574, miles,404,7,16,46.836402893066406,75.76925659179688,77.32675170898438,0.6113961338996887,0.9890816807746887,1.0094130039215088
step53000,512,1024,3,6574, miles,404,7,17,48.70591354370117,76.1176528930664,77.31977081298828,0.6358004808425903,0.9936295747756958,1.009321928024292
step53000,512,1024,3,6574, miles,404,7,18,50.92853927612305,76.0905990600586,77.31563568115234,0.664814293384552,0.9932764768600464,1.0092679262161255
step53000,512,1024,3,6574, miles,404,7,19,52.871986389160156,75.99568939208984,77.12639617919922,0.6901838183403015,0.9920375943183899,1.0067976713180542
step53000,512,1024,3,6574, miles,404,7,20,55.38899230957031,75.94818115234375,76.91969299316406,0.7230404615402222,0.9914173483848572,1.0040993690490723
step53000,512,1024,3,6574, miles,404,7,21,57.514732360839844,75.60400390625,76.61319732666016,0.7507895827293396,0.9869245290756226,1.0000983476638794
step53000,512,1024,3,6574, miles,404,7,22,59.788909912109375,75.39459991455078,76.2065658569336,0.7804763913154602,0.9841909408569336,0.994790256023407
step53000,512,1024,3,6574, miles,404,7,23,62.16727066040039,74.89501190185547,75.78099822998047,0.8115231990814209,0.977669358253479,0.989234983921051
step53000,512,1024,3,6574, miles,404,7,24,63.97417449951172,74.41413116455078,75.19491577148438,0.8351103067398071,0.9713920950889587,0.981584370136261
step53000,512,1024,3,6574, miles,404,7,25,65.62718963623047,73.74988555908203,74.57160949707031,0.8566884994506836,0.9627211093902588,0.9734477996826172
step53000,512,1024,3,6574, miles,404,7,26,66.97325897216797,73.03457641601562,73.80622100830078,0.8742599487304688,0.9533835649490356,0.9634565114974976
step53000,512,1024,3,6574, miles,404,7,27,68.04304504394531,72.94266510009766,73.94078826904297,0.8882247805595398,0.952183723449707,0.9652131199836731
step53000,512,1024,3,6574, miles,404,7,28,68.665283203125,74.30349731445312,75.5496597290039,0.8963474035263062,0.969947874546051,0.9862151145935059
step53000,512,1024,3,6574, miles,404,7,29,68.64495086669922,75.5648422241211,77.04454803466797,0.8960819840431213,0.9864133596420288,1.0057291984558105
step53000,512,1024,3,6574, miles,404,7,30,68.45144653320312,76.7745361328125,78.39936065673828,0.8935559988021851,1.0022045373916626,1.0234147310256958
step53000,512,1024,3,6574, miles,404,7,31,67.66978454589844,77.87211608886719,79.59622955322266,0.8833522796630859,1.016532063484192,1.0390385389328003
step53000,512,1024,3,6574, miles,404,7,32,66.78501892089844,79.05687713623047,80.62337493896484,0.8718026876449585,1.0319979190826416,1.052446722984314
step53000,512,1024,3,6574, miles,404,7,33,65.64559936523438,80.13773345947266,81.486572265625,0.856928825378418,1.0461071729660034,1.0637147426605225
step53000,512,1024,3,6574, miles,404,7,34,64.60255432128906,80.92334747314453,82.17242431640625,0.8433130979537964,1.056362509727478,1.0726678371429443
step53000,512,1024,3,6574, miles,404,7,35,63.95528030395508,81.6449203491211,82.62493133544922,0.8348636627197266,1.0657817125320435,1.078574776649475
step53000,512,1024,3,6574, miles,404,7,36,64.32677459716797,82.2490005493164,82.87516021728516,0.8397130966186523,1.0736674070358276,1.081841230392456
step53000,512,1024,3,6574, miles,404,7,37,63.804935455322266,82.5100326538086,82.93870544433594,0.8329010605812073,1.0770748853683472,1.0826706886291504
step53000,512,1024,3,6574, miles,404,7,38,63.837215423583984,82.50540161132812,82.93437957763672,0.8333224654197693,1.077014446258545,1.0826143026351929
step53000,512,1024,3,6574, miles,404,7,39,64.44107055664062,82.1789779663086,82.858642578125,0.8412050604820251,1.0727534294128418,1.0816255807876587
step53000,512,1024,3,6574, miles,404,7,40,64.7931137084961,81.577880859375,82.59413146972656,0.8458006381988525,1.0649067163467407,1.0781726837158203
step53000,512,1024,3,6574, miles,404,7,41,65.08100891113281,80.7969970703125,82.12501525878906,0.8495587706565857,1.054713249206543,1.0720489025115967
step53000,512,1024,3,6574, miles,404,7,42,65.7179946899414,79.8460693359375,81.42059326171875,0.8578738570213318,1.0422999858856201,1.062853455543518
step53000,512,1024,3,6574, miles,404,7,43,66.89849853515625,78.82919311523438,80.51505279541016,0.8732840418815613,1.029025673866272,1.0510326623916626
step53000,512,1024,3,6574, miles,404,7,44,67.88921356201172,77.7850570678711,79.45133972167969,0.8862167000770569,1.0153957605361938,1.0371471643447876
step53000,512,1024,3,6574, miles,404,7,45,68.58975982666016,76.62283325195312,78.22901153564453,0.8953615427017212,1.000224232673645,1.0211910009384155
step53000,512,1024,3,6574, miles,404,7,46,69.09077453613281,75.42814636230469,76.84974670410156,0.9019017219543457,0.9846288561820984,1.0031862258911133
step53000,512,1024,3,6574, miles,404,7,47,69.1093521118164,74.15100860595703,75.33354187011719,0.902144193649292,0.9679573178291321,0.9833939671516418
step53000,512,1024,3,6574, miles,404,7,48,68.61432647705078,72.89460754394531,73.70866394042969,0.8956822156906128,0.9515564441680908,0.9621829986572266
step53000,512,1024,3,6574, miles,404,7,49,67.00657653808594,73.08586883544922,73.81675720214844,0.8746948838233948,0.9540531635284424,0.9635940194129944
step53000,512,1024,3,6574, miles,404,7,50,65.6907730102539,73.7265625,74.58442687988281,0.8575185537338257,0.9624166488647461,0.9736151099205017
step53000,512,1024,3,6574, miles,404,7,51,64.05298614501953,74.38760375976562,75.2146987915039,0.8361390829086304,0.9710457921028137,0.981842577457428
step53000,512,1024,3,6574, miles,404,7,52,62.21389389038086,74.79983520507812,75.79547119140625,0.8121318221092224,0.9764270186424255,0.989423930644989
step53000,512,1024,3,6574, miles,404,7,53,59.95484924316406,75.38655090332031,76.2149429321289,0.7826425433158875,0.9840859174728394,0.9948996305465698
step53000,512,1024,3,6574, miles,404,7,54,57.926212310791016,75.51097869873047,76.62213134765625,0.7561609745025635,0.9857102036476135,1.0002150535583496
step53000,512,1024,3,6574, miles,404,7,55,55.53288650512695,75.8116683959961,76.91651916503906,0.7249188423156738,0.9896352887153625,1.0040578842163086
step53000,512,1024,3,6574, miles,404,7,56,53.51762771606445,75.9482421875,77.12174987792969,0.6986119151115417,0.9914181232452393,1.0067369937896729
step53000,512,1024,3,6574, miles,404,7,57,51.335792541503906,75.88328552246094,77.2936782836914,0.6701305508613586,0.9905702471733093,1.0089813470840454
step53000,512,1024,3,6574, miles,404,7,58,48.9673957824707,75.94740295410156,77.29802703857422,0.6392138004302979,0.9914071559906006,1.0090380907058716
step53000,512,1024,3,6574, miles,404,7,59,46.952449798583984,75.62445068359375,77.28209686279297,0.6129109859466553,0.9871914982795715,1.0088300704956055
step53000,512,1024,3,6574, miles,404,7,60,44.39634704589844,75.53448486328125,77.00286102294922,0.579543948173523,0.986017107963562,1.0051850080490112
step53000,512,1024,3,6574, miles,404,7,61,42.0892448425293,74.64424133300781,76.66411590576172,0.549427330493927,0.9743959307670593,1.0007630586624146
step53000,512,1024,3,6574, miles,404,7,62,40.414608001708984,74.13224792480469,75.88162231445312,0.5275668501853943,0.96771240234375,0.9905484914779663
step53000,512,1024,3,6574, miles,404,7,63,38.60335922241211,72.48491668701172,74.90141296386719,0.5039230585098267,0.9462084174156189,0.9777529835700989
step53000,512,1024,3,6574, miles,404,7,64,36.28719711303711,71.16716766357422,73.17390441894531,0.4736882150173187,0.9290066361427307,0.9552023410797119
step53000,512,1024,3,6574, miles,404,7,65,33.59133529663086,68.76858520507812,71.0118179321289,0.43849679827690125,0.8976958990097046,0.9269787669181824
step53000,512,1024,3,6574, miles,404,7,66,30.69179344177246,66.0880126953125,67.79850006103516,0.4006465673446655,0.8627040982246399,0.8850325345993042
step53000,512,1024,3,6574, miles,404,7,67,27.62345314025879,62.33555603027344,63.9217414855957,0.3605928421020508,0.8137199878692627,0.8344258069992065
step53000,512,1024,3,6574, miles,404,7,68,24.461183547973633,57.69810104370117,59.28573989868164,0.31931301951408386,0.7531833052635193,0.7739080786705017
step53000,512,1024,3,6574, miles,404,7,69,21.344329833984375,51.81224060058594,53.862220764160156,0.278626024723053,0.6763499975204468,0.7031102180480957
step53000,512,1024,3,6574, miles,404,7,70,18.076494216918945,45.01557159423828,47.25104522705078,0.23596812784671783,0.5876272320747375,0.6168088316917419
step53000,512,1024,3,6574, miles,404,7,71,14.700871467590332,37.4990119934082,39.53921890258789,0.19190320372581482,0.4895070493221283,0.5161396861076355
step53000,512,1024,3,6574, miles,404,7,72,11.158255577087402,28.80784034729004,30.785226821899414,0.14565837383270264,0.37605369091033936,0.40186622738838196
step53000,512,1024,3,6574, miles,404,7,73,7.392354488372803,19.588293075561523,21.089637756347656,0.09649880230426788,0.255702942609787,0.2753013074398041
step53000,512,1024,3,6574, miles,404,7,74,3.591046094894409,9.742874145507812,10.76712703704834,0.04687703400850296,0.12718217074871063,0.14055262506008148
step53000,512,1024,3,6574, miles,404,7,75,0.43118858337402344,1.511616826057434,1.72133469581604,0.005628678016364574,0.019732441753149033,0.02247007191181183
step53000,512,1024,3,6574, miles,404,7,76,4.205987930297852,11.328137397766113,12.247605323791504,0.054904401302337646,0.14787597954273224,0.15987859666347504
step53000,512,1024,3,6574, miles,404,7,77,8.025543212890625,20.997417449951172,22.526994705200195,0.10476436465978622,0.2740974724292755,0.29406437277793884
step53000,512,1024,3,6574, miles,404,7,78,11.77999210357666,30.193721771240234,32.094486236572266,0.1537744402885437,0.39414480328559875,0.4189571142196655
step53000,512,1024,3,6574, miles,404,7,79,15.34164810180664,38.670536041259766,40.70738220214844,0.20026782155036926,0.504800021648407,0.5313887000083923
step53000,512,1024,3,6574, miles,404,7,80,18.707866668701172,46.08680725097656,48.2705192565918,0.24420997500419617,0.6016109585762024,0.630116879940033
step53000,512,1024,3,6574, miles,404,7,81,21.85043716430664,52.71764373779297,54.69270324707031,0.28523266315460205,0.688169002532959,0.7139512300491333
step53000,512,1024,3,6574, miles,404,7,82,25.048683166503906,58.57951354980469,60.008270263671875,0.32698214054107666,0.7646890878677368,0.7833399176597595
step53000,512,1024,3,6574, miles,404,7,83,28.152177810668945,62.91780090332031,64.51065826416016,0.36749476194381714,0.8213205337524414,0.8421134948730469
step53000,512,1024,3,6574, miles,404,7,84,31.205968856811523,66.68251037597656,68.31574249267578,0.4073585271835327,0.870464563369751,0.8917845487594604
step53000,512,1024,3,6574, miles,404,7,85,33.99464797973633,69.14599609375,71.37248229980469,0.44376158714294434,0.9026225805282593,0.9316868185997009
step53000,512,1024,3,6574, miles,404,7,86,36.715328216552734,71.56688690185547,73.47593688964844,0.47927695512771606,0.934224545955658,0.9591450095176697
step53000,512,1024,3,6574, miles,404,7,87,38.88036346435547,72.80880737304688,75.0765151977539,0.5075390338897705,0.9504364132881165,0.9800387620925903
step53000,512,1024,3,6574, miles,404,7,88,40.657039642333984,74.40189361572266,76.03438568115234,0.5307315587997437,0.9712322950363159,0.9925426840782166
step53000,512,1024,3,6574, miles,404,7,89,42.309932708740234,74.86791229248047,76.73173522949219,0.552308201789856,0.9773156642913818,1.001645803451538
step53000,512,1024,3,6574, miles,404,7,90,44.513710021972656,75.79208374023438,77.04568481445312,0.5810760259628296,0.9893796443939209,1.0057439804077148
step53000,512,1024,3,6574, miles,404,7,91,46.8443717956543,75.85116577148438,77.29850769042969,0.6115001440048218,0.9901509284973145,1.0090442895889282
step53000,512,1024,3,6574, miles,404,7,92,48.86101150512695,76.17094421386719,77.27730560302734,0.637825071811676,0.9943252801895142,1.0087676048278809
step53000,512,1024,3,6574, miles,404,7,93,50.97836685180664,76.0965805053711,77.28101348876953,0.6654647588729858,0.9933544993400574,1.0088160037994385
step53000,512,1024,3,6574, miles,404,7,94,52.95780563354492,76.02086639404297,77.08165740966797,0.691304087638855,0.9923662543296814,1.006213665008545
step53000,512,1024,3,6574, miles,404,7,95,55.34212112426758,75.97018432617188,76.88446044921875,0.7224286198616028,0.991704523563385,1.0036394596099854
step53000,512,1024,3,6574, miles,404,7,96,57.57698440551758,75.53742980957031,76.56675720214844,0.7516022324562073,0.9860554337501526,0.9994921684265137
step53000,512,1024,3,6574, miles,404,7,97,59.81043243408203,75.41360473632812,76.16493225097656,0.7807573676109314,0.9844390153884888,0.994246780872345
step53000,512,1024,3,6574, miles,404,7,98,62.28562927246094,74.8710708618164,75.72163391113281,0.8130682706832886,0.9773569107055664,0.9884600639343262
step53000,512,1024,3,6574, miles,404,7,99,64.12974548339844,74.38507080078125,75.1155014038086,0.8371410965919495,0.9710127711296082,0.9805476665496826
step53000,512,1024,3,6574, miles,404,7,100,65.68196868896484,73.70579528808594,74.48600006103516,0.857403576374054,0.9621455669403076,0.9723302721977234
step53000,512,1024,3,6574, miles,404,7,101,67.04326629638672,72.94084930419922,73.68827819824219,0.875173807144165,0.952160120010376,0.9619169235229492
step53000,512,1024,3,6574, miles,404,7,102,68.03612518310547,73.01759338378906,73.96381378173828,0.8881344199180603,0.9531618356704712,0.9655137062072754
step53000,512,1024,3,6574, miles,404,7,103,68.62804412841797,74.36241149902344,75.57469940185547,0.8958612680435181,0.9707169532775879,0.9865419864654541
step53000,512,1024,3,6574, miles,404,7,104,68.7801742553711,75.62416076660156,77.07220458984375,0.8978471755981445,0.9871876835823059,1.0060901641845703
step53000,512,1024,3,6574, miles,404,7,105,68.40410614013672,76.86520385742188,78.42997741699219,0.8929380178451538,1.0033880472183228,1.0238144397735596
step53000,512,1024,3,6574, miles,404,7,106,67.61444854736328,77.97520446777344,79.62989044189453,0.882629930973053,1.0178778171539307,1.0394779443740845
step53000,512,1024,3,6574, miles,404,7,107,66.690185546875,79.13523864746094,80.66517639160156,0.8705647587776184,1.0330207347869873,1.052992343902588
step53000,512,1024,3,6574, miles,404,7,108,65.50098419189453,80.20555114746094,81.53296661376953,0.8550410866737366,1.046992540359497,1.06432044506073
step53000,512,1024,3,6574, miles,404,7,109,64.52130889892578,80.98066711425781,82.2061767578125,0.8422524929046631,1.0571107864379883,1.073108434677124
step53000,512,1024,3,6574, miles,404,7,110,64.61077880859375,81.70319366455078,82.6461181640625,0.8434204459190369,1.0665425062179565,1.078851342201233
step53000,512,1024,3,6574, miles,404,7,111,64.3409423828125,82.2684555053711,82.88616180419922,0.8398980498313904,1.0739213228225708,1.0819848775863647
step53000,512,1024,3,6574, miles,404,7,112,63.90599060058594,82.51107025146484,82.91655731201172,0.8342202305793762,1.077088475227356,1.0823816061019897
step53000,512,1024,3,6574, miles,404,7,113,63.855045318603516,82.49317932128906,82.94507598876953,0.8335552215576172,1.076854944229126,1.0827538967132568
step53000,512,1024,3,6574, miles,404,7,114,64.6943359375,82.17046356201172,82.84248352050781,0.8445111513137817,1.072642207145691,1.0814146995544434
step53000,512,1024,3,6574, miles,404,7,115,64.82025909423828,81.47809600830078,82.53965759277344,0.8461549878120422,1.0636041164398193,1.07746160030365
step53000,512,1024,3,6574, miles,404,7,116,65.17638397216797,80.69107055664062,82.07456970214844,0.850803792476654,1.053330421447754,1.0713903903961182
step53000,512,1024,3,6574, miles,404,7,117,65.84286499023438,79.72355651855469,81.37488555908203,0.8595039248466492,1.0407005548477173,1.0622568130493164
step53000,512,1024,3,6574, miles,404,7,118,67.0379638671875,78.7386245727539,80.46910095214844,0.8751046061515808,1.0278434753417969,1.050432801246643
step53000,512,1024,3,6574, miles,404,7,119,67.91559600830078,77.67627716064453,79.39029693603516,0.8865610957145691,1.0139756202697754,1.0363502502441406
step53000,512,1024,3,6574, miles,404,7,120,68.63059997558594,76.55370330810547,78.15612030029297,0.8958946466445923,0.999321699142456,1.0202394723892212
step53000,512,1024,3,6574, miles,404,7,121,69.10200500488281,75.35470581054688,76.77068328857422,0.9020482897758484,0.983670175075531,1.0021542310714722
step53000,512,1024,3,6574, miles,404,7,122,69.14830017089844,74.07989501953125,75.24919891357422,0.9026526212692261,0.9670289754867554,0.9822929501533508
step53000,512,1024,3,6574, miles,404,7,123,68.53905487060547,72.8209228515625,73.61859893798828,0.8946996331214905,0.9505945444107056,0.961007297039032
step53000,512,1024,3,6574, miles,404,7,124,66.96623229980469,73.09715270996094,73.92560577392578,0.8741682171821594,0.9542005062103271,0.9650149345397949
step53000,512,1024,3,6574, miles,404,7,125,65.61266326904297,73.7528305053711,74.66671752929688,0.8564988970756531,0.9627595543861389,0.9746893048286438
step53000,512,1024,3,6574, miles,404,7,126,63.902549743652344,74.36375427246094,75.29448699951172,0.8341752886772156,0.9707344770431519,0.9828841090202332
step53000,512,1024,3,6574, miles,404,7,127,62.01753616333008,74.81314086914062,75.8534164428711,0.8095685839653015,0.9766006469726562,0.9901803135871887
step53000,512,1024,3,6574, miles,404,7,128,59.813907623291016,75.31720733642578,76.25616455078125,0.7808027267456055,0.9831807017326355,0.995437741279602
step57000,512,1024,0,21825, clones,2,0,1,2.361175298690796,12.902600288391113,16.61163902282715,0.024875858798623085,0.13593368232250214,0.17500978708267212
step57000,512,1024,0,21825, clones,2,0,2,4.715954303741455,25.418354034423828,29.143566131591797,0.04968433082103729,0.2677918076515198,0.3070383071899414
step57000,512,1024,0,21825, clones,2,0,3,7.018098831176758,37.03400421142578,39.777835845947266,0.0739382803440094,0.3901669979095459,0.41907426714897156
step57000,512,1024,0,21825, clones,2,0,4,9.297551155090332,46.647464752197266,51.15935134887695,0.09795315563678741,0.49144837260246277,0.5389827489852905
step57000,512,1024,0,21825, clones,2,0,5,11.523673057556152,53.52593994140625,61.206459045410156,0.1214061751961708,0.5639156699180603,0.6448327898979187
step57000,512,1024,0,21825, clones,2,0,6,13.741259574890137,62.097862243652344,70.32129669189453,0.14476928114891052,0.6542240381240845,0.7408609986305237
step57000,512,1024,0,21825, clones,2,0,7,15.802947998046875,70.38919830322266,78.15325927734375,0.16648992896080017,0.7415763735771179,0.8233736157417297
step57000,512,1024,0,21825, clones,2,0,8,17.910314559936523,76.243408203125,85.12939453125,0.18869182467460632,0.803252637386322,0.8968697786331177
step57000,512,1024,0,21825, clones,2,0,9,19.902055740356445,83.59980010986328,91.44518280029297,0.20967555046081543,0.8807548880577087,0.9634089469909668
step57000,512,1024,0,21825, clones,2,0,10,21.869579315185547,87.9366455078125,96.92822265625,0.23040413856506348,0.9264453053474426,1.0211747884750366
step57000,512,1024,0,21825, clones,2,0,11,23.747228622436523,93.07044219970703,101.73421478271484,0.25018587708473206,0.9805316925048828,1.0718077421188354
step57000,512,1024,0,21825, clones,2,0,12,25.62047004699707,96.2722396850586,105.91939544677734,0.2699211835861206,1.0142638683319092,1.1159001588821411
step57000,512,1024,0,21825, clones,2,0,13,27.267803192138672,100.04890441894531,109.61063385009766,0.2872764468193054,1.0540523529052734,1.1547887325286865
step57000,512,1024,0,21825, clones,2,0,14,29.031648635864258,102.77073669433594,112.63831329345703,0.30585920810699463,1.0827279090881348,1.1866865158081055
step57000,512,1024,0,21825, clones,2,0,15,30.827476501464844,105.33788299560547,115.04174041748047,0.3247789144515991,1.1097737550735474,1.2120075225830078
step57000,512,1024,0,21825, clones,2,0,16,32.598472595214844,106.48880004882812,116.6261978149414,0.3434370160102844,1.121899127960205,1.2287002801895142
step57000,512,1024,0,21825, clones,2,0,17,34.45274353027344,108.58236694335938,117.44590759277344,0.3629724383354187,1.1439555883407593,1.237336277961731
step57000,512,1024,0,21825, clones,2,0,18,36.36005783081055,108.79832458496094,117.56988525390625,0.38306671380996704,1.1462308168411255,1.2386424541473389
step57000,512,1024,0,21825, clones,2,0,19,38.20473098754883,109.45757293701172,117.20665740966797,0.40250104665756226,1.153176188468933,1.2348157167434692
step57000,512,1024,0,21825, clones,2,0,20,40.14603042602539,109.04310607910156,116.26456451416016,0.422953337430954,1.1488096714019775,1.2248903512954712
step57000,512,1024,0,21825, clones,2,0,21,41.99592590332031,108.85230255126953,114.89002990722656,0.4424426853656769,1.1467994451522827,1.210409164428711
step57000,512,1024,0,21825, clones,2,0,22,44.18939971923828,107.57498168945312,113.05479431152344,0.4655517339706421,1.1333423852920532,1.191074252128601
step57000,512,1024,0,21825, clones,2,0,23,46.08247375488281,106.5414047241211,110.78894805908203,0.48549598455429077,1.1224533319473267,1.1672027111053467
step57000,512,1024,0,21825, clones,2,0,24,48.12920379638672,104.72015380859375,108.24395751953125,0.5070590376853943,1.103265643119812,1.1403902769088745
step57000,512,1024,0,21825, clones,2,0,25,50.59684371948242,102.88670349121094,105.60340118408203,0.5330565571784973,1.0839496850967407,1.112571120262146
step57000,512,1024,0,21825, clones,2,0,26,52.634281158447266,100.68415069580078,103.0443344116211,0.5545216798782349,1.0607448816299438,1.0856103897094727
step57000,512,1024,0,21825, clones,2,0,27,54.49467849731445,98.76689147949219,100.70478057861328,0.5741216540336609,1.04054594039917,1.0609623193740845
step57000,512,1024,0,21825, clones,2,0,28,56.67038345336914,97.31480407714844,98.68179321289062,0.597043514251709,1.025247573852539,1.0396493673324585
step57000,512,1024,0,21825, clones,2,0,29,58.2109375,96.16997528076172,97.34156799316406,0.6132738590240479,1.0131864547729492,1.0255296230316162
step57000,512,1024,0,21825, clones,2,0,30,59.86410903930664,95.45268249511719,96.72498321533203,0.6306906342506409,1.0056294202804565,1.019033670425415
step57000,512,1024,0,21825, clones,2,0,31,60.53316116333008,94.59174346923828,96.11853790283203,0.637739360332489,0.9965590834617615,1.0126445293426514
step57000,512,1024,0,21825, clones,2,0,32,61.179954528808594,94.0140151977539,95.4707260131836,0.644553542137146,0.9904725551605225,1.00581955909729
step57000,512,1024,0,21825, clones,2,0,33,61.91489028930664,93.38713836669922,94.86212158203125,0.6522963643074036,0.9838681817054749,0.9994077086448669
step57000,512,1024,0,21825, clones,2,0,34,62.899147033691406,93.19927978515625,94.83268737792969,0.6626659035682678,0.9818890690803528,0.9990975856781006
step57000,512,1024,0,21825, clones,2,0,35,63.888179779052734,92.56958770751953,94.95730590820312,0.6730856895446777,0.975255012512207,1.0004104375839233
step57000,512,1024,0,21825, clones,2,0,36,65.26016235351562,91.92984008789062,95.22169494628906,0.6875400543212891,0.9685150384902954,1.003195881843567
step57000,512,1024,0,21825, clones,2,0,37,66.23936462402344,91.16798400878906,95.61063385009766,0.6978563070297241,0.9604886174201965,1.0072935819625854
step57000,512,1024,0,21825, clones,2,0,38,67.56652069091797,90.20472717285156,96.10387420654297,0.71183842420578,0.9503403306007385,1.0124900341033936
step57000,512,1024,0,21825, clones,2,0,39,68.53689575195312,89.7513198852539,96.67542266845703,0.7220616340637207,0.9455634355545044,1.0185115337371826
step57000,512,1024,0,21825, clones,2,0,40,69.77806091308594,90.30635833740234,97.29151916503906,0.7351378202438354,0.9514110088348389,1.0250022411346436
step57000,512,1024,0,21825, clones,2,0,41,70.9548110961914,90.80994415283203,97.86519622802734,0.7475352883338928,0.9567164778709412,1.0310461521148682
step57000,512,1024,0,21825, clones,2,0,42,71.62958526611328,91.27941131591797,98.3173599243164,0.7546442747116089,0.9616625308990479,1.035809874534607
step57000,512,1024,0,21825, clones,2,0,43,72.49598693847656,91.77842712402344,98.62366485595703,0.7637721300125122,0.9669197797775269,1.0390369892120361
step57000,512,1024,0,21825, clones,2,0,44,72.98829650878906,92.20868682861328,98.77559661865234,0.7689588069915771,0.9714527726173401,1.0406376123428345
step57000,512,1024,0,21825, clones,2,0,45,72.8876953125,92.70813751220703,98.77485656738281,0.7678989171981812,0.9767146706581116,1.0406298637390137
step57000,512,1024,0,21825, clones,2,0,46,72.93315124511719,93.08463287353516,98.63223266601562,0.7683778405189514,0.9806811809539795,1.039127230644226
step57000,512,1024,0,21825, clones,2,0,47,73.0013427734375,93.40092468261719,98.36505126953125,0.7690962553024292,0.9840134978294373,1.0363123416900635
step57000,512,1024,0,21825, clones,2,0,48,73.3590087890625,93.63043975830078,97.9940414428711,0.7728644013404846,0.9864314794540405,1.032403588294983
step57000,512,1024,0,21825, clones,2,0,49,73.43809509277344,93.78084564208984,97.54095458984375,0.7736976146697998,0.9880160689353943,1.0276302099227905
step57000,512,1024,0,21825, clones,2,0,50,73.77333068847656,94.00244903564453,97.0267333984375,0.7772294282913208,0.9903507232666016,1.0222126245498657
step57000,512,1024,0,21825, clones,2,0,51,73.73676300048828,94.12263488769531,96.7406997680664,0.7768442034721375,0.9916169047355652,1.019199252128601
step57000,512,1024,0,21825, clones,2,0,52,73.7797622680664,93.72567749023438,97.28076171875,0.7772971987724304,0.9874348044395447,1.0248889923095703
step57000,512,1024,0,21825, clones,2,0,53,73.7739028930664,93.8011474609375,97.76972198486328,0.7772354483604431,0.9882299304008484,1.0300403833389282
step57000,512,1024,0,21825, clones,2,0,54,73.72732543945312,93.50298309326172,98.18766021728516,0.7767447829246521,0.9850887060165405,1.0344434976577759
step57000,512,1024,0,21825, clones,2,0,55,73.6774673461914,93.04017639160156,98.51318359375,0.7762194871902466,0.9802128076553345,1.0378730297088623
step57000,512,1024,0,21825, clones,2,0,56,73.64540100097656,92.70494079589844,98.72480773925781,0.7758816480636597,0.9766809940338135,1.040102481842041
step57000,512,1024,0,21825, clones,2,0,57,73.61700439453125,92.2705078125,98.80313873291016,0.775582492351532,0.9721040725708008,1.040927767753601
step57000,512,1024,0,21825, clones,2,0,58,73.62806701660156,91.97698211669922,98.73358154296875,0.7756990194320679,0.9690117239952087,1.0401949882507324
step57000,512,1024,0,21825, clones,2,0,59,74.13215637207031,91.48348999023438,98.50930786132812,0.7810097932815552,0.9638125896453857,1.0378321409225464
step57000,512,1024,0,21825, clones,2,0,60,74.38297271728516,90.99286651611328,98.13331604003906,0.7836522459983826,0.9586436748504639,1.0338709354400635
step57000,512,1024,0,21825, clones,2,0,61,73.42707061767578,90.50328826904297,97.61771392822266,0.7735814452171326,0.9534857869148254,1.028438925743103
step57000,512,1024,0,21825, clones,2,0,62,72.66197204589844,90.00224304199219,97.0142593383789,0.7655208706855774,0.9482070207595825,1.0220812559127808
step57000,512,1024,0,21825, clones,2,0,63,71.94136810302734,89.72914123535156,96.4144287109375,0.7579290270805359,0.9453299045562744,1.0157618522644043
step57000,512,1024,0,21825, clones,2,0,64,71.12721252441406,90.74565124511719,95.87484741210938,0.7493516206741333,0.9560391306877136,1.0100771188735962
step57000,512,1024,0,21825, clones,2,0,65,70.2323226928711,91.52625274658203,95.42610168457031,0.7399235963821411,0.9642630219459534,1.0053493976593018
step57000,512,1024,0,21825, clones,2,0,66,67.4820556640625,92.35041046142578,95.09184265136719,0.7109485268592834,0.9729459285736084,1.0018278360366821
step57000,512,1024,0,21825, clones,2,0,67,64.89203643798828,93.05952453613281,94.88980865478516,0.683661699295044,0.9804166555404663,0.9996994137763977
step57000,512,1024,0,21825, clones,2,0,68,63.73833084106445,93.68869018554688,94.83414459228516,0.6715070009231567,0.987045168876648,0.9991129636764526
step57000,512,1024,0,21825, clones,2,0,69,62.68399429321289,94.25615692138672,95.1366958618164,0.6603991389274597,0.9930236339569092,1.0023003816604614
step57000,512,1024,0,21825, clones,2,0,70,61.656063079833984,94.8573226928711,95.81344604492188,0.6495695114135742,0.9993571043014526,1.0094302892684937
step57000,512,1024,0,21825, clones,2,0,71,60.76649856567383,95.43262481689453,96.43375396728516,0.6401976346969604,1.0054181814193726,1.015965461730957
step57000,512,1024,0,21825, clones,2,0,72,60.2052001953125,96.25739288330078,97.03926849365234,0.6342841386795044,1.014107346534729,1.022344708442688
step57000,512,1024,0,21825, clones,2,0,73,59.80799102783203,97.02605438232422,97.96129608154297,0.6300994157791138,1.0222054719924927,1.032058596611023
step57000,512,1024,0,21825, clones,2,0,74,59.009490966796875,98.2081527709961,99.64857482910156,0.6216869354248047,1.0346592664718628,1.0498347282409668
step57000,512,1024,0,21825, clones,2,0,75,57.969600677490234,99.64177703857422,101.80638122558594,0.610731303691864,1.0497632026672363,1.0725680589675903
step57000,512,1024,0,21825, clones,2,0,76,56.81513595581055,102.0958480834961,104.26799011230469,0.5985685586929321,1.0756176710128784,1.0985020399093628
step57000,512,1024,0,21825, clones,2,0,77,55.408470153808594,104.22410583496094,106.88804626464844,0.5837488174438477,1.0980396270751953,1.1261053085327148
step57000,512,1024,0,21825, clones,2,0,78,53.773399353027344,106.07315063476562,109.5068130493164,0.5665227174758911,1.1175200939178467,1.153694987297058
step57000,512,1024,0,21825, clones,2,0,79,51.17449951171875,107.87715148925781,111.93907928466797,0.539142370223999,1.1365258693695068,1.1793197393417358
step57000,512,1024,0,21825, clones,2,0,80,49.22700881958008,108.85304260253906,114.01260375976562,0.5186248421669006,1.1468071937561035,1.2011650800704956
step57000,512,1024,0,21825, clones,2,0,81,46.74008560180664,110.02711486816406,115.63715362548828,0.4924241602420807,1.1591765880584717,1.21828031539917
step57000,512,1024,0,21825, clones,2,0,82,44.597496032714844,109.83518981933594,116.84921264648438,0.46985119581222534,1.1571545600891113,1.23104989528656
step57000,512,1024,0,21825, clones,2,0,83,42.50996398925781,110.50798034667969,117.46177673339844,0.4478582739830017,1.1642426252365112,1.2375034093856812
step57000,512,1024,0,21825, clones,2,0,84,39.84830093383789,109.4072494506836,117.58431243896484,0.41981664299964905,1.1526459455490112,1.2387944459915161
step57000,512,1024,0,21825, clones,2,0,85,37.320980072021484,109.15338897705078,117.1362075805664,0.3931903839111328,1.1499714851379395,1.234073519706726
step57000,512,1024,0,21825, clones,2,0,86,34.95615768432617,106.6421890258789,115.95745086669922,0.36827611923217773,1.123515009880066,1.2216547727584839
step57000,512,1024,0,21825, clones,2,0,87,32.47183609008789,104.93468475341797,113.97150421142578,0.34210285544395447,1.1055258512496948,1.2007321119308472
step57000,512,1024,0,21825, clones,2,0,88,30.368356704711914,101.89837646484375,111.16342163085938,0.319941908121109,1.0735372304916382,1.1711479425430298
step57000,512,1024,0,21825, clones,2,0,89,28.144630432128906,99.71968841552734,107.6944580078125,0.2965141236782074,1.0505839586257935,1.13460111618042
step57000,512,1024,0,21825, clones,2,0,90,26.1457576751709,95.16361236572266,103.91377258300781,0.2754552662372589,1.0025839805603027,1.0947701930999756
step57000,512,1024,0,21825, clones,2,0,91,23.892995834350586,90.18858337402344,99.45703887939453,0.25172159075737,0.9501702189445496,1.0478168725967407
step57000,512,1024,0,21825, clones,2,0,92,21.88919448852539,85.79386901855469,94.33891296386719,0.23061080276966095,0.9038702845573425,0.9938954710960388
step57000,512,1024,0,21825, clones,2,0,93,19.446964263916016,80.46395874023438,88.48168182373047,0.2048809975385666,0.8477176427841187,0.9321873784065247
step57000,512,1024,0,21825, clones,2,0,94,17.367393493652344,73.3906478881836,81.67591857910156,0.18297193944454193,0.7731977701187134,0.8604861497879028
step57000,512,1024,0,21825, clones,2,0,95,14.986282348632812,65.24805450439453,74.50556182861328,0.1578860580921173,0.6874125003814697,0.7849437594413757
step57000,512,1024,0,21825, clones,2,0,96,12.86528491973877,58.263145446777344,66.01766967773438,0.13554055988788605,0.6138238906860352,0.6955206990242004
step57000,512,1024,0,21825, clones,2,0,97,10.435741424560547,50.17012405395508,56.48929214477539,0.1099444106221199,0.5285608768463135,0.5951356887817383
step57000,512,1024,0,21825, clones,2,0,98,8.199081420898438,41.98476028442383,45.76704788208008,0.08638036996126175,0.44232502579689026,0.4821728467941284
step57000,512,1024,0,21825, clones,2,0,99,5.903170585632324,30.842187881469727,34.48202133178711,0.06219209358096123,0.3249339163303375,0.36328089237213135
step57000,512,1024,0,21825, clones,2,0,100,3.5796215534210205,18.965816497802734,22.911428451538086,0.037712641060352325,0.1998119205236435,0.24138040840625763
step57000,512,1024,0,21825, clones,2,0,101,1.2326273918151855,6.226897716522217,8.488424301147461,0.01298618782311678,0.06560268253087997,0.08942870050668716
step57000,512,1024,0,21825, clones,2,0,102,1.3383550643920898,6.821774005889893,9.506315231323242,0.014100068248808384,0.07186992466449738,0.10015255957841873
step57000,512,1024,0,21825, clones,2,0,103,3.678699493408203,19.601722717285156,23.527002334594727,0.038756467401981354,0.20651142299175262,0.2478657066822052
step57000,512,1024,0,21825, clones,2,0,104,5.986081123352051,31.48027801513672,35.09868621826172,0.06306558847427368,0.33165642619132996,0.36977770924568176
step57000,512,1024,0,21825, clones,2,0,105,8.29022216796875,42.520992279052734,46.26127243041992,0.0873405709862709,0.44797441363334656,0.48737969994544983
step57000,512,1024,0,21825, clones,2,0,106,10.51678466796875,50.44428634643555,56.96197509765625,0.11079823225736618,0.5314492583274841,0.6001155972480774
step57000,512,1024,0,21825, clones,2,0,107,12.713662147521973,58.78982162475586,66.4037857055664,0.13394315540790558,0.6193726062774658,0.6995885372161865
step57000,512,1024,0,21825, clones,2,0,108,14.875204086303711,65.68852996826172,74.8729019165039,0.15671579539775848,0.6920530200004578,0.7888138294219971
step57000,512,1024,0,21825, clones,2,0,109,16.904157638549805,73.44488525390625,82.00691986083984,0.17809158563613892,0.7737691402435303,0.8639733791351318
step57000,512,1024,0,21825, clones,2,0,110,18.94273567199707,80.37583923339844,88.73139190673828,0.1995687633752823,0.8467893600463867,0.9348181486129761
step57000,512,1024,0,21825, clones,2,0,111,20.852846145629883,86.18124389648438,94.57646942138672,0.21969248354434967,0.9079514145851135,0.9963982105255127
step57000,512,1024,0,21825, clones,2,0,112,22.793811798095703,90.16063690185547,99.68435668945312,0.24014127254486084,0.9498758316040039,1.050211787223816
step57000,512,1024,0,21825, clones,2,0,113,24.66200065612793,95.09931182861328,104.13236999511719,0.25982335209846497,1.0019066333770752,1.0970731973648071
step57000,512,1024,0,21825, clones,2,0,114,26.418874740600586,97.93145751953125,107.86751556396484,0.2783326506614685,1.0317442417144775,1.1364243030548096
step57000,512,1024,0,21825, clones,2,0,115,28.28049659729004,101.99947357177734,111.22676086425781,0.2979455292224884,1.0746023654937744,1.171815276145935
step57000,512,1024,0,21825, clones,2,0,116,30.01375389099121,103.8560791015625,114.02662658691406,0.31620603799819946,1.0941623449325562,1.2013128995895386
step57000,512,1024,0,21825, clones,2,0,117,31.609086990356445,106.29029846191406,116.00450134277344,0.33301347494125366,1.1198078393936157,1.2221505641937256
step57000,512,1024,0,21825, clones,2,0,118,33.41523742675781,107.86116027832031,117.17566680908203,0.35204192996025085,1.136357307434082,1.2344892024993896
step57000,512,1024,0,21825, clones,2,0,119,35.20936965942383,108.96931457519531,117.60452270507812,0.3709437847137451,1.1480321884155273,1.2390073537826538
step57000,512,1024,0,21825, clones,2,0,120,37.10857391357422,109.44637298583984,117.4458236694336,0.39095261693000793,1.1530581712722778,1.2373353242874146
step57000,512,1024,0,21825, clones,2,0,121,38.63993453979492,109.29609680175781,116.80723571777344,0.4070860743522644,1.1514750719070435,1.2306076288223267
step57000,512,1024,0,21825, clones,2,0,122,40.74613952636719,109.1747817993164,115.5696029663086,0.4292757213115692,1.1501967906951904,1.2175687551498413
step57000,512,1024,0,21825, clones,2,0,123,42.570186614990234,108.276611328125,113.85247039794922,0.44849273562431335,1.140734314918518,1.199478030204773
step57000,512,1024,0,21825, clones,2,0,124,44.86839294433594,107.14422607421875,111.77470397949219,0.4727051854133606,1.1288042068481445,1.1775879859924316
step57000,512,1024,0,21825, clones,2,0,125,46.54542541503906,105.59469604492188,109.33889770507812,0.4903733432292938,1.112479329109192,1.1519259214401245
step57000,512,1024,0,21825, clones,2,0,126,48.66572952270508,103.79397583007812,106.71705627441406,0.5127115249633789,1.0935081243515015,1.1243038177490234
step57000,512,1024,0,21825, clones,2,0,127,51.1983642578125,101.804931640625,104.09423065185547,0.5393937826156616,1.0725529193878174,1.0966713428497314
step57000,512,1024,0,21825, clones,2,0,128,53.0999870300293,99.52127838134766,101.63005828857422,0.5594280958175659,1.0484936237335205,1.0707104206085205
step57000,512,1024,1,23778, motive,8,2,1,2.362428903579712,12.550069808959961,16.35826301574707,0.025139180943369865,0.1335483342409134,0.1740722507238388
step57000,512,1024,1,23778, motive,8,2,2,4.714231967926025,24.844837188720703,29.134883880615234,0.050165288150310516,0.26437997817993164,0.31003138422966003
step57000,512,1024,1,23778, motive,8,2,3,7.019906520843506,36.711570739746094,39.77080535888672,0.07470053434371948,0.3906567692756653,0.4232107996940613
step57000,512,1024,1,23778, motive,8,2,4,9.29903507232666,46.69960021972656,51.14393997192383,0.09895329177379608,0.49694180488586426,0.544235110282898
step57000,512,1024,1,23778, motive,8,2,5,11.54434871673584,53.49358367919922,61.20573806762695,0.12284622341394424,0.5692382454872131,0.6513051390647888
step57000,512,1024,1,23778, motive,8,2,6,13.735610008239746,62.2716178894043,70.30237579345703,0.1461639702320099,0.6626474261283875,0.7481046915054321
step57000,512,1024,1,23778, motive,8,2,7,15.804457664489746,70.36228942871094,78.15943145751953,0.16817907989025116,0.7487422227859497,0.8317134976387024
step57000,512,1024,1,23778, motive,8,2,8,17.902109146118164,76.40364074707031,85.1545639038086,0.19050069153308868,0.8130297064781189,0.9061504006385803
step57000,512,1024,1,23778, motive,8,2,9,19.903982162475586,83.58384704589844,91.41620635986328,0.2118031084537506,0.8894360065460205,0.9727820754051208
step57000,512,1024,1,23778, motive,8,2,10,21.855693817138672,88.12938690185547,96.9205322265625,0.23257175087928772,0.9378061890602112,1.0313549041748047
step57000,512,1024,1,23778, motive,8,2,11,23.727924346923828,92.72792053222656,101.7369155883789,0.25249460339546204,0.9867402911186218,1.0826072692871094
step57000,512,1024,1,23778, motive,8,2,12,25.59954261779785,96.58790588378906,105.9166030883789,0.27241095900535583,1.027815341949463,1.1270842552185059
step57000,512,1024,1,23778, motive,8,2,13,27.247447967529297,99.8062744140625,109.62681579589844,0.28994670510292053,1.0620628595352173,1.1665655374526978
step57000,512,1024,1,23778, motive,8,2,14,29.00458526611328,102.95768737792969,112.57861328125,0.3086448311805725,1.095597743988037,1.1979763507843018
step57000,512,1024,1,23778, motive,8,2,15,30.795116424560547,105.17678833007812,115.00650024414062,0.32769832015037537,1.1192117929458618,1.2238121032714844
step57000,512,1024,1,23778, motive,8,2,16,32.60293197631836,106.73983001708984,116.61943054199219,0.3469357192516327,1.1358444690704346,1.2409757375717163
step57000,512,1024,1,23778, motive,8,2,17,34.458900451660156,108.49124145507812,117.44619750976562,0.36668553948402405,1.1544816493988037,1.2497735023498535
step57000,512,1024,1,23778, motive,8,2,18,36.35044860839844,108.92340850830078,117.58638763427734,0.3868139684200287,1.1590805053710938,1.251265287399292
step57000,512,1024,1,23778, motive,8,2,19,38.31359100341797,109.47981262207031,117.21149444580078,0.40770423412323,1.1650012731552124,1.247275948524475
step57000,512,1024,1,23778, motive,8,2,20,40.32767105102539,108.92581939697266,116.29607391357422,0.4291365444660187,1.1591061353683472,1.237534761428833
step57000,512,1024,1,23778, motive,8,2,21,42.23489761352539,108.89764404296875,114.82120513916016,0.44943180680274963,1.1588062047958374,1.2218403816223145
step57000,512,1024,1,23778, motive,8,2,22,44.27302551269531,107.63331604003906,113.00289154052734,0.47112002968788147,1.1453523635864258,1.202491283416748
step57000,512,1024,1,23778, motive,8,2,23,46.61787414550781,106.51348876953125,110.74935150146484,0.4960721433162689,1.133435845375061,1.1785107851028442
step57000,512,1024,1,23778, motive,8,2,24,49.05705642700195,104.7706527709961,108.20970153808594,0.5220280885696411,1.1148899793624878,1.1514856815338135
step57000,512,1024,1,23778, motive,8,2,25,50.979618072509766,102.862548828125,105.566650390625,0.5424864888191223,1.0945854187011719,1.1233603954315186
step57000,512,1024,1,23778, motive,8,2,26,53.334007263183594,100.68016052246094,102.9982681274414,0.5675401091575623,1.0713621377944946,1.0960296392440796
step57000,512,1024,1,23778, motive,8,2,27,55.15730667114258,98.82365417480469,100.64456176757812,0.5869423151016235,1.05160653591156,1.0709832906723022
step57000,512,1024,1,23778, motive,8,2,28,57.220184326171875,97.52503967285156,98.7099838256836,0.608893871307373,1.037787675857544,1.0503969192504883
step57000,512,1024,1,23778, motive,8,2,29,58.60160827636719,96.57675170898438,97.33573913574219,0.6235939264297485,1.0276967287063599,1.0357732772827148
step57000,512,1024,1,23778, motive,8,2,30,60.10392761230469,95.68534851074219,96.71907043457031,0.639580488204956,1.0182111263275146,1.029211163520813
step57000,512,1024,1,23778, motive,8,2,31,60.615394592285156,94.76568603515625,96.11050415039062,0.6450231671333313,1.0084247589111328,1.0227352380752563
step57000,512,1024,1,23778, motive,8,2,32,61.315704345703125,94.29206085205078,95.45954895019531,0.6524752974510193,1.0033847093582153,1.0158082246780396
step57000,512,1024,1,23778, motive,8,2,33,62.14181900024414,93.46571350097656,94.85333251953125,0.6612662076950073,0.9945914149284363,1.0093573331832886
step57000,512,1024,1,23778, motive,8,2,34,62.958377838134766,93.14412689208984,94.81620025634766,0.6699553728103638,0.991169273853302,1.0089622735977173
step57000,512,1024,1,23778, motive,8,2,35,64.17826843261719,92.56906127929688,94.93403625488281,0.6829365491867065,0.9850499033927917,1.0102161169052124
step57000,512,1024,1,23778, motive,8,2,36,65.36827850341797,91.909423828125,95.19229888916016,0.6955997347831726,0.9780305027961731,1.0129643678665161
step57000,512,1024,1,23778, motive,8,2,37,66.51644134521484,91.16737365722656,95.57588958740234,0.7078176140785217,0.9701341986656189,1.0170462131500244
step57000,512,1024,1,23778, motive,8,2,38,67.7756576538086,90.1976089477539,96.06472778320312,0.7212172150611877,0.9598146080970764,1.0222481489181519
step57000,512,1024,1,23778, motive,8,2,39,68.79524230957031,89.73062896728516,96.63301849365234,0.7320668697357178,0.9548454284667969,1.0282953977584839
step57000,512,1024,1,23778, motive,8,2,40,70.0054931640625,90.26591491699219,97.2474136352539,0.7449454665184021,0.9605415463447571,1.034833312034607
step57000,512,1024,1,23778, motive,8,2,41,71.04582214355469,90.82723999023438,97.82295989990234,0.7560158371925354,0.9665147662162781,1.0409579277038574
step57000,512,1024,1,23778, motive,8,2,42,71.71040344238281,91.31809997558594,98.27922058105469,0.763087809085846,0.9717381000518799,1.0458130836486816
step57000,512,1024,1,23778, motive,8,2,43,72.55461120605469,91.70835876464844,98.58984375,0.7720712423324585,0.9758909344673157,1.0491185188293457
step57000,512,1024,1,23778, motive,8,2,44,73.02438354492188,92.15764617919922,98.74593353271484,0.7770702242851257,0.9806719422340393,1.0507794618606567
step57000,512,1024,1,23778, motive,8,2,45,72.78292083740234,92.65908813476562,98.74884796142578,0.7745007276535034,0.9860079288482666,1.05081045627594
step57000,512,1024,1,23778, motive,8,2,46,72.84041595458984,93.0734634399414,98.60904693603516,0.7751125693321228,0.9904173016548157,1.0493228435516357
step57000,512,1024,1,23778, motive,8,2,47,72.81209564208984,93.20106506347656,98.34365844726562,0.7748112082481384,0.9917751550674438,1.0464987754821777
step57000,512,1024,1,23778, motive,8,2,48,73.25592041015625,93.58294677734375,97.97337341308594,0.7795340418815613,0.9958388805389404,1.0425584316253662
step57000,512,1024,1,23778, motive,8,2,49,73.34732818603516,93.37820434570312,97.51995086669922,0.7805067300796509,0.9936601519584656,1.037733554840088
step57000,512,1024,1,23778, motive,8,2,50,73.602294921875,93.79438781738281,97.00440979003906,0.7832199335098267,0.9980888366699219,1.032247543334961
step57000,512,1024,1,23778, motive,8,2,51,73.57660675048828,93.58516693115234,96.72405242919922,0.7829465270042419,0.9958625435829163,1.0292640924453735
step57000,512,1024,1,23778, motive,8,2,52,73.65017700195312,93.53604888916016,97.26508331298828,0.7837294340133667,0.9953398108482361,1.035021424293518
step57000,512,1024,1,23778, motive,8,2,53,73.71089172363281,93.21817016601562,97.75392150878906,0.7843754887580872,0.9919572472572327,1.040223240852356
step57000,512,1024,1,23778, motive,8,2,54,73.34603118896484,93.38837432861328,98.17050170898438,0.7804929614067078,0.9937683939933777,1.0446561574935913
step57000,512,1024,1,23778, motive,8,2,55,73.25423431396484,93.01170349121094,98.49334716796875,0.7795161008834839,0.989760160446167,1.0480916500091553
step57000,512,1024,1,23778, motive,8,2,56,73.34666442871094,92.4580078125,98.70099639892578,0.7804996967315674,0.9838681817054749,1.0503013134002686
step57000,512,1024,1,23778, motive,8,2,57,73.37370300292969,91.95285034179688,98.77420043945312,0.7807874083518982,0.9784926176071167,1.0510802268981934
step57000,512,1024,1,23778, motive,8,2,58,73.45796203613281,91.51268005371094,98.69866943359375,0.7816840410232544,0.9738085865974426,1.050276517868042
step57000,512,1024,1,23778, motive,8,2,59,73.99896240234375,91.21288299560547,98.46804809570312,0.7874409556388855,0.970618486404419,1.0478224754333496
step57000,512,1024,1,23778, motive,8,2,60,73.17108917236328,90.91693878173828,98.08586883544922,0.778631329536438,0.9674692749977112,1.0437555313110352
step57000,512,1024,1,23778, motive,8,2,61,72.34654998779297,90.43067169189453,97.56463623046875,0.7698572278022766,0.9622947573661804,1.0382089614868164
step57000,512,1024,1,23778, motive,8,2,62,71.4017333984375,89.89866638183594,96.95944213867188,0.7598031759262085,0.9566335678100586,1.031769037246704
step57000,512,1024,1,23778, motive,8,2,63,71.15184783935547,89.72267150878906,96.36306762695312,0.7571440935134888,0.9547607898712158,1.0254228115081787
step57000,512,1024,1,23778, motive,8,2,64,69.23766326904297,90.69454956054688,95.82869720458984,0.7367748022079468,0.9651027917861938,1.019736409187317
step57000,512,1024,1,23778, motive,8,2,65,66.91029357910156,91.46656036376953,95.38655090332031,0.7120087146759033,0.9733179211616516,1.0150314569473267
step57000,512,1024,1,23778, motive,8,2,66,65.80536651611328,92.28656768798828,95.0600357055664,0.7002509236335754,0.9820438027381897,1.0115569829940796
step57000,512,1024,1,23778, motive,8,2,67,64.72900390625,93.01405334472656,94.86660766601562,0.6887970566749573,0.9897851347923279,1.0094985961914062
step57000,512,1024,1,23778, motive,8,2,68,63.52057647705078,93.6846694946289,94.82047271728516,0.6759378910064697,0.9969213604927063,1.0090076923370361
step57000,512,1024,1,23778, motive,8,2,69,62.41579818725586,94.24989318847656,95.12684631347656,0.664181649684906,1.0029360055923462,1.0122679471969604
step57000,512,1024,1,23778, motive,8,2,70,61.416507720947266,94.85272216796875,95.80683135986328,0.653548002243042,1.0093508958816528,1.0195038318634033
step57000,512,1024,1,23778, motive,8,2,71,60.66324996948242,95.42833709716797,96.42913818359375,0.6455323696136475,1.015476107597351,1.0261259078979492
step57000,512,1024,1,23778, motive,8,2,72,60.16360092163086,96.1331787109375,97.03422546386719,0.6402155160903931,1.0229765176773071,1.0325647592544556
step57000,512,1024,1,23778, motive,8,2,73,59.401084899902344,96.97174072265625,97.95939636230469,0.6321013569831848,1.0318998098373413,1.0424097776412964
step57000,512,1024,1,23778, motive,8,2,74,58.420806884765625,98.101806640625,99.66264343261719,0.6216700077056885,1.043925166130066,1.0605343580245972
step57000,512,1024,1,23778, motive,8,2,75,56.81105041503906,99.59584045410156,101.77884674072266,0.6045401692390442,1.0598235130310059,1.083053469657898
step57000,512,1024,1,23778, motive,8,2,76,55.118404388427734,101.60177612304688,104.2546157836914,0.5865283608436584,1.0811691284179688,1.1093987226486206
step57000,512,1024,1,23778, motive,8,2,77,53.13077926635742,103.56381225585938,106.88152313232422,0.5653775334358215,1.1020476818084717,1.1373522281646729
step57000,512,1024,1,23778, motive,8,2,78,51.45271682739258,105.11109161376953,109.49772644042969,0.5475208759307861,1.1185126304626465,1.165191888809204
step57000,512,1024,1,23778, motive,8,2,79,48.887935638427734,106.17467498779297,111.91783142089844,0.520228385925293,1.1298304796218872,1.190944790840149
step57000,512,1024,1,23778, motive,8,2,80,46.97246551513672,107.54615020751953,113.9716567993164,0.499845415353775,1.1444246768951416,1.212800145149231
step57000,512,1024,1,23778, motive,8,2,81,44.08309555053711,107.86457061767578,115.66156768798828,0.46909892559051514,1.147813081741333,1.2307828664779663
step57000,512,1024,1,23778, motive,8,2,82,42.14076232910156,108.57365417480469,116.85568237304688,0.4484300911426544,1.1553585529327393,1.2434897422790527
step57000,512,1024,1,23778, motive,8,2,83,39.67295837402344,108.09698486328125,117.45285034179688,0.42216959595680237,1.150286316871643,1.2498443126678467
step57000,512,1024,1,23778, motive,8,2,84,37.37955093383789,107.96244812011719,117.5970230102539,0.3977648913860321,1.1488546133041382,1.2513785362243652
step57000,512,1024,1,23778, motive,8,2,85,35.11698913574219,106.6389389038086,117.1341323852539,0.3736884295940399,1.1347708702087402,1.246452808380127
step57000,512,1024,1,23778, motive,8,2,86,33.18160629272461,105.55207061767578,115.9198989868164,0.35309353470802307,1.123205304145813,1.2335318326950073
step57000,512,1024,1,23778, motive,8,2,87,31.261653900146484,102.9347915649414,113.89716339111328,0.3326628506183624,1.0953541994094849,1.2120074033737183
step57000,512,1024,1,23778, motive,8,2,88,29.326223373413086,101.05734252929688,111.11312103271484,0.3120674788951874,1.0753757953643799,1.1823817491531372
step57000,512,1024,1,23778, motive,8,2,89,27.410005569458008,97.37361907958984,107.74007415771484,0.29167652130126953,1.036176323890686,1.1464883089065552
step57000,512,1024,1,23778, motive,8,2,90,25.4117431640625,94.67115783691406,103.89622497558594,0.27041253447532654,1.0074187517166138,1.105584979057312
step57000,512,1024,1,23778, motive,8,2,91,23.39853286743164,89.59359741210938,99.4114990234375,0.24898947775363922,0.9533872604370117,1.0578619241714478
step57000,512,1024,1,23778, motive,8,2,92,21.26168441772461,85.78703308105469,94.26628875732422,0.2262507528066635,0.9128806591033936,1.0031105279922485
step57000,512,1024,1,23778, motive,8,2,93,19.1782283782959,79.56668853759766,88.37496948242188,0.20408019423484802,0.846688449382782,0.9404195547103882
step57000,512,1024,1,23778, motive,8,2,94,17.048931121826172,73.24440002441406,81.62403106689453,0.18142181634902954,0.7794114947319031,0.8685811758041382
step57000,512,1024,1,23778, motive,8,2,95,14.974104881286621,65.20201873779297,74.42630004882812,0.15934309363365173,0.6938305497169495,0.7919883728027344
step57000,512,1024,1,23778, motive,8,2,96,12.736021041870117,57.90876007080078,65.86907958984375,0.1355270892381668,0.6162211894989014,0.7009288668632507
step57000,512,1024,1,23778, motive,8,2,97,10.453505516052246,50.11811065673828,56.394439697265625,0.11123829334974289,0.5333189964294434,0.600106954574585
step57000,512,1024,1,23778, motive,8,2,98,8.19758415222168,41.548500061035156,45.586307525634766,0.08723248541355133,0.44212770462036133,0.48509496450424194
step57000,512,1024,1,23778, motive,8,2,99,5.870760440826416,30.804658889770508,34.4652099609375,0.06247218698263168,0.32779985666275024,0.3667526841163635
step57000,512,1024,1,23778, motive,8,2,100,3.5477747917175293,18.87337303161621,22.935983657836914,0.03775273263454437,0.2008361518383026,0.24406737089157104
step57000,512,1024,1,23778, motive,8,2,101,1.2053029537200928,6.124485969543457,8.46237564086914,0.01282592210918665,0.06517214328050613,0.09005019813776016
step57000,512,1024,1,23778, motive,8,2,102,1.306067705154419,6.66415548324585,9.294515609741211,0.013898183591663837,0.07091489434242249,0.09890519827604294
step57000,512,1024,1,23778, motive,8,2,103,3.642301082611084,19.511463165283203,23.54334259033203,0.03875860944390297,0.20762622356414795,0.2505304217338562
step57000,512,1024,1,23778, motive,8,2,104,5.96696138381958,31.45465850830078,34.972015380859375,0.06349588930606842,0.33471664786338806,0.37214571237564087
step57000,512,1024,1,23778, motive,8,2,105,8.263492584228516,42.13358688354492,46.03586959838867,0.08793383091688156,0.44835373759269714,0.4898788630962372
step57000,512,1024,1,23778, motive,8,2,106,10.506065368652344,50.456695556640625,56.82434844970703,0.11179759353399277,0.5369219779968262,0.6046817302703857
step57000,512,1024,1,23778, motive,8,2,107,12.705477714538574,58.35487747192383,66.21846008300781,0.1352020800113678,0.6209684610366821,0.7046467065811157
step57000,512,1024,1,23778, motive,8,2,108,14.860883712768555,65.74652099609375,74.75849914550781,0.15813827514648438,0.69962477684021,0.7955233454704285
step57000,512,1024,1,23778, motive,8,2,109,16.90269660949707,73.77071380615234,81.941162109375,0.17986570298671722,0.7850121259689331,0.8719558119773865
step57000,512,1024,1,23778, motive,8,2,110,18.936492919921875,79.95040130615234,88.5967788696289,0.2015078216791153,0.8507716655731201,0.9427798390388489
step57000,512,1024,1,23778, motive,8,2,111,20.855358123779297,86.3104476928711,94.47699737548828,0.22192692756652832,0.9184504747390747,1.0053527355194092
step57000,512,1024,1,23778, motive,8,2,112,22.786094665527344,89.99076080322266,99.61280822753906,0.24247236549854279,0.9576135277748108,1.0600041151046753
step57000,512,1024,1,23778, motive,8,2,113,24.632549285888672,95.17601776123047,104.08946228027344,0.26212093234062195,1.0127911567687988,1.1076412200927734
step57000,512,1024,1,23778, motive,8,2,114,26.470468521118164,97.8365707397461,107.9026107788086,0.2816786766052246,1.0411027669906616,1.1482179164886475
step57000,512,1024,1,23778, motive,8,2,115,28.2454776763916,101.8700942993164,111.24127197265625,0.30056700110435486,1.084024429321289,1.1837453842163086
step57000,512,1024,1,23778, motive,8,2,116,30.08938980102539,103.68704986572266,113.93535614013672,0.3201885223388672,1.1033591032028198,1.2124137878417969
step57000,512,1024,1,23778, motive,8,2,117,31.581256866455078,106.45393371582031,115.95023345947266,0.33606383204460144,1.132802128791809,1.2338546514511108
step57000,512,1024,1,23778, motive,8,2,118,33.362979888916016,107.63693237304688,117.15697479248047,0.3550235629081726,1.1453907489776611,1.246695876121521
step57000,512,1024,1,23778, motive,8,2,119,35.167388916015625,108.99833679199219,117.6087646484375,0.3742247223854065,1.159877896308899,1.2515034675598145
step57000,512,1024,1,23778, motive,8,2,120,37.04153823852539,109.36310577392578,117.4388656616211,0.39416801929473877,1.1637593507766724,1.2496955394744873
step57000,512,1024,1,23778, motive,8,2,121,38.75931167602539,109.42518615722656,116.81580352783203,0.4124472439289093,1.1644200086593628,1.243065357208252
step57000,512,1024,1,23778, motive,8,2,122,41.175872802734375,109.04927825927734,115.59683990478516,0.4381624758243561,1.1604198217391968,1.230094075202942
step57000,512,1024,1,23778, motive,8,2,123,42.691410064697266,108.26766967773438,113.83338165283203,0.45428967475891113,1.1521025896072388,1.2113286256790161
step57000,512,1024,1,23778, motive,8,2,124,45.594879150390625,107.06255340576172,111.75212860107422,0.4851861894130707,1.1392786502838135,1.1891815662384033
step57000,512,1024,1,23778, motive,8,2,125,47.2939567565918,105.73444366455078,109.32861328125,0.5032665133476257,1.1251460313796997,1.1633923053741455
step57000,512,1024,1,23778, motive,8,2,126,49.60797882080078,103.80753326416016,106.70951843261719,0.5278905630111694,1.1046411991119385,1.1355218887329102
step57000,512,1024,1,23778, motive,8,2,127,51.5710334777832,101.78064727783203,104.0800552368164,0.5487799048423767,1.0830726623535156,1.1075412034988403
step57000,512,1024,1,23778, motive,8,2,128,53.98467254638672,99.5264663696289,101.61888885498047,0.5744640231132507,1.0590852499008179,1.0813512802124023
step57000,512,1024,2,19211, cabinet,33,5,1,2.3616089820861816,12.536053657531738,16.295175552368164,0.025022467598319054,0.13282597064971924,0.17265580594539642
step57000,512,1024,2,19211, cabinet,33,5,2,4.71523904800415,24.91402816772461,29.152978897094727,0.04996039345860481,0.2639769911766052,0.3088908791542053
step57000,512,1024,2,19211, cabinet,33,5,3,7.018937587738037,36.64090347290039,39.77765655517578,0.07436927407979965,0.3882293105125427,0.42146483063697815
step57000,512,1024,2,19211, cabinet,33,5,4,9.298286437988281,46.68755340576172,51.13064193725586,0.09852015227079391,0.4946787655353546,0.5417555570602417
step57000,512,1024,2,19211, cabinet,33,5,5,11.540492057800293,53.471744537353516,61.20780944824219,0.12227747589349747,0.5665607452392578,0.6485283970832825
step57000,512,1024,2,19211, cabinet,33,5,6,13.732763290405273,62.16971206665039,70.28568267822266,0.14550572633743286,0.6587202548980713,0.7447131276130676
step57000,512,1024,2,19211, cabinet,33,5,7,15.831052780151367,70.38584899902344,78.15629577636719,0.1677381843328476,0.7457744479179382,0.8281063437461853
step57000,512,1024,2,19211, cabinet,33,5,8,17.90688705444336,76.54554748535156,85.16639709472656,0.18973273038864136,0.8110396265983582,0.9023820161819458
step57000,512,1024,2,19211, cabinet,33,5,9,19.895875930786133,83.5260238647461,91.39319610595703,0.21080708503723145,0.8850014209747314,0.9683581590652466
step57000,512,1024,2,19211, cabinet,33,5,10,21.863840103149414,88.01689910888672,96.90751647949219,0.2316586822271347,0.9325845837593079,1.0267852544784546
step57000,512,1024,2,19211, cabinet,33,5,11,23.718399047851562,92.92085266113281,101.73322296142578,0.25130870938301086,0.9845444560050964,1.0779160261154175
step57000,512,1024,2,19211, cabinet,33,5,12,25.611656188964844,96.75174713134766,105.92119598388672,0.27136874198913574,1.025134801864624,1.122289776802063
step57000,512,1024,2,19211, cabinet,33,5,13,27.237869262695312,99.6865234375,109.63304138183594,0.28859931230545044,1.0562301874160767,1.161618709564209
step57000,512,1024,2,19211, cabinet,33,5,14,29.020000457763672,102.84871673583984,112.6028060913086,0.30748191475868225,1.0897352695465088,1.193084955215454
step57000,512,1024,2,19211, cabinet,33,5,15,30.778820037841797,105.26980590820312,114.97798156738281,0.32611751556396484,1.115388035774231,1.21825110912323
step57000,512,1024,2,19211, cabinet,33,5,16,32.59889602661133,106.87007904052734,116.60401916503906,0.34540215134620667,1.1323436498641968,1.2354798316955566
step57000,512,1024,2,19211, cabinet,33,5,17,34.48896026611328,108.4410400390625,117.4447250366211,0.3654283583164215,1.1489888429641724,1.2443875074386597
step57000,512,1024,2,19211, cabinet,33,5,18,36.39398956298828,108.85061645507812,117.57765197753906,0.3856131434440613,1.153328537940979,1.2457959651947021
step57000,512,1024,2,19211, cabinet,33,5,19,38.370479583740234,109.47274780273438,117.2119140625,0.40655505657196045,1.159920334815979,1.241920828819275
step57000,512,1024,2,19211, cabinet,33,5,20,40.5416145324707,109.01625061035156,116.31044006347656,0.4295593500137329,1.1550835371017456,1.2323691844940186
step57000,512,1024,2,19211, cabinet,33,5,21,42.80345916748047,108.91041564941406,114.82804107666016,0.45352476835250854,1.1539621353149414,1.2166624069213867
step57000,512,1024,2,19211, cabinet,33,5,22,45.190914154052734,107.59953308105469,112.96415710449219,0.4788210988044739,1.1400725841522217,1.1969135999679565
step57000,512,1024,2,19211, cabinet,33,5,23,47.150962829589844,106.55816650390625,110.7161865234375,0.49958881735801697,1.12903892993927,1.1730952262878418
step57000,512,1024,2,19211, cabinet,33,5,24,49.19375991821289,104.7549819946289,108.17894744873047,0.521233320236206,1.1099331378936768,1.146211862564087
step57000,512,1024,2,19211, cabinet,33,5,25,51.735347747802734,102.84915161132812,105.53475952148438,0.5481627583503723,1.0897399187088013,1.1181952953338623
step57000,512,1024,2,19211, cabinet,33,5,26,53.53614807128906,100.67728424072266,102.9620361328125,0.5672431588172913,1.066727876663208,1.0909359455108643
step57000,512,1024,2,19211, cabinet,33,5,27,55.264896392822266,98.81803894042969,100.60569763183594,0.585560142993927,1.0470283031463623,1.0659693479537964
step57000,512,1024,2,19211, cabinet,33,5,28,57.29602813720703,97.4998550415039,98.72389221191406,0.6070810556411743,1.0330613851547241,1.0460306406021118
step57000,512,1024,2,19211, cabinet,33,5,29,58.71564865112305,96.55506896972656,97.33089447021484,0.6221226453781128,1.0230509042739868,1.0312711000442505
step57000,512,1024,2,19211, cabinet,33,5,30,60.12886047363281,95.69265747070312,96.71420288085938,0.6370963454246521,1.0139131546020508,1.024737000465393
step57000,512,1024,2,19211, cabinet,33,5,31,60.63284683227539,95.09003448486328,96.10462188720703,0.6424363255500793,1.0075280666351318,1.0182781219482422
step57000,512,1024,2,19211, cabinet,33,5,32,61.338382720947266,94.4824447631836,95.45291137695312,0.6499118804931641,1.0010902881622314,1.0113729238510132
step57000,512,1024,2,19211, cabinet,33,5,33,62.16961669921875,93.82915496826172,94.83628845214844,0.6587192416191101,0.9941684007644653,1.004839539527893
step57000,512,1024,2,19211, cabinet,33,5,34,63.2048225402832,93.32274627685547,94.79586791992188,0.6696877479553223,0.9888027310371399,1.004411220550537
step57000,512,1024,2,19211, cabinet,33,5,35,64.29683685302734,92.53406524658203,94.91080474853516,0.6812582015991211,0.9804462194442749,1.005629062652588
step57000,512,1024,2,19211, cabinet,33,5,36,65.5272216796875,91.92162322998047,95.1664810180664,0.694294810295105,0.9739571213722229,1.0083380937576294
step57000,512,1024,2,19211, cabinet,33,5,37,66.5724868774414,91.09860229492188,95.54780578613281,0.7053698897361755,0.9652367830276489,1.0123783349990845
step57000,512,1024,2,19211, cabinet,33,5,38,67.87638092041016,90.1908187866211,96.03478240966797,0.7191853523254395,0.9556183815002441,1.0175381898880005
step57000,512,1024,2,19211, cabinet,33,5,39,68.88068389892578,89.70259857177734,96.60166931152344,0.7298264503479004,0.9504454135894775,1.0235446691513062
step57000,512,1024,2,19211, cabinet,33,5,40,70.01787567138672,90.27149963378906,97.21521759033203,0.7418755888938904,0.9564732313156128,1.030045509338379
step57000,512,1024,2,19211, cabinet,33,5,41,71.09317016601562,90.79733276367188,97.79145812988281,0.7532688975334167,0.9620446562767029,1.0361510515213013
step57000,512,1024,2,19211, cabinet,33,5,42,71.82936096191406,91.30558776855469,98.2494125366211,0.7610691785812378,0.9674298763275146,1.0410033464431763
step57000,512,1024,2,19211, cabinet,33,5,43,72.71472930908203,91.6731948852539,98.56179809570312,0.7704501152038574,0.9713249206542969,1.0443131923675537
step57000,512,1024,2,19211, cabinet,33,5,44,73.0317611694336,92.09564208984375,98.71959686279297,0.7738092541694641,0.9758009314537048,1.0459851026535034
step57000,512,1024,2,19211, cabinet,33,5,45,72.9156723022461,92.66509246826172,98.72396087646484,0.7725792527198792,0.9818345904350281,1.0460313558578491
step57000,512,1024,2,19211, cabinet,33,5,46,72.89411163330078,93.15107727050781,98.58527374267578,0.7723507881164551,0.9869837760925293,1.0445619821548462
step57000,512,1024,2,19211, cabinet,33,5,47,72.83853912353516,93.39871978759766,98.32051849365234,0.771761953830719,0.9896076917648315,1.0417567491531372
step57000,512,1024,2,19211, cabinet,33,5,48,73.29141998291016,93.6414794921875,97.95040893554688,0.7765604853630066,0.9921799302101135,1.0378352403640747
step57000,512,1024,2,19211, cabinet,33,5,49,73.3441162109375,93.31986236572266,97.4966812133789,0.7771188020706177,0.9887721538543701,1.0330277681350708
step57000,512,1024,2,19211, cabinet,33,5,50,73.58192443847656,93.67138671875,96.98038482666016,0.7796385288238525,0.9924967288970947,1.0275572538375854
step57000,512,1024,2,19211, cabinet,33,5,51,73.54896545410156,93.4367446899414,96.70439910888672,0.7792893052101135,0.9900106191635132,1.0246330499649048
step57000,512,1024,2,19211, cabinet,33,5,52,73.61536407470703,93.43555450439453,97.24575805664062,0.7799928188323975,0.9899979829788208,1.0303690433502197
step57000,512,1024,2,19211, cabinet,33,5,53,73.6444091796875,93.34632110595703,97.73433685302734,0.7803005576133728,0.9890525341033936,1.035545825958252
step57000,512,1024,2,19211, cabinet,33,5,54,73.37336730957031,93.42379760742188,98.15003204345703,0.7774287462234497,0.9898734092712402,1.0399503707885742
step57000,512,1024,2,19211, cabinet,33,5,55,73.20797729492188,93.00189208984375,98.47132110595703,0.7756763696670532,0.9854031205177307,1.0433545112609863
step57000,512,1024,2,19211, cabinet,33,5,56,73.3095474243164,92.46085357666016,98.6767807006836,0.7767525315284729,0.979670524597168,1.0455315113067627
step57000,512,1024,2,19211, cabinet,33,5,57,73.33805847167969,91.91925048828125,98.7471694946289,0.7770546078681946,0.9739319086074829,1.0462772846221924
step57000,512,1024,2,19211, cabinet,33,5,58,73.43711853027344,91.43900299072266,98.66838836669922,0.7781042456626892,0.9688435196876526,1.0454425811767578
step57000,512,1024,2,19211, cabinet,33,5,59,73.83981323242188,91.08612060546875,98.43435668945312,0.7823709845542908,0.9651045203208923,1.042962908744812
step57000,512,1024,2,19211, cabinet,33,5,60,73.07853698730469,90.78691864013672,98.04891204833984,0.7743048667907715,0.9619343876838684,1.0388789176940918
step57000,512,1024,2,19211, cabinet,33,5,61,72.07540893554688,90.35710906982422,97.52471923828125,0.7636762261390686,0.9573802351951599,1.0333248376846313
step57000,512,1024,2,19211, cabinet,33,5,62,71.37483978271484,89.86920166015625,96.91864776611328,0.7562533020973206,0.9522106647491455,1.0269031524658203
step57000,512,1024,2,19211, cabinet,33,5,63,71.08586120605469,89.71148681640625,96.32406616210938,0.7531914114952087,0.9505395293235779,1.0206032991409302
step57000,512,1024,2,19211, cabinet,33,5,64,68.21600341796875,90.65703582763672,95.79241180419922,0.7227838039398193,0.9605581164360046,1.014970064163208
step57000,512,1024,2,19211, cabinet,33,5,65,66.82137298583984,91.48026275634766,95.35371398925781,0.7080069780349731,0.9692806601524353,1.010321855545044
step57000,512,1024,2,19211, cabinet,33,5,66,65.76637268066406,92.328369140625,95.03118133544922,0.6968287229537964,0.9782668352127075,1.0069044828414917
step57000,512,1024,2,19211, cabinet,33,5,67,64.51227569580078,92.99652099609375,94.84220886230469,0.6835408806800842,0.9853461980819702,1.0049022436141968
step57000,512,1024,2,19211, cabinet,33,5,68,63.45908737182617,93.62313842773438,94.80097198486328,0.6723818182945251,0.9919854998588562,1.0044653415679932
step57000,512,1024,2,19211, cabinet,33,5,69,62.353519439697266,94.23332214355469,95.12641906738281,0.6606677770614624,0.998450756072998,1.007913589477539
step57000,512,1024,2,19211, cabinet,33,5,70,61.371986389160156,94.87336730957031,95.80350494384766,0.6502678990364075,1.005232334136963,1.015087604522705
step57000,512,1024,2,19211, cabinet,33,5,71,60.61015319824219,95.44781494140625,96.42704772949219,0.6421958804130554,1.0113189220428467,1.0216944217681885
step57000,512,1024,2,19211, cabinet,33,5,72,60.103939056396484,96.11782836914062,97.03192138671875,0.6368322968482971,1.0184180736541748,1.0281033515930176
step57000,512,1024,2,19211, cabinet,33,5,73,59.21822738647461,96.94818878173828,97.96664428710938,0.6274477243423462,1.0272161960601807,1.0380072593688965
step57000,512,1024,2,19211, cabinet,33,5,74,58.11209487915039,98.090087890625,99.6547622680664,0.6157276630401611,1.039315104484558,1.0558936595916748
step57000,512,1024,2,19211, cabinet,33,5,75,56.40318298339844,99.60388946533203,101.75836944580078,0.5976209044456482,1.0553545951843262,1.0781824588775635
step57000,512,1024,2,19211, cabinet,33,5,76,54.6220703125,101.61700439453125,104.2412338256836,0.5787490606307983,1.076684594154358,1.104489803314209
step57000,512,1024,2,19211, cabinet,33,5,77,53.002323150634766,103.54765319824219,106.87140655517578,0.5615870356559753,1.097140908241272,1.1323578357696533
step57000,512,1024,2,19211, cabinet,33,5,78,50.5483512878418,105.10195922851562,109.4859848022461,0.535585880279541,1.1136095523834229,1.1600606441497803
step57000,512,1024,2,19211, cabinet,33,5,79,48.843971252441406,106.27772521972656,111.89955139160156,0.5175271034240723,1.1260673999786377,1.1856335401535034
step57000,512,1024,2,19211, cabinet,33,5,80,46.043209075927734,107.6005630493164,113.94298553466797,0.4878515899181366,1.1400835514068604,1.2072848081588745
step57000,512,1024,2,19211, cabinet,33,5,81,43.85689163208008,107.71954345703125,115.64794158935547,0.46468642354011536,1.1413441896438599,1.2253496646881104
step57000,512,1024,2,19211, cabinet,33,5,82,42.07304382324219,108.43215942382812,116.85256958007812,0.44578564167022705,1.1488947868347168,1.2381134033203125
step57000,512,1024,2,19211, cabinet,33,5,83,39.50571823120117,108.2153549194336,117.46549987792969,0.4185835123062134,1.1465976238250732,1.24460768699646
step57000,512,1024,2,19211, cabinet,33,5,84,37.218013763427734,108.08712768554688,117.5997314453125,0.3943440914154053,1.145238995552063,1.2460299730300903
step57000,512,1024,2,19211, cabinet,33,5,85,35.068782806396484,106.48194122314453,117.11791229248047,0.3715718686580658,1.128231167793274,1.2409248352050781
step57000,512,1024,2,19211, cabinet,33,5,86,32.977272033691406,105.37030792236328,115.88529968261719,0.3494112491607666,1.116452932357788,1.2278646230697632
step57000,512,1024,2,19211, cabinet,33,5,87,30.968889236450195,103.05974578857422,113.84349822998047,0.32813137769699097,1.0919712781906128,1.2062307596206665
step57000,512,1024,2,19211, cabinet,33,5,88,29.119848251342773,100.9674301147461,111.07400512695312,0.30853983759880066,1.069802165031433,1.1768864393234253
step57000,512,1024,2,19211, cabinet,33,5,89,27.03731346130371,97.20382690429688,107.71479034423828,0.2864743173122406,1.029924750328064,1.1412938833236694
step57000,512,1024,2,19211, cabinet,33,5,90,25.23666763305664,94.5175552368164,103.86756134033203,0.2673955261707306,1.0014623403549194,1.1005305051803589
step57000,512,1024,2,19211, cabinet,33,5,91,23.148653030395508,89.70338439941406,99.3678970336914,0.2452719360589981,0.9504536986351013,1.0528541803359985
step57000,512,1024,2,19211, cabinet,33,5,92,21.12875747680664,85.84996795654297,94.20781707763672,0.22387009859085083,0.9096247553825378,0.9981805086135864
step57000,512,1024,2,19211, cabinet,33,5,93,19.160219192504883,79.35042572021484,88.29751586914062,0.20301242172718048,0.840758740901947,0.9355578422546387
step57000,512,1024,2,19211, cabinet,33,5,94,17.01758575439453,73.06570434570312,81.58157348632812,0.18031011521816254,0.7741689085960388,0.8643989562988281
step57000,512,1024,2,19211, cabinet,33,5,95,14.950093269348145,65.24775695800781,74.35745239257812,0.15840396285057068,0.6913337111473083,0.7878556251525879
step57000,512,1024,2,19211, cabinet,33,5,96,12.717679977416992,57.686607360839844,65.76177215576172,0.1347503960132599,0.6112194657325745,0.6967799663543701
step57000,512,1024,2,19211, cabinet,33,5,97,10.397805213928223,50.139442443847656,56.311031341552734,0.11017011851072311,0.5312533378601074,0.5966444611549377
step57000,512,1024,2,19211, cabinet,33,5,98,8.19155216217041,41.63546371459961,45.45576477050781,0.08679372817277908,0.4411492645740509,0.48162731528282166
step57000,512,1024,2,19211, cabinet,33,5,99,5.848278999328613,30.88223648071289,34.441307067871094,0.061965540051460266,0.32721325755119324,0.3649234473705292
step57000,512,1024,2,19211, cabinet,33,5,100,3.532808780670166,18.865947723388672,22.9248046875,0.03743193671107292,0.19989445805549622,0.24290014803409576
step57000,512,1024,2,19211, cabinet,33,5,101,1.1826987266540527,6.01829195022583,8.42239761352539,0.012531304731965065,0.06376691162586212,0.08923965692520142
step57000,512,1024,2,19211, cabinet,33,5,102,1.3172366619110107,6.797039985656738,9.32509994506836,0.013956802897155285,0.07201815396547318,0.09880425035953522
step57000,512,1024,2,19211, cabinet,33,5,103,3.6545095443725586,19.486082077026367,23.548540115356445,0.038721416145563126,0.20646509528160095,0.24950894713401794
step57000,512,1024,2,19211, cabinet,33,5,104,5.969214916229248,31.421035766601562,34.992000579833984,0.06324692070484161,0.332922101020813,0.3707583248615265
step57000,512,1024,2,19211, cabinet,33,5,105,8.26650619506836,42.055870056152344,46.1379508972168,0.08758790791034698,0.4456036686897278,0.48885542154312134
step57000,512,1024,2,19211, cabinet,33,5,106,10.507750511169434,50.43408203125,56.88042068481445,0.11133504658937454,0.5343751907348633,0.6026774644851685
step57000,512,1024,2,19211, cabinet,33,5,107,12.704475402832031,58.58811569213867,66.30406951904297,0.13461048901081085,0.6207713484764099,0.7025259137153625
step57000,512,1024,2,19211, cabinet,33,5,108,14.86898422241211,65.68551635742188,74.806640625,0.1575445681810379,0.6959720253944397,0.7926149964332581
step57000,512,1024,2,19211, cabinet,33,5,109,16.903974533081055,73.94329833984375,81.96368408203125,0.17910633981227875,0.7834674715995789,0.8684476017951965
step57000,512,1024,2,19211, cabinet,33,5,110,18.933300018310547,80.18354034423828,88.66085815429688,0.20060810446739197,0.849586009979248,0.9394075870513916
step57000,512,1024,2,19211, cabinet,33,5,111,20.852935791015625,86.2341079711914,94.52250671386719,0.22094763815402985,0.9136949181556702,1.0015147924423218
step57000,512,1024,2,19211, cabinet,33,5,112,22.790470123291016,89.89617156982422,99.64356231689453,0.24147680401802063,0.9524964094161987,1.0557750463485718
step57000,512,1024,2,19211, cabinet,33,5,113,24.647994995117188,95.2268295288086,104.10486602783203,0.2611582577228546,1.0089775323867798,1.103044867515564
step57000,512,1024,2,19211, cabinet,33,5,114,26.46335220336914,97.98975372314453,107.92288208007812,0.2803928852081299,1.0382519960403442,1.1434986591339111
step57000,512,1024,2,19211, cabinet,33,5,115,28.265579223632812,101.98858642578125,111.27433013916016,0.2994884252548218,1.0806218385696411,1.1790090799331665
step57000,512,1024,2,19211, cabinet,33,5,116,30.076433181762695,103.60882568359375,113.98301696777344,0.31867536902427673,1.09778892993927,1.2077089548110962
step57000,512,1024,2,19211, cabinet,33,5,117,31.569473266601562,106.38187408447266,115.9778060913086,0.3344948887825012,1.1271709203720093,1.2288447618484497
step57000,512,1024,2,19211, cabinet,33,5,118,33.77195358276367,107.70503997802734,117.16526794433594,0.35783129930496216,1.141190528869629,1.2414265871047974
step57000,512,1024,2,19211, cabinet,33,5,119,35.19112777709961,109.00914001464844,117.60725402832031,0.3728681802749634,1.1550081968307495,1.2461096048355103
step57000,512,1024,2,19211, cabinet,33,5,120,37.741580963134766,109.35270690917969,117.43466186523438,0.39989155530929565,1.1586484909057617,1.2442809343338013
step57000,512,1024,2,19211, cabinet,33,5,121,39.1220588684082,109.46508026123047,116.81828308105469,0.41451844573020935,1.1598390340805054,1.2377500534057617
step57000,512,1024,2,19211, cabinet,33,5,122,41.724334716796875,109.05668640136719,115.60893249511719,0.4420908987522125,1.1555118560791016,1.2249363660812378
step57000,512,1024,2,19211, cabinet,33,5,123,43.56792068481445,108.2347412109375,113.85391235351562,0.4616246521472931,1.1468030214309692,1.206341028213501
step57000,512,1024,2,19211, cabinet,33,5,124,45.797027587890625,107.0696029663086,111.7691650390625,0.48524317145347595,1.1344578266143799,1.1842520236968994
step57000,512,1024,2,19211, cabinet,33,5,125,47.73869323730469,105.80547332763672,109.33900451660156,0.5058161020278931,1.1210637092590332,1.1585032939910889
step57000,512,1024,2,19211, cabinet,33,5,126,49.926475524902344,103.82549285888672,106.71846771240234,0.5289968252182007,1.1000847816467285,1.1307373046875
step57000,512,1024,2,19211, cabinet,33,5,127,52.28853988647461,101.76958465576172,104.0926742553711,0.5540241003036499,1.0783013105392456,1.102915644645691
step57000,512,1024,2,19211, cabinet,33,5,128,54.12046813964844,99.53129577636719,101.63449096679688,0.5734343528747559,1.0545854568481445,1.0768699645996094
step57000,512,1024,3,6574, miles,404,7,1,2.355581045150757,12.534624099731445,16.396108627319336,0.024984557181596756,0.13294894993305206,0.17390593886375427
step57000,512,1024,3,6574, miles,404,7,2,4.699574947357178,24.807186126708984,29.145938873291016,0.04984621703624725,0.26311832666397095,0.3091374933719635
step57000,512,1024,3,6574, miles,404,7,3,7.015742778778076,36.66964340209961,39.76775360107422,0.07441273331642151,0.38893795013427734,0.42179813981056213
step57000,512,1024,3,6574, miles,404,7,4,9.295266151428223,46.68993377685547,51.13613510131836,0.09859058260917664,0.49521851539611816,0.5423772931098938
step57000,512,1024,3,6574, miles,404,7,5,11.534493446350098,53.48081970214844,61.206459045410156,0.12234102934598923,0.5672463178634644,0.6491885781288147
step57000,512,1024,3,6574, miles,404,7,6,13.733919143676758,62.32469940185547,70.29254913330078,0.14566932618618011,0.6610492467880249,0.7455605268478394
step57000,512,1024,3,6574, miles,404,7,7,15.833175659179688,70.24833679199219,78.16031646728516,0.16793516278266907,0.7450915575027466,0.8290103077888489
step57000,512,1024,3,6574, miles,404,7,8,18.009225845336914,76.48784637451172,85.16191864013672,0.19101552665233612,0.8112711906433105,0.9032730460166931
step57000,512,1024,3,6574, miles,404,7,9,20.041086196899414,83.59239196777344,91.40262603759766,0.2125665247440338,0.8866257667541504,0.9694653153419495
step57000,512,1024,3,6574, miles,404,7,10,22.043704986572266,88.1883316040039,96.91288757324219,0.23380737006664276,0.9353728294372559,1.0279101133346558
step57000,512,1024,3,6574, miles,404,7,11,24.071638107299805,92.62344360351562,101.73480224609375,0.25531673431396484,0.9824140667915344,1.0790539979934692
step57000,512,1024,3,6574, miles,404,7,12,26.0526180267334,96.68504333496094,105.92027282714844,0.27632805705070496,1.0254935026168823,1.123447299003601
step57000,512,1024,3,6574, miles,404,7,13,27.992631912231445,99.73484802246094,109.63096618652344,0.29690489172935486,1.057841420173645,1.1628049612045288
step57000,512,1024,3,6574, miles,404,7,14,30.203584671020508,103.01499938964844,112.5933837890625,0.32035544514656067,1.0926324129104614,1.1942259073257446
step57000,512,1024,3,6574, miles,404,7,15,31.797908782958984,105.127197265625,114.98969268798828,0.3372657001018524,1.1150355339050293,1.2196424007415771
step57000,512,1024,3,6574, miles,404,7,16,34.36286926269531,106.81713104248047,116.61042785644531,0.36447104811668396,1.1329598426818848,1.236832857131958
step57000,512,1024,3,6574, miles,404,7,17,35.76713180541992,108.46135711669922,117.44564056396484,0.3793654143810272,1.1503993272781372,1.2456915378570557
step57000,512,1024,3,6574, miles,404,7,18,38.55024719238281,108.9614486694336,117.5897216796875,0.40888461470603943,1.1557036638259888,1.2472196817398071
step57000,512,1024,3,6574, miles,404,7,19,40.314334869384766,109.4873046875,117.21231079101562,0.42759549617767334,1.1612811088562012,1.2432167530059814
step57000,512,1024,3,6574, miles,404,7,20,42.650367736816406,108.97960662841797,116.30513763427734,0.4523726999759674,1.1558961868286133,1.2335947751998901
step57000,512,1024,3,6574, miles,404,7,21,44.5181770324707,108.90522003173828,114.81755828857422,0.4721837043762207,1.1551072597503662,1.217816710472107
step57000,512,1024,3,6574, miles,404,7,22,46.73186492919922,107.6506576538086,112.97991180419922,0.49566325545310974,1.1418006420135498,1.1983256340026855
step57000,512,1024,3,6574, miles,404,7,23,49.28538131713867,106.49034118652344,110.72967529296875,0.5227472186088562,1.1294937133789062,1.174458384513855
step57000,512,1024,3,6574, miles,404,7,24,51.058387756347656,104.75843811035156,108.1914291381836,0.5415526628494263,1.1111242771148682,1.1475363969802856
step57000,512,1024,3,6574, miles,404,7,25,53.40348815917969,102.85468292236328,105.54772186279297,0.5664260983467102,1.090932011604309,1.1194958686828613
step57000,512,1024,3,6574, miles,404,7,26,54.995059967041016,100.6783676147461,102.97673034667969,0.583307147026062,1.067848801612854,1.092226505279541
step57000,512,1024,3,6574, miles,404,7,27,56.76789474487305,98.82225799560547,100.619140625,0.6021108031272888,1.0481619834899902,1.067220687866211
step57000,512,1024,3,6574, miles,404,7,28,58.2935905456543,97.5123291015625,98.71873474121094,0.6182931065559387,1.0342681407928467,1.047063946723938
step57000,512,1024,3,6574, miles,404,7,29,59.38313293457031,96.56645965576172,97.33285522460938,0.629849374294281,1.024235725402832,1.0323644876480103
step57000,512,1024,3,6574, miles,404,7,30,60.27280807495117,95.68968963623047,96.71617889404297,0.6392857432365417,1.0149362087249756,1.025823712348938
step57000,512,1024,3,6574, miles,404,7,31,60.75175094604492,95.0822982788086,96.10700225830078,0.644365668296814,1.0084937810897827,1.019362449645996
step57000,512,1024,3,6574, miles,404,7,32,61.59904861450195,94.51555633544922,95.45515441894531,0.6533526182174683,1.0024827718734741,1.0124486684799194
step57000,512,1024,3,6574, miles,404,7,33,62.54046630859375,93.96514892578125,94.84329986572266,0.663337767124176,0.9966448545455933,1.0059590339660645
step57000,512,1024,3,6574, miles,404,7,34,63.66415023803711,93.34829711914062,94.8042221069336,0.6752561926841736,0.9901021718978882,1.0055445432662964
step57000,512,1024,3,6574, miles,404,7,35,64.75303649902344,92.67050170898438,94.92033386230469,0.6868054866790771,0.9829131364822388,1.0067760944366455
step57000,512,1024,3,6574, miles,404,7,36,65.8321762084961,92.01500701904297,95.17706298828125,0.6982514262199402,0.9759605526924133,1.0094990730285645
step57000,512,1024,3,6574, miles,404,7,37,66.90705871582031,91.16172790527344,95.55931854248047,0.7096521854400635,0.9669102430343628,1.013553500175476
step57000,512,1024,3,6574, miles,404,7,38,68.19249725341797,90.2061996459961,96.04705047607422,0.7232862710952759,0.9567753672599792,1.0187265872955322
step57000,512,1024,3,6574, miles,404,7,39,69.1604232788086,89.70196533203125,96.614501953125,0.7335525751113892,0.9514272212982178,1.0247453451156616
step57000,512,1024,3,6574, miles,404,7,40,70.22722625732422,90.26986694335938,97.22840881347656,0.7448676824569702,0.9574506878852844,1.0312566757202148
step57000,512,1024,3,6574, miles,404,7,41,71.19757843017578,90.822998046875,97.80435943603516,0.7551597356796265,0.9633175134658813,1.0373655557632446
step57000,512,1024,3,6574, miles,404,7,42,71.99638366699219,91.34805297851562,98.26162719726562,0.7636322975158691,0.9688865542411804,1.0422155857086182
step57000,512,1024,3,6574, miles,404,7,43,72.87776947021484,91.68851470947266,98.57329559326172,0.7729807496070862,0.9724976420402527,1.0455212593078613
step57000,512,1024,3,6574, miles,404,7,44,73.1170654296875,92.14293670654297,98.73040008544922,0.7755188345909119,0.9773174524307251,1.0471876859664917
step57000,512,1024,3,6574, miles,404,7,45,72.96343231201172,92.66425323486328,98.73416900634766,0.7738893628120422,0.9828467965126038,1.0472276210784912
step57000,512,1024,3,6574, miles,404,7,46,72.91459655761719,93.09561157226562,98.59503936767578,0.7733713984489441,0.9874220490455627,1.045751929283142
step57000,512,1024,3,6574, miles,404,7,47,72.79837036132812,93.23877716064453,98.33003234863281,0.7721385955810547,0.9889405369758606,1.0429410934448242
step57000,512,1024,3,6574, miles,404,7,48,73.2370834350586,93.53141784667969,97.9598388671875,0.7767918109893799,0.9920444488525391,1.0390146970748901
step57000,512,1024,3,6574, miles,404,7,49,73.32489013671875,93.31958770751953,97.50624084472656,0.7777231931686401,0.9897976517677307,1.0342035293579102
step57000,512,1024,3,6574, miles,404,7,50,73.5506820678711,93.79505920410156,96.99024200439453,0.7801180481910706,0.9948408007621765,1.0287306308746338
step57000,512,1024,3,6574, miles,404,7,51,73.52002716064453,93.64854431152344,96.71248626708984,0.7797929048538208,0.9932867288589478,1.0257846117019653
step57000,512,1024,3,6574, miles,404,7,52,73.59420776367188,93.4767074584961,97.25370788574219,0.780579686164856,0.9914641380310059,1.0315250158309937
step57000,512,1024,3,6574, miles,404,7,53,73.42182159423828,93.15121459960938,97.74239349365234,0.7787512540817261,0.9880118370056152,1.0367083549499512
step57000,512,1024,3,6574, miles,404,7,54,73.30377197265625,93.40948486328125,98.15845489501953,0.7774991989135742,0.9907511472702026,1.041121244430542
step57000,512,1024,3,6574, miles,404,7,55,73.18316650390625,93.00883483886719,98.48038482666016,0.7762199640274048,0.9865016341209412,1.0445358753204346
step57000,512,1024,3,6574, miles,404,7,56,73.28804779052734,92.46809387207031,98.68671417236328,0.7773323655128479,0.980766236782074,1.0467243194580078
step57000,512,1024,3,6574, miles,404,7,57,73.32536315917969,91.91593933105469,98.75824737548828,0.7777281999588013,0.974909782409668,1.047482967376709
step57000,512,1024,3,6574, miles,404,7,58,73.3489761352539,91.49481964111328,98.68080139160156,0.7779786586761475,0.9704431295394897,1.046661615371704
step57000,512,1024,3,6574, miles,404,7,59,72.5515365600586,91.19920349121094,98.4481430053711,0.7695205807685852,0.9673076868057251,1.0441938638687134
step57000,512,1024,3,6574, miles,404,7,60,71.66961669921875,90.89935302734375,98.06402587890625,0.7601664662361145,0.9641273021697998,1.0401197671890259
step57000,512,1024,3,6574, miles,404,7,61,71.33235931396484,90.38128662109375,97.541015625,0.7565892934799194,0.9586324691772461,1.0345723628997803
step57000,512,1024,3,6574, miles,404,7,62,71.04611206054688,89.87178802490234,96.93529510498047,0.7535532116889954,0.9532284736633301,1.02814781665802
step57000,512,1024,3,6574, miles,404,7,63,68.80621337890625,89.72084045410156,96.34000396728516,0.7297956347465515,0.9516274333000183,1.0218337774276733
step57000,512,1024,3,6574, miles,404,7,64,67.8174057006836,90.6891860961914,95.80723571777344,0.7193078398704529,0.9618982672691345,1.0161830186843872
step57000,512,1024,3,6574, miles,404,7,65,66.53999328613281,91.45980072021484,95.36713409423828,0.7057589292526245,0.9700717926025391,1.0115150213241577
step57000,512,1024,3,6574, miles,404,7,66,65.50927734375,92.23446655273438,95.04298400878906,0.694826602935791,0.9782883524894714,1.0080769062042236
step57000,512,1024,3,6574, miles,404,7,67,64.28150177001953,92.95492553710938,94.85220336914062,0.6818041205406189,0.9859298467636108,1.0060534477233887
step57000,512,1024,3,6574, miles,404,7,68,63.16200256347656,93.30923461914062,94.80897521972656,0.669930100440979,0.9896878600120544,1.0055949687957764
step57000,512,1024,3,6574, miles,404,7,69,62.14775848388672,93.75154876708984,95.12505340576172,0.6591724753379822,0.9943792819976807,1.0089473724365234
step57000,512,1024,3,6574, miles,404,7,70,61.18135070800781,94.33875274658203,95.79685974121094,0.6489222645759583,1.0006074905395508,1.0160729885101318
step57000,512,1024,3,6574, miles,404,7,71,60.447731018066406,95.0008773803711,96.42231750488281,0.6411411166191101,1.0076303482055664,1.0227068662643433
step57000,512,1024,3,6574, miles,404,7,72,59.93256759643555,95.73941802978516,97.02725219726562,0.6356769800186157,1.0154637098312378,1.0291231870651245
step57000,512,1024,3,6574, miles,404,7,73,58.45655059814453,96.68212890625,97.95918273925781,0.6200215816497803,1.0254625082015991,1.0390076637268066
step57000,512,1024,3,6574, miles,404,7,74,56.787872314453125,98.0129165649414,99.66702270507812,0.6023226976394653,1.039577603340149,1.057121992111206
step57000,512,1024,3,6574, miles,404,7,75,55.3265266418457,99.59185791015625,101.76666259765625,0.5868228673934937,1.0563247203826904,1.0793918371200562
step57000,512,1024,3,6574, miles,404,7,76,53.07319259643555,101.59265899658203,104.24667358398438,0.5629227757453918,1.0775463581085205,1.105696201324463
step57000,512,1024,3,6574, miles,404,7,77,51.12548065185547,103.5703125,106.87554168701172,0.5422642827033997,1.0985223054885864,1.1335793733596802
step57000,512,1024,3,6574, miles,404,7,78,48.56850051879883,105.09210205078125,109.49079132080078,0.5151435732841492,1.1146632432937622,1.1613181829452515
step57000,512,1024,3,6574, miles,404,7,79,45.956626892089844,106.21571350097656,111.9070053100586,0.48744067549705505,1.1265809535980225,1.1869457960128784
step57000,512,1024,3,6574, miles,404,7,80,44.437923431396484,107.54813385009766,113.95467376708984,0.47133249044418335,1.1407132148742676,1.2086644172668457
step57000,512,1024,3,6574, miles,404,7,81,41.80182647705078,107.90655517578125,115.66870880126953,0.44337260723114014,1.1445149183273315,1.2268444299697876
step57000,512,1024,3,6574, miles,404,7,82,39.80619430541992,108.60331726074219,116.85724639892578,0.4222058653831482,1.1519050598144531,1.2394506931304932
step57000,512,1024,3,6574, miles,404,7,83,37.68303680419922,108.1097183227539,117.45015716552734,0.3996865153312683,1.146669626235962,1.245739459991455
step57000,512,1024,3,6574, miles,404,7,84,35.69286346435547,107.98713684082031,117.59899139404297,0.37857767939567566,1.145369529724121,1.2473180294036865
step57000,512,1024,3,6574, miles,404,7,85,33.70467758178711,106.6315689086914,117.12464904785156,0.3574899137020111,1.1309916973114014,1.2422869205474854
step57000,512,1024,3,6574, miles,404,7,86,31.85771369934082,105.59468078613281,115.89949798583984,0.3379000127315521,1.1199939250946045,1.2292922735214233
step57000,512,1024,3,6574, miles,404,7,87,30.001068115234375,102.94343566894531,113.86541748046875,0.31820744276046753,1.0918734073638916,1.207717776298523
step57000,512,1024,3,6574, miles,404,7,88,28.1978759765625,100.98561096191406,111.1334457397461,0.29908180236816406,1.0711076259613037,1.1787409782409668
step57000,512,1024,3,6574, miles,404,7,89,26.380390167236328,97.30628967285156,107.7530517578125,0.2798045873641968,1.0320827960968018,1.142886757850647
step57000,512,1024,3,6574, miles,404,7,90,24.53996467590332,94.61857604980469,103.87928009033203,0.26028403639793396,1.0035754442214966,1.101799488067627
step57000,512,1024,3,6574, miles,404,7,91,22.686840057373047,89.51811218261719,99.38565826416016,0.24062880873680115,0.9494771957397461,1.0541377067565918
step57000,512,1024,3,6574, miles,404,7,92,20.74509048461914,85.82444763183594,94.23160552978516,0.22003357112407684,0.9103001952171326,0.9994710087776184
step57000,512,1024,3,6574, miles,404,7,93,18.80934715270996,79.43887329101562,88.32902526855469,0.19950203597545624,0.8425713181495667,0.9368650913238525
step57000,512,1024,3,6574, miles,404,7,94,16.793678283691406,73.35353088378906,81.59883880615234,0.17812277376651764,0.7780269980430603,0.8654810786247253
step57000,512,1024,3,6574, miles,404,7,95,14.734575271606445,65.2292251586914,74.38545227050781,0.15628281235694885,0.6918562054634094,0.7889720797538757
step57000,512,1024,3,6574, miles,404,7,96,12.575498580932617,57.77736282348633,65.80541229248047,0.13338249921798706,0.6128177046775818,0.697967529296875
step57000,512,1024,3,6574, miles,404,7,97,10.384925842285156,50.13096237182617,56.3449592590332,0.1101481020450592,0.5317159295082092,0.5976248979568481
step57000,512,1024,3,6574, miles,404,7,98,8.132403373718262,41.501953125,45.50882339477539,0.08625663816928864,0.44019201397895813,0.4826910197734833
step57000,512,1024,3,6574, miles,404,7,99,5.836359977722168,30.866710662841797,34.45119094848633,0.06190356984734535,0.3273889124393463,0.3654078245162964
step57000,512,1024,3,6574, miles,404,7,100,3.515415668487549,18.858896255493164,22.93905258178711,0.037286385893821716,0.20002758502960205,0.24330390989780426
step57000,512,1024,3,6574, miles,404,7,101,1.1829571723937988,6.108608245849609,8.438941955566406,0.012547079473733902,0.06479118019342422,0.08950795233249664
step57000,512,1024,3,6574, miles,404,7,102,1.2897145748138428,6.635239601135254,9.263760566711426,0.01367940567433834,0.070376917719841,0.098256416618824
step57000,512,1024,3,6574, miles,404,7,103,3.6278505325317383,19.44977378845215,23.5460205078125,0.03847892954945564,0.20629474520683289,0.24974173307418823
step57000,512,1024,3,6574, miles,404,7,104,5.955803394317627,31.512399673461914,34.95401382446289,0.06317044794559479,0.3342374265193939,0.3707410395145416
step57000,512,1024,3,6574, miles,404,7,105,8.253504753112793,42.08757400512695,45.96146774291992,0.08754110336303711,0.4464034140110016,0.48749202489852905
step57000,512,1024,3,6574, miles,404,7,106,10.502242088317871,50.46825408935547,56.777732849121094,0.11139242351055145,0.535293459892273,0.6022151112556458
step57000,512,1024,3,6574, miles,404,7,107,12.703596115112305,58.218345642089844,66.15742492675781,0.1347411572933197,0.617495059967041,0.7017011642456055
step57000,512,1024,3,6574, miles,404,7,108,14.8721342086792,65.7763671875,74.7200698852539,0.15774184465408325,0.6976594924926758,0.7925211787223816
step57000,512,1024,3,6574, miles,404,7,109,17.003662109375,73.87288665771484,81.9182357788086,0.18034997582435608,0.7835355401039124,0.8688688278198242
step57000,512,1024,3,6574, miles,404,7,110,19.217863082885742,79.81759643554688,88.55265808105469,0.20383498072624207,0.8465883135795593,0.9392370581626892
step57000,512,1024,3,6574, miles,404,7,111,21.188093185424805,86.3499984741211,94.44402313232422,0.22473229467868805,0.9158744215965271,1.0017240047454834
step57000,512,1024,3,6574, miles,404,7,112,23.21553611755371,90.04032135009766,99.58861541748047,0.24623644351959229,0.955016016960144,1.0562903881072998
step57000,512,1024,3,6574, miles,404,7,113,25.149555206298828,95.15840911865234,104.07413482666016,0.26674968004226685,1.0093011856079102,1.1038662195205688
step57000,512,1024,3,6574, miles,404,7,114,27.49883270263672,97.92730712890625,107.91488647460938,0.2916674017906189,1.0386695861816406,1.1446032524108887
step57000,512,1024,3,6574, miles,404,7,115,29.263322830200195,101.80338287353516,111.26114654541016,0.31038251519203186,1.0797812938690186,1.1800954341888428
step57000,512,1024,3,6574, miles,404,7,116,31.411317825317383,103.72930145263672,113.90502166748047,0.33316531777381897,1.1002087593078613,1.2081378698349
step57000,512,1024,3,6574, miles,404,7,117,33.10981369018555,106.42105865478516,115.93132781982422,0.35118046402931213,1.1287589073181152,1.2296298742294312
step57000,512,1024,3,6574, miles,404,7,118,35.273193359375,107.5677719116211,117.14912414550781,0.3741264343261719,1.1409215927124023,1.242546558380127
step57000,512,1024,3,6574, miles,404,7,119,37.29551315307617,108.98851776123047,117.60813903808594,0.39557623863220215,1.1559908390045166,1.2474150657653809
step57000,512,1024,3,6574, miles,404,7,120,39.71000289916992,109.31082153320312,117.43653869628906,0.42118561267852783,1.1594092845916748,1.2455949783325195
step57000,512,1024,3,6574, miles,404,7,121,42.1546745300293,109.45789337158203,116.81784057617188,0.44711512327194214,1.1609691381454468,1.2390327453613281
step57000,512,1024,3,6574, miles,404,7,122,44.005924224853516,109.01078796386719,115.60459899902344,0.46675047278404236,1.1562268733978271,1.22616446018219
step57000,512,1024,3,6574, miles,404,7,123,46.125999450683594,108.29698944091797,113.8461685180664,0.48923712968826294,1.1486561298370361,1.2075135707855225
step57000,512,1024,3,6574, miles,404,7,124,48.94734573364258,107.03688049316406,111.74440002441406,0.5191618204116821,1.1352907419204712,1.1852210760116577
step57000,512,1024,3,6574, miles,404,7,125,50.340492248535156,105.77672576904297,109.32484436035156,0.5339382886886597,1.1219247579574585,1.1595580577850342
step57000,512,1024,3,6574, miles,404,7,126,52.38532638549805,103.81845092773438,106.70670318603516,0.5556269288063049,1.1011542081832886,1.1317886114120483
step57000,512,1024,3,6574, miles,404,7,127,54.520843505859375,101.7735595703125,104.07530975341797,0.5782773494720459,1.0794650316238403,1.1038786172866821
step57000,512,1024,3,6574, miles,404,7,128,55.948062896728516,99.52948760986328,101.62870788574219,0.5934152007102966,1.0556632280349731,1.0779286623001099
