checkpoint,window_start,window_end,dynamic_step,selection_index,token_id,token,wikitext_train_count,frequency_bin,projection_1,projection_2,projection_3,projection_4,checkpoint_loss,lyapunov_exponent_window,spectral_radius,spectral_radius_eigenvalue_real,spectral_radius_eigenvalue_imag,spectral_abscissa,max_real_eigenvalue_imag,max_real_eigenvalue_abs,operator_norm_2,operator_norm_sigma2,jacobian_frobenius_norm,operator_norm_over_spectral_radius,hidden_state_norm,cosine_token_id,cosine_token,cosine_wikitext_count,cosine_similarity,cosine_distance,cosine_margin,cosine_top5,euclidean_token_id,euclidean_token,euclidean_wikitext_count,euclidean_distance,euclidean_absolute_margin,euclidean_relative_margin,euclidean_top5,lm_head_token_id,lm_head_token,lm_head_wikitext_count,lm_head_probability,lm_head_probability_margin,lm_head_logit_margin,lm_head_normalized_entropy,lm_head_top5,cosine_equals_euclidean,cosine_equals_lm_head,euclidean_equals_lm_head,runtime_seconds
step0,0,256,256,0,21825, clones,2,0,0.1428334268428978,-1.5384297913495797,0.9194061191095149,0.9033325619938294,11.097257944897079,0.033265989273786545,1.021628499031067,1.0167951583862305,0.0992593765258789,1.0167951583862305,0.0992593765258789,1.021628499031067,1.3547420501708984,1.332153081893921,15.605077743530273,1.3260613679885864,22.62738037109375,35487,\]\].,0,0.18251198530197144,0.8174880146980286,0.006640031933784485,"[{""token_id"": 35487, ""token"": ""\\]\\]."", ""value"": 0.18251198530197144}, {""token_id"": 8473, ""token"": "" embed"", ""value"": 0.17587195336818695}, {""token_id"": 38902, ""token"": ""gid"", ""value"": 0.173722043633461}, {""token_id"": 23135, ""token"": ""Accordingly"", ""value"": 0.1662604659795761}, {""token_id"": 22180, ""token"": ""_{{{\\"", ""value"": 0.16617530584335327}]",35487,\]\].,0,22.522489547729492,0.001434326171875,6.368417527002895e-05,"[{""token_id"": 35487, ""token"": ""\\]\\]."", ""value"": 22.522489547729492}, {""token_id"": 8473, ""token"": "" embed"", ""value"": 22.523923873901367}, {""token_id"": 38902, ""token"": ""gid"", ""value"": 22.527761459350586}, {""token_id"": 46833, ""token"": "" VER"", ""value"": 22.52815055847168}, {""token_id"": 22180, ""token"": ""_{{{\\"", ""value"": 22.531469345092773}]",2956, Par,345,0.00021238377667032182,2.271692210342735e-05,0.11312580108642578,0.9815840721130371,"[{""token_id"": 2956, ""token"": "" Par"", ""value"": 0.00021238377667032182}, {""token_id"": 14297, ""token"": "" Agreement"", ""value"": 0.00018966685456689447}, {""token_id"": 12529, ""token"": "" Lind"", ""value"": 0.00018899445421993732}, {""token_id"": 14911, ""token"": "" breat"", ""value"": 0.00018627208191901445}, {""token_id"": 24837, ""token"": "" Publishing"", ""value"": 0.00018295548215974122}]",True,False,False,0.8433691523969173
step0,0,256,256,1,23778, motive,8,2,1.3558783494044144,-0.442461048710759,-0.02551951434863947,0.08703628005116021,11.097257944897079,0.028350980952382088,0.9840095043182373,0.9840095043182373,0.0,0.9840095043182373,0.0,0.9840095043182373,1.2812188863754272,1.2731413841247559,14.916282653808594,1.3020391464233398,22.627382278442383,25246,)!,0,0.18539583683013916,0.8146041631698608,0.013506785035133362,"[{""token_id"": 25246, ""token"": "")!"", ""value"": 0.18539583683013916}, {""token_id"": 34663, ""token"": "" chemically"", ""value"": 0.1718890517950058}, {""token_id"": 1828, ""token"": ""ccess"", ""value"": 0.16875973343849182}, {""token_id"": 10532, ""token"": "" revolution"", ""value"": 0.16487951576709747}, {""token_id"": 18543, ""token"": "" calibration"", ""value"": 0.15925689041614532}]",25246,)!,0,22.516916275024414,0.006374359130859375,0.00028309201193459,"[{""token_id"": 25246, ""token"": "")!"", ""value"": 22.516916275024414}, {""token_id"": 34663, ""token"": "" chemically"", ""value"": 22.523290634155273}, {""token_id"": 1828, ""token"": ""ccess"", ""value"": 22.528289794921875}, {""token_id"": 10532, ""token"": "" revolution"", ""value"": 22.5301456451416}, {""token_id"": 18543, ""token"": "" calibration"", ""value"": 22.531951904296875}]",24638,^*\,0,0.00027940375730395317,5.95401506870985e-05,0.23965048789978027,0.9815911054611206,"[{""token_id"": 24638, ""token"": ""^*\\"", ""value"": 0.00027940375730395317}, {""token_id"": 19184, ""token"": ""boards"", ""value"": 0.00021986360661685467}, {""token_id"": 43910, ""token"": ""versed"", ""value"": 0.00019596697529777884}, {""token_id"": 24483, ""token"": ""usage"", ""value"": 0.00017322048370260745}, {""token_id"": 47847, ""token"": "" nesting"", ""value"": 0.00016997744387481362}]",True,False,False,0.6201510243117809
step0,0,256,256,2,19211, cabinet,33,5,0.7903002579709588,-0.9510502943484366,-0.22077425431400363,-0.10341920457597911,11.097257944897079,0.01874244026839733,1.003301978111267,1.0015575885772705,0.05913763865828514,1.0015575885772705,0.05913763865828514,1.003301978111267,1.316784143447876,1.3020888566970825,15.265928268432617,1.3124504089355469,22.627382278442383,39509, Abdul,6,0.18226787447929382,0.8177321255207062,0.00022581219673156738,"[{""token_id"": 39509, ""token"": "" Abdul"", ""value"": 0.18226787447929382}, {""token_id"": 43369, ""token"": "" verbs"", ""value"": 0.18204206228256226}, {""token_id"": 38902, ""token"": ""gid"", ""value"": 0.17956487834453583}, {""token_id"": 22180, ""token"": ""_{{{\\"", ""value"": 0.17900815606117249}, {""token_id"": 31238, ""token"": "" specifying"", ""value"": 0.16818852722644806}]",43369, verbs,2,22.515714645385742,0.0050296783447265625,0.00022338524110569679,"[{""token_id"": 43369, ""token"": "" verbs"", ""value"": 22.515714645385742}, {""token_id"": 39509, ""token"": "" Abdul"", ""value"": 22.52074432373047}, {""token_id"": 22180, ""token"": ""_{{{\\"", ""value"": 22.52337074279785}, {""token_id"": 38902, ""token"": ""gid"", ""value"": 22.524118423461914}, {""token_id"": 31238, ""token"": "" specifying"", ""value"": 22.53053092956543}]",16144, syntax,1,0.0002817323838826269,5.230343958828598e-05,0.20536422729492188,0.9815673232078552,"[{""token_id"": 16144, ""token"": "" syntax"", ""value"": 0.0002817323838826269}, {""token_id"": 24638, ""token"": ""^*\\"", ""value"": 0.0002294289442943409}, {""token_id"": 36512, ""token"": ""(?:"", ""value"": 0.00018874701345339417}, {""token_id"": 5911, ""token"": ""elled"", ""value"": 0.0001802733022486791}, {""token_id"": 38530, ""token"": "" compose"", ""value"": 0.0001691540819592774}]",False,False,False,0.602937214076519
step0,0,256,256,3,6574, miles,404,7,-0.12839452331343748,-2.0759990277870672,-0.0685586119092815,0.5205330126553493,11.097257944897079,0.030071930959820747,1.0038470029830933,1.0034055709838867,0.02976910211145878,1.0034055709838867,0.02976910211145878,1.0038470029830933,1.3288869857788086,1.3257250785827637,15.394627571105957,1.3237943649291992,22.627382278442383,35111,SUM,0,0.1683223694562912,0.8316776305437088,0.0020755380392074585,"[{""token_id"": 35111, ""token"": ""SUM"", ""value"": 0.1683223694562912}, {""token_id"": 47419, ""token"": "" Damascus"", ""value"": 0.16624683141708374}, {""token_id"": 1751, ""token"": ""ene"", ""value"": 0.1626184582710266}, {""token_id"": 49795, ""token"": "" unconditional"", ""value"": 0.1613202542066574}, {""token_id"": 24769, ""token"": ""407"", ""value"": 0.15751880407333374}]",47419, Damascus,4,22.52977752685547,0.0005893707275390625,2.6159633704173654e-05,"[{""token_id"": 47419, ""token"": "" Damascus"", ""value"": 22.52977752685547}, {""token_id"": 35111, ""token"": ""SUM"", ""value"": 22.530366897583008}, {""token_id"": 24769, ""token"": ""407"", ""value"": 22.53236961364746}, {""token_id"": 49795, ""token"": "" unconditional"", ""value"": 22.534534454345703}, {""token_id"": 34760, ""token"": ""orf"", ""value"": 22.536069869995117}]",17031,Mask,0,0.00024281733203679323,4.2742336518131196e-05,0.1936171054840088,0.9814998507499695,"[{""token_id"": 17031, ""token"": ""Mask"", ""value"": 0.00024281733203679323}, {""token_id"": 13934, ""token"": ""pair"", ""value"": 0.00020007499551866204}, {""token_id"": 25846, ""token"": "" curt"", ""value"": 0.0001723988971207291}, {""token_id"": 4164, ""token"": "" il"", ""value"": 0.00016129617870319635}, {""token_id"": 9957, ""token"": "" advent"", ""value"": 0.00016097715706564486}]",False,False,False,0.5318378321826458
step0,256,512,512,0,21825, clones,2,0,0.11832083218865246,-1.6160033257890443,1.037675679240017,0.8952514622698458,11.097257944897079,0.009165552444756031,1.0334059000015259,1.0298064947128296,0.08617589622735977,1.0298064947128296,0.08617589622735977,1.0334059000015259,1.3646535873413086,1.344110131263733,15.736574172973633,1.3205397129058838,22.627378463745117,8473, embed,1,0.18140211701393127,0.8185978829860687,0.008083045482635498,"[{""token_id"": 8473, ""token"": "" embed"", ""value"": 0.18140211701393127}, {""token_id"": 38902, ""token"": ""gid"", ""value"": 0.17331907153129578}, {""token_id"": 22180, ""token"": ""_{{{\\"", ""value"": 0.17226216197013855}, {""token_id"": 22716, ""token"": "" 1956"", ""value"": 0.16662359237670898}, {""token_id"": 26299, ""token"": "" afforded"", ""value"": 0.16139061748981476}]",8473, embed,1,22.5203800201416,0.0054473876953125,0.0002418870236843476,"[{""token_id"": 8473, ""token"": "" embed"", ""value"": 22.5203800201416}, {""token_id"": 22716, ""token"": "" 1956"", ""value"": 22.525827407836914}, {""token_id"": 22180, ""token"": ""_{{{\\"", ""value"": 22.527626037597656}, {""token_id"": 38902, ""token"": ""gid"", ""value"": 22.528013229370117}, {""token_id"": 26299, ""token"": "" afforded"", ""value"": 22.532028198242188}]",14911, breat,5,0.0002218988083768636,2.3190295905806124e-05,0.1103825569152832,0.9816828370094299,"[{""token_id"": 14911, ""token"": "" breat"", ""value"": 0.0002218988083768636}, {""token_id"": 24837, ""token"": "" Publishing"", ""value"": 0.00019870851247105747}, {""token_id"": 12744, ""token"": "" unclear"", ""value"": 0.0001760244049364701}, {""token_id"": 27394, ""token"": "" veins"", ""value"": 0.00016970753495115787}, {""token_id"": 12338, ""token"": "" violent"", ""value"": 0.0001666430471232161}]",True,False,False,0.628288459032774
step0,256,512,512,1,23778, motive,8,2,-0.34347352899733363,-1.0432144509403052,0.408783558897284,-0.2458409496360644,11.097257944897079,0.013043539598584175,1.0587421655654907,1.0587421655654907,0.0,1.0587421655654907,0.0,1.0587421655654907,1.382559895515442,1.3583368062973022,15.69416332244873,1.3058513402938843,22.62738037109375,38683, engra,21,0.16820059716701508,0.8317994028329849,0.0018954873085021973,"[{""token_id"": 38683, ""token"": "" engra"", ""value"": 0.16820059716701508}, {""token_id"": 50100, ""token"": "" regenerative"", ""value"": 0.16630510985851288}, {""token_id"": 18249, ""token"": "" reluct"", ""value"": 0.16581742465496063}, {""token_id"": 24137, ""token"": ""380"", ""value"": 0.16481196880340576}, {""token_id"": 15112, ""token"": "" SF"", ""value"": 0.16430848836898804}]",38683, engra,21,22.52718162536621,0.00168609619140625,7.48471876973576e-05,"[{""token_id"": 38683, ""token"": "" engra"", ""value"": 22.52718162536621}, {""token_id"": 50100, ""token"": "" regenerative"", ""value"": 22.528867721557617}, {""token_id"": 18249, ""token"": "" reluct"", ""value"": 22.531251907348633}, {""token_id"": 15112, ""token"": "" SF"", ""value"": 22.531970977783203}, {""token_id"": 24137, ""token"": ""380"", ""value"": 22.53289222717285}]",46128, wellbeing,0,0.00031678591039963067,1.5673314919695258e-05,0.05074191093444824,0.9814152717590332,"[{""token_id"": 46128, ""token"": "" wellbeing"", ""value"": 0.00031678591039963067}, {""token_id"": 36502, ""token"": ""FACE"", ""value"": 0.0003011125954799354}, {""token_id"": 28048, ""token"": ""ustomed"", ""value"": 0.00023121503181755543}, {""token_id"": 891, ""token"": "" i"", ""value"": 0.00022031663684174418}, {""token_id"": 47322, ""token"": ""Bridge"", ""value"": 0.00021696813928429037}]",True,False,False,0.6009962633252144
step0,256,512,512,2,19211, cabinet,33,5,-0.269196478208814,-0.3732593830940212,-1.1193046106843054,0.178463937495148,11.097257944897079,0.017137546092271805,1.046477198600769,1.0447163581848145,0.0606815330684185,1.0447163581848145,0.0606815330684185,1.046477198600769,1.3628435134887695,1.3327431678771973,15.602405548095703,1.302315592765808,22.627378463745117,44115, Organisation,5,0.17280226945877075,0.8271977305412292,0.0026431381702423096,"[{""token_id"": 44115, ""token"": "" Organisation"", ""value"": 0.17280226945877075}, {""token_id"": 29659, ""token"": "" NOW"", ""value"": 0.17015913128852844}, {""token_id"": 10382, ""token"": "" serial"", ""value"": 0.16218358278274536}, {""token_id"": 26299, ""token"": "" afforded"", ""value"": 0.15898211300373077}, {""token_id"": 41228, ""token"": "" Quart"", ""value"": 0.1582682728767395}]",44115, Organisation,5,22.5249080657959,0.001003265380859375,4.4540265288932956e-05,"[{""token_id"": 44115, ""token"": "" Organisation"", ""value"": 22.5249080657959}, {""token_id"": 29659, ""token"": "" NOW"", ""value"": 22.525911331176758}, {""token_id"": 26299, ""token"": "" afforded"", ""value"": 22.533592224121094}, {""token_id"": 10382, ""token"": "" serial"", ""value"": 22.536907196044922}, {""token_id"": 48338, ""token"": ""rente"", ""value"": 22.537044525146484}]",2601, protein,145,0.0002644892083480954,6.896437844261527e-05,0.30211305618286133,0.9817632436752319,"[{""token_id"": 2601, ""token"": "" protein"", ""value"": 0.0002644892083480954}, {""token_id"": 17846, ""token"": "" tut"", ""value"": 0.00019552482990548015}, {""token_id"": 1213, ""token"": "" str"", ""value"": 0.00018863106379285455}, {""token_id"": 19435, ""token"": ""ateur"", ""value"": 0.00017531050252728164}, {""token_id"": 24551, ""token"": ""emn"", ""value"": 0.00017354649025946856}]",True,False,False,0.6015658751130104
step0,256,512,512,3,6574, miles,404,7,0.7712050349372775,-0.4808331024378554,-0.3900082855244635,0.004105672753824119,11.097257944897079,0.014940023422241211,1.001698613166809,1.0015316009521484,0.018294624984264374,1.0015316009521484,0.018294624984264374,1.001698613166809,1.355654001235962,1.324400782585144,15.532709121704102,1.3533551692962646,22.62738037109375,48595, Flowers,10,0.18587394058704376,0.8141260594129562,0.01802779734134674,"[{""token_id"": 48595, ""token"": "" Flowers"", ""value"": 0.18587394058704376}, {""token_id"": 11166, ""token"": "" edition"", ""value"": 0.16784614324569702}, {""token_id"": 18738, ""token"": "" accepting"", ""value"": 0.16597940027713776}, {""token_id"": 9329, ""token"": "" radical"", ""value"": 0.16287639737129211}, {""token_id"": 20851, ""token"": "" Config"", ""value"": 0.16279710829257965}]",48595, Flowers,10,22.51585578918457,0.011713027954101562,0.0005202124255800165,"[{""token_id"": 48595, ""token"": "" Flowers"", ""value"": 22.51585578918457}, {""token_id"": 11166, ""token"": "" edition"", ""value"": 22.527568817138672}, {""token_id"": 20851, ""token"": "" Config"", ""value"": 22.529285430908203}, {""token_id"": 18738, ""token"": "" accepting"", ""value"": 22.52949333190918}, {""token_id"": 44168, ""token"": ""TTPS"", ""value"": 22.532432556152344}]",41149,")',",0,0.00021197185560595244,2.5938221369870007e-05,0.13052606582641602,0.9814496636390686,"[{""token_id"": 41149, ""token"": "")',"", ""value"": 0.00021197185560595244}, {""token_id"": 47645, ""token"": "" aluminium"", ""value"": 0.00018603363423608243}, {""token_id"": 8619, ""token"": ""rif"", ""value"": 0.00016805215273052454}, {""token_id"": 16296, ""token"": ""\""?"", ""value"": 0.00016582979878876358}, {""token_id"": 24636, ""token"": "" Operation"", ""value"": 0.0001640470582060516}]",True,False,False,0.6139911524951458
step0,512,768,768,0,21825, clones,2,0,1.4336906774317615,-1.560108050473687,-1.1032252762660393,0.2524388408272543,11.097257944897079,0.013135557062923908,1.0729939937591553,1.0729939937591553,0.0,1.0729939937591553,0.0,1.0729939937591553,1.3706814050674438,1.3609024286270142,15.751260757446289,1.2774362564086914,22.62738037109375,22180,_{{{\,0,0.18763171136379242,0.8123682886362076,0.003833293914794922,"[{""token_id"": 22180, ""token"": ""_{{{\\"", ""value"": 0.18763171136379242}, {""token_id"": 39509, ""token"": "" Abdul"", ""value"": 0.1837984174489975}, {""token_id"": 21431, ""token"": "">;"", ""value"": 0.17028400301933289}, {""token_id"": 2307, ""token"": ""mod"", ""value"": 0.1601998209953308}, {""token_id"": 26299, ""token"": "" afforded"", ""value"": 0.16003069281578064}]",22180,_{{{\,0,22.51792335510254,0.0018463134765625,8.199306159127357e-05,"[{""token_id"": 22180, ""token"": ""_{{{\\"", ""value"": 22.51792335510254}, {""token_id"": 39509, ""token"": "" Abdul"", ""value"": 22.5197696685791}, {""token_id"": 21431, ""token"": "">;"", ""value"": 22.52853775024414}, {""token_id"": 26299, ""token"": "" afforded"", ""value"": 22.532913208007812}, {""token_id"": 45606, ""token"": ""Ring"", ""value"": 22.532915115356445}]",14383, Gil,39,0.00035057542845606804,0.00014869293954689056,0.5518901348114014,0.9817787408828735,"[{""token_id"": 14383, ""token"": "" Gil"", ""value"": 0.00035057542845606804}, {""token_id"": 16144, ""token"": "" syntax"", ""value"": 0.00020188248890917748}, {""token_id"": 36507, ""token"": "" goats"", ""value"": 0.00018740061204880476}, {""token_id"": 43910, ""token"": ""versed"", ""value"": 0.00017455805209465325}, {""token_id"": 18094, ""token"": ""CU"", ""value"": 0.0001670318451942876}]",True,False,False,0.5859938971698284
step0,512,768,768,1,23778, motive,8,2,0.35725708212515134,-0.7003133027264228,1.1394790126139172,0.5794177500595756,11.097257944897079,0.00872753281146288,1.0189603567123413,1.01797354221344,0.04483410716056824,1.01797354221344,0.04483410716056824,1.0189603567123413,1.356337547302246,1.3424042463302612,15.565089225769043,1.3310993909835815,22.62738037109375,36128, horizontally,6,0.17408856749534607,0.8259114325046539,0.001984134316444397,"[{""token_id"": 36128, ""token"": "" horizontally"", ""value"": 0.17408856749534607}, {""token_id"": 38902, ""token"": ""gid"", ""value"": 0.17210443317890167}, {""token_id"": 7625, ""token"": "" populations"", ""value"": 0.16679947078227997}, {""token_id"": 11423, ""token"": ""annot"", ""value"": 0.16497965157032013}, {""token_id"": 2864, ""token"": "" decre"", ""value"": 0.16385388374328613}]",36128, horizontally,6,22.523454666137695,0.00531768798828125,0.00023609557535043637,"[{""token_id"": 36128, ""token"": "" horizontally"", ""value"": 22.523454666137695}, {""token_id"": 38902, ""token"": ""gid"", ""value"": 22.528772354125977}, {""token_id"": 2864, ""token"": "" decre"", ""value"": 22.530742645263672}, {""token_id"": 2149, ""token"": ""ored"", ""value"": 22.531936645507812}, {""token_id"": 30850, ""token"": ""oietic"", ""value"": 22.532976150512695}]",43910,versed,1,0.00021099777950439602,5.435082130134106e-06,0.026096582412719727,0.9814267754554749,"[{""token_id"": 43910, ""token"": ""versed"", ""value"": 0.00021099777950439602}, {""token_id"": 12338, ""token"": "" violent"", ""value"": 0.00020556269737426192}, {""token_id"": 2956, ""token"": "" Par"", ""value"": 0.00020170497009530663}, {""token_id"": 24837, ""token"": "" Publishing"", ""value"": 0.00019286976021248847}, {""token_id"": 6619, ""token"": "" relief"", ""value"": 0.00019017860176973045}]",True,False,False,0.5827482268214226
step0,512,768,768,2,19211, cabinet,33,5,0.9180211967422958,-0.6168334914580192,-0.3901163930485632,-0.1439463038539514,11.097257944897079,0.0034403367899358273,1.0133577585220337,1.0005319118499756,0.16071653366088867,1.0108287334442139,0.042365625500679016,1.0117161273956299,1.324850082397461,1.3239214420318604,15.37224006652832,1.3073862791061401,22.627382278442383,39509, Abdul,6,0.19128577411174774,0.8087142258882523,0.008271083235740662,"[{""token_id"": 39509, ""token"": "" Abdul"", ""value"": 0.19128577411174774}, {""token_id"": 43369, ""token"": "" verbs"", ""value"": 0.18301469087600708}, {""token_id"": 20772, ""token"": "" Subject"", ""value"": 0.16667696833610535}, {""token_id"": 22180, ""token"": ""_{{{\\"", ""value"": 0.16224321722984314}, {""token_id"": 4112, ""token"": "" situation"", ""value"": 0.16094636917114258}]",39509, Abdul,6,22.515016555786133,4.57763671875e-05,2.0331482801302197e-06,"[{""token_id"": 39509, ""token"": "" Abdul"", ""value"": 22.515016555786133}, {""token_id"": 43369, ""token"": "" verbs"", ""value"": 22.51506233215332}, {""token_id"": 4112, ""token"": "" situation"", ""value"": 22.53337860107422}, {""token_id"": 22180, ""token"": ""_{{{\\"", ""value"": 22.533954620361328}, {""token_id"": 20772, ""token"": "" Subject"", ""value"": 22.53424072265625}]",16144, syntax,1,0.00034738340764306486,0.00012331856123637408,0.4384937286376953,0.981574296951294,"[{""token_id"": 16144, ""token"": "" syntax"", ""value"": 0.00034738340764306486}, {""token_id"": 24638, ""token"": ""^*\\"", ""value"": 0.00022406484640669078}, {""token_id"": 35031, ""token"": ""Internet"", ""value"": 0.0001810091343941167}, {""token_id"": 28726, ""token"": "" dummy"", ""value"": 0.00018011589418165386}, {""token_id"": 15770, ""token"": ""-,"", ""value"": 0.0001764575281413272}]",True,False,False,0.5966571010649204
step0,512,768,768,3,6574, miles,404,7,0.7957117443875761,-1.956812233897321,0.15315728576069254,0.5843487275542238,11.097257944897079,0.010359510779380798,1.0297248363494873,1.0297248363494873,0.0,1.0297248363494873,0.0,1.0297248363494873,1.3495566844940186,1.3405349254608154,15.548554420471191,1.3105993270874023,22.62738037109375,17329, envelope,26,0.1903940588235855,0.8096059411764145,0.020320430397987366,"[{""token_id"": 17329, ""token"": "" envelope"", ""value"": 0.1903940588235855}, {""token_id"": 35487, ""token"": ""\\]\\]."", ""value"": 0.17007362842559814}, {""token_id"": 21051, ""token"": "" annually"", ""value"": 0.1623409539461136}, {""token_id"": 13587, ""token"": ""READ"", ""value"": 0.1590261161327362}, {""token_id"": 15731, ""token"": "" Bud"", ""value"": 0.158371239900589}]",17329, envelope,26,22.514324188232422,0.015911102294921875,0.0007067101886734909,"[{""token_id"": 17329, ""token"": "" envelope"", ""value"": 22.514324188232422}, {""token_id"": 35487, ""token"": ""\\]\\]."", ""value"": 22.530235290527344}, {""token_id"": 21051, ""token"": "" annually"", ""value"": 22.533384323120117}, {""token_id"": 15731, ""token"": "" Bud"", ""value"": 22.534425735473633}, {""token_id"": 46110, ""token"": "" ix"", ""value"": 22.535921096801758}]",5911,elled,81,0.00022305308084469289,1.3008611858822405e-05,0.06009054183959961,0.9818142652511597,"[{""token_id"": 5911, ""token"": ""elled"", ""value"": 0.00022305308084469289}, {""token_id"": 17235, ""token"": "" Chap"", ""value"": 0.00021004446898587048}, {""token_id"": 16144, ""token"": "" syntax"", ""value"": 0.00020151953503955156}, {""token_id"": 29434, ""token"": "" hips"", ""value"": 0.0001794456475181505}, {""token_id"": 24638, ""token"": ""^*\\"", ""value"": 0.00016634176427032799}]",True,False,False,0.5719100572168827
step0,768,1024,1024,0,21825, clones,2,0,0.6416719955457091,1.1183241820805625,-0.2582595048093303,-0.8864957788091565,11.097257944897079,0.011574577540159225,1.0237667560577393,1.0237667560577393,0.0,1.0237667560577393,0.0,1.0237667560577393,1.3143898248672485,1.3102943897247314,15.21545124053955,1.2838762998580933,22.62738037109375,41638,ähler,0,0.17255456745624542,0.8274454325437546,1.6048550605773926e-05,"[{""token_id"": 41638, ""token"": ""ähler"", ""value"": 0.17255456745624542}, {""token_id"": 4312, ""token"": ""Text"", ""value"": 0.17253851890563965}, {""token_id"": 15685, ""token"": "" incubation"", ""value"": 0.17138433456420898}, {""token_id"": 45532, ""token"": ""Ik"", ""value"": 0.16711145639419556}, {""token_id"": 37134, ""token"": "" είναι"", ""value"": 0.16599005460739136}]",37134, είναι,0,22.524147033691406,0.002178192138671875,9.670475580778956e-05,"[{""token_id"": 37134, ""token"": "" είναι"", ""value"": 22.524147033691406}, {""token_id"": 4312, ""token"": ""Text"", ""value"": 22.526325225830078}, {""token_id"": 15685, ""token"": "" incubation"", ""value"": 22.52727699279785}, {""token_id"": 41638, ""token"": ""ähler"", ""value"": 22.52783966064453}, {""token_id"": 45532, ""token"": ""Ik"", ""value"": 22.531953811645508}]",24972,rendum,1,0.00021322873362805694,4.55256667919457e-06,0.02158188819885254,0.981586754322052,"[{""token_id"": 24972, ""token"": ""rendum"", ""value"": 0.00021322873362805694}, {""token_id"": 6956, ""token"": "" Mo"", ""value"": 0.00020867616694886237}, {""token_id"": 669, ""token"": "" $\\"", ""value"": 0.00019367499044165015}, {""token_id"": 19864, ""token"": "" invite"", ""value"": 0.00019288760086055845}, {""token_id"": 16144, ""token"": "" syntax"", ""value"": 0.00018098339205607772}]",False,False,False,0.5205329321324825
step0,768,1024,1024,1,23778, motive,8,2,0.8111773247141426,-0.8784836240791045,-0.5577079940577012,0.23336659547363198,11.097257944897079,0.01773299276828766,0.9664247632026672,0.9527544975280762,0.16197432577610016,0.9621917009353638,0.0488680936396122,0.9634318947792053,1.2702381610870361,1.262093186378479,14.898216247558594,1.3143683671951294,22.627384185791016,43369, verbs,2,0.18828442692756653,0.8117155730724335,0.0050697922706604,"[{""token_id"": 43369, ""token"": "" verbs"", ""value"": 0.18828442692756653}, {""token_id"": 41440, ""token"": ""uw"", ""value"": 0.18321463465690613}, {""token_id"": 22180, ""token"": ""_{{{\\"", ""value"": 0.17775864899158478}, {""token_id"": 42172, ""token"": "" buoy"", ""value"": 0.1679963916540146}, {""token_id"": 7549, ""token"": ""rency"", ""value"": 0.16566693782806396}]",43369, verbs,2,22.511539459228516,0.010698318481445312,0.00047523708899702014,"[{""token_id"": 43369, ""token"": "" verbs"", ""value"": 22.511539459228516}, {""token_id"": 41440, ""token"": ""uw"", ""value"": 22.52223777770996}, {""token_id"": 22180, ""token"": ""_{{{\\"", ""value"": 22.524160385131836}, {""token_id"": 29104, ""token"": "" repetitive"", ""value"": 22.52539825439453}, {""token_id"": 7549, ""token"": ""rency"", ""value"": 22.531169891357422}]",16144, syntax,1,0.00023134129878599197,2.61429522652179e-06,0.011364936828613281,0.9814417362213135,"[{""token_id"": 16144, ""token"": "" syntax"", ""value"": 0.00023134129878599197}, {""token_id"": 669, ""token"": "" $\\"", ""value"": 0.00022872700355947018}, {""token_id"": 24483, ""token"": ""usage"", ""value"": 0.00022196213831193745}, {""token_id"": 39362, ""token"": "" mesmo"", ""value"": 0.0002042931446339935}, {""token_id"": 24638, ""token"": ""^*\\"", ""value"": 0.00020410711294971406}]",True,False,False,0.5841673277318478
step0,768,1024,1024,2,19211, cabinet,33,5,-0.16312764220901188,0.6999888672957544,-0.4002419237238537,-1.8099310888404472,11.097257944897079,0.016944129019975662,1.0411866903305054,1.0386039018630981,0.07329083234071732,1.0386039018630981,0.07329083234071732,1.0411866903305054,1.329897403717041,1.3236864805221558,15.329859733581543,1.2772901058197021,22.62738037109375,46354, typh,30,0.20059704780578613,0.7994029521942139,0.02699381113052368,"[{""token_id"": 46354, ""token"": "" typh"", ""value"": 0.20059704780578613}, {""token_id"": 41790, ""token"": "" Premium"", ""value"": 0.17360323667526245}, {""token_id"": 15685, ""token"": "" incubation"", ""value"": 0.17285427451133728}, {""token_id"": 34566, ""token"": ""antiago"", ""value"": 0.16881389915943146}, {""token_id"": 4514, ""token"": "" commit"", ""value"": 0.16615648567676544}]",46354, typh,30,22.513385772705078,0.011280059814453125,0.0005010379126594506,"[{""token_id"": 46354, ""token"": "" typh"", ""value"": 22.513385772705078}, {""token_id"": 41790, ""token"": "" Premium"", ""value"": 22.52466583251953}, {""token_id"": 15685, ""token"": "" incubation"", ""value"": 22.52634048461914}, {""token_id"": 4514, ""token"": "" commit"", ""value"": 22.529735565185547}, {""token_id"": 42541, ""token"": ""abolism"", ""value"": 22.531301498413086}]",13193, Index,10,0.0001869301195256412,9.598094038665295e-06,0.05271100997924805,0.9817851781845093,"[{""token_id"": 13193, ""token"": "" Index"", ""value"": 0.0001869301195256412}, {""token_id"": 41359, ""token"": ""Respond"", ""value"": 0.0001773320254869759}, {""token_id"": 38759, ""token"": "" ----------------------------"", ""value"": 0.00016351623344235122}, {""token_id"": 25865, ""token"": "" polarized"", ""value"": 0.00016044573567342013}, {""token_id"": 11647, ""token"": ""ны"", ""value"": 0.00015927781350910664}]",True,False,False,0.6103174760937691
step0,768,1024,1024,3,6574, miles,404,7,1.0833750716137533,-1.6923628229197991,-0.9923188536730212,0.40820239315066614,11.097257944897079,0.030481252819299698,1.0315420627593994,1.0223751068115234,0.13721603155136108,1.0246329307556152,0.0,1.0246329307556152,1.3570162057876587,1.33925199508667,15.573651313781738,1.3155219554901123,22.62738037109375,22180,_{{{\,0,0.20999349653720856,0.7900065034627914,0.01181638240814209,"[{""token_id"": 22180, ""token"": ""_{{{\\"", ""value"": 0.20999349653720856}, {""token_id"": 39509, ""token"": "" Abdul"", ""value"": 0.19817711412906647}, {""token_id"": 38902, ""token"": ""gid"", ""value"": 0.1943783462047577}, {""token_id"": 31238, ""token"": "" specifying"", ""value"": 0.17279192805290222}, {""token_id"": 43369, ""token"": "" verbs"", ""value"": 0.1666867583990097}]",22180,_{{{\,0,22.50379753112793,0.0068378448486328125,0.0003038529314518805,"[{""token_id"": 22180, ""token"": ""_{{{\\"", ""value"": 22.50379753112793}, {""token_id"": 39509, ""token"": "" Abdul"", ""value"": 22.510635375976562}, {""token_id"": 38902, ""token"": ""gid"", ""value"": 22.514867782592773}, {""token_id"": 43369, ""token"": "" verbs"", ""value"": 22.525981903076172}, {""token_id"": 31238, ""token"": "" specifying"", ""value"": 22.527633666992188}]",24638,^*\,0,0.00022997954511083663,1.8208520486950874e-05,0.08248472213745117,0.9816205501556396,"[{""token_id"": 24638, ""token"": ""^*\\"", ""value"": 0.00022997954511083663}, {""token_id"": 38530, ""token"": "" compose"", ""value"": 0.00021177102462388575}, {""token_id"": 36512, ""token"": ""(?:"", ""value"": 0.00019788583449553698}, {""token_id"": 23984, ""token"": ""ocytosis"", ""value"": 0.00019076013995800167}, {""token_id"": 5077, ""token"": ""PC"", ""value"": 0.00017741849296726286}]",True,False,False,0.5922052077949047
step2000,0,256,256,0,21825, clones,2,0,-1.1115877693733283,1.3139161282503236,0.1556774697912423,1.3355170906840614,4.016536596072045,-0.004485052544623613,0.9854804277420044,0.9854804277420044,0.0,0.9854804277420044,0.0,0.9854804277420044,1.460462212562561,1.4514598846435547,14.565539360046387,1.4819799661636353,33.28889846801758,25630,atie,3,0.1762821227312088,0.8237178772687912,0.0007916241884231567,"[{""token_id"": 25630, ""token"": ""atie"", ""value"": 0.1762821227312088}, {""token_id"": 22538, ""token"": "" Medicare"", ""value"": 0.17549049854278564}, {""token_id"": 30274, ""token"": "" Jeffrey"", ""value"": 0.16861657798290253}, {""token_id"": 15113, ""token"": "" fluctuations"", ""value"": 0.16708211600780487}, {""token_id"": 24537, ""token"": "" innate"", ""value"": 0.16501064598560333}]",22538, Medicare,0,33.14720153808594,0.00226593017578125,6.835962224979112e-05,"[{""token_id"": 22538, ""token"": "" Medicare"", ""value"": 33.14720153808594}, {""token_id"": 25630, ""token"": ""atie"", ""value"": 33.14946746826172}, {""token_id"": 24537, ""token"": "" innate"", ""value"": 33.150367736816406}, {""token_id"": 15113, ""token"": "" fluctuations"", ""value"": 33.1550407409668}, {""token_id"": 30274, ""token"": "" Jeffrey"", ""value"": 33.15616226196289}]",15,.,8666,0.05432603508234024,0.012994561344385147,0.2733793258666992,0.6338146328926086,"[{""token_id"": 15, ""token"": ""."", ""value"": 0.05432603508234024}, {""token_id"": 13, ""token"": "","", ""value"": 0.04133147373795509}, {""token_id"": 273, ""token"": "" of"", ""value"": 0.03875866159796715}, {""token_id"": 275, ""token"": "" in"", ""value"": 0.031853195279836655}, {""token_id"": 310, ""token"": "" is"", ""value"": 0.02667967416346073}]",False,False,False,0.8119793944060802
step2000,0,256,256,1,23778, motive,8,2,-1.1029358408663938,1.3228654609297754,0.14973916915275798,1.335100292044257,4.016536596072045,-0.004718506708741188,0.9856967329978943,0.9856967329978943,0.0,0.9856967329978943,0.0,0.9856967329978943,1.4601870775222778,1.4513330459594727,14.564691543579102,1.4813755750656128,33.28961944580078,25630,atie,3,0.17615707218647003,0.82384292781353,0.0006653666496276855,"[{""token_id"": 25630, ""token"": ""atie"", ""value"": 0.17615707218647003}, {""token_id"": 22538, ""token"": "" Medicare"", ""value"": 0.17549170553684235}, {""token_id"": 30274, ""token"": "" Jeffrey"", ""value"": 0.16907437145709991}, {""token_id"": 15113, ""token"": "" fluctuations"", ""value"": 0.16719135642051697}, {""token_id"": 24537, ""token"": "" innate"", ""value"": 0.16491565108299255}]",22538, Medicare,0,33.147918701171875,0.00237274169921875,7.158041265302327e-05,"[{""token_id"": 22538, ""token"": "" Medicare"", ""value"": 33.147918701171875}, {""token_id"": 25630, ""token"": ""atie"", ""value"": 33.150291442871094}, {""token_id"": 24537, ""token"": "" innate"", ""value"": 33.15117263793945}, {""token_id"": 15113, ""token"": "" fluctuations"", ""value"": 33.15566635131836}, {""token_id"": 30274, ""token"": "" Jeffrey"", ""value"": 33.156490325927734}]",15,.,8666,0.054611045867204666,0.013114452362060547,0.2746248245239258,0.6336172223091125,"[{""token_id"": 15, ""token"": ""."", ""value"": 0.054611045867204666}, {""token_id"": 13, ""token"": "","", ""value"": 0.04149659350514412}, {""token_id"": 273, ""token"": "" of"", ""value"": 0.038720931857824326}, {""token_id"": 275, ""token"": "" in"", ""value"": 0.032028455287218094}, {""token_id"": 310, ""token"": "" is"", ""value"": 0.02662530168890953}]",False,False,False,0.6387969367206097
step2000,0,256,256,2,19211, cabinet,33,5,-1.1088393975478927,1.316760555041328,0.15378320993729383,1.3354116927737825,4.016536596072045,-0.0007478746119886637,0.9855572581291199,0.9855572581291199,0.0,0.9855572581291199,0.0,0.9855572581291199,1.4603700637817383,1.4514570236206055,14.565271377563477,1.4817708730697632,33.289127349853516,25630,atie,3,0.1762431561946869,0.8237568438053131,0.0007515698671340942,"[{""token_id"": 25630, ""token"": ""atie"", ""value"": 0.1762431561946869}, {""token_id"": 22538, ""token"": "" Medicare"", ""value"": 0.1754915863275528}, {""token_id"": 30274, ""token"": "" Jeffrey"", ""value"": 0.1687624454498291}, {""token_id"": 15113, ""token"": "" fluctuations"", ""value"": 0.16711685061454773}, {""token_id"": 24537, ""token"": "" innate"", ""value"": 0.16498105227947235}]",22538, Medicare,0,33.14742660522461,0.0023040771484375,6.95099856733475e-05,"[{""token_id"": 22538, ""token"": "" Medicare"", ""value"": 33.14742660522461}, {""token_id"": 25630, ""token"": ""atie"", ""value"": 33.14973068237305}, {""token_id"": 24537, ""token"": "" innate"", ""value"": 33.1506233215332}, {""token_id"": 15113, ""token"": "" fluctuations"", ""value"": 33.15523910522461}, {""token_id"": 30274, ""token"": "" Jeffrey"", ""value"": 33.15626525878906}]",15,.,8666,0.05441630631685257,0.013032734394073486,0.27377986907958984,0.6337515115737915,"[{""token_id"": 15, ""token"": ""."", ""value"": 0.05441630631685257}, {""token_id"": 13, ""token"": "","", ""value"": 0.04138357192277908}, {""token_id"": 273, ""token"": "" of"", ""value"": 0.038747090846300125}, {""token_id"": 275, ""token"": "" in"", ""value"": 0.031908951699733734}, {""token_id"": 310, ""token"": "" is"", ""value"": 0.026662718504667282}]",False,False,False,0.6041265651583672
step2000,0,256,256,3,6574, miles,404,7,-1.1107733976441951,1.3147900775016068,0.15512901258653122,1.335466672604381,4.016536596072045,-0.0028473269194364548,0.9855043888092041,0.9855043888092041,0.0,0.9855043888092041,0.0,0.9855043888092041,1.460442066192627,1.4514819383621216,14.56545639038086,1.4819234609603882,33.28896713256836,25630,atie,3,0.17626997828483582,0.8237300217151642,0.0007784515619277954,"[{""token_id"": 25630, ""token"": ""atie"", ""value"": 0.17626997828483582}, {""token_id"": 22538, ""token"": "" Medicare"", ""value"": 0.17549152672290802}, {""token_id"": 30274, ""token"": "" Jeffrey"", ""value"": 0.1686602681875229}, {""token_id"": 15113, ""token"": "" fluctuations"", ""value"": 0.1670926958322525}, {""token_id"": 24537, ""token"": "" innate"", ""value"": 0.16500253975391388}]",22538, Medicare,0,33.14727020263672,0.002277374267578125,6.870473054511046e-05,"[{""token_id"": 22538, ""token"": "" Medicare"", ""value"": 33.14727020263672}, {""token_id"": 25630, ""token"": ""atie"", ""value"": 33.1495475769043}, {""token_id"": 24537, ""token"": "" innate"", ""value"": 33.15044403076172}, {""token_id"": 15113, ""token"": "" fluctuations"", ""value"": 33.15509796142578}, {""token_id"": 30274, ""token"": "" Jeffrey"", ""value"": 33.156192779541016}]",15,.,8666,0.054352689534425735,0.013005629181861877,0.27349281311035156,0.6337961554527283,"[{""token_id"": 15, ""token"": ""."", ""value"": 0.054352689534425735}, {""token_id"": 13, ""token"": "","", ""value"": 0.04134706035256386}, {""token_id"": 273, ""token"": "" of"", ""value"": 0.038754869252443314}, {""token_id"": 275, ""token"": "" in"", ""value"": 0.031869761645793915}, {""token_id"": 310, ""token"": "" is"", ""value"": 0.026674481108784676}]",False,False,False,0.6204354204237461
step2000,256,512,512,0,21825, clones,2,0,-1.1066948087822446,1.3189609053816498,0.15231625541863475,1.3353161620713514,4.016536596072045,-0.014522088691592216,0.9856087565422058,0.9856087565422058,0.0,0.9856087565422058,0.0,0.9856087565422058,1.4602984189987183,1.4513745307922363,14.565069198608398,1.4816207885742188,33.289306640625,25630,atie,3,0.1762118935585022,0.8237881064414978,0.0007211118936538696,"[{""token_id"": 25630, ""token"": ""atie"", ""value"": 0.1762118935585022}, {""token_id"": 22538, ""token"": "" Medicare"", ""value"": 0.17549078166484833}, {""token_id"": 30274, ""token"": "" Jeffrey"", ""value"": 0.16887469589710236}, {""token_id"": 15113, ""token"": "" fluctuations"", ""value"": 0.16714461147785187}, {""token_id"": 24537, ""token"": "" innate"", ""value"": 0.16495683789253235}]",22538, Medicare,0,33.14760971069336,0.00232696533203125,7.020009443638933e-05,"[{""token_id"": 22538, ""token"": "" Medicare"", ""value"": 33.14760971069336}, {""token_id"": 25630, ""token"": ""atie"", ""value"": 33.14993667602539}, {""token_id"": 24537, ""token"": "" innate"", ""value"": 33.15082550048828}, {""token_id"": 15113, ""token"": "" fluctuations"", ""value"": 33.155391693115234}, {""token_id"": 30274, ""token"": "" Jeffrey"", ""value"": 33.156349182128906}]",15,.,8666,0.054487064480781555,0.013062600046396255,0.2740917205810547,0.6337019801139832,"[{""token_id"": 15, ""token"": ""."", ""value"": 0.054487064480781555}, {""token_id"": 13, ""token"": "","", ""value"": 0.0414244644343853}, {""token_id"": 273, ""token"": "" of"", ""value"": 0.03873779997229576}, {""token_id"": 275, ""token"": "" in"", ""value"": 0.03195202723145485}, {""token_id"": 310, ""token"": "" is"", ""value"": 0.02664945274591446}]",False,False,False,0.542284432798624
step2000,256,512,512,1,23778, motive,8,2,-1.1064822524593,1.3191786188863373,0.15217073535740794,1.335306006066503,4.016536596072045,-0.014467018656432629,0.9856109023094177,0.9856109023094177,0.0,0.9856109023094177,0.0,0.9856109023094177,1.4603062868118286,1.4513849020004272,14.565048217773438,1.4816255569458008,33.28932571411133,25630,atie,3,0.17620885372161865,0.8237911462783813,0.0007180273532867432,"[{""token_id"": 25630, ""token"": ""atie"", ""value"": 0.17620885372161865}, {""token_id"": 22538, ""token"": "" Medicare"", ""value"": 0.1754908263683319}, {""token_id"": 30274, ""token"": "" Jeffrey"", ""value"": 0.16888591647148132}, {""token_id"": 15113, ""token"": "" fluctuations"", ""value"": 0.16714723408222198}, {""token_id"": 24537, ""token"": "" innate"", ""value"": 0.16495448350906372}]",22538, Medicare,0,33.14762496948242,0.002330780029296875,7.031514419035218e-05,"[{""token_id"": 22538, ""token"": "" Medicare"", ""value"": 33.14762496948242}, {""token_id"": 25630, ""token"": ""atie"", ""value"": 33.14995574951172}, {""token_id"": 24537, ""token"": "" innate"", ""value"": 33.15084457397461}, {""token_id"": 15113, ""token"": "" fluctuations"", ""value"": 33.1554069519043}, {""token_id"": 30274, ""token"": "" Jeffrey"", ""value"": 33.15635681152344}]",15,.,8666,0.05449407175183296,0.013065587729215622,0.2741231918334961,0.6336972117424011,"[{""token_id"": 15, ""token"": ""."", ""value"": 0.05449407175183296}, {""token_id"": 13, ""token"": "","", ""value"": 0.04142848402261734}, {""token_id"": 273, ""token"": "" of"", ""value"": 0.03873690962791443}, {""token_id"": 275, ""token"": "" in"", ""value"": 0.031956352293491364}, {""token_id"": 310, ""token"": "" is"", ""value"": 0.026648113504052162}]",False,False,False,0.6149364821612835
step2000,256,512,512,2,19211, cabinet,33,5,-1.1066270050834233,1.3190295641007466,0.152270982372683,1.3353127265689029,4.016536596072045,-0.014510193839669228,0.9856052398681641,0.9856052398681641,0.0,0.9856052398681641,0.0,0.9856052398681641,1.4602982997894287,1.4513919353485107,14.565062522888184,1.4816259145736694,33.28931427001953,25630,atie,3,0.17621095478534698,0.823789045214653,0.0007201731204986572,"[{""token_id"": 25630, ""token"": ""atie"", ""value"": 0.17621095478534698}, {""token_id"": 22538, ""token"": "" Medicare"", ""value"": 0.17549078166484833}, {""token_id"": 30274, ""token"": "" Jeffrey"", ""value"": 0.16887825727462769}, {""token_id"": 15113, ""token"": "" fluctuations"", ""value"": 0.16714541614055634}, {""token_id"": 24537, ""token"": "" innate"", ""value"": 0.16495607793331146}]",22538, Medicare,0,33.147613525390625,0.002330780029296875,7.03151684663974e-05,"[{""token_id"": 22538, ""token"": "" Medicare"", ""value"": 33.147613525390625}, {""token_id"": 25630, ""token"": ""atie"", ""value"": 33.14994430541992}, {""token_id"": 24537, ""token"": "" innate"", ""value"": 33.15083312988281}, {""token_id"": 15113, ""token"": "" fluctuations"", ""value"": 33.155399322509766}, {""token_id"": 30274, ""token"": "" Jeffrey"", ""value"": 33.15635299682617}]",15,.,8666,0.05448930338025093,0.013063494116067886,0.27410030364990234,0.6337005496025085,"[{""token_id"": 15, ""token"": ""."", ""value"": 0.05448930338025093}, {""token_id"": 13, ""token"": "","", ""value"": 0.041425809264183044}, {""token_id"": 273, ""token"": "" of"", ""value"": 0.03873750939965248}, {""token_id"": 275, ""token"": "" in"", ""value"": 0.031953372061252594}, {""token_id"": 310, ""token"": "" is"", ""value"": 0.026649022474884987}]",False,False,False,0.6445483081042767
step2000,256,512,512,3,6574, miles,404,7,-1.1066748671474402,1.318981711580036,0.1523030125126386,1.3353151513543315,4.016536596072045,-0.014529304578900337,0.985611081123352,0.985611081123352,0.0,0.985611081123352,0.0,0.985611081123352,1.4602770805358887,1.451390266418457,14.565068244934082,1.4815956354141235,33.289310455322266,25630,atie,3,0.1762116253376007,0.8237883746623993,0.0007208436727523804,"[{""token_id"": 25630, ""token"": ""atie"", ""value"": 0.1762116253376007}, {""token_id"": 22538, ""token"": "" Medicare"", ""value"": 0.17549078166484833}, {""token_id"": 30274, ""token"": "" Jeffrey"", ""value"": 0.16887573897838593}, {""token_id"": 15113, ""token"": "" fluctuations"", ""value"": 0.16714483499526978}, {""token_id"": 24537, ""token"": "" innate"", ""value"": 0.16495658457279205}]",22538, Medicare,0,33.14760971069336,0.00232696533203125,7.020009443638933e-05,"[{""token_id"": 22538, ""token"": "" Medicare"", ""value"": 33.14760971069336}, {""token_id"": 25630, ""token"": ""atie"", ""value"": 33.14993667602539}, {""token_id"": 24537, ""token"": "" innate"", ""value"": 33.15082550048828}, {""token_id"": 15113, ""token"": "" fluctuations"", ""value"": 33.1553955078125}, {""token_id"": 30274, ""token"": "" Jeffrey"", ""value"": 33.15635299682617}]",15,.,8666,0.054487768560647964,0.013062972575426102,0.2740964889526367,0.6337015628814697,"[{""token_id"": 15, ""token"": ""."", ""value"": 0.054487768560647964}, {""token_id"": 13, ""token"": "","", ""value"": 0.04142479598522186}, {""token_id"": 273, ""token"": "" of"", ""value"": 0.0387377105653286}, {""token_id"": 275, ""token"": "" in"", ""value"": 0.03195244073867798}, {""token_id"": 310, ""token"": "" is"", ""value"": 0.026649286970496178}]",False,False,False,0.6416550539433956
step2000,512,768,768,0,21825, clones,2,0,-1.1065736317305555,1.3190841461810145,0.15223412166590983,1.3353099248229277,4.016536596072045,-0.014499199576675892,0.9856029748916626,0.9856029748916626,0.0,0.9856029748916626,0.0,0.9856029748916626,1.460298776626587,1.4513932466506958,14.565056800842285,1.4816298484802246,33.2893180847168,25630,atie,3,0.1762101650238037,0.8237898349761963,0.0007193982601165771,"[{""token_id"": 25630, ""token"": ""atie"", ""value"": 0.1762101650238037}, {""token_id"": 22538, ""token"": "" Medicare"", ""value"": 0.17549076676368713}, {""token_id"": 30274, ""token"": "" Jeffrey"", ""value"": 0.16888105869293213}, {""token_id"": 15113, ""token"": "" fluctuations"", ""value"": 0.16714610159397125}, {""token_id"": 24537, ""token"": "" innate"", ""value"": 0.1649555116891861}]",22538, Medicare,0,33.14761734008789,0.002330780029296875,7.031516037438048e-05,"[{""token_id"": 22538, ""token"": "" Medicare"", ""value"": 33.14761734008789}, {""token_id"": 25630, ""token"": ""atie"", ""value"": 33.14994812011719}, {""token_id"": 24537, ""token"": "" innate"", ""value"": 33.15083694458008}, {""token_id"": 15113, ""token"": "" fluctuations"", ""value"": 33.15540313720703}, {""token_id"": 30274, ""token"": "" Jeffrey"", ""value"": 33.15635681152344}]",15,.,8666,0.05449097976088524,0.013064254075288773,0.27410888671875,0.6336994171142578,"[{""token_id"": 15, ""token"": ""."", ""value"": 0.05449097976088524}, {""token_id"": 13, ""token"": "","", ""value"": 0.041426725685596466}, {""token_id"": 273, ""token"": "" of"", ""value"": 0.03873733431100845}, {""token_id"": 275, ""token"": "" in"", ""value"": 0.03195447474718094}, {""token_id"": 310, ""token"": "" is"", ""value"": 0.02664867416024208}]",False,False,False,0.7183921039104462
step2000,512,768,768,1,23778, motive,8,2,-1.1065701106681671,1.319089974489808,0.1522313015777806,1.3353087607802478,4.016536596072045,-0.014498043805360794,0.9856095314025879,0.9856095314025879,0.0,0.9856095314025879,0.0,0.9856095314025879,1.4603127241134644,1.4513667821884155,14.565055847167969,1.4816341400146484,33.2893180847168,25630,atie,3,0.17621010541915894,0.8237898945808411,0.0007192939519882202,"[{""token_id"": 25630, ""token"": ""atie"", ""value"": 0.17621010541915894}, {""token_id"": 22538, ""token"": "" Medicare"", ""value"": 0.17549081146717072}, {""token_id"": 30274, ""token"": "" Jeffrey"", ""value"": 0.16888132691383362}, {""token_id"": 15113, ""token"": "" fluctuations"", ""value"": 0.16714617609977722}, {""token_id"": 24537, ""token"": "" innate"", ""value"": 0.1649554967880249}]",22538, Medicare,0,33.14761734008789,0.002330780029296875,7.031516037438048e-05,"[{""token_id"": 22538, ""token"": "" Medicare"", ""value"": 33.14761734008789}, {""token_id"": 25630, ""token"": ""atie"", ""value"": 33.14994812011719}, {""token_id"": 24537, ""token"": "" innate"", ""value"": 33.15083694458008}, {""token_id"": 15113, ""token"": "" fluctuations"", ""value"": 33.15540313720703}, {""token_id"": 30274, ""token"": "" Jeffrey"", ""value"": 33.15635681152344}]",15,.,8666,0.05449112504720688,0.013064246624708176,0.2741079330444336,0.6336991786956787,"[{""token_id"": 15, ""token"": ""."", ""value"": 0.05449112504720688}, {""token_id"": 13, ""token"": "","", ""value"": 0.0414268784224987}, {""token_id"": 273, ""token"": "" of"", ""value"": 0.03873729333281517}, {""token_id"": 275, ""token"": "" in"", ""value"": 0.0319545641541481}, {""token_id"": 310, ""token"": "" is"", ""value"": 0.02664865553379059}]",False,False,False,0.5799744985997677
step2000,512,768,768,2,19211, cabinet,33,5,-1.1065722655760128,1.3190854323512506,0.15223335180411574,1.3353102901014529,4.016536596072045,-0.014498832635581493,0.9856094121932983,0.9856094121932983,0.0,0.9856094121932983,0.0,0.9856094121932983,1.4602916240692139,1.4513787031173706,14.565056800842285,1.4816129207611084,33.2893180847168,25630,atie,3,0.1762101799249649,0.8237898200750351,0.0007193982601165771,"[{""token_id"": 25630, ""token"": ""atie"", ""value"": 0.1762101799249649}, {""token_id"": 22538, ""token"": "" Medicare"", ""value"": 0.17549078166484833}, {""token_id"": 30274, ""token"": "" Jeffrey"", ""value"": 0.1688811331987381}, {""token_id"": 15113, ""token"": "" fluctuations"", ""value"": 0.16714608669281006}, {""token_id"": 24537, ""token"": "" innate"", ""value"": 0.1649555265903473}]",22538, Medicare,0,33.14761734008789,0.002330780029296875,7.031516037438048e-05,"[{""token_id"": 22538, ""token"": "" Medicare"", ""value"": 33.14761734008789}, {""token_id"": 25630, ""token"": ""atie"", ""value"": 33.14994812011719}, {""token_id"": 24537, ""token"": "" innate"", ""value"": 33.15083694458008}, {""token_id"": 15113, ""token"": "" fluctuations"", ""value"": 33.15540313720703}, {""token_id"": 30274, ""token"": "" Jeffrey"", ""value"": 33.15635681152344}]",15,.,8666,0.054491035640239716,0.013064224272966385,0.2741079330444336,0.633699357509613,"[{""token_id"": 15, ""token"": ""."", ""value"": 0.054491035640239716}, {""token_id"": 13, ""token"": "","", ""value"": 0.04142681136727333}, {""token_id"": 273, ""token"": "" of"", ""value"": 0.038737259805202484}, {""token_id"": 275, ""token"": "" in"", ""value"": 0.03195447847247124}, {""token_id"": 310, ""token"": "" is"", ""value"": 0.02664864994585514}]",False,False,False,0.5563565082848072
step2000,512,768,768,3,6574, miles,404,7,-1.1065732098365495,1.3190848050027562,0.15223430992403086,1.3353105735866975,4.016536596072045,-0.014499043114483356,0.9856088161468506,0.9856088161468506,0.0,0.9856088161468506,0.0,0.9856088161468506,1.4603163003921509,1.451388955116272,14.565057754516602,1.481638789176941,33.2893180847168,25630,atie,3,0.1762101799249649,0.8237898200750351,0.0007193833589553833,"[{""token_id"": 25630, ""token"": ""atie"", ""value"": 0.1762101799249649}, {""token_id"": 22538, ""token"": "" Medicare"", ""value"": 0.17549079656600952}, {""token_id"": 30274, ""token"": "" Jeffrey"", ""value"": 0.1688811033964157}, {""token_id"": 15113, ""token"": "" fluctuations"", ""value"": 0.16714608669281006}, {""token_id"": 24537, ""token"": "" innate"", ""value"": 0.16495554149150848}]",22538, Medicare,0,33.14761734008789,0.002330780029296875,7.031516037438048e-05,"[{""token_id"": 22538, ""token"": "" Medicare"", ""value"": 33.14761734008789}, {""token_id"": 25630, ""token"": ""atie"", ""value"": 33.14994812011719}, {""token_id"": 24537, ""token"": "" innate"", ""value"": 33.15083694458008}, {""token_id"": 15113, ""token"": "" fluctuations"", ""value"": 33.15540313720703}, {""token_id"": 30274, ""token"": "" Jeffrey"", ""value"": 33.15635681152344}]",15,.,8666,0.05449102818965912,0.013064265251159668,0.27410888671875,0.6336992979049683,"[{""token_id"": 15, ""token"": ""."", ""value"": 0.05449102818965912}, {""token_id"": 13, ""token"": "","", ""value"": 0.04142676293849945}, {""token_id"": 273, ""token"": "" of"", ""value"": 0.038737256079912186}, {""token_id"": 275, ""token"": "" in"", ""value"": 0.03195447474718094}, {""token_id"": 310, ""token"": "" is"", ""value"": 0.02664867229759693}]",False,False,False,0.563839603215456
step2000,768,1024,1024,0,21825, clones,2,0,-1.1065720775366814,1.3190865632284472,0.1522333087926292,1.335309988663932,4.016536596072045,-0.014498506672680378,0.9856048822402954,0.9856048822402954,0.0,0.9856048822402954,0.0,0.9856048822402954,1.460288166999817,1.4513927698135376,14.565056800842285,1.4816162586212158,33.28932189941406,25630,atie,3,0.17621010541915894,0.8237898945808411,0.0007193386554718018,"[{""token_id"": 25630, ""token"": ""atie"", ""value"": 0.17621010541915894}, {""token_id"": 22538, ""token"": "" Medicare"", ""value"": 0.17549076676368713}, {""token_id"": 30274, ""token"": "" Jeffrey"", ""value"": 0.1688811480998993}, {""token_id"": 15113, ""token"": "" fluctuations"", ""value"": 0.16714611649513245}, {""token_id"": 24537, ""token"": "" innate"", ""value"": 0.1649554967880249}]",22538, Medicare,0,33.147621154785156,0.00232696533203125,7.02000702000702e-05,"[{""token_id"": 22538, ""token"": "" Medicare"", ""value"": 33.147621154785156}, {""token_id"": 25630, ""token"": ""atie"", ""value"": 33.14994812011719}, {""token_id"": 24537, ""token"": "" innate"", ""value"": 33.150840759277344}, {""token_id"": 15113, ""token"": "" fluctuations"", ""value"": 33.1554069519043}, {""token_id"": 30274, ""token"": "" Jeffrey"", ""value"": 33.15635681152344}]",15,.,8666,0.05449112132191658,0.013064287602901459,0.27410888671875,0.6336992383003235,"[{""token_id"": 15, ""token"": ""."", ""value"": 0.05449112132191658}, {""token_id"": 13, ""token"": "","", ""value"": 0.04142683371901512}, {""token_id"": 273, ""token"": "" of"", ""value"": 0.03873724862933159}, {""token_id"": 275, ""token"": "" in"", ""value"": 0.03195452690124512}, {""token_id"": 310, ""token"": "" is"", ""value"": 0.026648666709661484}]",False,False,False,0.5605954229831696
step2000,768,1024,1024,1,23778, motive,8,2,-1.1065716586478758,1.3190863980218168,0.15223251951202127,1.335310332793633,4.016536596072045,-0.014498494565486908,0.9856078028678894,0.9856078028678894,0.0,0.9856078028678894,0.0,0.9856078028678894,1.4603065252304077,1.4513884782791138,14.565056800842285,1.4816304445266724,33.2893180847168,25630,atie,3,0.17621015012264252,0.8237898498773575,0.0007193386554718018,"[{""token_id"": 25630, ""token"": ""atie"", ""value"": 0.17621015012264252}, {""token_id"": 22538, ""token"": "" Medicare"", ""value"": 0.17549081146717072}, {""token_id"": 30274, ""token"": "" Jeffrey"", ""value"": 0.16888117790222168}, {""token_id"": 15113, ""token"": "" fluctuations"", ""value"": 0.16714611649513245}, {""token_id"": 24537, ""token"": "" innate"", ""value"": 0.1649555265903473}]",22538, Medicare,0,33.14761734008789,0.002330780029296875,7.031516037438048e-05,"[{""token_id"": 22538, ""token"": "" Medicare"", ""value"": 33.14761734008789}, {""token_id"": 25630, ""token"": ""atie"", ""value"": 33.14994812011719}, {""token_id"": 24537, ""token"": "" innate"", ""value"": 33.15083694458008}, {""token_id"": 15113, ""token"": "" fluctuations"", ""value"": 33.15540313720703}, {""token_id"": 30274, ""token"": "" Jeffrey"", ""value"": 33.15635681152344}]",15,.,8666,0.05449112504720688,0.013064324855804443,0.2741098403930664,0.6336991786956787,"[{""token_id"": 15, ""token"": ""."", ""value"": 0.05449112504720688}, {""token_id"": 13, ""token"": "","", ""value"": 0.041426800191402435}, {""token_id"": 273, ""token"": "" of"", ""value"": 0.03873729333281517}, {""token_id"": 275, ""token"": "" in"", ""value"": 0.03195447102189064}, {""token_id"": 310, ""token"": "" is"", ""value"": 0.02664865553379059}]",False,False,False,0.5765101313591003
step2000,768,1024,1024,2,19211, cabinet,33,5,-1.106572086543733,1.3190871647303188,0.15223297152891235,1.335309942745286,4.016536596072045,-0.01449850294739008,0.9856082797050476,0.9856082797050476,0.0,0.9856082797050476,0.0,0.9856082797050476,1.4602715969085693,1.4513816833496094,14.565056800842285,1.4815943241119385,33.2893180847168,25630,atie,3,0.1762101650238037,0.8237898349761963,0.0007193386554718018,"[{""token_id"": 25630, ""token"": ""atie"", ""value"": 0.1762101650238037}, {""token_id"": 22538, ""token"": "" Medicare"", ""value"": 0.1754908263683319}, {""token_id"": 30274, ""token"": "" Jeffrey"", ""value"": 0.16888117790222168}, {""token_id"": 15113, ""token"": "" fluctuations"", ""value"": 0.16714613139629364}, {""token_id"": 24537, ""token"": "" innate"", ""value"": 0.1649555116891861}]",22538, Medicare,0,33.14761734008789,0.002330780029296875,7.031516037438048e-05,"[{""token_id"": 22538, ""token"": "" Medicare"", ""value"": 33.14761734008789}, {""token_id"": 25630, ""token"": ""atie"", ""value"": 33.14994812011719}, {""token_id"": 24537, ""token"": "" innate"", ""value"": 33.15083694458008}, {""token_id"": 15113, ""token"": "" fluctuations"", ""value"": 33.15540313720703}, {""token_id"": 30274, ""token"": "" Jeffrey"", ""value"": 33.15635681152344}]",15,.,8666,0.05449111387133598,0.01306428387761116,0.27410888671875,0.6336991786956787,"[{""token_id"": 15, ""token"": ""."", ""value"": 0.05449111387133598}, {""token_id"": 13, ""token"": "","", ""value"": 0.04142682999372482}, {""token_id"": 273, ""token"": "" of"", ""value"": 0.03873728588223457}, {""token_id"": 275, ""token"": "" in"", ""value"": 0.03195449337363243}, {""token_id"": 310, ""token"": "" is"", ""value"": 0.026648662984371185}]",False,False,False,0.5981469266116619
step2000,768,1024,1024,3,6574, miles,404,7,-1.1065718684724493,1.3190874491119216,0.1522325979618649,1.335309457212271,4.016536596072045,-0.014498502016067505,0.9856102466583252,0.9856102466583252,0.0,0.9856102466583252,0.0,0.9856102466583252,1.460302710533142,1.4513887166976929,14.565056800842285,1.4816229343414307,33.28932189941406,25630,atie,3,0.17621007561683655,0.8237899243831635,0.0007193088531494141,"[{""token_id"": 25630, ""token"": ""atie"", ""value"": 0.17621007561683655}, {""token_id"": 22538, ""token"": "" Medicare"", ""value"": 0.17549076676368713}, {""token_id"": 30274, ""token"": "" Jeffrey"", ""value"": 0.16888116300106049}, {""token_id"": 15113, ""token"": "" fluctuations"", ""value"": 0.16714613139629364}, {""token_id"": 24537, ""token"": "" innate"", ""value"": 0.16495546698570251}]",22538, Medicare,0,33.147621154785156,0.002330780029296875,7.03151522823654e-05,"[{""token_id"": 22538, ""token"": "" Medicare"", ""value"": 33.147621154785156}, {""token_id"": 25630, ""token"": ""atie"", ""value"": 33.14995193481445}, {""token_id"": 24537, ""token"": "" innate"", ""value"": 33.150840759277344}, {""token_id"": 15113, ""token"": "" fluctuations"", ""value"": 33.1554069519043}, {""token_id"": 30274, ""token"": "" Jeffrey"", ""value"": 33.15635681152344}]",15,.,8666,0.0544910803437233,0.013064276427030563,0.27410888671875,0.6336992383003235,"[{""token_id"": 15, ""token"": ""."", ""value"": 0.0544910803437233}, {""token_id"": 13, ""token"": "","", ""value"": 0.041426803916692734}, {""token_id"": 273, ""token"": "" of"", ""value"": 0.03873729333281517}, {""token_id"": 275, ""token"": "" in"", ""value"": 0.031954504549503326}, {""token_id"": 310, ""token"": "" is"", ""value"": 0.026648659259080887}]",False,False,False,0.5430208779871464
step3000,0,256,256,0,21825, clones,2,0,-0.8853796645129328,0.8897324950796515,0.7083197607149649,-0.05753883015041361,3.870478689486086,-0.032465606927871704,0.9579514265060425,0.9579514265060425,0.0,0.9579514265060425,0.0,0.9579514265060425,1.529650330543518,1.489890217781067,14.217765808105469,1.5967931747436523,35.46728515625,42261, owes,1,0.20021560788154602,0.799784392118454,0.012109607458114624,"[{""token_id"": 42261, ""token"": "" owes"", ""value"": 0.20021560788154602}, {""token_id"": 18820, ""token"": "" antibiotic"", ""value"": 0.1881060004234314}, {""token_id"": 13549, ""token"": ""1993"", ""value"": 0.18715529143810272}, {""token_id"": 12085, ""token"": "" competitive"", ""value"": 0.18430519104003906}, {""token_id"": 39384, ""token"": "" shareholder"", ""value"": 0.18224328756332397}]",42261, owes,1,35.27412033081055,0.01700592041015625,0.0004821075692510538,"[{""token_id"": 42261, ""token"": "" owes"", ""value"": 35.27412033081055}, {""token_id"": 13549, ""token"": ""1993"", ""value"": 35.2911262512207}, {""token_id"": 18820, ""token"": "" antibiotic"", ""value"": 35.292728424072266}, {""token_id"": 12085, ""token"": "" competitive"", ""value"": 35.29356002807617}, {""token_id"": 39384, ""token"": "" shareholder"", ""value"": 35.29404067993164}]",15,.,8666,0.06816161423921585,0.030607011169195175,0.5960855484008789,0.6257056593894958,"[{""token_id"": 15, ""token"": ""."", ""value"": 0.06816161423921585}, {""token_id"": 13, ""token"": "","", ""value"": 0.037554603070020676}, {""token_id"": 281, ""token"": "" to"", ""value"": 0.02719082310795784}, {""token_id"": 187, ""token"": ""\n"", ""value"": 0.02163262851536274}, {""token_id"": 470, ""token"": "" 0"", ""value"": 0.019668923690915108}]",True,False,False,0.9134522713720798
step3000,0,256,256,1,23778, motive,8,2,-0.8853722693618123,0.8897334061052309,0.7083176123483685,-0.057538631521590444,3.870478689486086,-0.03370581939816475,0.9579538106918335,0.9579538106918335,0.0,0.9579538106918335,0.0,0.9579538106918335,1.5296711921691895,1.4898948669433594,14.21776294708252,1.596811056137085,35.46728515625,42261, owes,1,0.20021557807922363,0.7997844219207764,0.01210959255695343,"[{""token_id"": 42261, ""token"": "" owes"", ""value"": 0.20021557807922363}, {""token_id"": 18820, ""token"": "" antibiotic"", ""value"": 0.1881059855222702}, {""token_id"": 13549, ""token"": ""1993"", ""value"": 0.18715547025203705}, {""token_id"": 12085, ""token"": "" competitive"", ""value"": 0.1843051314353943}, {""token_id"": 39384, ""token"": "" shareholder"", ""value"": 0.18224337697029114}]",42261, owes,1,35.27412033081055,0.01700592041015625,0.0004821075692510538,"[{""token_id"": 42261, ""token"": "" owes"", ""value"": 35.27412033081055}, {""token_id"": 13549, ""token"": ""1993"", ""value"": 35.2911262512207}, {""token_id"": 18820, ""token"": "" antibiotic"", ""value"": 35.292728424072266}, {""token_id"": 12085, ""token"": "" competitive"", ""value"": 35.29356002807617}, {""token_id"": 39384, ""token"": "" shareholder"", ""value"": 35.29404067993164}]",15,.,8666,0.06816180050373077,0.030607059597969055,0.5960845947265625,0.6257054805755615,"[{""token_id"": 15, ""token"": ""."", ""value"": 0.06816180050373077}, {""token_id"": 13, ""token"": "","", ""value"": 0.03755474090576172}, {""token_id"": 281, ""token"": "" to"", ""value"": 0.02719089388847351}, {""token_id"": 187, ""token"": ""\n"", ""value"": 0.02163258194923401}, {""token_id"": 470, ""token"": "" 0"", ""value"": 0.019668851047754288}]",True,False,False,0.6074951216578484
step3000,0,256,256,2,19211, cabinet,33,5,-0.885184103408635,0.8897424823415289,0.7082651538506555,-0.057515132084174914,3.870478689486086,-0.027399079874157906,0.95795738697052,0.95795738697052,0.0,0.95795738697052,0.0,0.95795738697052,1.5296720266342163,1.4899271726608276,14.217729568481445,1.5968059301376343,35.467288970947266,42261, owes,1,0.20021440088748932,0.7997855991125107,0.012109145522117615,"[{""token_id"": 42261, ""token"": "" owes"", ""value"": 0.20021440088748932}, {""token_id"": 18820, ""token"": "" antibiotic"", ""value"": 0.1881052553653717}, {""token_id"": 13549, ""token"": ""1993"", ""value"": 0.1871597319841385}, {""token_id"": 12085, ""token"": "" competitive"", ""value"": 0.1843039095401764}, {""token_id"": 39384, ""token"": "" shareholder"", ""value"": 0.18224549293518066}]",42261, owes,1,35.27412796020508,0.016998291015625,0.00048189117629787536,"[{""token_id"": 42261, ""token"": "" owes"", ""value"": 35.27412796020508}, {""token_id"": 13549, ""token"": ""1993"", ""value"": 35.2911262512207}, {""token_id"": 18820, ""token"": "" antibiotic"", ""value"": 35.2927360534668}, {""token_id"": 12085, ""token"": "" competitive"", ""value"": 35.29356384277344}, {""token_id"": 39384, ""token"": "" shareholder"", ""value"": 35.294044494628906}]",15,.,8666,0.0681651383638382,0.030608266592025757,0.5960769653320312,0.6257032155990601,"[{""token_id"": 15, ""token"": ""."", ""value"": 0.0681651383638382}, {""token_id"": 13, ""token"": "","", ""value"": 0.03755687177181244}, {""token_id"": 281, ""token"": "" to"", ""value"": 0.02719189040362835}, {""token_id"": 187, ""token"": ""\n"", ""value"": 0.02163146622478962}, {""token_id"": 470, ""token"": "" 0"", ""value"": 0.019667405635118484}]",True,False,False,0.5927506610751152
step3000,0,256,256,3,6574, miles,404,7,-0.8853769765198147,0.889733409209505,0.7083178495141815,-0.05753917828199928,3.870478689486086,-0.026356393471360207,0.9579527974128723,0.9579527974128723,0.0,0.9579527974128723,0.0,0.9579527974128723,1.5296498537063599,1.4899139404296875,14.217764854431152,1.5967904329299927,35.46728515625,42261, owes,1,0.20021560788154602,0.799784392118454,0.012109622359275818,"[{""token_id"": 42261, ""token"": "" owes"", ""value"": 0.20021560788154602}, {""token_id"": 18820, ""token"": "" antibiotic"", ""value"": 0.1881059855222702}, {""token_id"": 13549, ""token"": ""1993"", ""value"": 0.1871553361415863}, {""token_id"": 12085, ""token"": "" competitive"", ""value"": 0.18430514633655548}, {""token_id"": 39384, ""token"": "" shareholder"", ""value"": 0.18224331736564636}]",42261, owes,1,35.27412033081055,0.01700592041015625,0.0004821075692510538,"[{""token_id"": 42261, ""token"": "" owes"", ""value"": 35.27412033081055}, {""token_id"": 13549, ""token"": ""1993"", ""value"": 35.2911262512207}, {""token_id"": 18820, ""token"": "" antibiotic"", ""value"": 35.292728424072266}, {""token_id"": 12085, ""token"": "" competitive"", ""value"": 35.29356002807617}, {""token_id"": 39384, ""token"": "" shareholder"", ""value"": 35.29404067993164}]",15,.,8666,0.06816159188747406,0.03060692921280861,0.5960836410522461,0.6257055997848511,"[{""token_id"": 15, ""token"": ""."", ""value"": 0.06816159188747406}, {""token_id"": 13, ""token"": "","", ""value"": 0.03755466267466545}, {""token_id"": 281, ""token"": "" to"", ""value"": 0.027190852910280228}, {""token_id"": 187, ""token"": ""\n"", ""value"": 0.021632589399814606}, {""token_id"": 470, ""token"": "" 0"", ""value"": 0.019668886438012123}]",True,False,False,0.6240625791251659
step3000,256,512,512,0,21825, clones,2,0,-0.8854367708933055,0.8897305840266585,0.7083351298284295,-0.057545782773591014,3.870478689486086,-0.04295707866549492,0.9579524993896484,0.9579524993896484,0.0,0.9579524993896484,0.0,0.9579524993896484,1.5296684503555298,1.4899287223815918,14.217775344848633,1.5968103408813477,35.467281341552734,42261, owes,1,0.20021599531173706,0.7997840046882629,0.012109756469726562,"[{""token_id"": 42261, ""token"": "" owes"", ""value"": 0.20021599531173706}, {""token_id"": 18820, ""token"": "" antibiotic"", ""value"": 0.1881062388420105}, {""token_id"": 13549, ""token"": ""1993"", ""value"": 0.18715402483940125}, {""token_id"": 12085, ""token"": "" competitive"", ""value"": 0.18430554866790771}, {""token_id"": 39384, ""token"": "" shareholder"", ""value"": 0.18224267661571503}]",42261, owes,1,35.27411651611328,0.01700592041015625,0.00048210762138827526,"[{""token_id"": 42261, ""token"": "" owes"", ""value"": 35.27411651611328}, {""token_id"": 13549, ""token"": ""1993"", ""value"": 35.29112243652344}, {""token_id"": 18820, ""token"": "" antibiotic"", ""value"": 35.292724609375}, {""token_id"": 12085, ""token"": "" competitive"", ""value"": 35.293556213378906}, {""token_id"": 39384, ""token"": "" shareholder"", ""value"": 35.29404067993164}]",15,.,8666,0.06816060096025467,0.030606623739004135,0.5960874557495117,0.6257063150405884,"[{""token_id"": 15, ""token"": ""."", ""value"": 0.06816060096025467}, {""token_id"": 13, ""token"": "","", ""value"": 0.037553977221250534}, {""token_id"": 281, ""token"": "" to"", ""value"": 0.02719053626060486}, {""token_id"": 187, ""token"": ""\n"", ""value"": 0.021632954478263855}, {""token_id"": 470, ""token"": "" 0"", ""value"": 0.019669342786073685}]",True,False,False,0.5557768121361732
step3000,256,512,512,1,23778, motive,8,2,-0.8854369344120516,0.8897301736915194,0.7083349507209177,-0.05754606317954436,3.870478689486086,-0.04294919595122337,0.9579548239707947,0.9579548239707947,0.0,0.9579548239707947,0.0,0.9579548239707947,1.5296683311462402,1.4899072647094727,14.217774391174316,1.596806287765503,35.467281341552734,42261, owes,1,0.20021599531173706,0.7997840046882629,0.01210978627204895,"[{""token_id"": 42261, ""token"": "" owes"", ""value"": 0.20021599531173706}, {""token_id"": 18820, ""token"": "" antibiotic"", ""value"": 0.1881062090396881}, {""token_id"": 13549, ""token"": ""1993"", ""value"": 0.18715403974056244}, {""token_id"": 12085, ""token"": "" competitive"", ""value"": 0.18430554866790771}, {""token_id"": 39384, ""token"": "" shareholder"", ""value"": 0.1822427213191986}]",42261, owes,1,35.27411651611328,0.01700592041015625,0.00048210762138827526,"[{""token_id"": 42261, ""token"": "" owes"", ""value"": 35.27411651611328}, {""token_id"": 13549, ""token"": ""1993"", ""value"": 35.29112243652344}, {""token_id"": 18820, ""token"": "" antibiotic"", ""value"": 35.292724609375}, {""token_id"": 12085, ""token"": "" competitive"", ""value"": 35.29355239868164}, {""token_id"": 39384, ""token"": "" shareholder"", ""value"": 35.294036865234375}]",15,.,8666,0.06816061586141586,0.030606668442487717,0.5960884094238281,0.6257063746452332,"[{""token_id"": 15, ""token"": ""."", ""value"": 0.06816061586141586}, {""token_id"": 13, ""token"": "","", ""value"": 0.037553947418928146}, {""token_id"": 281, ""token"": "" to"", ""value"": 0.027190539985895157}, {""token_id"": 187, ""token"": ""\n"", ""value"": 0.021632950752973557}, {""token_id"": 470, ""token"": "" 0"", ""value"": 0.01966935582458973}]",True,False,False,0.5772952698171139
step3000,256,512,512,2,19211, cabinet,33,5,-0.8854366151085968,0.8897308380101012,0.7083358262226349,-0.05754587414362333,3.870478689486086,-0.04294484853744507,0.9579529166221619,0.9579529166221619,0.0,0.9579529166221619,0.0,0.9579529166221619,1.529672384262085,1.4899096488952637,14.217774391174316,1.5968137979507446,35.467281341552734,42261, owes,1,0.20021599531173706,0.7997840046882629,0.012109771370887756,"[{""token_id"": 42261, ""token"": "" owes"", ""value"": 0.20021599531173706}, {""token_id"": 18820, ""token"": "" antibiotic"", ""value"": 0.1881062239408493}, {""token_id"": 13549, ""token"": ""1993"", ""value"": 0.18715405464172363}, {""token_id"": 12085, ""token"": "" competitive"", ""value"": 0.18430554866790771}, {""token_id"": 39384, ""token"": "" shareholder"", ""value"": 0.18224267661571503}]",42261, owes,1,35.27411651611328,0.01700592041015625,0.00048210762138827526,"[{""token_id"": 42261, ""token"": "" owes"", ""value"": 35.27411651611328}, {""token_id"": 13549, ""token"": ""1993"", ""value"": 35.29112243652344}, {""token_id"": 18820, ""token"": "" antibiotic"", ""value"": 35.292724609375}, {""token_id"": 12085, ""token"": "" competitive"", ""value"": 35.29355239868164}, {""token_id"": 39384, ""token"": "" shareholder"", ""value"": 35.294036865234375}]",15,.,8666,0.06816054880619049,0.030606601387262344,0.5960874557495117,0.6257063746452332,"[{""token_id"": 15, ""token"": ""."", ""value"": 0.06816054880619049}, {""token_id"": 13, ""token"": "","", ""value"": 0.037553947418928146}, {""token_id"": 281, ""token"": "" to"", ""value"": 0.027190539985895157}, {""token_id"": 187, ""token"": ""\n"", ""value"": 0.021632960066199303}, {""token_id"": 470, ""token"": "" 0"", ""value"": 0.019669365137815475}]",True,False,False,0.5697039254009724
step3000,256,512,512,3,6574, miles,404,7,-0.8854357794756932,0.8897297324526382,0.7083345025002816,-0.05754654146341509,3.870478689486086,-0.04295428842306137,0.9579549431800842,0.9579549431800842,0.0,0.9579549431800842,0.0,0.9579549431800842,1.5296722650527954,1.4899104833602905,14.217775344848633,1.596810221672058,35.467281341552734,42261, owes,1,0.20021596550941467,0.7997840344905853,0.012109711766242981,"[{""token_id"": 42261, ""token"": "" owes"", ""value"": 0.20021596550941467}, {""token_id"": 18820, ""token"": "" antibiotic"", ""value"": 0.1881062537431717}, {""token_id"": 13549, ""token"": ""1993"", ""value"": 0.18715403974056244}, {""token_id"": 12085, ""token"": "" competitive"", ""value"": 0.1843055784702301}, {""token_id"": 39384, ""token"": "" shareholder"", ""value"": 0.18224267661571503}]",42261, owes,1,35.27411651611328,0.01700592041015625,0.00048210762138827526,"[{""token_id"": 42261, ""token"": "" owes"", ""value"": 35.27411651611328}, {""token_id"": 13549, ""token"": ""1993"", ""value"": 35.29112243652344}, {""token_id"": 18820, ""token"": "" antibiotic"", ""value"": 35.292724609375}, {""token_id"": 12085, ""token"": "" competitive"", ""value"": 35.29355239868164}, {""token_id"": 39384, ""token"": "" shareholder"", ""value"": 35.294036865234375}]",15,.,8666,0.06816060841083527,0.030606664717197418,0.5960884094238281,0.6257063746452332,"[{""token_id"": 15, ""token"": ""."", ""value"": 0.06816060841083527}, {""token_id"": 13, ""token"": "","", ""value"": 0.03755394369363785}, {""token_id"": 281, ""token"": "" to"", ""value"": 0.027190513908863068}, {""token_id"": 187, ""token"": ""\n"", ""value"": 0.021632978692650795}, {""token_id"": 470, ""token"": "" 0"", ""value"": 0.019669363275170326}]",True,False,False,0.5221740119159222
step3000,512,768,768,0,21825, clones,2,0,-0.8854362717864492,0.8897297369312592,0.7083353454864174,-0.057545580601285784,3.870478689486086,-0.042958904057741165,0.9579490423202515,0.9579490423202515,0.0,0.9579490423202515,0.0,0.9579490423202515,1.5296592712402344,1.489927053451538,14.217774391174316,1.596806526184082,35.467281341552734,42261, owes,1,0.20021599531173706,0.7997840046882629,0.012109741568565369,"[{""token_id"": 42261, ""token"": "" owes"", ""value"": 0.20021599531173706}, {""token_id"": 18820, ""token"": "" antibiotic"", ""value"": 0.1881062537431717}, {""token_id"": 13549, ""token"": ""1993"", ""value"": 0.18715400993824005}, {""token_id"": 12085, ""token"": "" competitive"", ""value"": 0.1843055635690689}, {""token_id"": 39384, ""token"": "" shareholder"", ""value"": 0.18224266171455383}]",42261, owes,1,35.27411651611328,0.01700592041015625,0.00048210762138827526,"[{""token_id"": 42261, ""token"": "" owes"", ""value"": 35.27411651611328}, {""token_id"": 13549, ""token"": ""1993"", ""value"": 35.29112243652344}, {""token_id"": 18820, ""token"": "" antibiotic"", ""value"": 35.292724609375}, {""token_id"": 12085, ""token"": "" competitive"", ""value"": 35.29355239868164}, {""token_id"": 39384, ""token"": "" shareholder"", ""value"": 35.294036865234375}]",15,.,8666,0.06816060096025467,0.03060666099190712,0.5960884094238281,0.6257063150405884,"[{""token_id"": 15, ""token"": ""."", ""value"": 0.06816060096025467}, {""token_id"": 13, ""token"": "","", ""value"": 0.03755393996834755}, {""token_id"": 281, ""token"": "" to"", ""value"": 0.02719051018357277}, {""token_id"": 187, ""token"": ""\n"", ""value"": 0.021632933989167213}, {""token_id"": 470, ""token"": "" 0"", ""value"": 0.019669361412525177}]",True,False,False,0.524483248591423
step3000,512,768,768,1,23778, motive,8,2,-0.8854374031445911,0.8897302636915534,0.7083350241862768,-0.05754556828056756,3.870478689486086,-0.04295892268419266,0.9579516649246216,0.9579516649246216,0.0,0.9579516649246216,0.0,0.9579516649246216,1.5296978950500488,1.4898968935012817,14.2177734375,1.5968424081802368,35.46728515625,42261, owes,1,0.20021599531173706,0.7997840046882629,0.012109801173210144,"[{""token_id"": 42261, ""token"": "" owes"", ""value"": 0.20021599531173706}, {""token_id"": 18820, ""token"": "" antibiotic"", ""value"": 0.18810619413852692}, {""token_id"": 13549, ""token"": ""1993"", ""value"": 0.18715402483940125}, {""token_id"": 12085, ""token"": "" competitive"", ""value"": 0.1843055635690689}, {""token_id"": 39384, ""token"": "" shareholder"", ""value"": 0.18224267661571503}]",42261, owes,1,35.27411651611328,0.017009735107421875,0.0004822157657627455,"[{""token_id"": 42261, ""token"": "" owes"", ""value"": 35.27411651611328}, {""token_id"": 13549, ""token"": ""1993"", ""value"": 35.2911262512207}, {""token_id"": 18820, ""token"": "" antibiotic"", ""value"": 35.292728424072266}, {""token_id"": 12085, ""token"": "" competitive"", ""value"": 35.293556213378906}, {""token_id"": 39384, ""token"": "" shareholder"", ""value"": 35.29404067993164}]",15,.,8666,0.06816058605909348,0.030606653541326523,0.5960884094238281,0.6257063746452332,"[{""token_id"": 15, ""token"": ""."", ""value"": 0.06816058605909348}, {""token_id"": 13, ""token"": "","", ""value"": 0.03755393251776695}, {""token_id"": 281, ""token"": "" to"", ""value"": 0.02719050645828247}, {""token_id"": 187, ""token"": ""\n"", ""value"": 0.021632973104715347}, {""token_id"": 470, ""token"": "" 0"", ""value"": 0.01966935768723488}]",True,False,False,0.5667448565363884
step3000,512,768,768,2,19211, cabinet,33,5,-0.8854361690566901,0.8897292520948455,0.7083350232016288,-0.05754596309485105,3.870478689486086,-0.042958904057741165,0.9579508900642395,0.9579508900642395,0.0,0.9579508900642395,0.0,0.9579508900642395,1.5296683311462402,1.4899197816848755,14.217774391174316,1.5968128442764282,35.467281341552734,42261, owes,1,0.20021596550941467,0.7997840344905853,0.012109711766242981,"[{""token_id"": 42261, ""token"": "" owes"", ""value"": 0.20021596550941467}, {""token_id"": 18820, ""token"": "" antibiotic"", ""value"": 0.1881062537431717}, {""token_id"": 13549, ""token"": ""1993"", ""value"": 0.18715402483940125}, {""token_id"": 12085, ""token"": "" competitive"", ""value"": 0.1843055635690689}, {""token_id"": 39384, ""token"": "" shareholder"", ""value"": 0.18224269151687622}]",42261, owes,1,35.27411651611328,0.01700592041015625,0.00048210762138827526,"[{""token_id"": 42261, ""token"": "" owes"", ""value"": 35.27411651611328}, {""token_id"": 13549, ""token"": ""1993"", ""value"": 35.29112243652344}, {""token_id"": 18820, ""token"": "" antibiotic"", ""value"": 35.292724609375}, {""token_id"": 12085, ""token"": "" competitive"", ""value"": 35.293556213378906}, {""token_id"": 39384, ""token"": "" shareholder"", ""value"": 35.29404067993164}]",15,.,8666,0.06816060096025467,0.03060666099190712,0.5960884094238281,0.6257063150405884,"[{""token_id"": 15, ""token"": ""."", ""value"": 0.06816060096025467}, {""token_id"": 13, ""token"": "","", ""value"": 0.03755393996834755}, {""token_id"": 281, ""token"": "" to"", ""value"": 0.02719051018357277}, {""token_id"": 187, ""token"": ""\n"", ""value"": 0.021632976830005646}, {""token_id"": 470, ""token"": "" 0"", ""value"": 0.019669368863105774}]",True,False,False,0.5307275764644146
step3000,512,768,768,3,6574, miles,404,7,-0.8854363737328261,0.889729862262568,0.7083346257875502,-0.05754547506975194,3.870478689486086,-0.042958926409482956,0.9579508304595947,0.9579508304595947,0.0,0.9579508304595947,0.0,0.9579508304595947,1.5296812057495117,1.4899364709854126,14.217774391174316,1.596826434135437,35.467281341552734,42261, owes,1,0.20021599531173706,0.7997840046882629,0.012109756469726562,"[{""token_id"": 42261, ""token"": "" owes"", ""value"": 0.20021599531173706}, {""token_id"": 18820, ""token"": "" antibiotic"", ""value"": 0.1881062388420105}, {""token_id"": 13549, ""token"": ""1993"", ""value"": 0.18715399503707886}, {""token_id"": 12085, ""token"": "" competitive"", ""value"": 0.18430553376674652}, {""token_id"": 39384, ""token"": "" shareholder"", ""value"": 0.18224267661571503}]",42261, owes,1,35.27411651611328,0.01700592041015625,0.00048210762138827526,"[{""token_id"": 42261, ""token"": "" owes"", ""value"": 35.27411651611328}, {""token_id"": 13549, ""token"": ""1993"", ""value"": 35.29112243652344}, {""token_id"": 18820, ""token"": "" antibiotic"", ""value"": 35.292724609375}, {""token_id"": 12085, ""token"": "" competitive"", ""value"": 35.29355239868164}, {""token_id"": 39384, ""token"": "" shareholder"", ""value"": 35.294036865234375}]",15,.,8666,0.06816060841083527,0.030606664717197418,0.5960884094238281,0.6257063746452332,"[{""token_id"": 15, ""token"": ""."", ""value"": 0.06816060841083527}, {""token_id"": 13, ""token"": "","", ""value"": 0.03755394369363785}, {""token_id"": 281, ""token"": "" to"", ""value"": 0.027190513908863068}, {""token_id"": 187, ""token"": ""\n"", ""value"": 0.021632948890328407}, {""token_id"": 470, ""token"": "" 0"", ""value"": 0.01966935396194458}]",True,False,False,0.5643302723765373
step3000,768,1024,1024,0,21825, clones,2,0,-0.8854367752693176,0.8897300972774298,0.7083347496929442,-0.05754570508250445,3.870478689486086,-0.042958907783031464,0.9579514265060425,0.9579514265060425,0.0,0.9579514265060425,0.0,0.9579514265060425,1.5297183990478516,1.4899413585662842,14.217774391174316,1.5968642234802246,35.467281341552734,42261, owes,1,0.20021598041057587,0.7997840195894241,0.012109726667404175,"[{""token_id"": 42261, ""token"": "" owes"", ""value"": 0.20021598041057587}, {""token_id"": 18820, ""token"": "" antibiotic"", ""value"": 0.1881062537431717}, {""token_id"": 13549, ""token"": ""1993"", ""value"": 0.18715403974056244}, {""token_id"": 12085, ""token"": "" competitive"", ""value"": 0.18430551886558533}, {""token_id"": 39384, ""token"": "" shareholder"", ""value"": 0.18224267661571503}]",42261, owes,1,35.27411651611328,0.01700592041015625,0.00048210762138827526,"[{""token_id"": 42261, ""token"": "" owes"", ""value"": 35.27411651611328}, {""token_id"": 13549, ""token"": ""1993"", ""value"": 35.29112243652344}, {""token_id"": 18820, ""token"": "" antibiotic"", ""value"": 35.292724609375}, {""token_id"": 12085, ""token"": "" competitive"", ""value"": 35.29355239868164}, {""token_id"": 39384, ""token"": "" shareholder"", ""value"": 35.294036865234375}]",15,.,8666,0.06816060096025467,0.03060666099190712,0.5960884094238281,0.6257063150405884,"[{""token_id"": 15, ""token"": ""."", ""value"": 0.06816060096025467}, {""token_id"": 13, ""token"": "","", ""value"": 0.03755393996834755}, {""token_id"": 281, ""token"": "" to"", ""value"": 0.02719053626060486}, {""token_id"": 187, ""token"": ""\n"", ""value"": 0.021632976830005646}, {""token_id"": 470, ""token"": "" 0"", ""value"": 0.01966938003897667}]",True,False,False,0.5678109638392925
step3000,768,1024,1024,1,23778, motive,8,2,-0.8854366496910042,0.8897297901488312,0.7083356826468938,-0.05754564786788974,3.870478689486086,-0.04295891523361206,0.957948625087738,0.957948625087738,0.0,0.957948625087738,0.0,0.957948625087738,1.5296469926834106,1.4899324178695679,14.217774391174316,1.5967943668365479,35.467281341552734,42261, owes,1,0.20021599531173706,0.7997840046882629,0.012109771370887756,"[{""token_id"": 42261, ""token"": "" owes"", ""value"": 0.20021599531173706}, {""token_id"": 18820, ""token"": "" antibiotic"", ""value"": 0.1881062239408493}, {""token_id"": 13549, ""token"": ""1993"", ""value"": 0.18715402483940125}, {""token_id"": 12085, ""token"": "" competitive"", ""value"": 0.18430554866790771}, {""token_id"": 39384, ""token"": "" shareholder"", ""value"": 0.18224270641803741}]",42261, owes,1,35.27411651611328,0.01700592041015625,0.00048210762138827526,"[{""token_id"": 42261, ""token"": "" owes"", ""value"": 35.27411651611328}, {""token_id"": 13549, ""token"": ""1993"", ""value"": 35.29112243652344}, {""token_id"": 18820, ""token"": "" antibiotic"", ""value"": 35.292724609375}, {""token_id"": 12085, ""token"": "" competitive"", ""value"": 35.29355239868164}, {""token_id"": 39384, ""token"": "" shareholder"", ""value"": 35.294036865234375}]",15,.,8666,0.06816061586141586,0.030606668442487717,0.5960884094238281,0.6257063150405884,"[{""token_id"": 15, ""token"": ""."", ""value"": 0.06816061586141586}, {""token_id"": 13, ""token"": "","", ""value"": 0.037553947418928146}, {""token_id"": 281, ""token"": "" to"", ""value"": 0.027190541848540306}, {""token_id"": 187, ""token"": ""\n"", ""value"": 0.021632960066199303}, {""token_id"": 470, ""token"": "" 0"", ""value"": 0.01966937445104122}]",True,False,False,0.5096090510487556
step3000,768,1024,1024,2,19211, cabinet,33,5,-0.8854359695295106,0.8897303939568749,0.7083355995101492,-0.05754573497258808,3.870478689486086,-0.04295891523361206,0.9579511284828186,0.9579511284828186,0.0,0.9579511284828186,0.0,0.9579511284828186,1.5296597480773926,1.4899570941925049,14.217774391174316,1.5968035459518433,35.467281341552734,42261, owes,1,0.20021599531173706,0.7997840046882629,0.012109741568565369,"[{""token_id"": 42261, ""token"": "" owes"", ""value"": 0.20021599531173706}, {""token_id"": 18820, ""token"": "" antibiotic"", ""value"": 0.1881062537431717}, {""token_id"": 13549, ""token"": ""1993"", ""value"": 0.18715403974056244}, {""token_id"": 12085, ""token"": "" competitive"", ""value"": 0.18430553376674652}, {""token_id"": 39384, ""token"": "" shareholder"", ""value"": 0.1822427213191986}]",42261, owes,1,35.27411651611328,0.01700592041015625,0.00048210762138827526,"[{""token_id"": 42261, ""token"": "" owes"", ""value"": 35.27411651611328}, {""token_id"": 13549, ""token"": ""1993"", ""value"": 35.29112243652344}, {""token_id"": 18820, ""token"": "" antibiotic"", ""value"": 35.292724609375}, {""token_id"": 12085, ""token"": "" competitive"", ""value"": 35.29355239868164}, {""token_id"": 39384, ""token"": "" shareholder"", ""value"": 35.294036865234375}]",15,.,8666,0.06816060096025467,0.030606623739004135,0.5960874557495117,0.6257063150405884,"[{""token_id"": 15, ""token"": ""."", ""value"": 0.06816060096025467}, {""token_id"": 13, ""token"": "","", ""value"": 0.037553977221250534}, {""token_id"": 281, ""token"": "" to"", ""value"": 0.02719053626060486}, {""token_id"": 187, ""token"": ""\n"", ""value"": 0.021632933989167213}, {""token_id"": 470, ""token"": "" 0"", ""value"": 0.019669361412525177}]",True,False,False,0.6183372624218464
step3000,768,1024,1024,3,6574, miles,404,7,-0.885436564337103,0.8897304888611924,0.708334807658544,-0.05754600887290928,3.870478689486086,-0.04295891523361206,0.9579506516456604,0.9579506516456604,0.0,0.9579506516456604,0.0,0.9579506516456604,1.5296552181243896,1.489904522895813,14.217774391174316,1.596799612045288,35.46728515625,42261, owes,1,0.20021596550941467,0.7997840344905853,0.012109756469726562,"[{""token_id"": 42261, ""token"": "" owes"", ""value"": 0.20021596550941467}, {""token_id"": 18820, ""token"": "" antibiotic"", ""value"": 0.1881062090396881}, {""token_id"": 13549, ""token"": ""1993"", ""value"": 0.18715400993824005}, {""token_id"": 12085, ""token"": "" competitive"", ""value"": 0.18430554866790771}, {""token_id"": 39384, ""token"": "" shareholder"", ""value"": 0.18224266171455383}]",42261, owes,1,35.27412033081055,0.01700592041015625,0.0004821075692510538,"[{""token_id"": 42261, ""token"": "" owes"", ""value"": 35.27412033081055}, {""token_id"": 13549, ""token"": ""1993"", ""value"": 35.2911262512207}, {""token_id"": 18820, ""token"": "" antibiotic"", ""value"": 35.292728424072266}, {""token_id"": 12085, ""token"": "" competitive"", ""value"": 35.293556213378906}, {""token_id"": 39384, ""token"": "" shareholder"", ""value"": 35.29404067993164}]",15,.,8666,0.0681605413556099,0.030606597661972046,0.5960874557495117,0.6257063746452332,"[{""token_id"": 15, ""token"": ""."", ""value"": 0.0681605413556099}, {""token_id"": 13, ""token"": "","", ""value"": 0.03755394369363785}, {""token_id"": 281, ""token"": "" to"", ""value"": 0.027190551161766052}, {""token_id"": 187, ""token"": ""\n"", ""value"": 0.021632956340909004}, {""token_id"": 470, ""token"": "" 0"", ""value"": 0.019669342786073685}]",True,False,False,0.5787600502371788
step4000,0,256,256,0,21825, clones,2,0,0.9450835722458748,-0.45130487033030997,-1.2114368321824958,-0.4431949359397628,3.7656838572118096,0.0024947705678641796,1.004256248474121,1.0013586282730103,0.07623229175806046,1.0013586282730103,0.07623229175806046,1.004256248474121,1.6830675601959229,1.6205837726593018,15.226232528686523,1.6759343147277832,37.51383590698242,37906,GAA,0,0.17680945992469788,0.8231905400753021,0.0015160739421844482,"[{""token_id"": 37906, ""token"": ""GAA"", ""value"": 0.17680945992469788}, {""token_id"": 26296, ""token"": "" pandemic"", ""value"": 0.17529338598251343}, {""token_id"": 21349, ""token"": "" globally"", ""value"": 0.17341257631778717}, {""token_id"": 15024, ""token"": ""resource"", ""value"": 0.1730145663022995}, {""token_id"": 6478, ""token"": "" elev"", ""value"": 0.1704011708498001}]",26296, pandemic,3,37.3304328918457,0.002330780029296875,6.243645864085333e-05,"[{""token_id"": 26296, ""token"": "" pandemic"", ""value"": 37.3304328918457}, {""token_id"": 21349, ""token"": "" globally"", ""value"": 37.332763671875}, {""token_id"": 37906, ""token"": ""GAA"", ""value"": 37.333534240722656}, {""token_id"": 6478, ""token"": "" elev"", ""value"": 37.33354568481445}, {""token_id"": 15024, ""token"": ""resource"", ""value"": 37.33576965332031}]",13,",",2711,0.06052495166659355,0.002645205706357956,0.04468822479248047,0.577442467212677,"[{""token_id"": 13, ""token"": "","", ""value"": 0.06052495166659355}, {""token_id"": 187, ""token"": ""\n"", ""value"": 0.057879745960235596}, {""token_id"": 15, ""token"": ""."", ""value"": 0.05044717714190483}, {""token_id"": 1789, ""token"": "" object"", ""value"": 0.03599140793085098}, {""token_id"": 209, ""token"": "" "", ""value"": 0.03491688892245293}]",False,False,False,0.9326055683195591
step4000,0,256,256,1,23778, motive,8,2,-0.1371464277427591,-1.241482272081054,0.3599029774077927,0.25889362352898204,3.7656838572118096,-0.012506647035479546,0.9744533896446228,0.9584636092185974,0.17580363154411316,0.9584636092185974,0.17580363154411316,0.9744533896446228,1.6504782438278198,1.5835379362106323,14.873857498168945,1.6937477588653564,37.002445220947266,9657, *),0,0.16866280138492584,0.8313371986150742,0.00018066167831420898,"[{""token_id"": 9657, ""token"": "" *)"", ""value"": 0.16866280138492584}, {""token_id"": 17968, ""token"": ""))\\"", ""value"": 0.16848213970661163}, {""token_id"": 15252, ""token"": "" strat"", ""value"": 0.16735310852527618}, {""token_id"": 19682, ""token"": "" circulating"", ""value"": 0.16078126430511475}, {""token_id"": 26296, ""token"": "" pandemic"", ""value"": 0.1606648713350296}]",15252, strat,6,36.82645034790039,0.000598907470703125,1.626297036627835e-05,"[{""token_id"": 15252, ""token"": "" strat"", ""value"": 36.82645034790039}, {""token_id"": 17968, ""token"": ""))\\"", ""value"": 36.827049255371094}, {""token_id"": 9657, ""token"": "" *)"", ""value"": 36.829383850097656}, {""token_id"": 26296, ""token"": "" pandemic"", ""value"": 36.83607482910156}, {""token_id"": 19682, ""token"": "" circulating"", ""value"": 36.83668518066406}]",13,",",2711,0.12848399579524994,0.0429651215672493,0.40706729888916016,0.546374499797821,"[{""token_id"": 13, ""token"": "","", ""value"": 0.12848399579524994}, {""token_id"": 187, ""token"": ""\n"", ""value"": 0.08551887422800064}, {""token_id"": 15, ""token"": ""."", ""value"": 0.04562272131443024}, {""token_id"": 64, ""token"": ""_"", ""value"": 0.03194180876016617}, {""token_id"": 247, ""token"": "" a"", ""value"": 0.015927402302622795}]",False,False,False,0.8289689011871815
step4000,0,256,256,2,19211, cabinet,33,5,-0.14039073533603624,-1.2405977543759412,0.35912586606200414,0.25610471845108385,3.7656838572118096,-0.010533280670642853,0.9746211171150208,0.9586035013198853,0.17597053945064545,0.9586035013198853,0.17597053945064545,0.9746211171150208,1.6505619287490845,1.5836530923843384,14.874277114868164,1.6935421228408813,37.000038146972656,9657, *),0,0.16875188052654266,0.8312481194734573,0.000234946608543396,"[{""token_id"": 9657, ""token"": "" *)"", ""value"": 0.16875188052654266}, {""token_id"": 17968, ""token"": ""))\\"", ""value"": 0.16851693391799927}, {""token_id"": 15252, ""token"": "" strat"", ""value"": 0.16725225746631622}, {""token_id"": 19682, ""token"": "" circulating"", ""value"": 0.16084173321723938}, {""token_id"": 26296, ""token"": "" pandemic"", ""value"": 0.16055649518966675}]",15252, strat,6,36.824161529541016,0.0004425048828125,1.2016699482960787e-05,"[{""token_id"": 15252, ""token"": "" strat"", ""value"": 36.824161529541016}, {""token_id"": 17968, ""token"": ""))\\"", ""value"": 36.82460403442383}, {""token_id"": 9657, ""token"": "" *)"", ""value"": 36.82687759399414}, {""token_id"": 26296, ""token"": "" pandemic"", ""value"": 36.83379364013672}, {""token_id"": 19682, ""token"": "" circulating"", ""value"": 36.83420944213867}]",13,",",2711,0.12824545800685883,0.04273233562707901,0.4052762985229492,0.5465098023414612,"[{""token_id"": 13, ""token"": "","", ""value"": 0.12824545800685883}, {""token_id"": 187, ""token"": ""\n"", ""value"": 0.08551312237977982}, {""token_id"": 15, ""token"": ""."", ""value"": 0.045575954020023346}, {""token_id"": 64, ""token"": ""_"", ""value"": 0.031934723258018494}, {""token_id"": 247, ""token"": "" a"", ""value"": 0.01598537154495716}]",False,False,False,0.5747473649680614
step4000,0,256,256,3,6574, miles,404,7,0.7807514604170087,-0.2540607494995859,-0.8141433928506524,-0.8101115455267642,3.7656838572118096,0.005708805285394192,0.9819939136505127,0.9790164232254028,0.07641235738992691,0.9790164232254028,0.07641235738992691,0.9819939136505127,1.65047025680542,1.5850635766983032,14.915842056274414,1.6807336807250977,37.38078308105469,11133,Resource,0,0.18432581424713135,0.8156741857528687,0.003231346607208252,"[{""token_id"": 11133, ""token"": ""Resource"", ""value"": 0.18432581424713135}, {""token_id"": 37906, ""token"": ""GAA"", ""value"": 0.1810944676399231}, {""token_id"": 6478, ""token"": "" elev"", ""value"": 0.1739162802696228}, {""token_id"": 14947, ""token"": ""World"", ""value"": 0.16866105794906616}, {""token_id"": 15024, ""token"": ""resource"", ""value"": 0.16840706765651703}]",11133,Resource,0,37.18722915649414,0.0085296630859375,0.00022937076193664012,"[{""token_id"": 11133, ""token"": ""Resource"", ""value"": 37.18722915649414}, {""token_id"": 37906, ""token"": ""GAA"", ""value"": 37.19575881958008}, {""token_id"": 6478, ""token"": "" elev"", ""value"": 37.19645690917969}, {""token_id"": 14947, ""token"": ""World"", ""value"": 37.205116271972656}, {""token_id"": 26003, ""token"": ""コ"", ""value"": 37.20633316040039}]",1789, object,73,0.0643283799290657,0.0020741261541843414,0.03277397155761719,0.5756824016571045,"[{""token_id"": 1789, ""token"": "" object"", ""value"": 0.0643283799290657}, {""token_id"": 13, ""token"": "","", ""value"": 0.06225425377488136}, {""token_id"": 15, ""token"": ""."", ""value"": 0.04558199271559715}, {""token_id"": 187, ""token"": ""\n"", ""value"": 0.03988781198859215}, {""token_id"": 209, ""token"": "" "", ""value"": 0.03149382025003433}]",True,False,False,0.6364954859018326
step4000,256,512,512,0,21825, clones,2,0,0.8912551768393868,-0.35724836047132064,-0.993761344368199,-0.6728853220833986,3.7656838572118096,-0.005433517508208752,0.994085431098938,0.9903641939163208,0.08593353629112244,0.9903641939163208,0.08593353629112244,0.994085431098938,1.6650995016098022,1.5972226858139038,15.060025215148926,1.67500638961792,37.44009017944336,11133,Resource,0,0.17959830164909363,0.8204016983509064,0.0006968826055526733,"[{""token_id"": 11133, ""token"": ""Resource"", ""value"": 0.17959830164909363}, {""token_id"": 37906, ""token"": ""GAA"", ""value"": 0.17890141904354095}, {""token_id"": 6478, ""token"": "" elev"", ""value"": 0.17235639691352844}, {""token_id"": 14947, ""token"": ""World"", ""value"": 0.1705850064754486}, {""token_id"": 26296, ""token"": "" pandemic"", ""value"": 0.16911891102790833}]",11133,Resource,0,37.25193405151367,0.005550384521484375,0.0001489958753231188,"[{""token_id"": 11133, ""token"": ""Resource"", ""value"": 37.25193405151367}, {""token_id"": 37906, ""token"": ""GAA"", ""value"": 37.257484436035156}, {""token_id"": 6478, ""token"": "" elev"", ""value"": 37.25755310058594}, {""token_id"": 14947, ""token"": ""World"", ""value"": 37.262184143066406}, {""token_id"": 26296, ""token"": "" pandemic"", ""value"": 37.26380920410156}]",13,",",2711,0.06134211644530296,0.00770748034119606,0.13427162170410156,0.5731713175773621,"[{""token_id"": 13, ""token"": "","", ""value"": 0.06134211644530296}, {""token_id"": 1789, ""token"": "" object"", ""value"": 0.0536346361041069}, {""token_id"": 15, ""token"": ""."", ""value"": 0.04991694539785385}, {""token_id"": 187, ""token"": ""\n"", ""value"": 0.04858923703432083}, {""token_id"": 209, ""token"": "" "", ""value"": 0.035045575350522995}]",True,False,False,0.5818771682679653
step4000,256,512,512,1,23778, motive,8,2,-0.1410282811674174,-1.240210941313431,0.358902185688554,0.25562376574686585,3.7656838572118096,-0.02598518505692482,0.97464919090271,0.9586304426193237,0.17597948014736176,0.9586304426193237,0.17597948014736176,0.97464919090271,1.650635004043579,1.5836105346679688,14.874381065368652,1.6935683488845825,36.999698638916016,9657, *),0,0.16876570880413055,0.8312342911958694,0.0002405792474746704,"[{""token_id"": 9657, ""token"": "" *)"", ""value"": 0.16876570880413055}, {""token_id"": 17968, ""token"": ""))\\"", ""value"": 0.16852512955665588}, {""token_id"": 15252, ""token"": "" strat"", ""value"": 0.16724488139152527}, {""token_id"": 19682, ""token"": "" circulating"", ""value"": 0.16084975004196167}, {""token_id"": 26296, ""token"": "" pandemic"", ""value"": 0.1605435162782669}]",15252, strat,6,36.823829650878906,0.00042724609375,1.1602435102504407e-05,"[{""token_id"": 15252, ""token"": "" strat"", ""value"": 36.823829650878906}, {""token_id"": 17968, ""token"": ""))\\"", ""value"": 36.824256896972656}, {""token_id"": 9657, ""token"": "" *)"", ""value"": 36.82652282714844}, {""token_id"": 26296, ""token"": "" pandemic"", ""value"": 36.83346939086914}, {""token_id"": 19682, ""token"": "" circulating"", ""value"": 36.8338623046875}]",13,",",2711,0.12823137640953064,0.042719826102256775,0.4051847457885742,0.5465216040611267,"[{""token_id"": 13, ""token"": "","", ""value"": 0.12823137640953064}, {""token_id"": 187, ""token"": ""\n"", ""value"": 0.08551155030727386}, {""token_id"": 15, ""token"": ""."", ""value"": 0.04556429386138916}, {""token_id"": 64, ""token"": ""_"", ""value"": 0.031936272978782654}, {""token_id"": 247, ""token"": "" a"", ""value"": 0.015994176268577576}]",False,False,False,0.5743645504117012
step4000,256,512,512,2,19211, cabinet,33,5,-0.14102673330047105,-1.2402081742605633,0.3589018416599857,0.25562519369826586,3.7656838572118096,-0.025860581547021866,0.9746478796005249,0.9586291313171387,0.17597930133342743,0.9586291313171387,0.17597930133342743,0.9746478796005249,1.65065598487854,1.5836201906204224,14.874381065368652,1.6935921907424927,36.99969482421875,9657, *),0,0.16876564919948578,0.8312343508005142,0.00024053454399108887,"[{""token_id"": 9657, ""token"": "" *)"", ""value"": 0.16876564919948578}, {""token_id"": 17968, ""token"": ""))\\"", ""value"": 0.1685251146554947}, {""token_id"": 15252, ""token"": "" strat"", ""value"": 0.1672450751066208}, {""token_id"": 19682, ""token"": "" circulating"", ""value"": 0.1608496606349945}, {""token_id"": 26296, ""token"": "" pandemic"", ""value"": 0.16054369509220123}]",15252, strat,6,36.823829650878906,0.00042724609375,1.1602435102504407e-05,"[{""token_id"": 15252, ""token"": "" strat"", ""value"": 36.823829650878906}, {""token_id"": 17968, ""token"": ""))\\"", ""value"": 36.824256896972656}, {""token_id"": 9657, ""token"": "" *)"", ""value"": 36.82651901245117}, {""token_id"": 26296, ""token"": "" pandemic"", ""value"": 36.83346939086914}, {""token_id"": 19682, ""token"": "" circulating"", ""value"": 36.8338623046875}]",13,",",2711,0.12823186814785004,0.042720384895801544,0.40518951416015625,0.5465214848518372,"[{""token_id"": 13, ""token"": "","", ""value"": 0.12823186814785004}, {""token_id"": 187, ""token"": ""\n"", ""value"": 0.08551148325204849}, {""token_id"": 15, ""token"": ""."", ""value"": 0.045564256608486176}, {""token_id"": 64, ""token"": ""_"", ""value"": 0.03193630650639534}, {""token_id"": 247, ""token"": "" a"", ""value"": 0.01599413901567459}]",False,False,False,0.5657339096069336
step4000,256,512,512,3,6574, miles,404,7,0.8934845255963304,-0.41534364853378014,-1.032134131765027,-0.6400661186262466,3.7656838572118096,-0.0058042374439537525,0.9937307238578796,0.9906191825866699,0.07857714593410492,0.9906191825866699,0.07857714593410492,0.9937307238578796,1.6653926372528076,1.5987837314605713,15.067508697509766,1.6758992671966553,37.4479866027832,37906,GAA,0,0.17937162518501282,0.8206283748149872,0.0001846998929977417,"[{""token_id"": 37906, ""token"": ""GAA"", ""value"": 0.17937162518501282}, {""token_id"": 11133, ""token"": ""Resource"", ""value"": 0.17918692529201508}, {""token_id"": 6478, ""token"": "" elev"", ""value"": 0.17322269082069397}, {""token_id"": 14947, ""token"": ""World"", ""value"": 0.1713876724243164}, {""token_id"": 26296, ""token"": "" pandemic"", ""value"": 0.17120708525180817}]",11133,Resource,0,37.26029968261719,0.004131317138671875,0.00011087718493577313,"[{""token_id"": 11133, ""token"": ""Resource"", ""value"": 37.26029968261719}, {""token_id"": 6478, ""token"": "" elev"", ""value"": 37.26443099975586}, {""token_id"": 37906, ""token"": ""GAA"", ""value"": 37.26485061645508}, {""token_id"": 14947, ""token"": ""World"", ""value"": 37.26915740966797}, {""token_id"": 26296, ""token"": "" pandemic"", ""value"": 37.26930236816406}]",13,",",2711,0.06133043393492699,0.009672269225120544,0.17162799835205078,0.5745179653167725,"[{""token_id"": 13, ""token"": "","", ""value"": 0.06133043393492699}, {""token_id"": 1789, ""token"": "" object"", ""value"": 0.05165816470980644}, {""token_id"": 15, ""token"": ""."", ""value"": 0.04936957731842995}, {""token_id"": 187, ""token"": ""\n"", ""value"": 0.04840812832117081}, {""token_id"": 209, ""token"": "" "", ""value"": 0.03434382379055023}]",False,False,False,0.5650770887732506
step4000,512,768,768,0,21825, clones,2,0,0.8826380980850752,-0.3848835774062873,-0.9999282701504119,-0.6690175575703778,3.7656838572118096,-0.006829231046140194,0.9928399324417114,0.9895511269569397,0.08074475079774857,0.9895511269569397,0.08074475079774857,0.9928399324417114,1.6637710332870483,1.5965075492858887,15.049546241760254,1.6757696866989136,37.43978500366211,11133,Resource,0,0.17991699278354645,0.8200830072164536,0.0005124956369400024,"[{""token_id"": 11133, ""token"": ""Resource"", ""value"": 0.17991699278354645}, {""token_id"": 37906, ""token"": ""GAA"", ""value"": 0.17940449714660645}, {""token_id"": 6478, ""token"": "" elev"", ""value"": 0.17318181693553925}, {""token_id"": 14947, ""token"": ""World"", ""value"": 0.17105795443058014}, {""token_id"": 26296, ""token"": "" pandemic"", ""value"": 0.17006252706050873}]",11133,Resource,0,37.25126266479492,0.0050201416015625,0.00013476433394315218,"[{""token_id"": 11133, ""token"": ""Resource"", ""value"": 37.25126266479492}, {""token_id"": 6478, ""token"": "" elev"", ""value"": 37.256282806396484}, {""token_id"": 37906, ""token"": ""GAA"", ""value"": 37.25661849975586}, {""token_id"": 14947, ""token"": ""World"", ""value"": 37.26133728027344}, {""token_id"": 26296, ""token"": "" pandemic"", ""value"": 37.262420654296875}]",13,",",2711,0.061552952975034714,0.0079861581325531,0.13896846771240234,0.5741230845451355,"[{""token_id"": 13, ""token"": "","", ""value"": 0.061552952975034714}, {""token_id"": 1789, ""token"": "" object"", ""value"": 0.05356679484248161}, {""token_id"": 15, ""token"": ""."", ""value"": 0.049246590584516525}, {""token_id"": 187, ""token"": ""\n"", ""value"": 0.047533780336380005}, {""token_id"": 209, ""token"": "" "", ""value"": 0.03430161625146866}]",True,False,False,0.4980482831597328
step4000,512,768,768,1,23778, motive,8,2,-0.14102659332323875,-1.240207972461215,0.3589018508115991,0.25562638349570443,3.7656838572118096,-0.025835972279310226,0.9746477007865906,0.9586290121078491,0.17597882449626923,0.9586290121078491,0.17597882449626923,0.9746477007865906,1.6506134271621704,1.5836102962493896,14.874381065368652,1.6935487985610962,36.999698638916016,9657, *),0,0.1687656193971634,0.8312343806028366,0.00024050474166870117,"[{""token_id"": 9657, ""token"": "" *)"", ""value"": 0.1687656193971634}, {""token_id"": 17968, ""token"": ""))\\"", ""value"": 0.1685251146554947}, {""token_id"": 15252, ""token"": "" strat"", ""value"": 0.16724509000778198}, {""token_id"": 19682, ""token"": "" circulating"", ""value"": 0.1608496606349945}, {""token_id"": 26296, ""token"": "" pandemic"", ""value"": 0.16054370999336243}]",15252, strat,6,36.82383346557617,0.000423431396484375,1.1498840740744961e-05,"[{""token_id"": 15252, ""token"": "" strat"", ""value"": 36.82383346557617}, {""token_id"": 17968, ""token"": ""))\\"", ""value"": 36.824256896972656}, {""token_id"": 9657, ""token"": "" *)"", ""value"": 36.82652282714844}, {""token_id"": 26296, ""token"": "" pandemic"", ""value"": 36.83346939086914}, {""token_id"": 19682, ""token"": "" circulating"", ""value"": 36.8338623046875}]",13,",",2711,0.1282319873571396,0.04272051900625229,0.40519046783447266,0.5465214252471924,"[{""token_id"": 13, ""token"": "","", ""value"": 0.1282319873571396}, {""token_id"": 187, ""token"": ""\n"", ""value"": 0.0855114683508873}, {""token_id"": 15, ""token"": ""."", ""value"": 0.045564208179712296}, {""token_id"": 64, ""token"": ""_"", ""value"": 0.03193633630871773}, {""token_id"": 247, ""token"": "" a"", ""value"": 0.01599411480128765}]",False,False,False,0.5684830062091351
step4000,512,768,768,2,19211, cabinet,33,5,-0.1410255419593296,-1.240209291665721,0.35890246549443866,0.2556260285594165,3.7656838572118096,-0.025985078886151314,0.9746498465538025,0.958631157875061,0.175978884100914,0.958631157875061,0.175978884100914,0.9746498465538025,1.6506164073944092,1.583642840385437,14.874381065368652,1.6935480833053589,36.999698638916016,9657, *),0,0.1687656193971634,0.8312343806028366,0.00024047493934631348,"[{""token_id"": 9657, ""token"": "" *)"", ""value"": 0.1687656193971634}, {""token_id"": 17968, ""token"": ""))\\"", ""value"": 0.16852514445781708}, {""token_id"": 15252, ""token"": "" strat"", ""value"": 0.16724509000778198}, {""token_id"": 19682, ""token"": "" circulating"", ""value"": 0.1608496606349945}, {""token_id"": 26296, ""token"": "" pandemic"", ""value"": 0.16054369509220123}]",15252, strat,6,36.82383346557617,0.000423431396484375,1.1498840740744961e-05,"[{""token_id"": 15252, ""token"": "" strat"", ""value"": 36.82383346557617}, {""token_id"": 17968, ""token"": ""))\\"", ""value"": 36.824256896972656}, {""token_id"": 9657, ""token"": "" *)"", ""value"": 36.82652282714844}, {""token_id"": 26296, ""token"": "" pandemic"", ""value"": 36.83346939086914}, {""token_id"": 19682, ""token"": "" circulating"", ""value"": 36.8338623046875}]",13,",",2711,0.12823201715946198,0.04272044450044632,0.40518951416015625,0.5465213060379028,"[{""token_id"": 13, ""token"": "","", ""value"": 0.12823201715946198}, {""token_id"": 187, ""token"": ""\n"", ""value"": 0.08551157265901566}, {""token_id"": 15, ""token"": ""."", ""value"": 0.04556426405906677}, {""token_id"": 64, ""token"": ""_"", ""value"": 0.03193631023168564}, {""token_id"": 247, ""token"": "" a"", ""value"": 0.01599411852657795}]",False,False,False,0.5653574168682098
step4000,512,768,768,3,6574, miles,404,7,0.8888540259296043,-0.38591903705400876,-1.0095418360892354,-0.6590802070429137,3.7656838572118096,-0.0062260921113193035,0.9936164617538452,0.9902479648590088,0.08174712210893631,0.9902479648590088,0.08174712210893631,0.9936164617538452,1.6647621393203735,1.5975842475891113,15.059478759765625,1.67545747756958,37.443115234375,11133,Resource,0,0.1795455813407898,0.8204544186592102,0.0002851039171218872,"[{""token_id"": 11133, ""token"": ""Resource"", ""value"": 0.1795455813407898}, {""token_id"": 37906, ""token"": ""GAA"", ""value"": 0.1792604774236679}, {""token_id"": 6478, ""token"": "" elev"", ""value"": 0.17294469475746155}, {""token_id"": 14947, ""token"": ""World"", ""value"": 0.17101836204528809}, {""token_id"": 26296, ""token"": "" pandemic"", ""value"": 0.1701965481042862}]",11133,Resource,0,37.25502014160156,0.0048675537109375,0.00013065497461648258,"[{""token_id"": 11133, ""token"": ""Resource"", ""value"": 37.25502014160156}, {""token_id"": 6478, ""token"": "" elev"", ""value"": 37.2598876953125}, {""token_id"": 37906, ""token"": ""GAA"", ""value"": 37.260108947753906}, {""token_id"": 14947, ""token"": ""World"", ""value"": 37.264713287353516}, {""token_id"": 26296, ""token"": "" pandemic"", ""value"": 37.265594482421875}]",13,",",2711,0.06145633012056351,0.008611030876636505,0.15095806121826172,0.5739789605140686,"[{""token_id"": 13, ""token"": "","", ""value"": 0.06145633012056351}, {""token_id"": 1789, ""token"": "" object"", ""value"": 0.052845299243927}, {""token_id"": 15, ""token"": ""."", ""value"": 0.049477193504571915}, {""token_id"": 187, ""token"": ""\n"", ""value"": 0.0482039637863636}, {""token_id"": 209, ""token"": "" "", ""value"": 0.03456266224384308}]",True,False,False,0.5358350239694118
step4000,768,1024,1024,0,21825, clones,2,0,0.8877383417467027,-0.3884140932752797,-1.0093345544601744,-0.6596735303660013,3.7656838572118096,-0.006963162217289209,0.9934420585632324,0.9901171922683716,0.08120980858802795,0.9901171922683716,0.08120980858802795,0.9934420585632324,1.6645535230636597,1.5974972248077393,15.057798385620117,1.675541639328003,37.44279098510742,11133,Resource,0,0.17960351705551147,0.8203964829444885,0.00029408931732177734,"[{""token_id"": 11133, ""token"": ""Resource"", ""value"": 0.17960351705551147}, {""token_id"": 37906, ""token"": ""GAA"", ""value"": 0.1793094277381897}, {""token_id"": 6478, ""token"": "" elev"", ""value"": 0.17303183674812317}, {""token_id"": 14947, ""token"": ""World"", ""value"": 0.1710655838251114}, {""token_id"": 26296, ""token"": "" pandemic"", ""value"": 0.17026250064373016}]",11133,Resource,0,37.2546272277832,0.0048370361328125,0.00012983719051160462,"[{""token_id"": 11133, ""token"": ""Resource"", ""value"": 37.2546272277832}, {""token_id"": 6478, ""token"": "" elev"", ""value"": 37.259464263916016}, {""token_id"": 37906, ""token"": ""GAA"", ""value"": 37.259727478027344}, {""token_id"": 14947, ""token"": ""World"", ""value"": 37.26433181762695}, {""token_id"": 26296, ""token"": "" pandemic"", ""value"": 37.26519775390625}]",13,",",2711,0.06147293746471405,0.00856715813279152,0.1500844955444336,0.574066698551178,"[{""token_id"": 13, ""token"": "","", ""value"": 0.06147293746471405}, {""token_id"": 1789, ""token"": "" object"", ""value"": 0.05290577933192253}, {""token_id"": 15, ""token"": ""."", ""value"": 0.04940837249159813}, {""token_id"": 187, ""token"": ""\n"", ""value"": 0.04805906489491463}, {""token_id"": 209, ""token"": "" "", ""value"": 0.03447894752025604}]",True,False,False,0.5759155601263046
step4000,768,1024,1024,1,23778, motive,8,2,-0.1410268727655623,-1.2402087412861327,0.35890213328474546,0.25562552323869503,3.7656838572118096,-0.025421904399991035,0.974650502204895,0.9586317539215088,0.1759793758392334,0.9586317539215088,0.1759793758392334,0.974650502204895,1.6506054401397705,1.5836528539657593,14.874381065368652,1.6935356855392456,36.999698638916016,9657, *),0,0.16876566410064697,0.831234335899353,0.00024054944515228271,"[{""token_id"": 9657, ""token"": "" *)"", ""value"": 0.16876566410064697}, {""token_id"": 17968, ""token"": ""))\\"", ""value"": 0.1685251146554947}, {""token_id"": 15252, ""token"": "" strat"", ""value"": 0.16724509000778198}, {""token_id"": 19682, ""token"": "" circulating"", ""value"": 0.1608496606349945}, {""token_id"": 26296, ""token"": "" pandemic"", ""value"": 0.16054370999336243}]",15252, strat,6,36.82383346557617,0.000423431396484375,1.1498840740744961e-05,"[{""token_id"": 15252, ""token"": "" strat"", ""value"": 36.82383346557617}, {""token_id"": 17968, ""token"": ""))\\"", ""value"": 36.824256896972656}, {""token_id"": 9657, ""token"": "" *)"", ""value"": 36.82652282714844}, {""token_id"": 26296, ""token"": "" pandemic"", ""value"": 36.83346939086914}, {""token_id"": 19682, ""token"": "" circulating"", ""value"": 36.8338623046875}]",13,",",2711,0.12823189795017242,0.04272032529115677,0.40518856048583984,0.5465213656425476,"[{""token_id"": 13, ""token"": "","", ""value"": 0.12823189795017242}, {""token_id"": 187, ""token"": ""\n"", ""value"": 0.08551157265901566}, {""token_id"": 15, ""token"": ""."", ""value"": 0.04556426405906677}, {""token_id"": 64, ""token"": ""_"", ""value"": 0.031936340034008026}, {""token_id"": 247, ""token"": "" a"", ""value"": 0.01599411852657795}]",False,False,False,0.5407704077661037
step4000,768,1024,1024,2,19211, cabinet,33,5,-0.14102619121213983,-1.240208544971068,0.3589017820823171,0.25562586177070545,3.7656838572118096,-0.025626029819250107,0.9746487736701965,0.9586300849914551,0.1759788542985916,0.9586300849914551,0.1759788542985916,0.9746487736701965,1.6506463289260864,1.583601951599121,14.87437915802002,1.6935806274414062,36.99970245361328,9657, *),0,0.1687656193971634,0.8312343806028366,0.00024048984050750732,"[{""token_id"": 9657, ""token"": "" *)"", ""value"": 0.1687656193971634}, {""token_id"": 17968, ""token"": ""))\\"", ""value"": 0.16852512955665588}, {""token_id"": 15252, ""token"": "" strat"", ""value"": 0.16724511981010437}, {""token_id"": 19682, ""token"": "" circulating"", ""value"": 0.1608496457338333}, {""token_id"": 26296, ""token"": "" pandemic"", ""value"": 0.16054373979568481}]",15252, strat,6,36.82383346557617,0.00042724609375,1.1602433900571492e-05,"[{""token_id"": 15252, ""token"": "" strat"", ""value"": 36.82383346557617}, {""token_id"": 17968, ""token"": ""))\\"", ""value"": 36.82426071166992}, {""token_id"": 9657, ""token"": "" *)"", ""value"": 36.8265266418457}, {""token_id"": 26296, ""token"": "" pandemic"", ""value"": 36.833473205566406}, {""token_id"": 19682, ""token"": "" circulating"", ""value"": 36.833866119384766}]",13,",",2711,0.12823183834552765,0.04272030293941498,0.40518856048583984,0.5465214848518372,"[{""token_id"": 13, ""token"": "","", ""value"": 0.12823183834552765}, {""token_id"": 187, ""token"": ""\n"", ""value"": 0.08551153540611267}, {""token_id"": 15, ""token"": ""."", ""value"": 0.04556424543261528}, {""token_id"": 64, ""token"": ""_"", ""value"": 0.03193632885813713}, {""token_id"": 247, ""token"": "" a"", ""value"": 0.015994103625416756}]",False,False,False,0.5872193090617657
step4000,768,1024,1024,3,6574, miles,404,7,0.8864502039998893,-0.38621590381869414,-1.0061881695048938,-0.6626812917294919,3.7656838572118096,-0.006618143059313297,0.9933087825775146,0.9899783134460449,0.08127332478761673,0.9899783134460449,0.08127332478761673,0.9933087825775146,1.6644268035888672,1.5972152948379517,15.055642127990723,1.6756389141082764,37.44188690185547,11133,Resource,0,0.17969003319740295,0.820309966802597,0.0003672987222671509,"[{""token_id"": 11133, ""token"": ""Resource"", ""value"": 0.17969003319740295}, {""token_id"": 37906, ""token"": ""GAA"", ""value"": 0.1793227344751358}, {""token_id"": 6478, ""token"": "" elev"", ""value"": 0.17304891347885132}, {""token_id"": 14947, ""token"": ""World"", ""value"": 0.1710447520017624}, {""token_id"": 26296, ""token"": "" pandemic"", ""value"": 0.1701672077178955}]",11133,Resource,0,37.25362777709961,0.004913330078125,0.00013188863397473738,"[{""token_id"": 11133, ""token"": ""Resource"", ""value"": 37.25362777709961}, {""token_id"": 6478, ""token"": "" elev"", ""value"": 37.258541107177734}, {""token_id"": 37906, ""token"": ""GAA"", ""value"": 37.258811950683594}, {""token_id"": 14947, ""token"": ""World"", ""value"": 37.263458251953125}, {""token_id"": 26296, ""token"": "" pandemic"", ""value"": 37.264404296875}]",13,",",2711,0.061492983251810074,0.00838252529501915,0.14654922485351562,0.5740501880645752,"[{""token_id"": 13, ""token"": "","", ""value"": 0.061492983251810074}, {""token_id"": 1789, ""token"": "" object"", ""value"": 0.053110457956790924}, {""token_id"": 15, ""token"": ""."", ""value"": 0.04938061907887459}, {""token_id"": 187, ""token"": ""\n"", ""value"": 0.047936294227838516}, {""token_id"": 209, ""token"": "" "", ""value"": 0.03445189818739891}]",True,False,False,0.5459409691393375
step5000,0,256,256,0,21825, clones,2,0,0.818203978891112,0.004947346021247578,-1.519040710973264,-2.2231289856752436,3.7285566745271126,0.01676235720515251,1.0247716903686523,1.0096310377120972,0.17550548911094666,1.0096310377120972,0.17550548911094666,1.0247716903686523,1.7416133880615234,1.717813491821289,15.429560661315918,1.699513554573059,37.521446228027344,37906,GAA,0,0.20411637425422668,0.7958836257457733,0.014070406556129456,"[{""token_id"": 37906, ""token"": ""GAA"", ""value"": 0.20411637425422668}, {""token_id"": 31275, ""token"": ""GTT"", ""value"": 0.19004596769809723}, {""token_id"": 14054, ""token"": ""atom"", ""value"": 0.18393118679523468}, {""token_id"": 38231, ""token"": ""GAC"", ""value"": 0.18275000154972076}, {""token_id"": 8751, ""token"": ""sensors"", ""value"": 0.1778387427330017}]",37906,GAA,0,37.29496383666992,0.01802825927734375,0.0004833966150576511,"[{""token_id"": 37906, ""token"": ""GAA"", ""value"": 37.29496383666992}, {""token_id"": 31275, ""token"": ""GTT"", ""value"": 37.312992095947266}, {""token_id"": 14054, ""token"": ""atom"", ""value"": 37.31578826904297}, {""token_id"": 38231, ""token"": ""GAC"", ""value"": 37.3198356628418}, {""token_id"": 8751, ""token"": ""sensors"", ""value"": 37.32719421386719}]",187,"
",1,0.07049977034330368,0.010879285633563995,0.16761016845703125,0.5941171646118164,"[{""token_id"": 187, ""token"": ""\n"", ""value"": 0.07049977034330368}, {""token_id"": 15, ""token"": ""."", ""value"": 0.059620484709739685}, {""token_id"": 209, ""token"": "" "", ""value"": 0.04663609340786934}, {""token_id"": 281, ""token"": "" to"", ""value"": 0.040853556245565414}, {""token_id"": 13, ""token"": "","", ""value"": 0.03624076396226883}]",True,False,False,0.7340817078948021
step5000,0,256,256,1,23778, motive,8,2,0.6484848872985576,-0.30251852780000743,-1.687289468051579,-1.5837714789814004,3.7285566745271126,0.012532581575214863,0.9940896034240723,0.9940896034240723,0.0,0.9940896034240723,0.0,0.9940896034240723,1.743652105331421,1.725456953048706,15.402530670166016,1.754019021987915,37.54906463623047,37906,GAA,0,0.20820994675159454,0.7917900532484055,0.0256766676902771,"[{""token_id"": 37906, ""token"": ""GAA"", ""value"": 0.20820994675159454}, {""token_id"": 8751, ""token"": ""sensors"", ""value"": 0.18253327906131744}, {""token_id"": 31275, ""token"": ""GTT"", ""value"": 0.1823863387107849}, {""token_id"": 32649, ""token"": ""hospital"", ""value"": 0.1783841848373413}, {""token_id"": 11850, ""token"": "" maintaining"", ""value"": 0.1771961897611618}]",37906,GAA,0,37.317623138427734,0.031528472900390625,0.0008448681949393571,"[{""token_id"": 37906, ""token"": ""GAA"", ""value"": 37.317623138427734}, {""token_id"": 8751, ""token"": ""sensors"", ""value"": 37.349151611328125}, {""token_id"": 31275, ""token"": ""GTT"", ""value"": 37.349788665771484}, {""token_id"": 32649, ""token"": ""hospital"", ""value"": 37.34986877441406}, {""token_id"": 11850, ""token"": "" maintaining"", ""value"": 37.35343551635742}]",187,"
",1,0.09420010447502136,0.0486067533493042,0.7256593704223633,0.5886743068695068,"[{""token_id"": 187, ""token"": ""\n"", ""value"": 0.09420010447502136}, {""token_id"": 15, ""token"": ""."", ""value"": 0.04559335112571716}, {""token_id"": 13, ""token"": "","", ""value"": 0.033889975398778915}, {""token_id"": 209, ""token"": "" "", ""value"": 0.03353717550635338}, {""token_id"": 1794, ""token"": "" bi"", ""value"": 0.033293068408966064}]",True,False,False,0.41724206507205963
step5000,0,256,256,2,19211, cabinet,33,5,1.0442639893531191,-0.07212292996135705,-1.3801358106051231,-1.5989458805947012,3.7285566745271126,0.02102329023182392,1.015116810798645,1.001632571220398,0.1649070382118225,1.0081738233566284,0.09688375890254974,1.0128183364868164,1.737116813659668,1.7159538269042969,15.346351623535156,1.7112481594085693,37.44820785522461,37906,GAA,0,0.21339888870716095,0.786601111292839,0.023780956864356995,"[{""token_id"": 37906, ""token"": ""GAA"", ""value"": 0.21339888870716095}, {""token_id"": 31275, ""token"": ""GTT"", ""value"": 0.18961793184280396}, {""token_id"": 8751, ""token"": ""sensors"", ""value"": 0.18303658068180084}, {""token_id"": 38231, ""token"": ""GAC"", ""value"": 0.17219606041908264}, {""token_id"": 3072, ""token"": "" population"", ""value"": 0.1699398010969162}]",37906,GAA,0,37.21055221557617,0.029754638671875,0.000799629054132119,"[{""token_id"": 37906, ""token"": ""GAA"", ""value"": 37.21055221557617}, {""token_id"": 31275, ""token"": ""GTT"", ""value"": 37.24030685424805}, {""token_id"": 8751, ""token"": ""sensors"", ""value"": 37.24774169921875}, {""token_id"": 38231, ""token"": ""GAC"", ""value"": 37.259437561035156}, {""token_id"": 21294, ""token"": ""entity"", ""value"": 37.261444091796875}]",187,"
",1,0.08931170403957367,0.012862220406532288,0.1555023193359375,0.5804005861282349,"[{""token_id"": 187, ""token"": ""\n"", ""value"": 0.08931170403957367}, {""token_id"": 15, ""token"": ""."", ""value"": 0.07644948363304138}, {""token_id"": 13, ""token"": "","", ""value"": 0.04097912088036537}, {""token_id"": 1794, ""token"": "" bi"", ""value"": 0.039722904562950134}, {""token_id"": 281, ""token"": "" to"", ""value"": 0.03422798961400986}]",True,False,False,0.3952248767018318
step5000,0,256,256,3,6574, miles,404,7,1.293639739032944,-0.2334406827436083,-1.4077291043916698,-1.9959915701978657,3.7285566745271126,0.018734930083155632,1.0093833208084106,0.9940592050552368,0.1752167046070099,0.9940592050552368,0.1752167046070099,1.0093833208084106,1.7444298267364502,1.719784140586853,15.495332717895508,1.7282134294509888,37.704925537109375,37906,GAA,0,0.20921620726585388,0.7907837927341461,0.00477069616317749,"[{""token_id"": 37906, ""token"": ""GAA"", ""value"": 0.20921620726585388}, {""token_id"": 31275, ""token"": ""GTT"", ""value"": 0.2044455111026764}, {""token_id"": 8751, ""token"": ""sensors"", ""value"": 0.18819560110569}, {""token_id"": 38231, ""token"": ""GAC"", ""value"": 0.17856428027153015}, {""token_id"": 39465, ""token"": ""它"", ""value"": 0.17589890956878662}]",37906,GAA,0,37.47219467163086,0.00689697265625,0.00018405574364373974,"[{""token_id"": 37906, ""token"": ""GAA"", ""value"": 37.47219467163086}, {""token_id"": 31275, ""token"": ""GTT"", ""value"": 37.47909164428711}, {""token_id"": 8751, ""token"": ""sensors"", ""value"": 37.49812316894531}, {""token_id"": 38231, ""token"": ""GAC"", ""value"": 37.50830078125}, {""token_id"": 39465, ""token"": ""它"", ""value"": 37.509124755859375}]",187,"
",1,0.07527832686901093,0.02244669198989868,0.3540821075439453,0.5885384678840637,"[{""token_id"": 187, ""token"": ""\n"", ""value"": 0.07527832686901093}, {""token_id"": 15, ""token"": ""."", ""value"": 0.052831634879112244}, {""token_id"": 209, ""token"": "" "", ""value"": 0.04510442912578583}, {""token_id"": 1794, ""token"": "" bi"", ""value"": 0.03889086842536926}, {""token_id"": 13, ""token"": "","", ""value"": 0.038365721702575684}]",True,False,False,0.402452290058136
step5000,256,512,512,0,21825, clones,2,0,1.1402752430969236,-0.39233905138898995,-1.6719306384855457,-1.5071461858368906,3.7285566745271126,0.008427739143371582,1.0002496242523193,0.995403528213501,0.09834229201078415,0.995403528213501,0.09834229201078415,1.0002496242523193,1.7475855350494385,1.704859733581543,15.280498504638672,1.7471493482589722,37.509803771972656,37906,GAA,0,0.2010176181793213,0.7989823818206787,0.019398927688598633,"[{""token_id"": 37906, ""token"": ""GAA"", ""value"": 0.2010176181793213}, {""token_id"": 31275, ""token"": ""GTT"", ""value"": 0.18161869049072266}, {""token_id"": 8751, ""token"": ""sensors"", ""value"": 0.18095579743385315}, {""token_id"": 11850, ""token"": "" maintaining"", ""value"": 0.17572373151779175}, {""token_id"": 32649, ""token"": ""hospital"", ""value"": 0.1738184541463852}]",37906,GAA,0,37.28706741333008,0.024402618408203125,0.0006544526051807234,"[{""token_id"": 37906, ""token"": ""GAA"", ""value"": 37.28706741333008}, {""token_id"": 31275, ""token"": ""GTT"", ""value"": 37.31147003173828}, {""token_id"": 8751, ""token"": ""sensors"", ""value"": 37.31180953979492}, {""token_id"": 11850, ""token"": "" maintaining"", ""value"": 37.31598663330078}, {""token_id"": 32649, ""token"": ""hospital"", ""value"": 37.31625747680664}]",187,"
",1,0.07583632320165634,0.01370188221335411,0.19927692413330078,0.5931987762451172,"[{""token_id"": 187, ""token"": ""\n"", ""value"": 0.07583632320165634}, {""token_id"": 15, ""token"": ""."", ""value"": 0.06213444098830223}, {""token_id"": 13, ""token"": "","", ""value"": 0.04482650384306908}, {""token_id"": 1794, ""token"": "" bi"", ""value"": 0.035417117178440094}, {""token_id"": 281, ""token"": "" to"", ""value"": 0.03481592610478401}]",True,False,False,0.3623094744980335
step5000,256,512,512,1,23778, motive,8,2,0.8026680188537197,-0.4938763843967467,-1.7142192550437383,-1.7165883331337035,3.7285566745271126,0.009489183314144611,0.9901925325393677,0.985382616519928,0.09748010337352753,0.987191379070282,0.0,0.987191379070282,1.7213478088378906,1.7032501697540283,15.264358520507812,1.7383971214294434,37.71500778198242,37906,GAA,0,0.1941268891096115,0.8058731108903885,0.011498823761940002,"[{""token_id"": 37906, ""token"": ""GAA"", ""value"": 0.1941268891096115}, {""token_id"": 11850, ""token"": "" maintaining"", ""value"": 0.1826280653476715}, {""token_id"": 31275, ""token"": ""GTT"", ""value"": 0.17886926233768463}, {""token_id"": 8751, ""token"": ""sensors"", ""value"": 0.1779615581035614}, {""token_id"": 32649, ""token"": ""hospital"", ""value"": 0.17732222378253937}]",37906,GAA,0,37.50048828125,0.0121917724609375,0.0003251096990924597,"[{""token_id"": 37906, ""token"": ""GAA"", ""value"": 37.50048828125}, {""token_id"": 11850, ""token"": "" maintaining"", ""value"": 37.51268005371094}, {""token_id"": 32649, ""token"": ""hospital"", ""value"": 37.51703643798828}, {""token_id"": 31275, ""token"": ""GTT"", ""value"": 37.51987075805664}, {""token_id"": 8751, ""token"": ""sensors"", ""value"": 37.520511627197266}]",187,"
",1,0.05975097045302391,0.010579876601696014,0.19487953186035156,0.6033423542976379,"[{""token_id"": 187, ""token"": ""\n"", ""value"": 0.05975097045302391}, {""token_id"": 15, ""token"": ""."", ""value"": 0.049171093851327896}, {""token_id"": 13, ""token"": "","", ""value"": 0.04642461612820625}, {""token_id"": 281, ""token"": "" to"", ""value"": 0.039293717592954636}, {""token_id"": 1794, ""token"": "" bi"", ""value"": 0.03269018977880478}]",True,False,False,0.3827943950891495
step5000,256,512,512,2,19211, cabinet,33,5,0.8077495918830688,-0.5266721414210078,-2.110481993752593,-1.6247972600522713,3.7285566745271126,0.010248709470033646,0.9857277870178223,0.97935950756073,0.11186709254980087,0.9796192646026611,0.020258281379938126,0.9798287153244019,2.1216139793395996,1.728046178817749,15.284832000732422,2.1523325443267822,37.31161117553711,37906,GAA,0,0.1853754073381424,0.8146245926618576,0.001086801290512085,"[{""token_id"": 37906, ""token"": ""GAA"", ""value"": 0.1853754073381424}, {""token_id"": 11850, ""token"": "" maintaining"", ""value"": 0.1842886060476303}, {""token_id"": 27676, ""token"": ""encoding"", ""value"": 0.17379730939865112}, {""token_id"": 3072, ""token"": "" population"", ""value"": 0.17084534466266632}, {""token_id"": 38914, ""token"": ""icile"", ""value"": 0.17067645490169525}]",11850, maintaining,42,37.10746383666992,0.000392913818359375,1.0588538739505395e-05,"[{""token_id"": 11850, ""token"": "" maintaining"", ""value"": 37.10746383666992}, {""token_id"": 37906, ""token"": ""GAA"", ""value"": 37.10785675048828}, {""token_id"": 27676, ""token"": ""encoding"", ""value"": 37.117767333984375}, {""token_id"": 8206, ""token"": ""life"", ""value"": 37.12229537963867}, {""token_id"": 38914, ""token"": ""icile"", ""value"": 37.12356948852539}]",13,",",2711,0.05834030732512474,0.0077208057045936584,0.14195632934570312,0.6212198138237,"[{""token_id"": 13, ""token"": "","", ""value"": 0.05834030732512474}, {""token_id"": 281, ""token"": "" to"", ""value"": 0.05061950162053108}, {""token_id"": 15, ""token"": ""."", ""value"": 0.041373495012521744}, {""token_id"": 187, ""token"": ""\n"", ""value"": 0.03911950811743736}, {""token_id"": 966, ""token"": "" class"", ""value"": 0.026038266718387604}]",False,False,False,0.3640870675444603
step5000,256,512,512,3,6574, miles,404,7,0.6034151798940403,-0.3996935894260059,-1.5134591640585062,-1.9881613833488052,3.7285566745271126,0.007159696891903877,0.9950386881828308,0.9943138360977173,0.0379737988114357,0.9943138360977173,0.0379737988114357,0.9950386881828308,1.8701742887496948,1.7165497541427612,15.235649108886719,1.879499077796936,37.8195686340332,11850, maintaining,42,0.19730739295482635,0.8026926070451736,0.01836542785167694,"[{""token_id"": 11850, ""token"": "" maintaining"", ""value"": 0.19730739295482635}, {""token_id"": 14054, ""token"": ""atom"", ""value"": 0.17894196510314941}, {""token_id"": 6478, ""token"": "" elev"", ""value"": 0.17380273342132568}, {""token_id"": 38914, ""token"": ""icile"", ""value"": 0.17226099967956543}, {""token_id"": 37906, ""token"": ""GAA"", ""value"": 0.17183130979537964}]",11850, maintaining,42,37.59930419921875,0.02059173583984375,0.0005476626836161402,"[{""token_id"": 11850, ""token"": "" maintaining"", ""value"": 37.59930419921875}, {""token_id"": 14054, ""token"": ""atom"", ""value"": 37.619895935058594}, {""token_id"": 6478, ""token"": "" elev"", ""value"": 37.62368392944336}, {""token_id"": 27676, ""token"": ""encoding"", ""value"": 37.628360748291016}, {""token_id"": 38914, ""token"": ""icile"", ""value"": 37.62933349609375}]",13,",",2711,0.05639706552028656,0.0016793981194496155,0.03023052215576172,0.6194043159484863,"[{""token_id"": 13, ""token"": "","", ""value"": 0.05639706552028656}, {""token_id"": 281, ""token"": "" to"", ""value"": 0.054717667400836945}, {""token_id"": 187, ""token"": ""\n"", ""value"": 0.04236225038766861}, {""token_id"": 15, ""token"": ""."", ""value"": 0.034919623285532}, {""token_id"": 209, ""token"": "" "", ""value"": 0.027689607813954353}]",True,False,False,0.32182304561138153
step5000,512,768,768,0,21825, clones,2,0,0.5474512060085597,-0.11246909101054159,-1.640742318757892,-1.929214740406526,3.7285566745271126,0.006661837920546532,1.0056171417236328,0.9904859066009521,0.1737915724515915,1.0039525032043457,0.046523697674274445,1.0050299167633057,1.732907772064209,1.7202680110931396,15.392995834350586,1.723228096961975,37.6544075012207,37906,GAA,0,0.20057091116905212,0.7994290888309479,0.01324377954006195,"[{""token_id"": 37906, ""token"": ""GAA"", ""value"": 0.20057091116905212}, {""token_id"": 31275, ""token"": ""GTT"", ""value"": 0.18732713162899017}, {""token_id"": 3072, ""token"": "" population"", ""value"": 0.17868486046791077}, {""token_id"": 11850, ""token"": "" maintaining"", ""value"": 0.17543455958366394}, {""token_id"": 32649, ""token"": ""hospital"", ""value"": 0.1745239794254303}]",37906,GAA,0,37.4321403503418,0.0170135498046875,0.00045451715144929314,"[{""token_id"": 37906, ""token"": ""GAA"", ""value"": 37.4321403503418}, {""token_id"": 31275, ""token"": ""GTT"", ""value"": 37.449153900146484}, {""token_id"": 32649, ""token"": ""hospital"", ""value"": 37.45991897583008}, {""token_id"": 11850, ""token"": "" maintaining"", ""value"": 37.460872650146484}, {""token_id"": 8751, ""token"": ""sensors"", ""value"": 37.46467590332031}]",187,"
",1,0.06232686713337898,0.01862431690096855,0.35498619079589844,0.6055736541748047,"[{""token_id"": 187, ""token"": ""\n"", ""value"": 0.06232686713337898}, {""token_id"": 15, ""token"": ""."", ""value"": 0.04370255023241043}, {""token_id"": 281, ""token"": "" to"", ""value"": 0.042021218687295914}, {""token_id"": 13, ""token"": "","", ""value"": 0.03928820788860321}, {""token_id"": 209, ""token"": "" "", ""value"": 0.038885995745658875}]",True,False,False,0.38702498003840446
step5000,512,768,768,1,23778, motive,8,2,0.471092167789381,-0.7852615316513967,-1.9139230256275683,-1.7456736948135887,3.7285566745271126,0.014452402479946613,0.9860697388648987,0.9832414388656616,0.07463141530752182,0.9832414388656616,0.07463141530752182,0.9860697388648987,1.7693729400634766,1.7062097787857056,15.260480880737305,1.7943689823150635,37.77878952026367,37906,GAA,0,0.1847887486219406,0.8152112513780594,0.0028467029333114624,"[{""token_id"": 37906, ""token"": ""GAA"", ""value"": 0.1847887486219406}, {""token_id"": 11850, ""token"": "" maintaining"", ""value"": 0.18194204568862915}, {""token_id"": 8751, ""token"": ""sensors"", ""value"": 0.18033373355865479}, {""token_id"": 32649, ""token"": ""hospital"", ""value"": 0.176446795463562}, {""token_id"": 3072, ""token"": "" population"", ""value"": 0.1713864952325821}]",37906,GAA,0,37.57550811767578,0.0017547607421875,4.669958784568101e-05,"[{""token_id"": 37906, ""token"": ""GAA"", ""value"": 37.57550811767578}, {""token_id"": 11850, ""token"": "" maintaining"", ""value"": 37.57726287841797}, {""token_id"": 8751, ""token"": ""sensors"", ""value"": 37.58140563964844}, {""token_id"": 32649, ""token"": ""hospital"", ""value"": 37.58186340332031}, {""token_id"": 6478, ""token"": "" elev"", ""value"": 37.587806701660156}]",13,",",2711,0.053176939487457275,0.007954400032758713,0.16202926635742188,0.6126735210418701,"[{""token_id"": 13, ""token"": "","", ""value"": 0.053176939487457275}, {""token_id"": 187, ""token"": ""\n"", ""value"": 0.04522253945469856}, {""token_id"": 281, ""token"": "" to"", ""value"": 0.04265286400914192}, {""token_id"": 15, ""token"": ""."", ""value"": 0.04145704209804535}, {""token_id"": 1794, ""token"": "" bi"", ""value"": 0.02181260846555233}]",True,False,False,0.36093052104115486
step5000,512,768,768,2,19211, cabinet,33,5,0.898496225484657,-0.11464524179122892,-1.3095194126776306,-2.13163075490445,3.7285566745271126,0.009433750994503498,1.0134865045547485,0.997638463973999,0.17852811515331268,1.0104774236679077,0.0,1.0104774236679077,1.7469907999038696,1.7442691326141357,15.529848098754883,1.7237435579299927,37.39794921875,37906,GAA,0,0.21598529815673828,0.7840147018432617,0.02373144030570984,"[{""token_id"": 37906, ""token"": ""GAA"", ""value"": 0.21598529815673828}, {""token_id"": 31275, ""token"": ""GTT"", ""value"": 0.19225385785102844}, {""token_id"": 38231, ""token"": ""GAC"", ""value"": 0.18079745769500732}, {""token_id"": 8751, ""token"": ""sensors"", ""value"": 0.18049034476280212}, {""token_id"": 21294, ""token"": ""entity"", ""value"": 0.1767251044511795}]",37906,GAA,0,37.15719223022461,0.029712677001953125,0.0007996480686122476,"[{""token_id"": 37906, ""token"": ""GAA"", ""value"": 37.15719223022461}, {""token_id"": 31275, ""token"": ""GTT"", ""value"": 37.18690490722656}, {""token_id"": 38231, ""token"": ""GAC"", ""value"": 37.19877243041992}, {""token_id"": 8751, ""token"": ""sensors"", ""value"": 37.20056915283203}, {""token_id"": 21294, ""token"": ""entity"", ""value"": 37.20093536376953}]",187,"
",1,0.09198261052370071,0.023338131606578827,0.29265880584716797,0.5755720138549805,"[{""token_id"": 187, ""token"": ""\n"", ""value"": 0.09198261052370071}, {""token_id"": 15, ""token"": ""."", ""value"": 0.06864447891712189}, {""token_id"": 209, ""token"": "" "", ""value"": 0.049072831869125366}, {""token_id"": 1794, ""token"": "" bi"", ""value"": 0.03323478624224663}, {""token_id"": 13, ""token"": "","", ""value"": 0.031118500977754593}]",True,False,False,0.3924309313297272
step5000,512,768,768,3,6574, miles,404,7,0.6405044316561763,-0.0631320074633206,-1.644422623781941,-1.661284578000824,3.7285566745271126,0.00010972026211675256,1.0083123445510864,1.0083123445510864,0.0,1.0083123445510864,0.0,1.0083123445510864,1.748626470565796,1.6921757459640503,15.351066589355469,1.7342110872268677,37.645660400390625,37906,GAA,0,0.2022031843662262,0.7977968156337738,0.008205309510231018,"[{""token_id"": 37906, ""token"": ""GAA"", ""value"": 0.2022031843662262}, {""token_id"": 25978, ""token"": "" governance"", ""value"": 0.19399787485599518}, {""token_id"": 3072, ""token"": "" population"", ""value"": 0.18879111111164093}, {""token_id"": 31275, ""token"": ""GTT"", ""value"": 0.18512746691703796}, {""token_id"": 14054, ""token"": ""atom"", ""value"": 0.1838265061378479}]",37906,GAA,0,37.42142868041992,0.00879669189453125,0.0002350709795089667,"[{""token_id"": 37906, ""token"": ""GAA"", ""value"": 37.42142868041992}, {""token_id"": 25978, ""token"": "" governance"", ""value"": 37.43022537231445}, {""token_id"": 14054, ""token"": ""atom"", ""value"": 37.440067291259766}, {""token_id"": 31275, ""token"": ""GTT"", ""value"": 37.443050384521484}, {""token_id"": 8206, ""token"": ""life"", ""value"": 37.445091247558594}]",966, class,348,0.07534492760896683,0.007447294890880585,0.10407543182373047,0.6004313826560974,"[{""token_id"": 966, ""token"": "" class"", ""value"": 0.07534492760896683}, {""token_id"": 187, ""token"": ""\n"", ""value"": 0.06789763271808624}, {""token_id"": 209, ""token"": "" "", ""value"": 0.040807776153087616}, {""token_id"": 15, ""token"": ""."", ""value"": 0.029589641839265823}, {""token_id"": 13, ""token"": "","", ""value"": 0.024353181943297386}]",True,False,False,0.37078581750392914
step5000,768,1024,1024,0,21825, clones,2,0,0.5210756043466434,0.24025268592840954,-1.3585355892631141,-1.9531861838297282,3.7285566745271126,-0.0026483379770070314,1.0194913148880005,1.0040795803070068,0.17659781873226166,1.0040795803070068,0.17659781873226166,1.0194913148880005,1.7308844327926636,1.7190561294555664,15.418794631958008,1.6977921724319458,37.57643508911133,37906,GAA,0,0.219277486205101,0.780722513794899,0.025918617844581604,"[{""token_id"": 37906, ""token"": ""GAA"", ""value"": 0.219277486205101}, {""token_id"": 31275, ""token"": ""GTT"", ""value"": 0.1933588683605194}, {""token_id"": 38231, ""token"": ""GAC"", ""value"": 0.17797186970710754}, {""token_id"": 8751, ""token"": ""sensors"", ""value"": 0.17730168998241425}, {""token_id"": 32649, ""token"": ""hospital"", ""value"": 0.1748989224433899}]",37906,GAA,0,37.33161163330078,0.0323638916015625,0.000866929933790832,"[{""token_id"": 37906, ""token"": ""GAA"", ""value"": 37.33161163330078}, {""token_id"": 31275, ""token"": ""GTT"", ""value"": 37.363975524902344}, {""token_id"": 38231, ""token"": ""GAC"", ""value"": 37.380592346191406}, {""token_id"": 32649, ""token"": ""hospital"", ""value"": 37.38152313232422}, {""token_id"": 8751, ""token"": ""sensors"", ""value"": 37.3828010559082}]",187,"
",1,0.08864961564540863,0.027426376938819885,0.3701648712158203,0.5865864753723145,"[{""token_id"": 187, ""token"": ""\n"", ""value"": 0.08864961564540863}, {""token_id"": 15, ""token"": ""."", ""value"": 0.061223238706588745}, {""token_id"": 209, ""token"": "" "", ""value"": 0.04152844101190567}, {""token_id"": 281, ""token"": "" to"", ""value"": 0.036969058215618134}, {""token_id"": 13, ""token"": "","", ""value"": 0.0352516695857048}]",True,False,False,0.3757087290287018
step5000,768,1024,1024,1,23778, motive,8,2,0.5011278685138132,0.19166263477413192,-1.6322576026573703,-1.9677871891977325,3.7285566745271126,0.006967213936150074,1.0352500677108765,1.0352500677108765,0.0,1.0352500677108765,0.0,1.0352500677108765,1.7647168636322021,1.7130147218704224,15.54198932647705,1.704628586769104,37.5062370300293,37906,GAA,0,0.22310370206832886,0.7768962979316711,0.029754340648651123,"[{""token_id"": 37906, ""token"": ""GAA"", ""value"": 0.22310370206832886}, {""token_id"": 31275, ""token"": ""GTT"", ""value"": 0.19334936141967773}, {""token_id"": 8751, ""token"": ""sensors"", ""value"": 0.18460212647914886}, {""token_id"": 25978, ""token"": "" governance"", ""value"": 0.1834285706281662}, {""token_id"": 19914, ""token"": ""ementia"", ""value"": 0.1816440373659134}]",37906,GAA,0,37.25682830810547,0.036998748779296875,0.0009930729602994025,"[{""token_id"": 37906, ""token"": ""GAA"", ""value"": 37.25682830810547}, {""token_id"": 31275, ""token"": ""GTT"", ""value"": 37.293827056884766}, {""token_id"": 25978, ""token"": "" governance"", ""value"": 37.30370330810547}, {""token_id"": 19914, ""token"": ""ementia"", ""value"": 37.30384826660156}, {""token_id"": 8751, ""token"": ""sensors"", ""value"": 37.303855895996094}]",187,"
",1,0.0757066085934639,0.009170830249786377,0.12912559509277344,0.5918362140655518,"[{""token_id"": 187, ""token"": ""\n"", ""value"": 0.0757066085934639}, {""token_id"": 15, ""token"": ""."", ""value"": 0.06653577834367752}, {""token_id"": 209, ""token"": "" "", ""value"": 0.04121788591146469}, {""token_id"": 281, ""token"": "" to"", ""value"": 0.03184249624609947}, {""token_id"": 13, ""token"": "","", ""value"": 0.02663309872150421}]",True,False,False,0.36650224030017853
step5000,768,1024,1024,2,19211, cabinet,33,5,0.8933821628880364,-0.638644636616508,-1.6610089967503612,-1.5970357201242822,3.7285566745271126,0.008718926459550858,1.0137118101119995,1.0102304220199585,0.0839412584900856,1.0102304220199585,0.0839412584900856,1.0137118101119995,1.7483378648757935,1.7000740766525269,15.411462783813477,1.724689245223999,37.739654541015625,37906,GAA,0,0.20587126910686493,0.7941287308931351,0.001660764217376709,"[{""token_id"": 37906, ""token"": ""GAA"", ""value"": 0.20587126910686493}, {""token_id"": 25978, ""token"": "" governance"", ""value"": 0.20421050488948822}, {""token_id"": 19914, ""token"": ""ementia"", ""value"": 0.19518780708312988}, {""token_id"": 31275, ""token"": ""GTT"", ""value"": 0.19258546829223633}, {""token_id"": 3072, ""token"": "" population"", ""value"": 0.1888703852891922}]",37906,GAA,0,37.51094436645508,0.000827789306640625,2.206794098686815e-05,"[{""token_id"": 37906, ""token"": ""GAA"", ""value"": 37.51094436645508}, {""token_id"": 25978, ""token"": "" governance"", ""value"": 37.51177215576172}, {""token_id"": 19914, ""token"": ""ementia"", ""value"": 37.52052307128906}, {""token_id"": 31275, ""token"": ""GTT"", ""value"": 37.528045654296875}, {""token_id"": 8751, ""token"": ""sensors"", ""value"": 37.53244400024414}]",187,"
",1,0.08458993583917618,0.03859839588403702,0.6093578338623047,0.5997270941734314,"[{""token_id"": 187, ""token"": ""\n"", ""value"": 0.08458993583917618}, {""token_id"": 209, ""token"": "" "", ""value"": 0.04599153995513916}, {""token_id"": 15, ""token"": ""."", ""value"": 0.038606222718954086}, {""token_id"": 966, ""token"": "" class"", ""value"": 0.03792911395430565}, {""token_id"": 281, ""token"": "" to"", ""value"": 0.023413589224219322}]",True,False,False,0.35645706951618195
step5000,768,1024,1024,3,6574, miles,404,7,0.8415940068101512,-0.7863592483914934,-2.117479106839868,-1.7368298295350695,3.7285566745271126,0.00020942780247423798,1.0078080892562866,1.0034774541854858,0.09332776814699173,1.0034774541854858,0.09332776814699173,1.0078080892562866,1.999374270439148,1.725343942642212,15.375398635864258,1.9838839769363403,37.37592315673828,37906,GAA,0,0.1923706978559494,0.8076293021440506,0.013949751853942871,"[{""token_id"": 37906, ""token"": ""GAA"", ""value"": 0.1923706978559494}, {""token_id"": 3072, ""token"": "" population"", ""value"": 0.17842094600200653}, {""token_id"": 11850, ""token"": "" maintaining"", ""value"": 0.17573975026607513}, {""token_id"": 8751, ""token"": ""sensors"", ""value"": 0.17477647960186005}, {""token_id"": 7092, ""token"": "" implementation"", ""value"": 0.17011666297912598}]",37906,GAA,0,37.163692474365234,0.018463134765625,0.0004968057137584081,"[{""token_id"": 37906, ""token"": ""GAA"", ""value"": 37.163692474365234}, {""token_id"": 11850, ""token"": "" maintaining"", ""value"": 37.18215560913086}, {""token_id"": 8751, ""token"": ""sensors"", ""value"": 37.185428619384766}, {""token_id"": 19914, ""token"": ""ementia"", ""value"": 37.18918991088867}, {""token_id"": 46089, ""token"": ""introduction"", ""value"": 37.19050979614258}]",13,",",2711,0.06147985905408859,0.011187199503183365,0.2008504867553711,0.6069918870925903,"[{""token_id"": 13, ""token"": "","", ""value"": 0.06147985905408859}, {""token_id"": 281, ""token"": "" to"", ""value"": 0.05029265955090523}, {""token_id"": 15, ""token"": ""."", ""value"": 0.04946589097380638}, {""token_id"": 187, ""token"": ""\n"", ""value"": 0.041943419724702835}, {""token_id"": 310, ""token"": "" is"", ""value"": 0.022329900413751602}]",True,False,False,0.3666823096573353
step7000,0,256,256,0,21825, clones,2,0,0.5064946537545134,-1.3719901622622703,-2.739781518134876,-1.6381386247293057,3.660170176560871,0.02467120811343193,0.9945042133331299,0.9825323820114136,0.15384632349014282,0.9825323820114136,0.15384632349014282,0.9945042133331299,1.8903937339782715,1.6777825355529785,15.099712371826172,1.900840401649475,38.56728744506836,11607, preserv,2,0.19462066888809204,0.805379331111908,0.01496054232120514,"[{""token_id"": 11607, ""token"": "" preserv"", ""value"": 0.19462066888809204}, {""token_id"": 15660, ""token"": "" caf"", ""value"": 0.1796601265668869}, {""token_id"": 48952, ""token"": ""ства"", ""value"": 0.17895132303237915}, {""token_id"": 13016, ""token"": "" landscape"", ""value"": 0.17633120715618134}, {""token_id"": 43916, ""token"": "" banning"", ""value"": 0.17504018545150757}]",11607, preserv,2,38.33175277709961,0.018798828125,0.0004904244330885623,"[{""token_id"": 11607, ""token"": "" preserv"", ""value"": 38.33175277709961}, {""token_id"": 15660, ""token"": "" caf"", ""value"": 38.35055160522461}, {""token_id"": 48952, ""token"": ""ства"", ""value"": 38.35415267944336}, {""token_id"": 43916, ""token"": "" banning"", ""value"": 38.356876373291016}, {""token_id"": 14404, ""token"": "" trop"", ""value"": 38.35783004760742}]",13,",",2711,0.07458377629518509,0.040922343730926514,0.7955703735351562,0.6308789849281311,"[{""token_id"": 13, ""token"": "","", ""value"": 0.07458377629518509}, {""token_id"": 275, ""token"": "" in"", ""value"": 0.033661432564258575}, {""token_id"": 187, ""token"": ""\n"", ""value"": 0.03043077141046524}, {""token_id"": 15, ""token"": ""."", ""value"": 0.028728554025292397}, {""token_id"": 327, ""token"": "" on"", ""value"": 0.017166394740343094}]",True,False,False,0.36734631657600403
step7000,0,256,256,1,23778, motive,8,2,1.7014836900791077,-0.8132245933575817,-1.3133384681760103,0.9405196980647363,3.660170176560871,0.027182120829820633,1.0672073364257812,1.049811840057373,0.19190271198749542,1.049811840057373,0.19190271198749542,1.0672073364257812,2.3173513412475586,1.8184276819229126,16.491241455078125,2.1714162826538086,40.07081604003906,12328,ynamic,1,0.19510182738304138,0.8048981726169586,0.018799632787704468,"[{""token_id"": 12328, ""token"": ""ynamic"", ""value"": 0.19510182738304138}, {""token_id"": 42557, ""token"": "" politique"", ""value"": 0.17630219459533691}, {""token_id"": 48286, ""token"": "" Catalog"", ""value"": 0.17294034361839294}, {""token_id"": 33698, ""token"": "" cuisine"", ""value"": 0.17236556112766266}, {""token_id"": 37906, ""token"": ""GAA"", ""value"": 0.16431765258312225}]",12328,ynamic,1,39.838985443115234,0.02100372314453125,0.0005272153121098369,"[{""token_id"": 12328, ""token"": ""ynamic"", ""value"": 39.838985443115234}, {""token_id"": 42557, ""token"": "" politique"", ""value"": 39.859989166259766}, {""token_id"": 48286, ""token"": "" Catalog"", ""value"": 39.860107421875}, {""token_id"": 33698, ""token"": "" cuisine"", ""value"": 39.864356994628906}, {""token_id"": 31767, ""token"": "" blo"", ""value"": 39.8765869140625}]",15,.,8666,0.07155825197696686,0.030316580086946487,0.5510625839233398,0.633001446723938,"[{""token_id"": 15, ""token"": ""."", ""value"": 0.07155825197696686}, {""token_id"": 13, ""token"": "","", ""value"": 0.04124167189002037}, {""token_id"": 187, ""token"": ""\n"", ""value"": 0.03490067645907402}, {""token_id"": 209, ""token"": "" "", ""value"": 0.019695548340678215}, {""token_id"": 275, ""token"": "" in"", ""value"": 0.019500145688652992}]",True,False,False,0.3645685687661171
step7000,0,256,256,2,19211, cabinet,33,5,0.2946053590044748,0.7248641047129405,-1.7812373724059904,-0.7805316000796212,3.660170176560871,0.029293352738022804,1.0764141082763672,1.0675212144851685,0.13807830214500427,1.0675212144851685,0.13807830214500427,1.0764141082763672,2.16086483001709,1.9474272727966309,16.35565757751465,2.0074660778045654,37.99415588378906,39287, repertoire,27,0.18631085753440857,0.8136891424655914,0.0019771456718444824,"[{""token_id"": 39287, ""token"": "" repertoire"", ""value"": 0.18631085753440857}, {""token_id"": 15660, ""token"": "" caf"", ""value"": 0.1843337118625641}, {""token_id"": 30058, ""token"": "" shelves"", ""value"": 0.17057889699935913}, {""token_id"": 27050, ""token"": "" firearms"", ""value"": 0.16920696198940277}, {""token_id"": 17370, ""token"": "" SV"", ""value"": 0.16759826242923737}]",39287, repertoire,27,37.76906967163086,0.00243377685546875,6.44383585994656e-05,"[{""token_id"": 39287, ""token"": "" repertoire"", ""value"": 37.76906967163086}, {""token_id"": 15660, ""token"": "" caf"", ""value"": 37.77150344848633}, {""token_id"": 30058, ""token"": "" shelves"", ""value"": 37.790977478027344}, {""token_id"": 27050, ""token"": "" firearms"", ""value"": 37.791954040527344}, {""token_id"": 4792, ""token"": ""stance"", ""value"": 37.79319381713867}]",275, in,39777,0.03639394789934158,0.007139500230550766,0.21837091445922852,0.6503183841705322,"[{""token_id"": 275, ""token"": "" in"", ""value"": 0.03639394789934158}, {""token_id"": 13, ""token"": "","", ""value"": 0.029254447668790817}, {""token_id"": 281, ""token"": "" to"", ""value"": 0.02245820127427578}, {""token_id"": 15, ""token"": ""."", ""value"": 0.02101888507604599}, {""token_id"": 273, ""token"": "" of"", ""value"": 0.019942473620176315}]",True,False,False,0.32358481734991074
step7000,0,256,256,3,6574, miles,404,7,2.0375769563959594,-1.618982717175884,-2.2816754439013547,-0.9869869595800933,3.660170176560871,0.028793709352612495,1.0677731037139893,1.0677731037139893,0.0,1.0677731037139893,0.0,1.0677731037139893,1.9980947971343994,1.7784204483032227,16.165029525756836,1.8712728023529053,40.24966049194336,42557, politique,0,0.18655957281589508,0.8134404271841049,0.00880877673625946,"[{""token_id"": 42557, ""token"": "" politique"", ""value"": 0.18655957281589508}, {""token_id"": 22583, ""token"": "" fastest"", ""value"": 0.17775079607963562}, {""token_id"": 12328, ""token"": ""ynamic"", ""value"": 0.1770952194929123}, {""token_id"": 24820, ""token"": "" GDP"", ""value"": 0.17576062679290771}, {""token_id"": 48286, ""token"": "" Catalog"", ""value"": 0.17569135129451752}]",42557, politique,0,40.025177001953125,0.00786590576171875,0.00019652394694806506,"[{""token_id"": 42557, ""token"": "" politique"", ""value"": 40.025177001953125}, {""token_id"": 22583, ""token"": "" fastest"", ""value"": 40.033042907714844}, {""token_id"": 24820, ""token"": "" GDP"", ""value"": 40.034912109375}, {""token_id"": 48286, ""token"": "" Catalog"", ""value"": 40.035133361816406}, {""token_id"": 12328, ""token"": ""ynamic"", ""value"": 40.0411262512207}]",15,.,8666,0.05064507946372032,0.019110403954982758,0.4737544059753418,0.6686779856681824,"[{""token_id"": 15, ""token"": ""."", ""value"": 0.05064507946372032}, {""token_id"": 275, ""token"": "" in"", ""value"": 0.031534675508737564}, {""token_id"": 13, ""token"": "","", ""value"": 0.02276335097849369}, {""token_id"": 966, ""token"": "" class"", ""value"": 0.018804363906383514}, {""token_id"": 2579, ""token"": "" service"", ""value"": 0.013037151657044888}]",True,False,False,0.414535328745842
step7000,256,512,512,0,21825, clones,2,0,-0.5977410075060523,-0.6410563625488199,-1.9331607412410772,-0.29368099960673644,3.660170176560871,0.01641128957271576,1.0321645736694336,1.0321645736694336,0.0,1.0321645736694336,0.0,1.0321645736694336,1.8665928840637207,1.8253551721572876,15.877079963684082,1.8084256649017334,38.51793670654297,32649,hospital,3,0.19104710221290588,0.8089528977870941,0.01271703839302063,"[{""token_id"": 32649, ""token"": ""hospital"", ""value"": 0.19104710221290588}, {""token_id"": 50080, ""token"": "" foraging"", ""value"": 0.17833006381988525}, {""token_id"": 37906, ""token"": ""GAA"", ""value"": 0.1755828559398651}, {""token_id"": 48952, ""token"": ""ства"", ""value"": 0.17462575435638428}, {""token_id"": 8884, ""token"": "" declared"", ""value"": 0.17080757021903992}]",32649,hospital,3,38.28484344482422,0.019527435302734375,0.0005100565536039646,"[{""token_id"": 32649, ""token"": ""hospital"", ""value"": 38.28484344482422}, {""token_id"": 50080, ""token"": "" foraging"", ""value"": 38.30437088012695}, {""token_id"": 48952, ""token"": ""ства"", ""value"": 38.3105354309082}, {""token_id"": 37906, ""token"": ""GAA"", ""value"": 38.312217712402344}, {""token_id"": 26003, ""token"": ""コ"", ""value"": 38.312896728515625}]",187,"
",1,0.17172254621982574,0.08983395993709564,0.7405204772949219,0.51646888256073,"[{""token_id"": 187, ""token"": ""\n"", ""value"": 0.17172254621982574}, {""token_id"": 13, ""token"": "","", ""value"": 0.0818885862827301}, {""token_id"": 15, ""token"": ""."", ""value"": 0.05651430785655975}, {""token_id"": 209, ""token"": "" "", ""value"": 0.039167746901512146}, {""token_id"": 281, ""token"": "" to"", ""value"": 0.019880423322319984}]",True,False,False,0.30393632128834724
step7000,256,512,512,1,23778, motive,8,2,-0.863492894253713,-0.40810786758999595,-2.38760889484421,0.8333991722005561,3.660170176560871,0.02603626623749733,1.0313340425491333,1.0300288200378418,0.051871705800294876,1.0300288200378418,0.051871705800294876,1.0313340425491333,1.8545355796813965,1.8126264810562134,16.102937698364258,1.798190951347351,38.636207580566406,32649,hospital,3,0.18222548067569733,0.8177745193243027,0.0015867650508880615,"[{""token_id"": 32649, ""token"": ""hospital"", ""value"": 0.18222548067569733}, {""token_id"": 9657, ""token"": "" *)"", ""value"": 0.18063871562480927}, {""token_id"": 37500, ""token"": "" म"", ""value"": 0.1699117124080658}, {""token_id"": 13016, ""token"": "" landscape"", ""value"": 0.16966663300991058}, {""token_id"": 37906, ""token"": ""GAA"", ""value"": 0.1671384572982788}]",32649,hospital,3,38.4149169921875,0.00319671630859375,8.321549436756224e-05,"[{""token_id"": 32649, ""token"": ""hospital"", ""value"": 38.4149169921875}, {""token_id"": 9657, ""token"": "" *)"", ""value"": 38.418113708496094}, {""token_id"": 37500, ""token"": "" म"", ""value"": 38.43300247192383}, {""token_id"": 13016, ""token"": "" landscape"", ""value"": 38.43599319458008}, {""token_id"": 37906, ""token"": ""GAA"", ""value"": 38.44139099121094}]",187,"
",1,0.12598247826099396,0.07793114334344864,0.9638729095458984,0.5728908777236938,"[{""token_id"": 187, ""token"": ""\n"", ""value"": 0.12598247826099396}, {""token_id"": 13, ""token"": "","", ""value"": 0.04805133491754532}, {""token_id"": 15, ""token"": ""."", ""value"": 0.035301756113767624}, {""token_id"": 209, ""token"": "" "", ""value"": 0.02715841867029667}, {""token_id"": 15150, ""token"": "" riding"", ""value"": 0.025466227903962135}]",True,False,False,0.3570108152925968
step7000,256,512,512,2,19211, cabinet,33,5,0.07568994108205318,0.10946495635487757,-1.875052553474343,-0.9036883377595274,3.660170176560871,0.011547456495463848,0.983629584312439,0.9818241596221924,0.05956912785768509,0.9818241596221924,0.05956912785768509,0.983629584312439,1.8509376049041748,1.7727304697036743,15.552783966064453,1.8817424774169922,38.877105712890625,26003,コ,2,0.19154024124145508,0.8084597587585449,0.008390367031097412,"[{""token_id"": 26003, ""token"": ""コ"", ""value"": 0.19154024124145508}, {""token_id"": 32649, ""token"": ""hospital"", ""value"": 0.18314987421035767}, {""token_id"": 37906, ""token"": ""GAA"", ""value"": 0.16947048902511597}, {""token_id"": 38227, ""token"": "" Registry"", ""value"": 0.16779187321662903}, {""token_id"": 1982, ""token"": "" US"", ""value"": 0.16640424728393555}]",26003,コ,2,38.64316940307617,0.011260986328125,0.0002914094910452292,"[{""token_id"": 26003, ""token"": ""コ"", ""value"": 38.64316940307617}, {""token_id"": 32649, ""token"": ""hospital"", ""value"": 38.6544303894043}, {""token_id"": 38227, ""token"": "" Registry"", ""value"": 38.6762809753418}, {""token_id"": 37906, ""token"": ""GAA"", ""value"": 38.67913055419922}, {""token_id"": 23839, ""token"": ""CLC"", ""value"": 38.68424606323242}]",15,.,8666,0.04542725533246994,0.010705452412366867,0.26874446868896484,0.6283829808235168,"[{""token_id"": 15, ""token"": ""."", ""value"": 0.04542725533246994}, {""token_id"": 187, ""token"": ""\n"", ""value"": 0.03472180292010307}, {""token_id"": 13, ""token"": "","", ""value"": 0.034250449389219284}, {""token_id"": 966, ""token"": "" class"", ""value"": 0.025290731340646744}, {""token_id"": 281, ""token"": "" to"", ""value"": 0.02385251224040985}]",True,False,False,0.348888136446476
step7000,256,512,512,3,6574, miles,404,7,-0.66176355859528,-0.33862740326342305,-1.849158303723961,-0.2620990361244514,3.660170176560871,0.01872820034623146,1.0194811820983887,1.006198525428772,0.16403159499168396,1.0135018825531006,0.01870328187942505,1.0136744976043701,1.9328593015670776,1.7455921173095703,15.35330867767334,1.89592444896698,37.313602447509766,20751,icrobial,0,0.1701083779335022,0.8298916220664978,0.0008398890495300293,"[{""token_id"": 20751, ""token"": ""icrobial"", ""value"": 0.1701083779335022}, {""token_id"": 34209, ""token"": "" meaningless"", ""value"": 0.16926848888397217}, {""token_id"": 39482, ""token"": "" intrusion"", ""value"": 0.16648373007774353}, {""token_id"": 17370, ""token"": "" SV"", ""value"": 0.16550108790397644}, {""token_id"": 24543, ""token"": "" poses"", ""value"": 0.16341720521450043}]",34209, meaningless,8,37.10944366455078,0.00127410888671875,3.433381805008996e-05,"[{""token_id"": 34209, ""token"": "" meaningless"", ""value"": 37.10944366455078}, {""token_id"": 20751, ""token"": ""icrobial"", ""value"": 37.1107177734375}, {""token_id"": 39482, ""token"": "" intrusion"", ""value"": 37.1160774230957}, {""token_id"": 17370, ""token"": "" SV"", ""value"": 37.11728286743164}, {""token_id"": 24543, ""token"": "" poses"", ""value"": 37.119667053222656}]",187,"
",1,0.04189745709300041,0.009925201535224915,0.2703566551208496,0.671528160572052,"[{""token_id"": 187, ""token"": ""\n"", ""value"": 0.04189745709300041}, {""token_id"": 55, ""token"": ""V"", ""value"": 0.0319722555577755}, {""token_id"": 13, ""token"": "","", ""value"": 0.028665538877248764}, {""token_id"": 310, ""token"": "" is"", ""value"": 0.025814589112997055}, {""token_id"": 275, ""token"": "" in"", ""value"": 0.02187464013695717}]",False,False,False,0.3540005795657635
step7000,512,768,768,0,21825, clones,2,0,0.39454340230274276,-1.0013486367300817,-1.7410185958715874,-0.1179800905908299,3.660170176560871,0.016621749848127365,1.0157835483551025,1.0066114664077759,0.13619667291641235,1.0066114664077759,0.13619667291641235,1.0157835483551025,1.9517728090286255,1.8102048635482788,15.907496452331543,1.921445608139038,39.651058197021484,42557, politique,0,0.19542163610458374,0.8045783638954163,0.017621830105781555,"[{""token_id"": 42557, ""token"": "" politique"", ""value"": 0.19542163610458374}, {""token_id"": 31684, ""token"": "" destinations"", ""value"": 0.17779980599880219}, {""token_id"": 48286, ""token"": "" Catalog"", ""value"": 0.1739748865365982}, {""token_id"": 13016, ""token"": "" landscape"", ""value"": 0.17343245446681976}, {""token_id"": 37906, ""token"": ""GAA"", ""value"": 0.17297765612602234}]",42557, politique,0,39.41516876220703,0.023601531982421875,0.0005987931226379029,"[{""token_id"": 42557, ""token"": "" politique"", ""value"": 39.41516876220703}, {""token_id"": 31684, ""token"": "" destinations"", ""value"": 39.43877029418945}, {""token_id"": 48286, ""token"": "" Catalog"", ""value"": 39.439186096191406}, {""token_id"": 13016, ""token"": "" landscape"", ""value"": 39.44533920288086}, {""token_id"": 37906, ""token"": ""GAA"", ""value"": 39.4481201171875}]",187,"
",1,0.0828743726015091,0.022127293050289154,0.3106069564819336,0.5836167931556702,"[{""token_id"": 187, ""token"": ""\n"", ""value"": 0.0828743726015091}, {""token_id"": 209, ""token"": "" "", ""value"": 0.06074707955121994}, {""token_id"": 15, ""token"": ""."", ""value"": 0.058640263974666595}, {""token_id"": 13, ""token"": "","", ""value"": 0.051752712577581406}, {""token_id"": 966, ""token"": "" class"", ""value"": 0.025482837110757828}]",True,False,False,0.3840147852897644
step7000,512,768,768,1,23778, motive,8,2,-0.5957306163216057,-1.0763457790565838,-2.0827433789418417,-0.5621727654990627,3.660170176560871,0.01847103424370289,1.0291764736175537,1.0291764736175537,0.0,1.0291764736175537,0.0,1.0291764736175537,2.0866212844848633,1.77218759059906,15.663962364196777,2.0274670124053955,38.390342712402344,32649,hospital,3,0.1828976571559906,0.8171023428440094,0.0060348063707351685,"[{""token_id"": 32649, ""token"": ""hospital"", ""value"": 0.1828976571559906}, {""token_id"": 8884, ""token"": "" declared"", ""value"": 0.17686285078525543}, {""token_id"": 48952, ""token"": ""ства"", ""value"": 0.17217546701431274}, {""token_id"": 50080, ""token"": "" foraging"", ""value"": 0.1683174967765808}, {""token_id"": 33053, ""token"": ""biomolecules"", ""value"": 0.16563114523887634}]",32649,hospital,3,38.16829299926758,0.0101318359375,0.0002654516390789188,"[{""token_id"": 32649, ""token"": ""hospital"", ""value"": 38.16829299926758}, {""token_id"": 8884, ""token"": "" declared"", ""value"": 38.17842483520508}, {""token_id"": 48952, ""token"": ""ства"", ""value"": 38.186248779296875}, {""token_id"": 50080, ""token"": "" foraging"", ""value"": 38.19015121459961}, {""token_id"": 21270, ""token"": "" prevalent"", ""value"": 38.19304656982422}]",187,"
",1,0.18018271028995514,0.09638404846191406,0.7655544281005859,0.5137088298797607,"[{""token_id"": 187, ""token"": ""\n"", ""value"": 0.18018271028995514}, {""token_id"": 13, ""token"": "","", ""value"": 0.08379866182804108}, {""token_id"": 209, ""token"": "" "", ""value"": 0.06518968194723129}, {""token_id"": 15, ""token"": ""."", ""value"": 0.05481872707605362}, {""token_id"": 32, ""token"": ""?"", ""value"": 0.016752013936638832}]",True,False,False,0.35973213240504265
step7000,512,768,768,2,19211, cabinet,33,5,0.02873839995020444,0.10822227457910638,-1.9767587405869917,-0.9489328819311739,3.660170176560871,-0.01125393621623516,0.9931647777557373,0.9915938377380371,0.05583778768777847,0.9915938377380371,0.05583778768777847,0.9931647777557373,1.9297523498535156,1.7931116819381714,15.63293170928955,1.9430334568023682,38.7101936340332,26003,コ,2,0.19397574663162231,0.8060242533683777,0.01127709448337555,"[{""token_id"": 26003, ""token"": ""コ"", ""value"": 0.19397574663162231}, {""token_id"": 32649, ""token"": ""hospital"", ""value"": 0.18269865214824677}, {""token_id"": 37906, ""token"": ""GAA"", ""value"": 0.17688697576522827}, {""token_id"": 1982, ""token"": "" US"", ""value"": 0.16943728923797607}, {""token_id"": 23839, ""token"": ""CLC"", ""value"": 0.16742512583732605}]",26003,コ,2,38.47307586669922,0.01514434814453125,0.0003936349720776966,"[{""token_id"": 26003, ""token"": ""コ"", ""value"": 38.47307586669922}, {""token_id"": 32649, ""token"": ""hospital"", ""value"": 38.48822021484375}, {""token_id"": 37906, ""token"": ""GAA"", ""value"": 38.5026741027832}, {""token_id"": 38227, ""token"": "" Registry"", ""value"": 38.5105094909668}, {""token_id"": 23839, ""token"": ""CLC"", ""value"": 38.512123107910156}]",15,.,8666,0.04113828390836716,0.01091412641108036,0.30829763412475586,0.6404210329055786,"[{""token_id"": 15, ""token"": ""."", ""value"": 0.04113828390836716}, {""token_id"": 187, ""token"": ""\n"", ""value"": 0.030224157497286797}, {""token_id"": 13, ""token"": "","", ""value"": 0.02720167674124241}, {""token_id"": 281, ""token"": "" to"", ""value"": 0.022876592352986336}, {""token_id"": 966, ""token"": "" class"", ""value"": 0.020129194483160973}]",True,False,False,0.36543842032551765
step7000,512,768,768,3,6574, miles,404,7,1.835664852555109,-1.5096049607912008,-1.9581218128274258,-0.1384055666687372,3.660170176560871,0.010473361238837242,1.0676449537277222,1.0676449537277222,0.0,1.0676449537277222,0.0,1.0676449537277222,2.052490711212158,1.8148114681243896,16.298734664916992,1.922446846961975,39.971126556396484,42557, politique,0,0.20649610459804535,0.7935038954019547,0.0127381831407547,"[{""token_id"": 42557, ""token"": "" politique"", ""value"": 0.20649610459804535}, {""token_id"": 12328, ""token"": ""ynamic"", ""value"": 0.19375792145729065}, {""token_id"": 48286, ""token"": "" Catalog"", ""value"": 0.184291273355484}, {""token_id"": 22583, ""token"": "" fastest"", ""value"": 0.17765730619430542}, {""token_id"": 13016, ""token"": "" landscape"", ""value"": 0.17646294832229614}]",42557, politique,0,39.72041702270508,0.020679473876953125,0.0005206257997022608,"[{""token_id"": 42557, ""token"": "" politique"", ""value"": 39.72041702270508}, {""token_id"": 12328, ""token"": ""ynamic"", ""value"": 39.74109649658203}, {""token_id"": 48286, ""token"": "" Catalog"", ""value"": 39.745113372802734}, {""token_id"": 22583, ""token"": "" fastest"", ""value"": 39.75478744506836}, {""token_id"": 21270, ""token"": "" prevalent"", ""value"": 39.758323669433594}]",15,.,8666,0.07917428761720657,0.038228508085012436,0.6594028472900391,0.6365518569946289,"[{""token_id"": 15, ""token"": ""."", ""value"": 0.07917428761720657}, {""token_id"": 13, ""token"": "","", ""value"": 0.04094577953219414}, {""token_id"": 275, ""token"": "" in"", ""value"": 0.03423501178622246}, {""token_id"": 209, ""token"": "" "", ""value"": 0.019717523828148842}, {""token_id"": 966, ""token"": "" class"", ""value"": 0.017926158383488655}]",True,False,False,0.34579842910170555
step7000,768,1024,1024,0,21825, clones,2,0,1.8770972531797652,-2.2387939309840985,-1.0740787628256434,-1.916720621559379,3.660170176560871,0.018799154087901115,1.0757166147232056,1.0757166147232056,0.0,1.0757166147232056,0.0,1.0757166147232056,2.0299556255340576,1.7393053770065308,15.895960807800293,1.8870728015899658,40.606712341308594,16963,avirus,2,0.18326227366924286,0.8167377263307571,0.010307133197784424,"[{""token_id"": 16963, ""token"": ""avirus"", ""value"": 0.18326227366924286}, {""token_id"": 44192, ""token"": ""ード"", ""value"": 0.17295514047145844}, {""token_id"": 12328, ""token"": ""ynamic"", ""value"": 0.17170646786689758}, {""token_id"": 48286, ""token"": "" Catalog"", ""value"": 0.16822658479213715}, {""token_id"": 48228, ""token"": "" premiered"", ""value"": 0.1643059253692627}]",16963,avirus,2,40.38043212890625,0.018344879150390625,0.000454301209353787,"[{""token_id"": 16963, ""token"": ""avirus"", ""value"": 40.38043212890625}, {""token_id"": 44192, ""token"": ""ード"", ""value"": 40.39877700805664}, {""token_id"": 48286, ""token"": "" Catalog"", ""value"": 40.4020881652832}, {""token_id"": 12328, ""token"": ""ynamic"", ""value"": 40.40499496459961}, {""token_id"": 48228, ""token"": "" premiered"", ""value"": 40.40716552734375}]",15,.,8666,0.07026799768209457,0.05189535766839981,1.341454029083252,0.660279393196106,"[{""token_id"": 15, ""token"": ""."", ""value"": 0.07026799768209457}, {""token_id"": 13, ""token"": "","", ""value"": 0.018372638151049614}, {""token_id"": 275, ""token"": "" in"", ""value"": 0.01743103191256523}, {""token_id"": 13651, ""token"": "" Alexander"", ""value"": 0.016307678073644638}, {""token_id"": 187, ""token"": ""\n"", ""value"": 0.013837235979735851}]",True,False,False,0.3917941711843014
step7000,768,1024,1024,1,23778, motive,8,2,1.460633108929318,-2.3023162542570033,-2.0113161939700794,-0.46113508229829514,3.660170176560871,0.010169546119868755,1.0860365629196167,1.0832395553588867,0.07789401710033417,1.0832395553588867,0.07789401710033417,1.0860365629196167,2.1228647232055664,1.814804196357727,16.509340286254883,1.9546899795532227,40.453392028808594,21270, prevalent,20,0.19279281795024872,0.8072071820497513,0.004486903548240662,"[{""token_id"": 21270, ""token"": "" prevalent"", ""value"": 0.19279281795024872}, {""token_id"": 48286, ""token"": "" Catalog"", ""value"": 0.18830591440200806}, {""token_id"": 20751, ""token"": ""icrobial"", ""value"": 0.1812860667705536}, {""token_id"": 31684, ""token"": "" destinations"", ""value"": 0.1807929426431656}, {""token_id"": 31567, ""token"": "" basin"", ""value"": 0.17912724614143372}]",21270, prevalent,20,40.216678619384766,0.005001068115234375,0.00012435308650336478,"[{""token_id"": 21270, ""token"": "" prevalent"", ""value"": 40.216678619384766}, {""token_id"": 48286, ""token"": "" Catalog"", ""value"": 40.2216796875}, {""token_id"": 20751, ""token"": ""icrobial"", ""value"": 40.23377990722656}, {""token_id"": 31684, ""token"": "" destinations"", ""value"": 40.23672866821289}, {""token_id"": 31567, ""token"": "" basin"", ""value"": 40.23765182495117}]",15,.,8666,0.08836834877729416,0.0661846324801445,1.382155418395996,0.6510224342346191,"[{""token_id"": 15, ""token"": ""."", ""value"": 0.08836834877729416}, {""token_id"": 275, ""token"": "" in"", ""value"": 0.02218371443450451}, {""token_id"": 187, ""token"": ""\n"", ""value"": 0.022122932597994804}, {""token_id"": 457, ""token"": ""’"", ""value"": 0.015290108509361744}, {""token_id"": 273, ""token"": "" of"", ""value"": 0.014064867049455643}]",True,False,False,0.3651388809084892
step7000,768,1024,1024,2,19211, cabinet,33,5,0.030197293535762948,0.10407396025207916,-1.978468086515735,-0.9648070237365476,3.660170176560871,-0.006998162716627121,0.9924667477607727,0.9909000992774963,0.05574274808168411,0.9909000992774963,0.05574274808168411,0.9924667477607727,1.9382468461990356,1.7918328046798706,15.624014854431152,1.9529589414596558,38.687103271484375,26003,コ,2,0.1945142298936844,0.8054857701063156,0.011465907096862793,"[{""token_id"": 26003, ""token"": ""コ"", ""value"": 0.1945142298936844}, {""token_id"": 32649, ""token"": ""hospital"", ""value"": 0.1830483227968216}, {""token_id"": 37906, ""token"": ""GAA"", ""value"": 0.17723189294338226}, {""token_id"": 1982, ""token"": "" US"", ""value"": 0.16954346001148224}, {""token_id"": 23839, ""token"": ""CLC"", ""value"": 0.1678561270236969}]",26003,コ,2,38.449275970458984,0.0153961181640625,0.000400426738227568,"[{""token_id"": 26003, ""token"": ""コ"", ""value"": 38.449275970458984}, {""token_id"": 32649, ""token"": ""hospital"", ""value"": 38.46467208862305}, {""token_id"": 37906, ""token"": ""GAA"", ""value"": 38.479148864746094}, {""token_id"": 38227, ""token"": "" Registry"", ""value"": 38.4871711730957}, {""token_id"": 23839, ""token"": ""CLC"", ""value"": 38.48847579956055}]",15,.,8666,0.04112881422042847,0.010737009346485138,0.3025360107421875,0.6404029726982117,"[{""token_id"": 15, ""token"": ""."", ""value"": 0.04112881422042847}, {""token_id"": 187, ""token"": ""\n"", ""value"": 0.03039180487394333}, {""token_id"": 13, ""token"": "","", ""value"": 0.027513297274708748}, {""token_id"": 281, ""token"": "" to"", ""value"": 0.023021062836050987}, {""token_id"": 966, ""token"": "" class"", ""value"": 0.020257240161299706}]",True,False,False,0.30200785398483276
step7000,768,1024,1024,3,6574, miles,404,7,-0.632826048718731,-1.0111641883173481,-2.8353726788215017,-0.06262253531132356,3.660170176560871,0.020968591794371605,0.981390655040741,0.973297119140625,0.12577904760837555,0.973297119140625,0.12577904760837555,0.981390655040741,2.018486738204956,1.697526216506958,15.231983184814453,2.0567617416381836,38.65058517456055,9602, shooting,82,0.17397263646125793,0.8260273635387421,0.0007234662771224976,"[{""token_id"": 9602, ""token"": "" shooting"", ""value"": 0.17397263646125793}, {""token_id"": 11607, ""token"": "" preserv"", ""value"": 0.17324917018413544}, {""token_id"": 38289, ""token"": ""Tour"", ""value"": 0.17246133089065552}, {""token_id"": 48952, ""token"": ""ства"", ""value"": 0.16514936089515686}, {""token_id"": 30345, ""token"": ""places"", ""value"": 0.16100433468818665}]",38289,Tour,1,38.441280364990234,0.002166748046875,5.636513732899309e-05,"[{""token_id"": 38289, ""token"": ""Tour"", ""value"": 38.441280364990234}, {""token_id"": 11607, ""token"": "" preserv"", ""value"": 38.44344711303711}, {""token_id"": 9602, ""token"": "" shooting"", ""value"": 38.44527053833008}, {""token_id"": 48952, ""token"": ""ства"", ""value"": 38.45561599731445}, {""token_id"": 37500, ""token"": "" म"", ""value"": 38.45927047729492}]",187,"
",1,0.12210501730442047,0.08033455163240433,1.0726919174194336,0.6177664399147034,"[{""token_id"": 187, ""token"": ""\n"", ""value"": 0.12210501730442047}, {""token_id"": 13, ""token"": "","", ""value"": 0.041770465672016144}, {""token_id"": 42991, ""token"": "" Pinterest"", ""value"": 0.02451757900416851}, {""token_id"": 15150, ""token"": "" riding"", ""value"": 0.01782580465078354}, {""token_id"": 2804, ""token"": ""ike"", ""value"": 0.016482189297676086}]",False,False,False,0.3528553359210491
step8000,0,256,256,0,21825, clones,2,0,2.607444978044578,-3.1018607661189717,-1.695512106535279,-1.3411017345221397,3.645067563615817,0.019525110721588135,1.0756200551986694,1.0641520023345947,0.1566493958234787,1.0649304389953613,0.0,1.0649304389953613,2.2681190967559814,1.9207402467727661,16.767333984375,2.1086618900299072,38.21268081665039,21734,性,0,0.1827564835548401,0.8172435164451599,0.006422296166419983,"[{""token_id"": 21734, ""token"": ""性"", ""value"": 0.1827564835548401}, {""token_id"": 18085, ""token"": ""Year"", ""value"": 0.1763341873884201}, {""token_id"": 32029, ""token"": ""currency"", ""value"": 0.17633168399333954}, {""token_id"": 17370, ""token"": "" SV"", ""value"": 0.17073264718055725}, {""token_id"": 15122, ""token"": ""OWN"", ""value"": 0.16762441396713257}]",21734,性,0,37.98751449584961,0.005390167236328125,0.00014189312746210435,"[{""token_id"": 21734, ""token"": ""性"", ""value"": 37.98751449584961}, {""token_id"": 18085, ""token"": ""Year"", ""value"": 37.99290466308594}, {""token_id"": 32029, ""token"": ""currency"", ""value"": 38.00017166137695}, {""token_id"": 17370, ""token"": "" SV"", ""value"": 38.00368118286133}, {""token_id"": 14018, ""token"": "" tongue"", ""value"": 38.00669860839844}]",84,s,17395,0.15344615280628204,0.10298344492912292,1.1121149063110352,0.5960383415222168,"[{""token_id"": 84, ""token"": ""s"", ""value"": 0.15344615280628204}, {""token_id"": 314, ""token"": ""ly"", ""value"": 0.05046271160244942}, {""token_id"": 15, ""token"": ""."", ""value"": 0.03610355034470558}, {""token_id"": 55, ""token"": ""V"", ""value"": 0.017774567008018494}, {""token_id"": 372, ""token"": "" de"", ""value"": 0.014053741469979286}]",True,False,False,0.3704843185842037
step8000,0,256,256,1,23778, motive,8,2,-1.3960077143443803,-1.4137066834050056,-2.2699213869341235,1.1194837021031099,3.645067563615817,0.039467040449380875,0.9681237936019897,0.9650017023086548,0.07768799364566803,0.9650017023086548,0.07768799364566803,0.9681237936019897,1.762488842010498,1.7580565214157104,15.455390930175781,1.8205201625823975,38.47507858276367,38289,Tour,1,0.18471331894397736,0.8152866810560226,0.008726656436920166,"[{""token_id"": 38289, ""token"": ""Tour"", ""value"": 0.18471331894397736}, {""token_id"": 15665, ""token"": "" demanded"", ""value"": 0.1759866625070572}, {""token_id"": 1323, ""token"": "" av"", ""value"": 0.1666039526462555}, {""token_id"": 8884, ""token"": "" declared"", ""value"": 0.16276821494102478}, {""token_id"": 22979, ""token"": ""cession"", ""value"": 0.16131745278835297}]",38289,Tour,1,38.24433135986328,0.013916015625,0.00036387132759770513,"[{""token_id"": 38289, ""token"": ""Tour"", ""value"": 38.24433135986328}, {""token_id"": 15665, ""token"": "" demanded"", ""value"": 38.25824737548828}, {""token_id"": 1323, ""token"": "" av"", ""value"": 38.27096939086914}, {""token_id"": 22979, ""token"": ""cession"", ""value"": 38.27643966674805}, {""token_id"": 8884, ""token"": "" declared"", ""value"": 38.27711868286133}]",187,"
",1,0.18660497665405273,0.042895734310150146,0.2612018585205078,0.4959638714790344,"[{""token_id"": 187, ""token"": ""\n"", ""value"": 0.18660497665405273}, {""token_id"": 13972, ""token"": ""ikes"", ""value"": 0.1437092423439026}, {""token_id"": 13, ""token"": "","", ""value"": 0.03359634801745415}, {""token_id"": 15, ""token"": ""."", ""value"": 0.0324004665017128}, {""token_id"": 209, ""token"": "" "", ""value"": 0.03024427965283394}]",True,False,False,0.33227328583598137
step8000,0,256,256,2,19211, cabinet,33,5,-0.36724406233411544,-0.5318050720205371,-1.3085810119705967,-1.943030044276863,3.645067563615817,0.014365412294864655,1.0087969303131104,0.9808220267295837,0.23592233657836914,0.9838089942932129,0.02650110237300396,0.9841658473014832,1.9521375894546509,1.7479192018508911,15.399786949157715,1.9351145029067993,39.983821868896484,48484, retrieving,1,0.17275163531303406,0.8272483646869659,0.0011780411005020142,"[{""token_id"": 48484, ""token"": "" retrieving"", ""value"": 0.17275163531303406}, {""token_id"": 46767, ""token"": "" discharging"", ""value"": 0.17157359421253204}, {""token_id"": 26623, ""token"": ""О"", ""value"": 0.1678074449300766}, {""token_id"": 20107, ""token"": "" libert"", ""value"": 0.16647681593894958}, {""token_id"": 36103, ""token"": "" massacre"", ""value"": 0.1655941903591156}]",48484, retrieving,1,39.771305084228516,0.0010528564453125,2.647276580647123e-05,"[{""token_id"": 48484, ""token"": "" retrieving"", ""value"": 39.771305084228516}, {""token_id"": 46767, ""token"": "" discharging"", ""value"": 39.77235794067383}, {""token_id"": 26623, ""token"": ""О"", ""value"": 39.777042388916016}, {""token_id"": 20107, ""token"": "" libert"", ""value"": 39.77811050415039}, {""token_id"": 15233, ""token"": "" protecting"", ""value"": 39.779640197753906}]",13,",",2711,0.13680683076381683,0.06308639794588089,0.6182899475097656,0.5370362997055054,"[{""token_id"": 13, ""token"": "","", ""value"": 0.13680683076381683}, {""token_id"": 187, ""token"": ""\n"", ""value"": 0.07372043281793594}, {""token_id"": 15, ""token"": ""."", ""value"": 0.05340588465332985}, {""token_id"": 309, ""token"": "" I"", ""value"": 0.0227068942040205}, {""token_id"": 281, ""token"": "" to"", ""value"": 0.019871126860380173}]",True,False,False,0.3171391636133194
step8000,0,256,256,3,6574, miles,404,7,2.909655611583239,-2.5439467764059716,-1.1798056603350553,-1.553121691646766,3.645067563615817,0.0079876109957695,1.0602110624313354,1.0582143068313599,0.065038301050663,1.0582143068313599,0.065038301050663,1.0602110624313354,1.8851852416992188,1.8599077463150024,16.601150512695312,1.7781225442886353,41.41266632080078,43539,Ip,0,0.1648964285850525,0.8351035714149475,0.002924621105194092,"[{""token_id"": 43539, ""token"": ""Ip"", ""value"": 0.1648964285850525}, {""token_id"": 6734, ""token"": "" ()"", ""value"": 0.1619718074798584}, {""token_id"": 8884, ""token"": "" declared"", ""value"": 0.15950387716293335}, {""token_id"": 15923, ""token"": "" bien"", ""value"": 0.15935827791690826}, {""token_id"": 24664, ""token"": ""icillin"", ""value"": 0.15612858533859253}]",43539,Ip,0,41.21286392211914,0.003265380859375,7.923207825463579e-05,"[{""token_id"": 43539, ""token"": ""Ip"", ""value"": 41.21286392211914}, {""token_id"": 15923, ""token"": "" bien"", ""value"": 41.216129302978516}, {""token_id"": 6734, ""token"": "" ()"", ""value"": 41.21628952026367}, {""token_id"": 8884, ""token"": "" declared"", ""value"": 41.21749496459961}, {""token_id"": 24664, ""token"": ""icillin"", ""value"": 41.21902847290039}]",15,.,8666,0.07909821718931198,0.018097274005413055,0.25980091094970703,0.6106164455413818,"[{""token_id"": 15, ""token"": ""."", ""value"": 0.07909821718931198}, {""token_id"": 309, ""token"": "" I"", ""value"": 0.061000943183898926}, {""token_id"": 14, ""token"": ""-"", ""value"": 0.022701798006892204}, {""token_id"": 378, ""token"": "" B"", ""value"": 0.014470236375927925}, {""token_id"": 27, ""token"": "":"", ""value"": 0.013659258373081684}]",True,False,False,0.3727290779352188
step8000,256,512,512,0,21825, clones,2,0,-0.6473201164999496,-1.5524560038606723,-3.2704051911280496,0.14169366192582383,3.645067563615817,0.01275533065199852,0.9985138177871704,0.9916802048683167,0.11661984026432037,0.9916802048683167,0.11661984026432037,0.9985138177871704,2.0134055614471436,1.8494459390640259,15.836408615112305,2.016402244567871,38.01237106323242,41141, CBC,2,0.17077653110027313,0.8292234688997269,0.0023294687271118164,"[{""token_id"": 41141, ""token"": "" CBC"", ""value"": 0.17077653110027313}, {""token_id"": 21390, ""token"": ""props"", ""value"": 0.16844706237316132}, {""token_id"": 21734, ""token"": ""性"", ""value"": 0.1589537262916565}, {""token_id"": 48638, ""token"": "" policing"", ""value"": 0.1582765430212021}, {""token_id"": 20692, ""token"": ""plicit"", ""value"": 0.15655508637428284}]",41141, CBC,2,37.80553436279297,0.00096893310546875,2.5629398494161844e-05,"[{""token_id"": 41141, ""token"": "" CBC"", ""value"": 37.80553436279297}, {""token_id"": 21390, ""token"": ""props"", ""value"": 37.80650329589844}, {""token_id"": 21734, ""token"": ""性"", ""value"": 37.819908142089844}, {""token_id"": 36577, ""token"": "" sip"", ""value"": 37.82109069824219}, {""token_id"": 48638, ""token"": "" policing"", ""value"": 37.82183074951172}]",187,"
",1,0.06055276468396187,0.020673755556344986,0.4176650047302246,0.6583688259124756,"[{""token_id"": 187, ""token"": ""\n"", ""value"": 0.06055276468396187}, {""token_id"": 209, ""token"": "" "", ""value"": 0.03987900912761688}, {""token_id"": 310, ""token"": "" is"", ""value"": 0.026781365275382996}, {""token_id"": 273, ""token"": "" of"", ""value"": 0.022591423243284225}, {""token_id"": 15, ""token"": ""."", ""value"": 0.016126958653330803}]",True,False,False,0.3439396098256111
step8000,256,512,512,1,23778, motive,8,2,0.680274129958192,-3.1317050173161403,-2.609075389359067,0.3578585287728947,3.645067563615817,0.010625291615724564,1.0217396020889282,1.0217396020889282,0.0,1.0217396020889282,0.0,1.0217396020889282,2.0772061347961426,1.8273780345916748,15.906393051147461,2.0330092906951904,38.2640266418457,38289,Tour,1,0.1656409054994583,0.8343590945005417,0.00016351044178009033,"[{""token_id"": 38289, ""token"": ""Tour"", ""value"": 0.1656409054994583}, {""token_id"": 21734, ""token"": ""性"", ""value"": 0.16547739505767822}, {""token_id"": 45022, ""token"": "" SUR"", ""value"": 0.16156676411628723}, {""token_id"": 5881, ""token"": ""edom"", ""value"": 0.1614842712879181}, {""token_id"": 20692, ""token"": ""plicit"", ""value"": 0.16111628711223602}]",38289,Tour,1,38.059871673583984,0.002605438232421875,6.845630628413858e-05,"[{""token_id"": 38289, ""token"": ""Tour"", ""value"": 38.059871673583984}, {""token_id"": 21734, ""token"": ""性"", ""value"": 38.062477111816406}, {""token_id"": 5881, ""token"": ""edom"", ""value"": 38.06489562988281}, {""token_id"": 45022, ""token"": "" SUR"", ""value"": 38.06561279296875}, {""token_id"": 20692, ""token"": ""plicit"", ""value"": 38.067352294921875}]",209, ,12180,0.050573334097862244,0.005360882729291916,0.11205196380615234,0.616753339767456,"[{""token_id"": 209, ""token"": "" "", ""value"": 0.050573334097862244}, {""token_id"": 187, ""token"": ""\n"", ""value"": 0.04521245136857033}, {""token_id"": 657, ""token"": "" V"", ""value"": 0.043328266590833664}, {""token_id"": 55, ""token"": ""V"", ""value"": 0.03785594180226326}, {""token_id"": 15, ""token"": ""."", ""value"": 0.034449588507413864}]",True,False,False,0.3578019142150879
step8000,256,512,512,2,19211, cabinet,33,5,0.42340105314931953,-2.7685680391604626,-1.9060294215720148,0.20692135730515115,3.645067563615817,-0.001606023870408535,1.07608163356781,1.07608163356781,0.0,1.07608163356781,0.0,1.07608163356781,2.23813533782959,1.8651225566864014,16.200899124145508,2.0798935890197754,39.589359283447266,38289,Tour,1,0.19327159225940704,0.806728407740593,0.025445297360420227,"[{""token_id"": 38289, ""token"": ""Tour"", ""value"": 0.19327159225940704}, {""token_id"": 6252, ""token"": "" teac"", ""value"": 0.16782629489898682}, {""token_id"": 11072, ""token"": "" craft"", ""value"": 0.1650114357471466}, {""token_id"": 43606, ""token"": "" pouch"", ""value"": 0.16183248162269592}, {""token_id"": 22470, ""token"": ""�"", ""value"": 0.15921765565872192}]",38289,Tour,1,39.34605407714844,0.039875030517578125,0.0010134442055966396,"[{""token_id"": 38289, ""token"": ""Tour"", ""value"": 39.34605407714844}, {""token_id"": 6252, ""token"": "" teac"", ""value"": 39.385929107666016}, {""token_id"": 11072, ""token"": "" craft"", ""value"": 39.3863525390625}, {""token_id"": 43606, ""token"": "" pouch"", ""value"": 39.3913688659668}, {""token_id"": 22470, ""token"": ""�"", ""value"": 39.39302062988281}]",55,V,205,0.10008248686790466,0.04818844422698021,0.6567907333374023,0.5772666335105896,"[{""token_id"": 55, ""token"": ""V"", ""value"": 0.10008248686790466}, {""token_id"": 84, ""token"": ""s"", ""value"": 0.051894042640924454}, {""token_id"": 187, ""token"": ""\n"", ""value"": 0.045038022100925446}, {""token_id"": 209, ""token"": "" "", ""value"": 0.040422216057777405}, {""token_id"": 314, ""token"": ""ly"", ""value"": 0.03290865570306778}]",True,False,False,0.3566381148993969
step8000,256,512,512,3,6574, miles,404,7,1.0585151008506775,-2.1581626790863138,-1.7713089323179978,-0.8114039393742971,3.645067563615817,0.01977633312344551,1.1712262630462646,1.1553974151611328,0.19190603494644165,1.1553974151611328,0.19190603494644165,1.1712262630462646,2.155111789703369,2.034092426300049,17.516080856323242,1.8400473594665527,38.64968490600586,8803, habit,26,0.18915826082229614,0.8108417391777039,0.008584156632423401,"[{""token_id"": 8803, ""token"": "" habit"", ""value"": 0.18915826082229614}, {""token_id"": 15665, ""token"": "" demanded"", ""value"": 0.18057410418987274}, {""token_id"": 37906, ""token"": ""GAA"", ""value"": 0.17811545729637146}, {""token_id"": 21734, ""token"": ""性"", ""value"": 0.1777380257844925}, {""token_id"": 39350, ""token"": ""CAL"", ""value"": 0.17685940861701965}]",8803, habit,26,38.414119720458984,0.01232147216796875,0.0003207537295565426,"[{""token_id"": 8803, ""token"": "" habit"", ""value"": 38.414119720458984}, {""token_id"": 15665, ""token"": "" demanded"", ""value"": 38.42644119262695}, {""token_id"": 39350, ""token"": ""CAL"", ""value"": 38.429908752441406}, {""token_id"": 21734, ""token"": ""性"", ""value"": 38.43111801147461}, {""token_id"": 772, ""token"": "" cons"", ""value"": 38.433231353759766}]",15,.,8666,0.14860564470291138,0.09109754860401154,0.9493703842163086,0.5763691663742065,"[{""token_id"": 15, ""token"": ""."", ""value"": 0.14860564470291138}, {""token_id"": 187, ""token"": ""\n"", ""value"": 0.05750809982419014}, {""token_id"": 50254, ""token"": ""                        "", ""value"": 0.02049790881574154}, {""token_id"": 84, ""token"": ""s"", ""value"": 0.019745083525776863}, {""token_id"": 7513, ""token"": ""lik"", ""value"": 0.01797584816813469}]",True,False,False,0.33711113035678864
step8000,512,768,768,0,21825, clones,2,0,0.18061941174499774,-2.164148229476355,-3.8570560089246824,0.3473103552053308,3.645067563615817,0.0038185883313417435,1.0142329931259155,1.0130947828292847,0.04803730547428131,1.0130947828292847,0.04803730547428131,1.0142329931259155,2.0977020263671875,1.803194522857666,15.768037796020508,2.0682644844055176,38.57732009887695,21734,性,0,0.16276147961616516,0.8372385203838348,0.000764802098274231,"[{""token_id"": 21734, ""token"": ""性"", ""value"": 0.16276147961616516}, {""token_id"": 21390, ""token"": ""props"", ""value"": 0.16199667751789093}, {""token_id"": 32736, ""token"": ""Hist"", ""value"": 0.16129809617996216}, {""token_id"": 48638, ""token"": "" policing"", ""value"": 0.16057775914669037}, {""token_id"": 21270, ""token"": "" prevalent"", ""value"": 0.158044695854187}]",21734,性,0,38.37929153442383,0.000652313232421875,1.6996489678210728e-05,"[{""token_id"": 21734, ""token"": ""性"", ""value"": 38.37929153442383}, {""token_id"": 21390, ""token"": ""props"", ""value"": 38.37994384765625}, {""token_id"": 32736, ""token"": ""Hist"", ""value"": 38.38024139404297}, {""token_id"": 48638, ""token"": "" policing"", ""value"": 38.383304595947266}, {""token_id"": 21270, ""token"": "" prevalent"", ""value"": 38.383724212646484}]",187,"
",1,0.03723977506160736,0.0034429021179676056,0.09700918197631836,0.673495888710022,"[{""token_id"": 187, ""token"": ""\n"", ""value"": 0.03723977506160736}, {""token_id"": 209, ""token"": "" "", ""value"": 0.033796872943639755}, {""token_id"": 15, ""token"": ""."", ""value"": 0.01922626793384552}, {""token_id"": 273, ""token"": "" of"", ""value"": 0.01601073332130909}, {""token_id"": 826, ""token"": "" la"", ""value"": 0.012076432816684246}]",True,False,False,0.3633870631456375
step8000,512,768,768,1,23778, motive,8,2,0.8792249598420999,-2.766705921430318,-2.371363998525372,-0.8404096029360659,3.645067563615817,0.015112988650798798,1.0724201202392578,1.0724201202392578,0.0,1.0724201202392578,0.0,1.0724201202392578,2.2604868412017822,1.845974087715149,16.2291259765625,2.107836961746216,38.143123626708984,5881,edom,0,0.17007526755332947,0.8299247324466705,0.0029384195804595947,"[{""token_id"": 5881, ""token"": ""edom"", ""value"": 0.17007526755332947}, {""token_id"": 44960, ""token"": ""yrinth"", ""value"": 0.16713684797286987}, {""token_id"": 21734, ""token"": ""性"", ""value"": 0.1658061295747757}, {""token_id"": 43079, ""token"": "" flora"", ""value"": 0.16449584066867828}, {""token_id"": 16964, ""token"": "" habits"", ""value"": 0.1629178375005722}]",5881,edom,0,37.93210983276367,0.007991790771484375,0.0002106866927971801,"[{""token_id"": 5881, ""token"": ""edom"", ""value"": 37.93210983276367}, {""token_id"": 44960, ""token"": ""yrinth"", ""value"": 37.940101623535156}, {""token_id"": 21734, ""token"": ""性"", ""value"": 37.941200256347656}, {""token_id"": 43079, ""token"": "" flora"", ""value"": 37.941680908203125}, {""token_id"": 16964, ""token"": "" habits"", ""value"": 37.943511962890625}]",55,V,205,0.09528415650129318,0.06126522272825241,1.0299463272094727,0.6281144022941589,"[{""token_id"": 55, ""token"": ""V"", ""value"": 0.09528415650129318}, {""token_id"": 209, ""token"": "" "", ""value"": 0.03401893377304077}, {""token_id"": 657, ""token"": "" V"", ""value"": 0.032628413289785385}, {""token_id"": 187, ""token"": ""\n"", ""value"": 0.022007035091519356}, {""token_id"": 15, ""token"": ""."", ""value"": 0.01869267411530018}]",True,False,False,0.30657651647925377
step8000,512,768,768,2,19211, cabinet,33,5,0.539302434175428,-2.6073920585604515,-2.658171875737773,-0.6811756891316936,3.645067563615817,-0.0015036549884825945,1.067307710647583,1.067307710647583,0.0,1.067307710647583,0.0,1.067307710647583,2.204606771469116,1.8292617797851562,16.080289840698242,2.065577507019043,38.07957077026367,5881,edom,0,0.17030982673168182,0.8296901732683182,0.002566412091255188,"[{""token_id"": 5881, ""token"": ""edom"", ""value"": 0.17030982673168182}, {""token_id"": 44960, ""token"": ""yrinth"", ""value"": 0.16774341464042664}, {""token_id"": 45022, ""token"": "" SUR"", ""value"": 0.16017943620681763}, {""token_id"": 21734, ""token"": ""性"", ""value"": 0.15965428948402405}, {""token_id"": 43079, ""token"": "" flora"", ""value"": 0.15954236686229706}]",5881,edom,0,37.86826705932617,0.007488250732421875,0.00019774474286585222,"[{""token_id"": 5881, ""token"": ""edom"", ""value"": 37.86826705932617}, {""token_id"": 44960, ""token"": ""yrinth"", ""value"": 37.875755310058594}, {""token_id"": 45022, ""token"": "" SUR"", ""value"": 37.88319396972656}, {""token_id"": 43079, ""token"": "" flora"", ""value"": 37.88499450683594}, {""token_id"": 21734, ""token"": ""性"", ""value"": 37.88610076904297}]",55,V,205,0.06012686714529991,0.021726910024881363,0.44840049743652344,0.6476069092750549,"[{""token_id"": 55, ""token"": ""V"", ""value"": 0.06012686714529991}, {""token_id"": 209, ""token"": "" "", ""value"": 0.03839995712041855}, {""token_id"": 657, ""token"": "" V"", ""value"": 0.02845398709177971}, {""token_id"": 187, ""token"": ""\n"", ""value"": 0.027427159249782562}, {""token_id"": 15, ""token"": ""."", ""value"": 0.01569201797246933}]",True,False,False,0.3602720648050308
step8000,512,768,768,3,6574, miles,404,7,-0.8143563052897768,-1.4643043001052882,-2.001117849561214,-1.5206730181090835,3.645067563615817,0.01512615755200386,0.9532197713851929,0.9532197713851929,0.0,0.9532197713851929,0.0,0.9532197713851929,2.003105401992798,1.7345426082611084,15.142021179199219,2.101409912109375,37.39582443237305,20107, libert,2,0.20054470002651215,0.7994552999734879,0.02740532159805298,"[{""token_id"": 20107, ""token"": "" libert"", ""value"": 0.20054470002651215}, {""token_id"": 16857, ""token"": "" �"", ""value"": 0.17313937842845917}, {""token_id"": 18651, ""token"": "" об"", ""value"": 0.16725818812847137}, {""token_id"": 39213, ""token"": ""PUBL"", ""value"": 0.1660257875919342}, {""token_id"": 3445, ""token"": ""ymb"", ""value"": 0.15918700397014618}]",20107, libert,2,37.14461135864258,0.041835784912109375,0.0011262948616737993,"[{""token_id"": 20107, ""token"": "" libert"", ""value"": 37.14461135864258}, {""token_id"": 16857, ""token"": "" �"", ""value"": 37.18644714355469}, {""token_id"": 18651, ""token"": "" об"", ""value"": 37.19053649902344}, {""token_id"": 39213, ""token"": ""PUBL"", ""value"": 37.192073822021484}, {""token_id"": 3445, ""token"": ""ymb"", ""value"": 37.20103454589844}]",187,"
",1,0.08769519627094269,0.017556369304656982,0.2233905792236328,0.6252860426902771,"[{""token_id"": 187, ""token"": ""\n"", ""value"": 0.08769519627094269}, {""token_id"": 15, ""token"": ""."", ""value"": 0.0701388269662857}, {""token_id"": 13, ""token"": "","", ""value"": 0.052138615399599075}, {""token_id"": 309, ""token"": "" I"", ""value"": 0.020470278337597847}, {""token_id"": 3, ""token"": ""\"""", ""value"": 0.014031505212187767}]",True,False,False,0.36228450387716293
step8000,768,1024,1024,0,21825, clones,2,0,-0.2845380842600773,-0.3822881032711112,-1.2292687985052044,-1.3076520959560145,3.645067563615817,0.007163875736296177,1.0141937732696533,0.9841780662536621,0.2449132204055786,0.9841780662536621,0.2449132204055786,1.0141937732696533,1.8745273351669312,1.7597200870513916,15.48721694946289,1.8482930660247803,40.09797668457031,48484, retrieving,1,0.17699173092842102,0.823008269071579,0.00035774707794189453,"[{""token_id"": 48484, ""token"": "" retrieving"", ""value"": 0.17699173092842102}, {""token_id"": 34104, ""token"": "" biod"", ""value"": 0.17663398385047913}, {""token_id"": 26623, ""token"": ""О"", ""value"": 0.1725326031446457}, {""token_id"": 15233, ""token"": "" protecting"", ""value"": 0.16838181018829346}, {""token_id"": 36103, ""token"": "" massacre"", ""value"": 0.1674383282661438}]",48484, retrieving,1,39.87959289550781,0.000316619873046875,7.939395817717595e-06,"[{""token_id"": 48484, ""token"": "" retrieving"", ""value"": 39.87959289550781}, {""token_id"": 34104, ""token"": "" biod"", ""value"": 39.87990951538086}, {""token_id"": 26623, ""token"": ""О"", ""value"": 39.88462829589844}, {""token_id"": 15233, ""token"": "" protecting"", ""value"": 39.889652252197266}, {""token_id"": 36103, ""token"": "" massacre"", ""value"": 39.891319274902344}]",13,",",2711,0.13675813376903534,0.06484263390302658,0.6427221298217773,0.5336572527885437,"[{""token_id"": 13, ""token"": "","", ""value"": 0.13675813376903534}, {""token_id"": 187, ""token"": ""\n"", ""value"": 0.07191549986600876}, {""token_id"": 15, ""token"": ""."", ""value"": 0.03968219459056854}, {""token_id"": 309, ""token"": "" I"", ""value"": 0.023764027282595634}, {""token_id"": 390, ""token"": "" or"", ""value"": 0.021450139582157135}]",True,False,False,0.36400559544563293
step8000,768,1024,1024,1,23778, motive,8,2,0.5542094985979689,-2.8637684741712364,-3.343335059318276,0.5780736801955838,3.645067563615817,0.012311075814068317,1.0561624765396118,1.0561624765396118,0.0,1.0561624765396118,0.0,1.0561624765396118,2.0813777446746826,1.7968056201934814,15.788771629333496,1.9706984758377075,38.39937973022461,21734,性,0,0.16640552878379822,0.8335944712162018,0.004844412207603455,"[{""token_id"": 21734, ""token"": ""性"", ""value"": 0.16640552878379822}, {""token_id"": 26552, ""token"": ""月"", ""value"": 0.16156111657619476}, {""token_id"": 38289, ""token"": ""Tour"", ""value"": 0.15972870588302612}, {""token_id"": 10532, ""token"": "" revolution"", ""value"": 0.15698908269405365}, {""token_id"": 45022, ""token"": "" SUR"", ""value"": 0.1545657366514206}]",21734,性,0,38.19647979736328,0.00516510009765625,0.00013522450563658485,"[{""token_id"": 21734, ""token"": ""性"", ""value"": 38.19647979736328}, {""token_id"": 26552, ""token"": ""月"", ""value"": 38.20164489746094}, {""token_id"": 38289, ""token"": ""Tour"", ""value"": 38.20333480834961}, {""token_id"": 10532, ""token"": "" revolution"", ""value"": 38.20927429199219}, {""token_id"": 45022, ""token"": "" SUR"", ""value"": 38.21057891845703}]",209, ,12180,0.047568127512931824,0.004417356103658676,0.09746265411376953,0.6345106363296509,"[{""token_id"": 209, ""token"": "" "", ""value"": 0.047568127512931824}, {""token_id"": 187, ""token"": ""\n"", ""value"": 0.04315077140927315}, {""token_id"": 657, ""token"": "" V"", ""value"": 0.03398613631725311}, {""token_id"": 55, ""token"": ""V"", ""value"": 0.032214242964982986}, {""token_id"": 15, ""token"": ""."", ""value"": 0.02318509668111801}]",True,False,False,0.35259880498051643
step8000,768,1024,1024,2,19211, cabinet,33,5,-0.5913590573694786,-2.359271013512175,-2.3773109450397323,-0.3274682127471217,3.645067563615817,0.0038357579614967108,0.9931890368461609,0.9926722645759583,0.032035570591688156,0.9926722645759583,0.032035570591688156,0.9931890368461609,1.9988595247268677,1.8070770502090454,15.457489013671875,2.0125670433044434,38.3525276184082,21734,性,0,0.16500911116600037,0.8349908888339996,0.00043921172618865967,"[{""token_id"": 21734, ""token"": ""性"", ""value"": 0.16500911116600037}, {""token_id"": 45022, ""token"": "" SUR"", ""value"": 0.1645698994398117}, {""token_id"": 38289, ""token"": ""Tour"", ""value"": 0.1632169634103775}, {""token_id"": 719, ""token"": ""cre"", ""value"": 0.16244731843471527}, {""token_id"": 5881, ""token"": ""edom"", ""value"": 0.16164425015449524}]",45022, SUR,1,38.1498908996582,0.00167083740234375,4.379664955630894e-05,"[{""token_id"": 45022, ""token"": "" SUR"", ""value"": 38.1498908996582}, {""token_id"": 21734, ""token"": ""性"", ""value"": 38.15156173706055}, {""token_id"": 719, ""token"": ""cre"", ""value"": 38.15163803100586}, {""token_id"": 38289, ""token"": ""Tour"", ""value"": 38.151676177978516}, {""token_id"": 5881, ""token"": ""edom"", ""value"": 38.15311813354492}]",187,"
",1,0.05415100231766701,0.02053823322057724,0.4768705368041992,0.6487234830856323,"[{""token_id"": 187, ""token"": ""\n"", ""value"": 0.05415100231766701}, {""token_id"": 209, ""token"": "" "", ""value"": 0.03361276909708977}, {""token_id"": 657, ""token"": "" V"", ""value"": 0.022435806691646576}, {""token_id"": 64, ""token"": ""_"", ""value"": 0.01956196501851082}, {""token_id"": 15, ""token"": ""."", ""value"": 0.019263166934251785}]",False,False,False,0.35768963769078255
step8000,768,1024,1024,3,6574, miles,404,7,1.5101432651196118,-0.9941164228226818,-2.114006539903394,0.07421167194008516,3.645067563615817,0.017061442136764526,1.1040979623794556,1.1040979623794556,0.0,1.1040979623794556,0.0,1.1040979623794556,2.1486876010894775,1.8775849342346191,16.54642677307129,1.946102261543274,39.9072265625,15949,éd,39,0.176293283700943,0.823706716299057,0.0024176985025405884,"[{""token_id"": 15949, ""token"": ""éd"", ""value"": 0.176293283700943}, {""token_id"": 49151, ""token"": ""จ"", ""value"": 0.1738755851984024}, {""token_id"": 15665, ""token"": "" demanded"", ""value"": 0.17305244505405426}, {""token_id"": 41781, ""token"": ""イン"", ""value"": 0.1706436723470688}, {""token_id"": 8884, ""token"": "" declared"", ""value"": 0.1683012694120407}]",15949,éd,39,39.684391021728516,0.009181976318359375,0.00023137500871140847,"[{""token_id"": 15949, ""token"": ""éd"", ""value"": 39.684391021728516}, {""token_id"": 15665, ""token"": "" demanded"", ""value"": 39.693572998046875}, {""token_id"": 49151, ""token"": ""จ"", ""value"": 39.69428634643555}, {""token_id"": 41781, ""token"": ""イン"", ""value"": 39.69623565673828}, {""token_id"": 8884, ""token"": "" declared"", ""value"": 39.70085144042969}]",309, I,2877,0.08089335262775421,0.0020423680543899536,0.025571823120117188,0.5916236639022827,"[{""token_id"": 309, ""token"": "" I"", ""value"": 0.08089335262775421}, {""token_id"": 15, ""token"": ""."", ""value"": 0.07885098457336426}, {""token_id"": 13, ""token"": "","", ""value"": 0.03489474579691887}, {""token_id"": 275, ""token"": "" in"", ""value"": 0.027371635660529137}, {""token_id"": 273, ""token"": "" of"", ""value"": 0.017284251749515533}]",True,False,False,0.37680715322494507
step9000,0,256,256,0,21825, clones,2,0,0.17719174382934177,-1.7906026871269696,-1.1928872478252763,-1.9029692245420904,3.634884753760763,-0.0005976413376629353,0.9807295203208923,0.9403284788131714,0.27859067916870117,0.9683581590652466,0.11175074428319931,0.9747849702835083,1.9965794086456299,1.8128596544265747,15.637340545654297,2.0358104705810547,38.65843963623047,14054,atom,15,0.1622508317232132,0.8377491682767868,0.0007515549659729004,"[{""token_id"": 14054, ""token"": ""atom"", ""value"": 0.1622508317232132}, {""token_id"": 21752, ""token"": ""ervation"", ""value"": 0.1614992767572403}, {""token_id"": 46474, ""token"": "" NAC"", ""value"": 0.16073961555957794}, {""token_id"": 36213, ""token"": ""因"", ""value"": 0.15917889773845673}, {""token_id"": 50080, ""token"": "" foraging"", ""value"": 0.1580614149570465}]",21752,ervation,8,38.45435333251953,0.001979827880859375,5.148514301461682e-05,"[{""token_id"": 21752, ""token"": ""ervation"", ""value"": 38.45435333251953}, {""token_id"": 14054, ""token"": ""atom"", ""value"": 38.45633316040039}, {""token_id"": 36213, ""token"": ""因"", ""value"": 38.46009063720703}, {""token_id"": 46474, ""token"": "" NAC"", ""value"": 38.4624137878418}, {""token_id"": 26003, ""token"": ""コ"", ""value"": 38.46327590942383}]",187,"
",1,0.21845798194408417,0.18030157685279846,1.7448997497558594,0.5259676575660706,"[{""token_id"": 187, ""token"": ""\n"", ""value"": 0.21845798194408417}, {""token_id"": 15, ""token"": ""."", ""value"": 0.0381564125418663}, {""token_id"": 209, ""token"": "" "", ""value"": 0.032299961894750595}, {""token_id"": 424, ""token"": ""**"", ""value"": 0.03101186640560627}, {""token_id"": 61, ""token"": ""\\"", ""value"": 0.029742471873760223}]",False,False,False,0.35650311037898064
step9000,0,256,256,1,23778, motive,8,2,0.3626772557046445,-1.9702713319054423,-0.9330595797100149,-2.0465670403839407,3.634884753760763,0.0010153460316359997,1.0036823749542236,0.9607459306716919,0.2904229462146759,0.9607459306716919,0.2904229462146759,1.0036823749542236,1.9606658220291138,1.8148717880249023,15.689566612243652,1.953472375869751,38.9607048034668,21752,ervation,8,0.16488218307495117,0.8351178169250488,8.085370063781738e-05,"[{""token_id"": 21752, ""token"": ""ervation"", ""value"": 0.16488218307495117}, {""token_id"": 14054, ""token"": ""atom"", ""value"": 0.16480132937431335}, {""token_id"": 46474, ""token"": "" NAC"", ""value"": 0.15717357397079468}, {""token_id"": 36213, ""token"": ""因"", ""value"": 0.15544791519641876}, {""token_id"": 21891, ""token"": "" extinction"", ""value"": 0.1551893949508667}]",21752,ervation,8,38.751583099365234,0.003238677978515625,8.357537213927851e-05,"[{""token_id"": 21752, ""token"": ""ervation"", ""value"": 38.751583099365234}, {""token_id"": 14054, ""token"": ""atom"", ""value"": 38.75482177734375}, {""token_id"": 36213, ""token"": ""因"", ""value"": 38.76742172241211}, {""token_id"": 21891, ""token"": "" extinction"", ""value"": 38.76749038696289}, {""token_id"": 19047, ""token"": ""MED"", ""value"": 38.76826477050781}]",187,"
",1,0.22607561945915222,0.18686285614967346,1.7518672943115234,0.5174459218978882,"[{""token_id"": 187, ""token"": ""\n"", ""value"": 0.22607561945915222}, {""token_id"": 15, ""token"": ""."", ""value"": 0.03921275958418846}, {""token_id"": 209, ""token"": "" "", ""value"": 0.029116865247488022}, {""token_id"": 424, ""token"": ""**"", ""value"": 0.028636159375309944}, {""token_id"": 61, ""token"": ""\\"", ""value"": 0.028167257085442543}]",True,False,False,0.3565892428159714
step9000,0,256,256,2,19211, cabinet,33,5,0.2625094655329424,-1.8640010568731609,-1.1699284706576898,-1.9394324520590562,3.634884753760763,0.004566096235066652,0.9938610196113586,0.9514718055725098,0.2871605157852173,0.9740573167800903,0.11485615372657776,0.9808055758476257,1.9542903900146484,1.8352304697036743,15.799680709838867,1.9663618803024292,38.818668365478516,14054,atom,15,0.163087397813797,0.836912602186203,0.000757858157157898,"[{""token_id"": 14054, ""token"": ""atom"", ""value"": 0.163087397813797}, {""token_id"": 21752, ""token"": ""ervation"", ""value"": 0.1623295396566391}, {""token_id"": 36213, ""token"": ""因"", ""value"": 0.1601363569498062}, {""token_id"": 46474, ""token"": "" NAC"", ""value"": 0.1595233678817749}, {""token_id"": 26003, ""token"": ""コ"", ""value"": 0.15781524777412415}]",21752,ervation,8,38.61328887939453,0.001995086669921875,5.166839520335515e-05,"[{""token_id"": 21752, ""token"": ""ervation"", ""value"": 38.61328887939453}, {""token_id"": 14054, ""token"": ""atom"", ""value"": 38.61528396606445}, {""token_id"": 36213, ""token"": ""因"", ""value"": 38.618865966796875}, {""token_id"": 26003, ""token"": ""コ"", ""value"": 38.621421813964844}, {""token_id"": 46474, ""token"": "" NAC"", ""value"": 38.624210357666016}]",187,"
",1,0.21325168013572693,0.1732856035232544,1.6744422912597656,0.5216440558433533,"[{""token_id"": 187, ""token"": ""\n"", ""value"": 0.21325168013572693}, {""token_id"": 15, ""token"": ""."", ""value"": 0.03996606916189194}, {""token_id"": 209, ""token"": "" "", ""value"": 0.03752356395125389}, {""token_id"": 424, ""token"": ""**"", ""value"": 0.03389687091112137}, {""token_id"": 61, ""token"": ""\\"", ""value"": 0.027942245826125145}]",False,False,False,0.3410443440079689
step9000,0,256,256,3,6574, miles,404,7,0.2403043740949753,-1.8546996039963946,-1.1486668841533791,-1.9375590201378352,3.634884753760763,-0.0030945376493036747,0.9917272329330444,0.9499098658561707,0.2849459648132324,0.96992027759552,0.11290774494409561,0.9764699339866638,1.9699442386627197,1.8240315914154053,15.724517822265625,1.9863771200180054,38.789215087890625,14054,atom,15,0.16326166689395905,0.836738333106041,0.0005716085433959961,"[{""token_id"": 14054, ""token"": ""atom"", ""value"": 0.16326166689395905}, {""token_id"": 21752, ""token"": ""ervation"", ""value"": 0.16269005835056305}, {""token_id"": 46474, ""token"": "" NAC"", ""value"": 0.15971317887306213}, {""token_id"": 36213, ""token"": ""因"", ""value"": 0.15931321680545807}, {""token_id"": 26003, ""token"": ""コ"", ""value"": 0.1566164493560791}]",21752,ervation,8,38.58333969116211,0.00226593017578125,5.8728202221962744e-05,"[{""token_id"": 21752, ""token"": ""ervation"", ""value"": 38.58333969116211}, {""token_id"": 14054, ""token"": ""atom"", ""value"": 38.58560562133789}, {""token_id"": 36213, ""token"": ""因"", ""value"": 38.59059143066406}, {""token_id"": 26003, ""token"": ""コ"", ""value"": 38.593685150146484}, {""token_id"": 46474, ""token"": "" NAC"", ""value"": 38.59451675415039}]",187,"
",1,0.2177831083536148,0.17886218428611755,1.7219676971435547,0.5223287343978882,"[{""token_id"": 187, ""token"": ""\n"", ""value"": 0.2177831083536148}, {""token_id"": 15, ""token"": ""."", ""value"": 0.03892092406749725}, {""token_id"": 209, ""token"": "" "", ""value"": 0.03431609645485878}, {""token_id"": 424, ""token"": ""**"", ""value"": 0.03210733085870743}, {""token_id"": 61, ""token"": ""\\"", ""value"": 0.028756430372595787}]",False,False,False,0.2948993742465973
step9000,256,512,512,0,21825, clones,2,0,0.24602688144173623,-1.8617307368152132,-1.1186664594018185,-1.94832592439369,3.634884753760763,-0.005340431351214647,0.9925330877304077,0.9508402347564697,0.2846485376358032,0.9665189981460571,0.1127546951174736,0.9730737805366516,1.9737664461135864,1.8188704252243042,15.692831039428711,1.9886152744293213,38.796974182128906,14054,atom,15,0.1634606271982193,0.8365393728017807,0.0004487931728363037,"[{""token_id"": 14054, ""token"": ""atom"", ""value"": 0.1634606271982193}, {""token_id"": 21752, ""token"": ""ervation"", ""value"": 0.163011834025383}, {""token_id"": 46474, ""token"": "" NAC"", ""value"": 0.1595037430524826}, {""token_id"": 36213, ""token"": ""因"", ""value"": 0.15867944061756134}, {""token_id"": 26003, ""token"": ""コ"", ""value"": 0.1559222936630249}]",21752,ervation,8,38.590633392333984,0.002445220947265625,6.336306850437358e-05,"[{""token_id"": 21752, ""token"": ""ervation"", ""value"": 38.590633392333984}, {""token_id"": 14054, ""token"": ""atom"", ""value"": 38.59307861328125}, {""token_id"": 36213, ""token"": ""因"", ""value"": 38.599239349365234}, {""token_id"": 26003, ""token"": ""コ"", ""value"": 38.602420806884766}, {""token_id"": 46474, ""token"": "" NAC"", ""value"": 38.60255813598633}]",187,"
",1,0.22025035321712494,0.18160197138786316,1.740260124206543,0.5220231413841248,"[{""token_id"": 187, ""token"": ""\n"", ""value"": 0.22025035321712494}, {""token_id"": 15, ""token"": ""."", ""value"": 0.03864837437868118}, {""token_id"": 209, ""token"": "" "", ""value"": 0.03262975811958313}, {""token_id"": 424, ""token"": ""**"", ""value"": 0.031147973611950874}, {""token_id"": 61, ""token"": ""\\"", ""value"": 0.028994951397180557}]",False,False,False,0.36305175349116325
step9000,256,512,512,1,23778, motive,8,2,0.2930972690351006,-1.906711426183901,-1.0764053859201175,-1.9789766733056606,3.634884753760763,-0.006125962361693382,0.9987795352935791,0.9562324285507202,0.2884094715118408,0.9657763242721558,0.11300457268953323,0.972365140914917,1.9561482667922974,1.8252456188201904,15.743287086486816,1.9585386514663696,38.88216018676758,14054,atom,15,0.1640363335609436,0.8359636664390564,0.00031319260597229004,"[{""token_id"": 14054, ""token"": ""atom"", ""value"": 0.1640363335609436}, {""token_id"": 21752, ""token"": ""ervation"", ""value"": 0.1637231409549713}, {""token_id"": 46474, ""token"": "" NAC"", ""value"": 0.15861737728118896}, {""token_id"": 36213, ""token"": ""因"", ""value"": 0.15850646793842316}, {""token_id"": 26003, ""token"": ""コ"", ""value"": 0.15588858723640442}]",21752,ervation,8,38.67474365234375,0.002655029296875,6.865021060622082e-05,"[{""token_id"": 21752, ""token"": ""ervation"", ""value"": 38.67474365234375}, {""token_id"": 14054, ""token"": ""atom"", ""value"": 38.677398681640625}, {""token_id"": 36213, ""token"": ""因"", ""value"": 38.68461608886719}, {""token_id"": 26003, ""token"": ""コ"", ""value"": 38.687599182128906}, {""token_id"": 46474, ""token"": "" NAC"", ""value"": 38.688907623291016}]",187,"
",1,0.2201186865568161,0.18085184693336487,1.7237863540649414,0.519544780254364,"[{""token_id"": 187, ""token"": ""\n"", ""value"": 0.2201186865568161}, {""token_id"": 15, ""token"": ""."", ""value"": 0.03926684707403183}, {""token_id"": 209, ""token"": "" "", ""value"": 0.033572591841220856}, {""token_id"": 424, ""token"": ""**"", ""value"": 0.031465526670217514}, {""token_id"": 61, ""token"": ""\\"", ""value"": 0.02829752489924431}]",False,False,False,0.3426232412457466
step9000,256,512,512,2,19211, cabinet,33,5,0.24484597225521276,-1.858625697149647,-1.139541141635543,-1.9423449644091964,3.634884753760763,-0.006011001765727997,0.9923758506774902,0.9505331516265869,0.2851255238056183,0.9691464900970459,0.11318238824605942,0.9757331609725952,1.9697349071502686,1.8233119249343872,15.721430778503418,1.984867811203003,38.79751968383789,14054,atom,15,0.16335465013980865,0.8366453498601913,0.0005209296941757202,"[{""token_id"": 14054, ""token"": ""atom"", ""value"": 0.16335465013980865}, {""token_id"": 21752, ""token"": ""ervation"", ""value"": 0.16283372044563293}, {""token_id"": 46474, ""token"": "" NAC"", ""value"": 0.15958337485790253}, {""token_id"": 36213, ""token"": ""因"", ""value"": 0.15919511020183563}, {""token_id"": 26003, ""token"": ""コ"", ""value"": 0.15647552907466888}]",21752,ervation,8,38.5914306640625,0.00234222412109375,6.069285540312708e-05,"[{""token_id"": 21752, ""token"": ""ervation"", ""value"": 38.5914306640625}, {""token_id"": 14054, ""token"": ""atom"", ""value"": 38.593772888183594}, {""token_id"": 36213, ""token"": ""因"", ""value"": 38.599056243896484}, {""token_id"": 26003, ""token"": ""コ"", ""value"": 38.6021842956543}, {""token_id"": 46474, ""token"": "" NAC"", ""value"": 38.60299301147461}]",187,"
",1,0.2183569371700287,0.17946502566337585,1.7253446578979492,0.5220879912376404,"[{""token_id"": 187, ""token"": ""\n"", ""value"": 0.2183569371700287}, {""token_id"": 15, ""token"": ""."", ""value"": 0.03889191523194313}, {""token_id"": 209, ""token"": "" "", ""value"": 0.03399736434221268}, {""token_id"": 424, ""token"": ""**"", ""value"": 0.03192027285695076}, {""token_id"": 61, ""token"": ""\\"", ""value"": 0.028761209920048714}]",False,False,False,0.34338079392910004
step9000,256,512,512,3,6574, miles,404,7,0.25219501941451483,-1.8669199760183102,-1.1227785509565629,-1.949759065505476,3.634884753760763,-0.005490084178745747,0.9934619665145874,0.9515654444694519,0.28546446561813354,0.9677635431289673,0.11305887252092361,0.9743452072143555,1.9691654443740845,1.8219709396362305,15.714330673217773,1.98212468624115,38.81053924560547,14054,atom,15,0.16350670158863068,0.8364932984113693,0.0004583597183227539,"[{""token_id"": 14054, ""token"": ""atom"", ""value"": 0.16350670158863068}, {""token_id"": 21752, ""token"": ""ervation"", ""value"": 0.16304834187030792}, {""token_id"": 46474, ""token"": "" NAC"", ""value"": 0.1594141125679016}, {""token_id"": 36213, ""token"": ""因"", ""value"": 0.15891790390014648}, {""token_id"": 26003, ""token"": ""コ"", ""value"": 0.15618443489074707}]",21752,ervation,8,38.6041374206543,0.00243377685546875,6.304445632209907e-05,"[{""token_id"": 21752, ""token"": ""ervation"", ""value"": 38.6041374206543}, {""token_id"": 14054, ""token"": ""atom"", ""value"": 38.606571197509766}, {""token_id"": 36213, ""token"": ""因"", ""value"": 38.61246109008789}, {""token_id"": 26003, ""token"": ""コ"", ""value"": 38.61560821533203}, {""token_id"": 46474, ""token"": "" NAC"", ""value"": 38.616241455078125}]",187,"
",1,0.21935054659843445,0.18050554394721985,1.7310914993286133,0.5216686725616455,"[{""token_id"": 187, ""token"": ""\n"", ""value"": 0.21935054659843445}, {""token_id"": 15, ""token"": ""."", ""value"": 0.0388450101017952}, {""token_id"": 209, ""token"": "" "", ""value"": 0.033432215452194214}, {""token_id"": 424, ""token"": ""**"", ""value"": 0.03157676383852959}, {""token_id"": 61, ""token"": ""\\"", ""value"": 0.02878405712544918}]",False,False,False,0.34042245522141457
step9000,512,768,768,0,21825, clones,2,0,0.25899049999817225,-1.873857921642099,-1.1118359390111028,-1.9554055557008976,3.634884753760763,-0.0055739497765898705,0.9943984746932983,0.9524160623550415,0.28588807582855225,0.9670212268829346,0.1130138635635376,0.9736027121543884,1.9678043127059937,1.8218191862106323,15.71436595916748,1.9788891077041626,38.82246398925781,14054,atom,15,0.16361558437347412,0.8363844156265259,0.0004197657108306885,"[{""token_id"": 14054, ""token"": ""atom"", ""value"": 0.16361558437347412}, {""token_id"": 21752, ""token"": ""ervation"", ""value"": 0.16319581866264343}, {""token_id"": 46474, ""token"": "" NAC"", ""value"": 0.1592738926410675}, {""token_id"": 36213, ""token"": ""因"", ""value"": 0.15876957774162292}, {""token_id"": 26003, ""token"": ""コ"", ""value"": 0.15604466199874878}]",21752,ervation,8,38.6158447265625,0.002490997314453125,6.450712996418421e-05,"[{""token_id"": 21752, ""token"": ""ervation"", ""value"": 38.6158447265625}, {""token_id"": 14054, ""token"": ""atom"", ""value"": 38.61833572387695}, {""token_id"": 36213, ""token"": ""因"", ""value"": 38.62458419799805}, {""token_id"": 26003, ""token"": ""コ"", ""value"": 38.627723693847656}, {""token_id"": 46474, ""token"": "" NAC"", ""value"": 38.62834930419922}]",187,"
",1,0.21980835497379303,0.18094180524349213,1.7326221466064453,0.5213046073913574,"[{""token_id"": 187, ""token"": ""\n"", ""value"": 0.21980835497379303}, {""token_id"": 15, ""token"": ""."", ""value"": 0.038866546005010605}, {""token_id"": 209, ""token"": "" "", ""value"": 0.03322583809494972}, {""token_id"": 424, ""token"": ""**"", ""value"": 0.03143642097711563}, {""token_id"": 61, ""token"": ""\\"", ""value"": 0.02874656207859516}]",False,False,False,0.35058219358325005
step9000,512,768,768,1,23778, motive,8,2,0.2655211173573717,-1.8795938195049098,-1.1110611007974531,-1.9582355446511852,3.634884753760763,-0.005426876246929169,0.9952999353408813,0.9531567096710205,0.2865557372570038,0.9676215648651123,0.11322920024394989,0.9742239713668823,1.9639167785644531,1.823806643486023,15.72893238067627,1.9731909036636353,38.83506774902344,14054,atom,15,0.16367176175117493,0.8363282382488251,0.0004195570945739746,"[{""token_id"": 14054, ""token"": ""atom"", ""value"": 0.16367176175117493}, {""token_id"": 21752, ""token"": ""ervation"", ""value"": 0.16325220465660095}, {""token_id"": 46474, ""token"": "" NAC"", ""value"": 0.15916664898395538}, {""token_id"": 36213, ""token"": ""因"", ""value"": 0.1588830053806305}, {""token_id"": 26003, ""token"": ""コ"", ""value"": 0.15618351101875305}]",21752,ervation,8,38.628360748291016,0.002490997314453125,6.44862289312479e-05,"[{""token_id"": 21752, ""token"": ""ervation"", ""value"": 38.628360748291016}, {""token_id"": 14054, ""token"": ""atom"", ""value"": 38.63085174560547}, {""token_id"": 36213, ""token"": ""因"", ""value"": 38.63702392578125}, {""token_id"": 26003, ""token"": ""コ"", ""value"": 38.64012145996094}, {""token_id"": 46474, ""token"": "" NAC"", ""value"": 38.64109420776367}]",187,"
",1,0.21929556131362915,0.18027016520500183,1.7262077331542969,0.5209560394287109,"[{""token_id"": 187, ""token"": ""\n"", ""value"": 0.21929556131362915}, {""token_id"": 15, ""token"": ""."", ""value"": 0.03902539983391762}, {""token_id"": 209, ""token"": "" "", ""value"": 0.03371838107705116}, {""token_id"": 424, ""token"": ""**"", ""value"": 0.031684670597314835}, {""token_id"": 61, ""token"": ""\\"", ""value"": 0.02858603186905384}]",False,False,False,0.34288711845874786
step9000,512,768,768,2,19211, cabinet,33,5,0.2540708462183303,-1.8687805257811538,-1.1203995628600762,-1.9511430471227946,3.634884753760763,-0.005584665574133396,0.9937286972999573,0.9518028497695923,0.2856011986732483,0.9676499962806702,0.11306673288345337,0.9742333292961121,1.96858549118042,1.8221384286880493,15.715315818786621,1.9810090065002441,38.81395721435547,14054,atom,15,0.16353410482406616,0.8364658951759338,0.00044986605644226074,"[{""token_id"": 14054, ""token"": ""atom"", ""value"": 0.16353410482406616}, {""token_id"": 21752, ""token"": ""ervation"", ""value"": 0.1630842387676239}, {""token_id"": 46474, ""token"": "" NAC"", ""value"": 0.15937715768814087}, {""token_id"": 36213, ""token"": ""因"", ""value"": 0.15889443457126617}, {""token_id"": 26003, ""token"": ""コ"", ""value"": 0.15616388618946075}]",21752,ervation,8,38.60750198364258,0.002445220947265625,6.333538358170981e-05,"[{""token_id"": 21752, ""token"": ""ervation"", ""value"": 38.60750198364258}, {""token_id"": 14054, ""token"": ""atom"", ""value"": 38.609947204589844}, {""token_id"": 36213, ""token"": ""因"", ""value"": 38.615909576416016}, {""token_id"": 26003, ""token"": ""コ"", ""value"": 38.61905288696289}, {""token_id"": 46474, ""token"": "" NAC"", ""value"": 38.61970520019531}]",187,"
",1,0.21941576898097992,0.180556058883667,1.7310104370117188,0.5215668678283691,"[{""token_id"": 187, ""token"": ""\n"", ""value"": 0.21941576898097992}, {""token_id"": 15, ""token"": ""."", ""value"": 0.03885971009731293}, {""token_id"": 209, ""token"": "" "", ""value"": 0.033420953899621964}, {""token_id"": 424, ""token"": ""**"", ""value"": 0.03156378120183945}, {""token_id"": 61, ""token"": ""\\"", ""value"": 0.028765609487891197}]",False,False,False,0.33918384462594986
step9000,512,768,768,3,6574, miles,404,7,0.25755637384193475,-1.8722416746383175,-1.1159036525679373,-1.9537422988221305,3.634884753760763,-0.0053380392491817474,0.9942124485969543,0.9522332549095154,0.28585004806518555,0.9674204587936401,0.11307276785373688,0.9740060567855835,1.9676183462142944,1.8222689628601074,15.717011451721191,1.9790723323822021,38.82024002075195,14054,atom,15,0.16358502209186554,0.8364149779081345,0.00043404102325439453,"[{""token_id"": 14054, ""token"": ""atom"", ""value"": 0.16358502209186554}, {""token_id"": 21752, ""token"": ""ervation"", ""value"": 0.16315098106861115}, {""token_id"": 46474, ""token"": "" NAC"", ""value"": 0.15930837392807007}, {""token_id"": 36213, ""token"": ""因"", ""value"": 0.15884792804718018}, {""token_id"": 26003, ""token"": ""コ"", ""value"": 0.1561232954263687}]",21752,ervation,8,38.613685607910156,0.002468109130859375,6.391798897212168e-05,"[{""token_id"": 21752, ""token"": ""ervation"", ""value"": 38.613685607910156}, {""token_id"": 14054, ""token"": ""atom"", ""value"": 38.616153717041016}, {""token_id"": 36213, ""token"": ""因"", ""value"": 38.62225341796875}, {""token_id"": 26003, ""token"": ""コ"", ""value"": 38.62538528442383}, {""token_id"": 46474, ""token"": "" NAC"", ""value"": 38.62607955932617}]",187,"
",1,0.2195432484149933,0.180657297372818,1.7309160232543945,0.5213792324066162,"[{""token_id"": 187, ""token"": ""\n"", ""value"": 0.2195432484149933}, {""token_id"": 15, ""token"": ""."", ""value"": 0.03888595849275589}, {""token_id"": 209, ""token"": "" "", ""value"": 0.033394161611795425}, {""token_id"": 424, ""token"": ""**"", ""value"": 0.0315358005464077}, {""token_id"": 61, ""token"": ""\\"", ""value"": 0.028732217848300934}]",False,False,False,0.3471940718591213
step9000,768,1024,1024,0,21825, clones,2,0,0.2596682406350941,-1.8742894222554787,-1.113695742831589,-1.9551810211841618,3.634884753760763,-0.005907050333917141,0.9945020079612732,0.9524861574172974,0.2860145568847656,0.9673500657081604,0.11308849602937698,0.97393798828125,1.9668513536453247,1.8224400281906128,15.718810081481934,1.9777249097824097,38.824100494384766,14054,atom,15,0.16361314058303833,0.8363868594169617,0.0004264265298843384,"[{""token_id"": 14054, ""token"": ""atom"", ""value"": 0.16361314058303833}, {""token_id"": 21752, ""token"": ""ervation"", ""value"": 0.163186714053154}, {""token_id"": 46474, ""token"": "" NAC"", ""value"": 0.15926803648471832}, {""token_id"": 36213, ""token"": ""因"", ""value"": 0.1588330715894699}, {""token_id"": 26003, ""token"": ""コ"", ""value"": 0.15611319243907928}]",21752,ervation,8,38.617488861083984,0.002483367919921875,6.430682038532133e-05,"[{""token_id"": 21752, ""token"": ""ervation"", ""value"": 38.617488861083984}, {""token_id"": 14054, ""token"": ""atom"", ""value"": 38.619972229003906}, {""token_id"": 36213, ""token"": ""因"", ""value"": 38.62613296508789}, {""token_id"": 26003, ""token"": ""コ"", ""value"": 38.6292610168457}, {""token_id"": 46474, ""token"": "" NAC"", ""value"": 38.62998962402344}]",187,"
",1,0.21956945955753326,0.1806601881980896,1.7304363250732422,0.5212662220001221,"[{""token_id"": 187, ""token"": ""\n"", ""value"": 0.21956945955753326}, {""token_id"": 15, ""token"": ""."", ""value"": 0.03890926390886307}, {""token_id"": 209, ""token"": "" "", ""value"": 0.033414460718631744}, {""token_id"": 424, ""token"": ""**"", ""value"": 0.03153902292251587}, {""token_id"": 61, ""token"": ""\\"", ""value"": 0.028705326840281487}]",False,False,False,0.3419818878173828
step9000,768,1024,1024,1,23778, motive,8,2,0.259349039883908,-1.8738029539936065,-1.1157918661309894,-1.9544883451476736,3.634884753760763,-0.00537596782669425,0.9944616556167603,0.952437162399292,0.286037415266037,0.967596709728241,0.11313509941101074,0.9741883277893066,1.9665859937667847,1.82282555103302,15.72116756439209,1.9775382280349731,38.82373809814453,14054,atom,15,0.16360026597976685,0.8363997340202332,0.0004340559244155884,"[{""token_id"": 14054, ""token"": ""atom"", ""value"": 0.16360026597976685}, {""token_id"": 21752, ""token"": ""ervation"", ""value"": 0.16316621005535126}, {""token_id"": 46474, ""token"": "" NAC"", ""value"": 0.15927936136722565}, {""token_id"": 36213, ""token"": ""因"", ""value"": 0.1588817834854126}, {""token_id"": 26003, ""token"": ""コ"", ""value"": 0.15616421401500702}]",21752,ervation,8,38.617156982421875,0.002475738525390625,6.41098081486826e-05,"[{""token_id"": 21752, ""token"": ""ervation"", ""value"": 38.617156982421875}, {""token_id"": 14054, ""token"": ""atom"", ""value"": 38.619632720947266}, {""token_id"": 36213, ""token"": ""因"", ""value"": 38.625701904296875}, {""token_id"": 26003, ""token"": ""コ"", ""value"": 38.62882614135742}, {""token_id"": 46474, ""token"": "" NAC"", ""value"": 38.629615783691406}]",187,"
",1,0.21939440071582794,0.18046395480632782,1.7290945053100586,0.5212830901145935,"[{""token_id"": 187, ""token"": ""\n"", ""value"": 0.21939440071582794}, {""token_id"": 15, ""token"": ""."", ""value"": 0.03893044590950012}, {""token_id"": 209, ""token"": "" "", ""value"": 0.03353611007332802}, {""token_id"": 424, ""token"": ""**"", ""value"": 0.031608328223228455}, {""token_id"": 61, ""token"": ""\\"", ""value"": 0.028687063604593277}]",False,False,False,0.339399341493845
step9000,768,1024,1024,2,19211, cabinet,33,5,0.25798460829975256,-1.872645796602479,-1.1155719883977446,-1.9540016011628363,3.634884753760763,-0.005310654640197754,0.9942706227302551,0.9522830843925476,0.28588637709617615,0.9674220681190491,0.11307981610298157,0.9740084409713745,1.9674173593521118,1.8223320245742798,15.717551231384277,1.9787544012069702,38.821041107177734,14054,atom,15,0.16359014809131622,0.8364098519086838,0.00043286383152008057,"[{""token_id"": 14054, ""token"": ""atom"", ""value"": 0.16359014809131622}, {""token_id"": 21752, ""token"": ""ervation"", ""value"": 0.16315728425979614}, {""token_id"": 46474, ""token"": "" NAC"", ""value"": 0.1593005359172821}, {""token_id"": 36213, ""token"": ""因"", ""value"": 0.15884804725646973}, {""token_id"": 26003, ""token"": ""コ"", ""value"": 0.15612448751926422}]",21752,ervation,8,38.61447525024414,0.002471923828125,6.401547119585346e-05,"[{""token_id"": 21752, ""token"": ""ervation"", ""value"": 38.61447525024414}, {""token_id"": 14054, ""token"": ""atom"", ""value"": 38.616947174072266}, {""token_id"": 36213, ""token"": ""因"", ""value"": 38.62305450439453}, {""token_id"": 26003, ""token"": ""コ"", ""value"": 38.62618637084961}, {""token_id"": 46474, ""token"": "" NAC"", ""value"": 38.626888275146484}]",187,"
",1,0.219537153840065,0.18064481019973755,1.7307243347167969,0.5213563442230225,"[{""token_id"": 187, ""token"": ""\n"", ""value"": 0.219537153840065}, {""token_id"": 15, ""token"": ""."", ""value"": 0.03889233618974686}, {""token_id"": 209, ""token"": "" "", ""value"": 0.03340648487210274}, {""token_id"": 424, ""token"": ""**"", ""value"": 0.031541090458631516}, {""token_id"": 61, ""token"": ""\\"", ""value"": 0.028725365176796913}]",False,False,False,0.3632355220615864
step9000,768,1024,1024,3,6574, miles,404,7,0.25879959068825265,-1.8734171369240045,-1.1149246886990631,-1.954502760258861,3.634884753760763,-0.0056793224066495895,0.9943855404853821,0.9523824453353882,0.2859549820423126,0.9674216508865356,0.11309146136045456,0.9740093946456909,1.96711003780365,1.8224306106567383,15.718548774719238,1.9782166481018066,38.82255935668945,14054,atom,15,0.1636001020669937,0.8363998979330063,0.0004307180643081665,"[{""token_id"": 14054, ""token"": ""atom"", ""value"": 0.1636001020669937}, {""token_id"": 21752, ""token"": ""ervation"", ""value"": 0.16316938400268555}, {""token_id"": 46474, ""token"": "" NAC"", ""value"": 0.1592855602502823}, {""token_id"": 36213, ""token"": ""因"", ""value"": 0.1588476300239563}, {""token_id"": 26003, ""token"": ""コ"", ""value"": 0.15612630546092987}]",21752,ervation,8,38.61597442626953,0.002475738525390625,6.411177141515918e-05,"[{""token_id"": 21752, ""token"": ""ervation"", ""value"": 38.61597442626953}, {""token_id"": 14054, ""token"": ""atom"", ""value"": 38.61845016479492}, {""token_id"": 36213, ""token"": ""因"", ""value"": 38.624568939208984}, {""token_id"": 26003, ""token"": ""コ"", ""value"": 38.62770080566406}, {""token_id"": 46474, ""token"": "" NAC"", ""value"": 38.62842559814453}]",187,"
",1,0.2195276916027069,0.1806236058473587,1.7303791046142578,0.5213126540184021,"[{""token_id"": 187, ""token"": ""\n"", ""value"": 0.2195276916027069}, {""token_id"": 15, ""token"": ""."", ""value"": 0.038904085755348206}, {""token_id"": 209, ""token"": "" "", ""value"": 0.03342866152524948}, {""token_id"": 424, ""token"": ""**"", ""value"": 0.03155041113495827}, {""token_id"": 61, ""token"": ""\\"", ""value"": 0.028712375089526176}]",False,False,False,0.3428637497127056
step10000,0,256,256,0,21825, clones,2,0,-1.4064184651246434,-0.9846099096890051,-0.21644017701403107,-2.0631671320722256,3.6285039891179087,0.014343062415719032,0.9931904077529907,0.9424203634262085,0.31348201632499695,0.9638376235961914,0.0,0.9638376235961914,1.74809730052948,1.71708083152771,15.244181632995605,1.760082721710205,40.29966735839844,11375,holder,3,0.1737838238477707,0.8262161761522293,0.010479435324668884,"[{""token_id"": 11375, ""token"": ""holder"", ""value"": 0.1737838238477707}, {""token_id"": 26003, ""token"": ""コ"", ""value"": 0.1633043885231018}, {""token_id"": 23498, ""token"": "" Especially"", ""value"": 0.15830326080322266}, {""token_id"": 28997, ""token"": ""NAM"", ""value"": 0.15541665256023407}, {""token_id"": 23064, ""token"": ""Pred"", ""value"": 0.15497452020645142}]",11375,holder,3,40.070350646972656,0.018524169921875,0.00046229118594634793,"[{""token_id"": 11375, ""token"": ""holder"", ""value"": 40.070350646972656}, {""token_id"": 26003, ""token"": ""コ"", ""value"": 40.08887481689453}, {""token_id"": 23498, ""token"": "" Especially"", ""value"": 40.097381591796875}, {""token_id"": 21752, ""token"": ""ervation"", ""value"": 40.101558685302734}, {""token_id"": 28997, ""token"": ""NAM"", ""value"": 40.102378845214844}]",187,"
",1,0.12804141640663147,0.07584574818611145,0.8973541259765625,0.552399754524231,"[{""token_id"": 187, ""token"": ""\n"", ""value"": 0.12804141640663147}, {""token_id"": 13, ""token"": "","", ""value"": 0.05219567194581032}, {""token_id"": 309, ""token"": "" I"", ""value"": 0.0401834212243557}, {""token_id"": 281, ""token"": "" to"", ""value"": 0.038045912981033325}, {""token_id"": 209, ""token"": "" "", ""value"": 0.03025106154382229}]",True,False,False,0.3526309244334698
step10000,0,256,256,1,23778, motive,8,2,-0.20594353092655604,-2.3383387700069225,-0.39467238580058606,-1.6810766222764468,3.6285039891179087,0.007664724253118038,1.0233519077301025,0.9831665754318237,0.28395867347717285,0.9831665754318237,0.28395867347717285,1.0233519077301025,1.867939829826355,1.8324631452560425,15.877177238464355,1.825315237045288,39.30326843261719,21752,ervation,8,0.17812171578407288,0.8218782842159271,0.021192237734794617,"[{""token_id"": 21752, ""token"": ""ervation"", ""value"": 0.17812171578407288}, {""token_id"": 1909, ""token"": ""As"", ""value"": 0.15692947804927826}, {""token_id"": 26003, ""token"": ""コ"", ""value"": 0.15662166476249695}, {""token_id"": 44895, ""token"": "" trusting"", ""value"": 0.1549644023180008}, {""token_id"": 11375, ""token"": ""holder"", ""value"": 0.15486665070056915}]",21752,ervation,8,39.07162857055664,0.03095245361328125,0.0007921976827094996,"[{""token_id"": 21752, ""token"": ""ervation"", ""value"": 39.07162857055664}, {""token_id"": 11375, ""token"": ""holder"", ""value"": 39.10258102416992}, {""token_id"": 26003, ""token"": ""コ"", ""value"": 39.102840423583984}, {""token_id"": 44895, ""token"": "" trusting"", ""value"": 39.106849670410156}, {""token_id"": 18585, ""token"": ""loss"", ""value"": 39.108009338378906}]",209, ,12180,0.08398658782243729,0.0031698569655418396,0.03847312927246094,0.5465664863586426,"[{""token_id"": 209, ""token"": "" "", ""value"": 0.08398658782243729}, {""token_id"": 187, ""token"": ""\n"", ""value"": 0.08081673085689545}, {""token_id"": 15, ""token"": ""."", ""value"": 0.05752770975232124}, {""token_id"": 13, ""token"": "","", ""value"": 0.0451432541012764}, {""token_id"": 281, ""token"": "" to"", ""value"": 0.03265901654958725}]",True,False,False,0.3429402709007263
step10000,0,256,256,2,19211, cabinet,33,5,-0.395893595504504,-2.182981457577346,-0.42092619251226115,-1.6902258326951807,3.6285039891179087,0.005492622032761574,1.0023152828216553,0.9685772061347961,0.2578642964363098,0.9772256016731262,0.17668716609477997,0.993070125579834,1.8561511039733887,1.826932430267334,15.72966194152832,1.8518635034561157,39.18491744995117,21752,ervation,8,0.17820926010608673,0.8217907398939133,0.017533645033836365,"[{""token_id"": 21752, ""token"": ""ervation"", ""value"": 0.17820926010608673}, {""token_id"": 1909, ""token"": ""As"", ""value"": 0.16067561507225037}, {""token_id"": 26003, ""token"": ""コ"", ""value"": 0.16046631336212158}, {""token_id"": 44895, ""token"": "" trusting"", ""value"": 0.15860100090503693}, {""token_id"": 18585, ""token"": ""loss"", ""value"": 0.1570916622877121}]",21752,ervation,8,38.95323181152344,0.025745391845703125,0.000660930830342219,"[{""token_id"": 21752, ""token"": ""ervation"", ""value"": 38.95323181152344}, {""token_id"": 26003, ""token"": ""コ"", ""value"": 38.97897720336914}, {""token_id"": 44895, ""token"": "" trusting"", ""value"": 38.983341217041016}, {""token_id"": 18585, ""token"": ""loss"", ""value"": 38.98609924316406}, {""token_id"": 11375, ""token"": ""holder"", ""value"": 38.986995697021484}]",209, ,12180,0.08732316642999649,0.0002568662166595459,0.0029458999633789062,0.5372379422187805,"[{""token_id"": 209, ""token"": "" "", ""value"": 0.08732316642999649}, {""token_id"": 187, ""token"": ""\n"", ""value"": 0.08706630021333694}, {""token_id"": 15, ""token"": ""."", ""value"": 0.06618659943342209}, {""token_id"": 13, ""token"": "","", ""value"": 0.05152116343379021}, {""token_id"": 281, ""token"": "" to"", ""value"": 0.03725624829530716}]",True,False,False,0.44714903831481934
step10000,0,256,256,3,6574, miles,404,7,-1.2037859376790128,-1.1375187588989366,-0.23705110824151482,-2.191876983477096,3.6285039891179087,0.010536925867199898,1.0093193054199219,0.9563525915145874,0.32266879081726074,0.9793412089347839,0.0,0.9793412089347839,1.766013741493225,1.73361074924469,15.418896675109863,1.7497076988220215,40.16947555541992,11375,holder,3,0.17419883608818054,0.8258011639118195,0.01230292022228241,"[{""token_id"": 11375, ""token"": ""holder"", ""value"": 0.17419883608818054}, {""token_id"": 26003, ""token"": ""コ"", ""value"": 0.16189591586589813}, {""token_id"": 21752, ""token"": ""ervation"", ""value"": 0.15870068967342377}, {""token_id"": 28997, ""token"": ""NAM"", ""value"": 0.15724822878837585}, {""token_id"": 23498, ""token"": "" Especially"", ""value"": 0.15145912766456604}]",11375,holder,3,39.93962860107422,0.021183013916015625,0.0005303758361800561,"[{""token_id"": 11375, ""token"": ""holder"", ""value"": 39.93962860107422}, {""token_id"": 26003, ""token"": ""コ"", ""value"": 39.960811614990234}, {""token_id"": 21752, ""token"": ""ervation"", ""value"": 39.96550750732422}, {""token_id"": 28997, ""token"": ""NAM"", ""value"": 39.969635009765625}, {""token_id"": 23498, ""token"": "" Especially"", ""value"": 39.97714614868164}]",187,"
",1,0.11407338082790375,0.06955751031637192,0.9409961700439453,0.5632538795471191,"[{""token_id"": 187, ""token"": ""\n"", ""value"": 0.11407338082790375}, {""token_id"": 13, ""token"": "","", ""value"": 0.04451587051153183}, {""token_id"": 309, ""token"": "" I"", ""value"": 0.039857253432273865}, {""token_id"": 15, ""token"": ""."", ""value"": 0.033051300793886185}, {""token_id"": 209, ""token"": "" "", ""value"": 0.03186744078993797}]",True,False,False,0.3307390697300434
step10000,256,512,512,0,21825, clones,2,0,-0.2900451383682494,-2.2436451391115506,-0.32556818957906075,-1.746317232261965,3.6285039891179087,7.934097084216774e-05,1.0390024185180664,0.9920239448547363,0.3088924288749695,0.9920239448547363,0.3088924288749695,1.0390024185180664,1.8520972728729248,1.826575517654419,15.905964851379395,1.782572627067566,39.47420883178711,21752,ervation,8,0.17554520070552826,0.8244547992944717,0.017656832933425903,"[{""token_id"": 21752, ""token"": ""ervation"", ""value"": 0.17554520070552826}, {""token_id"": 11375, ""token"": ""holder"", ""value"": 0.15788836777210236}, {""token_id"": 26003, ""token"": ""コ"", ""value"": 0.15388165414333344}, {""token_id"": 14054, ""token"": ""atom"", ""value"": 0.15238754451274872}, {""token_id"": 1909, ""token"": ""As"", ""value"": 0.1523037850856781}]",21752,ervation,8,39.2462043762207,0.022735595703125,0.0005793068671094346,"[{""token_id"": 21752, ""token"": ""ervation"", ""value"": 39.2462043762207}, {""token_id"": 11375, ""token"": ""holder"", ""value"": 39.26893997192383}, {""token_id"": 26003, ""token"": ""コ"", ""value"": 39.27764892578125}, {""token_id"": 14054, ""token"": ""atom"", ""value"": 39.28271484375}, {""token_id"": 18585, ""token"": ""loss"", ""value"": 39.28310775756836}]",187,"
",1,0.08170586824417114,0.008434392511844635,0.10895442962646484,0.5548719763755798,"[{""token_id"": 187, ""token"": ""\n"", ""value"": 0.08170586824417114}, {""token_id"": 209, ""token"": "" "", ""value"": 0.07327147573232651}, {""token_id"": 15, ""token"": ""."", ""value"": 0.05045662075281143}, {""token_id"": 13, ""token"": "","", ""value"": 0.04009619355201721}, {""token_id"": 281, ""token"": "" to"", ""value"": 0.029380135238170624}]",True,False,False,0.33941998332738876
step10000,256,512,512,1,23778, motive,8,2,-1.5859035716253718,-1.2459869869675684,-0.18810557600311173,-1.6444386902420225,3.6285039891179087,0.00014182605082169175,0.9580675363540649,0.9498316049575806,0.1253528892993927,0.9498316049575806,0.1253528892993927,0.9580675363540649,1.7686048746109009,1.7318649291992188,15.117107391357422,1.8460127115249634,39.636478424072266,46474, NAC,2,0.16546741127967834,0.8345325887203217,0.003893643617630005,"[{""token_id"": 46474, ""token"": "" NAC"", ""value"": 0.16546741127967834}, {""token_id"": 26003, ""token"": ""コ"", ""value"": 0.16157376766204834}, {""token_id"": 21752, ""token"": ""ervation"", ""value"": 0.16144400835037231}, {""token_id"": 18585, ""token"": ""loss"", ""value"": 0.1588674634695053}, {""token_id"": 23064, ""token"": ""Pred"", ""value"": 0.15684300661087036}]",26003,コ,2,39.428627014160156,0.000240325927734375,6.095214211949755e-06,"[{""token_id"": 26003, ""token"": ""コ"", ""value"": 39.428627014160156}, {""token_id"": 21752, ""token"": ""ervation"", ""value"": 39.42886734008789}, {""token_id"": 46474, ""token"": "" NAC"", ""value"": 39.4290657043457}, {""token_id"": 11375, ""token"": ""holder"", ""value"": 39.433250427246094}, {""token_id"": 18585, ""token"": ""loss"", ""value"": 39.434818267822266}]",187,"
",1,0.14466780424118042,0.07841560989618301,0.7809715270996094,0.5155490040779114,"[{""token_id"": 187, ""token"": ""\n"", ""value"": 0.14466780424118042}, {""token_id"": 13, ""token"": "","", ""value"": 0.0662521943449974}, {""token_id"": 15, ""token"": ""."", ""value"": 0.058366015553474426}, {""token_id"": 209, ""token"": "" "", ""value"": 0.057359080761671066}, {""token_id"": 281, ""token"": "" to"", ""value"": 0.0483764186501503}]",False,False,False,0.34076278656721115
step10000,256,512,512,2,19211, cabinet,33,5,-1.704010521829853,-0.9959263401062364,-0.140306540872853,-1.681517879496453,3.6285039891179087,0.00021363506675697863,0.9616817831993103,0.9226666688919067,0.2711421251296997,0.9263105392456055,0.11428777128458023,0.9333342909812927,1.744510531425476,1.7132817506790161,15.002813339233398,1.8140205144882202,39.993988037109375,46474, NAC,2,0.1645394116640091,0.8354605883359909,0.0029388219118118286,"[{""token_id"": 46474, ""token"": "" NAC"", ""value"": 0.1645394116640091}, {""token_id"": 26003, ""token"": ""コ"", ""value"": 0.16160058975219727}, {""token_id"": 11375, ""token"": ""holder"", ""value"": 0.16158919036388397}, {""token_id"": 23064, ""token"": ""Pred"", ""value"": 0.161002054810524}, {""token_id"": 18585, ""token"": ""loss"", ""value"": 0.15808036923408508}]",11375,holder,3,39.78289794921875,0.00296783447265625,7.46007612729613e-05,"[{""token_id"": 11375, ""token"": ""holder"", ""value"": 39.78289794921875}, {""token_id"": 26003, ""token"": ""コ"", ""value"": 39.785865783691406}, {""token_id"": 46474, ""token"": "" NAC"", ""value"": 39.787662506103516}, {""token_id"": 23064, ""token"": ""Pred"", ""value"": 39.78884506225586}, {""token_id"": 18585, ""token"": ""loss"", ""value"": 39.79323196411133}]",187,"
",1,0.1551564782857895,0.08644572645425797,0.8145284652709961,0.5196624398231506,"[{""token_id"": 187, ""token"": ""\n"", ""value"": 0.1551564782857895}, {""token_id"": 13, ""token"": "","", ""value"": 0.06871075183153152}, {""token_id"": 281, ""token"": "" to"", ""value"": 0.04979538545012474}, {""token_id"": 15, ""token"": ""."", ""value"": 0.04393119737505913}, {""token_id"": 209, ""token"": "" "", ""value"": 0.04327676072716713}]",False,False,False,0.35222818329930305
step10000,256,512,512,3,6574, miles,404,7,-0.21159956612557496,-2.331804857022165,-0.38961673874897884,-1.6818378902502233,3.6285039891179087,-0.0004908792907372117,1.0244861841201782,0.9837729930877686,0.2859416902065277,0.9837729930877686,0.2859416902065277,1.0244861841201782,1.8666419982910156,1.8319638967514038,15.877336502075195,1.8220274448394775,39.3157844543457,21752,ervation,8,0.17794567346572876,0.8220543265342712,0.02126440405845642,"[{""token_id"": 21752, ""token"": ""ervation"", ""value"": 0.17794567346572876}, {""token_id"": 1909, ""token"": ""As"", ""value"": 0.15668126940727234}, {""token_id"": 26003, ""token"": ""コ"", ""value"": 0.15643353760242462}, {""token_id"": 11375, ""token"": ""holder"", ""value"": 0.1551087200641632}, {""token_id"": 44895, ""token"": "" trusting"", ""value"": 0.154799222946167}]",21752,ervation,8,39.08439254760742,0.030338287353515625,0.0007762251214870885,"[{""token_id"": 21752, ""token"": ""ervation"", ""value"": 39.08439254760742}, {""token_id"": 11375, ""token"": ""holder"", ""value"": 39.11473083496094}, {""token_id"": 26003, ""token"": ""コ"", ""value"": 39.11561965942383}, {""token_id"": 44895, ""token"": "" trusting"", ""value"": 39.11959457397461}, {""token_id"": 18585, ""token"": ""loss"", ""value"": 39.12074279785156}]",209, ,12180,0.08332189172506332,0.002307593822479248,0.028085708618164062,0.5471400618553162,"[{""token_id"": 209, ""token"": "" "", ""value"": 0.08332189172506332}, {""token_id"": 187, ""token"": ""\n"", ""value"": 0.08101429790258408}, {""token_id"": 15, ""token"": ""."", ""value"": 0.056882183998823166}, {""token_id"": 13, ""token"": "","", ""value"": 0.04486588016152382}, {""token_id"": 281, ""token"": "" to"", ""value"": 0.032493095844984055}]",True,False,False,0.34959403425455093
step10000,512,768,768,0,21825, clones,2,0,-1.2755493849772017,-1.5255006120958885,-0.27314351769456335,-1.6775990768934412,3.6285039891179087,0.00013464936637319624,0.9715429544448853,0.9600949287414551,0.14870592951774597,0.9600949287414551,0.14870592951774597,0.9715429544448853,1.7934565544128418,1.7701061964035034,15.294172286987305,1.8459879159927368,39.3640022277832,21752,ervation,8,0.16823115944862366,0.8317688405513763,0.005527898669242859,"[{""token_id"": 21752, ""token"": ""ervation"", ""value"": 0.16823115944862366}, {""token_id"": 46474, ""token"": "" NAC"", ""value"": 0.1627032607793808}, {""token_id"": 26003, ""token"": ""コ"", ""value"": 0.1625126749277115}, {""token_id"": 1909, ""token"": ""As"", ""value"": 0.15956345200538635}, {""token_id"": 18585, ""token"": ""loss"", ""value"": 0.15890274941921234}]",21752,ervation,8,39.146705627441406,0.00826263427734375,0.0002110684448387334,"[{""token_id"": 21752, ""token"": ""ervation"", ""value"": 39.146705627441406}, {""token_id"": 26003, ""token"": ""コ"", ""value"": 39.15496826171875}, {""token_id"": 46474, ""token"": "" NAC"", ""value"": 39.160648345947266}, {""token_id"": 18585, ""token"": ""loss"", ""value"": 39.16246795654297}, {""token_id"": 44895, ""token"": "" trusting"", ""value"": 39.16334533691406}]",187,"
",1,0.12493190914392471,0.05401211977005005,0.5662193298339844,0.5191765427589417,"[{""token_id"": 187, ""token"": ""\n"", ""value"": 0.12493190914392471}, {""token_id"": 209, ""token"": "" "", ""value"": 0.07091978937387466}, {""token_id"": 15, ""token"": ""."", ""value"": 0.06814275681972504}, {""token_id"": 13, ""token"": "","", ""value"": 0.0617777518928051}, {""token_id"": 281, ""token"": "" to"", ""value"": 0.045416202396154404}]",True,False,False,0.3476563133299351
step10000,512,768,768,1,23778, motive,8,2,-1.3071882275495497,-1.0277457318233296,-0.22816844237881995,-2.1637882013042695,3.6285039891179087,0.00028403912438079715,1.0003443956375122,0.9482029676437378,0.31874752044677734,0.971556544303894,0.0,0.971556544303894,1.7561092376708984,1.7235766649246216,15.328705787658691,1.7555046081542969,40.256168365478516,11375,holder,3,0.1746073216199875,0.8253926783800125,0.011392518877983093,"[{""token_id"": 11375, ""token"": ""holder"", ""value"": 0.1746073216199875}, {""token_id"": 26003, ""token"": ""コ"", ""value"": 0.1632148027420044}, {""token_id"": 28997, ""token"": ""NAM"", ""value"": 0.15677306056022644}, {""token_id"": 21752, ""token"": ""ervation"", ""value"": 0.15627454221248627}, {""token_id"": 23498, ""token"": "" Especially"", ""value"": 0.15548737347126007}]",11375,holder,3,40.02566146850586,0.019870758056640625,0.0004964504602197744,"[{""token_id"": 11375, ""token"": ""holder"", ""value"": 40.02566146850586}, {""token_id"": 26003, ""token"": ""コ"", ""value"": 40.0455322265625}, {""token_id"": 21752, ""token"": ""ervation"", ""value"": 40.05567169189453}, {""token_id"": 28997, ""token"": ""NAM"", ""value"": 40.05695724487305}, {""token_id"": 23498, ""token"": "" Especially"", ""value"": 40.0579719543457}]",187,"
",1,0.12089201807975769,0.07287771999835968,0.9233989715576172,0.5590911507606506,"[{""token_id"": 187, ""token"": ""\n"", ""value"": 0.12089201807975769}, {""token_id"": 13, ""token"": "","", ""value"": 0.04801429435610771}, {""token_id"": 309, ""token"": "" I"", ""value"": 0.04085344448685646}, {""token_id"": 281, ""token"": "" to"", ""value"": 0.03390754386782646}, {""token_id"": 15, ""token"": ""."", ""value"": 0.030747879296541214}]",True,False,False,0.37814005836844444
step10000,512,768,768,2,19211, cabinet,33,5,-1.0550730343681325,-1.3275255156788484,-0.24058787959348737,-2.1591693764974407,3.6285039891179087,9.656458860263228e-05,1.021429419517517,0.9679460525512695,0.32618802785873413,0.9881718158721924,0.0,0.9881718158721924,1.7803845405578613,1.7495816946029663,15.537199974060059,1.7430323362350464,40.0394401550293,11375,holder,3,0.17221926152706146,0.8277807384729385,0.010118037462234497,"[{""token_id"": 11375, ""token"": ""holder"", ""value"": 0.17221926152706146}, {""token_id"": 21752, ""token"": ""ervation"", ""value"": 0.16210122406482697}, {""token_id"": 26003, ""token"": ""コ"", ""value"": 0.1594284325838089}, {""token_id"": 28997, ""token"": ""NAM"", ""value"": 0.1568266749382019}, {""token_id"": 44274, ""token"": "" uc"", ""value"": 0.15086837112903595}]",11375,holder,3,39.81260681152344,0.01800537109375,0.0004522530056619777,"[{""token_id"": 11375, ""token"": ""holder"", ""value"": 39.81260681152344}, {""token_id"": 21752, ""token"": ""ervation"", ""value"": 39.83061218261719}, {""token_id"": 26003, ""token"": ""コ"", ""value"": 39.83444595336914}, {""token_id"": 28997, ""token"": ""NAM"", ""value"": 39.84028625488281}, {""token_id"": 33196, ""token"": "" reservations"", ""value"": 39.84956741333008}]",187,"
",1,0.10594242811203003,0.06489946693181992,0.9482765197753906,0.5660690069198608,"[{""token_id"": 187, ""token"": ""\n"", ""value"": 0.10594242811203003}, {""token_id"": 13, ""token"": "","", ""value"": 0.041042961180210114}, {""token_id"": 309, ""token"": "" I"", ""value"": 0.037384264171123505}, {""token_id"": 209, ""token"": "" "", ""value"": 0.0366787426173687}, {""token_id"": 15, ""token"": ""."", ""value"": 0.036545466631650925}]",True,False,False,0.3056285120546818
step10000,512,768,768,3,6574, miles,404,7,-1.5745564169336497,-1.2591547353266508,-0.19167826302621227,-1.6451608753817553,3.6285039891179087,0.00018856360111385584,0.9588024020195007,0.9504544734954834,0.12624718248844147,0.9504544734954834,0.12624718248844147,0.9588024020195007,1.7698547840118408,1.7334083318710327,15.124876022338867,1.8459014892578125,39.62067794799805,46474, NAC,2,0.1654084473848343,0.8345915526151657,0.003631278872489929,"[{""token_id"": 46474, ""token"": "" NAC"", ""value"": 0.1654084473848343}, {""token_id"": 21752, ""token"": ""ervation"", ""value"": 0.16177716851234436}, {""token_id"": 26003, ""token"": ""コ"", ""value"": 0.16161136329174042}, {""token_id"": 18585, ""token"": ""loss"", ""value"": 0.1588776558637619}, {""token_id"": 23064, ""token"": ""Pred"", ""value"": 0.1566123515367508}]",21752,ervation,8,39.412593841552734,0.00019073486328125,4.83943949611756e-06,"[{""token_id"": 21752, ""token"": ""ervation"", ""value"": 39.412593841552734}, {""token_id"": 26003, ""token"": ""コ"", ""value"": 39.412784576416016}, {""token_id"": 46474, ""token"": "" NAC"", ""value"": 39.41335678100586}, {""token_id"": 11375, ""token"": ""holder"", ""value"": 39.41774368286133}, {""token_id"": 18585, ""token"": ""loss"", ""value"": 39.41901397705078}]",187,"
",1,0.14383427798748016,0.07779239863157272,0.7783727645874023,0.51558917760849,"[{""token_id"": 187, ""token"": ""\n"", ""value"": 0.14383427798748016}, {""token_id"": 13, ""token"": "","", ""value"": 0.06604187935590744}, {""token_id"": 15, ""token"": ""."", ""value"": 0.058981750160455704}, {""token_id"": 209, ""token"": "" "", ""value"": 0.05805929750204086}, {""token_id"": 281, ""token"": "" to"", ""value"": 0.04825004190206528}]",False,False,False,0.3444698713719845
step10000,768,1024,1024,0,21825, clones,2,0,-1.4816566252831642,-0.8785515118742102,-0.19032828166956028,-2.0306966340271444,3.6285039891179087,0.0002956070238724351,0.9835470914840698,0.9350830912590027,0.3049335479736328,0.952360212802887,0.0,0.952360212802887,1.739556908607483,1.7101593017578125,15.159754753112793,1.7686564922332764,40.35719299316406,11375,holder,3,0.17266641557216644,0.8273335844278336,0.008413508534431458,"[{""token_id"": 11375, ""token"": ""holder"", ""value"": 0.17266641557216644}, {""token_id"": 26003, ""token"": ""コ"", ""value"": 0.16425290703773499}, {""token_id"": 23498, ""token"": "" Especially"", ""value"": 0.1607161909341812}, {""token_id"": 23064, ""token"": ""Pred"", ""value"": 0.15732510387897491}, {""token_id"": 46474, ""token"": "" NAC"", ""value"": 0.1540384143590927}]",11375,holder,3,40.12948989868164,0.01549530029296875,0.000386132500863855,"[{""token_id"": 11375, ""token"": ""holder"", ""value"": 40.12948989868164}, {""token_id"": 26003, ""token"": ""コ"", ""value"": 40.14498519897461}, {""token_id"": 23498, ""token"": "" Especially"", ""value"": 40.15138626098633}, {""token_id"": 23064, ""token"": ""Pred"", ""value"": 40.1571044921875}, {""token_id"": 21752, ""token"": ""ervation"", ""value"": 40.1617317199707}]",187,"
",1,0.13527220487594604,0.07935436069965363,0.8834056854248047,0.5477162003517151,"[{""token_id"": 187, ""token"": ""\n"", ""value"": 0.13527220487594604}, {""token_id"": 13, ""token"": "","", ""value"": 0.05591784417629242}, {""token_id"": 281, ""token"": "" to"", ""value"": 0.040314845740795135}, {""token_id"": 309, ""token"": "" I"", ""value"": 0.03926829621195793}, {""token_id"": 209, ""token"": "" "", ""value"": 0.028868762776255608}]",True,False,False,0.3553287573158741
step10000,768,1024,1024,1,23778, motive,8,2,-0.2270526438880367,-2.3120393654547926,-0.3589162930617138,-1.7047570290024718,3.6285039891179087,-0.00046560080954805017,1.0325888395309448,0.9884808659553528,0.2985720634460449,0.9884808659553528,0.2985720634460449,1.0325888395309448,1.861567497253418,1.8307174444198608,15.90392017364502,1.8028157949447632,39.392372131347656,21752,ervation,8,0.17692804336547852,0.8230719566345215,0.02058868110179901,"[{""token_id"": 21752, ""token"": ""ervation"", ""value"": 0.17692804336547852}, {""token_id"": 11375, ""token"": ""holder"", ""value"": 0.1563393622636795}, {""token_id"": 26003, ""token"": ""コ"", ""value"": 0.15492506325244904}, {""token_id"": 1909, ""token"": ""As"", ""value"": 0.15447713434696198}, {""token_id"": 18585, ""token"": ""loss"", ""value"": 0.15300783514976501}]",21752,ervation,8,39.162410736083984,0.02703857421875,0.0006904215984292519,"[{""token_id"": 21752, ""token"": ""ervation"", ""value"": 39.162410736083984}, {""token_id"": 11375, ""token"": ""holder"", ""value"": 39.189449310302734}, {""token_id"": 26003, ""token"": ""コ"", ""value"": 39.19435119628906}, {""token_id"": 44895, ""token"": "" trusting"", ""value"": 39.198997497558594}, {""token_id"": 18585, ""token"": ""loss"", ""value"": 39.19927978515625}]",187,"
",1,0.08077695220708847,0.001879766583442688,0.023546218872070312,0.5510607957839966,"[{""token_id"": 187, ""token"": ""\n"", ""value"": 0.08077695220708847}, {""token_id"": 209, ""token"": "" "", ""value"": 0.07889718562364578}, {""token_id"": 15, ""token"": ""."", ""value"": 0.053415875881910324}, {""token_id"": 13, ""token"": "","", ""value"": 0.04224665090441704}, {""token_id"": 281, ""token"": "" to"", ""value"": 0.030766412615776062}]",True,False,False,0.32156888023018837
step10000,768,1024,1024,2,19211, cabinet,33,5,-0.2740911019826071,-2.280960120614265,-0.4151329838400677,-1.6777692068605274,3.6285039891179087,-0.00040415124385617673,1.013682246208191,0.9771515130996704,0.26967889070510864,0.978943943977356,0.1771879643201828,0.9948501586914062,1.8645282983779907,1.8303236961364746,15.809521675109863,1.8393616676330566,39.23526382446289,21752,ervation,8,0.1784971058368683,0.8215028941631317,0.01936449110507965,"[{""token_id"": 21752, ""token"": ""ervation"", ""value"": 0.1784971058368683}, {""token_id"": 1909, ""token"": ""As"", ""value"": 0.15913261473178864}, {""token_id"": 26003, ""token"": ""コ"", ""value"": 0.1586492359638214}, {""token_id"": 44895, ""token"": "" trusting"", ""value"": 0.15712092816829681}, {""token_id"": 18585, ""token"": ""loss"", ""value"": 0.1559751182794571}]",21752,ervation,8,39.00312423706055,0.02880859375,0.0007386227209620874,"[{""token_id"": 21752, ""token"": ""ervation"", ""value"": 39.00312423706055}, {""token_id"": 26003, ""token"": ""コ"", ""value"": 39.03193283081055}, {""token_id"": 44895, ""token"": "" trusting"", ""value"": 39.03578567504883}, {""token_id"": 11375, ""token"": ""holder"", ""value"": 39.036006927490234}, {""token_id"": 18585, ""token"": ""loss"", ""value"": 39.03801727294922}]",209, ,12180,0.08657023310661316,0.003265783190727234,0.03845405578613281,0.5420094728469849,"[{""token_id"": 209, ""token"": "" "", ""value"": 0.08657023310661316}, {""token_id"": 187, ""token"": ""\n"", ""value"": 0.08330444991588593}, {""token_id"": 15, ""token"": ""."", ""value"": 0.061750657856464386}, {""token_id"": 13, ""token"": "","", ""value"": 0.04848463460803032}, {""token_id"": 281, ""token"": "" to"", ""value"": 0.03501144424080849}]",True,False,False,0.32092420011758804
step10000,768,1024,1024,3,6574, miles,404,7,-1.3170302539976637,-1.0173930746756419,-0.22678056068562724,-2.159727323733633,3.6285039891179087,0.0002875772479455918,0.9994310140609741,0.947411060333252,0.31823673844337463,0.9706858396530151,0.0,0.9706858396530151,1.7551692724227905,1.7226308584213257,15.319649696350098,1.7561684846878052,40.26423645019531,11375,holder,3,0.17459790408611298,0.825402095913887,0.011270135641098022,"[{""token_id"": 11375, ""token"": ""holder"", ""value"": 0.17459790408611298}, {""token_id"": 26003, ""token"": ""コ"", ""value"": 0.16332776844501495}, {""token_id"": 28997, ""token"": ""NAM"", ""value"": 0.1566872000694275}, {""token_id"": 21752, ""token"": ""ervation"", ""value"": 0.15604522824287415}, {""token_id"": 23498, ""token"": "" Especially"", ""value"": 0.15585410594940186}]",11375,holder,3,40.03373718261719,0.019695281982421875,0.000491967109954792,"[{""token_id"": 11375, ""token"": ""holder"", ""value"": 40.03373718261719}, {""token_id"": 26003, ""token"": ""コ"", ""value"": 40.05343246459961}, {""token_id"": 21752, ""token"": ""ervation"", ""value"": 40.06406784057617}, {""token_id"": 28997, ""token"": ""NAM"", ""value"": 40.06514358520508}, {""token_id"": 23498, ""token"": "" Especially"", ""value"": 40.06550598144531}]",187,"
",1,0.12159965932369232,0.07321201264858246,0.9214897155761719,0.558617353439331,"[{""token_id"": 187, ""token"": ""\n"", ""value"": 0.12159965932369232}, {""token_id"": 13, ""token"": "","", ""value"": 0.048387642949819565}, {""token_id"": 309, ""token"": "" I"", ""value"": 0.0408969484269619}, {""token_id"": 281, ""token"": "" to"", ""value"": 0.034194216132164}, {""token_id"": 15, ""token"": ""."", ""value"": 0.030541110783815384}]",True,False,False,0.3205488882958889
step13000,0,256,256,0,21825, clones,2,0,-1.4055768188604816,-1.288386780461017,0.2802673308930357,-2.153288993324892,3.600398649185347,-0.037318021059036255,0.9516380429267883,0.9516380429267883,0.0,0.9516380429267883,0.0,0.9516380429267883,1.8363221883773804,1.7720088958740234,15.174323081970215,1.9296435117721558,41.21992874145508,41741,escap,1,0.18877285718917847,0.8112271428108215,0.01983088254928589,"[{""token_id"": 41741, ""token"": ""escap"", ""value"": 0.18877285718917847}, {""token_id"": 5113, ""token"": "" objects"", ""value"": 0.16894197463989258}, {""token_id"": 34458, ""token"": ""540"", ""value"": 0.16790813207626343}, {""token_id"": 42429, ""token"": ""dataset"", ""value"": 0.16601859033107758}, {""token_id"": 15500, ""token"": ""¯"", ""value"": 0.16453075408935547}]",41741,escap,1,40.96491241455078,0.03478240966796875,0.0008490780919041829,"[{""token_id"": 41741, ""token"": ""escap"", ""value"": 40.96491241455078}, {""token_id"": 5113, ""token"": "" objects"", ""value"": 40.99969482421875}, {""token_id"": 34458, ""token"": ""540"", ""value"": 41.0002555847168}, {""token_id"": 42429, ""token"": ""dataset"", ""value"": 41.003116607666016}, {""token_id"": 15500, ""token"": ""¯"", ""value"": 41.007137298583984}]",187,"
",1,0.08578705787658691,0.0014884546399116516,0.017502784729003906,0.5448954105377197,"[{""token_id"": 187, ""token"": ""\n"", ""value"": 0.08578705787658691}, {""token_id"": 13, ""token"": "","", ""value"": 0.08429860323667526}, {""token_id"": 15, ""token"": ""."", ""value"": 0.04797915741801262}, {""token_id"": 310, ""token"": "" is"", ""value"": 0.033254675567150116}, {""token_id"": 313, ""token"": "" ("", ""value"": 0.027124986052513123}]",True,False,False,0.34101587533950806
step13000,0,256,256,1,23778, motive,8,2,-1.4055767002898252,-1.288386743461174,0.2802684426985075,-2.1532890343081954,3.600398649185347,-0.03348248451948166,0.9516424536705017,0.9516424536705017,0.0,0.9516424536705017,0.0,0.9516424536705017,1.836266040802002,1.7719907760620117,15.174323081970215,1.9295755624771118,41.219932556152344,41741,escap,1,0.18877282738685608,0.8112271726131439,0.01983088254928589,"[{""token_id"": 41741, ""token"": ""escap"", ""value"": 0.18877282738685608}, {""token_id"": 5113, ""token"": "" objects"", ""value"": 0.1689419448375702}, {""token_id"": 34458, ""token"": ""540"", ""value"": 0.16790811717510223}, {""token_id"": 42429, ""token"": ""dataset"", ""value"": 0.1660185605287552}, {""token_id"": 15500, ""token"": ""¯"", ""value"": 0.16453075408935547}]",41741,escap,1,40.96491622924805,0.034778594970703125,0.0008489848917565215,"[{""token_id"": 41741, ""token"": ""escap"", ""value"": 40.96491622924805}, {""token_id"": 5113, ""token"": "" objects"", ""value"": 40.99969482421875}, {""token_id"": 34458, ""token"": ""540"", ""value"": 41.00025939941406}, {""token_id"": 42429, ""token"": ""dataset"", ""value"": 41.00312042236328}, {""token_id"": 15500, ""token"": ""¯"", ""value"": 41.00714111328125}]",187,"
",1,0.08578725159168243,0.001488618552684784,0.01750469207763672,0.5448951721191406,"[{""token_id"": 187, ""token"": ""\n"", ""value"": 0.08578725159168243}, {""token_id"": 13, ""token"": "","", ""value"": 0.08429863303899765}, {""token_id"": 15, ""token"": ""."", ""value"": 0.04797922447323799}, {""token_id"": 310, ""token"": "" is"", ""value"": 0.033254653215408325}, {""token_id"": 313, ""token"": "" ("", ""value"": 0.02712501771748066}]",True,False,False,0.3396051600575447
step13000,0,256,256,2,19211, cabinet,33,5,-1.4055772869399474,-1.2883951443253205,0.28025920677921445,-2.153271799296692,3.600398649185347,-0.04788589105010033,0.9516428709030151,0.9516428709030151,0.0,0.9516428709030151,0.0,0.9516428709030151,1.8363003730773926,1.7720319032669067,15.174325942993164,1.9296108484268188,41.21993637084961,41741,escap,1,0.1887727677822113,0.8112272322177887,0.01983068883419037,"[{""token_id"": 41741, ""token"": ""escap"", ""value"": 0.1887727677822113}, {""token_id"": 5113, ""token"": "" objects"", ""value"": 0.16894207894802094}, {""token_id"": 34458, ""token"": ""540"", ""value"": 0.167908176779747}, {""token_id"": 42429, ""token"": ""dataset"", ""value"": 0.16601845622062683}, {""token_id"": 15500, ""token"": ""¯"", ""value"": 0.16453078389167786}]",41741,escap,1,40.96492385864258,0.034778594970703125,0.0008489847336397699,"[{""token_id"": 41741, ""token"": ""escap"", ""value"": 40.96492385864258}, {""token_id"": 5113, ""token"": "" objects"", ""value"": 40.99970245361328}, {""token_id"": 34458, ""token"": ""540"", ""value"": 41.00026321411133}, {""token_id"": 42429, ""token"": ""dataset"", ""value"": 41.00312423706055}, {""token_id"": 15500, ""token"": ""¯"", ""value"": 41.007144927978516}]",187,"
",1,0.0857866033911705,0.0014877989888191223,0.017495155334472656,0.5448951125144958,"[{""token_id"": 187, ""token"": ""\n"", ""value"": 0.0857866033911705}, {""token_id"": 13, ""token"": "","", ""value"": 0.08429880440235138}, {""token_id"": 15, ""token"": ""."", ""value"": 0.04797931760549545}, {""token_id"": 310, ""token"": "" is"", ""value"": 0.03325469046831131}, {""token_id"": 313, ""token"": "" ("", ""value"": 0.02712496928870678}]",True,False,False,0.35508549213409424
step13000,0,256,256,3,6574, miles,404,7,-1.4055787974106262,-1.2883992920171952,0.28025442348180185,-2.1532643826296725,3.600398649185347,-0.032355885952711105,0.9516422152519226,0.9516422152519226,0.0,0.9516422152519226,0.0,0.9516422152519226,1.836268424987793,1.77201247215271,15.17432689666748,1.9295785427093506,41.21993637084961,41741,escap,1,0.18877273797988892,0.8112272620201111,0.0198306143283844,"[{""token_id"": 41741, ""token"": ""escap"", ""value"": 0.18877273797988892}, {""token_id"": 5113, ""token"": "" objects"", ""value"": 0.16894212365150452}, {""token_id"": 34458, ""token"": ""540"", ""value"": 0.167908176779747}, {""token_id"": 42429, ""token"": ""dataset"", ""value"": 0.16601841151714325}, {""token_id"": 15500, ""token"": ""¯"", ""value"": 0.16453078389167786}]",41741,escap,1,40.96492385864258,0.034778594970703125,0.0008489847336397699,"[{""token_id"": 41741, ""token"": ""escap"", ""value"": 40.96492385864258}, {""token_id"": 5113, ""token"": "" objects"", ""value"": 40.99970245361328}, {""token_id"": 34458, ""token"": ""540"", ""value"": 41.00026321411133}, {""token_id"": 42429, ""token"": ""dataset"", ""value"": 41.00312423706055}, {""token_id"": 15500, ""token"": ""¯"", ""value"": 41.007144927978516}]",187,"
",1,0.0857863649725914,0.0014875531196594238,0.017492294311523438,0.5448951125144958,"[{""token_id"": 187, ""token"": ""\n"", ""value"": 0.0857863649725914}, {""token_id"": 13, ""token"": "","", ""value"": 0.08429881185293198}, {""token_id"": 15, ""token"": ""."", ""value"": 0.047979362308979034}, {""token_id"": 310, ""token"": "" is"", ""value"": 0.033254723995923996}, {""token_id"": 313, ""token"": "" ("", ""value"": 0.02712494693696499}]",True,False,False,0.32748929038643837
step13000,256,512,512,0,21825, clones,2,0,-1.4055787371112956,-1.288401136282164,0.28025354211199816,-2.1532592476546912,3.600398649185347,-0.04957374930381775,0.9516421556472778,0.9516421556472778,0.0,0.9516421556472778,0.0,0.9516421556472778,1.8363274335861206,1.7720016241073608,15.174327850341797,1.9296406507492065,41.21994400024414,41741,escap,1,0.18877267837524414,0.8112273216247559,0.019830554723739624,"[{""token_id"": 41741, ""token"": ""escap"", ""value"": 0.18877267837524414}, {""token_id"": 5113, ""token"": "" objects"", ""value"": 0.16894212365150452}, {""token_id"": 34458, ""token"": ""540"", ""value"": 0.16790814697742462}, {""token_id"": 42429, ""token"": ""dataset"", ""value"": 0.16601835191249847}, {""token_id"": 15500, ""token"": ""¯"", ""value"": 0.16453079879283905}]",41741,escap,1,40.964927673339844,0.03478240966796875,0.0008490777756359935,"[{""token_id"": 41741, ""token"": ""escap"", ""value"": 40.964927673339844}, {""token_id"": 5113, ""token"": "" objects"", ""value"": 40.99971008300781}, {""token_id"": 34458, ""token"": ""540"", ""value"": 41.00027084350586}, {""token_id"": 42429, ""token"": ""dataset"", ""value"": 41.00313186645508}, {""token_id"": 15500, ""token"": ""¯"", ""value"": 41.00715255737305}]",187,"
",1,0.08578614145517349,0.00148715078830719,0.017487525939941406,0.5448949337005615,"[{""token_id"": 187, ""token"": ""\n"", ""value"": 0.08578614145517349}, {""token_id"": 13, ""token"": "","", ""value"": 0.0842989906668663}, {""token_id"": 15, ""token"": ""."", ""value"": 0.04797942191362381}, {""token_id"": 310, ""token"": "" is"", ""value"": 0.03325469791889191}, {""token_id"": 313, ""token"": "" ("", ""value"": 0.027124950662255287}]",True,False,False,0.6502454653382301
step13000,256,512,512,1,23778, motive,8,2,-1.405578549160312,-1.2884009377995793,0.2802525904945127,-2.1532610302187565,3.600398649185347,-0.04956477880477905,0.9516417980194092,0.9516417980194092,0.0,0.9516417980194092,0.0,0.9516417980194092,1.8363102674484253,1.7720038890838623,15.174325942993164,1.9296233654022217,41.21994400024414,41741,escap,1,0.18877266347408295,0.811227336525917,0.01983049511909485,"[{""token_id"": 41741, ""token"": ""escap"", ""value"": 0.18877266347408295}, {""token_id"": 5113, ""token"": "" objects"", ""value"": 0.1689421683549881}, {""token_id"": 34458, ""token"": ""540"", ""value"": 0.16790816187858582}, {""token_id"": 42429, ""token"": ""dataset"", ""value"": 0.16601835191249847}, {""token_id"": 15500, ""token"": ""¯"", ""value"": 0.16453078389167786}]",41741,escap,1,40.964927673339844,0.03478240966796875,0.0008490777756359935,"[{""token_id"": 41741, ""token"": ""escap"", ""value"": 40.964927673339844}, {""token_id"": 5113, ""token"": "" objects"", ""value"": 40.99971008300781}, {""token_id"": 34458, ""token"": ""540"", ""value"": 41.00027084350586}, {""token_id"": 42429, ""token"": ""dataset"", ""value"": 41.00313186645508}, {""token_id"": 15500, ""token"": ""¯"", ""value"": 41.00715255737305}]",187,"
",1,0.0857861265540123,0.00148715078830719,0.017487525939941406,0.5448949337005615,"[{""token_id"": 187, ""token"": ""\n"", ""value"": 0.0857861265540123}, {""token_id"": 13, ""token"": "","", ""value"": 0.08429897576570511}, {""token_id"": 15, ""token"": ""."", ""value"": 0.04797928035259247}, {""token_id"": 310, ""token"": "" is"", ""value"": 0.033254727721214294}, {""token_id"": 313, ""token"": "" ("", ""value"": 0.027124973013997078}]",True,False,False,0.7151743024587631
step13000,256,512,512,2,19211, cabinet,33,5,-1.4055775622033462,-1.2884009253616606,0.28025235132239057,-2.1532597845873473,3.600398649185347,-0.04973123222589493,0.9516424536705017,0.9516424536705017,0.0,0.9516424536705017,0.0,0.9516424536705017,1.8362988233566284,1.7719707489013672,15.174327850341797,1.929610013961792,41.219940185546875,41741,escap,1,0.18877267837524414,0.8112273216247559,0.019830524921417236,"[{""token_id"": 41741, ""token"": ""escap"", ""value"": 0.18877267837524414}, {""token_id"": 5113, ""token"": "" objects"", ""value"": 0.1689421534538269}, {""token_id"": 34458, ""token"": ""540"", ""value"": 0.167908176779747}, {""token_id"": 42429, ""token"": ""dataset"", ""value"": 0.16601836681365967}, {""token_id"": 15500, ""token"": ""¯"", ""value"": 0.16453081369400024}]",41741,escap,1,40.96492385864258,0.03478240966796875,0.0008490778547030188,"[{""token_id"": 41741, ""token"": ""escap"", ""value"": 40.96492385864258}, {""token_id"": 5113, ""token"": "" objects"", ""value"": 40.99970626831055}, {""token_id"": 34458, ""token"": ""540"", ""value"": 41.000267028808594}, {""token_id"": 42429, ""token"": ""dataset"", ""value"": 41.00312805175781}, {""token_id"": 15500, ""token"": ""¯"", ""value"": 41.00714874267578}]",187,"
",1,0.08578623086214066,0.0014873072504997253,0.01748943328857422,0.5448949337005615,"[{""token_id"": 187, ""token"": ""\n"", ""value"": 0.08578623086214066}, {""token_id"": 13, ""token"": "","", ""value"": 0.08429892361164093}, {""token_id"": 15, ""token"": ""."", ""value"": 0.04797938093543053}, {""token_id"": 310, ""token"": "" is"", ""value"": 0.03325476869940758}, {""token_id"": 313, ""token"": "" ("", ""value"": 0.027124956250190735}]",True,False,False,0.76690823584795
step13000,256,512,512,3,6574, miles,404,7,-1.4055782458453083,-1.288401313754968,0.28025218923569706,-2.1532603138437105,3.600398649185347,-0.04956750199198723,0.9516414403915405,0.9516414403915405,0.0,0.9516414403915405,0.0,0.9516414403915405,1.8363157510757446,1.771983027458191,15.17432689666748,1.929629921913147,41.21994400024414,41741,escap,1,0.18877267837524414,0.8112273216247559,0.019830524921417236,"[{""token_id"": 41741, ""token"": ""escap"", ""value"": 0.18877267837524414}, {""token_id"": 5113, ""token"": "" objects"", ""value"": 0.1689421534538269}, {""token_id"": 34458, ""token"": ""540"", ""value"": 0.16790813207626343}, {""token_id"": 42429, ""token"": ""dataset"", ""value"": 0.16601835191249847}, {""token_id"": 15500, ""token"": ""¯"", ""value"": 0.16453076899051666}]",41741,escap,1,40.964927673339844,0.03478240966796875,0.0008490777756359935,"[{""token_id"": 41741, ""token"": ""escap"", ""value"": 40.964927673339844}, {""token_id"": 5113, ""token"": "" objects"", ""value"": 40.99971008300781}, {""token_id"": 34458, ""token"": ""540"", ""value"": 41.00027084350586}, {""token_id"": 42429, ""token"": ""dataset"", ""value"": 41.00313186645508}, {""token_id"": 15500, ""token"": ""¯"", ""value"": 41.00715255737305}]",187,"
",1,0.08578620851039886,0.0014872252941131592,0.017488479614257812,0.5448949337005615,"[{""token_id"": 187, ""token"": ""\n"", ""value"": 0.08578620851039886}, {""token_id"": 13, ""token"": "","", ""value"": 0.0842989832162857}, {""token_id"": 15, ""token"": ""."", ""value"": 0.04797932878136635}, {""token_id"": 310, ""token"": "" is"", ""value"": 0.033254727721214294}, {""token_id"": 313, ""token"": "" ("", ""value"": 0.027124948799610138}]",True,False,False,1.0443630181252956
step13000,512,768,768,0,21825, clones,2,0,-1.4055790251992726,-1.2884005662649165,0.2802522966705754,-2.153260313126638,3.600398649185347,-0.04956597834825516,0.9516417980194092,0.9516417980194092,0.0,0.9516417980194092,0.0,0.9516417980194092,1.836307168006897,1.772014856338501,15.174328804016113,1.9296201467514038,41.219940185546875,41741,escap,1,0.18877267837524414,0.8112273216247559,0.019830510020256042,"[{""token_id"": 41741, ""token"": ""escap"", ""value"": 0.18877267837524414}, {""token_id"": 5113, ""token"": "" objects"", ""value"": 0.1689421683549881}, {""token_id"": 34458, ""token"": ""540"", ""value"": 0.167908176779747}, {""token_id"": 42429, ""token"": ""dataset"", ""value"": 0.16601838171482086}, {""token_id"": 15500, ""token"": ""¯"", ""value"": 0.16453081369400024}]",41741,escap,1,40.96492385864258,0.03478240966796875,0.0008490778547030188,"[{""token_id"": 41741, ""token"": ""escap"", ""value"": 40.96492385864258}, {""token_id"": 5113, ""token"": "" objects"", ""value"": 40.99970626831055}, {""token_id"": 34458, ""token"": ""540"", ""value"": 41.000267028808594}, {""token_id"": 42429, ""token"": ""dataset"", ""value"": 41.00312805175781}, {""token_id"": 15500, ""token"": ""¯"", ""value"": 41.00714874267578}]",187,"
",1,0.08578610420227051,0.0014873072504997253,0.01748943328857422,0.5448951125144958,"[{""token_id"": 187, ""token"": ""\n"", ""value"": 0.08578610420227051}, {""token_id"": 13, ""token"": "","", ""value"": 0.08429879695177078}, {""token_id"": 15, ""token"": ""."", ""value"": 0.047979362308979034}, {""token_id"": 310, ""token"": "" is"", ""value"": 0.03325477987527847}, {""token_id"": 313, ""token"": "" ("", ""value"": 0.027124939486384392}]",True,False,False,0.3439248837530613
step13000,512,768,768,1,23778, motive,8,2,-1.405580056508599,-1.2884013782971504,0.28025346037898824,-2.153259955206979,3.600398649185347,-0.04956592619419098,0.9516454339027405,0.9516454339027405,0.0,0.9516454339027405,0.0,0.9516454339027405,1.836252212524414,1.7720280885696411,15.174328804016113,1.929555058479309,41.219940185546875,41741,escap,1,0.18877267837524414,0.8112273216247559,0.01983053982257843,"[{""token_id"": 41741, ""token"": ""escap"", ""value"": 0.18877267837524414}, {""token_id"": 5113, ""token"": "" objects"", ""value"": 0.1689421385526657}, {""token_id"": 34458, ""token"": ""540"", ""value"": 0.1679081916809082}, {""token_id"": 42429, ""token"": ""dataset"", ""value"": 0.16601836681365967}, {""token_id"": 15500, ""token"": ""¯"", ""value"": 0.16453078389167786}]",41741,escap,1,40.964927673339844,0.034778594970703125,0.0008489846545814162,"[{""token_id"": 41741, ""token"": ""escap"", ""value"": 40.964927673339844}, {""token_id"": 5113, ""token"": "" objects"", ""value"": 40.99970626831055}, {""token_id"": 34458, ""token"": ""540"", ""value"": 41.000267028808594}, {""token_id"": 42429, ""token"": ""dataset"", ""value"": 41.00313186645508}, {""token_id"": 15500, ""token"": ""¯"", ""value"": 41.00715255737305}]",187,"
",1,0.08578614145517349,0.00148715078830719,0.017487525939941406,0.5448949337005615,"[{""token_id"": 187, ""token"": ""\n"", ""value"": 0.08578614145517349}, {""token_id"": 13, ""token"": "","", ""value"": 0.0842989906668663}, {""token_id"": 15, ""token"": ""."", ""value"": 0.04797938093543053}, {""token_id"": 310, ""token"": "" is"", ""value"": 0.03325469791889191}, {""token_id"": 313, ""token"": "" ("", ""value"": 0.027124950662255287}]",True,False,False,0.4835911877453327
step13000,512,768,768,2,19211, cabinet,33,5,-1.405578837367939,-1.2884025573068498,0.2802522123852583,-2.1532586012334836,3.600398649185347,-0.049566641449928284,0.9516433477401733,0.9516433477401733,0.0,0.9516433477401733,0.0,0.9516433477401733,1.836295485496521,1.7720167636871338,15.174327850341797,1.9296047687530518,41.219940185546875,41741,escap,1,0.18877267837524414,0.8112273216247559,0.019830524921417236,"[{""token_id"": 41741, ""token"": ""escap"", ""value"": 0.18877267837524414}, {""token_id"": 5113, ""token"": "" objects"", ""value"": 0.1689421534538269}, {""token_id"": 34458, ""token"": ""540"", ""value"": 0.16790813207626343}, {""token_id"": 42429, ""token"": ""dataset"", ""value"": 0.16601835191249847}, {""token_id"": 15500, ""token"": ""¯"", ""value"": 0.16453079879283905}]",41741,escap,1,40.96492385864258,0.03478240966796875,0.0008490778547030188,"[{""token_id"": 41741, ""token"": ""escap"", ""value"": 40.96492385864258}, {""token_id"": 5113, ""token"": "" objects"", ""value"": 40.99970626831055}, {""token_id"": 34458, ""token"": ""540"", ""value"": 41.000267028808594}, {""token_id"": 42429, ""token"": ""dataset"", ""value"": 41.00312805175781}, {""token_id"": 15500, ""token"": ""¯"", ""value"": 41.00714874267578}]",187,"
",1,0.08578615635633469,0.0014872252941131592,0.017488479614257812,0.5448949337005615,"[{""token_id"": 187, ""token"": ""\n"", ""value"": 0.08578615635633469}, {""token_id"": 13, ""token"": "","", ""value"": 0.08429893106222153}, {""token_id"": 15, ""token"": ""."", ""value"": 0.047979336231946945}, {""token_id"": 310, ""token"": "" is"", ""value"": 0.03325473889708519}, {""token_id"": 313, ""token"": "" ("", ""value"": 0.027124932035803795}]",True,False,False,0.31488147377967834
step13000,512,768,768,3,6574, miles,404,7,-1.4055774703829127,-1.2884006258139138,0.2802524367531962,-2.153261298975637,3.600398649185347,-0.049565888941287994,0.9516465067863464,0.9516465067863464,0.0,0.9516465067863464,0.0,0.9516465067863464,1.836275339126587,1.7720367908477783,15.174327850341797,1.929577112197876,41.219940185546875,41741,escap,1,0.18877266347408295,0.811227336525917,0.01983049511909485,"[{""token_id"": 41741, ""token"": ""escap"", ""value"": 0.18877266347408295}, {""token_id"": 5113, ""token"": "" objects"", ""value"": 0.1689421683549881}, {""token_id"": 34458, ""token"": ""540"", ""value"": 0.16790814697742462}, {""token_id"": 42429, ""token"": ""dataset"", ""value"": 0.16601835191249847}, {""token_id"": 15500, ""token"": ""¯"", ""value"": 0.16453078389167786}]",41741,escap,1,40.96492385864258,0.03478240966796875,0.0008490778547030188,"[{""token_id"": 41741, ""token"": ""escap"", ""value"": 40.96492385864258}, {""token_id"": 5113, ""token"": "" objects"", ""value"": 40.99970626831055}, {""token_id"": 34458, ""token"": ""540"", ""value"": 41.000267028808594}, {""token_id"": 42429, ""token"": ""dataset"", ""value"": 41.00312805175781}, {""token_id"": 15500, ""token"": ""¯"", ""value"": 41.00714874267578}]",187,"
",1,0.08578623086214066,0.0014872252941131592,0.017488479614257812,0.5448949337005615,"[{""token_id"": 187, ""token"": ""\n"", ""value"": 0.08578623086214066}, {""token_id"": 13, ""token"": "","", ""value"": 0.0842990055680275}, {""token_id"": 15, ""token"": ""."", ""value"": 0.04797938093543053}, {""token_id"": 310, ""token"": "" is"", ""value"": 0.033254705369472504}, {""token_id"": 313, ""token"": "" ("", ""value"": 0.027124956250190735}]",True,False,False,0.34453070163726807
step13000,768,1024,1024,0,21825, clones,2,0,-1.405578792947808,-1.2884014391420753,0.2802520755285224,-2.153260545155576,3.600398649185347,-0.04956592246890068,0.951644778251648,0.951644778251648,0.0,0.951644778251648,0.0,0.951644778251648,1.836283802986145,1.7720069885253906,15.174325942993164,1.9295895099639893,41.21994400024414,41741,escap,1,0.18877266347408295,0.811227336525917,0.019830524921417236,"[{""token_id"": 41741, ""token"": ""escap"", ""value"": 0.18877266347408295}, {""token_id"": 5113, ""token"": "" objects"", ""value"": 0.1689421385526657}, {""token_id"": 34458, ""token"": ""540"", ""value"": 0.16790814697742462}, {""token_id"": 42429, ""token"": ""dataset"", ""value"": 0.16601835191249847}, {""token_id"": 15500, ""token"": ""¯"", ""value"": 0.16453079879283905}]",41741,escap,1,40.96493148803711,0.034778594970703125,0.0008489845755230772,"[{""token_id"": 41741, ""token"": ""escap"", ""value"": 40.96493148803711}, {""token_id"": 5113, ""token"": "" objects"", ""value"": 40.99971008300781}, {""token_id"": 34458, ""token"": ""540"", ""value"": 41.00027084350586}, {""token_id"": 42429, ""token"": ""dataset"", ""value"": 41.00313186645508}, {""token_id"": 15500, ""token"": ""¯"", ""value"": 41.00715255737305}]",187,"
",1,0.08578625321388245,0.0014873072504997253,0.01748943328857422,0.5448948740959167,"[{""token_id"": 187, ""token"": ""\n"", ""value"": 0.08578625321388245}, {""token_id"": 13, ""token"": "","", ""value"": 0.08429894596338272}, {""token_id"": 15, ""token"": ""."", ""value"": 0.04797939211130142}, {""token_id"": 310, ""token"": "" is"", ""value"": 0.03325474262237549}, {""token_id"": 313, ""token"": "" ("", ""value"": 0.027124986052513123}]",True,False,False,0.32157595828175545
step13000,768,1024,1024,1,23778, motive,8,2,-1.4055785506887954,-1.2884020462383206,0.2802520552164277,-2.1532602581238574,3.600398649185347,-0.04956591874361038,0.9516437649726868,0.9516437649726868,0.0,0.9516437649726868,0.0,0.9516437649726868,1.8362598419189453,1.7720041275024414,15.174327850341797,1.9295663833618164,41.219940185546875,41741,escap,1,0.18877264857292175,0.8112273514270782,0.019830480217933655,"[{""token_id"": 41741, ""token"": ""escap"", ""value"": 0.18877264857292175}, {""token_id"": 5113, ""token"": "" objects"", ""value"": 0.1689421683549881}, {""token_id"": 34458, ""token"": ""540"", ""value"": 0.167908176779747}, {""token_id"": 42429, ""token"": ""dataset"", ""value"": 0.16601838171482086}, {""token_id"": 15500, ""token"": ""¯"", ""value"": 0.16453076899051666}]",41741,escap,1,40.96492385864258,0.03478240966796875,0.0008490778547030188,"[{""token_id"": 41741, ""token"": ""escap"", ""value"": 40.96492385864258}, {""token_id"": 5113, ""token"": "" objects"", ""value"": 40.99970626831055}, {""token_id"": 34458, ""token"": ""540"", ""value"": 41.000267028808594}, {""token_id"": 42429, ""token"": ""dataset"", ""value"": 41.00312805175781}, {""token_id"": 15500, ""token"": ""¯"", ""value"": 41.00714874267578}]",187,"
",1,0.08578620105981827,0.00148715078830719,0.017487525939941406,0.5448948740959167,"[{""token_id"": 187, ""token"": ""\n"", ""value"": 0.08578620105981827}, {""token_id"": 13, ""token"": "","", ""value"": 0.08429905027151108}, {""token_id"": 15, ""token"": ""."", ""value"": 0.04797932505607605}, {""token_id"": 310, ""token"": "" is"", ""value"": 0.03325469419360161}, {""token_id"": 313, ""token"": "" ("", ""value"": 0.02712496928870678}]",True,False,False,0.35277460888028145
step13000,768,1024,1024,2,19211, cabinet,33,5,-1.4055792602256922,-1.2884020453606404,0.28025209506420834,-2.1532602941148946,3.600398649185347,-0.049565911293029785,0.9516461491584778,0.9516461491584778,0.0,0.9516461491584778,0.0,0.9516461491584778,1.8362853527069092,1.771985650062561,15.174325942993164,1.9295884370803833,41.21994400024414,41741,escap,1,0.18877267837524414,0.8112273216247559,0.019830510020256042,"[{""token_id"": 41741, ""token"": ""escap"", ""value"": 0.18877267837524414}, {""token_id"": 5113, ""token"": "" objects"", ""value"": 0.1689421683549881}, {""token_id"": 34458, ""token"": ""540"", ""value"": 0.167908176779747}, {""token_id"": 42429, ""token"": ""dataset"", ""value"": 0.16601838171482086}, {""token_id"": 15500, ""token"": ""¯"", ""value"": 0.16453079879283905}]",41741,escap,1,40.964927673339844,0.03478240966796875,0.0008490777756359935,"[{""token_id"": 41741, ""token"": ""escap"", ""value"": 40.964927673339844}, {""token_id"": 5113, ""token"": "" objects"", ""value"": 40.99971008300781}, {""token_id"": 34458, ""token"": ""540"", ""value"": 41.00027084350586}, {""token_id"": 42429, ""token"": ""dataset"", ""value"": 41.00313186645508}, {""token_id"": 15500, ""token"": ""¯"", ""value"": 41.00715255737305}]",187,"
",1,0.08578629046678543,0.0014873892068862915,0.017490386962890625,0.5448949337005615,"[{""token_id"": 187, ""token"": ""\n"", ""value"": 0.08578629046678543}, {""token_id"": 13, ""token"": "","", ""value"": 0.08429890125989914}, {""token_id"": 15, ""token"": ""."", ""value"": 0.04797932133078575}, {""token_id"": 310, ""token"": "" is"", ""value"": 0.03325469419360161}, {""token_id"": 313, ""token"": "" ("", ""value"": 0.027124973013997078}]",True,False,False,0.37144770845770836
step13000,768,1024,1024,3,6574, miles,404,7,-1.405578758115151,-1.288401240393027,0.2802527086548928,-2.1532594126524813,3.600398649185347,-0.04956591874361038,0.9516437649726868,0.9516437649726868,0.0,0.9516437649726868,0.0,0.9516437649726868,1.8362821340560913,1.772013545036316,15.174328804016113,1.929589867591858,41.219940185546875,41741,escap,1,0.18877266347408295,0.811227336525917,0.01983049511909485,"[{""token_id"": 41741, ""token"": ""escap"", ""value"": 0.18877266347408295}, {""token_id"": 5113, ""token"": "" objects"", ""value"": 0.1689421683549881}, {""token_id"": 34458, ""token"": ""540"", ""value"": 0.16790816187858582}, {""token_id"": 42429, ""token"": ""dataset"", ""value"": 0.16601835191249847}, {""token_id"": 15500, ""token"": ""¯"", ""value"": 0.16453081369400024}]",41741,escap,1,40.96492385864258,0.03478240966796875,0.0008490778547030188,"[{""token_id"": 41741, ""token"": ""escap"", ""value"": 40.96492385864258}, {""token_id"": 5113, ""token"": "" objects"", ""value"": 40.99970626831055}, {""token_id"": 34458, ""token"": ""540"", ""value"": 41.000267028808594}, {""token_id"": 42429, ""token"": ""dataset"", ""value"": 41.00312805175781}, {""token_id"": 15500, ""token"": ""¯"", ""value"": 41.00714874267578}]",187,"
",1,0.08578620105981827,0.00148715078830719,0.017487525939941406,0.5448948740959167,"[{""token_id"": 187, ""token"": ""\n"", ""value"": 0.08578620105981827}, {""token_id"": 13, ""token"": "","", ""value"": 0.08429905027151108}, {""token_id"": 15, ""token"": ""."", ""value"": 0.047979455441236496}, {""token_id"": 310, ""token"": "" is"", ""value"": 0.03325475752353668}, {""token_id"": 313, ""token"": "" ("", ""value"": 0.02712494693696499}]",True,False,False,0.33669352158904076
step21000,0,256,256,0,21825, clones,2,0,-0.01006318645780313,-1.1573600862128,-2.435928390248362,-2.8494332280999632,3.565966715529297,0.024267982691526413,0.9987492561340332,0.9877777695655823,0.1476319432258606,0.9954156279563904,0.0,0.9954156279563904,1.8578662872314453,1.8194262981414795,15.78960132598877,1.860192894935608,46.36372375488281,46098, undocumented,0,0.17901964485645294,0.8209803551435471,0.004691004753112793,"[{""token_id"": 46098, ""token"": "" undocumented"", ""value"": 0.17901964485645294}, {""token_id"": 26676, ""token"": "" GABA"", ""value"": 0.17432864010334015}, {""token_id"": 13157, ""token"": "" modul"", ""value"": 0.17265364527702332}, {""token_id"": 26347, ""token"": "" seizures"", ""value"": 0.16974852979183197}, {""token_id"": 19625, ""token"": "" cannabis"", ""value"": 0.16929936408996582}]",46098, undocumented,0,46.11650085449219,0.00795745849609375,0.00017255122024980386,"[{""token_id"": 46098, ""token"": "" undocumented"", ""value"": 46.11650085449219}, {""token_id"": 13157, ""token"": "" modul"", ""value"": 46.12445831298828}, {""token_id"": 26676, ""token"": "" GABA"", ""value"": 46.12808609008789}, {""token_id"": 26347, ""token"": "" seizures"", ""value"": 46.13046646118164}, {""token_id"": 11043, ""token"": ""�"", ""value"": 46.13374710083008}]",13,",",2711,0.08469756692647934,0.01987501233816147,0.26743316650390625,0.5510518550872803,"[{""token_id"": 13, ""token"": "","", ""value"": 0.08469756692647934}, {""token_id"": 15, ""token"": ""."", ""value"": 0.06482255458831787}, {""token_id"": 309, ""token"": "" I"", ""value"": 0.04845355078577995}, {""token_id"": 187, ""token"": ""\n"", ""value"": 0.03928475081920624}, {""token_id"": 313, ""token"": "" ("", ""value"": 0.03013635240495205}]",True,False,False,0.3519088365137577
step21000,0,256,256,1,23778, motive,8,2,-0.49254872220978196,0.10922216398385953,2.6702181736352024,-3.62791988427368,3.565966715529297,0.021542271599173546,1.164811134338379,1.164811134338379,0.0,1.164811134338379,0.0,1.164811134338379,1.9475624561309814,1.923775553703308,17.19159507751465,1.6719985008239746,47.083255767822266,20192, pathogen,1,0.18759498000144958,0.8124050199985504,0.009199291467666626,"[{""token_id"": 20192, ""token"": "" pathogen"", ""value"": 0.18759498000144958}, {""token_id"": 8770, ""token"": "" behaviour"", ""value"": 0.17839568853378296}, {""token_id"": 14525, ""token"": "" overex"", ""value"": 0.17410723865032196}, {""token_id"": 14596, ""token"": "" staying"", ""value"": 0.17279855906963348}, {""token_id"": 49801, ""token"": "" creeping"", ""value"": 0.17268945276737213}]",20192, pathogen,1,46.82299041748047,0.019382476806640625,0.00041395213406541733,"[{""token_id"": 20192, ""token"": "" pathogen"", ""value"": 46.82299041748047}, {""token_id"": 14596, ""token"": "" staying"", ""value"": 46.84237289428711}, {""token_id"": 14525, ""token"": "" overex"", ""value"": 46.8426513671875}, {""token_id"": 8770, ""token"": "" behaviour"", ""value"": 46.8433952331543}, {""token_id"": 49801, ""token"": "" creeping"", ""value"": 46.846038818359375}]",15,.,8666,0.09131058305501938,0.018443584442138672,0.2256307601928711,0.5304720997810364,"[{""token_id"": 15, ""token"": ""."", ""value"": 0.09131058305501938}, {""token_id"": 13, ""token"": "","", ""value"": 0.0728669986128807}, {""token_id"": 187, ""token"": ""\n"", ""value"": 0.06861135363578796}, {""token_id"": 309, ""token"": "" I"", ""value"": 0.0590851865708828}, {""token_id"": 273, ""token"": "" of"", ""value"": 0.024965541437268257}]",True,False,False,0.3626317121088505
step21000,0,256,256,2,19211, cabinet,33,5,1.7473654849373765,0.1470451658577837,-2.4850865831515607,-1.4758822055505156,3.565966715529297,0.029758812859654427,1.066149115562439,1.063305139541626,0.0778208002448082,1.063305139541626,0.0778208002448082,1.066149115562439,1.9723410606384277,1.9363272190093994,16.475112915039062,1.849967360496521,46.726646423339844,17494,settings,0,0.18442665040493011,0.8155733495950699,0.020536094903945923,"[{""token_id"": 17494, ""token"": ""settings"", ""value"": 0.18442665040493011}, {""token_id"": 41687, ""token"": "" PAN"", ""value"": 0.1638905555009842}, {""token_id"": 46573, ""token"": ""lipidemia"", ""value"": 0.16261976957321167}, {""token_id"": 17370, ""token"": "" SV"", ""value"": 0.1554833948612213}, {""token_id"": 13157, ""token"": "" modul"", ""value"": 0.15430086851119995}]",17494,settings,0,46.47316360473633,0.033294677734375,0.0007164280447432626,"[{""token_id"": 17494, ""token"": ""settings"", ""value"": 46.47316360473633}, {""token_id"": 46573, ""token"": ""lipidemia"", ""value"": 46.5064582824707}, {""token_id"": 41687, ""token"": "" PAN"", ""value"": 46.508079528808594}, {""token_id"": 17370, ""token"": "" SV"", ""value"": 46.514678955078125}, {""token_id"": 13157, ""token"": "" modul"", ""value"": 46.5153694152832}]",309, I,2877,0.03856325149536133,0.0026091262698173523,0.07005596160888672,0.611462414264679,"[{""token_id"": 309, ""token"": "" I"", ""value"": 0.03856325149536133}, {""token_id"": 15, ""token"": ""."", ""value"": 0.035954125225543976}, {""token_id"": 1612, ""token"": "" power"", ""value"": 0.033723343163728714}, {""token_id"": 6422, ""token"": "" powerful"", ""value"": 0.02699398808181286}, {""token_id"": 362, ""token"": "" v"", ""value"": 0.026215843856334686}]",True,False,False,0.35842008888721466
step21000,0,256,256,3,6574, miles,404,7,-1.6723554072836229,-2.1950759642966755,-0.5001944928561706,1.685081149413681,3.565966715529297,0.028973031789064407,1.0779156684875488,1.0748026371002197,0.08186168968677521,1.0748026371002197,0.08186168968677521,1.0779156684875488,4.407299995422363,1.8228759765625,16.334135055541992,4.088724136352539,46.4849967956543,49257,прав,0,0.17587193846702576,0.8241280615329742,0.003282979130744934,"[{""token_id"": 49257, ""token"": ""прав"", ""value"": 0.17587193846702576}, {""token_id"": 23501, ""token"": "" irres"", ""value"": 0.17258895933628082}, {""token_id"": 46295, ""token"": ""]):"", ""value"": 0.16821588575839996}, {""token_id"": 23861, ""token"": "" plaque"", ""value"": 0.16572456061840057}, {""token_id"": 46299, ""token"": "" BRE"", ""value"": 0.16339217126369476}]",49257,прав,0,46.2447509765625,0.006580352783203125,0.0001422940473079451,"[{""token_id"": 49257, ""token"": ""прав"", ""value"": 46.2447509765625}, {""token_id"": 23501, ""token"": "" irres"", ""value"": 46.2513313293457}, {""token_id"": 46295, ""token"": ""]):"", ""value"": 46.254756927490234}, {""token_id"": 23861, ""token"": "" plaque"", ""value"": 46.2583122253418}, {""token_id"": 46299, ""token"": "" BRE"", ""value"": 46.262298583984375}]",479, me,357,0.17917335033416748,0.05969665199518204,0.40523242950439453,0.4904692769050598,"[{""token_id"": 479, ""token"": "" me"", ""value"": 0.17917335033416748}, {""token_id"": 187, ""token"": ""\n"", ""value"": 0.11947669833898544}, {""token_id"": 209, ""token"": "" "", ""value"": 0.05727216228842735}, {""token_id"": 84, ""token"": ""s"", ""value"": 0.024996431544423103}, {""token_id"": 13, ""token"": "","", ""value"": 0.021783193573355675}]",True,False,False,0.3646676801145077
step21000,256,512,512,0,21825, clones,2,0,-0.744546611757226,-2.2279688746513315,-3.741727324914558,-3.5773482716575313,3.565966715529297,0.02099630981683731,0.9750794172286987,0.9231736660003662,0.3138953447341919,0.972319483757019,0.0,0.972319483757019,1.8545295000076294,1.7689019441604614,15.29533863067627,1.9019266366958618,45.82275390625,38980, gö,0,0.16073091328144073,0.8392690867185593,0.002491012215614319,"[{""token_id"": 38980, ""token"": "" gö"", ""value"": 0.16073091328144073}, {""token_id"": 6787, ""token"": ""ifications"", ""value"": 0.15823990106582642}, {""token_id"": 18600, ""token"": "" declar"", ""value"": 0.1561712920665741}, {""token_id"": 14203, ""token"": "" hanging"", ""value"": 0.1559375375509262}, {""token_id"": 9220, ""token"": ""\n\t\t\t\t\t\t"", ""value"": 0.15436455607414246}]",38980, gö,0,45.60615921020508,0.00217437744140625,4.767727603160451e-05,"[{""token_id"": 38980, ""token"": "" gö"", ""value"": 45.60615921020508}, {""token_id"": 6787, ""token"": ""ifications"", ""value"": 45.608333587646484}, {""token_id"": 14203, ""token"": "" hanging"", ""value"": 45.61316680908203}, {""token_id"": 18600, ""token"": "" declar"", ""value"": 45.61343002319336}, {""token_id"": 13390, ""token"": "" apt"", ""value"": 45.615638732910156}]",187,"
",1,0.057070542126894,0.026004401966929436,0.6081695556640625,0.6275441646575928,"[{""token_id"": 187, ""token"": ""\n"", ""value"": 0.057070542126894}, {""token_id"": 0, ""token"": ""<|endoftext|>"", ""value"": 0.03106614015996456}, {""token_id"": 4097, ""token"": "" AP"", ""value"": 0.015538500621914864}, {""token_id"": 346, ""token"": "" \"""", ""value"": 0.013811320997774601}, {""token_id"": 50276, ""token"": ""  "", ""value"": 0.012390771880745888}]",True,False,False,0.3384334556758404
step21000,256,512,512,1,23778, motive,8,2,-0.5757286883204982,-2.4202300244691775,1.2561474347630084,-0.024656413678676325,3.565966715529297,0.016595155000686646,1.0939624309539795,1.0939624309539795,0.0,1.0939624309539795,0.0,1.0939624309539795,2.0358548164367676,1.955271601676941,17.12523078918457,1.8609914779663086,46.47922897338867,21734,性,0,0.1722215861082077,0.8277784138917923,0.001108422875404358,"[{""token_id"": 21734, ""token"": ""性"", ""value"": 0.1722215861082077}, {""token_id"": 32217, ""token"": "" stool"", ""value"": 0.17111316323280334}, {""token_id"": 45895, ""token"": ""spinal"", ""value"": 0.16989003121852875}, {""token_id"": 19666, ""token"": "" scrut"", ""value"": 0.1635301113128662}, {""token_id"": 7323, ""token"": "" cort"", ""value"": 0.16258350014686584}]",21734,性,0,46.24413299560547,0.00128173828125,2.771677612318523e-05,"[{""token_id"": 21734, ""token"": ""性"", ""value"": 46.24413299560547}, {""token_id"": 32217, ""token"": "" stool"", ""value"": 46.24541473388672}, {""token_id"": 45895, ""token"": ""spinal"", ""value"": 46.24879455566406}, {""token_id"": 1609, ""token"": "" occ"", ""value"": 46.256107330322266}, {""token_id"": 7323, ""token"": "" cort"", ""value"": 46.2567138671875}]",187,"
",1,0.07814938575029373,0.021489575505256653,0.32155704498291016,0.5347411036491394,"[{""token_id"": 187, ""token"": ""\n"", ""value"": 0.07814938575029373}, {""token_id"": 273, ""token"": "" of"", ""value"": 0.05665981024503708}, {""token_id"": 85, ""token"": ""t"", ""value"": 0.049061503261327744}, {""token_id"": 15, ""token"": ""."", ""value"": 0.0445956215262413}, {""token_id"": 562, ""token"": "" out"", ""value"": 0.03719209134578705}]",True,False,False,0.3758518658578396
step21000,256,512,512,2,19211, cabinet,33,5,-0.9938676592468062,-2.9260256151170223,0.17099355483596013,-1.1063563142101591,3.565966715529297,0.02062825858592987,1.0566039085388184,1.0566039085388184,0.0,1.0566039085388184,0.0,1.0566039085388184,2.8682777881622314,1.7872394323349,15.504043579101562,2.7146196365356445,47.157745361328125,2855,struct,1,0.17269039154052734,0.8273096084594727,0.005784586071968079,"[{""token_id"": 2855, ""token"": ""struct"", ""value"": 0.17269039154052734}, {""token_id"": 30047, ""token"": "" descriptor"", ""value"": 0.16690580546855927}, {""token_id"": 28933, ""token"": ""283"", ""value"": 0.15952251851558685}, {""token_id"": 31119, ""token"": ""0040"", ""value"": 0.15792106091976166}, {""token_id"": 12017, ""token"": "" Sus"", ""value"": 0.15774847567081451}]",30047, descriptor,1,46.92884826660156,0.0029296875,6.242828469508823e-05,"[{""token_id"": 30047, ""token"": "" descriptor"", ""value"": 46.92884826660156}, {""token_id"": 2855, ""token"": ""struct"", ""value"": 46.93177795410156}, {""token_id"": 12017, ""token"": "" Sus"", ""value"": 46.94158172607422}, {""token_id"": 28933, ""token"": ""283"", ""value"": 46.945167541503906}, {""token_id"": 31119, ""token"": ""0040"", ""value"": 46.945316314697266}]",313, (,11992,0.0546761192381382,0.0010796710848808289,0.019944190979003906,0.569743812084198,"[{""token_id"": 313, ""token"": "" ("", ""value"": 0.0546761192381382}, {""token_id"": 32, ""token"": ""?"", ""value"": 0.05359644815325737}, {""token_id"": 187, ""token"": ""\n"", ""value"": 0.033571869134902954}, {""token_id"": 209, ""token"": "" "", ""value"": 0.026580261066555977}, {""token_id"": 316, ""token"": ""us"", ""value"": 0.02630998194217682}]",False,False,False,0.3493046760559082
step21000,256,512,512,3,6574, miles,404,7,0.96073424575387,-3.2512153042647984,-2.030205301262005,-0.9378316312995445,3.565966715529297,0.03489150106906891,1.0321766138076782,1.0272200107574463,0.10103221237659454,1.0272200107574463,0.10103221237659454,1.0321766138076782,2.240610122680664,2.024426221847534,16.404394149780273,2.170762300491333,45.928157806396484,2483,�,7,0.1829250454902649,0.8170749545097351,0.006077408790588379,"[{""token_id"": 2483, ""token"": ""�"", ""value"": 0.1829250454902649}, {""token_id"": 18364, ""token"": "" thromb"", ""value"": 0.1768476366996765}, {""token_id"": 3676, ""token"": "" deep"", ""value"": 0.16465599834918976}, {""token_id"": 17681, ""token"": "" fracture"", ""value"": 0.16390782594680786}, {""token_id"": 54, ""token"": ""U"", ""value"": 0.16228456795215607}]",2483,�,7,45.68012237548828,0.00466156005859375,0.00010204788901999788,"[{""token_id"": 2483, ""token"": ""�"", ""value"": 45.68012237548828}, {""token_id"": 18364, ""token"": "" thromb"", ""value"": 45.684783935546875}, {""token_id"": 3676, ""token"": "" deep"", ""value"": 45.703731536865234}, {""token_id"": 17681, ""token"": "" fracture"", ""value"": 45.707706451416016}, {""token_id"": 35013, ""token"": "" Rein"", ""value"": 45.70921325683594}]",1129, med,37,0.03338548541069031,0.00040367618203163147,0.012165069580078125,0.6275411248207092,"[{""token_id"": 1129, ""token"": "" med"", ""value"": 0.03338548541069031}, {""token_id"": 187, ""token"": ""\n"", ""value"": 0.032981809228658676}, {""token_id"": 6202, ""token"": "" DE"", ""value"": 0.026821667328476906}, {""token_id"": 275, ""token"": "" in"", ""value"": 0.02572990022599697}, {""token_id"": 428, ""token"": "" -"", ""value"": 0.018017781898379326}]",True,False,False,0.3540659621357918
step21000,512,768,768,0,21825, clones,2,0,-0.3109958486733897,-4.540970622883901,-1.0241832223687668,0.23620535948139176,3.565966715529297,0.011094683781266212,1.028720736503601,1.028720736503601,0.0,1.028720736503601,0.0,1.028720736503601,1.730608344078064,1.7104668617248535,15.198980331420898,1.6822917461395264,48.15921401977539,49257,прав,0,0.2023630291223526,0.7976369708776474,0.02592964470386505,"[{""token_id"": 49257, ""token"": ""прав"", ""value"": 0.2023630291223526}, {""token_id"": 44082, ""token"": ""]\"","", ""value"": 0.17643338441848755}, {""token_id"": 35851, ""token"": "" subclass"", ""value"": 0.16998666524887085}, {""token_id"": 35738, ""token"": "" disconnect"", ""value"": 0.1687963902950287}, {""token_id"": 18678, ""token"": ""出"", ""value"": 0.1655019372701645}]",49257,прав,0,47.87818908691406,0.0413665771484375,0.0008639962775815116,"[{""token_id"": 49257, ""token"": ""прав"", ""value"": 47.87818908691406}, {""token_id"": 44082, ""token"": ""]\"","", ""value"": 47.9195556640625}, {""token_id"": 35738, ""token"": "" disconnect"", ""value"": 47.92375564575195}, {""token_id"": 35851, ""token"": "" subclass"", ""value"": 47.92447280883789}, {""token_id"": 18678, ""token"": ""出"", ""value"": 47.93070983886719}]",209, ,12180,0.04884732887148857,0.014520671218633652,0.35277748107910156,0.557198166847229,"[{""token_id"": 209, ""token"": "" "", ""value"": 0.04884732887148857}, {""token_id"": 187, ""token"": ""\n"", ""value"": 0.03432665765285492}, {""token_id"": 811, ""token"": "" trans"", ""value"": 0.027210095897316933}, {""token_id"": 13, ""token"": "","", ""value"": 0.022663600742816925}, {""token_id"": 273, ""token"": "" of"", ""value"": 0.021113520488142967}]",True,False,False,0.3300066627562046
step21000,512,768,768,1,23778, motive,8,2,-1.3963144376957282,0.44138843806871497,2.6890508969991425,-3.0627107400826437,3.565966715529297,0.019356269389390945,1.1127382516860962,1.1110150814056396,0.06190166994929314,1.1110150814056396,0.06190166994929314,1.1127382516860962,1.9727932214736938,1.9594552516937256,16.96954345703125,1.772917628288269,46.58786392211914,14525, overex,2,0.17442773282527924,0.8255722671747208,1.679360866546631e-05,"[{""token_id"": 14525, ""token"": "" overex"", ""value"": 0.17442773282527924}, {""token_id"": 20192, ""token"": "" pathogen"", ""value"": 0.17441093921661377}, {""token_id"": 14106, ""token"": ""）"", ""value"": 0.17224843800067902}, {""token_id"": 34408, ""token"": "" nud"", ""value"": 0.16860529780387878}, {""token_id"": 35833, ""token"": ""418"", ""value"": 0.1674414873123169}]",14525, overex,2,46.347023010253906,0.000885009765625,1.909528828699955e-05,"[{""token_id"": 14525, ""token"": "" overex"", ""value"": 46.347023010253906}, {""token_id"": 20192, ""token"": "" pathogen"", ""value"": 46.34790802001953}, {""token_id"": 14106, ""token"": ""）"", ""value"": 46.355228424072266}, {""token_id"": 35833, ""token"": ""418"", ""value"": 46.35811233520508}, {""token_id"": 34408, ""token"": "" nud"", ""value"": 46.35966491699219}]",13,",",2711,0.1123591810464859,0.010201610624790192,0.095184326171875,0.4953628182411194,"[{""token_id"": 13, ""token"": "","", ""value"": 0.1123591810464859}, {""token_id"": 15, ""token"": ""."", ""value"": 0.10215757042169571}, {""token_id"": 187, ""token"": ""\n"", ""value"": 0.06794850528240204}, {""token_id"": 343, ""token"": ""ir"", ""value"": 0.0655112937092781}, {""token_id"": 309, ""token"": "" I"", ""value"": 0.03853939473628998}]",True,False,False,0.3342096768319607
step21000,512,768,768,2,19211, cabinet,33,5,-1.279227770180923,-1.1811529406697066,1.6896311892639744,-2.913530769588456,3.565966715529297,0.023920413106679916,1.1200214624404907,1.1200214624404907,0.0,1.1200214624404907,0.0,1.1200214624404907,1.9237093925476074,1.8652386665344238,16.5035400390625,1.7175647020339966,48.08363342285156,44213, shack,3,0.20132161676883698,0.798678383231163,0.036008283495903015,"[{""token_id"": 44213, ""token"": "" shack"", ""value"": 0.20132161676883698}, {""token_id"": 49801, ""token"": "" creeping"", ""value"": 0.16531333327293396}, {""token_id"": 44082, ""token"": ""]\"","", ""value"": 0.16346995532512665}, {""token_id"": 20192, ""token"": "" pathogen"", ""value"": 0.1632436215877533}, {""token_id"": 14106, ""token"": ""）"", ""value"": 0.16138982772827148}]",44213, shack,3,47.800743103027344,0.05637359619140625,0.0011793456028476672,"[{""token_id"": 44213, ""token"": "" shack"", ""value"": 47.800743103027344}, {""token_id"": 49801, ""token"": "" creeping"", ""value"": 47.85711669921875}, {""token_id"": 20192, ""token"": "" pathogen"", ""value"": 47.85990524291992}, {""token_id"": 44082, ""token"": ""]\"","", ""value"": 47.86334991455078}, {""token_id"": 14106, ""token"": ""）"", ""value"": 47.8664665222168}]",15,.,8666,0.16260576248168945,0.027449294924736023,0.18489551544189453,0.4558601379394531,"[{""token_id"": 15, ""token"": ""."", ""value"": 0.16260576248168945}, {""token_id"": 309, ""token"": "" I"", ""value"": 0.13515646755695343}, {""token_id"": 13, ""token"": "","", ""value"": 0.0796922892332077}, {""token_id"": 187, ""token"": ""\n"", ""value"": 0.06627017259597778}, {""token_id"": 273, ""token"": "" of"", ""value"": 0.02570268325507641}]",True,False,False,0.34027228131890297
step21000,512,768,768,3,6574, miles,404,7,-0.9187661275120201,-3.121410013915437,1.4174985798621385,-0.13053761408030073,3.565966715529297,0.030025314539670944,1.0974599123001099,1.0974599123001099,0.0,1.0974599123001099,0.0,1.0974599123001099,1.8568549156188965,1.8427214622497559,16.00335693359375,1.6919569969177246,49.25712203979492,34397,情,0,0.1609194576740265,0.8390805423259735,0.004372045397758484,"[{""token_id"": 34397, ""token"": ""情"", ""value"": 0.1609194576740265}, {""token_id"": 49257, ""token"": ""прав"", ""value"": 0.156547412276268}, {""token_id"": 1934, ""token"": ""AC"", ""value"": 0.1501215398311615}, {""token_id"": 30190, ""token"": "" disgr"", ""value"": 0.1487697958946228}, {""token_id"": 12017, ""token"": "" Sus"", ""value"": 0.14874055981636047}]",34397,情,0,49.03675079345703,0.007915496826171875,0.00016141968417752588,"[{""token_id"": 34397, ""token"": ""情"", ""value"": 49.03675079345703}, {""token_id"": 49257, ""token"": ""прав"", ""value"": 49.0446662902832}, {""token_id"": 1934, ""token"": ""AC"", ""value"": 49.051979064941406}, {""token_id"": 12017, ""token"": "" Sus"", ""value"": 49.05370330810547}, {""token_id"": 30190, ""token"": "" disgr"", ""value"": 49.05415344238281}]",316,us,1269,0.046007294207811356,0.02107788808643818,0.6127519607543945,0.5874882936477661,"[{""token_id"": 316, ""token"": ""us"", ""value"": 0.046007294207811356}, {""token_id"": 313, ""token"": "" ("", ""value"": 0.024929406121373177}, {""token_id"": 187, ""token"": ""\n"", ""value"": 0.023328639566898346}, {""token_id"": 2462, ""token"": "" %"", ""value"": 0.023215431720018387}, {""token_id"": 565, ""token"": ""int"", ""value"": 0.022969920188188553}]",True,False,False,0.34614279121160507
step21000,768,1024,1024,0,21825, clones,2,0,-0.31758975172907133,-2.1530166349833477,-0.9451575687750442,0.7229295451529009,3.565966715529297,0.004968822002410889,1.0240952968597412,1.0077369213104248,0.18231143057346344,1.0206992626190186,0.03029884584248066,1.0211488008499146,1.9619580507278442,1.8843634128570557,16.320770263671875,1.9157963991165161,45.67022705078125,21734,性,0,0.19211624562740326,0.8078837543725967,0.017304852604866028,"[{""token_id"": 21734, ""token"": ""性"", ""value"": 0.19211624562740326}, {""token_id"": 20456, ""token"": "" evid"", ""value"": 0.17481139302253723}, {""token_id"": 43102, ""token"": "" PSD"", ""value"": 0.16856180131435394}, {""token_id"": 27102, ""token"": "" CNS"", ""value"": 0.16663077473640442}, {""token_id"": 4529, ""token"": ""92"", ""value"": 0.16418036818504333}]",21734,性,0,45.40549087524414,0.024974822998046875,0.0005500397092207978,"[{""token_id"": 21734, ""token"": ""性"", ""value"": 45.40549087524414}, {""token_id"": 20456, ""token"": "" evid"", ""value"": 45.43046569824219}, {""token_id"": 43102, ""token"": "" PSD"", ""value"": 45.44304656982422}, {""token_id"": 27102, ""token"": "" CNS"", ""value"": 45.44568634033203}, {""token_id"": 4529, ""token"": ""92"", ""value"": 45.445892333984375}]",187,"
",1,0.0914088562130928,0.019422367215156555,0.23886394500732422,0.5500293970108032,"[{""token_id"": 187, ""token"": ""\n"", ""value"": 0.0914088562130928}, {""token_id"": 273, ""token"": "" of"", ""value"": 0.07198648899793625}, {""token_id"": 85, ""token"": ""t"", ""value"": 0.03702664375305176}, {""token_id"": 387, ""token"": "" at"", ""value"": 0.024690737947821617}, {""token_id"": 15, ""token"": ""."", ""value"": 0.021122993901371956}]",True,False,False,0.3500745892524719
step21000,768,1024,1024,1,23778, motive,8,2,0.12461807511400025,-0.8409155733839259,-1.5661574440257768,0.3987256832940749,3.565966715529297,0.022588592022657394,1.0278573036193848,1.0274238586425781,0.02984713762998581,1.0274238586425781,0.02984713762998581,1.0278573036193848,1.8458795547485352,1.789542555809021,15.855167388916016,1.7958519458770752,47.53059768676758,21383, intimate,20,0.18121738731861115,0.8187826126813889,0.004453137516975403,"[{""token_id"": 21383, ""token"": "" intimate"", ""value"": 0.18121738731861115}, {""token_id"": 25732, ""token"": "" ove"", ""value"": 0.17676424980163574}, {""token_id"": 5253, ""token"": "" glass"", ""value"": 0.17019964754581451}, {""token_id"": 24985, ""token"": ""レ"", ""value"": 0.16799776256084442}, {""token_id"": 46295, ""token"": ""]):"", ""value"": 0.16670174896717072}]",21383, intimate,20,47.27601623535156,0.01226806640625,0.00025949873494366716,"[{""token_id"": 21383, ""token"": "" intimate"", ""value"": 47.27601623535156}, {""token_id"": 25732, ""token"": "" ove"", ""value"": 47.28828430175781}, {""token_id"": 24985, ""token"": ""レ"", ""value"": 47.29964828491211}, {""token_id"": 5253, ""token"": "" glass"", ""value"": 47.30080795288086}, {""token_id"": 46295, ""token"": ""]):"", ""value"": 47.302127838134766}]",15,.,8666,0.09833868592977524,0.011330686509609222,0.12241744995117188,0.49291640520095825,"[{""token_id"": 15, ""token"": ""."", ""value"": 0.09833868592977524}, {""token_id"": 13, ""token"": "","", ""value"": 0.08700799942016602}, {""token_id"": 190, ""token"": ""\r"", ""value"": 0.04737269878387451}, {""token_id"": 362, ""token"": "" v"", ""value"": 0.04649609699845314}, {""token_id"": 2379, ""token"": ""\r\n"", ""value"": 0.040408916771411896}]",True,False,False,0.45437609031796455
step21000,768,1024,1024,2,19211, cabinet,33,5,-0.19481279430683762,-2.509721359464934,-0.9086288713339892,0.4249039413010226,3.565966715529297,0.022523770108819008,1.0571197271347046,1.0571197271347046,0.0,1.0571197271347046,0.0,1.0571197271347046,1.908295750617981,1.7352263927459717,15.52217960357666,1.8051841259002686,47.118534088134766,22749, sinus,0,0.1690244972705841,0.8309755027294159,0.0025237053632736206,"[{""token_id"": 22749, ""token"": "" sinus"", ""value"": 0.1690244972705841}, {""token_id"": 41687, ""token"": "" PAN"", ""value"": 0.16650079190731049}, {""token_id"": 49257, ""token"": ""прав"", ""value"": 0.16498339176177979}, {""token_id"": 32514, ""token"": ""reverse"", ""value"": 0.16491813957691193}, {""token_id"": 24023, ""token"": ""HW"", ""value"": 0.164201557636261}]",22749, sinus,0,46.885650634765625,0.008731842041015625,0.00018623698131088704,"[{""token_id"": 22749, ""token"": "" sinus"", ""value"": 46.885650634765625}, {""token_id"": 49257, ""token"": ""прав"", ""value"": 46.89438247680664}, {""token_id"": 24023, ""token"": ""HW"", ""value"": 46.89485549926758}, {""token_id"": 32514, ""token"": ""reverse"", ""value"": 46.89488983154297}, {""token_id"": 41687, ""token"": "" PAN"", ""value"": 46.89591979980469}]",187,"
",1,0.10196547955274582,0.054721493273973465,0.7693090438842773,0.5585425496101379,"[{""token_id"": 187, ""token"": ""\n"", ""value"": 0.10196547955274582}, {""token_id"": 13, ""token"": "","", ""value"": 0.047243986278772354}, {""token_id"": 209, ""token"": "" "", ""value"": 0.03954877331852913}, {""token_id"": 1484, ""token"": "" u"", ""value"": 0.03525896742939949}, {""token_id"": 479, ""token"": "" me"", ""value"": 0.029359785839915276}]",True,False,False,0.29733021557331085
step21000,768,1024,1024,3,6574, miles,404,7,-0.7176963091959121,-1.724084685920188,-1.3567858393516823,-2.7395105906449926,3.565966715529297,0.029436927288770676,1.0217702388763428,1.0217702388763428,0.0,1.0217702388763428,0.0,1.0217702388763428,2.963780164718628,1.8782397508621216,15.931991577148438,2.900632619857788,44.29536819458008,2362, event,285,0.1766166239976883,0.8233833760023117,0.01122353971004486,"[{""token_id"": 2362, ""token"": "" event"", ""value"": 0.1766166239976883}, {""token_id"": 39154, ""token"": ""0123"", ""value"": 0.16539308428764343}, {""token_id"": 28933, ""token"": ""283"", ""value"": 0.16506463289260864}, {""token_id"": 31119, ""token"": ""0040"", ""value"": 0.16475211083889008}, {""token_id"": 49257, ""token"": ""прав"", ""value"": 0.16288334131240845}]",2362, event,285,44.060752868652344,0.011852264404296875,0.00026899822705320453,"[{""token_id"": 2362, ""token"": "" event"", ""value"": 44.060752868652344}, {""token_id"": 22187, ""token"": ""233"", ""value"": 44.07260513305664}, {""token_id"": 31119, ""token"": ""0040"", ""value"": 44.0742073059082}, {""token_id"": 10320, ""token"": ""wan"", ""value"": 44.07574462890625}, {""token_id"": 49257, ""token"": ""прав"", ""value"": 44.07587814331055}]",187,"
",1,0.0426272489130497,0.003050435334444046,0.0742502212524414,0.6090755462646484,"[{""token_id"": 187, ""token"": ""\n"", ""value"": 0.0426272489130497}, {""token_id"": 13, ""token"": "","", ""value"": 0.03957681357860565}, {""token_id"": 434, ""token"": ""'s"", ""value"": 0.03245951607823372}, {""token_id"": 32, ""token"": ""?"", ""value"": 0.028482362627983093}, {""token_id"": 15, ""token"": ""."", ""value"": 0.022408954799175262}]",True,False,False,0.35078952834010124
step25000,0,256,256,0,21825, clones,2,0,0.8988578742743376,-1.3117218724081483,-1.7557348188746285,-2.740161906878879,3.5724779262537356,0.030578412115573883,1.0414286851882935,1.0414286851882935,0.0,1.0414286851882935,0.0,1.0414286851882935,1.814958930015564,1.7814693450927734,15.5851411819458,1.7427587509155273,49.37605667114258,13157, modul,0,0.18017041683197021,0.8198295831680298,0.001049429178237915,"[{""token_id"": 13157, ""token"": "" modul"", ""value"": 0.18017041683197021}, {""token_id"": 13687, ""token"": "" selective"", ""value"": 0.1791209876537323}, {""token_id"": 16867, ""token"": "" naked"", ""value"": 0.1671570986509323}, {""token_id"": 12132, ""token"": ""dp"", ""value"": 0.1639765202999115}, {""token_id"": 2664, ""token"": ""\n\t\t\t\t"", ""value"": 0.1618221551179886}]",13687, selective,14,49.123695373535156,0.001361846923828125,2.7722811027808076e-05,"[{""token_id"": 13687, ""token"": "" selective"", ""value"": 49.123695373535156}, {""token_id"": 13157, ""token"": "" modul"", ""value"": 49.125057220458984}, {""token_id"": 16867, ""token"": "" naked"", ""value"": 49.141197204589844}, {""token_id"": 12132, ""token"": ""dp"", ""value"": 49.1496696472168}, {""token_id"": 2664, ""token"": ""\n\t\t\t\t"", ""value"": 49.15743637084961}]",187,"
",1,0.11480262875556946,0.07414510846138,1.0380306243896484,0.5553515553474426,"[{""token_id"": 187, ""token"": ""\n"", ""value"": 0.11480262875556946}, {""token_id"": 3, ""token"": ""\"""", ""value"": 0.04065752029418945}, {""token_id"": 18746, ""token"": "" STATES"", ""value"": 0.030671967193484306}, {""token_id"": 13, ""token"": "","", ""value"": 0.025227932259440422}, {""token_id"": 36755, ""token"": ""VOL"", ""value"": 0.023794634267687798}]",False,False,False,0.3752726912498474
step25000,0,256,256,1,23778, motive,8,2,1.6762498798373056,-1.6431681106275668,-3.066812409136926,-2.464064075120957,3.5724779262537356,0.016739970073103905,1.030856966972351,1.028554916381836,0.06885448843240738,1.028554916381836,0.06885448843240738,1.030856966972351,1.9718340635299683,1.8647675514221191,16.042484283447266,1.9128105640411377,49.709747314453125,7431, candidate,69,0.16559597849845886,0.8344040215015411,0.004535362124443054,"[{""token_id"": 7431, ""token"": "" candidate"", ""value"": 0.16559597849845886}, {""token_id"": 16436, ""token"": ""ク"", ""value"": 0.1610606163740158}, {""token_id"": 4682, ""token"": "" mur"", ""value"": 0.15987445414066315}, {""token_id"": 31876, ""token"": ""broad"", ""value"": 0.1592990905046463}, {""token_id"": 2487, ""token"": ""ones"", ""value"": 0.15494468808174133}]",7431, candidate,69,49.48204040527344,0.006809234619140625,0.00013761022309045578,"[{""token_id"": 7431, ""token"": "" candidate"", ""value"": 49.48204040527344}, {""token_id"": 16436, ""token"": ""ク"", ""value"": 49.48884963989258}, {""token_id"": 31876, ""token"": ""broad"", ""value"": 49.491783142089844}, {""token_id"": 4682, ""token"": "" mur"", ""value"": 49.49354553222656}, {""token_id"": 2487, ""token"": ""ones"", ""value"": 49.49620056152344}]",95,~,0,0.29250994324684143,0.25900906324386597,2.166926383972168,0.4506514072418213,"[{""token_id"": 95, ""token"": ""~"", ""value"": 0.29250994324684143}, {""token_id"": 14044, ""token"": ""Conf"", ""value"": 0.03350089490413666}, {""token_id"": 11, ""token"": ""*"", ""value"": 0.03325192257761955}, {""token_id"": 3, ""token"": ""\"""", ""value"": 0.0244788508862257}, {""token_id"": 86, ""token"": ""u"", ""value"": 0.022260315716266632}]",True,False,False,0.31319068744778633
step25000,0,256,256,2,19211, cabinet,33,5,0.8817260966526558,-2.5928184587712293,-1.1731896179843617,-0.9900698511884538,3.5724779262537356,0.0184832364320755,1.0071966648101807,1.0068352222442627,0.026981253176927567,1.0068352222442627,0.026981253176927567,1.0071966648101807,1.8743313550949097,1.7964074611663818,15.68026351928711,1.8609387874603271,50.14999771118164,41140,基,0,0.1910504847764969,0.8089495152235031,0.013813555240631104,"[{""token_id"": 41140, ""token"": ""基"", ""value"": 0.1910504847764969}, {""token_id"": 21149, ""token"": ""244"", ""value"": 0.17723692953586578}, {""token_id"": 19490, ""token"": ""245"", ""value"": 0.1655479371547699}, {""token_id"": 2590, ""token"": "" clear"", ""value"": 0.16241933405399323}, {""token_id"": 3915, ""token"": "" ST"", ""value"": 0.16119258105754852}]",41140,基,0,49.88496780395508,0.02103424072265625,0.0004216548922176226,"[{""token_id"": 41140, ""token"": ""基"", ""value"": 49.88496780395508}, {""token_id"": 21149, ""token"": ""244"", ""value"": 49.906002044677734}, {""token_id"": 19490, ""token"": ""245"", ""value"": 49.92400360107422}, {""token_id"": 2252, ""token"": ""most"", ""value"": 49.92756652832031}, {""token_id"": 3915, ""token"": "" ST"", ""value"": 49.93037033081055}]",187,"
",1,0.09066060185432434,0.06508436053991318,1.2654590606689453,0.5651708841323853,"[{""token_id"": 187, ""token"": ""\n"", ""value"": 0.09066060185432434}, {""token_id"": 996, ""token"": ""\n\t"", ""value"": 0.025576241314411163}, {""token_id"": 988, ""token"": ""\n\t\t"", ""value"": 0.02285354770720005}, {""token_id"": 346, ""token"": "" \"""", ""value"": 0.021072015166282654}, {""token_id"": 387, ""token"": "" at"", ""value"": 0.017838073894381523}]",True,False,False,0.36339616030454636
step25000,0,256,256,3,6574, miles,404,7,-0.31864782495888466,-0.7642839379925344,-3.858297400560089,-2.8331475203169,3.5724779262537356,0.028299875557422638,0.9896846413612366,0.9885274767875671,0.047845032066106796,0.9885274767875671,0.047845032066106796,0.9896846413612366,1.859849214553833,1.8262182474136353,15.45276165008545,1.8792341947555542,49.20395278930664,4682, mur,12,0.17696163058280945,0.8230383694171906,0.01612284779548645,"[{""token_id"": 4682, ""token"": "" mur"", ""value"": 0.17696163058280945}, {""token_id"": 28728, ""token"": "" analges"", ""value"": 0.160838782787323}, {""token_id"": 4081, ""token"": "" proposed"", ""value"": 0.15922847390174866}, {""token_id"": 45956, ""token"": "" exerts"", ""value"": 0.1561773419380188}, {""token_id"": 36821, ""token"": ""FH"", ""value"": 0.15612101554870605}]",4682, mur,12,48.9624137878418,0.025608062744140625,0.0005230147119605354,"[{""token_id"": 4682, ""token"": "" mur"", ""value"": 48.9624137878418}, {""token_id"": 28728, ""token"": "" analges"", ""value"": 48.98802185058594}, {""token_id"": 45956, ""token"": "" exerts"", ""value"": 48.99065017700195}, {""token_id"": 4081, ""token"": "" proposed"", ""value"": 48.99091720581055}, {""token_id"": 36821, ""token"": ""FH"", ""value"": 48.99618148803711}]",95,~,0,0.14126457273960114,0.10795150697231293,1.4446849822998047,0.5405287742614746,"[{""token_id"": 95, ""token"": ""~"", ""value"": 0.14126457273960114}, {""token_id"": 1864, ""token"": ""IC"", ""value"": 0.03331306576728821}, {""token_id"": 7490, ""token"": ""ω"", ""value"": 0.020483868196606636}, {""token_id"": 3437, ""token"": "" CD"", ""value"": 0.018948491662740707}, {""token_id"": 187, ""token"": ""\n"", ""value"": 0.018481135368347168}]",True,False,False,0.3490689545869827
step25000,256,512,512,0,21825, clones,2,0,1.3706994777339214,-3.560131925817994,0.7883492338711795,0.14917317663368812,3.5724779262537356,0.02757595106959343,1.0605759620666504,1.0530953407287598,0.12574371695518494,1.0530953407287598,0.12574371695518494,1.0605759620666504,2.181185245513916,1.9478356838226318,16.463476181030273,2.0566043853759766,50.66310119628906,18428,network,0,0.1635751575231552,0.8364248424768448,0.0029145479202270508,"[{""token_id"": 18428, ""token"": ""network"", ""value"": 0.1635751575231552}, {""token_id"": 18392, ""token"": ""247"", ""value"": 0.16066060960292816}, {""token_id"": 19490, ""token"": ""245"", ""value"": 0.15802885591983795}, {""token_id"": 31119, ""token"": ""0040"", ""value"": 0.1563793122768402}, {""token_id"": 21149, ""token"": ""244"", ""value"": 0.15561288595199585}]",18428,network,0,50.44042205810547,0.00406646728515625,8.061921608173366e-05,"[{""token_id"": 18428, ""token"": ""network"", ""value"": 50.44042205810547}, {""token_id"": 18392, ""token"": ""247"", ""value"": 50.444488525390625}, {""token_id"": 19490, ""token"": ""245"", ""value"": 50.44819259643555}, {""token_id"": 21149, ""token"": ""244"", ""value"": 50.45146179199219}, {""token_id"": 15451, ""token"": "" ét"", ""value"": 50.45215606689453}]",187,"
",1,0.19035974144935608,0.14360404014587402,1.4039793014526367,0.46267610788345337,"[{""token_id"": 187, ""token"": ""\n"", ""value"": 0.19035974144935608}, {""token_id"": 401, ""token"": "" F"", ""value"": 0.04675570875406265}, {""token_id"": 387, ""token"": "" at"", ""value"": 0.03683632239699364}, {""token_id"": 313, ""token"": "" ("", ""value"": 0.03393430635333061}, {""token_id"": 988, ""token"": ""\n\t\t"", ""value"": 0.026493018493056297}]",True,False,False,0.3050403818488121
step25000,256,512,512,1,23778, motive,8,2,0.7229280711633167,-3.2662351576940596,-3.196894333910936,-0.3554469087520785,3.5724779262537356,0.031555116176605225,0.9906014204025269,0.9906014204025269,0.0,0.9906014204025269,0.0,0.9906014204025269,1.8568499088287354,1.785414457321167,15.538249969482422,1.8744672536849976,49.400535583496094,31007,registry,0,0.168737530708313,0.831262469291687,0.0002556443214416504,"[{""token_id"": 31007, ""token"": ""registry"", ""value"": 0.168737530708313}, {""token_id"": 41140, ""token"": ""基"", ""value"": 0.16848188638687134}, {""token_id"": 19567, ""token"": "" skull"", ""value"": 0.16668947041034698}, {""token_id"": 31567, ""token"": "" basin"", ""value"": 0.1614682376384735}, {""token_id"": 6177, ""token"": "")?"", ""value"": 0.16045351326465607}]",41140,基,0,49.16988754272461,0.001373291015625,2.7929513046612572e-05,"[{""token_id"": 41140, ""token"": ""基"", ""value"": 49.16988754272461}, {""token_id"": 19567, ""token"": "" skull"", ""value"": 49.171260833740234}, {""token_id"": 31007, ""token"": ""registry"", ""value"": 49.17169952392578}, {""token_id"": 31567, ""token"": "" basin"", ""value"": 49.1819953918457}, {""token_id"": 9492, ""token"": ""rh"", ""value"": 49.18317413330078}]",285, and,50606,0.1023096963763237,0.05863490700721741,0.8512334823608398,0.5585765242576599,"[{""token_id"": 285, ""token"": "" and"", ""value"": 0.1023096963763237}, {""token_id"": 273, ""token"": "" of"", ""value"": 0.04367478936910629}, {""token_id"": 187, ""token"": ""\n"", ""value"": 0.026233792304992676}, {""token_id"": 820, ""token"": "" co"", ""value"": 0.02459515444934368}, {""token_id"": 897, ""token"": "" use"", ""value"": 0.013550893403589725}]",False,False,False,0.364064559340477
step25000,256,512,512,2,19211, cabinet,33,5,0.3853114454580717,-4.1553905192890115,-0.7738117483433737,-1.0366440028137722,3.5724779262537356,0.014890818856656551,1.0432912111282349,1.0432912111282349,0.0,1.0432912111282349,0.0,1.0432912111282349,2.97749400138855,1.8891767263412476,15.87991714477539,2.853943347930908,50.3504524230957,3915, ST,27,0.17506735026836395,0.824932649731636,0.0012938380241394043,"[{""token_id"": 3915, ""token"": "" ST"", ""value"": 0.17506735026836395}, {""token_id"": 18428, ""token"": ""network"", ""value"": 0.17377351224422455}, {""token_id"": 21149, ""token"": ""244"", ""value"": 0.16201649606227875}, {""token_id"": 20172, ""token"": ""union"", ""value"": 0.16172653436660767}, {""token_id"": 18672, ""token"": "" 170"", ""value"": 0.1616165190935135}]",3915, ST,27,50.1098518371582,0.0027618408203125,5.5115725133006656e-05,"[{""token_id"": 3915, ""token"": "" ST"", ""value"": 50.1098518371582}, {""token_id"": 18428, ""token"": ""network"", ""value"": 50.112613677978516}, {""token_id"": 18672, ""token"": "" 170"", ""value"": 50.12848663330078}, {""token_id"": 20172, ""token"": ""union"", ""value"": 50.12861633300781}, {""token_id"": 25902, ""token"": ""disable"", ""value"": 50.12919616699219}]",187,"
",1,0.30097687244415283,0.2585606276988983,1.9595022201538086,0.4421352446079254,"[{""token_id"": 187, ""token"": ""\n"", ""value"": 0.30097687244415283}, {""token_id"": 988, ""token"": ""\n\t\t"", ""value"": 0.04241623729467392}, {""token_id"": 247, ""token"": "" a"", ""value"": 0.019858811050653458}, {""token_id"": 387, ""token"": "" at"", ""value"": 0.015826964750885963}, {""token_id"": 996, ""token"": ""\n\t"", ""value"": 0.015265768393874168}]",True,False,False,0.4335741735994816
step25000,256,512,512,3,6574, miles,404,7,2.426167476378438,-0.25750302640215383,-4.806474500126413,-0.7648317841152963,3.5724779262537356,0.01004516240209341,1.0757700204849243,1.0757700204849243,0.0,1.0757700204849243,0.0,1.0757700204849243,1.9068599939346313,1.8471225500106812,16.298276901245117,1.772553563117981,48.844398498535156,13157, modul,0,0.16912518441677094,0.8308748155832291,0.005556538701057434,"[{""token_id"": 13157, ""token"": "" modul"", ""value"": 0.16912518441677094}, {""token_id"": 9220, ""token"": ""\n\t\t\t\t\t\t"", ""value"": 0.1635686457157135}, {""token_id"": 7730, ""token"": "" committed"", ""value"": 0.163565993309021}, {""token_id"": 13687, ""token"": "" selective"", ""value"": 0.16263696551322937}, {""token_id"": 10359, ""token"": "" substance"", ""value"": 0.16144788265228271}]",13157, modul,0,48.610511779785156,0.0072784423828125,0.00014972980362324152,"[{""token_id"": 13157, ""token"": "" modul"", ""value"": 48.610511779785156}, {""token_id"": 13687, ""token"": "" selective"", ""value"": 48.61779022216797}, {""token_id"": 7730, ""token"": "" committed"", ""value"": 48.62107467651367}, {""token_id"": 45833, ""token"": "" unsaturated"", ""value"": 48.62239074707031}, {""token_id"": 10359, ""token"": "" substance"", ""value"": 48.62374496459961}]",15,.,8666,0.0459870882332325,0.008442029356956482,0.2028188705444336,0.5991702675819397,"[{""token_id"": 15, ""token"": ""."", ""value"": 0.0459870882332325}, {""token_id"": 89, ""token"": ""x"", ""value"": 0.037545058876276016}, {""token_id"": 86, ""token"": ""u"", ""value"": 0.02322050929069519}, {""token_id"": 30803, ""token"": "" >>>"", ""value"": 0.023047957569360733}, {""token_id"": 3, ""token"": ""\"""", ""value"": 0.02280430682003498}]",True,False,False,0.36816900596022606
step25000,512,768,768,0,21825, clones,2,0,0.7483702724536325,-3.957880340786721,-0.1740814573343017,-0.49065542648477267,3.5724779262537356,0.012997165322303772,1.0157907009124756,1.012322187423706,0.0838722214102745,1.012322187423706,0.0838722214102745,1.0157907009124756,2.2726051807403564,1.8838441371917725,15.837993621826172,2.237277030944824,50.69522476196289,18428,network,0,0.17174571752548218,0.8282542824745178,0.004649817943572998,"[{""token_id"": 18428, ""token"": ""network"", ""value"": 0.17174571752548218}, {""token_id"": 21149, ""token"": ""244"", ""value"": 0.16709589958190918}, {""token_id"": 3915, ""token"": "" ST"", ""value"": 0.16110490262508392}, {""token_id"": 20172, ""token"": ""union"", ""value"": 0.1593128889799118}, {""token_id"": 46079, ""token"": ""satellite"", ""value"": 0.15408256649971008}]",18428,network,0,50.46028137207031,0.00598907470703125,0.00011868888845210034,"[{""token_id"": 18428, ""token"": ""network"", ""value"": 50.46028137207031}, {""token_id"": 21149, ""token"": ""244"", ""value"": 50.466270446777344}, {""token_id"": 3915, ""token"": "" ST"", ""value"": 50.47549057006836}, {""token_id"": 20172, ""token"": ""union"", ""value"": 50.47689437866211}, {""token_id"": 25902, ""token"": ""disable"", ""value"": 50.48396301269531}]",187,"
",1,0.22242797911167145,0.1639055609703064,1.3351936340332031,0.4719650149345398,"[{""token_id"": 187, ""token"": ""\n"", ""value"": 0.22242797911167145}, {""token_id"": 988, ""token"": ""\n\t\t"", ""value"": 0.05852241441607475}, {""token_id"": 247, ""token"": "" a"", ""value"": 0.023445233702659607}, {""token_id"": 387, ""token"": "" at"", ""value"": 0.021723471581935883}, {""token_id"": 996, ""token"": ""\n\t"", ""value"": 0.01945558749139309}]",True,False,False,0.35063397884368896
step25000,512,768,768,1,23778, motive,8,2,0.5545193671972695,-3.740111989499193,1.4218473824450517,0.40447411432471875,3.5724779262537356,0.007521714549511671,0.988888680934906,0.9882814884185791,0.03464888408780098,0.9882814884185791,0.03464888408780098,0.988888680934906,1.7259175777435303,1.6811413764953613,14.833876609802246,1.7453103065490723,51.21677017211914,6222, profile,52,0.17842262983322144,0.8215773701667786,0.011638611555099487,"[{""token_id"": 6222, ""token"": "" profile"", ""value"": 0.17842262983322144}, {""token_id"": 18428, ""token"": ""network"", ""value"": 0.16678401827812195}, {""token_id"": 15419, ""token"": ""eval"", ""value"": 0.1666121482849121}, {""token_id"": 18392, ""token"": ""247"", ""value"": 0.1594996154308319}, {""token_id"": 30713, ""token"": ""touch"", ""value"": 0.1559753715991974}]",6222, profile,52,50.97405242919922,0.008975982666015625,0.0001760892500843028,"[{""token_id"": 6222, ""token"": "" profile"", ""value"": 50.97405242919922}, {""token_id"": 15419, ""token"": ""eval"", ""value"": 50.983028411865234}, {""token_id"": 18428, ""token"": ""network"", ""value"": 50.98904800415039}, {""token_id"": 18392, ""token"": ""247"", ""value"": 50.999664306640625}, {""token_id"": 17809, ""token"": ""169"", ""value"": 51.00486373901367}]",187,"
",1,0.09576962143182755,0.022840961813926697,0.2724637985229492,0.5255401134490967,"[{""token_id"": 187, ""token"": ""\n"", ""value"": 0.09576962143182755}, {""token_id"": 988, ""token"": ""\n\t\t"", ""value"": 0.07292865961790085}, {""token_id"": 346, ""token"": "" \"""", ""value"": 0.03132592514157295}, {""token_id"": 996, ""token"": ""\n\t"", ""value"": 0.027509750798344612}, {""token_id"": 391, ""token"": "" r"", ""value"": 0.020136160776019096}]",True,False,False,0.46508362516760826
step25000,512,768,768,2,19211, cabinet,33,5,1.5815314455413636,-2.295268679861007,0.218105975425531,-0.8239058505561053,3.5724779262537356,0.007612267509102821,1.0254180431365967,1.0211505889892578,0.09345325827598572,1.0211505889892578,0.09345325827598572,1.0254180431365967,3.0080695152282715,1.9104360342025757,15.728343963623047,2.9335055351257324,49.207237243652344,21149,244,1,0.17684438824653625,0.8231556117534637,0.004695102572441101,"[{""token_id"": 21149, ""token"": ""244"", ""value"": 0.17684438824653625}, {""token_id"": 14028, ""token"": ""240"", ""value"": 0.17214928567409515}, {""token_id"": 18392, ""token"": ""247"", ""value"": 0.16963456571102142}, {""token_id"": 19490, ""token"": ""245"", ""value"": 0.16474510729312897}, {""token_id"": 31301, ""token"": "" clot"", ""value"": 0.16223688423633575}]",21149,244,1,48.96424865722656,0.009754180908203125,0.00019921026413551471,"[{""token_id"": 21149, ""token"": ""244"", ""value"": 48.96424865722656}, {""token_id"": 14028, ""token"": ""240"", ""value"": 48.974002838134766}, {""token_id"": 18392, ""token"": ""247"", ""value"": 48.97578811645508}, {""token_id"": 19490, ""token"": ""245"", ""value"": 48.982872009277344}, {""token_id"": 31301, ""token"": "" clot"", ""value"": 48.986846923828125}]",187,"
",1,0.15093591809272766,0.11596022546291351,1.4622020721435547,0.5169177651405334,"[{""token_id"": 187, ""token"": ""\n"", ""value"": 0.15093591809272766}, {""token_id"": 988, ""token"": ""\n\t\t"", ""value"": 0.03497568890452385}, {""token_id"": 14, ""token"": ""-"", ""value"": 0.028972012922167778}, {""token_id"": 996, ""token"": ""\n\t"", ""value"": 0.0273720845580101}, {""token_id"": 387, ""token"": "" at"", ""value"": 0.02354765497148037}]",True,False,False,0.37659725174307823
step25000,512,768,768,3,6574, miles,404,7,0.4837548027390013,-4.1899364245766595,-0.9030556394045748,-1.1885767801857483,3.5724779262537356,0.010058986023068428,1.043895959854126,1.043895959854126,0.0,1.043895959854126,0.0,1.043895959854126,2.8485360145568848,1.889995813369751,15.797290802001953,2.728754758834839,50.22063064575195,3915, ST,27,0.17627693712711334,0.8237230628728867,0.0013676434755325317,"[{""token_id"": 3915, ""token"": "" ST"", ""value"": 0.17627693712711334}, {""token_id"": 18428, ""token"": ""network"", ""value"": 0.1749092936515808}, {""token_id"": 18672, ""token"": "" 170"", ""value"": 0.16179266571998596}, {""token_id"": 20172, ""token"": ""union"", ""value"": 0.16137132048606873}, {""token_id"": 46079, ""token"": ""satellite"", ""value"": 0.16109265387058258}]",3915, ST,27,49.9782600402832,0.002887725830078125,5.777963914211051e-05,"[{""token_id"": 3915, ""token"": "" ST"", ""value"": 49.9782600402832}, {""token_id"": 18428, ""token"": ""network"", ""value"": 49.98114776611328}, {""token_id"": 18672, ""token"": "" 170"", ""value"": 49.99845504760742}, {""token_id"": 20172, ""token"": ""union"", ""value"": 49.9993896484375}, {""token_id"": 46079, ""token"": ""satellite"", ""value"": 50.0013542175293}]",187,"
",1,0.3046358525753021,0.265667200088501,2.05635929107666,0.44176438450813293,"[{""token_id"": 187, ""token"": ""\n"", ""value"": 0.3046358525753021}, {""token_id"": 988, ""token"": ""\n\t\t"", ""value"": 0.03896866366267204}, {""token_id"": 247, ""token"": "" a"", ""value"": 0.018078627064824104}, {""token_id"": 391, ""token"": "" r"", ""value"": 0.01738123968243599}, {""token_id"": 749, ""token"": "" sub"", ""value"": 0.015625515952706337}]",True,False,False,0.3521317392587662
step25000,768,1024,1024,0,21825, clones,2,0,1.2812620721834858,-3.9853548967589854,-1.2375328670830272,-0.42719540232593434,3.5724779262537356,0.0044502923265099525,1.0070024728775024,1.004968285560608,0.06397416442632675,1.004968285560608,0.06397416442632675,1.0070024728775024,1.802987813949585,1.7310675382614136,15.280797004699707,1.7904502153396606,50.761478424072266,3915, ST,27,0.18177856504917145,0.8182214349508286,0.01753847301006317,"[{""token_id"": 3915, ""token"": "" ST"", ""value"": 0.18177856504917145}, {""token_id"": 4227, ""token"": "" instance"", ""value"": 0.16424009203910828}, {""token_id"": 18428, ""token"": ""network"", ""value"": 0.1632678210735321}, {""token_id"": 21149, ""token"": ""244"", ""value"": 0.1624080389738083}, {""token_id"": 8766, ""token"": ""stat"", ""value"": 0.15974444150924683}]",3915, ST,27,50.51059341430664,0.0283355712890625,0.0005609827438898535,"[{""token_id"": 3915, ""token"": "" ST"", ""value"": 50.51059341430664}, {""token_id"": 4227, ""token"": "" instance"", ""value"": 50.5389289855957}, {""token_id"": 18428, ""token"": ""network"", ""value"": 50.53921890258789}, {""token_id"": 21149, ""token"": ""244"", ""value"": 50.53955841064453}, {""token_id"": 8766, ""token"": ""stat"", ""value"": 50.54074478149414}]",187,"
",1,0.11403853446245193,0.06964117288589478,0.9433565139770508,0.5378186106681824,"[{""token_id"": 187, ""token"": ""\n"", ""value"": 0.11403853446245193}, {""token_id"": 988, ""token"": ""\n\t\t"", ""value"": 0.04439735785126686}, {""token_id"": 996, ""token"": ""\n\t"", ""value"": 0.023746589198708534}, {""token_id"": 774, ""token"": "" rel"", ""value"": 0.022675951942801476}, {""token_id"": 346, ""token"": "" \"""", ""value"": 0.019831519573926926}]",True,False,False,0.34229646250605583
step25000,768,1024,1024,1,23778, motive,8,2,0.8286686587164956,-2.5995270235443764,-0.9531829813891695,-1.0536246933426616,3.5724779262537356,0.010987628251314163,1.0095348358154297,1.0092676877975464,0.023224657401442528,1.0092676877975464,0.023224657401442528,1.0095348358154297,1.87539803981781,1.7905031442642212,15.677608489990234,1.8576853275299072,50.165653228759766,41140,基,0,0.19268791377544403,0.807312086224556,0.014934033155441284,"[{""token_id"": 41140, ""token"": ""基"", ""value"": 0.19268791377544403}, {""token_id"": 21149, ""token"": ""244"", ""value"": 0.17775388062000275}, {""token_id"": 19490, ""token"": ""245"", ""value"": 0.16730929911136627}, {""token_id"": 3915, ""token"": "" ST"", ""value"": 0.15978458523750305}, {""token_id"": 2590, ""token"": "" clear"", ""value"": 0.1586908996105194}]",41140,基,0,49.89814376831055,0.022724151611328125,0.00045541076070568866,"[{""token_id"": 41140, ""token"": ""基"", ""value"": 49.89814376831055}, {""token_id"": 21149, ""token"": ""244"", ""value"": 49.920867919921875}, {""token_id"": 19490, ""token"": ""245"", ""value"": 49.93700408935547}, {""token_id"": 2252, ""token"": ""most"", ""value"": 49.942466735839844}, {""token_id"": 3915, ""token"": "" ST"", ""value"": 49.94813537597656}]",187,"
",1,0.08348812907934189,0.05656807869672775,1.1318330764770508,0.5676277279853821,"[{""token_id"": 187, ""token"": ""\n"", ""value"": 0.08348812907934189}, {""token_id"": 988, ""token"": ""\n\t\t"", ""value"": 0.026920052245259285}, {""token_id"": 996, ""token"": ""\n\t"", ""value"": 0.02495385892689228}, {""token_id"": 346, ""token"": "" \"""", ""value"": 0.02064535953104496}, {""token_id"": 387, ""token"": "" at"", ""value"": 0.01781369559466839}]",True,False,False,0.34594956785440445
step25000,768,1024,1024,2,19211, cabinet,33,5,0.46939563825189046,-3.852798980292534,1.153549722892151,0.17273663905372855,3.5724779262537356,0.018026184290647507,0.9875071048736572,0.9875071048736572,0.0,0.9875071048736572,0.0,0.9875071048736572,1.7277476787567139,1.6771618127822876,14.815739631652832,1.7496052980422974,51.10834884643555,6222, profile,52,0.17733599245548248,0.8226640075445175,0.008632317185401917,"[{""token_id"": 6222, ""token"": "" profile"", ""value"": 0.17733599245548248}, {""token_id"": 18428, ""token"": ""network"", ""value"": 0.16870367527008057}, {""token_id"": 15419, ""token"": ""eval"", ""value"": 0.16467580199241638}, {""token_id"": 30713, ""token"": ""touch"", ""value"": 0.15735934674739838}, {""token_id"": 17809, ""token"": ""169"", ""value"": 0.1558234840631485}]",6222, profile,52,50.867286682128906,0.010356903076171875,0.00020360635983775684,"[{""token_id"": 6222, ""token"": "" profile"", ""value"": 50.867286682128906}, {""token_id"": 15419, ""token"": ""eval"", ""value"": 50.87764358520508}, {""token_id"": 18428, ""token"": ""network"", ""value"": 50.87778854370117}, {""token_id"": 30713, ""token"": ""touch"", ""value"": 50.89448928833008}, {""token_id"": 17809, ""token"": ""169"", ""value"": 50.89488983154297}]",187,"
",1,0.0981203243136406,0.028270073235034943,0.3398408889770508,0.5258904099464417,"[{""token_id"": 187, ""token"": ""\n"", ""value"": 0.0981203243136406}, {""token_id"": 988, ""token"": ""\n\t\t"", ""value"": 0.06985025107860565}, {""token_id"": 346, ""token"": "" \"""", ""value"": 0.029091907665133476}, {""token_id"": 996, ""token"": ""\n\t"", ""value"": 0.02601112797856331}, {""token_id"": 851, ""token"": "" ret"", ""value"": 0.025101905688643456}]",True,False,False,0.3533470183610916
step25000,768,1024,1024,3,6574, miles,404,7,1.191031470960761,-4.414299981168563,-1.744587655235374,-0.30177597487025587,3.5724779262537356,0.009548403322696686,1.0042277574539185,1.0032143592834473,0.04510306939482689,1.0032143592834473,0.04510306939482689,1.0042277574539185,1.806846261024475,1.7338268756866455,15.36947250366211,1.7992395162582397,50.878089904785156,3915, ST,27,0.1673516035079956,0.8326483964920044,0.004001408815383911,"[{""token_id"": 3915, ""token"": "" ST"", ""value"": 0.1673516035079956}, {""token_id"": 4227, ""token"": "" instance"", ""value"": 0.1633501946926117}, {""token_id"": 41140, ""token"": ""基"", ""value"": 0.16225531697273254}, {""token_id"": 26988, ""token"": "" glycos"", ""value"": 0.16211915016174316}, {""token_id"": 18428, ""token"": ""network"", ""value"": 0.1605948954820633}]",3915, ST,27,50.64887619018555,0.006011962890625,0.00011869884078079435,"[{""token_id"": 3915, ""token"": "" ST"", ""value"": 50.64887619018555}, {""token_id"": 26988, ""token"": "" glycos"", ""value"": 50.65488815307617}, {""token_id"": 41140, ""token"": ""基"", ""value"": 50.65618133544922}, {""token_id"": 4227, ""token"": "" instance"", ""value"": 50.65681838989258}, {""token_id"": 18428, ""token"": ""network"", ""value"": 50.6597900390625}]",187,"
",1,0.053092069923877716,0.030064286664128304,0.8353261947631836,0.5739613771438599,"[{""token_id"": 187, ""token"": ""\n"", ""value"": 0.053092069923877716}, {""token_id"": 346, ""token"": "" \"""", ""value"": 0.023027783259749413}, {""token_id"": 988, ""token"": ""\n\t\t"", ""value"": 0.022461052983999252}, {""token_id"": 774, ""token"": "" rel"", ""value"": 0.01956976018846035}, {""token_id"": 996, ""token"": ""\n\t"", ""value"": 0.017846666276454926}]",True,False,False,0.3275626190006733
step29000,0,256,256,0,21825, clones,2,0,2.3070893706365725,-0.5728383055276943,-3.1324702746436373,-3.4732542547833507,3.5334199187523554,0.009189859963953495,1.0182780027389526,1.0032124519348145,0.17451319098472595,1.0032124519348145,0.17451319098472595,1.0182780027389526,1.8615484237670898,1.7838633060455322,15.651358604431152,1.8281338214874268,51.294315338134766,678,eth,95,0.16152948141098022,0.8384705185890198,0.0004010498523712158,"[{""token_id"": 678, ""token"": ""eth"", ""value"": 0.16152948141098022}, {""token_id"": 2600, ""token"": "" content"", ""value"": 0.161128431558609}, {""token_id"": 18951, ""token"": ""με"", ""value"": 0.16083379089832306}, {""token_id"": 7730, ""token"": "" committed"", ""value"": 0.15934604406356812}, {""token_id"": 31549, ""token"": ""undefined"", ""value"": 0.1584954559803009}]",678,eth,95,51.07052993774414,0.004119873046875,8.06702623195255e-05,"[{""token_id"": 678, ""token"": ""eth"", ""value"": 51.07052993774414}, {""token_id"": 11421, ""token"": ""idal"", ""value"": 51.074649810791016}, {""token_id"": 18951, ""token"": ""με"", ""value"": 51.07566452026367}, {""token_id"": 7730, ""token"": "" committed"", ""value"": 51.07798767089844}, {""token_id"": 17854, ""token"": "" subjective"", ""value"": 51.07986068725586}]",309, I,2877,0.07571294158697128,0.026156682521104813,0.4238405227661133,0.5121789574623108,"[{""token_id"": 309, ""token"": "" I"", ""value"": 0.07571294158697128}, {""token_id"": 10, ""token"": "")"", ""value"": 0.04955625906586647}, {""token_id"": 32, ""token"": ""?"", ""value"": 0.04242152348160744}, {""token_id"": 3944, ""token"": "" http"", ""value"": 0.04086518660187721}, {""token_id"": 313, ""token"": "" ("", ""value"": 0.0338122621178627}]",True,False,False,0.33968694880604744
step29000,0,256,256,1,23778, motive,8,2,2.374122196080692,-0.1410063606008226,-3.0914410822313574,-2.980793598326054,3.5334199187523554,0.0030232027638703585,0.9921830296516418,0.9716999530792236,0.20056523382663727,0.9716999530792236,0.20056523382663727,0.9921830296516418,1.8091490268707275,1.7440601587295532,15.346176147460938,1.8234025239944458,51.36338806152344,7730, committed,64,0.17122086882591248,0.8287791311740875,0.003457114100456238,"[{""token_id"": 7730, ""token"": "" committed"", ""value"": 0.17122086882591248}, {""token_id"": 15059, ""token"": ""aptic"", ""value"": 0.16776375472545624}, {""token_id"": 12246, ""token"": "" bid"", ""value"": 0.16407303512096405}, {""token_id"": 43449, ""token"": "" apache"", ""value"": 0.1637573391199112}, {""token_id"": 12132, ""token"": ""dp"", ""value"": 0.1619648039340973}]",7730, committed,64,51.12925338745117,0.006366729736328125,0.00012452225124591265,"[{""token_id"": 7730, ""token"": "" committed"", ""value"": 51.12925338745117}, {""token_id"": 15059, ""token"": ""aptic"", ""value"": 51.1356201171875}, {""token_id"": 12246, ""token"": "" bid"", ""value"": 51.135684967041016}, {""token_id"": 12132, ""token"": ""dp"", ""value"": 51.14019775390625}, {""token_id"": 19742, ""token"": ""vic"", ""value"": 51.14055252075195}]",10,),0,0.05303484946489334,0.01852826401591301,0.42979907989501953,0.5319043397903442,"[{""token_id"": 10, ""token"": "")"", ""value"": 0.05303484946489334}, {""token_id"": 209, ""token"": "" "", ""value"": 0.03450658544898033}, {""token_id"": 309, ""token"": "" I"", ""value"": 0.03241495043039322}, {""token_id"": 3944, ""token"": "" http"", ""value"": 0.03210170939564705}, {""token_id"": 18746, ""token"": "" STATES"", ""value"": 0.02918265014886856}]",True,False,False,0.3867705836892128
step29000,0,256,256,2,19211, cabinet,33,5,2.335088133624169,-0.5313108924625539,-3.1336422974465163,-3.4356758546251998,3.5334199187523554,0.010096428915858269,1.016600251197815,1.0015356540679932,0.17436310648918152,1.0015356540679932,0.17436310648918152,1.016600251197815,1.8595951795578003,1.781869649887085,15.637423515319824,1.829229474067688,51.29705047607422,678,eth,95,0.16171400249004364,0.8382859975099564,0.00028705596923828125,"[{""token_id"": 678, ""token"": ""eth"", ""value"": 0.16171400249004364}, {""token_id"": 2600, ""token"": "" content"", ""value"": 0.16142694652080536}, {""token_id"": 18951, ""token"": ""με"", ""value"": 0.16129906475543976}, {""token_id"": 7730, ""token"": "" committed"", ""value"": 0.16002157330513}, {""token_id"": 31549, ""token"": ""undefined"", ""value"": 0.15787310898303986}]",678,eth,95,51.07297897338867,0.004131317138671875,8.089046736092049e-05,"[{""token_id"": 678, ""token"": ""eth"", ""value"": 51.07297897338867}, {""token_id"": 11421, ""token"": ""idal"", ""value"": 51.077110290527344}, {""token_id"": 18951, ""token"": ""με"", ""value"": 51.07769775390625}, {""token_id"": 7730, ""token"": "" committed"", ""value"": 51.0797119140625}, {""token_id"": 17854, ""token"": "" subjective"", ""value"": 51.081485748291016}]",309, I,2877,0.07214652746915817,0.021107688546180725,0.3461122512817383,0.5138691067695618,"[{""token_id"": 309, ""token"": "" I"", ""value"": 0.07214652746915817}, {""token_id"": 10, ""token"": "")"", ""value"": 0.05103883892297745}, {""token_id"": 32, ""token"": ""?"", ""value"": 0.04129732772707939}, {""token_id"": 3944, ""token"": "" http"", ""value"": 0.04013950750231743}, {""token_id"": 313, ""token"": "" ("", ""value"": 0.03353586420416832}]",True,False,False,0.37613407149910927
step29000,0,256,256,3,6574, miles,404,7,2.347163945260255,-0.12482046966853466,-3.0804223650286424,-2.9392061685547914,3.5334199187523554,0.006660460494458675,0.9921509623527527,0.9715038537979126,0.20135498046875,0.9715038537979126,0.20135498046875,0.9921509623527527,1.8011237382888794,1.7388776540756226,15.30013656616211,1.8153727054595947,51.367305755615234,7730, committed,64,0.17225949466228485,0.8277405053377151,0.0015978515148162842,"[{""token_id"": 7730, ""token"": "" committed"", ""value"": 0.17225949466228485}, {""token_id"": 15059, ""token"": ""aptic"", ""value"": 0.17066164314746857}, {""token_id"": 43449, ""token"": "" apache"", ""value"": 0.1650061458349228}, {""token_id"": 12246, ""token"": "" bid"", ""value"": 0.16471494734287262}, {""token_id"": 12132, ""token"": ""dp"", ""value"": 0.1634356677532196}]",7730, committed,64,51.131614685058594,0.00360870361328125,7.057675834234443e-05,"[{""token_id"": 7730, ""token"": "" committed"", ""value"": 51.131614685058594}, {""token_id"": 15059, ""token"": ""aptic"", ""value"": 51.135223388671875}, {""token_id"": 12246, ""token"": "" bid"", ""value"": 51.13861846923828}, {""token_id"": 12132, ""token"": ""dp"", ""value"": 51.14188003540039}, {""token_id"": 19742, ""token"": ""vic"", ""value"": 51.14314651489258}]",10,),0,0.050183624029159546,0.014961164444684982,0.3540048599243164,0.5335511565208435,"[{""token_id"": 10, ""token"": "")"", ""value"": 0.050183624029159546}, {""token_id"": 209, ""token"": "" "", ""value"": 0.035222459584474564}, {""token_id"": 18746, ""token"": "" STATES"", ""value"": 0.03241875767707825}, {""token_id"": 1838, ""token"": ""ID"", ""value"": 0.03063257597386837}, {""token_id"": 3944, ""token"": "" http"", ""value"": 0.030566830188035965}]",True,False,False,0.4047524183988571
step29000,256,512,512,0,21825, clones,2,0,1.9550152787075978,-0.15605404773769882,-3.037931109864143,-2.893885004259588,3.5334199187523554,0.00020348130783531815,0.9636942148208618,0.944951593875885,0.1891375035047531,0.944951593875885,0.1891375035047531,0.9636942148208618,1.7543243169784546,1.7039899826049805,14.92095947265625,1.82041597366333,51.36944580078125,15059,aptic,0,0.18538039922714233,0.8146196007728577,0.007823288440704346,"[{""token_id"": 15059, ""token"": ""aptic"", ""value"": 0.18538039922714233}, {""token_id"": 7730, ""token"": "" committed"", ""value"": 0.177557110786438}, {""token_id"": 43449, ""token"": "" apache"", ""value"": 0.17427870631217957}, {""token_id"": 4514, ""token"": "" commit"", ""value"": 0.16927470266819}, {""token_id"": 12246, ""token"": "" bid"", ""value"": 0.16613838076591492}]",15059,aptic,0,51.115440368652344,0.010379791259765625,0.00020306567222946705,"[{""token_id"": 15059, ""token"": ""aptic"", ""value"": 51.115440368652344}, {""token_id"": 7730, ""token"": "" committed"", ""value"": 51.12582015991211}, {""token_id"": 43449, ""token"": "" apache"", ""value"": 51.13254928588867}, {""token_id"": 4514, ""token"": "" commit"", ""value"": 51.13687515258789}, {""token_id"": 12246, ""token"": "" bid"", ""value"": 51.13857650756836}]",18746, STATES,0,0.05992216244339943,0.017380788922309875,0.34256935119628906,0.5424752235412598,"[{""token_id"": 18746, ""token"": "" STATES"", ""value"": 0.05992216244339943}, {""token_id"": 187, ""token"": ""\n"", ""value"": 0.042541373521089554}, {""token_id"": 209, ""token"": "" "", ""value"": 0.03899361565709114}, {""token_id"": 1838, ""token"": ""ID"", ""value"": 0.034357182681560516}, {""token_id"": 63, ""token"": ""^"", ""value"": 0.022414864972233772}]",True,False,False,0.3922288678586483
step29000,256,512,512,1,23778, motive,8,2,0.7010411436863979,-0.45236711772949256,-2.855555167284675,-3.4363004016591274,3.5334199187523554,0.0011342416983097792,0.9395027756690979,0.9072245955467224,0.2441496104001999,0.931970477104187,0.056089915335178375,0.9336568117141724,1.7487949132919312,1.6888689994812012,14.826863288879395,1.8614047765731812,51.506893157958984,7730, committed,64,0.19072097539901733,0.8092790246009827,0.015318036079406738,"[{""token_id"": 7730, ""token"": "" committed"", ""value"": 0.19072097539901733}, {""token_id"": 43449, ""token"": "" apache"", ""value"": 0.1754029393196106}, {""token_id"": 27039, ""token"": "" conditioned"", ""value"": 0.17322677373886108}, {""token_id"": 3224, ""token"": ""ederal"", ""value"": 0.16928420960903168}, {""token_id"": 15059, ""token"": ""aptic"", ""value"": 0.16893397271633148}]",7730, committed,64,51.243492126464844,0.023113250732421875,0.00045104753351665066,"[{""token_id"": 7730, ""token"": "" committed"", ""value"": 51.243492126464844}, {""token_id"": 27039, ""token"": "" conditioned"", ""value"": 51.266605377197266}, {""token_id"": 43449, ""token"": "" apache"", ""value"": 51.26827621459961}, {""token_id"": 4514, ""token"": "" commit"", ""value"": 51.27708435058594}, {""token_id"": 15059, ""token"": ""aptic"", ""value"": 51.27732849121094}]",209, ,12180,0.053911153227090836,0.007696624845266342,0.15404319763183594,0.5628740787506104,"[{""token_id"": 209, ""token"": "" "", ""value"": 0.053911153227090836}, {""token_id"": 187, ""token"": ""\n"", ""value"": 0.04621452838182449}, {""token_id"": 31, ""token"": "">"", ""value"": 0.023539867252111435}, {""token_id"": 11204, ""token"": "" Conf"", ""value"": 0.02214956097304821}, {""token_id"": 309, ""token"": "" I"", ""value"": 0.022106638178229332}]",True,False,False,0.38432132452726364
step29000,256,512,512,2,19211, cabinet,33,5,1.906754993103989,-0.16303227614938598,-3.039468463196804,-2.913452891635451,3.5334199187523554,0.00027427024906501174,0.9604560732841492,0.9419490098953247,0.18763777613639832,0.9419490098953247,0.18763777613639832,0.9604560732841492,1.752504825592041,1.702141523361206,14.897662162780762,1.824658989906311,51.375946044921875,15059,aptic,0,0.18558697402477264,0.8144130259752274,0.007565245032310486,"[{""token_id"": 15059, ""token"": ""aptic"", ""value"": 0.18558697402477264}, {""token_id"": 7730, ""token"": "" committed"", ""value"": 0.17802172899246216}, {""token_id"": 43449, ""token"": "" apache"", ""value"": 0.1746319979429245}, {""token_id"": 4514, ""token"": "" commit"", ""value"": 0.1692701131105423}, {""token_id"": 12246, ""token"": "" bid"", ""value"": 0.1660611480474472}]",15059,aptic,0,51.12163162231445,0.009990692138671875,0.00019542983706942102,"[{""token_id"": 15059, ""token"": ""aptic"", ""value"": 51.12163162231445}, {""token_id"": 7730, ""token"": "" committed"", ""value"": 51.131622314453125}, {""token_id"": 43449, ""token"": "" apache"", ""value"": 51.13852310180664}, {""token_id"": 4514, ""token"": "" commit"", ""value"": 51.14337921142578}, {""token_id"": 12246, ""token"": "" bid"", ""value"": 51.14519500732422}]",18746, STATES,0,0.05952444672584534,0.01549002155661583,0.30141544342041016,0.543716311454773,"[{""token_id"": 18746, ""token"": "" STATES"", ""value"": 0.05952444672584534}, {""token_id"": 187, ""token"": ""\n"", ""value"": 0.04403442516922951}, {""token_id"": 209, ""token"": "" "", ""value"": 0.03938890993595123}, {""token_id"": 1838, ""token"": ""ID"", ""value"": 0.033690474927425385}, {""token_id"": 313, ""token"": "" ("", ""value"": 0.0208960622549057}]",True,False,False,0.3892103508114815
step29000,256,512,512,3,6574, miles,404,7,0.5137946245502392,-0.5345714097731309,-2.785911510700589,-3.538052716035014,3.5334199187523554,0.0011924044229090214,0.9433225393295288,0.91217041015625,0.2404216080904007,0.9403486251831055,0.06641194969415665,0.9426908493041992,1.7529828548431396,1.6912033557891846,14.86442756652832,1.8583070039749146,51.513065338134766,7730, committed,64,0.1929144412279129,0.8070855587720871,0.017942294478416443,"[{""token_id"": 7730, ""token"": "" committed"", ""value"": 0.1929144412279129}, {""token_id"": 43449, ""token"": "" apache"", ""value"": 0.17497214674949646}, {""token_id"": 27039, ""token"": "" conditioned"", ""value"": 0.1735059767961502}, {""token_id"": 3224, ""token"": ""ederal"", ""value"": 0.16921478509902954}, {""token_id"": 4514, ""token"": "" commit"", ""value"": 0.1671856939792633}]",7730, committed,64,51.246376037597656,0.025974273681640625,0.0005068509363976141,"[{""token_id"": 7730, ""token"": "" committed"", ""value"": 51.246376037597656}, {""token_id"": 27039, ""token"": "" conditioned"", ""value"": 51.2723503112793}, {""token_id"": 43449, ""token"": "" apache"", ""value"": 51.27508544921875}, {""token_id"": 4514, ""token"": "" commit"", ""value"": 51.28358459472656}, {""token_id"": 15059, ""token"": ""aptic"", ""value"": 51.291770935058594}]",209, ,12180,0.05583268404006958,0.012533750385046005,0.25423145294189453,0.5622416734695435,"[{""token_id"": 209, ""token"": "" "", ""value"": 0.05583268404006958}, {""token_id"": 187, ""token"": ""\n"", ""value"": 0.043298933655023575}, {""token_id"": 31, ""token"": "">"", ""value"": 0.02528202161192894}, {""token_id"": 309, ""token"": "" I"", ""value"": 0.024626491591334343}, {""token_id"": 11204, ""token"": "" Conf"", ""value"": 0.022167107090353966}]",True,False,False,0.3806900344789028
step29000,512,768,768,0,21825, clones,2,0,-0.13123901505213187,-1.2977548708804032,-2.397741378766465,-4.449080350393467,3.5334199187523554,0.0014980928972363472,1.0113277435302734,1.0093268156051636,0.06358546763658524,1.0093268156051636,0.06358546763658524,1.0113277435302734,1.8110284805297852,1.7312825918197632,15.35997486114502,1.790743350982666,51.6003303527832,7730, committed,64,0.19788792729377747,0.8021120727062225,0.02274411916732788,"[{""token_id"": 7730, ""token"": "" committed"", ""value"": 0.19788792729377747}, {""token_id"": 2165, ""token"": "" game"", ""value"": 0.17514380812644958}, {""token_id"": 17494, ""token"": ""settings"", ""value"": 0.170013889670372}, {""token_id"": 4514, ""token"": "" commit"", ""value"": 0.16676689684391022}, {""token_id"": 13379, ""token"": "" beliefs"", ""value"": 0.16121912002563477}]",7730, committed,64,51.32615280151367,0.04145050048828125,0.0008075902483588995,"[{""token_id"": 7730, ""token"": "" committed"", ""value"": 51.32615280151367}, {""token_id"": 17494, ""token"": ""settings"", ""value"": 51.36760330200195}, {""token_id"": 4514, ""token"": "" commit"", ""value"": 51.37144470214844}, {""token_id"": 13687, ""token"": "" selective"", ""value"": 51.379486083984375}, {""token_id"": 2165, ""token"": "" game"", ""value"": 51.38212585449219}]",309, I,2877,0.06694736331701279,0.027634214609861374,0.5323476791381836,0.5283303260803223,"[{""token_id"": 309, ""token"": "" I"", ""value"": 0.06694736331701279}, {""token_id"": 209, ""token"": "" "", ""value"": 0.03931314870715141}, {""token_id"": 15, ""token"": ""."", ""value"": 0.03130129352211952}, {""token_id"": 187, ""token"": ""\n"", ""value"": 0.031101394444704056}, {""token_id"": 13, ""token"": "","", ""value"": 0.029880953952670097}]",True,False,False,0.3606863021850586
step29000,512,768,768,1,23778, motive,8,2,0.7654625792589542,-1.271736780557972,-2.708618388796409,-4.378823980042435,3.5334199187523554,-0.0003984180511906743,1.0404090881347656,1.0252721309661865,0.1768278181552887,1.0252721309661865,0.1768278181552887,1.0404090881347656,1.8694413900375366,1.773522138595581,15.71347713470459,1.7968330383300781,51.58360290527344,7730, committed,64,0.17291362583637238,0.8270863741636276,0.0023808926343917847,"[{""token_id"": 7730, ""token"": "" committed"", ""value"": 0.17291362583637238}, {""token_id"": 2165, ""token"": "" game"", ""value"": 0.1705327332019806}, {""token_id"": 2756, ""token"": ""\n\n\n"", ""value"": 0.1601928472518921}, {""token_id"": 41687, ""token"": "" PAN"", ""value"": 0.15560615062713623}, {""token_id"": 17494, ""token"": ""settings"", ""value"": 0.1550574004650116}]",7730, committed,64,51.346839904785156,0.0247802734375,0.0004826056186408203,"[{""token_id"": 7730, ""token"": "" committed"", ""value"": 51.346839904785156}, {""token_id"": 2165, ""token"": "" game"", ""value"": 51.371620178222656}, {""token_id"": 17494, ""token"": ""settings"", ""value"": 51.37330627441406}, {""token_id"": 41687, ""token"": "" PAN"", ""value"": 51.373722076416016}, {""token_id"": 2756, ""token"": ""\n\n\n"", ""value"": 51.374916076660156}]",309, I,2877,0.09939288347959518,0.050429362803697586,0.7080049514770508,0.4943988025188446,"[{""token_id"": 309, ""token"": "" I"", ""value"": 0.09939288347959518}, {""token_id"": 3944, ""token"": "" http"", ""value"": 0.0489635206758976}, {""token_id"": 32, ""token"": ""?"", ""value"": 0.04417920485138893}, {""token_id"": 313, ""token"": "" ("", ""value"": 0.03536268323659897}, {""token_id"": 15, ""token"": ""."", ""value"": 0.03493409603834152}]",True,False,False,0.3746487647294998
step29000,512,768,768,2,19211, cabinet,33,5,-0.1078211926529864,-1.3198927057592436,-2.4021187764894885,-4.485129912437314,3.5334199187523554,0.0014335437444970012,1.0167174339294434,1.0145548582077026,0.06627882272005081,1.0145548582077026,0.06627882272005081,1.0167174339294434,1.8157049417495728,1.7353897094726562,15.399127960205078,1.785850167274475,51.61737060546875,7730, committed,64,0.1969577819108963,0.8030422180891037,0.021538138389587402,"[{""token_id"": 7730, ""token"": "" committed"", ""value"": 0.1969577819108963}, {""token_id"": 2165, ""token"": "" game"", ""value"": 0.1754196435213089}, {""token_id"": 17494, ""token"": ""settings"", ""value"": 0.1703461855649948}, {""token_id"": 4514, ""token"": "" commit"", ""value"": 0.1663915365934372}, {""token_id"": 13379, ""token"": "" beliefs"", ""value"": 0.16016928851604462}]",7730, committed,64,51.34457778930664,0.039562225341796875,0.0007705239198604602,"[{""token_id"": 7730, ""token"": "" committed"", ""value"": 51.34457778930664}, {""token_id"": 17494, ""token"": ""settings"", ""value"": 51.38414001464844}, {""token_id"": 4514, ""token"": "" commit"", ""value"": 51.389041900634766}, {""token_id"": 13687, ""token"": "" selective"", ""value"": 51.39627456665039}, {""token_id"": 2165, ""token"": "" game"", ""value"": 51.39878845214844}]",309, I,2877,0.07054556906223297,0.03306019306182861,0.6323080062866211,0.5251153111457825,"[{""token_id"": 309, ""token"": "" I"", ""value"": 0.07054556906223297}, {""token_id"": 209, ""token"": "" "", ""value"": 0.03748537600040436}, {""token_id"": 15, ""token"": ""."", ""value"": 0.03255615010857582}, {""token_id"": 187, ""token"": ""\n"", ""value"": 0.031416233628988266}, {""token_id"": 13, ""token"": "","", ""value"": 0.03025158867239952}]",True,False,False,0.37020087987184525
step29000,512,768,768,3,6574, miles,404,7,0.9212898007807304,-1.2460170518428488,-2.766788998240716,-4.3145130436198205,3.5334199187523554,-0.0005336273461580276,1.0375337600708008,1.022686243057251,0.1748977154493332,1.022686243057251,0.1748977154493332,1.0375337600708008,1.871975302696228,1.7773399353027344,15.723414421081543,1.8042548894882202,51.5386962890625,7730, committed,64,0.16960464417934418,0.8303953558206558,0.0008084475994110107,"[{""token_id"": 7730, ""token"": "" committed"", ""value"": 0.16960464417934418}, {""token_id"": 2165, ""token"": "" game"", ""value"": 0.16879619657993317}, {""token_id"": 2756, ""token"": ""\n\n\n"", ""value"": 0.15930065512657166}, {""token_id"": 41687, ""token"": "" PAN"", ""value"": 0.1554945707321167}, {""token_id"": 18428, ""token"": ""network"", ""value"": 0.15385743975639343}]",7730, committed,64,51.30691146850586,0.022090911865234375,0.00043056405526952483,"[{""token_id"": 7730, ""token"": "" committed"", ""value"": 51.30691146850586}, {""token_id"": 41687, ""token"": "" PAN"", ""value"": 51.329002380371094}, {""token_id"": 2165, ""token"": "" game"", ""value"": 51.32907485961914}, {""token_id"": 886, ""token"": ""ec"", ""value"": 51.33127975463867}, {""token_id"": 2756, ""token"": ""\n\n\n"", ""value"": 51.33130645751953}]",309, I,2877,0.10164100676774979,0.050712671130895615,0.6910276412963867,0.4927069842815399,"[{""token_id"": 309, ""token"": "" I"", ""value"": 0.10164100676774979}, {""token_id"": 3944, ""token"": "" http"", ""value"": 0.05092833563685417}, {""token_id"": 32, ""token"": ""?"", ""value"": 0.04532343149185181}, {""token_id"": 313, ""token"": "" ("", ""value"": 0.03548057749867439}, {""token_id"": 15, ""token"": ""."", ""value"": 0.033811114728450775}]",True,False,False,0.3200436346232891
step29000,768,1024,1024,0,21825, clones,2,0,2.059025702425785,-0.8211600131906981,-3.105939794913832,-3.7065896463691463,3.5334199187523554,-0.0014750661794096231,1.0251356363296509,1.010419249534607,0.1730780452489853,1.010419249534607,0.1730780452489853,1.0251356363296509,1.869404911994934,1.7929867506027222,15.711533546447754,1.823568344116211,51.2974853515625,31549,undefined,0,0.1583220213651657,0.8416779786348343,0.0003783106803894043,"[{""token_id"": 31549, ""token"": ""undefined"", ""value"": 0.1583220213651657}, {""token_id"": 678, ""token"": ""eth"", ""value"": 0.1579437106847763}, {""token_id"": 7730, ""token"": "" committed"", ""value"": 0.15712612867355347}, {""token_id"": 18951, ""token"": ""με"", ""value"": 0.15674929320812225}, {""token_id"": 2600, ""token"": "" content"", ""value"": 0.15554921329021454}]",678,eth,95,51.07917785644531,0.00260162353515625,5.093315210491333e-05,"[{""token_id"": 678, ""token"": ""eth"", ""value"": 51.07917785644531}, {""token_id"": 11421, ""token"": ""idal"", ""value"": 51.08177947998047}, {""token_id"": 31549, ""token"": ""undefined"", ""value"": 51.0842170715332}, {""token_id"": 7730, ""token"": "" committed"", ""value"": 51.08448028564453}, {""token_id"": 18951, ""token"": ""με"", ""value"": 51.0849494934082}]",309, I,2877,0.09512803703546524,0.04715939238667488,0.6846761703491211,0.5014017224311829,"[{""token_id"": 309, ""token"": "" I"", ""value"": 0.09512803703546524}, {""token_id"": 32, ""token"": ""?"", ""value"": 0.04796864464879036}, {""token_id"": 3944, ""token"": "" http"", ""value"": 0.04608777165412903}, {""token_id"": 10, ""token"": "")"", ""value"": 0.03987769037485123}, {""token_id"": 313, ""token"": "" ("", ""value"": 0.035030681639909744}]",False,False,False,0.37457752227783203
step29000,768,1024,1024,1,23778, motive,8,2,2.4229041927718455,-0.24708594678450357,-3.1207657341712354,-3.1496090109375414,3.5334199187523554,-0.0007509534480050206,0.9936981797218323,0.9782079458236694,0.17477230727672577,0.9782079458236694,0.17477230727672577,0.9936981797218323,1.8341912031173706,1.7612767219543457,15.483968734741211,1.8458232879638672,51.33736038208008,7730, committed,64,0.16684484481811523,0.8331551551818848,0.004864007234573364,"[{""token_id"": 7730, ""token"": "" committed"", ""value"": 0.16684484481811523}, {""token_id"": 18951, ""token"": ""με"", ""value"": 0.16198083758354187}, {""token_id"": 12246, ""token"": "" bid"", ""value"": 0.1611524075269699}, {""token_id"": 43449, ""token"": "" apache"", ""value"": 0.16045328974723816}, {""token_id"": 678, ""token"": ""eth"", ""value"": 0.1597093939781189}]",7730, committed,64,51.10978698730469,0.004344940185546875,8.501190166623327e-05,"[{""token_id"": 7730, ""token"": "" committed"", ""value"": 51.10978698730469}, {""token_id"": 12246, ""token"": "" bid"", ""value"": 51.114131927490234}, {""token_id"": 678, ""token"": ""eth"", ""value"": 51.1163330078125}, {""token_id"": 18951, ""token"": ""με"", ""value"": 51.11697006225586}, {""token_id"": 11421, ""token"": ""idal"", ""value"": 51.1184196472168}]",10,),0,0.057464178651571274,0.011758316308259964,0.22893524169921875,0.5254083871841431,"[{""token_id"": 10, ""token"": "")"", ""value"": 0.057464178651571274}, {""token_id"": 309, ""token"": "" I"", ""value"": 0.04570586234331131}, {""token_id"": 3944, ""token"": "" http"", ""value"": 0.03566008061170578}, {""token_id"": 209, ""token"": "" "", ""value"": 0.03198268637061119}, {""token_id"": 32, ""token"": ""?"", ""value"": 0.03152857720851898}]",True,False,False,0.3535553179681301
step29000,768,1024,1024,2,19211, cabinet,33,5,2.1126177262891415,-0.7795495518842974,-3.1139036172680044,-3.6654111514451433,3.5334199187523554,-0.0014901026152074337,1.0242615938186646,1.0094308853149414,0.17366963624954224,1.0094308853149414,0.17366963624954224,1.0242615938186646,1.8684946298599243,1.7920515537261963,15.70476245880127,1.8242357969284058,51.294132232666016,678,eth,95,0.1588776707649231,0.8411223292350769,5.412101745605469e-05,"[{""token_id"": 678, ""token"": ""eth"", ""value"": 0.1588776707649231}, {""token_id"": 31549, ""token"": ""undefined"", ""value"": 0.15882354974746704}, {""token_id"": 18951, ""token"": ""με"", ""value"": 0.1575874239206314}, {""token_id"": 7730, ""token"": "" committed"", ""value"": 0.15726765990257263}, {""token_id"": 2600, ""token"": "" content"", ""value"": 0.1569383442401886}]",678,eth,95,51.074398040771484,0.003017425537109375,5.9079023010719294e-05,"[{""token_id"": 678, ""token"": ""eth"", ""value"": 51.074398040771484}, {""token_id"": 11421, ""token"": ""idal"", ""value"": 51.077415466308594}, {""token_id"": 31549, ""token"": ""undefined"", ""value"": 51.080116271972656}, {""token_id"": 18951, ""token"": ""με"", ""value"": 51.08034133911133}, {""token_id"": 7730, ""token"": "" committed"", ""value"": 51.08091735839844}]",309, I,2877,0.09229860454797745,0.0450417660176754,0.6694316864013672,0.5031980872154236,"[{""token_id"": 309, ""token"": "" I"", ""value"": 0.09229860454797745}, {""token_id"": 32, ""token"": ""?"", ""value"": 0.04725683853030205}, {""token_id"": 3944, ""token"": "" http"", ""value"": 0.04511838033795357}, {""token_id"": 10, ""token"": "")"", ""value"": 0.04155568778514862}, {""token_id"": 313, ""token"": "" ("", ""value"": 0.034879982471466064}]",True,False,False,0.36912519484758377
step29000,768,1024,1024,3,6574, miles,404,7,2.415110301696377,-0.20379884058377906,-3.1129760557315453,-3.091700521890698,3.5334199187523554,-0.0006684745894744992,0.9868609309196472,0.9663509130477905,0.20015111565589905,0.9679311513900757,0.17561157047748566,0.9837327599525452,1.8266372680664062,1.7559202909469604,15.442488670349121,1.8509571552276611,51.34729766845703,7730, committed,64,0.1683759093284607,0.8316240906715393,0.0061790794134140015,"[{""token_id"": 7730, ""token"": "" committed"", ""value"": 0.1683759093284607}, {""token_id"": 12246, ""token"": "" bid"", ""value"": 0.1621968299150467}, {""token_id"": 43449, ""token"": "" apache"", ""value"": 0.16137301921844482}, {""token_id"": 18951, ""token"": ""με"", ""value"": 0.1613231599330902}, {""token_id"": 15059, ""token"": ""aptic"", ""value"": 0.16074883937835693}]",7730, committed,64,51.117431640625,0.005039215087890625,9.858114788157248e-05,"[{""token_id"": 7730, ""token"": "" committed"", ""value"": 51.117431640625}, {""token_id"": 12246, ""token"": "" bid"", ""value"": 51.12247085571289}, {""token_id"": 18951, ""token"": ""με"", ""value"": 51.127891540527344}, {""token_id"": 678, ""token"": ""eth"", ""value"": 51.128116607666016}, {""token_id"": 19742, ""token"": ""vic"", ""value"": 51.12889862060547}]",10,),0,0.056935086846351624,0.015963692218065262,0.3290376663208008,0.5275965929031372,"[{""token_id"": 10, ""token"": "")"", ""value"": 0.056935086846351624}, {""token_id"": 309, ""token"": "" I"", ""value"": 0.04097139462828636}, {""token_id"": 3944, ""token"": "" http"", ""value"": 0.03470918536186218}, {""token_id"": 209, ""token"": "" "", ""value"": 0.032747652381658554}, {""token_id"": 313, ""token"": "" ("", ""value"": 0.03000219538807869}]",True,False,False,0.37136993557214737
step33000,0,256,256,0,21825, clones,2,0,1.8872963755407288,0.7183407136291388,-2.8149578721399378,-1.994855492170716,3.533059792225391,0.03546319529414177,0.988862156867981,0.988862156867981,0.0,0.988862156867981,0.0,0.988862156867981,2.05354905128479,1.8347456455230713,15.397278785705566,2.07667875289917,54.32682418823242,18951,με,1,0.17363803088665009,0.8263619691133499,0.006281137466430664,"[{""token_id"": 18951, ""token"": ""με"", ""value"": 0.17363803088665009}, {""token_id"": 11702, ""token"": "" spons"", ""value"": 0.16735689342021942}, {""token_id"": 17689, ""token"": ""igious"", ""value"": 0.16472680866718292}, {""token_id"": 39356, ""token"": ""Santa"", ""value"": 0.16383139789104462}, {""token_id"": 24896, ""token"": "" auth"", ""value"": 0.16322097182273865}]",18951,με,1,54.092506408691406,0.001979827880859375,3.660077915230903e-05,"[{""token_id"": 18951, ""token"": ""με"", ""value"": 54.092506408691406}, {""token_id"": 11702, ""token"": "" spons"", ""value"": 54.094486236572266}, {""token_id"": 39356, ""token"": ""Santa"", ""value"": 54.10336685180664}, {""token_id"": 17689, ""token"": ""igious"", ""value"": 54.10374069213867}, {""token_id"": 24896, ""token"": "" auth"", ""value"": 54.10633850097656}]",34,A,289,0.1354733109474182,0.06430122256278992,0.6436738967895508,0.4535140097141266,"[{""token_id"": 34, ""token"": ""A"", ""value"": 0.1354733109474182}, {""token_id"": 209, ""token"": "" "", ""value"": 0.0711720883846283}, {""token_id"": 52, ""token"": ""S"", ""value"": 0.048867929726839066}, {""token_id"": 457, ""token"": ""’"", ""value"": 0.0466303676366806}, {""token_id"": 187, ""token"": ""\n"", ""value"": 0.03755072131752968}]",True,False,False,0.38539714738726616
step33000,0,256,256,1,23778, motive,8,2,1.0339398801033521,2.3476487153007977,-1.0453055386687504,-3.42522144868634,3.533059792225391,0.038011789321899414,1.0998448133468628,1.0892831087112427,0.15205521881580353,1.0892831087112427,0.15205521881580353,1.0998448133468628,2.377213478088379,1.9612764120101929,16.630884170532227,2.1614081859588623,55.52521514892578,43653, taxonomic,11,0.18941093981266022,0.8105890601873398,0.012724056839942932,"[{""token_id"": 43653, ""token"": "" taxonomic"", ""value"": 0.18941093981266022}, {""token_id"": 18927, ""token"": "" ba"", ""value"": 0.17668688297271729}, {""token_id"": 35961, ""token"": "" methodological"", ""value"": 0.17282536625862122}, {""token_id"": 11983, ""token"": ""aza"", ""value"": 0.1703876256942749}, {""token_id"": 41086, ""token"": ""Е"", ""value"": 0.16684669256210327}]",43653, taxonomic,11,55.26317596435547,0.01935577392578125,0.00035024722318285955,"[{""token_id"": 43653, ""token"": "" taxonomic"", ""value"": 55.26317596435547}, {""token_id"": 18927, ""token"": "" ba"", ""value"": 55.28253173828125}, {""token_id"": 35961, ""token"": "" methodological"", ""value"": 55.28660202026367}, {""token_id"": 11983, ""token"": ""aza"", ""value"": 55.29305648803711}, {""token_id"": 27968, ""token"": "" х"", ""value"": 55.298828125}]",457,’,0,0.2297753244638443,0.1743757128715515,1.4225292205810547,0.4298258423805237,"[{""token_id"": 457, ""token"": ""’"", ""value"": 0.2297753244638443}, {""token_id"": 84, ""token"": ""s"", ""value"": 0.05539961904287338}, {""token_id"": 575, ""token"": "" "", ""value"": 0.04269034042954445}, {""token_id"": 14, ""token"": ""-"", ""value"": 0.03971242532134056}, {""token_id"": 313, ""token"": "" ("", ""value"": 0.030332297086715698}]",True,False,False,0.386483620852232
step33000,0,256,256,2,19211, cabinet,33,5,1.542861586563988,2.4291990056418045,-3.2042776717102894,-2.5551856243077635,3.533059792225391,0.01671634428203106,1.0387173891067505,1.036351203918457,0.07007069885730743,1.036351203918457,0.07007069885730743,1.0387173891067505,2.150080680847168,1.931585431098938,16.036115646362305,2.0699381828308105,53.93527603149414,18951,με,1,0.20226798951625824,0.7977320104837418,0.025089681148529053,"[{""token_id"": 18951, ""token"": ""με"", ""value"": 0.20226798951625824}, {""token_id"": 6754, ""token"": ""ан"", ""value"": 0.1771783083677292}, {""token_id"": 24896, ""token"": "" auth"", ""value"": 0.17398874461650848}, {""token_id"": 224, ""token"": ""�"", ""value"": 0.17232367396354675}, {""token_id"": 48049, ""token"": ""2222"", ""value"": 0.15957488119602203}]",18951,με,1,53.659114837646484,0.031764984130859375,0.0005919774157096886,"[{""token_id"": 18951, ""token"": ""με"", ""value"": 53.659114837646484}, {""token_id"": 6754, ""token"": ""ан"", ""value"": 53.690879821777344}, {""token_id"": 224, ""token"": ""�"", ""value"": 53.69834518432617}, {""token_id"": 24896, ""token"": "" auth"", ""value"": 53.699039459228516}, {""token_id"": 38206, ""token"": ""スト"", ""value"": 53.72318649291992}]",95,~,0,0.0837666243314743,0.015845537185668945,0.2096881866455078,0.4807302951812744,"[{""token_id"": 95, ""token"": ""~"", ""value"": 0.0837666243314743}, {""token_id"": 13, ""token"": "","", ""value"": 0.06792108714580536}, {""token_id"": 34, ""token"": ""A"", ""value"": 0.05893987789750099}, {""token_id"": 66, ""token"": ""a"", ""value"": 0.05092383176088333}, {""token_id"": 10, ""token"": "")"", ""value"": 0.04220626875758171}]",True,False,False,0.3540523461997509
step33000,0,256,256,3,6574, miles,404,7,-1.634111205788185,-3.0840285597006165,0.5508466493554187,-3.148886008915306,3.533059792225391,0.03905313089489937,1.0373090505599976,1.0370633602142334,0.022574827075004578,1.0370633602142334,0.022574827075004578,1.0373090505599976,2.0700979232788086,1.822081208229065,15.918784141540527,1.9956424236297607,52.13441848754883,41061, acquainted,5,0.18370813131332397,0.816291868686676,0.0048965513706207275,"[{""token_id"": 41061, ""token"": "" acquainted"", ""value"": 0.18370813131332397}, {""token_id"": 12392, ""token"": "" studying"", ""value"": 0.17881157994270325}, {""token_id"": 11341, ""token"": "" admission"", ""value"": 0.17642225325107574}, {""token_id"": 22813, ""token"": "" seated"", ""value"": 0.17409920692443848}, {""token_id"": 15062, ""token"": "" disse"", ""value"": 0.17355717718601227}]",41061, acquainted,5,51.884578704833984,0.00484466552734375,9.337390122996955e-05,"[{""token_id"": 41061, ""token"": "" acquainted"", ""value"": 51.884578704833984}, {""token_id"": 11341, ""token"": "" admission"", ""value"": 51.88942337036133}, {""token_id"": 22813, ""token"": "" seated"", ""value"": 51.892181396484375}, {""token_id"": 12392, ""token"": "" studying"", ""value"": 51.89442825317383}, {""token_id"": 15062, ""token"": "" disse"", ""value"": 51.89633560180664}]",329, A,3267,0.08161745965480804,0.008160941302776337,0.10534954071044922,0.5068969130516052,"[{""token_id"": 329, ""token"": "" A"", ""value"": 0.08161745965480804}, {""token_id"": 187, ""token"": ""\n"", ""value"": 0.07345651835203171}, {""token_id"": 530, ""token"": "" U"", ""value"": 0.051859281957149506}, {""token_id"": 1484, ""token"": "" u"", ""value"": 0.0336170569062233}, {""token_id"": 18460, ""token"": "" SK"", ""value"": 0.027637215331196785}]",True,False,False,0.3772934228181839
step33000,256,512,512,0,21825, clones,2,0,-0.7737417320511851,-2.78457794288273,-0.15677029681691407,-2.1157416959316233,3.533059792225391,0.01322728767991066,0.9911567568778992,0.9911567568778992,0.0,0.9911567568778992,0.0,0.9911567568778992,1.8551075458526611,1.7903703451156616,15.32155704498291,1.8716590404510498,55.351444244384766,1827, ide,3,0.18830238282680511,0.8116976171731949,0.010082080960273743,"[{""token_id"": 1827, ""token"": "" ide"", ""value"": 0.18830238282680511}, {""token_id"": 11534, ""token"": "" folder"", ""value"": 0.17822030186653137}, {""token_id"": 2855, ""token"": ""struct"", ""value"": 0.17065055668354034}, {""token_id"": 276, ""token"": ""ou"", ""value"": 0.16797058284282684}, {""token_id"": 8066, ""token"": "" pix"", ""value"": 0.1647917777299881}]",1827, ide,3,55.088314056396484,0.02167510986328125,0.00039346112210098547,"[{""token_id"": 1827, ""token"": "" ide"", ""value"": 55.088314056396484}, {""token_id"": 11534, ""token"": "" folder"", ""value"": 55.109989166259766}, {""token_id"": 276, ""token"": ""ou"", ""value"": 55.12229919433594}, {""token_id"": 2855, ""token"": ""struct"", ""value"": 55.12894821166992}, {""token_id"": 8066, ""token"": "" pix"", ""value"": 55.130104064941406}]",6202, DE,32,0.05921579524874687,0.01202842965722084,0.22706222534179688,0.5438767671585083,"[{""token_id"": 6202, ""token"": "" DE"", ""value"": 0.05921579524874687}, {""token_id"": 1982, ""token"": "" US"", ""value"": 0.04718736559152603}, {""token_id"": 11267, ""token"": "" rum"", ""value"": 0.030591409653425217}, {""token_id"": 370, ""token"": "" $"", ""value"": 0.02770739234983921}, {""token_id"": 24758, ""token"": "" TN"", ""value"": 0.019820738583803177}]",True,False,False,0.3772510997951031
step33000,256,512,512,1,23778, motive,8,2,1.7588322184138176,-1.0338569799649706,-1.0810072688640924,-2.0909601103711255,3.533059792225391,0.021689634770154953,1.027286410331726,1.0266056060791016,0.03739475458860397,1.0266056060791016,0.03739475458860397,1.027286410331726,1.9919373989105225,1.9215128421783447,15.662240982055664,1.939028263092041,55.73372268676758,276,ou,319,0.18892833590507507,0.8110716640949249,0.018707871437072754,"[{""token_id"": 276, ""token"": ""ou"", ""value"": 0.18892833590507507}, {""token_id"": 26035, ""token"": "" AMD"", ""value"": 0.17022046446800232}, {""token_id"": 7698, ""token"": ""grade"", ""value"": 0.1624995470046997}, {""token_id"": 19, ""token"": ""2"", ""value"": 0.15815702080726624}, {""token_id"": 39356, ""token"": ""Santa"", ""value"": 0.1560569852590561}]",276,ou,319,55.47331619262695,0.030216217041015625,0.0005446982281732007,"[{""token_id"": 276, ""token"": ""ou"", ""value"": 55.47331619262695}, {""token_id"": 26035, ""token"": "" AMD"", ""value"": 55.50353240966797}, {""token_id"": 7698, ""token"": ""grade"", ""value"": 55.50983428955078}, {""token_id"": 39356, ""token"": ""Santa"", ""value"": 55.52135467529297}, {""token_id"": 11534, ""token"": "" folder"", ""value"": 55.527366638183594}]",18746, STATES,0,0.0918918251991272,0.03916529566049576,0.5554933547973633,0.4651349186897278,"[{""token_id"": 18746, ""token"": "" STATES"", ""value"": 0.0918918251991272}, {""token_id"": 52, ""token"": ""S"", ""value"": 0.05272652953863144}, {""token_id"": 1982, ""token"": "" US"", ""value"": 0.040667854249477386}, {""token_id"": 370, ""token"": "" $"", ""value"": 0.03171867877244949}, {""token_id"": 8360, ""token"": "" ED"", ""value"": 0.030036769807338715}]",True,False,False,0.3769401013851166
step33000,256,512,512,2,19211, cabinet,33,5,0.6027398676812985,1.1055414994469501,-0.3744703482996312,0.5415778302197222,3.533059792225391,0.029775958508253098,1.0624983310699463,1.0624983310699463,0.0,1.0624983310699463,0.0,1.0624983310699463,2.1530144214630127,1.9626234769821167,15.732876777648926,2.02636981010437,52.46826171875,19196,196,0,0.1864156424999237,0.8135843575000763,0.006293311715126038,"[{""token_id"": 19196, ""token"": ""196"", ""value"": 0.1864156424999237}, {""token_id"": 2003, ""token"": ""part"", ""value"": 0.18012233078479767}, {""token_id"": 48677, ""token"": "" MAS"", ""value"": 0.16710643470287323}, {""token_id"": 17817, ""token"": ""styles"", ""value"": 0.16443580389022827}, {""token_id"": 49913, ""token"": "" strata"", ""value"": 0.16329404711723328}]",19196,196,0,52.21611404418945,0.0024261474609375,4.646357748652647e-05,"[{""token_id"": 19196, ""token"": ""196"", ""value"": 52.21611404418945}, {""token_id"": 2003, ""token"": ""part"", ""value"": 52.21854019165039}, {""token_id"": 48677, ""token"": "" MAS"", ""value"": 52.242271423339844}, {""token_id"": 17817, ""token"": ""styles"", ""value"": 52.246421813964844}, {""token_id"": 16903, ""token"": ""198"", ""value"": 52.24872970581055}]",247, a,34407,0.10304076224565506,0.04241149127483368,0.5303468704223633,0.5186922550201416,"[{""token_id"": 247, ""token"": "" a"", ""value"": 0.10304076224565506}, {""token_id"": 1969, ""token"": "" --"", ""value"": 0.06062927097082138}, {""token_id"": 13, ""token"": "","", ""value"": 0.03704649209976196}, {""token_id"": 1532, ""token"": ""---"", ""value"": 0.03630486875772476}, {""token_id"": 428, ""token"": "" -"", ""value"": 0.02365182526409626}]",True,False,False,0.3675127848982811
step33000,256,512,512,3,6574, miles,404,7,1.242689800951347,2.8407820409396884,-2.2230224783150447,-2.202265658198514,3.533059792225391,0.0021248292177915573,1.0977116823196411,1.0977116823196411,0.0,1.0977116823196411,0.0,1.0977116823196411,2.130812883377075,1.9581573009490967,16.271621704101562,1.9411407709121704,54.958961486816406,18951,με,1,0.1998610645532608,0.8001389354467392,0.02232840657234192,"[{""token_id"": 18951, ""token"": ""με"", ""value"": 0.1998610645532608}, {""token_id"": 224, ""token"": ""�"", ""value"": 0.17753265798091888}, {""token_id"": 32628, ""token"": ""past"", ""value"": 0.1639803647994995}, {""token_id"": 48049, ""token"": ""2222"", ""value"": 0.16213348507881165}, {""token_id"": 19867, ""token"": "" bloody"", ""value"": 0.15957830846309662}]",18951,με,1,54.68597412109375,0.0278778076171875,0.0005097798487681018,"[{""token_id"": 18951, ""token"": ""με"", ""value"": 54.68597412109375}, {""token_id"": 224, ""token"": ""�"", ""value"": 54.71385192871094}, {""token_id"": 32628, ""token"": ""past"", ""value"": 54.734161376953125}, {""token_id"": 19867, ""token"": "" bloody"", ""value"": 54.742801666259766}, {""token_id"": 10014, ""token"": "" theme"", ""value"": 54.74348831176758}]",13,",",2711,0.08170436322689056,0.005027689039707184,0.06350994110107422,0.47741636633872986,"[{""token_id"": 13, ""token"": "","", ""value"": 0.08170436322689056}, {""token_id"": 34, ""token"": ""A"", ""value"": 0.07667667418718338}, {""token_id"": 313, ""token"": "" ("", ""value"": 0.06686097383499146}, {""token_id"": 10, ""token"": "")"", ""value"": 0.051785193383693695}, {""token_id"": 52, ""token"": ""S"", ""value"": 0.03689292073249817}]",True,False,False,0.3787182793021202
step33000,512,768,768,0,21825, clones,2,0,1.354297454256987,-1.1039673800012435,-1.823003009767527,-3.4806070487193557,3.533059792225391,-0.015511047095060349,1.0118682384490967,1.0118682384490967,0.0,1.0118682384490967,0.0,1.0118682384490967,1.9003616571426392,1.750771403312683,15.236361503601074,1.8780722618103027,52.29318618774414,4375, sites,124,0.1691966950893402,0.8308033049106598,0.0005413293838500977,"[{""token_id"": 4375, ""token"": "" sites"", ""value"": 0.1691966950893402}, {""token_id"": 2362, ""token"": "" event"", ""value"": 0.1686553657054901}, {""token_id"": 15899, ""token"": ""�"", ""value"": 0.16405850648880005}, {""token_id"": 38206, ""token"": ""スト"", ""value"": 0.1627867966890335}, {""token_id"": 19209, ""token"": ""price"", ""value"": 0.15955588221549988}]",2362, event,285,52.070472717285156,0.001194000244140625,2.2930466766134586e-05,"[{""token_id"": 2362, ""token"": "" event"", ""value"": 52.070472717285156}, {""token_id"": 4375, ""token"": "" sites"", ""value"": 52.0716667175293}, {""token_id"": 15899, ""token"": ""�"", ""value"": 52.07216262817383}, {""token_id"": 38206, ""token"": ""スト"", ""value"": 52.07457733154297}, {""token_id"": 29907, ""token"": ""effects"", ""value"": 52.078834533691406}]",209, ,12180,0.13436159491539001,0.027924925088882446,0.2329845428466797,0.46699798107147217,"[{""token_id"": 209, ""token"": "" "", ""value"": 0.13436159491539001}, {""token_id"": 187, ""token"": ""\n"", ""value"": 0.10643666982650757}, {""token_id"": 63, ""token"": ""^"", ""value"": 0.05273923650383949}, {""token_id"": 32, ""token"": ""?"", ""value"": 0.047510307282209396}, {""token_id"": 15, ""token"": ""."", ""value"": 0.041559819132089615}]",False,False,False,0.38044796511530876
step33000,512,768,768,1,23778, motive,8,2,-1.1216062622268939,1.9010204423272148,-2.927625253320816,-0.2169524596759591,3.533059792225391,0.01634746417403221,1.0237432718276978,1.0237432718276978,0.0,1.0237432718276978,0.0,1.0237432718276978,2.147770404815674,1.8568116426467896,15.658015251159668,2.0979580879211426,54.858455657958984,18951,με,1,0.18867439031600952,0.8113256096839905,0.010452643036842346,"[{""token_id"": 18951, ""token"": ""με"", ""value"": 0.18867439031600952}, {""token_id"": 181, ""token"": ""\u0004"", ""value"": 0.17822174727916718}, {""token_id"": 7698, ""token"": ""grade"", ""value"": 0.1707371473312378}, {""token_id"": 2542, ""token"": ""imate"", ""value"": 0.16620533168315887}, {""token_id"": 37531, ""token"": ""�"", ""value"": 0.1662006825208664}]",18951,με,1,54.60190963745117,0.02056884765625,0.0003767056462461513,"[{""token_id"": 18951, ""token"": ""με"", ""value"": 54.60190963745117}, {""token_id"": 7698, ""token"": ""grade"", ""value"": 54.62247848510742}, {""token_id"": 2542, ""token"": ""imate"", ""value"": 54.628082275390625}, {""token_id"": 37531, ""token"": ""�"", ""value"": 54.63732147216797}, {""token_id"": 15144, ""token"": ""121"", ""value"": 54.63858413696289}]",575, ,0,0.06956729292869568,0.003244444727897644,0.047760009765625,0.5129566788673401,"[{""token_id"": 575, ""token"": "" "", ""value"": 0.06956729292869568}, {""token_id"": 313, ""token"": "" ("", ""value"": 0.06632284820079803}, {""token_id"": 13, ""token"": "","", ""value"": 0.04699085280299187}, {""token_id"": 63, ""token"": ""^"", ""value"": 0.028649451211094856}, {""token_id"": 16, ""token"": ""/"", ""value"": 0.026257865130901337}]",True,False,False,0.36425427719950676
step33000,512,768,768,2,19211, cabinet,33,5,0.21012236530267436,2.5405192266722265,-1.079093317564195,-3.8903545493755187,3.533059792225391,0.010556409135460854,0.9816811680793762,0.9698392152786255,0.1520191729068756,0.9698392152786255,0.1520191729068756,0.9816811680793762,2.063378095626831,1.7819154262542725,15.338473320007324,2.101882219314575,54.58389663696289,18927, ba,22,0.17466074228286743,0.8253392577171326,0.00608554482460022,"[{""token_id"": 18927, ""token"": "" ba"", ""value"": 0.17466074228286743}, {""token_id"": 35961, ""token"": "" methodological"", ""value"": 0.1685751974582672}, {""token_id"": 11983, ""token"": ""aza"", ""value"": 0.16445820033550262}, {""token_id"": 27172, ""token"": "" pestic"", ""value"": 0.16288825869560242}, {""token_id"": 41086, ""token"": ""Е"", ""value"": 0.16117094457149506}]",18927, ba,22,54.344566345214844,0.00743865966796875,0.00013687954782297642,"[{""token_id"": 18927, ""token"": "" ba"", ""value"": 54.344566345214844}, {""token_id"": 35961, ""token"": "" methodological"", ""value"": 54.35200500488281}, {""token_id"": 11983, ""token"": ""aza"", ""value"": 54.3608512878418}, {""token_id"": 43653, ""token"": "" taxonomic"", ""value"": 54.36676788330078}, {""token_id"": 41086, ""token"": ""Е"", ""value"": 54.36680221557617}]",457,’,0,0.10341465473175049,0.029391638934612274,0.33437061309814453,0.48029467463493347,"[{""token_id"": 457, ""token"": ""’"", ""value"": 0.10341465473175049}, {""token_id"": 10, ""token"": "")"", ""value"": 0.07402301579713821}, {""token_id"": 187, ""token"": ""\n"", ""value"": 0.05881049111485481}, {""token_id"": 313, ""token"": "" ("", ""value"": 0.0545024536550045}, {""token_id"": 52, ""token"": ""S"", ""value"": 0.031583089381456375}]",True,False,False,0.34455573558807373
step33000,512,768,768,3,6574, miles,404,7,0.8835313334354449,1.0229281071194205,-1.4875494803202607,-3.0488525990985558,3.533059792225391,0.019678154960274696,1.0468319654464722,1.0468319654464722,0.0,1.0468319654464722,0.0,1.0468319654464722,2.037903070449829,1.8237035274505615,15.472494125366211,1.9467337131500244,52.98887252807617,41086,Е,0,0.17401520907878876,0.8259847909212112,0.009705498814582825,"[{""token_id"": 41086, ""token"": ""Е"", ""value"": 0.17401520907878876}, {""token_id"": 2670, ""token"": "" site"", ""value"": 0.16430971026420593}, {""token_id"": 11983, ""token"": ""aza"", ""value"": 0.16417959332466125}, {""token_id"": 38206, ""token"": ""スト"", ""value"": 0.16346871852874756}, {""token_id"": 18927, ""token"": "" ba"", ""value"": 0.15634413063526154}]",41086,Е,0,52.75344467163086,0.013385772705078125,0.00025374215443937773,"[{""token_id"": 41086, ""token"": ""Е"", ""value"": 52.75344467163086}, {""token_id"": 11983, ""token"": ""aza"", ""value"": 52.76683044433594}, {""token_id"": 38206, ""token"": ""スト"", ""value"": 52.76899719238281}, {""token_id"": 2670, ""token"": "" site"", ""value"": 52.775856018066406}, {""token_id"": 18927, ""token"": "" ba"", ""value"": 52.777408599853516}]",10,),0,0.1059008538722992,0.011368721723556519,0.11356353759765625,0.4464579224586487,"[{""token_id"": 10, ""token"": "")"", ""value"": 0.1059008538722992}, {""token_id"": 457, ""token"": ""’"", ""value"": 0.09453213214874268}, {""token_id"": 187, ""token"": ""\n"", ""value"": 0.07151614129543304}, {""token_id"": 313, ""token"": "" ("", ""value"": 0.05811344459652901}, {""token_id"": 9, ""token"": ""("", ""value"": 0.03466123342514038}]",True,False,False,0.3578742928802967
step33000,768,1024,1024,0,21825, clones,2,0,-0.9134204632264052,0.6727039286166041,-2.0273164542146644,-2.1726113536139016,3.533059792225391,0.014225003309547901,1.0001075267791748,1.0001075267791748,0.0,1.0001075267791748,0.0,1.0001075267791748,1.9632617235183716,1.8499650955200195,15.619089126586914,1.9630506038665771,53.44078826904297,18927, ba,22,0.16949188709259033,0.8305081129074097,0.005589663982391357,"[{""token_id"": 18927, ""token"": "" ba"", ""value"": 0.16949188709259033}, {""token_id"": 772, ""token"": "" cons"", ""value"": 0.16390222311019897}, {""token_id"": 45042, ""token"": ""aes"", ""value"": 0.16365200281143188}, {""token_id"": 1821, ""token"": "" men"", ""value"": 0.1608138382434845}, {""token_id"": 50291, ""token"": """", ""value"": 0.15975037217140198}]",18927, ba,22,53.20957946777344,0.00801849365234375,0.00015069642971337854,"[{""token_id"": 18927, ""token"": "" ba"", ""value"": 53.20957946777344}, {""token_id"": 772, ""token"": "" cons"", ""value"": 53.21759796142578}, {""token_id"": 45042, ""token"": ""aes"", ""value"": 53.224056243896484}, {""token_id"": 16427, ""token"": ""eu"", ""value"": 53.228431701660156}, {""token_id"": 9454, ""token"": "" depression"", ""value"": 53.2287712097168}]",187,"
",1,0.1237335056066513,0.0857408195734024,1.1807365417480469,0.49919068813323975,"[{""token_id"": 187, ""token"": ""\n"", ""value"": 0.1237335056066513}, {""token_id"": 313, ""token"": "" ("", ""value"": 0.0379926823079586}, {""token_id"": 457, ""token"": ""’"", ""value"": 0.037709929049015045}, {""token_id"": 209, ""token"": "" "", ""value"": 0.03681407868862152}, {""token_id"": 309, ""token"": "" I"", ""value"": 0.030296387150883675}]",True,False,False,0.3668566420674324
step33000,768,1024,1024,1,23778, motive,8,2,2.3812859127375408,1.335875671533791,-2.6022887100316305,-1.9601853493362356,3.533059792225391,0.018636755645275116,1.0788109302520752,1.0788109302520752,0.0,1.0788109302520752,0.0,1.0788109302520752,2.0221288204193115,1.8983408212661743,15.743350982666016,1.8744051456451416,54.683021545410156,48049,2222,0,0.18367964029312134,0.8163203597068787,0.010231435298919678,"[{""token_id"": 48049, ""token"": ""2222"", ""value"": 0.18367964029312134}, {""token_id"": 18951, ""token"": ""με"", ""value"": 0.17344820499420166}, {""token_id"": 15825, ""token"": "" indict"", ""value"": 0.169103741645813}, {""token_id"": 15651, ""token"": ""FFFF"", ""value"": 0.16853763163089752}, {""token_id"": 22533, ""token"": "" DJ"", ""value"": 0.15606284141540527}]",48049,2222,0,54.441444396972656,0.007415771484375,0.00013621555354595573,"[{""token_id"": 48049, ""token"": ""2222"", ""value"": 54.441444396972656}, {""token_id"": 18951, ""token"": ""με"", ""value"": 54.44886016845703}, {""token_id"": 15825, ""token"": "" indict"", ""value"": 54.45121765136719}, {""token_id"": 15651, ""token"": ""FFFF"", ""value"": 54.46017074584961}, {""token_id"": 22533, ""token"": "" DJ"", ""value"": 54.47012710571289}]",34,A,289,0.1086421012878418,0.00909309834241867,0.08740901947021484,0.47211742401123047,"[{""token_id"": 34, ""token"": ""A"", ""value"": 0.1086421012878418}, {""token_id"": 13, ""token"": "","", ""value"": 0.09954900294542313}, {""token_id"": 329, ""token"": "" A"", ""value"": 0.042093414813280106}, {""token_id"": 10, ""token"": "")"", ""value"": 0.03326060622930527}, {""token_id"": 3, ""token"": ""\"""", ""value"": 0.03040456771850586}]",True,False,False,0.38896162062883377
step33000,768,1024,1024,2,19211, cabinet,33,5,-0.8246924324520204,3.0274757501335237,-1.6406350595961496,-3.32980113532769,3.533059792225391,0.015751151368021965,1.049148440361023,1.0344585180282593,0.17495159804821014,1.0344585180282593,0.17495159804821014,1.049148440361023,2.2409727573394775,1.8613996505737305,15.887742042541504,2.1359920501708984,55.42074966430664,18927, ba,22,0.18772965669631958,0.8122703433036804,0.012698858976364136,"[{""token_id"": 18927, ""token"": "" ba"", ""value"": 0.18772965669631958}, {""token_id"": 43653, ""token"": "" taxonomic"", ""value"": 0.17503079771995544}, {""token_id"": 772, ""token"": "" cons"", ""value"": 0.1618291735649109}, {""token_id"": 24520, ""token"": "" Eur"", ""value"": 0.16074462234973907}, {""token_id"": 42754, ""token"": ""declare"", ""value"": 0.15793056786060333}]",18927, ba,22,55.161659240722656,0.018543243408203125,0.00033616181353938904,"[{""token_id"": 18927, ""token"": "" ba"", ""value"": 55.161659240722656}, {""token_id"": 43653, ""token"": "" taxonomic"", ""value"": 55.18020248413086}, {""token_id"": 772, ""token"": "" cons"", ""value"": 55.19992446899414}, {""token_id"": 24520, ""token"": "" Eur"", ""value"": 55.201759338378906}, {""token_id"": 42754, ""token"": ""declare"", ""value"": 55.20811462402344}]",457,’,0,0.08795671910047531,0.02135162055492401,0.2780637741088867,0.518534779548645,"[{""token_id"": 457, ""token"": ""’"", ""value"": 0.08795671910047531}, {""token_id"": 14, ""token"": ""-"", ""value"": 0.0666050985455513}, {""token_id"": 6, ""token"": ""%"", ""value"": 0.03298760578036308}, {""token_id"": 1838, ""token"": ""ID"", ""value"": 0.02141900733113289}, {""token_id"": 575, ""token"": "" "", ""value"": 0.02025645412504673}]",True,False,False,0.3930775336921215
step33000,768,1024,1024,3,6574, miles,404,7,1.3634711311929388,3.285279568417116,-3.0987536519290266,-3.9504387307308497,3.533059792225391,0.022912822663784027,1.0162358283996582,1.012191653251648,0.09057281911373138,1.012191653251648,0.09057281911373138,1.0162358283996582,2.190521478652954,1.8808974027633667,15.551276206970215,2.155524730682373,53.279178619384766,26686, Kant,16,0.17254303395748138,0.8274569660425186,0.009935945272445679,"[{""token_id"": 26686, ""token"": "" Kant"", ""value"": 0.17254303395748138}, {""token_id"": 34926, ""token"": ""dav"", ""value"": 0.1626070886850357}, {""token_id"": 35961, ""token"": "" methodological"", ""value"": 0.16184024512767792}, {""token_id"": 21602, ""token"": ""их"", ""value"": 0.15980195999145508}, {""token_id"": 11177, ""token"": ""ele"", ""value"": 0.1553884595632553}]",26686, Kant,16,53.046627044677734,0.01125335693359375,0.0002121408572144611,"[{""token_id"": 26686, ""token"": "" Kant"", ""value"": 53.046627044677734}, {""token_id"": 35961, ""token"": "" methodological"", ""value"": 53.05788040161133}, {""token_id"": 34926, ""token"": ""dav"", ""value"": 53.06009292602539}, {""token_id"": 21602, ""token"": ""их"", ""value"": 53.065673828125}, {""token_id"": 11177, ""token"": ""ele"", ""value"": 53.0656852722168}]",457,’,0,0.07061299681663513,0.011558681726455688,0.1787567138671875,0.5311760306358337,"[{""token_id"": 457, ""token"": ""’"", ""value"": 0.07061299681663513}, {""token_id"": 8924, ""token"": ""‘"", ""value"": 0.05905431509017944}, {""token_id"": 575, ""token"": "" "", ""value"": 0.047710712999105453}, {""token_id"": 39, ""token"": ""F"", ""value"": 0.041375163942575455}, {""token_id"": 313, ""token"": "" ("", ""value"": 0.02755199931561947}]",True,False,False,0.3893328011035919
step37000,0,256,256,0,21825, clones,2,0,-2.0360019210260356,0.16805755460595484,-0.5192807413131877,-1.0219922423602785,3.5226761522799044,0.009807845577597618,1.0066226720809937,0.9684430956840515,0.27460354566574097,0.9955060482025146,0.0,0.9955060482025146,2.1727514266967773,1.8750499486923218,15.506407737731934,2.158456563949585,54.65878677368164,6640, NS,54,0.1694832295179367,0.8305167704820633,0.008729472756385803,"[{""token_id"": 6640, ""token"": "" NS"", ""value"": 0.1694832295179367}, {""token_id"": 925, ""token"": ""fr"", ""value"": 0.1607537567615509}, {""token_id"": 39851, ""token"": ""textsf"", ""value"": 0.15507175028324127}, {""token_id"": 7514, ""token"": "" concerned"", ""value"": 0.15448403358459473}, {""token_id"": 6849, ""token"": "" views"", ""value"": 0.15328168869018555}]",6640, NS,54,54.4281120300293,0.015857696533203125,0.0002913512143220043,"[{""token_id"": 6640, ""token"": "" NS"", ""value"": 54.4281120300293}, {""token_id"": 925, ""token"": ""fr"", ""value"": 54.4439697265625}, {""token_id"": 6849, ""token"": "" views"", ""value"": 54.452091217041016}, {""token_id"": 11177, ""token"": ""ele"", ""value"": 54.45374298095703}, {""token_id"": 7514, ""token"": "" concerned"", ""value"": 54.45460510253906}]",575, ,0,0.11954774707555771,0.00916125625371933,0.0797281265258789,0.45593881607055664,"[{""token_id"": 575, ""token"": "" "", ""value"": 0.11954774707555771}, {""token_id"": 187, ""token"": ""\n"", ""value"": 0.11038649082183838}, {""token_id"": 60, ""token"": ""["", ""value"": 0.09222996234893799}, {""token_id"": 209, ""token"": "" "", ""value"": 0.042139820754528046}, {""token_id"": 50254, ""token"": ""                        "", ""value"": 0.04152857884764671}]",True,False,False,0.3905409760773182
step37000,0,256,256,1,23778, motive,8,2,-1.8127458141158488,0.7542978792835439,-0.48660471457274335,0.6282070117559986,3.5226761522799044,0.018686814233660698,1.0120290517807007,1.0120290517807007,0.0,1.0120290517807007,0.0,1.0120290517807007,2.38246750831604,1.8981198072433472,15.938158988952637,2.354149341583252,52.94493103027344,6640, NS,54,0.1815132200717926,0.8184867799282074,0.0014008432626724243,"[{""token_id"": 6640, ""token"": "" NS"", ""value"": 0.1815132200717926}, {""token_id"": 39851, ""token"": ""textsf"", ""value"": 0.18011237680912018}, {""token_id"": 43653, ""token"": "" taxonomic"", ""value"": 0.17453858256340027}, {""token_id"": 28956, ""token"": ""species"", ""value"": 0.16197030246257782}, {""token_id"": 6952, ""token"": ""mes"", ""value"": 0.16002582013607025}]",6640, NS,54,52.69705581665039,0.01209259033203125,0.0002294737370927357,"[{""token_id"": 6640, ""token"": "" NS"", ""value"": 52.69705581665039}, {""token_id"": 43653, ""token"": "" taxonomic"", ""value"": 52.70914840698242}, {""token_id"": 39851, ""token"": ""textsf"", ""value"": 52.71635818481445}, {""token_id"": 28956, ""token"": ""species"", ""value"": 52.72800827026367}, {""token_id"": 6952, ""token"": ""mes"", ""value"": 52.7280387878418}]",60,[,0,0.08040210604667664,0.0390084907412529,0.6639137268066406,0.5367600321769714,"[{""token_id"": 60, ""token"": ""["", ""value"": 0.08040210604667664}, {""token_id"": 575, ""token"": "" "", ""value"": 0.04139361530542374}, {""token_id"": 15, ""token"": ""."", ""value"": 0.040737252682447433}, {""token_id"": 50254, ""token"": ""                        "", ""value"": 0.028914326801896095}, {""token_id"": 187, ""token"": ""\n"", ""value"": 0.027840759605169296}]",True,False,False,0.39383024349808693
step37000,0,256,256,2,19211, cabinet,33,5,-1.7373978561759766,0.5253379073114164,-1.2745354216942597,-1.668560367618311,3.5226761522799044,0.021403973922133446,0.9844517707824707,0.9844517707824707,0.0,0.9844517707824707,0.0,0.9844517707824707,2.148419141769409,1.837324619293213,15.394613265991211,2.1823508739471436,53.23453140258789,26677, covariance,0,0.15660613775253296,0.843393862247467,0.0029752105474472046,"[{""token_id"": 26677, ""token"": "" covariance"", ""value"": 0.15660613775253296}, {""token_id"": 29907, ""token"": ""effects"", ""value"": 0.15363092720508575}, {""token_id"": 6640, ""token"": "" NS"", ""value"": 0.15325219929218292}, {""token_id"": 20465, ""token"": ""chemical"", ""value"": 0.1523842215538025}, {""token_id"": 39851, ""token"": ""textsf"", ""value"": 0.1518452912569046}]",26677, covariance,0,53.026405334472656,0.001529693603515625,2.8847771103223656e-05,"[{""token_id"": 26677, ""token"": "" covariance"", ""value"": 53.026405334472656}, {""token_id"": 29907, ""token"": ""effects"", ""value"": 53.02793502807617}, {""token_id"": 6640, ""token"": "" NS"", ""value"": 53.0284309387207}, {""token_id"": 20465, ""token"": ""chemical"", ""value"": 53.03262710571289}, {""token_id"": 7514, ""token"": "" concerned"", ""value"": 53.03602600097656}]",575, ,0,0.11929625272750854,0.06266114115715027,0.7449808120727539,0.5035225749015808,"[{""token_id"": 575, ""token"": "" "", ""value"": 0.11929625272750854}, {""token_id"": 60, ""token"": ""["", ""value"": 0.056635111570358276}, {""token_id"": 209, ""token"": "" "", ""value"": 0.052041877061128616}, {""token_id"": 187, ""token"": ""\n"", ""value"": 0.050298627465963364}, {""token_id"": 15, ""token"": ""."", ""value"": 0.03497293218970299}]",True,False,False,0.3793601915240288
step37000,0,256,256,3,6574, miles,404,7,-2.438879445918376,1.4138353934260923,-1.1356437179943346,0.35759645945607854,3.5226761522799044,0.006527109071612358,1.037688136100769,1.034833550453186,0.07691773027181625,1.034833550453186,0.07691773027181625,1.037688136100769,2.327677011489868,1.9501426219940186,16.183317184448242,2.2431373596191406,52.365360260009766,39851,textsf,0,0.19346584379673004,0.80653415620327,0.03273598849773407,"[{""token_id"": 39851, ""token"": ""textsf"", ""value"": 0.19346584379673004}, {""token_id"": 7514, ""token"": "" concerned"", ""value"": 0.16072985529899597}, {""token_id"": 43653, ""token"": "" taxonomic"", ""value"": 0.15618404746055603}, {""token_id"": 6952, ""token"": ""mes"", ""value"": 0.15160655975341797}, {""token_id"": 22305, ""token"": ""�"", ""value"": 0.14977693557739258}]",39851,textsf,0,52.118682861328125,0.034271240234375,0.000657561518305447,"[{""token_id"": 39851, ""token"": ""textsf"", ""value"": 52.118682861328125}, {""token_id"": 7514, ""token"": "" concerned"", ""value"": 52.1529541015625}, {""token_id"": 43653, ""token"": "" taxonomic"", ""value"": 52.15678024291992}, {""token_id"": 6952, ""token"": ""mes"", ""value"": 52.161224365234375}, {""token_id"": 22305, ""token"": ""�"", ""value"": 52.16543197631836}]",40743,ubotu,0,0.07443957775831223,0.01249125599861145,0.1836872100830078,0.5086501240730286,"[{""token_id"": 40743, ""token"": ""ubotu"", ""value"": 0.07443957775831223}, {""token_id"": 50254, ""token"": ""                        "", ""value"": 0.061948321759700775}, {""token_id"": 60, ""token"": ""["", ""value"": 0.0371069610118866}, {""token_id"": 187, ""token"": ""\n"", ""value"": 0.03096679225564003}, {""token_id"": 9, ""token"": ""("", ""value"": 0.028485264629125595}]",True,False,False,0.3527297265827656
step37000,256,512,512,0,21825, clones,2,0,-1.6392353046509973,0.820128246283281,-0.8883123951945493,0.2836599618800646,3.5226761522799044,-0.004229824058711529,1.023661732673645,1.023661732673645,0.0,1.023661732673645,0.0,1.023661732673645,2.2684133052825928,1.851149082183838,15.557499885559082,2.2159793376922607,55.35654067993164,6640, NS,54,0.1771186888217926,0.8228813111782074,0.004268482327461243,"[{""token_id"": 6640, ""token"": "" NS"", ""value"": 0.1771186888217926}, {""token_id"": 925, ""token"": ""fr"", ""value"": 0.17285020649433136}, {""token_id"": 39851, ""token"": ""textsf"", ""value"": 0.17250078916549683}, {""token_id"": 43653, ""token"": "" taxonomic"", ""value"": 0.16229063272476196}, {""token_id"": 7514, ""token"": "" concerned"", ""value"": 0.15965846180915833}]",6640, NS,54,55.11430358886719,0.009525299072265625,0.00017282807641589592,"[{""token_id"": 6640, ""token"": "" NS"", ""value"": 55.11430358886719}, {""token_id"": 925, ""token"": ""fr"", ""value"": 55.12382888793945}, {""token_id"": 39851, ""token"": ""textsf"", ""value"": 55.13764572143555}, {""token_id"": 43653, ""token"": "" taxonomic"", ""value"": 55.137901306152344}, {""token_id"": 7514, ""token"": "" concerned"", ""value"": 55.14463424682617}]",575, ,0,0.14402547478675842,0.06551582366228104,0.6067686080932617,0.49819427728652954,"[{""token_id"": 575, ""token"": "" "", ""value"": 0.14402547478675842}, {""token_id"": 60, ""token"": ""["", ""value"": 0.07850965112447739}, {""token_id"": 187, ""token"": ""\n"", ""value"": 0.04705467075109482}, {""token_id"": 50254, ""token"": ""                        "", ""value"": 0.032650817185640335}, {""token_id"": 457, ""token"": ""’"", ""value"": 0.019880205392837524}]",True,False,False,0.38929134607315063
step37000,256,512,512,1,23778, motive,8,2,-1.1225071382240939,0.9027394497949559,-1.1999634755296944,0.22106343385995397,3.5226761522799044,0.012351619079709053,1.001601219177246,1.001601219177246,0.0,1.001601219177246,0.0,1.001601219177246,2.252755641937256,1.823152780532837,15.371642112731934,2.2491543292999268,55.853790283203125,39851,textsf,0,0.1767926663160324,0.8232073336839676,0.009090125560760498,"[{""token_id"": 39851, ""token"": ""textsf"", ""value"": 0.1767926663160324}, {""token_id"": 925, ""token"": ""fr"", ""value"": 0.1677025407552719}, {""token_id"": 43653, ""token"": "" taxonomic"", ""value"": 0.16441211104393005}, {""token_id"": 6640, ""token"": "" NS"", ""value"": 0.16098694503307343}, {""token_id"": 7514, ""token"": "" concerned"", ""value"": 0.16065838932991028}]",925,fr,36,55.6284294128418,0.0004425048828125,7.954653537465287e-06,"[{""token_id"": 925, ""token"": ""fr"", ""value"": 55.6284294128418}, {""token_id"": 39851, ""token"": ""textsf"", ""value"": 55.62887191772461}, {""token_id"": 43653, ""token"": "" taxonomic"", ""value"": 55.631866455078125}, {""token_id"": 6640, ""token"": "" NS"", ""value"": 55.63528823852539}, {""token_id"": 7514, ""token"": "" concerned"", ""value"": 55.6402702331543}]",575, ,0,0.21537001430988312,0.14240165054798126,1.082331657409668,0.46610987186431885,"[{""token_id"": 575, ""token"": "" "", ""value"": 0.21537001430988312}, {""token_id"": 60, ""token"": ""["", ""value"": 0.07296836376190186}, {""token_id"": 50254, ""token"": ""                        "", ""value"": 0.04092611372470856}, {""token_id"": 187, ""token"": ""\n"", ""value"": 0.03140764310956001}, {""token_id"": 14, ""token"": ""-"", ""value"": 0.015303563326597214}]",False,False,False,0.3880099020898342
step37000,256,512,512,2,19211, cabinet,33,5,-1.524696076202151,0.7913880847303352,-0.7430100228598513,0.02354118756208823,3.5226761522799044,-0.0018836522940546274,1.0179492235183716,1.0179492235183716,0.0,1.0179492235183716,0.0,1.0179492235183716,2.269002914428711,1.83973228931427,15.530993461608887,2.228994131088257,55.4018669128418,39851,textsf,0,0.17674602568149567,0.8232539743185043,0.0022710710763931274,"[{""token_id"": 39851, ""token"": ""textsf"", ""value"": 0.17674602568149567}, {""token_id"": 6640, ""token"": "" NS"", ""value"": 0.17447495460510254}, {""token_id"": 925, ""token"": ""fr"", ""value"": 0.17203480005264282}, {""token_id"": 43653, ""token"": "" taxonomic"", ""value"": 0.16665849089622498}, {""token_id"": 7514, ""token"": "" concerned"", ""value"": 0.16083860397338867}]",6640, NS,54,55.16353225708008,0.006793975830078125,0.0001231606380537051,"[{""token_id"": 6640, ""token"": "" NS"", ""value"": 55.16353225708008}, {""token_id"": 925, ""token"": ""fr"", ""value"": 55.170326232910156}, {""token_id"": 43653, ""token"": "" taxonomic"", ""value"": 55.17679214477539}, {""token_id"": 39851, ""token"": ""textsf"", ""value"": 55.177146911621094}, {""token_id"": 28956, ""token"": ""species"", ""value"": 55.18776321411133}]",575, ,0,0.13049551844596863,0.031009264290332794,0.2713193893432617,0.49409881234169006,"[{""token_id"": 575, ""token"": "" "", ""value"": 0.13049551844596863}, {""token_id"": 60, ""token"": ""["", ""value"": 0.09948625415563583}, {""token_id"": 187, ""token"": ""\n"", ""value"": 0.04453269764780998}, {""token_id"": 50254, ""token"": ""                        "", ""value"": 0.03355175629258156}, {""token_id"": 15, ""token"": ""."", ""value"": 0.019120020791888237}]",False,False,False,0.3887525722384453
step37000,256,512,512,3,6574, miles,404,7,-1.7201351524614263,0.6681764165990565,-0.4466036960235925,0.13448356807117612,3.5226761522799044,-0.0007127547287382185,1.0039010047912598,1.0039010047912598,0.0,1.0039010047912598,0.0,1.0039010047912598,2.3443565368652344,1.8549518585205078,15.693340301513672,2.3352468013763428,54.0850830078125,39851,textsf,0,0.18554896116256714,0.8144510388374329,0.006624683737754822,"[{""token_id"": 39851, ""token"": ""textsf"", ""value"": 0.18554896116256714}, {""token_id"": 6640, ""token"": "" NS"", ""value"": 0.17892427742481232}, {""token_id"": 43653, ""token"": "" taxonomic"", ""value"": 0.1772027611732483}, {""token_id"": 28956, ""token"": ""species"", ""value"": 0.16784584522247314}, {""token_id"": 925, ""token"": ""fr"", ""value"": 0.16518154740333557}]",6640, NS,54,53.84062194824219,0.004344940185546875,8.070003704124615e-05,"[{""token_id"": 6640, ""token"": "" NS"", ""value"": 53.84062194824219}, {""token_id"": 43653, ""token"": "" taxonomic"", ""value"": 53.844966888427734}, {""token_id"": 39851, ""token"": ""textsf"", ""value"": 53.84870147705078}, {""token_id"": 28956, ""token"": ""species"", ""value"": 53.859127044677734}, {""token_id"": 925, ""token"": ""fr"", ""value"": 53.86400604248047}]",60,[,0,0.12302160263061523,0.07020847499370575,0.8456001281738281,0.5110837817192078,"[{""token_id"": 60, ""token"": ""["", ""value"": 0.12302160263061523}, {""token_id"": 575, ""token"": "" "", ""value"": 0.05281313136219978}, {""token_id"": 15, ""token"": ""."", ""value"": 0.03422587737441063}, {""token_id"": 187, ""token"": ""\n"", ""value"": 0.03250574693083763}, {""token_id"": 40743, ""token"": ""ubotu"", ""value"": 0.03011081926524639}]",False,False,False,0.3657873533666134
step37000,512,768,768,0,21825, clones,2,0,-1.8603735490415092,0.8110657082829603,-1.062799944242884,0.42706711907712014,3.5226761522799044,0.0056351711973547935,1.0484321117401123,1.0452971458435059,0.08101657032966614,1.0452971458435059,0.08101657032966614,1.0484321117401123,2.336059808731079,1.9557063579559326,16.016834259033203,2.2281460762023926,52.349365234375,39851,textsf,0,0.17034798860549927,0.8296520113945007,0.014610260725021362,"[{""token_id"": 39851, ""token"": ""textsf"", ""value"": 0.17034798860549927}, {""token_id"": 7514, ""token"": "" concerned"", ""value"": 0.1557377278804779}, {""token_id"": 50291, ""token"": """", ""value"": 0.15529216825962067}, {""token_id"": 43653, ""token"": "" taxonomic"", ""value"": 0.154417023062706}, {""token_id"": 6952, ""token"": ""mes"", ""value"": 0.15319615602493286}]",39851,textsf,0,52.134361267089844,0.008510589599609375,0.00016324338483804808,"[{""token_id"": 39851, ""token"": ""textsf"", ""value"": 52.134361267089844}, {""token_id"": 6952, ""token"": ""mes"", ""value"": 52.14287185668945}, {""token_id"": 43653, ""token"": "" taxonomic"", ""value"": 52.14339065551758}, {""token_id"": 7514, ""token"": "" concerned"", ""value"": 52.144195556640625}, {""token_id"": 678, ""token"": ""eth"", ""value"": 52.14949417114258}]",50254,                        ,0,0.10796291381120682,0.05295269191265106,0.6742687225341797,0.4953525960445404,"[{""token_id"": 50254, ""token"": ""                        "", ""value"": 0.10796291381120682}, {""token_id"": 40743, ""token"": ""ubotu"", ""value"": 0.055010221898555756}, {""token_id"": 575, ""token"": "" "", ""value"": 0.054952699691057205}, {""token_id"": 9, ""token"": ""("", ""value"": 0.03372666984796524}, {""token_id"": 15, ""token"": ""."", ""value"": 0.030648447573184967}]",True,False,False,0.33090413361787796
step37000,512,768,768,1,23778, motive,8,2,-1.8995384348376911,0.6578802941614612,-0.6398788767212109,0.3554054251319414,3.5226761522799044,0.01237950474023819,1.0300923585891724,0.9963241815567017,0.26158806681632996,1.0028407573699951,0.13683772087097168,1.0121334791183472,2.3497486114501953,1.9557121992111206,16.107213973999023,2.281104803085327,50.967185974121094,6952,mes,35,0.17933389544487,0.82066610455513,0.0002803504467010498,"[{""token_id"": 6952, ""token"": ""mes"", ""value"": 0.17933389544487}, {""token_id"": 39851, ""token"": ""textsf"", ""value"": 0.17905354499816895}, {""token_id"": 43653, ""token"": "" taxonomic"", ""value"": 0.16487006843090057}, {""token_id"": 23079, ""token"": ""chrome"", ""value"": 0.16177451610565186}, {""token_id"": 40922, ""token"": "" acquis"", ""value"": 0.15655848383903503}]",6952,mes,35,50.72233963012695,0.018390655517578125,0.0003625750636048114,"[{""token_id"": 6952, ""token"": ""mes"", ""value"": 50.72233963012695}, {""token_id"": 39851, ""token"": ""textsf"", ""value"": 50.74073028564453}, {""token_id"": 43653, ""token"": "" taxonomic"", ""value"": 50.74639129638672}, {""token_id"": 23079, ""token"": ""chrome"", ""value"": 50.75507354736328}, {""token_id"": 6640, ""token"": "" NS"", ""value"": 50.76057815551758}]",40743,ubotu,0,0.059224531054496765,0.018915291875600815,0.38475513458251953,0.5373361110687256,"[{""token_id"": 40743, ""token"": ""ubotu"", ""value"": 0.059224531054496765}, {""token_id"": 15, ""token"": ""."", ""value"": 0.04030923917889595}, {""token_id"": 60, ""token"": ""["", ""value"": 0.03785629943013191}, {""token_id"": 50254, ""token"": ""                        "", ""value"": 0.03730875998735428}, {""token_id"": 1959, ""token"": "" free"", ""value"": 0.03546137362718582}]",True,False,False,0.37346772104501724
step37000,512,768,768,2,19211, cabinet,33,5,-2.14259251158774,0.5963573861657183,-0.863483773426488,0.346016520128245,3.5226761522799044,0.007189960218966007,1.044234037399292,1.0124351978302002,0.25573378801345825,1.0388785600662231,0.0,1.0388785600662231,2.329404830932617,1.9808629751205444,16.263172149658203,2.2307305335998535,50.78390121459961,6952,mes,35,0.1792331486940384,0.8207668513059616,0.003371700644493103,"[{""token_id"": 6952, ""token"": ""mes"", ""value"": 0.1792331486940384}, {""token_id"": 39851, ""token"": ""textsf"", ""value"": 0.1758614480495453}, {""token_id"": 1821, ""token"": "" men"", ""value"": 0.16133403778076172}, {""token_id"": 43653, ""token"": "" taxonomic"", ""value"": 0.15949282050132751}, {""token_id"": 23079, ""token"": ""chrome"", ""value"": 0.1586376428604126}]",6952,mes,35,50.53927993774414,0.02260589599609375,0.0004472935907266664,"[{""token_id"": 6952, ""token"": ""mes"", ""value"": 50.53927993774414}, {""token_id"": 39851, ""token"": ""textsf"", ""value"": 50.561885833740234}, {""token_id"": 43653, ""token"": "" taxonomic"", ""value"": 50.57108688354492}, {""token_id"": 23079, ""token"": ""chrome"", ""value"": 50.57637405395508}, {""token_id"": 46079, ""token"": ""satellite"", ""value"": 50.581111907958984}]",40743,ubotu,0,0.045817263424396515,0.0014918185770511627,0.03310203552246094,0.5406006574630737,"[{""token_id"": 40743, ""token"": ""ubotu"", ""value"": 0.045817263424396515}, {""token_id"": 50254, ""token"": ""                        "", ""value"": 0.04432544484734535}, {""token_id"": 187, ""token"": ""\n"", ""value"": 0.03478354588150978}, {""token_id"": 1959, ""token"": "" free"", ""value"": 0.03429454192519188}, {""token_id"": 15, ""token"": ""."", ""value"": 0.03371243551373482}]",True,False,False,0.3384821005165577
step37000,512,768,768,3,6574, miles,404,7,-0.8601263021629089,1.0128456003209936,-0.7600834789491181,-0.7845729216527805,3.5226761522799044,0.009463743306696415,0.9846439957618713,0.9846439957618713,0.0,0.9846439957618713,0.0,0.9846439957618713,2.223203420639038,1.8440346717834473,15.50150203704834,2.257875442504883,55.612335205078125,39851,textsf,0,0.16583609580993652,0.8341639041900635,0.00909358263015747,"[{""token_id"": 39851, ""token"": ""textsf"", ""value"": 0.16583609580993652}, {""token_id"": 7514, ""token"": "" concerned"", ""value"": 0.15674251317977905}, {""token_id"": 28956, ""token"": ""species"", ""value"": 0.15673141181468964}, {""token_id"": 11419, ""token"": "" meta"", ""value"": 0.155960351228714}, {""token_id"": 26122, ""token"": ""comments"", ""value"": 0.15562914311885834}]",26122,comments,0,55.40141677856445,0.000652313232421875,1.1774305971797164e-05,"[{""token_id"": 26122, ""token"": ""comments"", ""value"": 55.40141677856445}, {""token_id"": 12363, ""token"": ""�"", ""value"": 55.402069091796875}, {""token_id"": 28956, ""token"": ""species"", ""value"": 55.40214920043945}, {""token_id"": 39851, ""token"": ""textsf"", ""value"": 55.40249252319336}, {""token_id"": 11419, ""token"": "" meta"", ""value"": 55.40267562866211}]",575, ,0,0.26206427812576294,0.16996335983276367,1.0457048416137695,0.4285453259944916,"[{""token_id"": 575, ""token"": "" "", ""value"": 0.26206427812576294}, {""token_id"": 60, ""token"": ""["", ""value"": 0.09210091829299927}, {""token_id"": 187, ""token"": ""\n"", ""value"": 0.041765376925468445}, {""token_id"": 50254, ""token"": ""                        "", ""value"": 0.024228306487202644}, {""token_id"": 78, ""token"": ""m"", ""value"": 0.014282274059951305}]",False,False,False,0.38762326538562775
step37000,768,1024,1024,0,21825, clones,2,0,-1.2922228056067115,0.7934640840780044,-1.1307032070325906,0.013864819570941989,3.5226761522799044,0.0067089274525642395,1.0013115406036377,1.0013115406036377,0.0,1.0013115406036377,0.0,1.0013115406036377,2.254178762435913,1.8299254179000854,15.401753425598145,2.2512261867523193,55.74156951904297,39851,textsf,0,0.17345556616783142,0.8265444338321686,0.004084229469299316,"[{""token_id"": 39851, ""token"": ""textsf"", ""value"": 0.17345556616783142}, {""token_id"": 925, ""token"": ""fr"", ""value"": 0.1693713366985321}, {""token_id"": 6640, ""token"": "" NS"", ""value"": 0.16414831578731537}, {""token_id"": 43653, ""token"": "" taxonomic"", ""value"": 0.15904517471790314}, {""token_id"": 7514, ""token"": "" concerned"", ""value"": 0.15842100977897644}]",925,fr,36,55.5138053894043,0.00461578369140625,8.314659135738597e-05,"[{""token_id"": 925, ""token"": ""fr"", ""value"": 55.5138053894043}, {""token_id"": 6640, ""token"": "" NS"", ""value"": 55.5184211730957}, {""token_id"": 39851, ""token"": ""textsf"", ""value"": 55.52125549316406}, {""token_id"": 43653, ""token"": "" taxonomic"", ""value"": 55.52756881713867}, {""token_id"": 7514, ""token"": "" concerned"", ""value"": 55.53132629394531}]",575, ,0,0.19438622891902924,0.1174679845571518,0.9271039962768555,0.47298893332481384,"[{""token_id"": 575, ""token"": "" "", ""value"": 0.19438622891902924}, {""token_id"": 60, ""token"": ""["", ""value"": 0.07691824436187744}, {""token_id"": 187, ""token"": ""\n"", ""value"": 0.04340483993291855}, {""token_id"": 50254, ""token"": ""                        "", ""value"": 0.038410939276218414}, {""token_id"": 457, ""token"": ""’"", ""value"": 0.01703537441790104}]",False,False,False,0.3749823607504368
step37000,768,1024,1024,1,23778, motive,8,2,-1.4754449583110016,0.961697647596601,-0.49417508390172477,-0.524705471643417,3.5226761522799044,0.0057637933641672134,1.0008059740066528,1.0008059740066528,0.0,1.0008059740066528,0.0,1.0008059740066528,2.2334587574005127,1.8328198194503784,15.51504898071289,2.2316601276397705,55.985557556152344,39851,textsf,0,0.17412196099758148,0.8258780390024185,0.006017208099365234,"[{""token_id"": 39851, ""token"": ""textsf"", ""value"": 0.17412196099758148}, {""token_id"": 925, ""token"": ""fr"", ""value"": 0.16810475289821625}, {""token_id"": 6640, ""token"": "" NS"", ""value"": 0.16700968146324158}, {""token_id"": 43653, ""token"": "" taxonomic"", ""value"": 0.16225330531597137}, {""token_id"": 28956, ""token"": ""species"", ""value"": 0.1607772260904312}]",6640, NS,54,55.758087158203125,0.001476287841796875,2.6476658670305257e-05,"[{""token_id"": 6640, ""token"": "" NS"", ""value"": 55.758087158203125}, {""token_id"": 925, ""token"": ""fr"", ""value"": 55.75956344604492}, {""token_id"": 39851, ""token"": ""textsf"", ""value"": 55.764259338378906}, {""token_id"": 43653, ""token"": "" taxonomic"", ""value"": 55.766761779785156}, {""token_id"": 28956, ""token"": ""species"", ""value"": 55.76931381225586}]",575, ,0,0.12023919820785522,0.007600858807563782,0.06530094146728516,0.4827166199684143,"[{""token_id"": 575, ""token"": "" "", ""value"": 0.12023919820785522}, {""token_id"": 60, ""token"": ""["", ""value"": 0.11263833940029144}, {""token_id"": 187, ""token"": ""\n"", ""value"": 0.05719681829214096}, {""token_id"": 50254, ""token"": ""                        "", ""value"": 0.02771206758916378}, {""token_id"": 457, ""token"": ""’"", ""value"": 0.01750355400145054}]",False,False,False,0.3823367729783058
step37000,768,1024,1024,2,19211, cabinet,33,5,-1.654013936591521,0.7816479008594666,-0.36691804791681926,-0.28796409484730967,3.5226761522799044,0.015385547652840614,1.0195029973983765,1.0195029973983765,0.0,1.0195029973983765,0.0,1.0195029973983765,2.265688419342041,1.846509575843811,15.621463775634766,2.222346067428589,55.381900787353516,6640, NS,54,0.17759373784065247,0.8224062621593475,0.0003464818000793457,"[{""token_id"": 6640, ""token"": "" NS"", ""value"": 0.17759373784065247}, {""token_id"": 39851, ""token"": ""textsf"", ""value"": 0.17724725604057312}, {""token_id"": 925, ""token"": ""fr"", ""value"": 0.17075209319591522}, {""token_id"": 43653, ""token"": "" taxonomic"", ""value"": 0.16794481873512268}, {""token_id"": 28956, ""token"": ""species"", ""value"": 0.1641313135623932}]",6640, NS,54,55.13895034790039,0.0132904052734375,0.00024103478919314573,"[{""token_id"": 6640, ""token"": "" NS"", ""value"": 55.13895034790039}, {""token_id"": 925, ""token"": ""fr"", ""value"": 55.15224075317383}, {""token_id"": 43653, ""token"": "" taxonomic"", ""value"": 55.15494155883789}, {""token_id"": 39851, ""token"": ""textsf"", ""value"": 55.156497955322266}, {""token_id"": 28956, ""token"": ""species"", ""value"": 55.16093826293945}]",60,[,0,0.13056111335754395,0.047293245792388916,0.44977855682373047,0.49399256706237793,"[{""token_id"": 60, ""token"": ""["", ""value"": 0.13056111335754395}, {""token_id"": 575, ""token"": "" "", ""value"": 0.08326786756515503}, {""token_id"": 187, ""token"": ""\n"", ""value"": 0.0580754317343235}, {""token_id"": 50254, ""token"": ""                        "", ""value"": 0.027645176276564598}, {""token_id"": 15, ""token"": ""."", ""value"": 0.021965576335787773}]",True,False,False,0.3885455094277859
step37000,768,1024,1024,3,6574, miles,404,7,-1.7344907651670147,0.7583656970884993,-0.315072538276425,-0.26331268198197233,3.5226761522799044,-0.0016528513515368104,1.026462435722351,1.026462435722351,0.0,1.026462435722351,0.0,1.026462435722351,2.2631478309631348,1.8548989295959473,15.680533409118652,2.204803466796875,55.37991714477539,6640, NS,54,0.18039129674434662,0.8196087032556534,0.005491241812705994,"[{""token_id"": 6640, ""token"": "" NS"", ""value"": 0.18039129674434662}, {""token_id"": 39851, ""token"": ""textsf"", ""value"": 0.17490005493164062}, {""token_id"": 925, ""token"": ""fr"", ""value"": 0.1717904508113861}, {""token_id"": 43653, ""token"": "" taxonomic"", ""value"": 0.16754122078418732}, {""token_id"": 28956, ""token"": ""species"", ""value"": 0.16292265057563782}]",6640, NS,54,55.13282012939453,0.01592254638671875,0.000288803408738192,"[{""token_id"": 6640, ""token"": "" NS"", ""value"": 55.13282012939453}, {""token_id"": 925, ""token"": ""fr"", ""value"": 55.14874267578125}, {""token_id"": 43653, ""token"": "" taxonomic"", ""value"": 55.1535530090332}, {""token_id"": 39851, ""token"": ""textsf"", ""value"": 55.15773010253906}, {""token_id"": 28956, ""token"": ""species"", ""value"": 55.160728454589844}]",60,[,0,0.12222018837928772,0.04335246980190277,0.4380521774291992,0.4975622892379761,"[{""token_id"": 60, ""token"": ""["", ""value"": 0.12222018837928772}, {""token_id"": 575, ""token"": "" "", ""value"": 0.07886771857738495}, {""token_id"": 187, ""token"": ""\n"", ""value"": 0.06461998075246811}, {""token_id"": 50254, ""token"": ""                        "", ""value"": 0.025997770950198174}, {""token_id"": 15, ""token"": ""."", ""value"": 0.022160159423947334}]",True,False,False,0.3702601231634617
step41000,0,256,256,0,21825, clones,2,0,0.3748986442423803,3.6736889591238793,-2.0902499317911456,1.0744135479093293,3.543408486195167,0.013565820641815662,1.0694143772125244,1.0694143772125244,0.0,1.0694143772125244,0.0,1.0694143772125244,2.2381458282470703,1.834397792816162,15.370745658874512,2.0928704738616943,58.55188751220703,981,uring,67,0.16740037500858307,0.8325996249914169,0.007726773619651794,"[{""token_id"": 981, ""token"": ""uring"", ""value"": 0.16740037500858307}, {""token_id"": 32520, ""token"": ""не"", ""value"": 0.15967360138893127}, {""token_id"": 45205, ""token"": ""amis"", ""value"": 0.1565726101398468}, {""token_id"": 36738, ""token"": "" commenting"", ""value"": 0.15424466133117676}, {""token_id"": 6804, ""token"": "" mixed"", ""value"": 0.1536053568124771}]",981,uring,67,58.331092834472656,0.00975799560546875,0.0001672863498916301,"[{""token_id"": 981, ""token"": ""uring"", ""value"": 58.331092834472656}, {""token_id"": 32520, ""token"": ""не"", ""value"": 58.340850830078125}, {""token_id"": 45205, ""token"": ""amis"", ""value"": 58.3423957824707}, {""token_id"": 36738, ""token"": "" commenting"", ""value"": 58.34403610229492}, {""token_id"": 6804, ""token"": "" mixed"", ""value"": 58.349063873291016}]",309, I,2877,0.09150312095880508,0.014537744224071503,0.1730175018310547,0.4662694036960602,"[{""token_id"": 309, ""token"": "" I"", ""value"": 0.09150312095880508}, {""token_id"": 273, ""token"": "" of"", ""value"": 0.07696537673473358}, {""token_id"": 457, ""token"": ""’"", ""value"": 0.05574265494942665}, {""token_id"": 313, ""token"": "" ("", ""value"": 0.0545295886695385}, {""token_id"": 27, ""token"": "":"", ""value"": 0.03814009949564934}]",True,False,False,0.392471581697464
step41000,0,256,256,1,23778, motive,8,2,0.8854406992763293,2.293570159843254,-0.47606441652980613,0.3014290196809233,3.543408486195167,0.012369728647172451,1.0213810205459595,1.0213810205459595,0.0,1.0213810205459595,0.0,1.0213810205459595,2.0503010749816895,1.85528564453125,15.354926109313965,2.0073812007904053,56.679412841796875,48225, digitally,16,0.16563449800014496,0.834365501999855,0.004298731684684753,"[{""token_id"": 48225, ""token"": "" digitally"", ""value"": 0.16563449800014496}, {""token_id"": 19288, ""token"": ""olip"", ""value"": 0.1613357663154602}, {""token_id"": 36655, ""token"": ""Errors"", ""value"": 0.15971635282039642}, {""token_id"": 34926, ""token"": ""dav"", ""value"": 0.1566571742296219}, {""token_id"": 22701, ""token"": ""�"", ""value"": 0.15542851388454437}]",48225, digitally,16,56.45813751220703,0.007526397705078125,0.00013330935161385397,"[{""token_id"": 48225, ""token"": "" digitally"", ""value"": 56.45813751220703}, {""token_id"": 19288, ""token"": ""olip"", ""value"": 56.46566390991211}, {""token_id"": 36655, ""token"": ""Errors"", ""value"": 56.46730422973633}, {""token_id"": 22701, ""token"": ""�"", ""value"": 56.47287368774414}, {""token_id"": 34926, ""token"": ""dav"", ""value"": 56.47296905517578}]",309, I,2877,0.07665010541677475,0.021631788462400436,0.3315849304199219,0.5085756778717041,"[{""token_id"": 309, ""token"": "" I"", ""value"": 0.07665010541677475}, {""token_id"": 27, ""token"": "":"", ""value"": 0.05501831695437431}, {""token_id"": 187, ""token"": ""\n"", ""value"": 0.05321061238646507}, {""token_id"": 31, ""token"": "">"", ""value"": 0.047769155353307724}, {""token_id"": 313, ""token"": "" ("", ""value"": 0.032958973199129105}]",True,False,False,0.37930577620863914
step41000,0,256,256,2,19211, cabinet,33,5,0.18808257576448395,-3.701492143882855,-1.8873806423547266,-4.2107795552183465,3.543408486195167,0.016560044139623642,1.0780924558639526,1.078088402748108,0.0029618788976222277,1.078088402748108,0.0029618788976222277,1.0780924558639526,4.402866363525391,2.1163246631622314,16.091976165771484,4.083941459655762,54.23490524291992,10710, DR,7,0.1899242401123047,0.8100757598876953,0.02037958800792694,"[{""token_id"": 10710, ""token"": "" DR"", ""value"": 0.1899242401123047}, {""token_id"": 6172, ""token"": ""block"", ""value"": 0.16954465210437775}, {""token_id"": 3456, ""token"": ""pre"", ""value"": 0.16231326758861542}, {""token_id"": 6611, ""token"": ""typ"", ""value"": 0.16194617748260498}, {""token_id"": 9723, ""token"": ""root"", ""value"": 0.16062824428081512}]",10710, DR,7,53.97957992553711,0.02913665771484375,0.0005397718499298573,"[{""token_id"": 10710, ""token"": "" DR"", ""value"": 53.97957992553711}, {""token_id"": 6172, ""token"": ""block"", ""value"": 54.00871658325195}, {""token_id"": 3456, ""token"": ""pre"", ""value"": 54.01827621459961}, {""token_id"": 22813, ""token"": "" seated"", ""value"": 54.02159118652344}, {""token_id"": 9723, ""token"": ""root"", ""value"": 54.022369384765625}]",1238,oid,65,0.06885252892971039,0.02240028977394104,0.3935422897338867,0.5684143304824829,"[{""token_id"": 1238, ""token"": ""oid"", ""value"": 0.06885252892971039}, {""token_id"": 187, ""token"": ""\n"", ""value"": 0.04645223915576935}, {""token_id"": 1511, ""token"": "" type"", ""value"": 0.0312926210463047}, {""token_id"": 3700, ""token"": "" transfer"", ""value"": 0.02560562640428543}, {""token_id"": 670, ""token"": "" about"", ""value"": 0.02296123094856739}]",True,False,False,0.36303913965821266
step41000,0,256,256,3,6574, miles,404,7,-2.0331493454072644,-1.96919630173192,-3.63998083014216,-0.5404337588736501,3.543408486195167,0.01752427965402603,0.9975683689117432,0.9918950796127319,0.10623937845230103,0.9918950796127319,0.10623937845230103,0.9975683689117432,1.875881314277649,1.8279266357421875,15.197677612304688,1.8804538249969482,55.80974578857422,41244, intracranial,0,0.168681800365448,0.831318199634552,1.2174248695373535e-05,"[{""token_id"": 41244, ""token"": "" intracranial"", ""value"": 0.168681800365448}, {""token_id"": 48225, ""token"": "" digitally"", ""value"": 0.16866962611675262}, {""token_id"": 14888, ""token"": "" inject"", ""value"": 0.16676028072834015}, {""token_id"": 28364, ""token"": "" Satan"", ""value"": 0.16598117351531982}, {""token_id"": 20160, ""token"": "" FM"", ""value"": 0.16483749449253082}]",48225, digitally,16,55.5843505859375,0.000347137451171875,6.245237148811785e-06,"[{""token_id"": 48225, ""token"": "" digitally"", ""value"": 55.5843505859375}, {""token_id"": 41244, ""token"": "" intracranial"", ""value"": 55.58469772338867}, {""token_id"": 14888, ""token"": "" inject"", ""value"": 55.58768844604492}, {""token_id"": 28364, ""token"": "" Satan"", ""value"": 55.59125900268555}, {""token_id"": 20160, ""token"": "" FM"", ""value"": 55.59206771850586}]",209, ,12180,0.08977915346622467,0.01736082136631012,0.21489334106445312,0.5193483233451843,"[{""token_id"": 209, ""token"": "" "", ""value"": 0.08977915346622467}, {""token_id"": 187, ""token"": ""\n"", ""value"": 0.07241833209991455}, {""token_id"": 6273, ""token"": "" vote"", ""value"": 0.06435217708349228}, {""token_id"": 309, ""token"": "" I"", ""value"": 0.038308218121528625}, {""token_id"": 50276, ""token"": ""  "", ""value"": 0.034392815083265305}]",False,False,False,0.4234640710055828
step41000,256,512,512,0,21825, clones,2,0,0.21483940844663607,-3.91055470871436,-1.9354549754056516,-4.179016466348192,3.543408486195167,-0.00012922449968755245,1.1131823062896729,1.1131823062896729,0.0,1.1131823062896729,0.0,1.1131823062896729,4.455026149749756,2.153719186782837,16.091432571411133,4.002063274383545,53.6663932800293,10710, DR,7,0.18877747654914856,0.8112225234508514,0.02209344506263733,"[{""token_id"": 10710, ""token"": "" DR"", ""value"": 0.18877747654914856}, {""token_id"": 6611, ""token"": ""typ"", ""value"": 0.16668403148651123}, {""token_id"": 6172, ""token"": ""block"", ""value"": 0.16635118424892426}, {""token_id"": 9723, ""token"": ""root"", ""value"": 0.1625073403120041}, {""token_id"": 42653, ""token"": "" Symbol"", ""value"": 0.1606559157371521}]",10710, DR,7,53.41292953491211,0.032108306884765625,0.0006011336049968722,"[{""token_id"": 10710, ""token"": "" DR"", ""value"": 53.41292953491211}, {""token_id"": 6172, ""token"": ""block"", ""value"": 53.445037841796875}, {""token_id"": 6611, ""token"": ""typ"", ""value"": 53.448570251464844}, {""token_id"": 9723, ""token"": ""root"", ""value"": 53.45134353637695}, {""token_id"": 22813, ""token"": "" seated"", ""value"": 53.45530700683594}]",1238,oid,65,0.07745108753442764,0.024163659662008286,0.3739461898803711,0.5631410479545593,"[{""token_id"": 1238, ""token"": ""oid"", ""value"": 0.07745108753442764}, {""token_id"": 187, ""token"": ""\n"", ""value"": 0.05328742787241936}, {""token_id"": 3700, ""token"": "" transfer"", ""value"": 0.03467336669564247}, {""token_id"": 670, ""token"": "" about"", ""value"": 0.02235197275876999}, {""token_id"": 1511, ""token"": "" type"", ""value"": 0.021288489922881126}]",True,False,False,0.39392320439219475
step41000,256,512,512,1,23778, motive,8,2,-0.46067253899441485,-2.588575185530218,-2.244549697780273,-3.3891981394601194,3.543408486195167,-0.0007029410917311907,1.0537066459655762,1.0537066459655762,0.0,1.0537066459655762,0.0,1.0537066459655762,1.9994027614593506,1.8128035068511963,15.518314361572266,1.8974946737289429,55.60712814331055,45210, borderline,3,0.18229272961616516,0.8177072703838348,0.007189065217971802,"[{""token_id"": 45210, ""token"": "" borderline"", ""value"": 0.18229272961616516}, {""token_id"": 20668, ""token"": ""trace"", ""value"": 0.17510366439819336}, {""token_id"": 1206, ""token"": ""tr"", ""value"": 0.17417123913764954}, {""token_id"": 10710, ""token"": "" DR"", ""value"": 0.16687165200710297}, {""token_id"": 44203, ""token"": "" parietal"", ""value"": 0.16578556597232819}]",45210, borderline,3,55.36179733276367,0.01125335693359375,0.00020326935677238028,"[{""token_id"": 45210, ""token"": "" borderline"", ""value"": 55.36179733276367}, {""token_id"": 20668, ""token"": ""trace"", ""value"": 55.373050689697266}, {""token_id"": 1206, ""token"": ""tr"", ""value"": 55.37493896484375}, {""token_id"": 10710, ""token"": "" DR"", ""value"": 55.38473129272461}, {""token_id"": 44203, ""token"": "" parietal"", ""value"": 55.3875732421875}]",1511, type,241,0.08615357428789139,0.05714845657348633,1.0886592864990234,0.5778310298919678,"[{""token_id"": 1511, ""token"": "" type"", ""value"": 0.08615357428789139}, {""token_id"": 670, ""token"": "" about"", ""value"": 0.02900511585175991}, {""token_id"": 187, ""token"": ""\n"", ""value"": 0.02453557588160038}, {""token_id"": 14, ""token"": ""-"", ""value"": 0.021113645285367966}, {""token_id"": 50276, ""token"": ""  "", ""value"": 0.015782849863171577}]",True,False,False,0.38792790099978447
step41000,256,512,512,2,19211, cabinet,33,5,0.2917335626826987,3.772993112709854,-1.7772874220096744,1.093134645990106,3.543408486195167,0.000239271525060758,1.0701614618301392,1.0701614618301392,0.0,1.0701614618301392,0.0,1.0701614618301392,2.2250478267669678,1.8429089784622192,15.426863670349121,2.0791702270507812,58.34245681762695,981,uring,67,0.16421101987361908,0.8357889801263809,0.0036139339208602905,"[{""token_id"": 981, ""token"": ""uring"", ""value"": 0.16421101987361908}, {""token_id"": 32520, ""token"": ""не"", ""value"": 0.1605970859527588}, {""token_id"": 36738, ""token"": "" commenting"", ""value"": 0.15438410639762878}, {""token_id"": 6804, ""token"": "" mixed"", ""value"": 0.15355460345745087}, {""token_id"": 45205, ""token"": ""amis"", ""value"": 0.15257960557937622}]",981,uring,67,58.12626647949219,0.0038909912109375,6.694032571849939e-05,"[{""token_id"": 981, ""token"": ""uring"", ""value"": 58.12626647949219}, {""token_id"": 32520, ""token"": ""не"", ""value"": 58.130157470703125}, {""token_id"": 36738, ""token"": "" commenting"", ""value"": 58.13446807861328}, {""token_id"": 45205, ""token"": ""amis"", ""value"": 58.13883972167969}, {""token_id"": 6804, ""token"": "" mixed"", ""value"": 58.139766693115234}]",309, I,2877,0.09337729215621948,0.017717808485031128,0.2104053497314453,0.46463441848754883,"[{""token_id"": 309, ""token"": "" I"", ""value"": 0.09337729215621948}, {""token_id"": 273, ""token"": "" of"", ""value"": 0.07565948367118835}, {""token_id"": 457, ""token"": ""’"", ""value"": 0.055255454033613205}, {""token_id"": 313, ""token"": "" ("", ""value"": 0.054047320038080215}, {""token_id"": 27, ""token"": "":"", ""value"": 0.048897914588451385}]",True,False,False,0.32848215848207474
step41000,256,512,512,3,6574, miles,404,7,-0.5345079153976036,1.330488530734262,-2.796351401758212,0.45820098641162277,3.543408486195167,-0.0008877025684341788,0.9794824123382568,0.979141116142273,0.02585364133119583,0.979141116142273,0.02585364133119583,0.9794824123382568,2.0972976684570312,1.7271043062210083,14.820999145507812,2.141230583190918,56.472206115722656,13686,window,0,0.18128567934036255,0.8187143206596375,0.01859039068222046,"[{""token_id"": 13686, ""token"": ""window"", ""value"": 0.18128567934036255}, {""token_id"": 49978, ""token"": "" Polymer"", ""value"": 0.1626952886581421}, {""token_id"": 49202, ""token"": ""SHORT"", ""value"": 0.1584833711385727}, {""token_id"": 11446, ""token"": ""Style"", ""value"": 0.15521574020385742}, {""token_id"": 43653, ""token"": "" taxonomic"", ""value"": 0.15458089113235474}]",13686,window,0,56.23060989379883,0.02385711669921875,0.0004242727714367142,"[{""token_id"": 13686, ""token"": ""window"", ""value"": 56.23060989379883}, {""token_id"": 49978, ""token"": "" Polymer"", ""value"": 56.25446701049805}, {""token_id"": 43653, ""token"": "" taxonomic"", ""value"": 56.26707077026367}, {""token_id"": 11446, ""token"": ""Style"", ""value"": 56.26835632324219}, {""token_id"": 49202, ""token"": ""SHORT"", ""value"": 56.26873779296875}]",6091,sf,2,0.06517969816923141,0.03946516662836075,0.9300918579101562,0.5777918100357056,"[{""token_id"": 6091, ""token"": ""sf"", ""value"": 0.06517969816923141}, {""token_id"": 61, ""token"": ""\\"", ""value"": 0.025714529678225517}, {""token_id"": 187, ""token"": ""\n"", ""value"": 0.025074217468500137}, {""token_id"": 642, ""token"": "" no"", ""value"": 0.019792649894952774}, {""token_id"": 313, ""token"": "" ("", ""value"": 0.01975845731794834}]",True,False,False,0.3960349038243294
step41000,512,768,768,0,21825, clones,2,0,0.4154825484778697,3.5953535068229465,-2.234112301676143,1.0990575598598988,3.543408486195167,-7.441513298545033e-05,1.069240689277649,1.069240689277649,0.0,1.069240689277649,0.0,1.069240689277649,2.2405076026916504,1.830901861190796,15.34156608581543,2.095419406890869,58.636817932128906,981,uring,67,0.16692586243152618,0.8330741375684738,0.007718861103057861,"[{""token_id"": 981, ""token"": ""uring"", ""value"": 0.16692586243152618}, {""token_id"": 32520, ""token"": ""не"", ""value"": 0.15920700132846832}, {""token_id"": 45205, ""token"": ""amis"", ""value"": 0.1570087969303131}, {""token_id"": 6804, ""token"": "" mixed"", ""value"": 0.15486186742782593}, {""token_id"": 9820, ""token"": ""yes"", ""value"": 0.1547224372625351}]",981,uring,67,58.41667556762695,0.009746551513671875,0.00016684536425542792,"[{""token_id"": 981, ""token"": ""uring"", ""value"": 58.41667556762695}, {""token_id"": 32520, ""token"": ""не"", ""value"": 58.426422119140625}, {""token_id"": 45205, ""token"": ""amis"", ""value"": 58.426666259765625}, {""token_id"": 36738, ""token"": "" commenting"", ""value"": 58.431739807128906}, {""token_id"": 6804, ""token"": "" mixed"", ""value"": 58.43216323852539}]",309, I,2877,0.08844278752803802,0.015180900692939758,0.18831539154052734,0.4683951735496521,"[{""token_id"": 309, ""token"": "" I"", ""value"": 0.08844278752803802}, {""token_id"": 273, ""token"": "" of"", ""value"": 0.07326188683509827}, {""token_id"": 457, ""token"": ""’"", ""value"": 0.05696018040180206}, {""token_id"": 313, ""token"": "" ("", ""value"": 0.0556391105055809}, {""token_id"": 14, ""token"": ""-"", ""value"": 0.03353303670883179}]",True,False,False,0.3582063727080822
step41000,512,768,768,1,23778, motive,8,2,0.8702545938914068,2.519618807739383,-0.46396184701267523,0.37060316868492515,3.543408486195167,0.00044522585812956095,1.023802399635315,1.023802399635315,0.0,1.023802399635315,0.0,1.023802399635315,2.0668981075286865,1.8587136268615723,15.390856742858887,2.0188448429107666,56.72425842285156,48225, digitally,16,0.16277539730072021,0.8372246026992798,0.004020974040031433,"[{""token_id"": 48225, ""token"": "" digitally"", ""value"": 0.16277539730072021}, {""token_id"": 19288, ""token"": ""olip"", ""value"": 0.15875442326068878}, {""token_id"": 36655, ""token"": ""Errors"", ""value"": 0.1583360731601715}, {""token_id"": 34926, ""token"": ""dav"", ""value"": 0.15665507316589355}, {""token_id"": 22701, ""token"": ""�"", ""value"": 0.15514951944351196}]",48225, digitally,16,56.507118225097656,0.007015228271484375,0.00012414769133224987,"[{""token_id"": 48225, ""token"": "" digitally"", ""value"": 56.507118225097656}, {""token_id"": 36655, ""token"": ""Errors"", ""value"": 56.51413345336914}, {""token_id"": 19288, ""token"": ""olip"", ""value"": 56.514217376708984}, {""token_id"": 34926, ""token"": ""dav"", ""value"": 56.51780700683594}, {""token_id"": 22701, ""token"": ""�"", ""value"": 56.51811218261719}]",309, I,2877,0.07734142243862152,0.016265127807855606,0.23610591888427734,0.5052003860473633,"[{""token_id"": 309, ""token"": "" I"", ""value"": 0.07734142243862152}, {""token_id"": 27, ""token"": "":"", ""value"": 0.061076294630765915}, {""token_id"": 187, ""token"": ""\n"", ""value"": 0.04956861212849617}, {""token_id"": 31, ""token"": "">"", ""value"": 0.042196109890937805}, {""token_id"": 313, ""token"": "" ("", ""value"": 0.03453872725367546}]",True,False,False,0.36525651440024376
step41000,512,768,768,2,19211, cabinet,33,5,0.22318393421061455,-3.793898384558984,-1.878885677951557,-4.215133880781663,3.543408486195167,-0.00013740391295868903,1.091585397720337,1.091585397720337,0.0,1.091585397720337,0.0,1.091585397720337,4.428879737854004,2.1321473121643066,16.093994140625,4.057291030883789,54.007835388183594,10710, DR,7,0.1901044249534607,0.8098955750465393,0.021642938256263733,"[{""token_id"": 10710, ""token"": "" DR"", ""value"": 0.1901044249534607}, {""token_id"": 6172, ""token"": ""block"", ""value"": 0.16846148669719696}, {""token_id"": 6611, ""token"": ""typ"", ""value"": 0.16398577392101288}, {""token_id"": 9723, ""token"": ""root"", ""value"": 0.16163013875484467}, {""token_id"": 5040, ""token"": ""cons"", ""value"": 0.15967437624931335}]",10710, DR,7,53.75232696533203,0.030971527099609375,0.0005761895130527967,"[{""token_id"": 10710, ""token"": "" DR"", ""value"": 53.75232696533203}, {""token_id"": 6172, ""token"": ""block"", ""value"": 53.78329849243164}, {""token_id"": 6611, ""token"": ""typ"", ""value"": 53.793731689453125}, {""token_id"": 9723, ""token"": ""root"", ""value"": 53.79393005371094}, {""token_id"": 22813, ""token"": "" seated"", ""value"": 53.794639587402344}]",1238,oid,65,0.07269658893346786,0.022575847804546356,0.3718595504760742,0.5657140612602234,"[{""token_id"": 1238, ""token"": ""oid"", ""value"": 0.07269658893346786}, {""token_id"": 187, ""token"": ""\n"", ""value"": 0.05012074112892151}, {""token_id"": 3700, ""token"": "" transfer"", ""value"": 0.029556943103671074}, {""token_id"": 1511, ""token"": "" type"", ""value"": 0.026479212567210197}, {""token_id"": 670, ""token"": "" about"", ""value"": 0.022835761308670044}]",True,False,False,0.3740924708545208
step41000,512,768,768,3,6574, miles,404,7,-1.890327257133676,-1.7689840854160153,-3.6154425680544215,-0.5342185855244828,3.543408486195167,0.0010949100833386183,0.9940376877784729,0.9891982674598694,0.09796818345785141,0.9912773370742798,0.04970007389783859,0.9925224781036377,1.8715100288391113,1.8252928256988525,15.192292213439941,1.8827354907989502,55.87177658081055,48225, digitally,16,0.17327454686164856,0.8267254531383514,0.002426624298095703,"[{""token_id"": 48225, ""token"": "" digitally"", ""value"": 0.17327454686164856}, {""token_id"": 41244, ""token"": "" intracranial"", ""value"": 0.17084792256355286}, {""token_id"": 14888, ""token"": "" inject"", ""value"": 0.16741779446601868}, {""token_id"": 20160, ""token"": "" FM"", ""value"": 0.16665393114089966}, {""token_id"": 28364, ""token"": "" Satan"", ""value"": 0.163191556930542}]",48225, digitally,16,55.63968276977539,0.0038909912109375,6.993194456261648e-05,"[{""token_id"": 48225, ""token"": "" digitally"", ""value"": 55.63968276977539}, {""token_id"": 41244, ""token"": "" intracranial"", ""value"": 55.64357376098633}, {""token_id"": 14888, ""token"": "" inject"", ""value"": 55.64875030517578}, {""token_id"": 20160, ""token"": "" FM"", ""value"": 55.65147399902344}, {""token_id"": 28364, ""token"": "" Satan"", ""value"": 55.65725326538086}]",209, ,12180,0.07709860056638718,0.004854455590248108,0.0650339126586914,0.5213432908058167,"[{""token_id"": 209, ""token"": "" "", ""value"": 0.07709860056638718}, {""token_id"": 6273, ""token"": "" vote"", ""value"": 0.07224414497613907}, {""token_id"": 187, ""token"": ""\n"", ""value"": 0.06996815651655197}, {""token_id"": 309, ""token"": "" I"", ""value"": 0.04294557124376297}, {""token_id"": 50276, ""token"": ""  "", ""value"": 0.03128250688314438}]",True,False,False,0.38414789736270905
step41000,768,1024,1024,0,21825, clones,2,0,0.19327342831374406,-3.9613244224140645,-1.9744940761247285,-4.1404413481974895,3.543408486195167,6.471620872616768e-05,1.125187873840332,1.125187873840332,0.0,1.125187873840332,0.0,1.125187873840332,4.462454795837402,2.163743257522583,16.09091567993164,3.9659640789031982,53.50505065917969,10710, DR,7,0.1873708814382553,0.8126291185617447,0.019565656781196594,"[{""token_id"": 10710, ""token"": "" DR"", ""value"": 0.1873708814382553}, {""token_id"": 6611, ""token"": ""typ"", ""value"": 0.16780522465705872}, {""token_id"": 6172, ""token"": ""block"", ""value"": 0.16512450575828552}, {""token_id"": 9723, ""token"": ""root"", ""value"": 0.16249267756938934}, {""token_id"": 42653, ""token"": "" Symbol"", ""value"": 0.16103632748126984}]",10710, DR,7,53.25367736816406,0.03185272216796875,0.0005981318801283541,"[{""token_id"": 10710, ""token"": "" DR"", ""value"": 53.25367736816406}, {""token_id"": 6172, ""token"": ""block"", ""value"": 53.28553009033203}, {""token_id"": 6611, ""token"": ""typ"", ""value"": 53.28568649291992}, {""token_id"": 9723, ""token"": ""root"", ""value"": 53.290077209472656}, {""token_id"": 14217, ""token"": "" symbols"", ""value"": 53.29316329956055}]",1238,oid,65,0.07892818748950958,0.025024164468050003,0.3813333511352539,0.5629199743270874,"[{""token_id"": 1238, ""token"": ""oid"", ""value"": 0.07892818748950958}, {""token_id"": 187, ""token"": ""\n"", ""value"": 0.05390402302145958}, {""token_id"": 3700, ""token"": "" transfer"", ""value"": 0.03696732595562935}, {""token_id"": 670, ""token"": "" about"", ""value"": 0.02179664745926857}, {""token_id"": 6431, ""token"": "" exchange"", ""value"": 0.0202987939119339}]",True,False,False,0.329973004758358
step41000,768,1024,1024,1,23778, motive,8,2,-0.38267561714353004,-2.6875917380450174,-2.201705287499232,-3.508703038569352,3.543408486195167,-0.0001484146196162328,1.0593323707580566,1.0593323707580566,0.0,1.0593323707580566,0.0,1.0593323707580566,2.0135080814361572,1.8380814790725708,15.565764427185059,1.9007331132888794,55.553104400634766,45210, borderline,3,0.18149416148662567,0.8185058385133743,0.008044824004173279,"[{""token_id"": 45210, ""token"": "" borderline"", ""value"": 0.18149416148662567}, {""token_id"": 20668, ""token"": ""trace"", ""value"": 0.1734493374824524}, {""token_id"": 1206, ""token"": ""tr"", ""value"": 0.17327144742012024}, {""token_id"": 10710, ""token"": "" DR"", ""value"": 0.16983947157859802}, {""token_id"": 3456, ""token"": ""pre"", ""value"": 0.16543978452682495}]",45210, borderline,3,55.30895233154297,0.012485504150390625,0.0002257411074349727,"[{""token_id"": 45210, ""token"": "" borderline"", ""value"": 55.30895233154297}, {""token_id"": 20668, ""token"": ""trace"", ""value"": 55.32143783569336}, {""token_id"": 1206, ""token"": ""tr"", ""value"": 55.322235107421875}, {""token_id"": 10710, ""token"": "" DR"", ""value"": 55.3264274597168}, {""token_id"": 3456, ""token"": ""pre"", ""value"": 55.33146667480469}]",1511, type,241,0.08293724805116653,0.05498112738132477,1.0874481201171875,0.578578770160675,"[{""token_id"": 1511, ""token"": "" type"", ""value"": 0.08293724805116653}, {""token_id"": 670, ""token"": "" about"", ""value"": 0.027956118807196617}, {""token_id"": 187, ""token"": ""\n"", ""value"": 0.02524353563785553}, {""token_id"": 14, ""token"": ""-"", ""value"": 0.021261828020215034}, {""token_id"": 1238, ""token"": ""oid"", ""value"": 0.01738613285124302}]",True,False,False,0.38577671721577644
step41000,768,1024,1024,2,19211, cabinet,33,5,0.31520887215919435,3.7348819661810095,-1.938935073853282,1.1049150373304877,3.543408486195167,0.00043318793177604675,1.071347951889038,1.071347951889038,0.0,1.071347951889038,0.0,1.071347951889038,2.231436014175415,1.8389596939086914,15.400985717773438,2.0828304290771484,58.4532356262207,981,uring,67,0.16568581759929657,0.8343141824007034,0.005481258034706116,"[{""token_id"": 981, ""token"": ""uring"", ""value"": 0.16568581759929657}, {""token_id"": 32520, ""token"": ""не"", ""value"": 0.16020455956459045}, {""token_id"": 45205, ""token"": ""amis"", ""value"": 0.1543777585029602}, {""token_id"": 6804, ""token"": "" mixed"", ""value"": 0.15394297242164612}, {""token_id"": 36738, ""token"": "" commenting"", ""value"": 0.15386636555194855}]",981,uring,67,58.23491287231445,0.00655364990234375,0.00011253815931197916,"[{""token_id"": 981, ""token"": ""uring"", ""value"": 58.23491287231445}, {""token_id"": 32520, ""token"": ""не"", ""value"": 58.2414665222168}, {""token_id"": 36738, ""token"": "" commenting"", ""value"": 58.2459716796875}, {""token_id"": 45205, ""token"": ""amis"", ""value"": 58.246971130371094}, {""token_id"": 6804, ""token"": "" mixed"", ""value"": 58.24995422363281}]",309, I,2877,0.09239890426397324,0.015763618052005768,0.1870574951171875,0.4651086628437042,"[{""token_id"": 309, ""token"": "" I"", ""value"": 0.09239890426397324}, {""token_id"": 273, ""token"": "" of"", ""value"": 0.07663528621196747}, {""token_id"": 457, ""token"": ""’"", ""value"": 0.05641152709722519}, {""token_id"": 313, ""token"": "" ("", ""value"": 0.054736655205488205}, {""token_id"": 27, ""token"": "":"", ""value"": 0.04337047412991524}]",True,False,False,0.38609496876597404
step41000,768,1024,1024,3,6574, miles,404,7,-0.5434116232776542,1.2255135946563636,-2.7691086679308237,0.3774285047523305,3.543408486195167,-0.001102088368497789,0.9784286022186279,0.9780784845352173,0.02617284655570984,0.9780784845352173,0.02617284655570984,0.9784286022186279,2.097177743911743,1.7272244691848755,14.827733993530273,2.143414258956909,56.345428466796875,13686,window,0,0.1821342408657074,0.8178657591342926,0.020192056894302368,"[{""token_id"": 13686, ""token"": ""window"", ""value"": 0.1821342408657074}, {""token_id"": 49978, ""token"": "" Polymer"", ""value"": 0.16194218397140503}, {""token_id"": 49202, ""token"": ""SHORT"", ""value"": 0.15721574425697327}, {""token_id"": 11446, ""token"": ""Style"", ""value"": 0.15511880815029144}, {""token_id"": 43653, ""token"": "" taxonomic"", ""value"": 0.15389713644981384}]",13686,window,0,56.10265350341797,0.02617645263671875,0.0004665813647321332,"[{""token_id"": 13686, ""token"": ""window"", ""value"": 56.10265350341797}, {""token_id"": 49978, ""token"": "" Polymer"", ""value"": 56.12882995605469}, {""token_id"": 43653, ""token"": "" taxonomic"", ""value"": 56.141326904296875}, {""token_id"": 11446, ""token"": ""Style"", ""value"": 56.14175796508789}, {""token_id"": 37804, ""token"": "" pituitary"", ""value"": 56.14309310913086}]",6091,sf,2,0.06619973480701447,0.04177902266383171,0.9972448348999023,0.5815436840057373,"[{""token_id"": 6091, ""token"": ""sf"", ""value"": 0.06619973480701447}, {""token_id"": 187, ""token"": ""\n"", ""value"": 0.024420712143182755}, {""token_id"": 61, ""token"": ""\\"", ""value"": 0.02351890131831169}, {""token_id"": 749, ""token"": "" sub"", ""value"": 0.01947973482310772}, {""token_id"": 642, ""token"": "" no"", ""value"": 0.019227318465709686}]",True,False,False,0.33855851367115974
step53000,0,256,256,0,21825, clones,2,0,0.5587861175828924,-0.16674313555631426,-2.2168753245723285,1.9369184856592827,3.5235889469518455,0.007516217418015003,0.9766554832458496,0.9749061465263367,0.05842885747551918,0.9749061465263367,0.05842885747551918,0.9766554832458496,2.3332364559173584,1.7737880945205688,14.590941429138184,2.3890066146850586,59.03281021118164,14778,widget,0,0.18988652527332306,0.8101134747266769,0.009323179721832275,"[{""token_id"": 14778, ""token"": ""widget"", ""value"": 0.18988652527332306}, {""token_id"": 10560, ""token"": ""TYPE"", ""value"": 0.18056334555149078}, {""token_id"": 7029, ""token"": ""ер"", ""value"": 0.17950186133384705}, {""token_id"": 12568, ""token"": "" Games"", ""value"": 0.17155560851097107}, {""token_id"": 14065, ""token"": ""oker"", ""value"": 0.17136849462985992}]",14778,widget,0,58.79053497314453,0.00684356689453125,0.00011640592992830199,"[{""token_id"": 14778, ""token"": ""widget"", ""value"": 58.79053497314453}, {""token_id"": 7029, ""token"": ""ер"", ""value"": 58.79737854003906}, {""token_id"": 10560, ""token"": ""TYPE"", ""value"": 58.804466247558594}, {""token_id"": 14065, ""token"": ""oker"", ""value"": 58.81243896484375}, {""token_id"": 12568, ""token"": "" Games"", ""value"": 58.8126335144043}]",575, ,0,0.08908113092184067,0.024244606494903564,0.31767845153808594,0.5207447409629822,"[{""token_id"": 575, ""token"": "" "", ""value"": 0.08908113092184067}, {""token_id"": 15, ""token"": ""."", ""value"": 0.0648365244269371}, {""token_id"": 14, ""token"": ""-"", ""value"": 0.040036533027887344}, {""token_id"": 209, ""token"": "" "", ""value"": 0.02599508874118328}, {""token_id"": 13, ""token"": "","", ""value"": 0.023407263681292534}]",True,False,False,0.38674261793494225
step53000,0,256,256,1,23778, motive,8,2,-2.1955150153570058,0.3542467208036937,-4.037899077643033,3.030139983848687,3.5235889469518455,0.010868392884731293,1.001502275466919,0.9857714176177979,0.17680895328521729,0.9857714176177979,0.17680895328521729,1.001502275466919,2.9285948276519775,2.5935049057006836,14.893256187438965,2.9242019653320312,59.86774444580078,49202,SHORT,0,0.1935911476612091,0.8064088523387909,0.006235748529434204,"[{""token_id"": 49202, ""token"": ""SHORT"", ""value"": 0.1935911476612091}, {""token_id"": 5856, ""token"": ""Context"", ""value"": 0.1873553991317749}, {""token_id"": 39851, ""token"": ""textsf"", ""value"": 0.17938032746315002}, {""token_id"": 9270, ""token"": ""Frame"", ""value"": 0.17806610465049744}, {""token_id"": 15679, ""token"": "" GC"", ""value"": 0.176380455493927}]",49202,SHORT,0,59.628456115722656,0.00243377685546875,4.081569461978773e-05,"[{""token_id"": 49202, ""token"": ""SHORT"", ""value"": 59.628456115722656}, {""token_id"": 5856, ""token"": ""Context"", ""value"": 59.630889892578125}, {""token_id"": 9270, ""token"": ""Frame"", ""value"": 59.6420783996582}, {""token_id"": 15679, ""token"": "" GC"", ""value"": 59.64286804199219}, {""token_id"": 25161, ""token"": "" Context"", ""value"": 59.64889907836914}]",575, ,0,0.07764409482479095,0.04154784232378006,0.7659463882446289,0.5385376214981079,"[{""token_id"": 575, ""token"": "" "", ""value"": 0.07764409482479095}, {""token_id"": 50254, ""token"": ""                        "", ""value"": 0.036096252501010895}, {""token_id"": 14, ""token"": ""-"", ""value"": 0.03444141149520874}, {""token_id"": 63, ""token"": ""^"", ""value"": 0.03397736698389053}, {""token_id"": 187, ""token"": ""\n"", ""value"": 0.023309560492634773}]",True,False,False,0.3991253264248371
step53000,0,256,256,2,19211, cabinet,33,5,-1.060620175544748,-0.16017554928233455,-2.885971622048391,2.6004349678822383,3.5235889469518455,0.023309269919991493,0.9735939502716064,0.962710976600647,0.1451644003391266,0.962710976600647,0.1451644003391266,0.9735939502716064,2.441209316253662,1.7708905935287476,14.748577117919922,2.507420301437378,59.431827545166016,14778,widget,0,0.1842115819454193,0.8157884180545807,0.0008148550987243652,"[{""token_id"": 14778, ""token"": ""widget"", ""value"": 0.1842115819454193}, {""token_id"": 5856, ""token"": ""Context"", ""value"": 0.18339672684669495}, {""token_id"": 9270, ""token"": ""Frame"", ""value"": 0.17538440227508545}, {""token_id"": 41315, ""token"": ""sidebar"", ""value"": 0.17373058199882507}, {""token_id"": 10560, ""token"": ""TYPE"", ""value"": 0.17145434021949768}]",14778,widget,0,59.197174072265625,0.00324249267578125,5.477445041249672e-05,"[{""token_id"": 14778, ""token"": ""widget"", ""value"": 59.197174072265625}, {""token_id"": 5856, ""token"": ""Context"", ""value"": 59.200416564941406}, {""token_id"": 9270, ""token"": ""Frame"", ""value"": 59.20990753173828}, {""token_id"": 10560, ""token"": ""TYPE"", ""value"": 59.215702056884766}, {""token_id"": 41315, ""token"": ""sidebar"", ""value"": 59.21891784667969}]",575, ,0,0.0674237608909607,0.008619409054517746,0.1367816925048828,0.543268620967865,"[{""token_id"": 575, ""token"": "" "", ""value"": 0.0674237608909607}, {""token_id"": 15, ""token"": ""."", ""value"": 0.05880435183644295}, {""token_id"": 14, ""token"": ""-"", ""value"": 0.043663688004016876}, {""token_id"": 187, ""token"": ""\n"", ""value"": 0.019252493977546692}, {""token_id"": 9, ""token"": ""("", ""value"": 0.01835985854268074}]",True,False,False,0.36822158843278885
step53000,0,256,256,3,6574, miles,404,7,-0.18460166404466405,0.20972647261282684,-3.16798284629752,0.9910943900418655,3.5235889469518455,0.019285665825009346,1.0946166515350342,1.0946166515350342,0.0,1.0946166515350342,0.0,1.0946166515350342,4.110595703125,2.378911018371582,15.599946975708008,3.7552833557128906,57.058170318603516,22358,wx,0,0.17278745770454407,0.8272125422954559,0.0019419044256210327,"[{""token_id"": 22358, ""token"": ""wx"", ""value"": 0.17278745770454407}, {""token_id"": 48460, ""token"": ""speech"", ""value"": 0.17084555327892303}, {""token_id"": 38683, ""token"": "" engra"", ""value"": 0.16923072934150696}, {""token_id"": 12391, ""token"": ""«"", ""value"": 0.16703085601329803}, {""token_id"": 14065, ""token"": ""oker"", ""value"": 0.1669408679008484}]",22358,wx,0,56.839012145996094,0.0036773681640625,6.469796052431119e-05,"[{""token_id"": 22358, ""token"": ""wx"", ""value"": 56.839012145996094}, {""token_id"": 48460, ""token"": ""speech"", ""value"": 56.842689514160156}, {""token_id"": 38683, ""token"": "" engra"", ""value"": 56.84394836425781}, {""token_id"": 14065, ""token"": ""oker"", ""value"": 56.84446716308594}, {""token_id"": 12391, ""token"": ""«"", ""value"": 56.847984313964844}]",187,"
",1,0.056151583790779114,0.011270269751548767,0.22403335571289062,0.5440323352813721,"[{""token_id"": 187, ""token"": ""\n"", ""value"": 0.056151583790779114}, {""token_id"": 457, ""token"": ""’"", ""value"": 0.04488131403923035}, {""token_id"": 21824, ""token"": """", ""value"": 0.04038453847169876}, {""token_id"": 1428, ""token"": ""ished"", ""value"": 0.03858005255460739}, {""token_id"": 7556, ""token"": ""icious"", ""value"": 0.02985144592821598}]",True,False,False,0.3816626965999603
step53000,256,512,512,0,21825, clones,2,0,2.1429140166139096,-1.0300730680709416,-1.1770091852753277,1.145305904028084,3.5235889469518455,-0.0007789582014083862,1.0507978200912476,1.0459470748901367,0.10084989666938782,1.0459470748901367,0.10084989666938782,1.0507978200912476,4.932819843292236,2.0014779567718506,15.223437309265137,4.694356918334961,56.75770950317383,13683,ptic,7,0.1762172132730484,0.8237827867269516,0.001701459288597107,"[{""token_id"": 13683, ""token"": ""ptic"", ""value"": 0.1762172132730484}, {""token_id"": 33309, ""token"": ""perm"", ""value"": 0.1745157539844513}, {""token_id"": 25398, ""token"": ""מ"", ""value"": 0.17273524403572083}, {""token_id"": 22358, ""token"": ""wx"", ""value"": 0.16439136862754822}, {""token_id"": 25695, ""token"": ""HM"", ""value"": 0.16405797004699707}]",13683,ptic,7,56.531517028808594,0.000415802001953125,7.355224550956793e-06,"[{""token_id"": 13683, ""token"": ""ptic"", ""value"": 56.531517028808594}, {""token_id"": 33309, ""token"": ""perm"", ""value"": 56.53193283081055}, {""token_id"": 25398, ""token"": ""מ"", ""value"": 56.537601470947266}, {""token_id"": 22358, ""token"": ""wx"", ""value"": 56.55009460449219}, {""token_id"": 25695, ""token"": ""HM"", ""value"": 56.55310821533203}]",9,(,0,0.06722525507211685,0.026595551520586014,0.5035495758056641,0.5279622077941895,"[{""token_id"": 9, ""token"": ""("", ""value"": 0.06722525507211685}, {""token_id"": 3539, ""token"": ""è"", ""value"": 0.04062970355153084}, {""token_id"": 187, ""token"": ""\n"", ""value"": 0.032502274960279465}, {""token_id"": 95, ""token"": ""~"", ""value"": 0.03083634562790394}, {""token_id"": 325, ""token"": ""�"", ""value"": 0.022327113896608353}]",True,False,False,0.3914946988224983
step53000,256,512,512,1,23778, motive,8,2,0.5382161075488876,-1.43391917181587,-4.989249507876378,-0.42247987435276924,3.5235889469518455,0.006969543639570475,0.9894808530807495,0.9669133424758911,0.21012122929096222,0.9669133424758911,0.21012122929096222,0.9894808530807495,4.1197638511657715,2.061945915222168,14.73531723022461,4.16356086730957,61.47574996948242,15761, han,1,0.1660594493150711,0.8339405506849289,0.004019245505332947,"[{""token_id"": 15761, ""token"": "" han"", ""value"": 0.1660594493150711}, {""token_id"": 24734, ""token"": ""igion"", ""value"": 0.16204020380973816}, {""token_id"": 2000, ""token"": ""}_"", ""value"": 0.159126877784729}, {""token_id"": 1821, ""token"": "" men"", ""value"": 0.15741892158985138}, {""token_id"": 48460, ""token"": ""speech"", ""value"": 0.15580201148986816}]",24734,igion,1,61.26912307739258,0.001659393310546875,2.7083679791708447e-05,"[{""token_id"": 24734, ""token"": ""igion"", ""value"": 61.26912307739258}, {""token_id"": 15761, ""token"": "" han"", ""value"": 61.270782470703125}, {""token_id"": 7743, ""token"": "" Secret"", ""value"": 61.27717590332031}, {""token_id"": 20419, ""token"": ""generated"", ""value"": 61.27772903442383}, {""token_id"": 48460, ""token"": ""speech"", ""value"": 61.279563903808594}]",187,"
",1,0.09098813682794571,0.015033051371574402,0.1805868148803711,0.5176674723625183,"[{""token_id"": 187, ""token"": ""\n"", ""value"": 0.09098813682794571}, {""token_id"": 103, ""token"": ""�"", ""value"": 0.07595508545637131}, {""token_id"": 217, ""token"": ""�"", ""value"": 0.0757896825671196}, {""token_id"": 3917, ""token"": ""の"", ""value"": 0.034349747002124786}, {""token_id"": 122, ""token"": ""�"", ""value"": 0.028668992221355438}]",False,False,False,0.3928840756416321
step53000,256,512,512,2,19211, cabinet,33,5,0.46481981653674775,0.021232201491733493,-1.6518704855752944,0.9722496138024614,3.5235889469518455,0.0032873288728296757,1.08100163936615,1.0727152824401855,0.13359084725379944,1.0727152824401855,0.13359084725379944,1.08100163936615,4.509125709533691,2.213515281677246,15.769075393676758,4.171247959136963,55.49615478515625,13683,ptic,7,0.18229828774929047,0.8177017122507095,0.004134133458137512,"[{""token_id"": 13683, ""token"": ""ptic"", ""value"": 0.18229828774929047}, {""token_id"": 22358, ""token"": ""wx"", ""value"": 0.17816415429115295}, {""token_id"": 1821, ""token"": "" men"", ""value"": 0.166180819272995}, {""token_id"": 39851, ""token"": ""textsf"", ""value"": 0.1649366319179535}, {""token_id"": 29816, ""token"": ""Germ"", ""value"": 0.16343854367733002}]",13683,ptic,7,55.261932373046875,0.00817108154296875,0.00014786094499572846,"[{""token_id"": 13683, ""token"": ""ptic"", ""value"": 55.261932373046875}, {""token_id"": 22358, ""token"": ""wx"", ""value"": 55.270103454589844}, {""token_id"": 6952, ""token"": ""mes"", ""value"": 55.286441802978516}, {""token_id"": 29816, ""token"": ""Germ"", ""value"": 55.29030990600586}, {""token_id"": 21390, ""token"": ""props"", ""value"": 55.2924919128418}]",457,’,0,0.05397092178463936,0.0034631676971912384,0.06631851196289062,0.5385730266571045,"[{""token_id"": 457, ""token"": ""’"", ""value"": 0.05397092178463936}, {""token_id"": 187, ""token"": ""\n"", ""value"": 0.05050775408744812}, {""token_id"": 21824, ""token"": """", ""value"": 0.04099404439330101}, {""token_id"": 1428, ""token"": ""ished"", ""value"": 0.022931231185793877}, {""token_id"": 39796, ""token"": ""crets"", ""value"": 0.02090109884738922}]",True,False,False,0.33338549360632896
step53000,256,512,512,3,6574, miles,404,7,0.9730921951181266,-0.1018929930709116,-1.8406085006770625,1.2406491797326589,3.5235889469518455,-0.0031872428953647614,0.9737532734870911,0.9731106758117676,0.035369642078876495,0.9731106758117676,0.035369642078876495,0.9737532734870911,2.2118420600891113,1.749814510345459,14.438444137573242,2.27146053314209,59.19900131225586,14778,widget,0,0.18686383962631226,0.8131361603736877,0.004921838641166687,"[{""token_id"": 14778, ""token"": ""widget"", ""value"": 0.18686383962631226}, {""token_id"": 7029, ""token"": ""ер"", ""value"": 0.18194200098514557}, {""token_id"": 12568, ""token"": "" Games"", ""value"": 0.1799783706665039}, {""token_id"": 14065, ""token"": ""oker"", ""value"": 0.17437750101089478}, {""token_id"": 10560, ""token"": ""TYPE"", ""value"": 0.17138929665088654}]",7029,ер,0,58.96009063720703,0.000705718994140625,1.1969435367442903e-05,"[{""token_id"": 7029, ""token"": ""ер"", ""value"": 58.96009063720703}, {""token_id"": 14778, ""token"": ""widget"", ""value"": 58.96079635620117}, {""token_id"": 12568, ""token"": "" Games"", ""value"": 58.9671630859375}, {""token_id"": 14065, ""token"": ""oker"", ""value"": 58.97442626953125}, {""token_id"": 10560, ""token"": ""TYPE"", ""value"": 58.9830207824707}]",575, ,0,0.08475321531295776,0.022808678448200226,0.3135042190551758,0.5090075135231018,"[{""token_id"": 575, ""token"": "" "", ""value"": 0.08475321531295776}, {""token_id"": 209, ""token"": "" "", ""value"": 0.06194453686475754}, {""token_id"": 15, ""token"": ""."", ""value"": 0.06004809960722923}, {""token_id"": 50276, ""token"": ""  "", ""value"": 0.0386892631649971}, {""token_id"": 13, ""token"": "","", ""value"": 0.031868986785411835}]",False,False,False,0.38040337711572647
step53000,512,768,768,0,21825, clones,2,0,0.0691281286218689,0.9065566078794265,-0.8675836867514672,-1.3542416687170369,3.5235889469518455,0.00037605769466608763,1.0086787939071655,1.0086787939071655,0.0,1.0086787939071655,0.0,1.0086787939071655,1.8397741317749023,1.692991852760315,14.182878494262695,1.8239444494247437,61.36600875854492,13113,                                     ,0,0.18796618282794952,0.8120338171720505,0.018927574157714844,"[{""token_id"": 13113, ""token"": ""                                     "", ""value"": 0.18796618282794952}, {""token_id"": 24823, ""token"": ""ات"", ""value"": 0.16903860867023468}, {""token_id"": 1624, ""token"": ""ential"", ""value"": 0.1633833646774292}, {""token_id"": 12568, ""token"": "" Games"", ""value"": 0.16297057271003723}, {""token_id"": 26841, ""token"": "" committing"", ""value"": 0.16010649502277374}]",24823,ات,0,61.1538200378418,0.002346038818359375,3.8362915299610935e-05,"[{""token_id"": 24823, ""token"": ""ات"", ""value"": 61.1538200378418}, {""token_id"": 1624, ""token"": ""ential"", ""value"": 61.156166076660156}, {""token_id"": 12568, ""token"": "" Games"", ""value"": 61.15707778930664}, {""token_id"": 26841, ""token"": "" committing"", ""value"": 61.16154861450195}, {""token_id"": 12729, ""token"": ""izable"", ""value"": 61.16376495361328}]",209, ,12180,0.11854232847690582,0.045983150601387024,0.49086761474609375,0.48988640308380127,"[{""token_id"": 209, ""token"": "" "", ""value"": 0.11854232847690582}, {""token_id"": 50276, ""token"": ""  "", ""value"": 0.0725591778755188}, {""token_id"": 575, ""token"": "" "", ""value"": 0.05802847072482109}, {""token_id"": 15, ""token"": ""."", ""value"": 0.048632048070430756}, {""token_id"": 187, ""token"": ""\n"", ""value"": 0.040468696504831314}]",False,False,False,0.376364029943943
step53000,512,768,768,1,23778, motive,8,2,0.42486112373777896,-0.11247474074860059,-2.3059143465721954,2.055446377091029,3.5235889469518455,-0.004639592487365007,0.975220263004303,0.9730554223060608,0.0649438425898552,0.9730554223060608,0.0649438425898552,0.975220263004303,2.351487874984741,1.778447151184082,14.628684997558594,2.4112377166748047,59.0647087097168,14778,widget,0,0.18885593116283417,0.8111440688371658,0.007950946688652039,"[{""token_id"": 14778, ""token"": ""widget"", ""value"": 0.18885593116283417}, {""token_id"": 10560, ""token"": ""TYPE"", ""value"": 0.18090498447418213}, {""token_id"": 7029, ""token"": ""ер"", ""value"": 0.17761190235614777}, {""token_id"": 9270, ""token"": ""Frame"", ""value"": 0.1707327961921692}, {""token_id"": 14065, ""token"": ""oker"", ""value"": 0.16969221830368042}]",14778,widget,0,58.82382583618164,0.0081024169921875,0.000137740394763712,"[{""token_id"": 14778, ""token"": ""widget"", ""value"": 58.82382583618164}, {""token_id"": 7029, ""token"": ""ер"", ""value"": 58.83192825317383}, {""token_id"": 10560, ""token"": ""TYPE"", ""value"": 58.83589172363281}, {""token_id"": 14065, ""token"": ""oker"", ""value"": 58.84664535522461}, {""token_id"": 12568, ""token"": "" Games"", ""value"": 58.84782791137695}]",575, ,0,0.08841140568256378,0.023313798010349274,0.30611324310302734,0.5222797393798828,"[{""token_id"": 575, ""token"": "" "", ""value"": 0.08841140568256378}, {""token_id"": 15, ""token"": ""."", ""value"": 0.06509760767221451}, {""token_id"": 14, ""token"": ""-"", ""value"": 0.04376990720629692}, {""token_id"": 13, ""token"": "","", ""value"": 0.02175964042544365}, {""token_id"": 313, ""token"": "" ("", ""value"": 0.02142142876982689}]",True,False,False,0.3970313221216202
step53000,512,768,768,2,19211, cabinet,33,5,0.9554385252171218,0.14118606064389394,-1.518844230179212,0.40884356000606004,3.5235889469518455,-0.0016005639918148518,0.9952903389930725,0.9952903389930725,0.0,0.9952903389930725,0.0,0.9952903389930725,2.055979013442993,1.7338992357254028,14.365290641784668,2.0657076835632324,59.7283935546875,13113,                                     ,0,0.18159285187721252,0.8184071481227875,0.0020242929458618164,"[{""token_id"": 13113, ""token"": ""                                     "", ""value"": 0.18159285187721252}, {""token_id"": 12568, ""token"": "" Games"", ""value"": 0.1795685589313507}, {""token_id"": 7029, ""token"": ""ер"", ""value"": 0.17608986794948578}, {""token_id"": 14778, ""token"": ""widget"", ""value"": 0.17441728711128235}, {""token_id"": 14065, ""token"": ""oker"", ""value"": 0.16805432736873627}]",12568, Games,164,59.496978759765625,0.0005950927734375,1.0002067093866065e-05,"[{""token_id"": 12568, ""token"": "" Games"", ""value"": 59.496978759765625}, {""token_id"": 7029, ""token"": ""ер"", ""value"": 59.49757385253906}, {""token_id"": 14778, ""token"": ""widget"", ""value"": 59.506988525390625}, {""token_id"": 14065, ""token"": ""oker"", ""value"": 59.512420654296875}, {""token_id"": 7149, ""token"": ""す"", ""value"": 59.51734924316406}]",209, ,12180,0.09509821981191635,0.020046621561050415,0.23673439025878906,0.49399808049201965,"[{""token_id"": 209, ""token"": "" "", ""value"": 0.09509821981191635}, {""token_id"": 575, ""token"": "" "", ""value"": 0.07505159825086594}, {""token_id"": 50276, ""token"": ""  "", ""value"": 0.06548820436000824}, {""token_id"": 15, ""token"": ""."", ""value"": 0.05407073348760605}, {""token_id"": 13, ""token"": "","", ""value"": 0.03426792845129967}]",False,False,False,0.3910389319062233
step53000,512,768,768,3,6574, miles,404,7,1.4725719890983968,-1.1975154687639766,-1.9918408359398332,1.3741599014599268,3.5235889469518455,-0.0026464471593499184,1.0692708492279053,1.0615900754928589,0.12793272733688354,1.0615900754928589,0.12793272733688354,1.0692708492279053,4.439669609069824,2.105724573135376,15.017173767089844,4.152053356170654,56.48792266845703,14065,oker,16,0.1898065060377121,0.8101934939622879,0.009930819272994995,"[{""token_id"": 14065, ""token"": ""oker"", ""value"": 0.1898065060377121}, {""token_id"": 33309, ""token"": ""perm"", ""value"": 0.1798756867647171}, {""token_id"": 25398, ""token"": ""מ"", ""value"": 0.1776294708251953}, {""token_id"": 39851, ""token"": ""textsf"", ""value"": 0.17394722998142242}, {""token_id"": 13683, ""token"": ""ptic"", ""value"": 0.17033883929252625}]",14065,oker,16,56.24275588989258,0.011997222900390625,0.0002133114338116325,"[{""token_id"": 14065, ""token"": ""oker"", ""value"": 56.24275588989258}, {""token_id"": 33309, ""token"": ""perm"", ""value"": 56.25475311279297}, {""token_id"": 25398, ""token"": ""מ"", ""value"": 56.261173248291016}, {""token_id"": 13683, ""token"": ""ptic"", ""value"": 56.269927978515625}, {""token_id"": 39851, ""token"": ""textsf"", ""value"": 56.28083038330078}]",9,(,0,0.08959660679101944,0.03696233406662941,0.5319499969482422,0.5146785378456116,"[{""token_id"": 9, ""token"": ""("", ""value"": 0.08959660679101944}, {""token_id"": 187, ""token"": ""\n"", ""value"": 0.05263427272439003}, {""token_id"": 95, ""token"": ""~"", ""value"": 0.03456399217247963}, {""token_id"": 94, ""token"": ""}"", ""value"": 0.03209415078163147}, {""token_id"": 424, ""token"": ""**"", ""value"": 0.029331473633646965}]",True,False,False,0.3674457110464573
step53000,768,1024,1024,0,21825, clones,2,0,-1.6721848917962292,0.06927564213296433,-4.55045464582535,2.346925647346879,3.5235889469518455,-2.432541805319488e-05,1.1185704469680786,1.0807913541793823,0.28825342655181885,1.107009768486023,0.0,1.107009768486023,4.908937454223633,2.5960159301757812,15.3875093460083,4.388581275939941,56.57727813720703,14065,oker,16,0.2017691284418106,0.7982308715581894,0.0033859163522720337,"[{""token_id"": 14065, ""token"": ""oker"", ""value"": 0.2017691284418106}, {""token_id"": 39851, ""token"": ""textsf"", ""value"": 0.19838321208953857}, {""token_id"": 15679, ""token"": "" GC"", ""value"": 0.18105582892894745}, {""token_id"": 29872, ""token"": ""Dictionary"", ""value"": 0.1810304969549179}, {""token_id"": 5856, ""token"": ""Context"", ""value"": 0.1772414743900299}]",14065,oker,16,56.3155403137207,0.0234527587890625,0.00041645269952863217,"[{""token_id"": 14065, ""token"": ""oker"", ""value"": 56.3155403137207}, {""token_id"": 39851, ""token"": ""textsf"", ""value"": 56.338993072509766}, {""token_id"": 29872, ""token"": ""Dictionary"", ""value"": 56.345680236816406}, {""token_id"": 15679, ""token"": "" GC"", ""value"": 56.34688949584961}, {""token_id"": 5856, ""token"": ""Context"", ""value"": 56.35490036010742}]",187,"
",1,0.06616975367069244,0.004853848367929459,0.07618427276611328,0.5226644277572632,"[{""token_id"": 187, ""token"": ""\n"", ""value"": 0.06616975367069244}, {""token_id"": 50254, ""token"": ""                        "", ""value"": 0.061315905302762985}, {""token_id"": 63, ""token"": ""^"", ""value"": 0.05959565192461014}, {""token_id"": 15, ""token"": ""."", ""value"": 0.035347118973731995}, {""token_id"": 424, ""token"": ""**"", ""value"": 0.027277564629912376}]",True,False,False,0.4118329621851444
step53000,768,1024,1024,1,23778, motive,8,2,2.123973311865763,-0.8581852544686641,-0.9908082854165666,1.1007792017457323,3.5235889469518455,-0.0010148563887923956,1.0478525161743164,1.0438649654388428,0.09132823348045349,1.0438649654388428,0.09132823348045349,1.0478525161743164,5.14475679397583,1.9945898056030273,15.346108436584473,4.9098100662231445,56.65311813354492,13683,ptic,7,0.17750747501850128,0.8224925249814987,0.006149575114250183,"[{""token_id"": 13683, ""token"": ""ptic"", ""value"": 0.17750747501850128}, {""token_id"": 33309, ""token"": ""perm"", ""value"": 0.1713578999042511}, {""token_id"": 25398, ""token"": ""מ"", ""value"": 0.1690400391817093}, {""token_id"": 22358, ""token"": ""wx"", ""value"": 0.1666824221611023}, {""token_id"": 25695, ""token"": ""HM"", ""value"": 0.16248174011707306}]",13683,ptic,7,56.425174713134766,0.006603240966796875,0.00011702650457650704,"[{""token_id"": 13683, ""token"": ""ptic"", ""value"": 56.425174713134766}, {""token_id"": 33309, ""token"": ""perm"", ""value"": 56.43177795410156}, {""token_id"": 25398, ""token"": ""מ"", ""value"": 56.4381103515625}, {""token_id"": 22358, ""token"": ""wx"", ""value"": 56.442405700683594}, {""token_id"": 25695, ""token"": ""HM"", ""value"": 56.4506721496582}]",9,(,0,0.058081772178411484,0.014905232936143875,0.2965545654296875,0.531191349029541,"[{""token_id"": 9, ""token"": ""("", ""value"": 0.058081772178411484}, {""token_id"": 3539, ""token"": ""è"", ""value"": 0.04317653924226761}, {""token_id"": 187, ""token"": ""\n"", ""value"": 0.030427085235714912}, {""token_id"": 95, ""token"": ""~"", ""value"": 0.025395594537258148}, {""token_id"": 12589, ""token"": ""ï"", ""value"": 0.02178211882710457}]",True,False,False,0.3796761557459831
step53000,768,1024,1024,2,19211, cabinet,33,5,0.3536962148073366,-0.7862821513251992,-2.8094042481326555,1.5834960242757692,3.5235889469518455,-0.00076204544166103,1.090034008026123,1.0743579864501953,0.18419824540615082,1.0743579864501953,0.18419824540615082,1.090034008026123,4.42350435256958,2.3292043209075928,15.144521713256836,4.058134078979492,55.81399154663086,14065,oker,16,0.21341142058372498,0.786588579416275,0.031078502535820007,"[{""token_id"": 14065, ""token"": ""oker"", ""value"": 0.21341142058372498}, {""token_id"": 39851, ""token"": ""textsf"", ""value"": 0.18233291804790497}, {""token_id"": 29872, ""token"": ""Dictionary"", ""value"": 0.17331524193286896}, {""token_id"": 33309, ""token"": ""perm"", ""value"": 0.17114509642124176}, {""token_id"": 25398, ""token"": ""מ"", ""value"": 0.16870971024036407}]",14065,oker,16,55.53636169433594,0.056835174560546875,0.0010233867114550898,"[{""token_id"": 14065, ""token"": ""oker"", ""value"": 55.53636169433594}, {""token_id"": 33309, ""token"": ""perm"", ""value"": 55.593196868896484}, {""token_id"": 29872, ""token"": ""Dictionary"", ""value"": 55.59321212768555}, {""token_id"": 39851, ""token"": ""textsf"", ""value"": 55.59637451171875}, {""token_id"": 25398, ""token"": ""מ"", ""value"": 55.59968185424805}]",187,"
",1,0.07571306079626083,0.006376303732395172,0.08797550201416016,0.5078104138374329,"[{""token_id"": 187, ""token"": ""\n"", ""value"": 0.07571306079626083}, {""token_id"": 9, ""token"": ""("", ""value"": 0.06933675706386566}, {""token_id"": 16, ""token"": ""/"", ""value"": 0.04007706418633461}, {""token_id"": 94, ""token"": ""}"", ""value"": 0.039742812514305115}, {""token_id"": 63, ""token"": ""^"", ""value"": 0.03895505145192146}]",True,False,False,0.40017610415816307
step53000,768,1024,1024,3,6574, miles,404,7,-0.47616955545796835,1.386923691860187,-0.8361506690599999,-2.0598410817469635,3.5235889469518455,-0.00015478234854526818,0.9513950347900391,0.9513950347900391,0.0,0.9513950347900391,0.0,0.9513950347900391,1.7662042379379272,1.6555250883102417,14.033947944641113,1.8564362525939941,62.361053466796875,13113,                                     ,0,0.18694791197776794,0.8130520880222321,0.006449505686759949,"[{""token_id"": 13113, ""token"": ""                                     "", ""value"": 0.18694791197776794}, {""token_id"": 26841, ""token"": "" committing"", ""value"": 0.180498406291008}, {""token_id"": 24823, ""token"": ""ات"", ""value"": 0.17495043575763702}, {""token_id"": 1774, ""token"": "" important"", ""value"": 0.16634270548820496}, {""token_id"": 31665, ""token"": ""dip"", ""value"": 0.1649792492389679}]",26841, committing,10,62.1283073425293,0.012378692626953125,0.00019924400255597207,"[{""token_id"": 26841, ""token"": "" committing"", ""value"": 62.1283073425293}, {""token_id"": 24823, ""token"": ""ات"", ""value"": 62.14068603515625}, {""token_id"": 31665, ""token"": ""dip"", ""value"": 62.151790618896484}, {""token_id"": 1624, ""token"": ""ential"", ""value"": 62.1519775390625}, {""token_id"": 12568, ""token"": "" Games"", ""value"": 62.159423828125}]",209, ,12180,0.1562175452709198,0.09570446610450745,0.948390007019043,0.47788530588150024,"[{""token_id"": 209, ""token"": "" "", ""value"": 0.1562175452709198}, {""token_id"": 50276, ""token"": ""  "", ""value"": 0.06051308289170265}, {""token_id"": 190, ""token"": ""\r"", ""value"": 0.05133357644081116}, {""token_id"": 575, ""token"": "" "", ""value"": 0.045636650174856186}, {""token_id"": 187, ""token"": ""\n"", ""value"": 0.04429030418395996}]",False,False,False,0.3960904888808727
step57000,0,256,256,0,21825, clones,2,0,-0.7664269599980349,-1.4231734711302513,-2.822571881224188,0.40934059763659825,3.5225041634212024,0.003259932389482856,0.9997397661209106,0.9974962472915649,0.06693965196609497,0.9974962472915649,0.06693965196609497,0.9997397661209106,2.2750802040100098,1.766879916191101,14.652073860168457,2.275672435760498,61.819068908691406,29907,effects,0,0.17848803102970123,0.8215119689702988,0.00033260881900787354,"[{""token_id"": 29907, ""token"": ""effects"", ""value"": 0.17848803102970123}, {""token_id"": 14778, ""token"": ""widget"", ""value"": 0.17815542221069336}, {""token_id"": 9683, ""token"": ""Layout"", ""value"": 0.17787672579288483}, {""token_id"": 10560, ""token"": ""TYPE"", ""value"": 0.16890636086463928}, {""token_id"": 6178, ""token"": "" dose"", ""value"": 0.1686554104089737}]",29907,effects,0,61.59380340576172,0.0021209716796875,3.443482237515302e-05,"[{""token_id"": 29907, ""token"": ""effects"", ""value"": 61.59380340576172}, {""token_id"": 9683, ""token"": ""Layout"", ""value"": 61.595924377441406}, {""token_id"": 14778, ""token"": ""widget"", ""value"": 61.59724044799805}, {""token_id"": 6178, ""token"": "" dose"", ""value"": 61.60783004760742}, {""token_id"": 10560, ""token"": ""TYPE"", ""value"": 61.6103630065918}]",63,^,0,0.03805462270975113,0.005009055137634277,0.14113521575927734,0.5632795095443726,"[{""token_id"": 63, ""token"": ""^"", ""value"": 0.03805462270975113}, {""token_id"": 575, ""token"": "" "", ""value"": 0.03304556757211685}, {""token_id"": 209, ""token"": "" "", ""value"": 0.030677733942866325}, {""token_id"": 15, ""token"": ""."", ""value"": 0.030255883932113647}, {""token_id"": 434, ""token"": ""'s"", ""value"": 0.026431208476424217}]",True,False,False,0.4079142399132252
step57000,0,256,256,1,23778, motive,8,2,-1.5151854136424916,-1.7670904105150482,-3.973465204356229,0.8755904096473253,3.5225041634212024,0.009780182503163815,0.9867157936096191,0.9842871427536011,0.0691874623298645,0.9842871427536011,0.0691874623298645,0.9867157936096191,2.359711170196533,2.18180775642395,14.76029109954834,2.391479969024658,62.02952575683594,9683,Layout,0,0.18390610814094543,0.8160938918590546,0.0076389312744140625,"[{""token_id"": 9683, ""token"": ""Layout"", ""value"": 0.18390610814094543}, {""token_id"": 29907, ""token"": ""effects"", ""value"": 0.17626717686653137}, {""token_id"": 8882, ""token"": ""context"", ""value"": 0.1754503697156906}, {""token_id"": 14778, ""token"": ""widget"", ""value"": 0.17143304646015167}, {""token_id"": 5856, ""token"": ""Context"", ""value"": 0.16589298844337463}]",9683,Layout,0,61.79827117919922,0.008930206298828125,0.0001445057625145015,"[{""token_id"": 9683, ""token"": ""Layout"", ""value"": 61.79827117919922}, {""token_id"": 29907, ""token"": ""effects"", ""value"": 61.80720138549805}, {""token_id"": 8882, ""token"": ""context"", ""value"": 61.81105041503906}, {""token_id"": 14778, ""token"": ""widget"", ""value"": 61.81657409667969}, {""token_id"": 5856, ""token"": ""Context"", ""value"": 61.824283599853516}]",63,^,0,0.0574832521378994,0.016252752393484116,0.33231544494628906,0.5531049370765686,"[{""token_id"": 63, ""token"": ""^"", ""value"": 0.0574832521378994}, {""token_id"": 575, ""token"": "" "", ""value"": 0.04123049974441528}, {""token_id"": 424, ""token"": ""**"", ""value"": 0.03339756280183792}, {""token_id"": 15, ""token"": ""."", ""value"": 0.029633527621626854}, {""token_id"": 5804, ""token"": ""Can"", ""value"": 0.027630602940917015}]",True,False,False,0.5570757128298283
step57000,0,256,256,2,19211, cabinet,33,5,-1.6116069071847752,-1.8054984234541165,-4.204932078114737,0.8905157266530681,3.5225041634212024,0.005948856472969055,0.9840959906578064,0.9819879531860352,0.0643780305981636,0.9819879531860352,0.0643780305981636,0.9840959906578064,2.478813886642456,2.2954020500183105,14.775986671447754,2.518874168395996,61.97173309326172,9683,Layout,0,0.18078698217868805,0.819213017821312,0.0038872361183166504,"[{""token_id"": 9683, ""token"": ""Layout"", ""value"": 0.18078698217868805}, {""token_id"": 8882, ""token"": ""context"", ""value"": 0.1768997460603714}, {""token_id"": 29907, ""token"": ""effects"", ""value"": 0.17541448771953583}, {""token_id"": 14778, ""token"": ""widget"", ""value"": 0.16766773164272308}, {""token_id"": 5856, ""token"": ""Context"", ""value"": 0.16702641546726227}]",9683,Layout,0,61.74466323852539,0.005908966064453125,9.570002903127414e-05,"[{""token_id"": 9683, ""token"": ""Layout"", ""value"": 61.74466323852539}, {""token_id"": 29907, ""token"": ""effects"", ""value"": 61.750572204589844}, {""token_id"": 8882, ""token"": ""context"", ""value"": 61.751346588134766}, {""token_id"": 48777, ""token"": ""ermo"", ""value"": 61.7637825012207}, {""token_id"": 14778, ""token"": ""widget"", ""value"": 61.763790130615234}]",63,^,0,0.06429876387119293,0.01957482099533081,0.36303138732910156,0.5476393103599548,"[{""token_id"": 63, ""token"": ""^"", ""value"": 0.06429876387119293}, {""token_id"": 575, ""token"": "" "", ""value"": 0.04472394287586212}, {""token_id"": 424, ""token"": ""**"", ""value"": 0.04042661190032959}, {""token_id"": 15, ""token"": ""."", ""value"": 0.029157735407352448}, {""token_id"": 5804, ""token"": ""Can"", ""value"": 0.02695724368095398}]",True,False,False,0.3970063515007496
step57000,0,256,256,3,6574, miles,404,7,-1.1887320307343718,-2.5023134944953727,-4.136779670137648,1.0551372256537852,3.5225041634212024,0.008365894667804241,1.1498336791992188,1.1498336791992188,0.0,1.1498336791992188,0.0,1.1498336791992188,4.711311340332031,2.1178603172302246,15.096478462219238,4.097384929656982,60.87111282348633,15679, GC,14,0.17294096946716309,0.8270590305328369,0.0031261146068573,"[{""token_id"": 15679, ""token"": "" GC"", ""value"": 0.17294096946716309}, {""token_id"": 29907, ""token"": ""effects"", ""value"": 0.1698148548603058}, {""token_id"": 8882, ""token"": ""context"", ""value"": 0.16514497995376587}, {""token_id"": 26564, ""token"": "" BU"", ""value"": 0.1646549552679062}, {""token_id"": 27329, ""token"": ""strings"", ""value"": 0.16454781591892242}]",15679, GC,14,60.656951904296875,0.000789642333984375,1.3018167072263279e-05,"[{""token_id"": 15679, ""token"": "" GC"", ""value"": 60.656951904296875}, {""token_id"": 29907, ""token"": ""effects"", ""value"": 60.65774154663086}, {""token_id"": 6640, ""token"": "" NS"", ""value"": 60.66592788696289}, {""token_id"": 26564, ""token"": "" BU"", ""value"": 60.6661491394043}, {""token_id"": 48777, ""token"": ""ermo"", ""value"": 60.666446685791016}]",424,**,0,0.09046973288059235,0.006193801760673523,0.07091903686523438,0.514762818813324,"[{""token_id"": 424, ""token"": ""**"", ""value"": 0.09046973288059235}, {""token_id"": 63, ""token"": ""^"", ""value"": 0.08427593111991882}, {""token_id"": 187, ""token"": ""\n"", ""value"": 0.05011503025889397}, {""token_id"": 550, ""token"": ""cc"", ""value"": 0.03845946490764618}, {""token_id"": 575, ""token"": "" "", ""value"": 0.03372463211417198}]",True,False,False,0.40097733959555626
step57000,256,512,512,0,21825, clones,2,0,1.012870902722435,0.15574050391073335,-5.893684629111851,-0.7202101495205264,3.5225041634212024,0.007247414439916611,0.9606555700302124,0.9606555700302124,0.0,0.9606555700302124,0.0,0.9606555700302124,4.662717342376709,1.6753525733947754,13.089716911315918,4.853682518005371,79.47645568847656,39000,$},0,0.1970260590314865,0.8029739409685135,0.008532628417015076,"[{""token_id"": 39000, ""token"": ""$}"", ""value"": 0.1970260590314865}, {""token_id"": 50200, ""token"": ""araoh"", ""value"": 0.18849343061447144}, {""token_id"": 2118, ""token"": "" move"", ""value"": 0.1848745346069336}, {""token_id"": 2000, ""token"": ""}_"", ""value"": 0.18187060952186584}, {""token_id"": 9155, ""token"": ""ipt"", ""value"": 0.17541618645191193}]",39000,$},0,79.23284912109375,0.003509521484375,4.429376859856827e-05,"[{""token_id"": 39000, ""token"": ""$}"", ""value"": 79.23284912109375}, {""token_id"": 50200, ""token"": ""araoh"", ""value"": 79.23635864257812}, {""token_id"": 2118, ""token"": "" move"", ""value"": 79.24640655517578}, {""token_id"": 9155, ""token"": ""ipt"", ""value"": 79.25257873535156}, {""token_id"": 47202, ""token"": ""}\\{"", ""value"": 79.25696563720703}]",9149, BY,4,0.6324465870857239,0.6053355932235718,3.1496572494506836,0.249998077750206,"[{""token_id"": 9149, ""token"": "" BY"", ""value"": 0.6324465870857239}, {""token_id"": 399, ""token"": "" D"", ""value"": 0.02711097151041031}, {""token_id"": 14732, ""token"": "" COURT"", ""value"": 0.025373222306370735}, {""token_id"": 6651, ""token"": "" FOR"", ""value"": 0.014027987606823444}, {""token_id"": 2949, ""token"": "" IN"", ""value"": 0.012519242241978645}]",True,False,False,0.3910032920539379
step57000,256,512,512,1,23778, motive,8,2,-0.44407096291066483,1.8208550095988407,-1.4240473362336177,-4.126063705275152,3.5225041634212024,0.002316345926374197,0.9619818329811096,0.9619818329811096,0.0,0.9619818329811096,0.0,0.9619818329811096,1.7795710563659668,1.5858371257781982,13.855101585388184,1.8499008417129517,67.05000305175781,7078,--------------------------------------------------------------------------------------------------------------------------------,0,0.17897337675094604,0.821026623249054,7.231533527374268e-05,"[{""token_id"": 7078, ""token"": ""--------------------------------------------------------------------------------------------------------------------------------"", ""value"": 0.17897337675094604}, {""token_id"": 12729, ""token"": ""izable"", ""value"": 0.1789010614156723}, {""token_id"": 4866, ""token"": "" movement"", ""value"": 0.17816191911697388}, {""token_id"": 25678, ""token"": "" Movement"", ""value"": 0.17033402621746063}, {""token_id"": 47403, ""token"": ""πει"", ""value"": 0.1666388362646103}]",7078,--------------------------------------------------------------------------------------------------------------------------------,0,66.8235092163086,0.00079345703125,1.1873920429434033e-05,"[{""token_id"": 7078, ""token"": ""--------------------------------------------------------------------------------------------------------------------------------"", ""value"": 66.8235092163086}, {""token_id"": 12729, ""token"": ""izable"", ""value"": 66.82430267333984}, {""token_id"": 4866, ""token"": "" movement"", ""value"": 66.82938385009766}, {""token_id"": 25678, ""token"": "" Movement"", ""value"": 66.83404541015625}, {""token_id"": 3160, ""token"": ""reet"", ""value"": 66.8408203125}]",21902, Getty,2,0.078631192445755,0.017526865005493164,0.2521858215332031,0.5304114818572998,"[{""token_id"": 21902, ""token"": "" Getty"", ""value"": 0.078631192445755}, {""token_id"": 2656, ""token"": "" God"", ""value"": 0.06110432744026184}, {""token_id"": 4097, ""token"": "" AP"", ""value"": 0.03900344669818878}, {""token_id"": 1066, ""token"": "" down"", ""value"": 0.02686602622270584}, {""token_id"": 2088, ""token"": ""AP"", ""value"": 0.026652656495571136}]",True,False,False,0.3927737921476364
step57000,256,512,512,2,19211, cabinet,33,5,-0.469377453112073,1.882463681445357,-1.4358641551991829,-4.092528904749523,3.5225041634212024,0.0017886921996250749,0.9669765830039978,0.9669765830039978,0.0,0.9669765830039978,0.0,0.9669765830039978,1.8000301122665405,1.5940134525299072,13.88377571105957,1.8615033626556396,66.71092987060547,12729,izable,7,0.1808902621269226,0.8191097378730774,0.0013937056064605713,"[{""token_id"": 12729, ""token"": ""izable"", ""value"": 0.1808902621269226}, {""token_id"": 7078, ""token"": ""--------------------------------------------------------------------------------------------------------------------------------"", ""value"": 0.17949655652046204}, {""token_id"": 4866, ""token"": "" movement"", ""value"": 0.17459337413311005}, {""token_id"": 25678, ""token"": "" Movement"", ""value"": 0.16773995757102966}, {""token_id"": 13113, ""token"": ""                                     "", ""value"": 0.16718769073486328}]",12729,izable,7,66.48262786865234,0.00116729736328125,1.7557930555745224e-05,"[{""token_id"": 12729, ""token"": ""izable"", ""value"": 66.48262786865234}, {""token_id"": 7078, ""token"": ""--------------------------------------------------------------------------------------------------------------------------------"", ""value"": 66.48379516601562}, {""token_id"": 4866, ""token"": "" movement"", ""value"": 66.49504852294922}, {""token_id"": 25678, ""token"": "" Movement"", ""value"": 66.49853515625}, {""token_id"": 3160, ""token"": ""reet"", ""value"": 66.50149536132812}]",21902, Getty,2,0.0709533616900444,0.0020257532596588135,0.02896595001220703,0.5437950491905212,"[{""token_id"": 21902, ""token"": "" Getty"", ""value"": 0.0709533616900444}, {""token_id"": 2656, ""token"": "" God"", ""value"": 0.06892760843038559}, {""token_id"": 13, ""token"": "","", ""value"": 0.028361551463603973}, {""token_id"": 4097, ""token"": "" AP"", ""value"": 0.027162587270140648}, {""token_id"": 1066, ""token"": "" down"", ""value"": 0.024139007553458214}]",True,False,False,0.38839615508913994
step57000,256,512,512,3,6574, miles,404,7,-0.3537507461282966,0.8987451403861364,-2.7927726130627293,-2.914646690521132,3.5225041634212024,-0.0004052964795846492,0.9716551303863525,0.9716551303863525,0.0,0.9716551303863525,0.0,0.9716551303863525,1.8642562627792358,1.6392356157302856,13.889891624450684,1.918639898300171,64.9803237915039,12729,izable,7,0.18098235130310059,0.8190176486968994,0.009683847427368164,"[{""token_id"": 12729, ""token"": ""izable"", ""value"": 0.18098235130310059}, {""token_id"": 7078, ""token"": ""--------------------------------------------------------------------------------------------------------------------------------"", ""value"": 0.17129850387573242}, {""token_id"": 13113, ""token"": ""                                     "", ""value"": 0.1687837690114975}, {""token_id"": 1624, ""token"": ""ential"", ""value"": 0.16483528912067413}, {""token_id"": 40223, ""token"": "" Wife"", ""value"": 0.1640266329050064}]",12729,izable,7,64.75225830078125,0.01229095458984375,0.00018981507228289915,"[{""token_id"": 12729, ""token"": ""izable"", ""value"": 64.75225830078125}, {""token_id"": 7078, ""token"": ""--------------------------------------------------------------------------------------------------------------------------------"", ""value"": 64.7645492553711}, {""token_id"": 1624, ""token"": ""ential"", ""value"": 64.77262878417969}, {""token_id"": 25062, ""token"": "" Karen"", ""value"": 64.77632904052734}, {""token_id"": 31665, ""token"": ""dip"", ""value"": 64.77940368652344}]",2656, God,318,0.0822402611374855,0.04461362585425377,0.7819328308105469,0.5633958578109741,"[{""token_id"": 2656, ""token"": "" God"", ""value"": 0.0822402611374855}, {""token_id"": 13936, ""token"": "" Holy"", ""value"": 0.037626635283231735}, {""token_id"": 13, ""token"": "","", ""value"": 0.035360269248485565}, {""token_id"": 21902, ""token"": "" Getty"", ""value"": 0.02710832469165325}, {""token_id"": 209, ""token"": "" "", ""value"": 0.020372049883008003}]",True,False,False,0.4179316647350788
step57000,512,768,768,0,21825, clones,2,0,-1.211060347294905,-1.6720059710283146,-3.453255248460451,0.8024941986636129,3.5225041634212024,-0.008057214319705963,0.9891164302825928,0.9862461090087891,0.07529891282320023,0.9862461090087891,0.07529891282320023,0.9891164302825928,2.310547351837158,1.764275312423706,14.71621036529541,2.3359711170196533,62.00143051147461,9683,Layout,0,0.1846177726984024,0.8153822273015976,0.0066320449113845825,"[{""token_id"": 9683, ""token"": ""Layout"", ""value"": 0.1846177726984024}, {""token_id"": 29907, ""token"": ""effects"", ""value"": 0.17798572778701782}, {""token_id"": 14778, ""token"": ""widget"", ""value"": 0.1770494282245636}, {""token_id"": 8882, ""token"": ""context"", ""value"": 0.16876466572284698}, {""token_id"": 6178, ""token"": "" dose"", ""value"": 0.16737426817417145}]",9683,Layout,0,61.76922607421875,0.00757598876953125,0.00012264988977566803,"[{""token_id"": 9683, ""token"": ""Layout"", ""value"": 61.76922607421875}, {""token_id"": 29907, ""token"": ""effects"", ""value"": 61.77680206298828}, {""token_id"": 14778, ""token"": ""widget"", ""value"": 61.78103256225586}, {""token_id"": 8882, ""token"": ""context"", ""value"": 61.791839599609375}, {""token_id"": 6178, ""token"": "" dose"", ""value"": 61.7918701171875}]",63,^,0,0.0469498485326767,0.011762689799070358,0.28839874267578125,0.5600783824920654,"[{""token_id"": 63, ""token"": ""^"", ""value"": 0.0469498485326767}, {""token_id"": 575, ""token"": "" "", ""value"": 0.03518715873360634}, {""token_id"": 15, ""token"": ""."", ""value"": 0.03037288598716259}, {""token_id"": 434, ""token"": ""'s"", ""value"": 0.023836903274059296}, {""token_id"": 5804, ""token"": ""Can"", ""value"": 0.022957460954785347}]",True,False,False,0.38564905151724815
step57000,512,768,768,1,23778, motive,8,2,-1.608194450220286,-1.9542196884344625,-4.5223219484478285,0.9134488426397149,3.5225041634212024,-0.004228449426591396,1.0446665287017822,1.0446665287017822,0.0,1.0446665287017822,0.0,1.0446665287017822,4.793768405914307,2.2026729583740234,15.233316421508789,4.588802337646484,61.634037017822266,8882,context,0,0.17552539706230164,0.8244746029376984,0.0018773078918457031,"[{""token_id"": 8882, ""token"": ""context"", ""value"": 0.17552539706230164}, {""token_id"": 29907, ""token"": ""effects"", ""value"": 0.17364808917045593}, {""token_id"": 48777, ""token"": ""ermo"", ""value"": 0.16826657950878143}, {""token_id"": 9683, ""token"": ""Layout"", ""value"": 0.1662743240594864}, {""token_id"": 5856, ""token"": ""Context"", ""value"": 0.1630517989397049}]",29907,effects,0,61.41532897949219,0.00022125244140625,3.6025605509681573e-06,"[{""token_id"": 29907, ""token"": ""effects"", ""value"": 61.41532897949219}, {""token_id"": 8882, ""token"": ""context"", ""value"": 61.415550231933594}, {""token_id"": 48777, ""token"": ""ermo"", ""value"": 61.42276382446289}, {""token_id"": 9683, ""token"": ""Layout"", ""value"": 61.426456451416016}, {""token_id"": 6640, ""token"": "" NS"", ""value"": 61.43255615234375}]",63,^,0,0.07988516241312027,0.01936471462249756,0.27760887145996094,0.5312211513519287,"[{""token_id"": 63, ""token"": ""^"", ""value"": 0.07988516241312027}, {""token_id"": 424, ""token"": ""**"", ""value"": 0.06052044779062271}, {""token_id"": 575, ""token"": "" "", ""value"": 0.04876045882701874}, {""token_id"": 187, ""token"": ""\n"", ""value"": 0.03621617332100868}, {""token_id"": 15, ""token"": ""."", ""value"": 0.028463078662753105}]",False,False,False,0.3874169923365116
step57000,512,768,768,2,19211, cabinet,33,5,-1.493250035750392,-2.117436419967782,-4.48391899283709,0.9445160275142883,3.5225041634212024,-0.0012441463768482208,1.0884462594985962,1.0884462594985962,0.0,1.0884462594985962,0.0,1.0884462594985962,4.729926109313965,2.183229684829712,15.166069030761719,4.345576286315918,61.367454528808594,8882,context,0,0.17267189919948578,0.8273281008005142,7.237493991851807e-05,"[{""token_id"": 8882, ""token"": ""context"", ""value"": 0.17267189919948578}, {""token_id"": 29907, ""token"": ""effects"", ""value"": 0.17259952425956726}, {""token_id"": 48777, ""token"": ""ermo"", ""value"": 0.1674419343471527}, {""token_id"": 15679, ""token"": "" GC"", ""value"": 0.16553030908107758}, {""token_id"": 21390, ""token"": ""props"", ""value"": 0.16315408051013947}]",29907,effects,0,61.15021896362305,0.00260162353515625,4.254479508411736e-05,"[{""token_id"": 29907, ""token"": ""effects"", ""value"": 61.15021896362305}, {""token_id"": 8882, ""token"": ""context"", ""value"": 61.1528205871582}, {""token_id"": 48777, ""token"": ""ermo"", ""value"": 61.157352447509766}, {""token_id"": 15679, ""token"": "" GC"", ""value"": 61.162986755371094}, {""token_id"": 6640, ""token"": "" NS"", ""value"": 61.163360595703125}]",63,^,0,0.08428573608398438,0.0137481689453125,0.17806720733642578,0.523736298084259,"[{""token_id"": 63, ""token"": ""^"", ""value"": 0.08428573608398438}, {""token_id"": 424, ""token"": ""**"", ""value"": 0.07053756713867188}, {""token_id"": 575, ""token"": "" "", ""value"": 0.045307423919439316}, {""token_id"": 187, ""token"": ""\n"", ""value"": 0.04342743754386902}, {""token_id"": 15, ""token"": ""."", ""value"": 0.028779324144124985}]",False,False,False,0.40556031465530396
step57000,512,768,768,3,6574, miles,404,7,-0.7582327585198367,-2.9859068354249745,-3.1334637378438304,0.9862145393592545,3.5225041634212024,-0.00028525537345558405,1.1738808155059814,1.1738808155059814,0.0,1.1738808155059814,0.0,1.1738808155059814,6.256336688995361,1.9586710929870605,15.611407279968262,5.329618453979492,60.045799255371094,15679, GC,14,0.17997302114963531,0.8200269788503647,0.003877878189086914,"[{""token_id"": 15679, ""token"": "" GC"", ""value"": 0.17997302114963531}, {""token_id"": 27329, ""token"": ""strings"", ""value"": 0.1760951429605484}, {""token_id"": 42386, ""token"": ""agogue"", ""value"": 0.16611233353614807}, {""token_id"": 26564, ""token"": "" BU"", ""value"": 0.1641201376914978}, {""token_id"": 1553, ""token"": ""pec"", ""value"": 0.16274681687355042}]",15679, GC,14,59.82252502441406,0.003452301025390625,5.7709048957423855e-05,"[{""token_id"": 15679, ""token"": "" GC"", ""value"": 59.82252502441406}, {""token_id"": 27329, ""token"": ""strings"", ""value"": 59.82597732543945}, {""token_id"": 1553, ""token"": ""pec"", ""value"": 59.839866638183594}, {""token_id"": 26564, ""token"": "" BU"", ""value"": 59.84174728393555}, {""token_id"": 42386, ""token"": ""agogue"", ""value"": 59.842403411865234}]",424,**,0,0.0935557410120964,0.033799465745687485,0.44828319549560547,0.5286156535148621,"[{""token_id"": 424, ""token"": ""**"", ""value"": 0.0935557410120964}, {""token_id"": 63, ""token"": ""^"", ""value"": 0.05975627526640892}, {""token_id"": 187, ""token"": ""\n"", ""value"": 0.04277627915143967}, {""token_id"": 9, ""token"": ""("", ""value"": 0.04194863140583038}, {""token_id"": 15, ""token"": ""."", ""value"": 0.028748175129294395}]",True,False,False,0.41243861615657806
step57000,768,1024,1024,0,21825, clones,2,0,-0.9367113819743195,1.0873897332887625,-2.68589548067377,-4.1669969208594235,3.5225041634212024,0.005476747639477253,0.9393635392189026,0.9393635392189026,0.0,0.9393635392189026,0.0,0.9393635392189026,1.7290421724319458,1.547240972518921,13.632380485534668,1.8406528234481812,68.9474105834961,4866, movement,175,0.176975816488266,0.823024183511734,0.0031892061233520508,"[{""token_id"": 4866, ""token"": "" movement"", ""value"": 0.176975816488266}, {""token_id"": 2118, ""token"": "" move"", ""value"": 0.17378661036491394}, {""token_id"": 25678, ""token"": "" Movement"", ""value"": 0.1682010442018509}, {""token_id"": 5339, ""token"": "" killed"", ""value"": 0.16770920157432556}, {""token_id"": 9727, ""token"": "" moves"", ""value"": 0.1647958606481552}]",4866, movement,175,68.7280044555664,0.00539398193359375,7.848302851686946e-05,"[{""token_id"": 4866, ""token"": "" movement"", ""value"": 68.7280044555664}, {""token_id"": 2118, ""token"": "" move"", ""value"": 68.7333984375}, {""token_id"": 25678, ""token"": "" Movement"", ""value"": 68.73397064208984}, {""token_id"": 5339, ""token"": "" killed"", ""value"": 68.73858642578125}, {""token_id"": 7078, ""token"": ""--------------------------------------------------------------------------------------------------------------------------------"", ""value"": 68.74120330810547}]",4097, AP,53,0.05099234730005264,0.009912736713886261,0.21616363525390625,0.512320876121521,"[{""token_id"": 4097, ""token"": "" AP"", ""value"": 0.05099234730005264}, {""token_id"": 19689, ""token"": "" NAT"", ""value"": 0.04107961058616638}, {""token_id"": 2088, ""token"": ""AP"", ""value"": 0.0400766022503376}, {""token_id"": 2656, ""token"": "" God"", ""value"": 0.03830954432487488}, {""token_id"": 10948, ""token"": ""ATH"", ""value"": 0.035600874572992325}]",True,False,False,0.3415747582912445
step57000,768,1024,1024,1,23778, motive,8,2,-0.5761908973143592,1.6123754578394327,-1.9526134672146302,-3.8303839400885282,3.5225041634212024,0.0012721834937110543,0.9661747217178345,0.9661747217178345,0.0,0.9661747217178345,0.0,0.9661747217178345,1.8298150300979614,1.6080766916275024,13.869476318359375,1.8938759565353394,66.10305786132812,12729,izable,7,0.18106938898563385,0.8189306110143661,0.004822537302970886,"[{""token_id"": 12729, ""token"": ""izable"", ""value"": 0.18106938898563385}, {""token_id"": 7078, ""token"": ""--------------------------------------------------------------------------------------------------------------------------------"", ""value"": 0.17624685168266296}, {""token_id"": 13113, ""token"": ""                                     "", ""value"": 0.16953781247138977}, {""token_id"": 31665, ""token"": ""dip"", ""value"": 0.16619320213794708}, {""token_id"": 4866, ""token"": "" movement"", ""value"": 0.1651931256055832}]",12729,izable,7,65.87464141845703,0.00577545166015625,8.767336771472824e-05,"[{""token_id"": 12729, ""token"": ""izable"", ""value"": 65.87464141845703}, {""token_id"": 7078, ""token"": ""--------------------------------------------------------------------------------------------------------------------------------"", ""value"": 65.88041687011719}, {""token_id"": 1624, ""token"": ""ential"", ""value"": 65.8949966430664}, {""token_id"": 31665, ""token"": ""dip"", ""value"": 65.8958740234375}, {""token_id"": 3160, ""token"": ""reet"", ""value"": 65.89604949951172}]",2656, God,318,0.08352785557508469,0.03822220861911774,0.6117486953735352,0.5582082867622375,"[{""token_id"": 2656, ""token"": "" God"", ""value"": 0.08352785557508469}, {""token_id"": 21902, ""token"": "" Getty"", ""value"": 0.04530564695596695}, {""token_id"": 13, ""token"": "","", ""value"": 0.03303293511271477}, {""token_id"": 13936, ""token"": "" Holy"", ""value"": 0.022198252379894257}, {""token_id"": 15, ""token"": ""."", ""value"": 0.021826377138495445}]",True,False,False,0.39208922535181046
step57000,768,1024,1024,2,19211, cabinet,33,5,-0.5525722547676846,1.3781521594888062,-2.2653037630750252,-3.570443052179053,3.5225041634212024,-0.00025410333182662725,0.9655418395996094,0.9655418395996094,0.0,0.9655418395996094,0.0,0.9655418395996094,1.8406410217285156,1.6169642210006714,13.864435195922852,1.90632963180542,65.75619506835938,12729,izable,7,0.1808045357465744,0.8191954642534256,0.006469801068305969,"[{""token_id"": 12729, ""token"": ""izable"", ""value"": 0.1808045357465744}, {""token_id"": 7078, ""token"": ""--------------------------------------------------------------------------------------------------------------------------------"", ""value"": 0.17433473467826843}, {""token_id"": 13113, ""token"": ""                                     "", ""value"": 0.16906394064426422}, {""token_id"": 1624, ""token"": ""ential"", ""value"": 0.16536282002925873}, {""token_id"": 31665, ""token"": ""dip"", ""value"": 0.16507475078105927}]",12729,izable,7,65.5281982421875,0.00798797607421875,0.00012190135374538708,"[{""token_id"": 12729, ""token"": ""izable"", ""value"": 65.5281982421875}, {""token_id"": 7078, ""token"": ""--------------------------------------------------------------------------------------------------------------------------------"", ""value"": 65.53618621826172}, {""token_id"": 1624, ""token"": ""ential"", ""value"": 65.54762268066406}, {""token_id"": 31665, ""token"": ""dip"", ""value"": 65.55056762695312}, {""token_id"": 25062, ""token"": "" Karen"", ""value"": 65.5506591796875}]",2656, God,318,0.08585938811302185,0.04868721216917038,0.8371505737304688,0.5610605478286743,"[{""token_id"": 2656, ""token"": "" God"", ""value"": 0.08585938811302185}, {""token_id"": 21902, ""token"": "" Getty"", ""value"": 0.03717217594385147}, {""token_id"": 13, ""token"": "","", ""value"": 0.034300729632377625}, {""token_id"": 13936, ""token"": "" Holy"", ""value"": 0.028674092143774033}, {""token_id"": 15, ""token"": ""."", ""value"": 0.02158507890999317}]",True,False,False,0.3946063928306103
step57000,768,1024,1024,3,6574, miles,404,7,0.14433004082097156,0.2181443402216594,-3.13213491427911,-2.0203291442806504,3.5225041634212024,-0.0002685172948986292,0.9865301847457886,0.9865301847457886,0.0,0.9865301847457886,0.0,0.9865301847457886,1.9333685636520386,1.6723459959030151,13.987593650817871,1.9597662687301636,63.81044006347656,12729,izable,7,0.17970627546310425,0.8202937245368958,0.011750459671020508,"[{""token_id"": 12729, ""token"": ""izable"", ""value"": 0.17970627546310425}, {""token_id"": 13113, ""token"": ""                                     "", ""value"": 0.16795581579208374}, {""token_id"": 7078, ""token"": ""--------------------------------------------------------------------------------------------------------------------------------"", ""value"": 0.1679445207118988}, {""token_id"": 42951, ""token"": ""除"", ""value"": 0.16460508108139038}, {""token_id"": 1624, ""token"": ""ential"", ""value"": 0.1630595177412033}]",12729,izable,7,63.58432388305664,0.0150909423828125,0.00023733746718086586,"[{""token_id"": 12729, ""token"": ""izable"", ""value"": 63.58432388305664}, {""token_id"": 7078, ""token"": ""--------------------------------------------------------------------------------------------------------------------------------"", ""value"": 63.59941482543945}, {""token_id"": 42951, ""token"": ""除"", ""value"": 63.60520553588867}, {""token_id"": 1624, ""token"": ""ential"", ""value"": 63.60538101196289}, {""token_id"": 40223, ""token"": "" Wife"", ""value"": 63.61336898803711}]",2656, God,318,0.060668427497148514,0.026275239884853363,0.5675649642944336,0.5626581907272339,"[{""token_id"": 2656, ""token"": "" God"", ""value"": 0.060668427497148514}, {""token_id"": 13, ""token"": "","", ""value"": 0.03439318761229515}, {""token_id"": 575, ""token"": "" "", ""value"": 0.03423992916941643}, {""token_id"": 13936, ""token"": "" Holy"", ""value"": 0.03392386808991432}, {""token_id"": 16730, ""token"": "" ceremony"", ""value"": 0.031249569728970528}]",True,False,False,0.33042503893375397
step61000,0,256,256,0,21825, clones,2,0,-2.30631489052803,-1.1401558248915795,-5.331675862152349,-3.444181011787284,3.5334854879685467,-0.09701655060052872,0.899904727935791,0.899904727935791,0.0,0.899904727935791,0.0,0.899904727935791,1.9082574844360352,1.568676471710205,13.383196830749512,2.1205105781555176,69.90785217285156,30654, pastor,7,0.1863572895526886,0.8136427104473114,0.0018846243619918823,"[{""token_id"": 30654, ""token"": "" pastor"", ""value"": 0.1863572895526886}, {""token_id"": 46695, ""token"": "" propagated"", ""value"": 0.18447266519069672}, {""token_id"": 12729, ""token"": ""izable"", ""value"": 0.18064410984516144}, {""token_id"": 38908, ""token"": ""保"", ""value"": 0.17848259210586548}, {""token_id"": 25678, ""token"": "" Movement"", ""value"": 0.17327794432640076}]",30654, pastor,7,69.67632293701172,0.00365447998046875,5.2449380599094564e-05,"[{""token_id"": 30654, ""token"": "" pastor"", ""value"": 69.67632293701172}, {""token_id"": 46695, ""token"": "" propagated"", ""value"": 69.67997741699219}, {""token_id"": 12729, ""token"": ""izable"", ""value"": 69.68533325195312}, {""token_id"": 38908, ""token"": ""保"", ""value"": 69.69123077392578}, {""token_id"": 25678, ""token"": "" Movement"", ""value"": 69.69194030761719}]",21902, Getty,2,0.07738121598958969,0.044855330139398575,0.8667078018188477,0.5365428924560547,"[{""token_id"": 21902, ""token"": "" Getty"", ""value"": 0.07738121598958969}, {""token_id"": 13936, ""token"": "" Holy"", ""value"": 0.032525885850191116}, {""token_id"": 2656, ""token"": "" God"", ""value"": 0.028649240732192993}, {""token_id"": 37496, ""token"": "" Standing"", ""value"": 0.027400150895118713}, {""token_id"": 14963, ""token"": "" Stone"", ""value"": 0.02615530788898468}]",True,False,False,0.38672518730163574
step61000,0,256,256,1,23778, motive,8,2,-2.306314899030604,-1.1401564711209906,-5.331675888278095,-3.4441805296484493,3.5334854879685467,-0.09271764010190964,0.8999028205871582,0.8999028205871582,0.0,0.8999028205871582,0.0,0.8999028205871582,1.908265233039856,1.568677544593811,13.383196830749512,2.120523691177368,69.90785217285156,30654, pastor,7,0.1863573044538498,0.8136426955461502,0.0018846243619918823,"[{""token_id"": 30654, ""token"": "" pastor"", ""value"": 0.1863573044538498}, {""token_id"": 46695, ""token"": "" propagated"", ""value"": 0.1844726800918579}, {""token_id"": 12729, ""token"": ""izable"", ""value"": 0.18064408004283905}, {""token_id"": 38908, ""token"": ""保"", ""value"": 0.17848257720470428}, {""token_id"": 25678, ""token"": "" Movement"", ""value"": 0.17327795922756195}]",30654, pastor,7,69.67632293701172,0.00365447998046875,5.2449380599094564e-05,"[{""token_id"": 30654, ""token"": "" pastor"", ""value"": 69.67632293701172}, {""token_id"": 46695, ""token"": "" propagated"", ""value"": 69.67997741699219}, {""token_id"": 12729, ""token"": ""izable"", ""value"": 69.68533325195312}, {""token_id"": 38908, ""token"": ""保"", ""value"": 69.69123077392578}, {""token_id"": 25678, ""token"": "" Movement"", ""value"": 69.69194030761719}]",21902, Getty,2,0.07738123089075089,0.044855277985334396,0.8667058944702148,0.5365428924560547,"[{""token_id"": 21902, ""token"": "" Getty"", ""value"": 0.07738123089075089}, {""token_id"": 13936, ""token"": "" Holy"", ""value"": 0.03252595290541649}, {""token_id"": 2656, ""token"": "" God"", ""value"": 0.02864922024309635}, {""token_id"": 37496, ""token"": "" Standing"", ""value"": 0.0274001806974411}, {""token_id"": 14963, ""token"": "" Stone"", ""value"": 0.02615528367459774}]",True,False,False,0.3904780149459839
step61000,0,256,256,2,19211, cabinet,33,5,-2.3063147376655007,-1.140156457411526,-5.331673847778585,-3.4441808840909305,3.5334854879685467,-0.09669124335050583,0.899904727935791,0.899904727935791,0.0,0.899904727935791,0.0,0.899904727935791,1.908247470855713,1.568673014640808,13.383196830749512,2.1204993724823,69.90785217285156,30654, pastor,7,0.1863572895526886,0.8136427104473114,0.0018846243619918823,"[{""token_id"": 30654, ""token"": "" pastor"", ""value"": 0.1863572895526886}, {""token_id"": 46695, ""token"": "" propagated"", ""value"": 0.18447266519069672}, {""token_id"": 12729, ""token"": ""izable"", ""value"": 0.18064408004283905}, {""token_id"": 38908, ""token"": ""保"", ""value"": 0.1784825474023819}, {""token_id"": 25678, ""token"": "" Movement"", ""value"": 0.17327795922756195}]",30654, pastor,7,69.67632293701172,0.00365447998046875,5.2449380599094564e-05,"[{""token_id"": 30654, ""token"": "" pastor"", ""value"": 69.67632293701172}, {""token_id"": 46695, ""token"": "" propagated"", ""value"": 69.67997741699219}, {""token_id"": 12729, ""token"": ""izable"", ""value"": 69.68533325195312}, {""token_id"": 38908, ""token"": ""保"", ""value"": 69.69123077392578}, {""token_id"": 25678, ""token"": "" Movement"", ""value"": 69.69194030761719}]",21902, Getty,2,0.07738123089075089,0.044855307787656784,0.8667068481445312,0.5365429520606995,"[{""token_id"": 21902, ""token"": "" Getty"", ""value"": 0.07738123089075089}, {""token_id"": 13936, ""token"": "" Holy"", ""value"": 0.0325259231030941}, {""token_id"": 2656, ""token"": "" God"", ""value"": 0.02864927612245083}, {""token_id"": 37496, ""token"": "" Standing"", ""value"": 0.027400154620409012}, {""token_id"": 14963, ""token"": "" Stone"", ""value"": 0.02615531161427498}]",True,False,False,0.37854908406734467
step61000,0,256,256,3,6574, miles,404,7,-2.3063145155888223,-1.1401574625898492,-5.33167517333182,-3.4441803521560934,3.5334854879685467,-0.09497794508934021,0.8999046683311462,0.8999046683311462,0.0,0.8999046683311462,0.0,0.8999046683311462,1.9082740545272827,1.5686736106872559,13.383195877075195,2.1205291748046875,69.90785217285156,30654, pastor,7,0.18635734915733337,0.8136426508426666,0.0018846690654754639,"[{""token_id"": 30654, ""token"": "" pastor"", ""value"": 0.18635734915733337}, {""token_id"": 46695, ""token"": "" propagated"", ""value"": 0.1844726800918579}, {""token_id"": 12729, ""token"": ""izable"", ""value"": 0.18064410984516144}, {""token_id"": 38908, ""token"": ""保"", ""value"": 0.17848259210586548}, {""token_id"": 25678, ""token"": "" Movement"", ""value"": 0.17327797412872314}]",30654, pastor,7,69.67633056640625,0.0036468505859375,5.23398772049542e-05,"[{""token_id"": 30654, ""token"": "" pastor"", ""value"": 69.67633056640625}, {""token_id"": 46695, ""token"": "" propagated"", ""value"": 69.67997741699219}, {""token_id"": 12729, ""token"": ""izable"", ""value"": 69.68533325195312}, {""token_id"": 38908, ""token"": ""保"", ""value"": 69.69123077392578}, {""token_id"": 25678, ""token"": "" Movement"", ""value"": 69.69194793701172}]",21902, Getty,2,0.07738136500120163,0.04485541582107544,0.8667078018188477,0.5365428328514099,"[{""token_id"": 21902, ""token"": "" Getty"", ""value"": 0.07738136500120163}, {""token_id"": 13936, ""token"": "" Holy"", ""value"": 0.03252594918012619}, {""token_id"": 2656, ""token"": "" God"", ""value"": 0.028649242594838142}, {""token_id"": 37496, ""token"": "" Standing"", ""value"": 0.027400150895118713}, {""token_id"": 14963, ""token"": "" Stone"", ""value"": 0.02615535818040371}]",True,False,False,0.31113213673233986
step61000,256,512,512,0,21825, clones,2,0,-2.3063146518297817,-1.140157209553701,-5.331674919572725,-3.4441813805497716,3.5334854879685467,-0.10545796155929565,0.8999072313308716,0.8999072313308716,0.0,0.8999072313308716,0.0,0.8999072313308716,1.9082767963409424,1.5686795711517334,13.383194923400879,2.120526075363159,69.9078598022461,30654, pastor,7,0.1863572895526886,0.8136427104473114,0.0018845796585083008,"[{""token_id"": 30654, ""token"": "" pastor"", ""value"": 0.1863572895526886}, {""token_id"": 46695, ""token"": "" propagated"", ""value"": 0.1844727098941803}, {""token_id"": 12729, ""token"": ""izable"", ""value"": 0.18064410984516144}, {""token_id"": 38908, ""token"": ""保"", ""value"": 0.1784825623035431}, {""token_id"": 25678, ""token"": "" Movement"", ""value"": 0.17327795922756195}]",30654, pastor,7,69.67633056640625,0.00365447998046875,5.244937485601059e-05,"[{""token_id"": 30654, ""token"": "" pastor"", ""value"": 69.67633056640625}, {""token_id"": 46695, ""token"": "" propagated"", ""value"": 69.67998504638672}, {""token_id"": 12729, ""token"": ""izable"", ""value"": 69.68534088134766}, {""token_id"": 38908, ""token"": ""保"", ""value"": 69.69123840332031}, {""token_id"": 25678, ""token"": "" Movement"", ""value"": 69.69194793701172}]",21902, Getty,2,0.07738122344017029,0.044855304062366486,0.8667068481445312,0.5365428924560547,"[{""token_id"": 21902, ""token"": "" Getty"", ""value"": 0.07738122344017029}, {""token_id"": 13936, ""token"": "" Holy"", ""value"": 0.0325259193778038}, {""token_id"": 2656, ""token"": "" God"", ""value"": 0.028649218380451202}, {""token_id"": 37496, ""token"": "" Standing"", ""value"": 0.027400178834795952}, {""token_id"": 14963, ""token"": "" Stone"", ""value"": 0.02615533210337162}]",True,False,False,0.38734037429094315
step61000,256,512,512,1,23778, motive,8,2,-2.3063147649601454,-1.1401564535721163,-5.331674959040056,-3.4441812415263824,3.5334854879685467,-0.10541492700576782,0.8999080061912537,0.8999080061912537,0.0,0.8999080061912537,0.0,0.8999080061912537,1.9082791805267334,1.5686815977096558,13.383195877075195,2.1205270290374756,69.9078598022461,30654, pastor,7,0.1863572597503662,0.8136427402496338,0.001884564757347107,"[{""token_id"": 30654, ""token"": "" pastor"", ""value"": 0.1863572597503662}, {""token_id"": 46695, ""token"": "" propagated"", ""value"": 0.1844726949930191}, {""token_id"": 12729, ""token"": ""izable"", ""value"": 0.18064408004283905}, {""token_id"": 38908, ""token"": ""保"", ""value"": 0.17848257720470428}, {""token_id"": 25678, ""token"": "" Movement"", ""value"": 0.17327794432640076}]",30654, pastor,7,69.67633056640625,0.00365447998046875,5.244937485601059e-05,"[{""token_id"": 30654, ""token"": "" pastor"", ""value"": 69.67633056640625}, {""token_id"": 46695, ""token"": "" propagated"", ""value"": 69.67998504638672}, {""token_id"": 12729, ""token"": ""izable"", ""value"": 69.68534088134766}, {""token_id"": 38908, ""token"": ""保"", ""value"": 69.69123840332031}, {""token_id"": 25678, ""token"": "" Movement"", ""value"": 69.69194793701172}]",21902, Getty,2,0.07738130539655685,0.044855352491140366,0.8667068481445312,0.5365428924560547,"[{""token_id"": 21902, ""token"": "" Getty"", ""value"": 0.07738130539655685}, {""token_id"": 13936, ""token"": "" Holy"", ""value"": 0.03252595290541649}, {""token_id"": 2656, ""token"": "" God"", ""value"": 0.02864922024309635}, {""token_id"": 37496, ""token"": "" Standing"", ""value"": 0.0274001806974411}, {""token_id"": 14963, ""token"": "" Stone"", ""value"": 0.026155337691307068}]",True,False,False,0.39535750076174736
step61000,256,512,512,2,19211, cabinet,33,5,-2.3063152787311356,-1.1401565414839867,-5.331675633823516,-3.444180973443028,3.5334854879685467,-0.10528922826051712,0.8999063968658447,0.8999063968658447,0.0,0.8999063968658447,0.0,0.8999063968658447,1.9082685708999634,1.5686829090118408,13.383194923400879,2.120518922805786,69.90785217285156,30654, pastor,7,0.1863573044538498,0.8136426955461502,0.00188465416431427,"[{""token_id"": 30654, ""token"": "" pastor"", ""value"": 0.1863573044538498}, {""token_id"": 46695, ""token"": "" propagated"", ""value"": 0.18447265028953552}, {""token_id"": 12729, ""token"": ""izable"", ""value"": 0.18064410984516144}, {""token_id"": 38908, ""token"": ""保"", ""value"": 0.1784825623035431}, {""token_id"": 25678, ""token"": "" Movement"", ""value"": 0.17327795922756195}]",30654, pastor,7,69.67633056640625,0.0036468505859375,5.23398772049542e-05,"[{""token_id"": 30654, ""token"": "" pastor"", ""value"": 69.67633056640625}, {""token_id"": 46695, ""token"": "" propagated"", ""value"": 69.67997741699219}, {""token_id"": 12729, ""token"": ""izable"", ""value"": 69.68533325195312}, {""token_id"": 38908, ""token"": ""保"", ""value"": 69.69123077392578}, {""token_id"": 25678, ""token"": "" Movement"", ""value"": 69.69194793701172}]",21902, Getty,2,0.07738132774829865,0.044855330139398575,0.8667058944702148,0.5365428328514099,"[{""token_id"": 21902, ""token"": "" Getty"", ""value"": 0.07738132774829865}, {""token_id"": 13936, ""token"": "" Holy"", ""value"": 0.03252599760890007}, {""token_id"": 2656, ""token"": "" God"", ""value"": 0.028649283573031425}, {""token_id"": 37496, ""token"": "" Standing"", ""value"": 0.02740010991692543}, {""token_id"": 14963, ""token"": "" Stone"", ""value"": 0.026155292987823486}]",True,False,False,0.32409631833434105
step61000,256,512,512,3,6574, miles,404,7,-2.3063146744829846,-1.1401566949658728,-5.331675188836163,-3.4441817593318307,3.5334854879685467,-0.10544800758361816,0.8999040722846985,0.8999040722846985,0.0,0.8999040722846985,0.0,0.8999040722846985,1.9082940816879272,1.5686661005020142,13.383194923400879,2.1205527782440186,69.9078598022461,30654, pastor,7,0.1863573044538498,0.8136426955461502,0.0018846243619918823,"[{""token_id"": 30654, ""token"": "" pastor"", ""value"": 0.1863573044538498}, {""token_id"": 46695, ""token"": "" propagated"", ""value"": 0.1844726800918579}, {""token_id"": 12729, ""token"": ""izable"", ""value"": 0.18064408004283905}, {""token_id"": 38908, ""token"": ""保"", ""value"": 0.17848257720470428}, {""token_id"": 25678, ""token"": "" Movement"", ""value"": 0.17327794432640076}]",30654, pastor,7,69.67633056640625,0.00365447998046875,5.244937485601059e-05,"[{""token_id"": 30654, ""token"": "" pastor"", ""value"": 69.67633056640625}, {""token_id"": 46695, ""token"": "" propagated"", ""value"": 69.67998504638672}, {""token_id"": 12729, ""token"": ""izable"", ""value"": 69.68534088134766}, {""token_id"": 38908, ""token"": ""保"", ""value"": 69.69123840332031}, {""token_id"": 25678, ""token"": "" Movement"", ""value"": 69.69194793701172}]",21902, Getty,2,0.07738130539655685,0.04485538229346275,0.8667078018188477,0.5365428924560547,"[{""token_id"": 21902, ""token"": "" Getty"", ""value"": 0.07738130539655685}, {""token_id"": 13936, ""token"": "" Holy"", ""value"": 0.0325259231030941}, {""token_id"": 2656, ""token"": "" God"", ""value"": 0.0286492221057415}, {""token_id"": 37496, ""token"": "" Standing"", ""value"": 0.027400154620409012}, {""token_id"": 14963, ""token"": "" Stone"", ""value"": 0.02615531161427498}]",True,False,False,0.3882201313972473
step61000,512,768,768,0,21825, clones,2,0,-2.3063147342312362,-1.1401578688251626,-5.331674310683903,-3.444181150851217,3.5334854879685467,-0.10545484721660614,0.8999062776565552,0.8999062776565552,0.0,0.8999062776565552,0.0,0.8999062776565552,1.9082735776901245,1.5686745643615723,13.383195877075195,2.1205248832702637,69.90785217285156,30654, pastor,7,0.1863572895526886,0.8136427104473114,0.0018846243619918823,"[{""token_id"": 30654, ""token"": "" pastor"", ""value"": 0.1863572895526886}, {""token_id"": 46695, ""token"": "" propagated"", ""value"": 0.18447266519069672}, {""token_id"": 12729, ""token"": ""izable"", ""value"": 0.18064408004283905}, {""token_id"": 38908, ""token"": ""保"", ""value"": 0.17848259210586548}, {""token_id"": 25678, ""token"": "" Movement"", ""value"": 0.17327795922756195}]",30654, pastor,7,69.67632293701172,0.00365447998046875,5.2449380599094564e-05,"[{""token_id"": 30654, ""token"": "" pastor"", ""value"": 69.67632293701172}, {""token_id"": 46695, ""token"": "" propagated"", ""value"": 69.67997741699219}, {""token_id"": 12729, ""token"": ""izable"", ""value"": 69.68533325195312}, {""token_id"": 38908, ""token"": ""保"", ""value"": 69.69123077392578}, {""token_id"": 25678, ""token"": "" Movement"", ""value"": 69.69194030761719}]",21902, Getty,2,0.07738123089075089,0.0448552742600441,0.8667058944702148,0.5365428924560547,"[{""token_id"": 21902, ""token"": "" Getty"", ""value"": 0.07738123089075089}, {""token_id"": 13936, ""token"": "" Holy"", ""value"": 0.03252595663070679}, {""token_id"": 2656, ""token"": "" God"", ""value"": 0.02864924818277359}, {""token_id"": 37496, ""token"": "" Standing"", ""value"": 0.027400104328989983}, {""token_id"": 14963, ""token"": "" Stone"", ""value"": 0.026155313476920128}]",True,False,False,0.37755129486322403
step61000,512,768,768,1,23778, motive,8,2,-2.3063149652591126,-1.140157668558229,-5.331676433713531,-3.4441823223668164,3.5334854879685467,-0.10546953976154327,0.8999042510986328,0.8999042510986328,0.0,0.8999042510986328,0.0,0.8999042510986328,1.9082497358322144,1.5686708688735962,13.383195877075195,2.1205031871795654,69.90785217285156,30654, pastor,7,0.1863572895526886,0.8136427104473114,0.0018846094608306885,"[{""token_id"": 30654, ""token"": "" pastor"", ""value"": 0.1863572895526886}, {""token_id"": 46695, ""token"": "" propagated"", ""value"": 0.1844726800918579}, {""token_id"": 12729, ""token"": ""izable"", ""value"": 0.18064410984516144}, {""token_id"": 38908, ""token"": ""保"", ""value"": 0.1784825623035431}, {""token_id"": 25678, ""token"": "" Movement"", ""value"": 0.17327795922756195}]",30654, pastor,7,69.67633056640625,0.0036468505859375,5.23398772049542e-05,"[{""token_id"": 30654, ""token"": "" pastor"", ""value"": 69.67633056640625}, {""token_id"": 46695, ""token"": "" propagated"", ""value"": 69.67997741699219}, {""token_id"": 12729, ""token"": ""izable"", ""value"": 69.68533325195312}, {""token_id"": 38908, ""token"": ""保"", ""value"": 69.69123077392578}, {""token_id"": 25678, ""token"": "" Movement"", ""value"": 69.69194793701172}]",21902, Getty,2,0.07738130539655685,0.04485534876585007,0.8667068481445312,0.5365428328514099,"[{""token_id"": 21902, ""token"": "" Getty"", ""value"": 0.07738130539655685}, {""token_id"": 13936, ""token"": "" Holy"", ""value"": 0.03252595663070679}, {""token_id"": 2656, ""token"": "" God"", ""value"": 0.0286492221057415}, {""token_id"": 37496, ""token"": "" Standing"", ""value"": 0.02740018256008625}, {""token_id"": 14963, ""token"": "" Stone"", ""value"": 0.02615531161427498}]",True,False,False,0.3211352080106735
step61000,512,768,768,2,19211, cabinet,33,5,-2.3063143932255383,-1.1401567426564192,-5.331675771294705,-3.444182228622415,3.5334854879685467,-0.1054949089884758,0.8999062180519104,0.8999062180519104,0.0,0.8999062180519104,0.0,0.8999062180519104,1.9082673788070679,1.568679928779602,13.383194923400879,2.1205179691314697,69.9078598022461,30654, pastor,7,0.186357319355011,0.813642680644989,0.0018846392631530762,"[{""token_id"": 30654, ""token"": "" pastor"", ""value"": 0.186357319355011}, {""token_id"": 46695, ""token"": "" propagated"", ""value"": 0.1844726800918579}, {""token_id"": 12729, ""token"": ""izable"", ""value"": 0.18064408004283905}, {""token_id"": 38908, ""token"": ""保"", ""value"": 0.17848257720470428}, {""token_id"": 25678, ""token"": "" Movement"", ""value"": 0.17327794432640076}]",30654, pastor,7,69.67633056640625,0.00365447998046875,5.244937485601059e-05,"[{""token_id"": 30654, ""token"": "" pastor"", ""value"": 69.67633056640625}, {""token_id"": 46695, ""token"": "" propagated"", ""value"": 69.67998504638672}, {""token_id"": 12729, ""token"": ""izable"", ""value"": 69.68534088134766}, {""token_id"": 38908, ""token"": ""保"", ""value"": 69.69123840332031}, {""token_id"": 25678, ""token"": "" Movement"", ""value"": 69.69194793701172}]",21902, Getty,2,0.0773811861872673,0.04485522210597992,0.8667049407958984,0.5365428924560547,"[{""token_id"": 21902, ""token"": "" Getty"", ""value"": 0.0773811861872673}, {""token_id"": 13936, ""token"": "" Holy"", ""value"": 0.032525964081287384}, {""token_id"": 2656, ""token"": "" God"", ""value"": 0.028649229556322098}, {""token_id"": 37496, ""token"": "" Standing"", ""value"": 0.02740011177957058}, {""token_id"": 14963, ""token"": "" Stone"", ""value"": 0.026155268773436546}]",True,False,False,0.3765902779996395
step61000,512,768,768,3,6574, miles,404,7,-2.3063150023465475,-1.1401574255128293,-5.331675987073783,-3.4441817930848515,3.5334854879685467,-0.105451799929142,0.8999044895172119,0.8999044895172119,0.0,0.8999044895172119,0.0,0.8999044895172119,1.90827214717865,1.568663477897644,13.383195877075195,2.120527505874634,69.9078598022461,30654, pastor,7,0.18635733425617218,0.8136426657438278,0.00188465416431427,"[{""token_id"": 30654, ""token"": "" pastor"", ""value"": 0.18635733425617218}, {""token_id"": 46695, ""token"": "" propagated"", ""value"": 0.1844726800918579}, {""token_id"": 12729, ""token"": ""izable"", ""value"": 0.18064410984516144}, {""token_id"": 38908, ""token"": ""保"", ""value"": 0.17848257720470428}, {""token_id"": 25678, ""token"": "" Movement"", ""value"": 0.17327795922756195}]",30654, pastor,7,69.67633056640625,0.00365447998046875,5.244937485601059e-05,"[{""token_id"": 30654, ""token"": "" pastor"", ""value"": 69.67633056640625}, {""token_id"": 46695, ""token"": "" propagated"", ""value"": 69.67998504638672}, {""token_id"": 12729, ""token"": ""izable"", ""value"": 69.68534088134766}, {""token_id"": 38908, ""token"": ""保"", ""value"": 69.69123840332031}, {""token_id"": 25678, ""token"": "" Movement"", ""value"": 69.69194793701172}]",21902, Getty,2,0.07738128304481506,0.044855307787656784,0.8667058944702148,0.5365428328514099,"[{""token_id"": 21902, ""token"": "" Getty"", ""value"": 0.07738128304481506}, {""token_id"": 13936, ""token"": "" Holy"", ""value"": 0.03252597525715828}, {""token_id"": 2656, ""token"": "" God"", ""value"": 0.028649266809225082}, {""token_id"": 37496, ""token"": "" Standing"", ""value"": 0.027400121092796326}, {""token_id"": 14963, ""token"": "" Stone"", ""value"": 0.0261552557349205}]",True,False,False,0.39005911722779274
step61000,768,1024,1024,0,21825, clones,2,0,-2.306314658733239,-1.1401560447080854,-5.331674689634141,-3.444182188232974,3.5334854879685467,-0.10547003149986267,0.899904727935791,0.899904727935791,0.0,0.899904727935791,0.0,0.899904727935791,1.9082399606704712,1.5686758756637573,13.383195877075195,2.1204910278320312,69.90785217285156,30654, pastor,7,0.18635733425617218,0.8136426657438278,0.00188465416431427,"[{""token_id"": 30654, ""token"": "" pastor"", ""value"": 0.18635733425617218}, {""token_id"": 46695, ""token"": "" propagated"", ""value"": 0.1844726800918579}, {""token_id"": 12729, ""token"": ""izable"", ""value"": 0.18064408004283905}, {""token_id"": 38908, ""token"": ""保"", ""value"": 0.17848257720470428}, {""token_id"": 25678, ""token"": "" Movement"", ""value"": 0.17327797412872314}]",30654, pastor,7,69.67633056640625,0.0036468505859375,5.23398772049542e-05,"[{""token_id"": 30654, ""token"": "" pastor"", ""value"": 69.67633056640625}, {""token_id"": 46695, ""token"": "" propagated"", ""value"": 69.67997741699219}, {""token_id"": 12729, ""token"": ""izable"", ""value"": 69.68533325195312}, {""token_id"": 38908, ""token"": ""保"", ""value"": 69.69123077392578}, {""token_id"": 25678, ""token"": "" Movement"", ""value"": 69.69194793701172}]",21902, Getty,2,0.07738132774829865,0.04485539719462395,0.8667078018188477,0.5365428924560547,"[{""token_id"": 21902, ""token"": "" Getty"", ""value"": 0.07738132774829865}, {""token_id"": 13936, ""token"": "" Holy"", ""value"": 0.0325259305536747}, {""token_id"": 2656, ""token"": "" God"", ""value"": 0.028649281710386276}, {""token_id"": 37496, ""token"": "" Standing"", ""value"": 0.027400190010666847}, {""token_id"": 14963, ""token"": "" Stone"", ""value"": 0.026155268773436546}]",True,False,False,0.37955569848418236
step61000,768,1024,1024,1,23778, motive,8,2,-2.3063150029288018,-1.1401561615457507,-5.33167576898879,-3.4441824057272674,3.5334854879685467,-0.10546953231096268,0.8999045491218567,0.8999045491218567,0.0,0.8999045491218567,0.0,0.8999045491218567,1.908274531364441,1.5686957836151123,13.383195877075195,2.120529890060425,69.9078598022461,30654, pastor,7,0.1863572895526886,0.8136427104473114,0.0018846094608306885,"[{""token_id"": 30654, ""token"": "" pastor"", ""value"": 0.1863572895526886}, {""token_id"": 46695, ""token"": "" propagated"", ""value"": 0.1844726800918579}, {""token_id"": 12729, ""token"": ""izable"", ""value"": 0.18064409494400024}, {""token_id"": 38908, ""token"": ""保"", ""value"": 0.1784825623035431}, {""token_id"": 25678, ""token"": "" Movement"", ""value"": 0.17327794432640076}]",30654, pastor,7,69.67633056640625,0.00365447998046875,5.244937485601059e-05,"[{""token_id"": 30654, ""token"": "" pastor"", ""value"": 69.67633056640625}, {""token_id"": 46695, ""token"": "" propagated"", ""value"": 69.67998504638672}, {""token_id"": 12729, ""token"": ""izable"", ""value"": 69.68534088134766}, {""token_id"": 38908, ""token"": ""保"", ""value"": 69.69123840332031}, {""token_id"": 25678, ""token"": "" Movement"", ""value"": 69.69194793701172}]",21902, Getty,2,0.07738123089075089,0.044855277985334396,0.8667058944702148,0.5365428924560547,"[{""token_id"": 21902, ""token"": "" Getty"", ""value"": 0.07738123089075089}, {""token_id"": 13936, ""token"": "" Holy"", ""value"": 0.03252595290541649}, {""token_id"": 2656, ""token"": "" God"", ""value"": 0.02864927612245083}, {""token_id"": 37496, ""token"": "" Standing"", ""value"": 0.027400154620409012}, {""token_id"": 14963, ""token"": "" Stone"", ""value"": 0.02615528367459774}]",True,False,False,0.38159531354904175
step61000,768,1024,1024,2,19211, cabinet,33,5,-2.306315019328,-1.140157955996603,-5.331675931037223,-3.4441806584570633,3.5334854879685467,-0.10547702759504318,0.8999037146568298,0.8999037146568298,0.0,0.8999037146568298,0.0,0.8999037146568298,1.9082283973693848,1.568678617477417,13.383195877075195,2.120480537414551,69.90785217285156,30654, pastor,7,0.1863573044538498,0.8136426955461502,0.0018846094608306885,"[{""token_id"": 30654, ""token"": "" pastor"", ""value"": 0.1863573044538498}, {""token_id"": 46695, ""token"": "" propagated"", ""value"": 0.1844726949930191}, {""token_id"": 12729, ""token"": ""izable"", ""value"": 0.18064408004283905}, {""token_id"": 38908, ""token"": ""保"", ""value"": 0.17848257720470428}, {""token_id"": 25678, ""token"": "" Movement"", ""value"": 0.17327797412872314}]",30654, pastor,7,69.67632293701172,0.00365447998046875,5.2449380599094564e-05,"[{""token_id"": 30654, ""token"": "" pastor"", ""value"": 69.67632293701172}, {""token_id"": 46695, ""token"": "" propagated"", ""value"": 69.67997741699219}, {""token_id"": 12729, ""token"": ""izable"", ""value"": 69.68533325195312}, {""token_id"": 38908, ""token"": ""保"", ""value"": 69.69123077392578}, {""token_id"": 25678, ""token"": "" Movement"", ""value"": 69.69194030761719}]",21902, Getty,2,0.07738126069307327,0.04485532268881798,0.8667068481445312,0.5365428924560547,"[{""token_id"": 21902, ""token"": "" Getty"", ""value"": 0.07738126069307327}, {""token_id"": 13936, ""token"": "" Holy"", ""value"": 0.032525938004255295}, {""token_id"": 2656, ""token"": "" God"", ""value"": 0.028649257495999336}, {""token_id"": 37496, ""token"": "" Standing"", ""value"": 0.027400139719247818}, {""token_id"": 14963, ""token"": "" Stone"", ""value"": 0.026155347004532814}]",True,False,False,0.38830147683620453
step61000,768,1024,1024,3,6574, miles,404,7,-2.3063144984733532,-1.1401566771613114,-5.331675268266047,-3.4441806338959244,3.5334854879685467,-0.10547120124101639,0.8999054431915283,0.8999054431915283,0.0,0.8999054431915283,0.0,0.8999054431915283,1.9082614183425903,1.5686675310134888,13.383195877075195,2.1205132007598877,69.90785217285156,30654, pastor,7,0.186357319355011,0.813642680644989,0.00188465416431427,"[{""token_id"": 30654, ""token"": "" pastor"", ""value"": 0.186357319355011}, {""token_id"": 46695, ""token"": "" propagated"", ""value"": 0.18447266519069672}, {""token_id"": 12729, ""token"": ""izable"", ""value"": 0.18064409494400024}, {""token_id"": 38908, ""token"": ""保"", ""value"": 0.17848257720470428}, {""token_id"": 25678, ""token"": "" Movement"", ""value"": 0.17327797412872314}]",30654, pastor,7,69.67632293701172,0.00365447998046875,5.2449380599094564e-05,"[{""token_id"": 30654, ""token"": "" pastor"", ""value"": 69.67632293701172}, {""token_id"": 46695, ""token"": "" propagated"", ""value"": 69.67997741699219}, {""token_id"": 12729, ""token"": ""izable"", ""value"": 69.68533325195312}, {""token_id"": 38908, ""token"": ""保"", ""value"": 69.69123077392578}, {""token_id"": 25678, ""token"": "" Movement"", ""value"": 69.69194030761719}]",21902, Getty,2,0.07738122344017029,0.0448552742600441,0.8667058944702148,0.5365428924560547,"[{""token_id"": 21902, ""token"": "" Getty"", ""value"": 0.07738122344017029}, {""token_id"": 13936, ""token"": "" Holy"", ""value"": 0.03252594918012619}, {""token_id"": 2656, ""token"": "" God"", ""value"": 0.02864924445748329}, {""token_id"": 37496, ""token"": "" Standing"", ""value"": 0.027400152757763863}, {""token_id"": 14963, ""token"": "" Stone"", ""value"": 0.02615530975162983}]",True,False,False,0.3754994124174118
