active_dim,actual_eval_states,batch_index,burn_in_steps,checkpoint,dataset,dataset_config,dataset_split,device,dtype,eval_steps,experiment,git_commit,input_shape,input_space,method,model,nearby_distance,operator_update,projection_mode,projection_next,projection_value,residual_alpha,sample_index,sequence_length,state_norm,step_delta,step_index,target,timestamp,token_mode,tokenizer
6272,64,0,16,main,wikitext,wikitext-2-raw-v1,validation,cuda,float32,64,qwen_dynamical_edge_normal,af125240938fafbe41b2eb787f4e20ef303ef173,"[1, 128, 896]",inputs_embeds,paper_style_feedback_dynamics,Qwen/Qwen2.5-0.5B,0.012043236754834652,direct,fixed_random,11.208555221557617,8.778118133544922,1.0,0,128,994.4852905273438,109.05632781982422,0,final_hidden,2026-07-10T15:04:50.830722+00:00,nonpad_flattened,Qwen/Qwen2.5-0.5B
6272,64,0,16,main,wikitext,wikitext-2-raw-v1,validation,cuda,float32,64,qwen_dynamical_edge_normal,af125240938fafbe41b2eb787f4e20ef303ef173,"[1, 128, 896]",inputs_embeds,paper_style_feedback_dynamics,Qwen/Qwen2.5-0.5B,0.01142260991036892,direct,fixed_random,13.459306716918945,11.208555221557617,1.0,0,128,1020.3893432617188,104.92633819580078,1,final_hidden,2026-07-10T15:04:50.830722+00:00,nonpad_flattened,Qwen/Qwen2.5-0.5B
6272,64,0,16,main,wikitext,wikitext-2-raw-v1,validation,cuda,float32,64,qwen_dynamical_edge_normal,af125240938fafbe41b2eb787f4e20ef303ef173,"[1, 128, 896]",inputs_embeds,paper_style_feedback_dynamics,Qwen/Qwen2.5-0.5B,0.01063033752143383,direct,fixed_random,15.38381576538086,13.459306716918945,1.0,0,128,1043.430419921875,97.46812438964844,2,final_hidden,2026-07-10T15:04:50.830722+00:00,nonpad_flattened,Qwen/Qwen2.5-0.5B
6272,64,0,16,main,wikitext,wikitext-2-raw-v1,validation,cuda,float32,64,qwen_dynamical_edge_normal,af125240938fafbe41b2eb787f4e20ef303ef173,"[1, 128, 896]",inputs_embeds,paper_style_feedback_dynamics,Qwen/Qwen2.5-0.5B,0.00979834794998169,direct,fixed_random,16.886831283569336,15.38381576538086,1.0,0,128,1062.4364013671875,87.79055786132812,3,final_hidden,2026-07-10T15:04:50.830722+00:00,nonpad_flattened,Qwen/Qwen2.5-0.5B
6272,64,0,16,main,wikitext,wikitext-2-raw-v1,validation,cuda,float32,64,qwen_dynamical_edge_normal,af125240938fafbe41b2eb787f4e20ef303ef173,"[1, 128, 896]",inputs_embeds,paper_style_feedback_dynamics,Qwen/Qwen2.5-0.5B,0.008923811838030815,direct,fixed_random,17.966243743896484,16.886831283569336,1.0,0,128,1077.1085205078125,77.4582748413086,4,final_hidden,2026-07-10T15:04:50.830722+00:00,nonpad_flattened,Qwen/Qwen2.5-0.5B
6272,64,0,16,main,wikitext,wikitext-2-raw-v1,validation,cuda,float32,64,qwen_dynamical_edge_normal,af125240938fafbe41b2eb787f4e20ef303ef173,"[1, 128, 896]",inputs_embeds,paper_style_feedback_dynamics,Qwen/Qwen2.5-0.5B,0.008107377216219902,direct,fixed_random,18.683391571044922,17.966243743896484,1.0,0,128,1087.8172607421875,67.48078155517578,5,final_hidden,2026-07-10T15:04:50.830722+00:00,nonpad_flattened,Qwen/Qwen2.5-0.5B
6272,64,0,16,main,wikitext,wikitext-2-raw-v1,validation,cuda,float32,64,qwen_dynamical_edge_normal,af125240938fafbe41b2eb787f4e20ef303ef173,"[1, 128, 896]",inputs_embeds,paper_style_feedback_dynamics,Qwen/Qwen2.5-0.5B,0.0073544420301914215,direct,fixed_random,19.116539001464844,18.683391571044922,1.0,0,128,1095.2650146484375,58.28584671020508,6,final_hidden,2026-07-10T15:04:50.830722+00:00,nonpad_flattened,Qwen/Qwen2.5-0.5B
6272,64,0,16,main,wikitext,wikitext-2-raw-v1,validation,cuda,float32,64,qwen_dynamical_edge_normal,af125240938fafbe41b2eb787f4e20ef303ef173,"[1, 128, 896]",inputs_embeds,paper_style_feedback_dynamics,Qwen/Qwen2.5-0.5B,0.006608086172491312,direct,fixed_random,19.337146759033203,19.116539001464844,1.0,0,128,1100.2237548828125,50.058834075927734,7,final_hidden,2026-07-10T15:04:50.830722+00:00,nonpad_flattened,Qwen/Qwen2.5-0.5B
6272,64,0,16,main,wikitext,wikitext-2-raw-v1,validation,cuda,float32,64,qwen_dynamical_edge_normal,af125240938fafbe41b2eb787f4e20ef303ef173,"[1, 128, 896]",inputs_embeds,paper_style_feedback_dynamics,Qwen/Qwen2.5-0.5B,0.00588813005015254,direct,fixed_random,19.405113220214844,19.337146759033203,1.0,0,128,1103.3890380859375,42.90488052368164,8,final_hidden,2026-07-10T15:04:50.830722+00:00,nonpad_flattened,Qwen/Qwen2.5-0.5B
6272,64,0,16,main,wikitext,wikitext-2-raw-v1,validation,cuda,float32,64,qwen_dynamical_edge_normal,af125240938fafbe41b2eb787f4e20ef303ef173,"[1, 128, 896]",inputs_embeds,paper_style_feedback_dynamics,Qwen/Qwen2.5-0.5B,0.005205591209232807,direct,fixed_random,19.369056701660156,19.405113220214844,1.0,0,128,1105.3282470703125,36.897579193115234,9,final_hidden,2026-07-10T15:04:50.830722+00:00,nonpad_flattened,Qwen/Qwen2.5-0.5B
6272,64,0,16,main,wikitext,wikitext-2-raw-v1,validation,cuda,float32,64,qwen_dynamical_edge_normal,af125240938fafbe41b2eb787f4e20ef303ef173,"[1, 128, 896]",inputs_embeds,paper_style_feedback_dynamics,Qwen/Qwen2.5-0.5B,0.004618978593498468,direct,fixed_random,19.266613006591797,19.369056701660156,1.0,0,128,1106.4757080078125,32.07133102416992,10,final_hidden,2026-07-10T15:04:50.830722+00:00,nonpad_flattened,Qwen/Qwen2.5-0.5B
6272,64,0,16,main,wikitext,wikitext-2-raw-v1,validation,cuda,float32,64,qwen_dynamical_edge_normal,af125240938fafbe41b2eb787f4e20ef303ef173,"[1, 128, 896]",inputs_embeds,paper_style_feedback_dynamics,Qwen/Qwen2.5-0.5B,0.004098919685930014,direct,fixed_random,19.125858306884766,19.266613006591797,1.0,0,128,1107.14697265625,28.368288040161133,11,final_hidden,2026-07-10T15:04:50.830722+00:00,nonpad_flattened,Qwen/Qwen2.5-0.5B
6272,64,0,16,main,wikitext,wikitext-2-raw-v1,validation,cuda,float32,64,qwen_dynamical_edge_normal,af125240938fafbe41b2eb787f4e20ef303ef173,"[1, 128, 896]",inputs_embeds,paper_style_feedback_dynamics,Qwen/Qwen2.5-0.5B,0.0036666844971477985,direct,fixed_random,18.96791648864746,19.125858306884766,1.0,0,128,1107.5595703125,25.639245986938477,12,final_hidden,2026-07-10T15:04:50.830722+00:00,nonpad_flattened,Qwen/Qwen2.5-0.5B
6272,64,0,16,main,wikitext,wikitext-2-raw-v1,validation,cuda,float32,64,qwen_dynamical_edge_normal,af125240938fafbe41b2eb787f4e20ef303ef173,"[1, 128, 896]",inputs_embeds,paper_style_feedback_dynamics,Qwen/Qwen2.5-0.5B,0.0032824892550706863,direct,fixed_random,18.80906867980957,18.96791648864746,1.0,0,128,1107.8572998046875,23.685773849487305,13,final_hidden,2026-07-10T15:04:50.830722+00:00,nonpad_flattened,Qwen/Qwen2.5-0.5B
6272,64,0,16,main,wikitext,wikitext-2-raw-v1,validation,cuda,float32,64,qwen_dynamical_edge_normal,af125240938fafbe41b2eb787f4e20ef303ef173,"[1, 128, 896]",inputs_embeds,paper_style_feedback_dynamics,Qwen/Qwen2.5-0.5B,0.0029730747919529676,direct,fixed_random,18.661903381347656,18.80906867980957,1.0,0,128,1108.1319580078125,22.298891067504883,14,final_hidden,2026-07-10T15:04:50.830722+00:00,nonpad_flattened,Qwen/Qwen2.5-0.5B
6272,64,0,16,main,wikitext,wikitext-2-raw-v1,validation,cuda,float32,64,qwen_dynamical_edge_normal,af125240938fafbe41b2eb787f4e20ef303ef173,"[1, 128, 896]",inputs_embeds,paper_style_feedback_dynamics,Qwen/Qwen2.5-0.5B,0.0027207694947719574,direct,fixed_random,18.535621643066406,18.661903381347656,1.0,0,128,1108.43994140625,21.288585662841797,15,final_hidden,2026-07-10T15:04:50.830722+00:00,nonpad_flattened,Qwen/Qwen2.5-0.5B
6272,64,0,16,main,wikitext,wikitext-2-raw-v1,validation,cuda,float32,64,qwen_dynamical_edge_normal,af125240938fafbe41b2eb787f4e20ef303ef173,"[1, 128, 896]",inputs_embeds,paper_style_feedback_dynamics,Qwen/Qwen2.5-0.5B,0.002489754231646657,direct,fixed_random,18.435869216918945,18.535621643066406,1.0,0,128,1108.812744140625,20.500255584716797,16,final_hidden,2026-07-10T15:04:50.830722+00:00,nonpad_flattened,Qwen/Qwen2.5-0.5B
6272,64,0,16,main,wikitext,wikitext-2-raw-v1,validation,cuda,float32,64,qwen_dynamical_edge_normal,af125240938fafbe41b2eb787f4e20ef303ef173,"[1, 128, 896]",inputs_embeds,paper_style_feedback_dynamics,Qwen/Qwen2.5-0.5B,0.0023035698104649782,direct,fixed_random,18.364486694335938,18.435869216918945,1.0,0,128,1109.2652587890625,19.81867790222168,17,final_hidden,2026-07-10T15:04:50.830722+00:00,nonpad_flattened,Qwen/Qwen2.5-0.5B
6272,64,0,16,main,wikitext,wikitext-2-raw-v1,validation,cuda,float32,64,qwen_dynamical_edge_normal,af125240938fafbe41b2eb787f4e20ef303ef173,"[1, 128, 896]",inputs_embeds,paper_style_feedback_dynamics,Qwen/Qwen2.5-0.5B,0.002104172483086586,direct,fixed_random,18.3197021484375,18.364486694335938,1.0,0,128,1109.8011474609375,19.166391372680664,18,final_hidden,2026-07-10T15:04:50.830722+00:00,nonpad_flattened,Qwen/Qwen2.5-0.5B
6272,64,0,16,main,wikitext,wikitext-2-raw-v1,validation,cuda,float32,64,qwen_dynamical_edge_normal,af125240938fafbe41b2eb787f4e20ef303ef173,"[1, 128, 896]",inputs_embeds,paper_style_feedback_dynamics,Qwen/Qwen2.5-0.5B,0.00194329593796283,direct,fixed_random,18.296855926513672,18.3197021484375,1.0,0,128,1110.416748046875,18.50033950805664,19,final_hidden,2026-07-10T15:04:50.830722+00:00,nonpad_flattened,Qwen/Qwen2.5-0.5B
6272,64,0,16,main,wikitext,wikitext-2-raw-v1,validation,cuda,float32,64,qwen_dynamical_edge_normal,af125240938fafbe41b2eb787f4e20ef303ef173,"[1, 128, 896]",inputs_embeds,paper_style_feedback_dynamics,Qwen/Qwen2.5-0.5B,0.0018323400290682912,direct,fixed_random,18.289520263671875,18.296855926513672,1.0,0,128,1111.1038818359375,17.80510711669922,20,final_hidden,2026-07-10T15:04:50.830722+00:00,nonpad_flattened,Qwen/Qwen2.5-0.5B
6272,64,0,16,main,wikitext,wikitext-2-raw-v1,validation,cuda,float32,64,qwen_dynamical_edge_normal,af125240938fafbe41b2eb787f4e20ef303ef173,"[1, 128, 896]",inputs_embeds,paper_style_feedback_dynamics,Qwen/Qwen2.5-0.5B,0.0017147507751360536,direct,fixed_random,18.290782928466797,18.289520263671875,1.0,0,128,1111.8519287109375,17.084325790405273,21,final_hidden,2026-07-10T15:04:50.830722+00:00,nonpad_flattened,Qwen/Qwen2.5-0.5B
6272,64,0,16,main,wikitext,wikitext-2-raw-v1,validation,cuda,float32,64,qwen_dynamical_edge_normal,af125240938fafbe41b2eb787f4e20ef303ef173,"[1, 128, 896]",inputs_embeds,paper_style_feedback_dynamics,Qwen/Qwen2.5-0.5B,0.0015872219810262322,direct,fixed_random,18.294130325317383,18.290782928466797,1.0,0,128,1112.649169921875,16.3527774810791,22,final_hidden,2026-07-10T15:04:50.830722+00:00,nonpad_flattened,Qwen/Qwen2.5-0.5B
6272,64,0,16,main,wikitext,wikitext-2-raw-v1,validation,cuda,float32,64,qwen_dynamical_edge_normal,af125240938fafbe41b2eb787f4e20ef303ef173,"[1, 128, 896]",inputs_embeds,paper_style_feedback_dynamics,Qwen/Qwen2.5-0.5B,0.0014694337733089924,direct,fixed_random,18.294010162353516,18.294130325317383,1.0,0,128,1113.4833984375,15.630932807922363,23,final_hidden,2026-07-10T15:04:50.830722+00:00,nonpad_flattened,Qwen/Qwen2.5-0.5B
6272,64,0,16,main,wikitext,wikitext-2-raw-v1,validation,cuda,float32,64,qwen_dynamical_edge_normal,af125240938fafbe41b2eb787f4e20ef303ef173,"[1, 128, 896]",inputs_embeds,paper_style_feedback_dynamics,Qwen/Qwen2.5-0.5B,0.0013520020293071866,direct,fixed_random,18.28602409362793,18.294010162353516,1.0,0,128,1114.3441162109375,14.94138240814209,24,final_hidden,2026-07-10T15:04:50.830722+00:00,nonpad_flattened,Qwen/Qwen2.5-0.5B
6272,64,0,16,main,wikitext,wikitext-2-raw-v1,validation,cuda,float32,64,qwen_dynamical_edge_normal,af125240938fafbe41b2eb787f4e20ef303ef173,"[1, 128, 896]",inputs_embeds,paper_style_feedback_dynamics,Qwen/Qwen2.5-0.5B,0.0012434466043487191,direct,fixed_random,18.266769409179688,18.28602409362793,1.0,0,128,1115.22265625,14.306753158569336,25,final_hidden,2026-07-10T15:04:50.830722+00:00,nonpad_flattened,Qwen/Qwen2.5-0.5B
6272,64,0,16,main,wikitext,wikitext-2-raw-v1,validation,cuda,float32,64,qwen_dynamical_edge_normal,af125240938fafbe41b2eb787f4e20ef303ef173,"[1, 128, 896]",inputs_embeds,paper_style_feedback_dynamics,Qwen/Qwen2.5-0.5B,0.0011408329010009766,direct,fixed_random,18.23370361328125,18.266769409179688,1.0,0,128,1116.113525390625,13.748100280761719,26,final_hidden,2026-07-10T15:04:50.830722+00:00,nonpad_flattened,Qwen/Qwen2.5-0.5B
6272,64,0,16,main,wikitext,wikitext-2-raw-v1,validation,cuda,float32,64,qwen_dynamical_edge_normal,af125240938fafbe41b2eb787f4e20ef303ef173,"[1, 128, 896]",inputs_embeds,paper_style_feedback_dynamics,Qwen/Qwen2.5-0.5B,0.0010815808782353997,direct,fixed_random,18.184886932373047,18.23370361328125,1.0,0,128,1117.013427734375,13.284429550170898,27,final_hidden,2026-07-10T15:04:50.830722+00:00,nonpad_flattened,Qwen/Qwen2.5-0.5B
6272,64,0,16,main,wikitext,wikitext-2-raw-v1,validation,cuda,float32,64,qwen_dynamical_edge_normal,af125240938fafbe41b2eb787f4e20ef303ef173,"[1, 128, 896]",inputs_embeds,paper_style_feedback_dynamics,Qwen/Qwen2.5-0.5B,0.0010150468442589045,direct,fixed_random,18.118865966796875,18.184886932373047,1.0,0,128,1117.92236328125,12.931172370910645,28,final_hidden,2026-07-10T15:04:50.830722+00:00,nonpad_flattened,Qwen/Qwen2.5-0.5B
6272,64,0,16,main,wikitext,wikitext-2-raw-v1,validation,cuda,float32,64,qwen_dynamical_edge_normal,af125240938fafbe41b2eb787f4e20ef303ef173,"[1, 128, 896]",inputs_embeds,paper_style_feedback_dynamics,Qwen/Qwen2.5-0.5B,0.0009638052433729172,direct,fixed_random,18.034427642822266,18.118865966796875,1.0,0,128,1118.8424072265625,12.700024604797363,29,final_hidden,2026-07-10T15:04:50.830722+00:00,nonpad_flattened,Qwen/Qwen2.5-0.5B
6272,64,0,16,main,wikitext,wikitext-2-raw-v1,validation,cuda,float32,64,qwen_dynamical_edge_normal,af125240938fafbe41b2eb787f4e20ef303ef173,"[1, 128, 896]",inputs_embeds,paper_style_feedback_dynamics,Qwen/Qwen2.5-0.5B,0.0008982819854281843,direct,fixed_random,17.930601119995117,18.034427642822266,1.0,0,128,1119.777587890625,12.598468780517578,30,final_hidden,2026-07-10T15:04:50.830722+00:00,nonpad_flattened,Qwen/Qwen2.5-0.5B
6272,64,0,16,main,wikitext,wikitext-2-raw-v1,validation,cuda,float32,64,qwen_dynamical_edge_normal,af125240938fafbe41b2eb787f4e20ef303ef173,"[1, 128, 896]",inputs_embeds,paper_style_feedback_dynamics,Qwen/Qwen2.5-0.5B,0.0008365796529687941,direct,fixed_random,17.80657196044922,17.930601119995117,1.0,0,128,1120.733154296875,12.629672050476074,31,final_hidden,2026-07-10T15:04:50.830722+00:00,nonpad_flattened,Qwen/Qwen2.5-0.5B
6272,64,0,16,main,wikitext,wikitext-2-raw-v1,validation,cuda,float32,64,qwen_dynamical_edge_normal,af125240938fafbe41b2eb787f4e20ef303ef173,"[1, 128, 896]",inputs_embeds,paper_style_feedback_dynamics,Qwen/Qwen2.5-0.5B,0.0007985912961885333,direct,fixed_random,17.661758422851562,17.80657196044922,1.0,0,128,1121.71484375,12.791877746582031,32,final_hidden,2026-07-10T15:04:50.830722+00:00,nonpad_flattened,Qwen/Qwen2.5-0.5B
6272,64,0,16,main,wikitext,wikitext-2-raw-v1,validation,cuda,float32,64,qwen_dynamical_edge_normal,af125240938fafbe41b2eb787f4e20ef303ef173,"[1, 128, 896]",inputs_embeds,paper_style_feedback_dynamics,Qwen/Qwen2.5-0.5B,0.0007744362228550017,direct,fixed_random,17.495880126953125,17.661758422851562,1.0,0,128,1122.7281494140625,13.07744026184082,33,final_hidden,2026-07-10T15:04:50.830722+00:00,nonpad_flattened,Qwen/Qwen2.5-0.5B
6272,64,0,16,main,wikitext,wikitext-2-raw-v1,validation,cuda,float32,64,qwen_dynamical_edge_normal,af125240938fafbe41b2eb787f4e20ef303ef173,"[1, 128, 896]",inputs_embeds,paper_style_feedback_dynamics,Qwen/Qwen2.5-0.5B,0.000735595531295985,direct,fixed_random,17.30914306640625,17.495880126953125,1.0,0,128,1123.7772216796875,13.472222328186035,34,final_hidden,2026-07-10T15:04:50.830722+00:00,nonpad_flattened,Qwen/Qwen2.5-0.5B
6272,64,0,16,main,wikitext,wikitext-2-raw-v1,validation,cuda,float32,64,qwen_dynamical_edge_normal,af125240938fafbe41b2eb787f4e20ef303ef173,"[1, 128, 896]",inputs_embeds,paper_style_feedback_dynamics,Qwen/Qwen2.5-0.5B,0.0007356805144809186,direct,fixed_random,17.102466583251953,17.30914306640625,1.0,0,128,1124.86376953125,13.95337963104248,35,final_hidden,2026-07-10T15:04:50.830722+00:00,nonpad_flattened,Qwen/Qwen2.5-0.5B
6272,64,0,16,main,wikitext,wikitext-2-raw-v1,validation,cuda,float32,64,qwen_dynamical_edge_normal,af125240938fafbe41b2eb787f4e20ef303ef173,"[1, 128, 896]",inputs_embeds,paper_style_feedback_dynamics,Qwen/Qwen2.5-0.5B,0.000714705151040107,direct,fixed_random,16.877689361572266,17.102466583251953,1.0,0,128,1125.9857177734375,14.488646507263184,36,final_hidden,2026-07-10T15:04:50.830722+00:00,nonpad_flattened,Qwen/Qwen2.5-0.5B
6272,64,0,16,main,wikitext,wikitext-2-raw-v1,validation,cuda,float32,64,qwen_dynamical_edge_normal,af125240938fafbe41b2eb787f4e20ef303ef173,"[1, 128, 896]",inputs_embeds,paper_style_feedback_dynamics,Qwen/Qwen2.5-0.5B,0.0006795518565922976,direct,fixed_random,16.637847900390625,16.877689361572266,1.0,0,128,1127.13623046875,15.034927368164062,37,final_hidden,2026-07-10T15:04:50.830722+00:00,nonpad_flattened,Qwen/Qwen2.5-0.5B
6272,64,0,16,main,wikitext,wikitext-2-raw-v1,validation,cuda,float32,64,qwen_dynamical_edge_normal,af125240938fafbe41b2eb787f4e20ef303ef173,"[1, 128, 896]",inputs_embeds,paper_style_feedback_dynamics,Qwen/Qwen2.5-0.5B,0.0007109464495442808,direct,fixed_random,16.387195587158203,16.637847900390625,1.0,0,128,1128.3035888671875,15.538908958435059,38,final_hidden,2026-07-10T15:04:50.830722+00:00,nonpad_flattened,Qwen/Qwen2.5-0.5B
6272,64,0,16,main,wikitext,wikitext-2-raw-v1,validation,cuda,float32,64,qwen_dynamical_edge_normal,af125240938fafbe41b2eb787f4e20ef303ef173,"[1, 128, 896]",inputs_embeds,paper_style_feedback_dynamics,Qwen/Qwen2.5-0.5B,0.000734384055249393,direct,fixed_random,16.131099700927734,16.387195587158203,1.0,0,128,1129.4705810546875,15.942927360534668,39,final_hidden,2026-07-10T15:04:50.830722+00:00,nonpad_flattened,Qwen/Qwen2.5-0.5B
6272,64,0,16,main,wikitext,wikitext-2-raw-v1,validation,cuda,float32,64,qwen_dynamical_edge_normal,af125240938fafbe41b2eb787f4e20ef303ef173,"[1, 128, 896]",inputs_embeds,paper_style_feedback_dynamics,Qwen/Qwen2.5-0.5B,0.00076100486330688,direct,fixed_random,15.875591278076172,16.131099700927734,1.0,0,128,1130.6173095703125,16.192562103271484,40,final_hidden,2026-07-10T15:04:50.830722+00:00,nonpad_flattened,Qwen/Qwen2.5-0.5B
6272,64,0,16,main,wikitext,wikitext-2-raw-v1,validation,cuda,float32,64,qwen_dynamical_edge_normal,af125240938fafbe41b2eb787f4e20ef303ef173,"[1, 128, 896]",inputs_embeds,paper_style_feedback_dynamics,Qwen/Qwen2.5-0.5B,0.0007217130623757839,direct,fixed_random,15.626762390136719,15.875591278076172,1.0,0,128,1131.722412109375,16.24881362915039,41,final_hidden,2026-07-10T15:04:50.830722+00:00,nonpad_flattened,Qwen/Qwen2.5-0.5B
6272,64,0,16,main,wikitext,wikitext-2-raw-v1,validation,cuda,float32,64,qwen_dynamical_edge_normal,af125240938fafbe41b2eb787f4e20ef303ef173,"[1, 128, 896]",inputs_embeds,paper_style_feedback_dynamics,Qwen/Qwen2.5-0.5B,0.0006474817637354136,direct,fixed_random,15.390083312988281,15.626762390136719,1.0,0,128,1132.7679443359375,16.094358444213867,42,final_hidden,2026-07-10T15:04:50.830722+00:00,nonpad_flattened,Qwen/Qwen2.5-0.5B
6272,64,0,16,main,wikitext,wikitext-2-raw-v1,validation,cuda,float32,64,qwen_dynamical_edge_normal,af125240938fafbe41b2eb787f4e20ef303ef173,"[1, 128, 896]",inputs_embeds,paper_style_feedback_dynamics,Qwen/Qwen2.5-0.5B,0.0006183675141073763,direct,fixed_random,15.169931411743164,15.390083312988281,1.0,0,128,1133.7392578125,15.734065055847168,43,final_hidden,2026-07-10T15:04:50.830722+00:00,nonpad_flattened,Qwen/Qwen2.5-0.5B
6272,64,0,16,main,wikitext,wikitext-2-raw-v1,validation,cuda,float32,64,qwen_dynamical_edge_normal,af125240938fafbe41b2eb787f4e20ef303ef173,"[1, 128, 896]",inputs_embeds,paper_style_feedback_dynamics,Qwen/Qwen2.5-0.5B,0.0006004766328260303,direct,fixed_random,14.969300270080566,15.169931411743164,1.0,0,128,1134.628173828125,15.191423416137695,44,final_hidden,2026-07-10T15:04:50.830722+00:00,nonpad_flattened,Qwen/Qwen2.5-0.5B
6272,64,0,16,main,wikitext,wikitext-2-raw-v1,validation,cuda,float32,64,qwen_dynamical_edge_normal,af125240938fafbe41b2eb787f4e20ef303ef173,"[1, 128, 896]",inputs_embeds,paper_style_feedback_dynamics,Qwen/Qwen2.5-0.5B,0.0005870172753930092,direct,fixed_random,14.789814949035645,14.969300270080566,1.0,0,128,1135.4312744140625,14.502473831176758,45,final_hidden,2026-07-10T15:04:50.830722+00:00,nonpad_flattened,Qwen/Qwen2.5-0.5B
6272,64,0,16,main,wikitext,wikitext-2-raw-v1,validation,cuda,float32,64,qwen_dynamical_edge_normal,af125240938fafbe41b2eb787f4e20ef303ef173,"[1, 128, 896]",inputs_embeds,paper_style_feedback_dynamics,Qwen/Qwen2.5-0.5B,0.0005672134575434029,direct,fixed_random,14.631903648376465,14.789814949035645,1.0,0,128,1136.14990234375,13.708431243896484,46,final_hidden,2026-07-10T15:04:50.830722+00:00,nonpad_flattened,Qwen/Qwen2.5-0.5B
6272,64,0,16,main,wikitext,wikitext-2-raw-v1,validation,cuda,float32,64,qwen_dynamical_edge_normal,af125240938fafbe41b2eb787f4e20ef303ef173,"[1, 128, 896]",inputs_embeds,paper_style_feedback_dynamics,Qwen/Qwen2.5-0.5B,0.0005098011461086571,direct,fixed_random,14.494991302490234,14.631903648376465,1.0,0,128,1136.788818359375,12.849492073059082,47,final_hidden,2026-07-10T15:04:50.830722+00:00,nonpad_flattened,Qwen/Qwen2.5-0.5B
6272,64,0,16,main,wikitext,wikitext-2-raw-v1,validation,cuda,float32,64,qwen_dynamical_edge_normal,af125240938fafbe41b2eb787f4e20ef303ef173,"[1, 128, 896]",inputs_embeds,paper_style_feedback_dynamics,Qwen/Qwen2.5-0.5B,0.000488697667606175,direct,fixed_random,14.377856254577637,14.494991302490234,1.0,0,128,1137.3548583984375,11.960592269897461,48,final_hidden,2026-07-10T15:04:50.830722+00:00,nonpad_flattened,Qwen/Qwen2.5-0.5B
6272,64,0,16,main,wikitext,wikitext-2-raw-v1,validation,cuda,float32,64,qwen_dynamical_edge_normal,af125240938fafbe41b2eb787f4e20ef303ef173,"[1, 128, 896]",inputs_embeds,paper_style_feedback_dynamics,Qwen/Qwen2.5-0.5B,0.0004352764808572829,direct,fixed_random,14.27889633178711,14.377856254577637,1.0,0,128,1137.8565673828125,11.07025146484375,49,final_hidden,2026-07-10T15:04:50.830722+00:00,nonpad_flattened,Qwen/Qwen2.5-0.5B
6272,64,0,16,main,wikitext,wikitext-2-raw-v1,validation,cuda,float32,64,qwen_dynamical_edge_normal,af125240938fafbe41b2eb787f4e20ef303ef173,"[1, 128, 896]",inputs_embeds,paper_style_feedback_dynamics,Qwen/Qwen2.5-0.5B,0.00041849890840239823,direct,fixed_random,14.196298599243164,14.27889633178711,1.0,0,128,1138.302978515625,10.200425148010254,50,final_hidden,2026-07-10T15:04:50.830722+00:00,nonpad_flattened,Qwen/Qwen2.5-0.5B
6272,64,0,16,main,wikitext,wikitext-2-raw-v1,validation,cuda,float32,64,qwen_dynamical_edge_normal,af125240938fafbe41b2eb787f4e20ef303ef173,"[1, 128, 896]",inputs_embeds,paper_style_feedback_dynamics,Qwen/Qwen2.5-0.5B,0.0003645848191808909,direct,fixed_random,14.128250122070312,14.196298599243164,1.0,0,128,1138.702392578125,9.366852760314941,51,final_hidden,2026-07-10T15:04:50.830722+00:00,nonpad_flattened,Qwen/Qwen2.5-0.5B
6272,64,0,16,main,wikitext,wikitext-2-raw-v1,validation,cuda,float32,64,qwen_dynamical_edge_normal,af125240938fafbe41b2eb787f4e20ef303ef173,"[1, 128, 896]",inputs_embeds,paper_style_feedback_dynamics,Qwen/Qwen2.5-0.5B,0.0003479385923128575,direct,fixed_random,14.072983741760254,14.128250122070312,1.0,0,128,1139.0618896484375,8.580155372619629,52,final_hidden,2026-07-10T15:04:50.830722+00:00,nonpad_flattened,Qwen/Qwen2.5-0.5B
6272,64,0,16,main,wikitext,wikitext-2-raw-v1,validation,cuda,float32,64,qwen_dynamical_edge_normal,af125240938fafbe41b2eb787f4e20ef303ef173,"[1, 128, 896]",inputs_embeds,paper_style_feedback_dynamics,Qwen/Qwen2.5-0.5B,0.00033796761999838054,direct,fixed_random,14.028827667236328,14.072983741760254,1.0,0,128,1139.3878173828125,7.846425533294678,53,final_hidden,2026-07-10T15:04:50.830722+00:00,nonpad_flattened,Qwen/Qwen2.5-0.5B
6272,64,0,16,main,wikitext,wikitext-2-raw-v1,validation,cuda,float32,64,qwen_dynamical_edge_normal,af125240938fafbe41b2eb787f4e20ef303ef173,"[1, 128, 896]",inputs_embeds,paper_style_feedback_dynamics,Qwen/Qwen2.5-0.5B,0.00032509511220268905,direct,fixed_random,13.994231224060059,14.028827667236328,1.0,0,128,1139.684814453125,7.168083667755127,54,final_hidden,2026-07-10T15:04:50.830722+00:00,nonpad_flattened,Qwen/Qwen2.5-0.5B
6272,64,0,16,main,wikitext,wikitext-2-raw-v1,validation,cuda,float32,64,qwen_dynamical_edge_normal,af125240938fafbe41b2eb787f4e20ef303ef173,"[1, 128, 896]",inputs_embeds,paper_style_feedback_dynamics,Qwen/Qwen2.5-0.5B,0.00031095329904928803,direct,fixed_random,13.967787742614746,13.994231224060059,1.0,0,128,1139.956298828125,6.544868469238281,55,final_hidden,2026-07-10T15:04:50.830722+00:00,nonpad_flattened,Qwen/Qwen2.5-0.5B
6272,64,0,16,main,wikitext,wikitext-2-raw-v1,validation,cuda,float32,64,qwen_dynamical_edge_normal,af125240938fafbe41b2eb787f4e20ef303ef173,"[1, 128, 896]",inputs_embeds,paper_style_feedback_dynamics,Qwen/Qwen2.5-0.5B,0.0002909531176555902,direct,fixed_random,13.948232650756836,13.967787742614746,1.0,0,128,1140.204833984375,5.974562168121338,56,final_hidden,2026-07-10T15:04:50.830722+00:00,nonpad_flattened,Qwen/Qwen2.5-0.5B
6272,64,0,16,main,wikitext,wikitext-2-raw-v1,validation,cuda,float32,64,qwen_dynamical_edge_normal,af125240938fafbe41b2eb787f4e20ef303ef173,"[1, 128, 896]",inputs_embeds,paper_style_feedback_dynamics,Qwen/Qwen2.5-0.5B,0.0002710536355152726,direct,fixed_random,13.934416770935059,13.948232650756836,1.0,0,128,1140.4326171875,5.453820705413818,57,final_hidden,2026-07-10T15:04:50.830722+00:00,nonpad_flattened,Qwen/Qwen2.5-0.5B
6272,64,0,16,main,wikitext,wikitext-2-raw-v1,validation,cuda,float32,64,qwen_dynamical_edge_normal,af125240938fafbe41b2eb787f4e20ef303ef173,"[1, 128, 896]",inputs_embeds,paper_style_feedback_dynamics,Qwen/Qwen2.5-0.5B,0.00026001216610893607,direct,fixed_random,13.925348281860352,13.934416770935059,1.0,0,128,1140.6409912109375,4.9788312911987305,58,final_hidden,2026-07-10T15:04:50.830722+00:00,nonpad_flattened,Qwen/Qwen2.5-0.5B
6272,64,0,16,main,wikitext,wikitext-2-raw-v1,validation,cuda,float32,64,qwen_dynamical_edge_normal,af125240938fafbe41b2eb787f4e20ef303ef173,"[1, 128, 896]",inputs_embeds,paper_style_feedback_dynamics,Qwen/Qwen2.5-0.5B,0.00024345627753064036,direct,fixed_random,13.920154571533203,13.925348281860352,1.0,0,128,1140.8314208984375,4.5456085205078125,59,final_hidden,2026-07-10T15:04:50.830722+00:00,nonpad_flattened,Qwen/Qwen2.5-0.5B
6272,64,0,16,main,wikitext,wikitext-2-raw-v1,validation,cuda,float32,64,qwen_dynamical_edge_normal,af125240938fafbe41b2eb787f4e20ef303ef173,"[1, 128, 896]",inputs_embeds,paper_style_feedback_dynamics,Qwen/Qwen2.5-0.5B,0.00022582946985494345,direct,fixed_random,13.918067932128906,13.920154571533203,1.0,0,128,1141.0045166015625,4.150269985198975,60,final_hidden,2026-07-10T15:04:50.830722+00:00,nonpad_flattened,Qwen/Qwen2.5-0.5B
6272,64,0,16,main,wikitext,wikitext-2-raw-v1,validation,cuda,float32,64,qwen_dynamical_edge_normal,af125240938fafbe41b2eb787f4e20ef303ef173,"[1, 128, 896]",inputs_embeds,paper_style_feedback_dynamics,Qwen/Qwen2.5-0.5B,0.00023301552573684603,direct,fixed_random,13.918463706970215,13.918067932128906,1.0,0,128,1141.16162109375,3.7892420291900635,61,final_hidden,2026-07-10T15:04:50.830722+00:00,nonpad_flattened,Qwen/Qwen2.5-0.5B
6272,64,0,16,main,wikitext,wikitext-2-raw-v1,validation,cuda,float32,64,qwen_dynamical_edge_normal,af125240938fafbe41b2eb787f4e20ef303ef173,"[1, 128, 896]",inputs_embeds,paper_style_feedback_dynamics,Qwen/Qwen2.5-0.5B,0.00020812444563489407,direct,fixed_random,13.920801162719727,13.918463706970215,1.0,0,128,1141.303466796875,3.4593350887298584,62,final_hidden,2026-07-10T15:04:50.830722+00:00,nonpad_flattened,Qwen/Qwen2.5-0.5B
6272,64,0,16,main,wikitext,wikitext-2-raw-v1,validation,cuda,float32,64,qwen_dynamical_edge_normal,af125240938fafbe41b2eb787f4e20ef303ef173,"[1, 128, 896]",inputs_embeds,paper_style_feedback_dynamics,Qwen/Qwen2.5-0.5B,0.00018858586554415524,direct,fixed_random,,13.920801162719727,1.0,0,128,1141.431396484375,3.1575868129730225,63,final_hidden,2026-07-10T15:04:50.830722+00:00,nonpad_flattened,Qwen/Qwen2.5-0.5B
114688,64,1,16,main,wikitext,wikitext-2-raw-v1,validation,cuda,float32,64,qwen_dynamical_edge_normal,af125240938fafbe41b2eb787f4e20ef303ef173,"[1, 128, 896]",inputs_embeds,paper_style_feedback_dynamics,Qwen/Qwen2.5-0.5B,0.06205069646239281,direct,fixed_random,12.157548904418945,14.584754943847656,1.0,1,128,4073.709716796875,421.027099609375,0,final_hidden,2026-07-10T15:04:50.830722+00:00,nonpad_flattened,Qwen/Qwen2.5-0.5B
114688,64,1,16,main,wikitext,wikitext-2-raw-v1,validation,cuda,float32,64,qwen_dynamical_edge_normal,af125240938fafbe41b2eb787f4e20ef303ef173,"[1, 128, 896]",inputs_embeds,paper_style_feedback_dynamics,Qwen/Qwen2.5-0.5B,0.052157845348119736,direct,fixed_random,9.908434867858887,12.157548904418945,1.0,1,128,4135.279296875,407.7481689453125,1,final_hidden,2026-07-10T15:04:50.830722+00:00,nonpad_flattened,Qwen/Qwen2.5-0.5B
114688,64,1,16,main,wikitext,wikitext-2-raw-v1,validation,cuda,float32,64,qwen_dynamical_edge_normal,af125240938fafbe41b2eb787f4e20ef303ef173,"[1, 128, 896]",inputs_embeds,paper_style_feedback_dynamics,Qwen/Qwen2.5-0.5B,0.055538274347782135,direct,fixed_random,6.527219772338867,9.908434867858887,1.0,1,128,4200.90185546875,402.1302185058594,2,final_hidden,2026-07-10T15:04:50.830722+00:00,nonpad_flattened,Qwen/Qwen2.5-0.5B
114688,64,1,16,main,wikitext,wikitext-2-raw-v1,validation,cuda,float32,64,qwen_dynamical_edge_normal,af125240938fafbe41b2eb787f4e20ef303ef173,"[1, 128, 896]",inputs_embeds,paper_style_feedback_dynamics,Qwen/Qwen2.5-0.5B,0.06483982503414154,direct,fixed_random,4.012008190155029,6.527219772338867,1.0,1,128,4260.4443359375,393.014404296875,3,final_hidden,2026-07-10T15:04:50.830722+00:00,nonpad_flattened,Qwen/Qwen2.5-0.5B
114688,64,1,16,main,wikitext,wikitext-2-raw-v1,validation,cuda,float32,64,qwen_dynamical_edge_normal,af125240938fafbe41b2eb787f4e20ef303ef173,"[1, 128, 896]",inputs_embeds,paper_style_feedback_dynamics,Qwen/Qwen2.5-0.5B,0.13877291977405548,direct,fixed_random,0.5803003311157227,4.012008190155029,1.0,1,128,4317.3818359375,368.93280029296875,4,final_hidden,2026-07-10T15:04:50.830722+00:00,nonpad_flattened,Qwen/Qwen2.5-0.5B
114688,64,1,16,main,wikitext,wikitext-2-raw-v1,validation,cuda,float32,64,qwen_dynamical_edge_normal,af125240938fafbe41b2eb787f4e20ef303ef173,"[1, 128, 896]",inputs_embeds,paper_style_feedback_dynamics,Qwen/Qwen2.5-0.5B,0.17114880681037903,direct,fixed_random,-1.7426824569702148,0.5803003311157227,1.0,1,128,4361.77099609375,340.2619934082031,5,final_hidden,2026-07-10T15:04:50.830722+00:00,nonpad_flattened,Qwen/Qwen2.5-0.5B
114688,64,1,16,main,wikitext,wikitext-2-raw-v1,validation,cuda,float32,64,qwen_dynamical_edge_normal,af125240938fafbe41b2eb787f4e20ef303ef173,"[1, 128, 896]",inputs_embeds,paper_style_feedback_dynamics,Qwen/Qwen2.5-0.5B,0.3015803396701813,direct,fixed_random,-3.952852487564087,-1.7426824569702148,1.0,1,128,4408.68896484375,321.16461181640625,6,final_hidden,2026-07-10T15:04:50.830722+00:00,nonpad_flattened,Qwen/Qwen2.5-0.5B
114688,64,1,16,main,wikitext,wikitext-2-raw-v1,validation,cuda,float32,64,qwen_dynamical_edge_normal,af125240938fafbe41b2eb787f4e20ef303ef173,"[1, 128, 896]",inputs_embeds,paper_style_feedback_dynamics,Qwen/Qwen2.5-0.5B,0.39643216133117676,direct,fixed_random,-5.928835391998291,-3.952852487564087,1.0,1,128,4442.77197265625,303.3157958984375,7,final_hidden,2026-07-10T15:04:50.830722+00:00,nonpad_flattened,Qwen/Qwen2.5-0.5B
114688,64,1,16,main,wikitext,wikitext-2-raw-v1,validation,cuda,float32,64,qwen_dynamical_edge_normal,af125240938fafbe41b2eb787f4e20ef303ef173,"[1, 128, 896]",inputs_embeds,paper_style_feedback_dynamics,Qwen/Qwen2.5-0.5B,0.7724378705024719,direct,fixed_random,-8.048123359680176,-5.928835391998291,1.0,1,128,4477.95263671875,298.826904296875,8,final_hidden,2026-07-10T15:04:50.830722+00:00,nonpad_flattened,Qwen/Qwen2.5-0.5B
114688,64,1,16,main,wikitext,wikitext-2-raw-v1,validation,cuda,float32,64,qwen_dynamical_edge_normal,af125240938fafbe41b2eb787f4e20ef303ef173,"[1, 128, 896]",inputs_embeds,paper_style_feedback_dynamics,Qwen/Qwen2.5-0.5B,0.4379778504371643,direct,fixed_random,-9.60383129119873,-8.048123359680176,1.0,1,128,4504.87060546875,293.814697265625,9,final_hidden,2026-07-10T15:04:50.830722+00:00,nonpad_flattened,Qwen/Qwen2.5-0.5B
114688,64,1,16,main,wikitext,wikitext-2-raw-v1,validation,cuda,float32,64,qwen_dynamical_edge_normal,af125240938fafbe41b2eb787f4e20ef303ef173,"[1, 128, 896]",inputs_embeds,paper_style_feedback_dynamics,Qwen/Qwen2.5-0.5B,0.35445237159729004,direct,fixed_random,-10.915104866027832,-9.60383129119873,1.0,1,128,4532.34228515625,270.9346923828125,10,final_hidden,2026-07-10T15:04:50.830722+00:00,nonpad_flattened,Qwen/Qwen2.5-0.5B
114688,64,1,16,main,wikitext,wikitext-2-raw-v1,validation,cuda,float32,64,qwen_dynamical_edge_normal,af125240938fafbe41b2eb787f4e20ef303ef173,"[1, 128, 896]",inputs_embeds,paper_style_feedback_dynamics,Qwen/Qwen2.5-0.5B,0.39303749799728394,direct,fixed_random,-11.572305679321289,-10.915104866027832,1.0,1,128,4546.56103515625,240.8887176513672,11,final_hidden,2026-07-10T15:04:50.830722+00:00,nonpad_flattened,Qwen/Qwen2.5-0.5B
114688,64,1,16,main,wikitext,wikitext-2-raw-v1,validation,cuda,float32,64,qwen_dynamical_edge_normal,af125240938fafbe41b2eb787f4e20ef303ef173,"[1, 128, 896]",inputs_embeds,paper_style_feedback_dynamics,Qwen/Qwen2.5-0.5B,0.5751640796661377,direct,fixed_random,-12.487585067749023,-11.572305679321289,1.0,1,128,4565.18359375,211.2527313232422,12,final_hidden,2026-07-10T15:04:50.830722+00:00,nonpad_flattened,Qwen/Qwen2.5-0.5B
114688,64,1,16,main,wikitext,wikitext-2-raw-v1,validation,cuda,float32,64,qwen_dynamical_edge_normal,af125240938fafbe41b2eb787f4e20ef303ef173,"[1, 128, 896]",inputs_embeds,paper_style_feedback_dynamics,Qwen/Qwen2.5-0.5B,0.9473419189453125,direct,fixed_random,-12.990130424499512,-12.487585067749023,1.0,1,128,4578.4912109375,198.5536346435547,13,final_hidden,2026-07-10T15:04:50.830722+00:00,nonpad_flattened,Qwen/Qwen2.5-0.5B
114688,64,1,16,main,wikitext,wikitext-2-raw-v1,validation,cuda,float32,64,qwen_dynamical_edge_normal,af125240938fafbe41b2eb787f4e20ef303ef173,"[1, 128, 896]",inputs_embeds,paper_style_feedback_dynamics,Qwen/Qwen2.5-0.5B,1.7188186645507812,direct,fixed_random,-13.866445541381836,-12.990130424499512,1.0,1,128,4591.484375,187.13902282714844,14,final_hidden,2026-07-10T15:04:50.830722+00:00,nonpad_flattened,Qwen/Qwen2.5-0.5B
114688,64,1,16,main,wikitext,wikitext-2-raw-v1,validation,cuda,float32,64,qwen_dynamical_edge_normal,af125240938fafbe41b2eb787f4e20ef303ef173,"[1, 128, 896]",inputs_embeds,paper_style_feedback_dynamics,Qwen/Qwen2.5-0.5B,2.1919727325439453,direct,fixed_random,-14.176426887512207,-13.866445541381836,1.0,1,128,4597.6455078125,179.6409149169922,15,final_hidden,2026-07-10T15:04:50.830722+00:00,nonpad_flattened,Qwen/Qwen2.5-0.5B
114688,64,1,16,main,wikitext,wikitext-2-raw-v1,validation,cuda,float32,64,qwen_dynamical_edge_normal,af125240938fafbe41b2eb787f4e20ef303ef173,"[1, 128, 896]",inputs_embeds,paper_style_feedback_dynamics,Qwen/Qwen2.5-0.5B,3.960663080215454,direct,fixed_random,-15.067927360534668,-14.176426887512207,1.0,1,128,4611.3388671875,179.8523406982422,16,final_hidden,2026-07-10T15:04:50.830722+00:00,nonpad_flattened,Qwen/Qwen2.5-0.5B
114688,64,1,16,main,wikitext,wikitext-2-raw-v1,validation,cuda,float32,64,qwen_dynamical_edge_normal,af125240938fafbe41b2eb787f4e20ef303ef173,"[1, 128, 896]",inputs_embeds,paper_style_feedback_dynamics,Qwen/Qwen2.5-0.5B,2.313805103302002,direct,fixed_random,-15.35407829284668,-15.067927360534668,1.0,1,128,4613.59375,174.21368408203125,17,final_hidden,2026-07-10T15:04:50.830722+00:00,nonpad_flattened,Qwen/Qwen2.5-0.5B
114688,64,1,16,main,wikitext,wikitext-2-raw-v1,validation,cuda,float32,64,qwen_dynamical_edge_normal,af125240938fafbe41b2eb787f4e20ef303ef173,"[1, 128, 896]",inputs_embeds,paper_style_feedback_dynamics,Qwen/Qwen2.5-0.5B,1.5896062850952148,direct,fixed_random,-15.864116668701172,-15.35407829284668,1.0,1,128,4622.6416015625,168.7268524169922,18,final_hidden,2026-07-10T15:04:50.830722+00:00,nonpad_flattened,Qwen/Qwen2.5-0.5B
114688,64,1,16,main,wikitext,wikitext-2-raw-v1,validation,cuda,float32,64,qwen_dynamical_edge_normal,af125240938fafbe41b2eb787f4e20ef303ef173,"[1, 128, 896]",inputs_embeds,paper_style_feedback_dynamics,Qwen/Qwen2.5-0.5B,1.0757133960723877,direct,fixed_random,-16.034759521484375,-15.864116668701172,1.0,1,128,4626.5107421875,168.4567413330078,19,final_hidden,2026-07-10T15:04:50.830722+00:00,nonpad_flattened,Qwen/Qwen2.5-0.5B
114688,64,1,16,main,wikitext,wikitext-2-raw-v1,validation,cuda,float32,64,qwen_dynamical_edge_normal,af125240938fafbe41b2eb787f4e20ef303ef173,"[1, 128, 896]",inputs_embeds,paper_style_feedback_dynamics,Qwen/Qwen2.5-0.5B,1.3045260906219482,direct,fixed_random,-16.35972785949707,-16.034759521484375,1.0,1,128,4631.6357421875,163.95130920410156,20,final_hidden,2026-07-10T15:04:50.830722+00:00,nonpad_flattened,Qwen/Qwen2.5-0.5B
114688,64,1,16,main,wikitext,wikitext-2-raw-v1,validation,cuda,float32,64,qwen_dynamical_edge_normal,af125240938fafbe41b2eb787f4e20ef303ef173,"[1, 128, 896]",inputs_embeds,paper_style_feedback_dynamics,Qwen/Qwen2.5-0.5B,1.1931499242782593,direct,fixed_random,-16.328426361083984,-16.35972785949707,1.0,1,128,4635.455078125,161.24314880371094,21,final_hidden,2026-07-10T15:04:50.830722+00:00,nonpad_flattened,Qwen/Qwen2.5-0.5B
114688,64,1,16,main,wikitext,wikitext-2-raw-v1,validation,cuda,float32,64,qwen_dynamical_edge_normal,af125240938fafbe41b2eb787f4e20ef303ef173,"[1, 128, 896]",inputs_embeds,paper_style_feedback_dynamics,Qwen/Qwen2.5-0.5B,1.0172667503356934,direct,fixed_random,-16.42837905883789,-16.328426361083984,1.0,1,128,4639.85009765625,158.6852569580078,22,final_hidden,2026-07-10T15:04:50.830722+00:00,nonpad_flattened,Qwen/Qwen2.5-0.5B
114688,64,1,16,main,wikitext,wikitext-2-raw-v1,validation,cuda,float32,64,qwen_dynamical_edge_normal,af125240938fafbe41b2eb787f4e20ef303ef173,"[1, 128, 896]",inputs_embeds,paper_style_feedback_dynamics,Qwen/Qwen2.5-0.5B,0.877575159072876,direct,fixed_random,-16.235952377319336,-16.42837905883789,1.0,1,128,4642.21337890625,156.6814727783203,23,final_hidden,2026-07-10T15:04:50.830722+00:00,nonpad_flattened,Qwen/Qwen2.5-0.5B
114688,64,1,16,main,wikitext,wikitext-2-raw-v1,validation,cuda,float32,64,qwen_dynamical_edge_normal,af125240938fafbe41b2eb787f4e20ef303ef173,"[1, 128, 896]",inputs_embeds,paper_style_feedback_dynamics,Qwen/Qwen2.5-0.5B,1.3438084125518799,direct,fixed_random,-16.279115676879883,-16.235952377319336,1.0,1,128,4645.58251953125,153.15968322753906,24,final_hidden,2026-07-10T15:04:50.830722+00:00,nonpad_flattened,Qwen/Qwen2.5-0.5B
114688,64,1,16,main,wikitext,wikitext-2-raw-v1,validation,cuda,float32,64,qwen_dynamical_edge_normal,af125240938fafbe41b2eb787f4e20ef303ef173,"[1, 128, 896]",inputs_embeds,paper_style_feedback_dynamics,Qwen/Qwen2.5-0.5B,0.7315298318862915,direct,fixed_random,-16.055891036987305,-16.279115676879883,1.0,1,128,4646.38720703125,147.69216918945312,25,final_hidden,2026-07-10T15:04:50.830722+00:00,nonpad_flattened,Qwen/Qwen2.5-0.5B
114688,64,1,16,main,wikitext,wikitext-2-raw-v1,validation,cuda,float32,64,qwen_dynamical_edge_normal,af125240938fafbe41b2eb787f4e20ef303ef173,"[1, 128, 896]",inputs_embeds,paper_style_feedback_dynamics,Qwen/Qwen2.5-0.5B,0.7361880540847778,direct,fixed_random,-16.095504760742188,-16.055891036987305,1.0,1,128,4648.6337890625,142.095458984375,26,final_hidden,2026-07-10T15:04:50.830722+00:00,nonpad_flattened,Qwen/Qwen2.5-0.5B
114688,64,1,16,main,wikitext,wikitext-2-raw-v1,validation,cuda,float32,64,qwen_dynamical_edge_normal,af125240938fafbe41b2eb787f4e20ef303ef173,"[1, 128, 896]",inputs_embeds,paper_style_feedback_dynamics,Qwen/Qwen2.5-0.5B,0.48348432779312134,direct,fixed_random,-15.905691146850586,-16.095504760742188,1.0,1,128,4648.41064453125,139.41148376464844,27,final_hidden,2026-07-10T15:04:50.830722+00:00,nonpad_flattened,Qwen/Qwen2.5-0.5B
114688,64,1,16,main,wikitext,wikitext-2-raw-v1,validation,cuda,float32,64,qwen_dynamical_edge_normal,af125240938fafbe41b2eb787f4e20ef303ef173,"[1, 128, 896]",inputs_embeds,paper_style_feedback_dynamics,Qwen/Qwen2.5-0.5B,0.6665458679199219,direct,fixed_random,-16.022825241088867,-15.905691146850586,1.0,1,128,4649.43310546875,136.8546905517578,28,final_hidden,2026-07-10T15:04:50.830722+00:00,nonpad_flattened,Qwen/Qwen2.5-0.5B
114688,64,1,16,main,wikitext,wikitext-2-raw-v1,validation,cuda,float32,64,qwen_dynamical_edge_normal,af125240938fafbe41b2eb787f4e20ef303ef173,"[1, 128, 896]",inputs_embeds,paper_style_feedback_dynamics,Qwen/Qwen2.5-0.5B,0.4413215219974518,direct,fixed_random,-15.859365463256836,-16.022825241088867,1.0,1,128,4647.8505859375,132.23809814453125,29,final_hidden,2026-07-10T15:04:50.830722+00:00,nonpad_flattened,Qwen/Qwen2.5-0.5B
114688,64,1,16,main,wikitext,wikitext-2-raw-v1,validation,cuda,float32,64,qwen_dynamical_edge_normal,af125240938fafbe41b2eb787f4e20ef303ef173,"[1, 128, 896]",inputs_embeds,paper_style_feedback_dynamics,Qwen/Qwen2.5-0.5B,0.4183199405670166,direct,fixed_random,-15.975223541259766,-15.859365463256836,1.0,1,128,4648.43115234375,128.5148468017578,30,final_hidden,2026-07-10T15:04:50.830722+00:00,nonpad_flattened,Qwen/Qwen2.5-0.5B
114688,64,1,16,main,wikitext,wikitext-2-raw-v1,validation,cuda,float32,64,qwen_dynamical_edge_normal,af125240938fafbe41b2eb787f4e20ef303ef173,"[1, 128, 896]",inputs_embeds,paper_style_feedback_dynamics,Qwen/Qwen2.5-0.5B,0.27519747614860535,direct,fixed_random,-15.813916206359863,-15.975223541259766,1.0,1,128,4646.3623046875,127.88085174560547,31,final_hidden,2026-07-10T15:04:50.830722+00:00,nonpad_flattened,Qwen/Qwen2.5-0.5B
114688,64,1,16,main,wikitext,wikitext-2-raw-v1,validation,cuda,float32,64,qwen_dynamical_edge_normal,af125240938fafbe41b2eb787f4e20ef303ef173,"[1, 128, 896]",inputs_embeds,paper_style_feedback_dynamics,Qwen/Qwen2.5-0.5B,0.3125544488430023,direct,fixed_random,-15.96811294555664,-15.813916206359863,1.0,1,128,4646.2841796875,127.7842788696289,32,final_hidden,2026-07-10T15:04:50.830722+00:00,nonpad_flattened,Qwen/Qwen2.5-0.5B
114688,64,1,16,main,wikitext,wikitext-2-raw-v1,validation,cuda,float32,64,qwen_dynamical_edge_normal,af125240938fafbe41b2eb787f4e20ef303ef173,"[1, 128, 896]",inputs_embeds,paper_style_feedback_dynamics,Qwen/Qwen2.5-0.5B,0.21495071053504944,direct,fixed_random,-15.831408500671387,-15.96811294555664,1.0,1,128,4643.54150390625,124.52933502197266,33,final_hidden,2026-07-10T15:04:50.830722+00:00,nonpad_flattened,Qwen/Qwen2.5-0.5B
114688,64,1,16,main,wikitext,wikitext-2-raw-v1,validation,cuda,float32,64,qwen_dynamical_edge_normal,af125240938fafbe41b2eb787f4e20ef303ef173,"[1, 128, 896]",inputs_embeds,paper_style_feedback_dynamics,Qwen/Qwen2.5-0.5B,0.22679699957370758,direct,fixed_random,-15.960884094238281,-15.831408500671387,1.0,1,128,4643.27587890625,121.12750244140625,34,final_hidden,2026-07-10T15:04:50.830722+00:00,nonpad_flattened,Qwen/Qwen2.5-0.5B
114688,64,1,16,main,wikitext,wikitext-2-raw-v1,validation,cuda,float32,64,qwen_dynamical_edge_normal,af125240938fafbe41b2eb787f4e20ef303ef173,"[1, 128, 896]",inputs_embeds,paper_style_feedback_dynamics,Qwen/Qwen2.5-0.5B,0.18228091299533844,direct,fixed_random,-15.786667823791504,-15.960884094238281,1.0,1,128,4640.4140625,120.72134399414062,35,final_hidden,2026-07-10T15:04:50.830722+00:00,nonpad_flattened,Qwen/Qwen2.5-0.5B
114688,64,1,16,main,wikitext,wikitext-2-raw-v1,validation,cuda,float32,64,qwen_dynamical_edge_normal,af125240938fafbe41b2eb787f4e20ef303ef173,"[1, 128, 896]",inputs_embeds,paper_style_feedback_dynamics,Qwen/Qwen2.5-0.5B,0.1970299780368805,direct,fixed_random,-15.95106315612793,-15.786667823791504,1.0,1,128,4640.08544921875,122.24853515625,36,final_hidden,2026-07-10T15:04:50.830722+00:00,nonpad_flattened,Qwen/Qwen2.5-0.5B
114688,64,1,16,main,wikitext,wikitext-2-raw-v1,validation,cuda,float32,64,qwen_dynamical_edge_normal,af125240938fafbe41b2eb787f4e20ef303ef173,"[1, 128, 896]",inputs_embeds,paper_style_feedback_dynamics,Qwen/Qwen2.5-0.5B,0.15900690853595734,direct,fixed_random,-15.830516815185547,-15.95106315612793,1.0,1,128,4636.90771484375,119.50533294677734,37,final_hidden,2026-07-10T15:04:50.830722+00:00,nonpad_flattened,Qwen/Qwen2.5-0.5B
114688,64,1,16,main,wikitext,wikitext-2-raw-v1,validation,cuda,float32,64,qwen_dynamical_edge_normal,af125240938fafbe41b2eb787f4e20ef303ef173,"[1, 128, 896]",inputs_embeds,paper_style_feedback_dynamics,Qwen/Qwen2.5-0.5B,0.16212721168994904,direct,fixed_random,-15.956718444824219,-15.830516815185547,1.0,1,128,4636.40625,115.5839614868164,38,final_hidden,2026-07-10T15:04:50.830722+00:00,nonpad_flattened,Qwen/Qwen2.5-0.5B
114688,64,1,16,main,wikitext,wikitext-2-raw-v1,validation,cuda,float32,64,qwen_dynamical_edge_normal,af125240938fafbe41b2eb787f4e20ef303ef173,"[1, 128, 896]",inputs_embeds,paper_style_feedback_dynamics,Qwen/Qwen2.5-0.5B,0.14705699682235718,direct,fixed_random,-15.775452613830566,-15.956718444824219,1.0,1,128,4633.33056640625,115.01587677001953,39,final_hidden,2026-07-10T15:04:50.830722+00:00,nonpad_flattened,Qwen/Qwen2.5-0.5B
114688,64,1,16,main,wikitext,wikitext-2-raw-v1,validation,cuda,float32,64,qwen_dynamical_edge_normal,af125240938fafbe41b2eb787f4e20ef303ef173,"[1, 128, 896]",inputs_embeds,paper_style_feedback_dynamics,Qwen/Qwen2.5-0.5B,0.1499119997024536,direct,fixed_random,-15.9432954788208,-15.775452613830566,1.0,1,128,4633.1015625,117.4811019897461,40,final_hidden,2026-07-10T15:04:50.830722+00:00,nonpad_flattened,Qwen/Qwen2.5-0.5B
114688,64,1,16,main,wikitext,wikitext-2-raw-v1,validation,cuda,float32,64,qwen_dynamical_edge_normal,af125240938fafbe41b2eb787f4e20ef303ef173,"[1, 128, 896]",inputs_embeds,paper_style_feedback_dynamics,Qwen/Qwen2.5-0.5B,0.14297042787075043,direct,fixed_random,-15.817238807678223,-15.9432954788208,1.0,1,128,4629.79443359375,115.31133270263672,41,final_hidden,2026-07-10T15:04:50.830722+00:00,nonpad_flattened,Qwen/Qwen2.5-0.5B
114688,64,1,16,main,wikitext,wikitext-2-raw-v1,validation,cuda,float32,64,qwen_dynamical_edge_normal,af125240938fafbe41b2eb787f4e20ef303ef173,"[1, 128, 896]",inputs_embeds,paper_style_feedback_dynamics,Qwen/Qwen2.5-0.5B,0.1338047981262207,direct,fixed_random,-15.94192123413086,-15.817238807678223,1.0,1,128,4629.462890625,111.56246185302734,42,final_hidden,2026-07-10T15:04:50.830722+00:00,nonpad_flattened,Qwen/Qwen2.5-0.5B
114688,64,1,16,main,wikitext,wikitext-2-raw-v1,validation,cuda,float32,64,qwen_dynamical_edge_normal,af125240938fafbe41b2eb787f4e20ef303ef173,"[1, 128, 896]",inputs_embeds,paper_style_feedback_dynamics,Qwen/Qwen2.5-0.5B,0.14186809957027435,direct,fixed_random,-15.751121520996094,-15.94192123413086,1.0,1,128,4626.3251953125,111.1379165649414,43,final_hidden,2026-07-10T15:04:50.830722+00:00,nonpad_flattened,Qwen/Qwen2.5-0.5B
114688,64,1,16,main,wikitext,wikitext-2-raw-v1,validation,cuda,float32,64,qwen_dynamical_edge_normal,af125240938fafbe41b2eb787f4e20ef303ef173,"[1, 128, 896]",inputs_embeds,paper_style_feedback_dynamics,Qwen/Qwen2.5-0.5B,0.12480101734399796,direct,fixed_random,-15.916624069213867,-15.751121520996094,1.0,1,128,4626.3720703125,113.68136596679688,44,final_hidden,2026-07-10T15:04:50.830722+00:00,nonpad_flattened,Qwen/Qwen2.5-0.5B
114688,64,1,16,main,wikitext,wikitext-2-raw-v1,validation,cuda,float32,64,qwen_dynamical_edge_normal,af125240938fafbe41b2eb787f4e20ef303ef173,"[1, 128, 896]",inputs_embeds,paper_style_feedback_dynamics,Qwen/Qwen2.5-0.5B,0.16494156420230865,direct,fixed_random,-15.777303695678711,-15.916624069213867,1.0,1,128,4623.04296875,111.77638244628906,45,final_hidden,2026-07-10T15:04:50.830722+00:00,nonpad_flattened,Qwen/Qwen2.5-0.5B
114688,64,1,16,main,wikitext,wikitext-2-raw-v1,validation,cuda,float32,64,qwen_dynamical_edge_normal,af125240938fafbe41b2eb787f4e20ef303ef173,"[1, 128, 896]",inputs_embeds,paper_style_feedback_dynamics,Qwen/Qwen2.5-0.5B,0.13047751784324646,direct,fixed_random,-15.907984733581543,-15.777303695678711,1.0,1,128,4623.06787109375,108.35128784179688,46,final_hidden,2026-07-10T15:04:50.830722+00:00,nonpad_flattened,Qwen/Qwen2.5-0.5B
114688,64,1,16,main,wikitext,wikitext-2-raw-v1,validation,cuda,float32,64,qwen_dynamical_edge_normal,af125240938fafbe41b2eb787f4e20ef303ef173,"[1, 128, 896]",inputs_embeds,paper_style_feedback_dynamics,Qwen/Qwen2.5-0.5B,0.17988966405391693,direct,fixed_random,-15.713399887084961,-15.907984733581543,1.0,1,128,4619.9375,108.3571548461914,47,final_hidden,2026-07-10T15:04:50.830722+00:00,nonpad_flattened,Qwen/Qwen2.5-0.5B
114688,64,1,16,main,wikitext,wikitext-2-raw-v1,validation,cuda,float32,64,qwen_dynamical_edge_normal,af125240938fafbe41b2eb787f4e20ef303ef173,"[1, 128, 896]",inputs_embeds,paper_style_feedback_dynamics,Qwen/Qwen2.5-0.5B,0.13613921403884888,direct,fixed_random,-15.883893966674805,-15.713399887084961,1.0,1,128,4620.37109375,111.00176239013672,48,final_hidden,2026-07-10T15:04:50.830722+00:00,nonpad_flattened,Qwen/Qwen2.5-0.5B
114688,64,1,16,main,wikitext,wikitext-2-raw-v1,validation,cuda,float32,64,qwen_dynamical_edge_normal,af125240938fafbe41b2eb787f4e20ef303ef173,"[1, 128, 896]",inputs_embeds,paper_style_feedback_dynamics,Qwen/Qwen2.5-0.5B,0.23829950392246246,direct,fixed_random,-15.741368293762207,-15.883893966674805,1.0,1,128,4617.0556640625,108.93366241455078,49,final_hidden,2026-07-10T15:04:50.830722+00:00,nonpad_flattened,Qwen/Qwen2.5-0.5B
114688,64,1,16,main,wikitext,wikitext-2-raw-v1,validation,cuda,float32,64,qwen_dynamical_edge_normal,af125240938fafbe41b2eb787f4e20ef303ef173,"[1, 128, 896]",inputs_embeds,paper_style_feedback_dynamics,Qwen/Qwen2.5-0.5B,0.14725570380687714,direct,fixed_random,-15.880546569824219,-15.741368293762207,1.0,1,128,4617.44921875,105.37593841552734,50,final_hidden,2026-07-10T15:04:50.830722+00:00,nonpad_flattened,Qwen/Qwen2.5-0.5B
114688,64,1,16,main,wikitext,wikitext-2-raw-v1,validation,cuda,float32,64,qwen_dynamical_edge_normal,af125240938fafbe41b2eb787f4e20ef303ef173,"[1, 128, 896]",inputs_embeds,paper_style_feedback_dynamics,Qwen/Qwen2.5-0.5B,0.2555893659591675,direct,fixed_random,-15.69046401977539,-15.880546569824219,1.0,1,128,4614.40869140625,105.86444091796875,51,final_hidden,2026-07-10T15:04:50.830722+00:00,nonpad_flattened,Qwen/Qwen2.5-0.5B
114688,64,1,16,main,wikitext,wikitext-2-raw-v1,validation,cuda,float32,64,qwen_dynamical_edge_normal,af125240938fafbe41b2eb787f4e20ef303ef173,"[1, 128, 896]",inputs_embeds,paper_style_feedback_dynamics,Qwen/Qwen2.5-0.5B,0.18730823695659637,direct,fixed_random,-15.869329452514648,-15.69046401977539,1.0,1,128,4615.2197265625,108.7480239868164,52,final_hidden,2026-07-10T15:04:50.830722+00:00,nonpad_flattened,Qwen/Qwen2.5-0.5B
114688,64,1,16,main,wikitext,wikitext-2-raw-v1,validation,cuda,float32,64,qwen_dynamical_edge_normal,af125240938fafbe41b2eb787f4e20ef303ef173,"[1, 128, 896]",inputs_embeds,paper_style_feedback_dynamics,Qwen/Qwen2.5-0.5B,0.3649078905582428,direct,fixed_random,-15.721845626831055,-15.869329452514648,1.0,1,128,4611.90283203125,106.6026382446289,53,final_hidden,2026-07-10T15:04:50.830722+00:00,nonpad_flattened,Qwen/Qwen2.5-0.5B
114688,64,1,16,main,wikitext,wikitext-2-raw-v1,validation,cuda,float32,64,qwen_dynamical_edge_normal,af125240938fafbe41b2eb787f4e20ef303ef173,"[1, 128, 896]",inputs_embeds,paper_style_feedback_dynamics,Qwen/Qwen2.5-0.5B,0.19546516239643097,direct,fixed_random,-15.874698638916016,-15.721845626831055,1.0,1,128,4612.689453125,103.13123321533203,54,final_hidden,2026-07-10T15:04:50.830722+00:00,nonpad_flattened,Qwen/Qwen2.5-0.5B
114688,64,1,16,main,wikitext,wikitext-2-raw-v1,validation,cuda,float32,64,qwen_dynamical_edge_normal,af125240938fafbe41b2eb787f4e20ef303ef173,"[1, 128, 896]",inputs_embeds,paper_style_feedback_dynamics,Qwen/Qwen2.5-0.5B,0.3483855426311493,direct,fixed_random,-15.687727928161621,-15.874698638916016,1.0,1,128,4609.68798828125,104.23182678222656,55,final_hidden,2026-07-10T15:04:50.830722+00:00,nonpad_flattened,Qwen/Qwen2.5-0.5B
114688,64,1,16,main,wikitext,wikitext-2-raw-v1,validation,cuda,float32,64,qwen_dynamical_edge_normal,af125240938fafbe41b2eb787f4e20ef303ef173,"[1, 128, 896]",inputs_embeds,paper_style_feedback_dynamics,Qwen/Qwen2.5-0.5B,0.2617435157299042,direct,fixed_random,-15.874832153320312,-15.687727928161621,1.0,1,128,4610.8583984375,107.21578216552734,56,final_hidden,2026-07-10T15:04:50.830722+00:00,nonpad_flattened,Qwen/Qwen2.5-0.5B
114688,64,1,16,main,wikitext,wikitext-2-raw-v1,validation,cuda,float32,64,qwen_dynamical_edge_normal,af125240938fafbe41b2eb787f4e20ef303ef173,"[1, 128, 896]",inputs_embeds,paper_style_feedback_dynamics,Qwen/Qwen2.5-0.5B,0.5185859799385071,direct,fixed_random,-15.722439765930176,-15.874832153320312,1.0,1,128,4607.4794921875,104.69171905517578,57,final_hidden,2026-07-10T15:04:50.830722+00:00,nonpad_flattened,Qwen/Qwen2.5-0.5B
114688,64,1,16,main,wikitext,wikitext-2-raw-v1,validation,cuda,float32,64,qwen_dynamical_edge_normal,af125240938fafbe41b2eb787f4e20ef303ef173,"[1, 128, 896]",inputs_embeds,paper_style_feedback_dynamics,Qwen/Qwen2.5-0.5B,0.2482966184616089,direct,fixed_random,-15.886667251586914,-15.722439765930176,1.0,1,128,4608.6103515625,101.09561920166016,58,final_hidden,2026-07-10T15:04:50.830722+00:00,nonpad_flattened,Qwen/Qwen2.5-0.5B
114688,64,1,16,main,wikitext,wikitext-2-raw-v1,validation,cuda,float32,64,qwen_dynamical_edge_normal,af125240938fafbe41b2eb787f4e20ef303ef173,"[1, 128, 896]",inputs_embeds,paper_style_feedback_dynamics,Qwen/Qwen2.5-0.5B,0.4013049304485321,direct,fixed_random,-15.702108383178711,-15.886667251586914,1.0,1,128,4605.60107421875,102.84915924072266,59,final_hidden,2026-07-10T15:04:50.830722+00:00,nonpad_flattened,Qwen/Qwen2.5-0.5B
114688,64,1,16,main,wikitext,wikitext-2-raw-v1,validation,cuda,float32,64,qwen_dynamical_edge_normal,af125240938fafbe41b2eb787f4e20ef303ef173,"[1, 128, 896]",inputs_embeds,paper_style_feedback_dynamics,Qwen/Qwen2.5-0.5B,0.3134631812572479,direct,fixed_random,-15.897330284118652,-15.702108383178711,1.0,1,128,4607.0751953125,105.98126983642578,60,final_hidden,2026-07-10T15:04:50.830722+00:00,nonpad_flattened,Qwen/Qwen2.5-0.5B
114688,64,1,16,main,wikitext,wikitext-2-raw-v1,validation,cuda,float32,64,qwen_dynamical_edge_normal,af125240938fafbe41b2eb787f4e20ef303ef173,"[1, 128, 896]",inputs_embeds,paper_style_feedback_dynamics,Qwen/Qwen2.5-0.5B,0.6069886088371277,direct,fixed_random,-15.735128402709961,-15.897330284118652,1.0,1,128,4603.537109375,103.14075469970703,61,final_hidden,2026-07-10T15:04:50.830722+00:00,nonpad_flattened,Qwen/Qwen2.5-0.5B
114688,64,1,16,main,wikitext,wikitext-2-raw-v1,validation,cuda,float32,64,qwen_dynamical_edge_normal,af125240938fafbe41b2eb787f4e20ef303ef173,"[1, 128, 896]",inputs_embeds,paper_style_feedback_dynamics,Qwen/Qwen2.5-0.5B,0.27928194403648376,direct,fixed_random,-15.910602569580078,-15.735128402709961,1.0,1,128,4604.99560546875,99.51531219482422,62,final_hidden,2026-07-10T15:04:50.830722+00:00,nonpad_flattened,Qwen/Qwen2.5-0.5B
114688,64,1,16,main,wikitext,wikitext-2-raw-v1,validation,cuda,float32,64,qwen_dynamical_edge_normal,af125240938fafbe41b2eb787f4e20ef303ef173,"[1, 128, 896]",inputs_embeds,paper_style_feedback_dynamics,Qwen/Qwen2.5-0.5B,0.3367067873477936,direct,fixed_random,,-15.910602569580078,1.0,1,128,4601.841796875,101.92506408691406,63,final_hidden,2026-07-10T15:04:50.830722+00:00,nonpad_flattened,Qwen/Qwen2.5-0.5B
4480,64,2,16,main,wikitext,wikitext-2-raw-v1,validation,cuda,float32,64,qwen_dynamical_edge_normal,af125240938fafbe41b2eb787f4e20ef303ef173,"[1, 128, 896]",inputs_embeds,paper_style_feedback_dynamics,Qwen/Qwen2.5-0.5B,0.011650911532342434,direct,fixed_random,10.492021560668945,10.922525405883789,1.0,2,128,867.2213134765625,42.11334228515625,0,final_hidden,2026-07-10T15:04:50.830722+00:00,nonpad_flattened,Qwen/Qwen2.5-0.5B
4480,64,2,16,main,wikitext,wikitext-2-raw-v1,validation,cuda,float32,64,qwen_dynamical_edge_normal,af125240938fafbe41b2eb787f4e20ef303ef173,"[1, 128, 896]",inputs_embeds,paper_style_feedback_dynamics,Qwen/Qwen2.5-0.5B,0.012700582854449749,direct,fixed_random,10.075072288513184,10.492021560668945,1.0,2,128,871.5720825195312,38.97354507446289,1,final_hidden,2026-07-10T15:04:50.830722+00:00,nonpad_flattened,Qwen/Qwen2.5-0.5B
4480,64,2,16,main,wikitext,wikitext-2-raw-v1,validation,cuda,float32,64,qwen_dynamical_edge_normal,af125240938fafbe41b2eb787f4e20ef303ef173,"[1, 128, 896]",inputs_embeds,paper_style_feedback_dynamics,Qwen/Qwen2.5-0.5B,0.013745495118200779,direct,fixed_random,9.63564682006836,10.075072288513184,1.0,2,128,875.1546020507812,36.49183654785156,2,final_hidden,2026-07-10T15:04:50.830722+00:00,nonpad_flattened,Qwen/Qwen2.5-0.5B
4480,64,2,16,main,wikitext,wikitext-2-raw-v1,validation,cuda,float32,64,qwen_dynamical_edge_normal,af125240938fafbe41b2eb787f4e20ef303ef173,"[1, 128, 896]",inputs_embeds,paper_style_feedback_dynamics,Qwen/Qwen2.5-0.5B,0.014745853841304779,direct,fixed_random,9.146639823913574,9.63564682006836,1.0,2,128,878.2054443359375,34.583465576171875,3,final_hidden,2026-07-10T15:04:50.830722+00:00,nonpad_flattened,Qwen/Qwen2.5-0.5B
4480,64,2,16,main,wikitext,wikitext-2-raw-v1,validation,cuda,float32,64,qwen_dynamical_edge_normal,af125240938fafbe41b2eb787f4e20ef303ef173,"[1, 128, 896]",inputs_embeds,paper_style_feedback_dynamics,Qwen/Qwen2.5-0.5B,0.015666237100958824,direct,fixed_random,8.593841552734375,9.146639823913574,1.0,2,128,880.9199829101562,33.131248474121094,4,final_hidden,2026-07-10T15:04:50.830722+00:00,nonpad_flattened,Qwen/Qwen2.5-0.5B
4480,64,2,16,main,wikitext,wikitext-2-raw-v1,validation,cuda,float32,64,qwen_dynamical_edge_normal,af125240938fafbe41b2eb787f4e20ef303ef173,"[1, 128, 896]",inputs_embeds,paper_style_feedback_dynamics,Qwen/Qwen2.5-0.5B,0.01639123074710369,direct,fixed_random,7.973854064941406,8.593841552734375,1.0,2,128,883.443603515625,32.000492095947266,5,final_hidden,2026-07-10T15:04:50.830722+00:00,nonpad_flattened,Qwen/Qwen2.5-0.5B
4480,64,2,16,main,wikitext,wikitext-2-raw-v1,validation,cuda,float32,64,qwen_dynamical_edge_normal,af125240938fafbe41b2eb787f4e20ef303ef173,"[1, 128, 896]",inputs_embeds,paper_style_feedback_dynamics,Qwen/Qwen2.5-0.5B,0.016935694962739944,direct,fixed_random,7.288835048675537,7.973854064941406,1.0,2,128,885.8723754882812,31.056556701660156,6,final_hidden,2026-07-10T15:04:50.830722+00:00,nonpad_flattened,Qwen/Qwen2.5-0.5B
4480,64,2,16,main,wikitext,wikitext-2-raw-v1,validation,cuda,float32,64,qwen_dynamical_edge_normal,af125240938fafbe41b2eb787f4e20ef303ef173,"[1, 128, 896]",inputs_embeds,paper_style_feedback_dynamics,Qwen/Qwen2.5-0.5B,0.017188211902976036,direct,fixed_random,6.544110298156738,7.288835048675537,1.0,2,128,888.2583618164062,30.183698654174805,7,final_hidden,2026-07-10T15:04:50.830722+00:00,nonpad_flattened,Qwen/Qwen2.5-0.5B
4480,64,2,16,main,wikitext,wikitext-2-raw-v1,validation,cuda,float32,64,qwen_dynamical_edge_normal,af125240938fafbe41b2eb787f4e20ef303ef173,"[1, 128, 896]",inputs_embeds,paper_style_feedback_dynamics,Qwen/Qwen2.5-0.5B,0.01719340868294239,direct,fixed_random,5.748705863952637,6.544110298156738,1.0,2,128,890.6174926757812,29.30005645751953,8,final_hidden,2026-07-10T15:04:50.830722+00:00,nonpad_flattened,Qwen/Qwen2.5-0.5B
4480,64,2,16,main,wikitext,wikitext-2-raw-v1,validation,cuda,float32,64,qwen_dynamical_edge_normal,af125240938fafbe41b2eb787f4e20ef303ef173,"[1, 128, 896]",inputs_embeds,paper_style_feedback_dynamics,Qwen/Qwen2.5-0.5B,0.01706017181277275,direct,fixed_random,4.916085720062256,5.748705863952637,1.0,2,128,892.9430541992188,28.366315841674805,9,final_hidden,2026-07-10T15:04:50.830722+00:00,nonpad_flattened,Qwen/Qwen2.5-0.5B
4480,64,2,16,main,wikitext,wikitext-2-raw-v1,validation,cuda,float32,64,qwen_dynamical_edge_normal,af125240938fafbe41b2eb787f4e20ef303ef173,"[1, 128, 896]",inputs_embeds,paper_style_feedback_dynamics,Qwen/Qwen2.5-0.5B,0.01683296263217926,direct,fixed_random,4.063612937927246,4.916085720062256,1.0,2,128,895.2196044921875,27.386539459228516,10,final_hidden,2026-07-10T15:04:50.830722+00:00,nonpad_flattened,Qwen/Qwen2.5-0.5B
4480,64,2,16,main,wikitext,wikitext-2-raw-v1,validation,cuda,float32,64,qwen_dynamical_edge_normal,af125240938fafbe41b2eb787f4e20ef303ef173,"[1, 128, 896]",inputs_embeds,paper_style_feedback_dynamics,Qwen/Qwen2.5-0.5B,0.01669260673224926,direct,fixed_random,3.2105050086975098,4.063612937927246,1.0,2,128,897.4346313476562,26.397998809814453,11,final_hidden,2026-07-10T15:04:50.830722+00:00,nonpad_flattened,Qwen/Qwen2.5-0.5B
4480,64,2,16,main,wikitext,wikitext-2-raw-v1,validation,cuda,float32,64,qwen_dynamical_edge_normal,af125240938fafbe41b2eb787f4e20ef303ef173,"[1, 128, 896]",inputs_embeds,paper_style_feedback_dynamics,Qwen/Qwen2.5-0.5B,0.01661927066743374,direct,fixed_random,2.374998092651367,3.2105050086975098,1.0,2,128,899.5848388671875,25.449872970581055,12,final_hidden,2026-07-10T15:04:50.830722+00:00,nonpad_flattened,Qwen/Qwen2.5-0.5B
4480,64,2,16,main,wikitext,wikitext-2-raw-v1,validation,cuda,float32,64,qwen_dynamical_edge_normal,af125240938fafbe41b2eb787f4e20ef303ef173,"[1, 128, 896]",inputs_embeds,paper_style_feedback_dynamics,Qwen/Qwen2.5-0.5B,0.016716524958610535,direct,fixed_random,1.5718539953231812,2.374998092651367,1.0,2,128,901.6770629882812,24.57843589782715,13,final_hidden,2026-07-10T15:04:50.830722+00:00,nonpad_flattened,Qwen/Qwen2.5-0.5B
4480,64,2,16,main,wikitext,wikitext-2-raw-v1,validation,cuda,float32,64,qwen_dynamical_edge_normal,af125240938fafbe41b2eb787f4e20ef303ef173,"[1, 128, 896]",inputs_embeds,paper_style_feedback_dynamics,Qwen/Qwen2.5-0.5B,0.016916606575250626,direct,fixed_random,0.8109180927276611,1.5718539953231812,1.0,2,128,903.7252197265625,23.79485511779785,14,final_hidden,2026-07-10T15:04:50.830722+00:00,nonpad_flattened,Qwen/Qwen2.5-0.5B
4480,64,2,16,main,wikitext,wikitext-2-raw-v1,validation,cuda,float32,64,qwen_dynamical_edge_normal,af125240938fafbe41b2eb787f4e20ef303ef173,"[1, 128, 896]",inputs_embeds,paper_style_feedback_dynamics,Qwen/Qwen2.5-0.5B,0.017213650047779083,direct,fixed_random,0.09683847427368164,0.8109180927276611,1.0,2,128,905.7462158203125,23.088804244995117,15,final_hidden,2026-07-10T15:04:50.830722+00:00,nonpad_flattened,Qwen/Qwen2.5-0.5B
4480,64,2,16,main,wikitext,wikitext-2-raw-v1,validation,cuda,float32,64,qwen_dynamical_edge_normal,af125240938fafbe41b2eb787f4e20ef303ef173,"[1, 128, 896]",inputs_embeds,paper_style_feedback_dynamics,Qwen/Qwen2.5-0.5B,0.01763647422194481,direct,fixed_random,-0.5703479051589966,0.09683847427368164,1.0,2,128,907.755126953125,22.43684196472168,16,final_hidden,2026-07-10T15:04:50.830722+00:00,nonpad_flattened,Qwen/Qwen2.5-0.5B
4480,64,2,16,main,wikitext,wikitext-2-raw-v1,validation,cuda,float32,64,qwen_dynamical_edge_normal,af125240938fafbe41b2eb787f4e20ef303ef173,"[1, 128, 896]",inputs_embeds,paper_style_feedback_dynamics,Qwen/Qwen2.5-0.5B,0.018098648637533188,direct,fixed_random,-1.1938414573669434,-0.5703479051589966,1.0,2,128,909.7633666992188,21.810672760009766,17,final_hidden,2026-07-10T15:04:50.830722+00:00,nonpad_flattened,Qwen/Qwen2.5-0.5B
4480,64,2,16,main,wikitext,wikitext-2-raw-v1,validation,cuda,float32,64,qwen_dynamical_edge_normal,af125240938fafbe41b2eb787f4e20ef303ef173,"[1, 128, 896]",inputs_embeds,paper_style_feedback_dynamics,Qwen/Qwen2.5-0.5B,0.01856641098856926,direct,fixed_random,-1.7783817052841187,-1.1938414573669434,1.0,2,128,911.7766723632812,21.18467903137207,18,final_hidden,2026-07-10T15:04:50.830722+00:00,nonpad_flattened,Qwen/Qwen2.5-0.5B
4480,64,2,16,main,wikitext,wikitext-2-raw-v1,validation,cuda,float32,64,qwen_dynamical_edge_normal,af125240938fafbe41b2eb787f4e20ef303ef173,"[1, 128, 896]",inputs_embeds,paper_style_feedback_dynamics,Qwen/Qwen2.5-0.5B,0.01898290403187275,direct,fixed_random,-2.32869291305542,-1.7783817052841187,1.0,2,128,913.79541015625,20.543235778808594,19,final_hidden,2026-07-10T15:04:50.830722+00:00,nonpad_flattened,Qwen/Qwen2.5-0.5B
4480,64,2,16,main,wikitext,wikitext-2-raw-v1,validation,cuda,float32,64,qwen_dynamical_edge_normal,af125240938fafbe41b2eb787f4e20ef303ef173,"[1, 128, 896]",inputs_embeds,paper_style_feedback_dynamics,Qwen/Qwen2.5-0.5B,0.019300222396850586,direct,fixed_random,-2.848724603652954,-2.32869291305542,1.0,2,128,915.8158569335938,19.882556915283203,20,final_hidden,2026-07-10T15:04:50.830722+00:00,nonpad_flattened,Qwen/Qwen2.5-0.5B
4480,64,2,16,main,wikitext,wikitext-2-raw-v1,validation,cuda,float32,64,qwen_dynamical_edge_normal,af125240938fafbe41b2eb787f4e20ef303ef173,"[1, 128, 896]",inputs_embeds,paper_style_feedback_dynamics,Qwen/Qwen2.5-0.5B,0.019530467689037323,direct,fixed_random,-3.341573715209961,-2.848724603652954,1.0,2,128,917.8307495117188,19.20802116394043,21,final_hidden,2026-07-10T15:04:50.830722+00:00,nonpad_flattened,Qwen/Qwen2.5-0.5B
4480,64,2,16,main,wikitext,wikitext-2-raw-v1,validation,cuda,float32,64,qwen_dynamical_edge_normal,af125240938fafbe41b2eb787f4e20ef303ef173,"[1, 128, 896]",inputs_embeds,paper_style_feedback_dynamics,Qwen/Qwen2.5-0.5B,0.019664473831653595,direct,fixed_random,-3.809720993041992,-3.341573715209961,1.0,2,128,919.83056640625,18.53079605102539,22,final_hidden,2026-07-10T15:04:50.830722+00:00,nonpad_flattened,Qwen/Qwen2.5-0.5B
4480,64,2,16,main,wikitext,wikitext-2-raw-v1,validation,cuda,float32,64,qwen_dynamical_edge_normal,af125240938fafbe41b2eb787f4e20ef303ef173,"[1, 128, 896]",inputs_embeds,paper_style_feedback_dynamics,Qwen/Qwen2.5-0.5B,0.019846128299832344,direct,fixed_random,-4.255178451538086,-3.809720993041992,1.0,2,128,921.8049926757812,17.864702224731445,23,final_hidden,2026-07-10T15:04:50.830722+00:00,nonpad_flattened,Qwen/Qwen2.5-0.5B
4480,64,2,16,main,wikitext,wikitext-2-raw-v1,validation,cuda,float32,64,qwen_dynamical_edge_normal,af125240938fafbe41b2eb787f4e20ef303ef173,"[1, 128, 896]",inputs_embeds,paper_style_feedback_dynamics,Qwen/Qwen2.5-0.5B,0.019825708121061325,direct,fixed_random,-4.679553985595703,-4.255178451538086,1.0,2,128,923.7444458007812,17.2247257232666,24,final_hidden,2026-07-10T15:04:50.830722+00:00,nonpad_flattened,Qwen/Qwen2.5-0.5B
4480,64,2,16,main,wikitext,wikitext-2-raw-v1,validation,cuda,float32,64,qwen_dynamical_edge_normal,af125240938fafbe41b2eb787f4e20ef303ef173,"[1, 128, 896]",inputs_embeds,paper_style_feedback_dynamics,Qwen/Qwen2.5-0.5B,0.01978006586432457,direct,fixed_random,-5.084074020385742,-4.679553985595703,1.0,2,128,925.6416015625,16.625659942626953,25,final_hidden,2026-07-10T15:04:50.830722+00:00,nonpad_flattened,Qwen/Qwen2.5-0.5B
4480,64,2,16,main,wikitext,wikitext-2-raw-v1,validation,cuda,float32,64,qwen_dynamical_edge_normal,af125240938fafbe41b2eb787f4e20ef303ef173,"[1, 128, 896]",inputs_embeds,paper_style_feedback_dynamics,Qwen/Qwen2.5-0.5B,0.01965991035103798,direct,fixed_random,-5.469685077667236,-5.084074020385742,1.0,2,128,927.4917602539062,16.082061767578125,26,final_hidden,2026-07-10T15:04:50.830722+00:00,nonpad_flattened,Qwen/Qwen2.5-0.5B
4480,64,2,16,main,wikitext,wikitext-2-raw-v1,validation,cuda,float32,64,qwen_dynamical_edge_normal,af125240938fafbe41b2eb787f4e20ef303ef173,"[1, 128, 896]",inputs_embeds,paper_style_feedback_dynamics,Qwen/Qwen2.5-0.5B,0.019479524344205856,direct,fixed_random,-5.837175369262695,-5.469685077667236,1.0,2,128,929.2936401367188,15.607754707336426,27,final_hidden,2026-07-10T15:04:50.830722+00:00,nonpad_flattened,Qwen/Qwen2.5-0.5B
4480,64,2,16,main,wikitext,wikitext-2-raw-v1,validation,cuda,float32,64,qwen_dynamical_edge_normal,af125240938fafbe41b2eb787f4e20ef303ef173,"[1, 128, 896]",inputs_embeds,paper_style_feedback_dynamics,Qwen/Qwen2.5-0.5B,0.019368985667824745,direct,fixed_random,-6.187270164489746,-5.837175369262695,1.0,2,128,931.049072265625,15.215202331542969,28,final_hidden,2026-07-10T15:04:50.830722+00:00,nonpad_flattened,Qwen/Qwen2.5-0.5B
4480,64,2,16,main,wikitext,wikitext-2-raw-v1,validation,cuda,float32,64,qwen_dynamical_edge_normal,af125240938fafbe41b2eb787f4e20ef303ef173,"[1, 128, 896]",inputs_embeds,paper_style_feedback_dynamics,Qwen/Qwen2.5-0.5B,0.01920327916741371,direct,fixed_random,-6.520679473876953,-6.187270164489746,1.0,2,128,932.7626953125,14.915631294250488,29,final_hidden,2026-07-10T15:04:50.830722+00:00,nonpad_flattened,Qwen/Qwen2.5-0.5B
4480,64,2,16,main,wikitext,wikitext-2-raw-v1,validation,cuda,float32,64,qwen_dynamical_edge_normal,af125240938fafbe41b2eb787f4e20ef303ef173,"[1, 128, 896]",inputs_embeds,paper_style_feedback_dynamics,Qwen/Qwen2.5-0.5B,0.019146399572491646,direct,fixed_random,-6.838098526000977,-6.520679473876953,1.0,2,128,934.441650390625,14.718262672424316,30,final_hidden,2026-07-10T15:04:50.830722+00:00,nonpad_flattened,Qwen/Qwen2.5-0.5B
4480,64,2,16,main,wikitext,wikitext-2-raw-v1,validation,cuda,float32,64,qwen_dynamical_edge_normal,af125240938fafbe41b2eb787f4e20ef303ef173,"[1, 128, 896]",inputs_embeds,paper_style_feedback_dynamics,Qwen/Qwen2.5-0.5B,0.01919310912489891,direct,fixed_random,-7.140128135681152,-6.838098526000977,1.0,2,128,936.0948486328125,14.630535125732422,31,final_hidden,2026-07-10T15:04:50.830722+00:00,nonpad_flattened,Qwen/Qwen2.5-0.5B
4480,64,2,16,main,wikitext,wikitext-2-raw-v1,validation,cuda,float32,64,qwen_dynamical_edge_normal,af125240938fafbe41b2eb787f4e20ef303ef173,"[1, 128, 896]",inputs_embeds,paper_style_feedback_dynamics,Qwen/Qwen2.5-0.5B,0.019235868006944656,direct,fixed_random,-7.427182197570801,-7.140128135681152,1.0,2,128,937.7318115234375,14.656572341918945,32,final_hidden,2026-07-10T15:04:50.830722+00:00,nonpad_flattened,Qwen/Qwen2.5-0.5B
4480,64,2,16,main,wikitext,wikitext-2-raw-v1,validation,cuda,float32,64,qwen_dynamical_edge_normal,af125240938fafbe41b2eb787f4e20ef303ef173,"[1, 128, 896]",inputs_embeds,paper_style_feedback_dynamics,Qwen/Qwen2.5-0.5B,0.019504135474562645,direct,fixed_random,-7.699404716491699,-7.427182197570801,1.0,2,128,939.3622436523438,14.795708656311035,33,final_hidden,2026-07-10T15:04:50.830722+00:00,nonpad_flattened,Qwen/Qwen2.5-0.5B
4480,64,2,16,main,wikitext,wikitext-2-raw-v1,validation,cuda,float32,64,qwen_dynamical_edge_normal,af125240938fafbe41b2eb787f4e20ef303ef173,"[1, 128, 896]",inputs_embeds,paper_style_feedback_dynamics,Qwen/Qwen2.5-0.5B,0.01976909302175045,direct,fixed_random,-7.956584930419922,-7.699404716491699,1.0,2,128,940.9942626953125,15.040860176086426,34,final_hidden,2026-07-10T15:04:50.830722+00:00,nonpad_flattened,Qwen/Qwen2.5-0.5B
4480,64,2,16,main,wikitext,wikitext-2-raw-v1,validation,cuda,float32,64,qwen_dynamical_edge_normal,af125240938fafbe41b2eb787f4e20ef303ef173,"[1, 128, 896]",inputs_embeds,paper_style_feedback_dynamics,Qwen/Qwen2.5-0.5B,0.020206166431307793,direct,fixed_random,-8.19823932647705,-7.956584930419922,1.0,2,128,942.6333618164062,15.375630378723145,35,final_hidden,2026-07-10T15:04:50.830722+00:00,nonpad_flattened,Qwen/Qwen2.5-0.5B
4480,64,2,16,main,wikitext,wikitext-2-raw-v1,validation,cuda,float32,64,qwen_dynamical_edge_normal,af125240938fafbe41b2eb787f4e20ef303ef173,"[1, 128, 896]",inputs_embeds,paper_style_feedback_dynamics,Qwen/Qwen2.5-0.5B,0.020789293572306633,direct,fixed_random,-8.423757553100586,-8.19823932647705,1.0,2,128,944.2803344726562,15.772768020629883,36,final_hidden,2026-07-10T15:04:50.830722+00:00,nonpad_flattened,Qwen/Qwen2.5-0.5B
4480,64,2,16,main,wikitext,wikitext-2-raw-v1,validation,cuda,float32,64,qwen_dynamical_edge_normal,af125240938fafbe41b2eb787f4e20ef303ef173,"[1, 128, 896]",inputs_embeds,paper_style_feedback_dynamics,Qwen/Qwen2.5-0.5B,0.021232033148407936,direct,fixed_random,-8.632715225219727,-8.423757553100586,1.0,2,128,945.9306030273438,16.192649841308594,37,final_hidden,2026-07-10T15:04:50.830722+00:00,nonpad_flattened,Qwen/Qwen2.5-0.5B
4480,64,2,16,main,wikitext,wikitext-2-raw-v1,validation,cuda,float32,64,qwen_dynamical_edge_normal,af125240938fafbe41b2eb787f4e20ef303ef173,"[1, 128, 896]",inputs_embeds,paper_style_feedback_dynamics,Qwen/Qwen2.5-0.5B,0.02167826145887375,direct,fixed_random,-8.825190544128418,-8.632715225219727,1.0,2,128,947.5725708007812,16.58368682861328,38,final_hidden,2026-07-10T15:04:50.830722+00:00,nonpad_flattened,Qwen/Qwen2.5-0.5B
4480,64,2,16,main,wikitext,wikitext-2-raw-v1,validation,cuda,float32,64,qwen_dynamical_edge_normal,af125240938fafbe41b2eb787f4e20ef303ef173,"[1, 128, 896]",inputs_embeds,paper_style_feedback_dynamics,Qwen/Qwen2.5-0.5B,0.021884264424443245,direct,fixed_random,-9.001781463623047,-8.825190544128418,1.0,2,128,949.1888427734375,16.888381958007812,39,final_hidden,2026-07-10T15:04:50.830722+00:00,nonpad_flattened,Qwen/Qwen2.5-0.5B
4480,64,2,16,main,wikitext,wikitext-2-raw-v1,validation,cuda,float32,64,qwen_dynamical_edge_normal,af125240938fafbe41b2eb787f4e20ef303ef173,"[1, 128, 896]",inputs_embeds,paper_style_feedback_dynamics,Qwen/Qwen2.5-0.5B,0.021891243755817413,direct,fixed_random,-9.163331985473633,-9.001781463623047,1.0,2,128,950.7573852539062,17.051321029663086,40,final_hidden,2026-07-10T15:04:50.830722+00:00,nonpad_flattened,Qwen/Qwen2.5-0.5B
4480,64,2,16,main,wikitext,wikitext-2-raw-v1,validation,cuda,float32,64,qwen_dynamical_edge_normal,af125240938fafbe41b2eb787f4e20ef303ef173,"[1, 128, 896]",inputs_embeds,paper_style_feedback_dynamics,Qwen/Qwen2.5-0.5B,0.021714922040700912,direct,fixed_random,-9.310497283935547,-9.163331985473633,1.0,2,128,952.2550659179688,17.03171730041504,41,final_hidden,2026-07-10T15:04:50.830722+00:00,nonpad_flattened,Qwen/Qwen2.5-0.5B
4480,64,2,16,main,wikitext,wikitext-2-raw-v1,validation,cuda,float32,64,qwen_dynamical_edge_normal,af125240938fafbe41b2eb787f4e20ef303ef173,"[1, 128, 896]",inputs_embeds,paper_style_feedback_dynamics,Qwen/Qwen2.5-0.5B,0.021218469366431236,direct,fixed_random,-9.443622589111328,-9.310497283935547,1.0,2,128,953.6612548828125,16.81020736694336,42,final_hidden,2026-07-10T15:04:50.830722+00:00,nonpad_flattened,Qwen/Qwen2.5-0.5B
4480,64,2,16,main,wikitext,wikitext-2-raw-v1,validation,cuda,float32,64,qwen_dynamical_edge_normal,af125240938fafbe41b2eb787f4e20ef303ef173,"[1, 128, 896]",inputs_embeds,paper_style_feedback_dynamics,Qwen/Qwen2.5-0.5B,0.020555563271045685,direct,fixed_random,-9.562885284423828,-9.443622589111328,1.0,2,128,954.96044921875,16.38972282409668,43,final_hidden,2026-07-10T15:04:50.830722+00:00,nonpad_flattened,Qwen/Qwen2.5-0.5B
4480,64,2,16,main,wikitext,wikitext-2-raw-v1,validation,cuda,float32,64,qwen_dynamical_edge_normal,af125240938fafbe41b2eb787f4e20ef303ef173,"[1, 128, 896]",inputs_embeds,paper_style_feedback_dynamics,Qwen/Qwen2.5-0.5B,0.019683055579662323,direct,fixed_random,-9.668644905090332,-9.562885284423828,1.0,2,128,956.1434936523438,15.792088508605957,44,final_hidden,2026-07-10T15:04:50.830722+00:00,nonpad_flattened,Qwen/Qwen2.5-0.5B
4480,64,2,16,main,wikitext,wikitext-2-raw-v1,validation,cuda,float32,64,qwen_dynamical_edge_normal,af125240938fafbe41b2eb787f4e20ef303ef173,"[1, 128, 896]",inputs_embeds,paper_style_feedback_dynamics,Qwen/Qwen2.5-0.5B,0.018671846017241478,direct,fixed_random,-9.761672973632812,-9.668644905090332,1.0,2,128,957.2073364257812,15.051856994628906,45,final_hidden,2026-07-10T15:04:50.830722+00:00,nonpad_flattened,Qwen/Qwen2.5-0.5B
4480,64,2,16,main,wikitext,wikitext-2-raw-v1,validation,cuda,float32,64,qwen_dynamical_edge_normal,af125240938fafbe41b2eb787f4e20ef303ef173,"[1, 128, 896]",inputs_embeds,paper_style_feedback_dynamics,Qwen/Qwen2.5-0.5B,0.01745636947453022,direct,fixed_random,-9.843268394470215,-9.761672973632812,1.0,2,128,958.154296875,14.209047317504883,46,final_hidden,2026-07-10T15:04:50.830722+00:00,nonpad_flattened,Qwen/Qwen2.5-0.5B
4480,64,2,16,main,wikitext,wikitext-2-raw-v1,validation,cuda,float32,64,qwen_dynamical_edge_normal,af125240938fafbe41b2eb787f4e20ef303ef173,"[1, 128, 896]",inputs_embeds,paper_style_feedback_dynamics,Qwen/Qwen2.5-0.5B,0.016141576692461967,direct,fixed_random,-9.915141105651855,-9.843268394470215,1.0,2,128,958.9910278320312,13.30290412902832,47,final_hidden,2026-07-10T15:04:50.830722+00:00,nonpad_flattened,Qwen/Qwen2.5-0.5B
4480,64,2,16,main,wikitext,wikitext-2-raw-v1,validation,cuda,float32,64,qwen_dynamical_edge_normal,af125240938fafbe41b2eb787f4e20ef303ef173,"[1, 128, 896]",inputs_embeds,paper_style_feedback_dynamics,Qwen/Qwen2.5-0.5B,0.014885465614497662,direct,fixed_random,-9.979228973388672,-9.915141105651855,1.0,2,128,959.7268676757812,12.367833137512207,48,final_hidden,2026-07-10T15:04:50.830722+00:00,nonpad_flattened,Qwen/Qwen2.5-0.5B
4480,64,2,16,main,wikitext,wikitext-2-raw-v1,validation,cuda,float32,64,qwen_dynamical_edge_normal,af125240938fafbe41b2eb787f4e20ef303ef173,"[1, 128, 896]",inputs_embeds,paper_style_feedback_dynamics,Qwen/Qwen2.5-0.5B,0.013697153888642788,direct,fixed_random,-10.037437438964844,-9.979228973388672,1.0,2,128,960.3729248046875,11.432151794433594,49,final_hidden,2026-07-10T15:04:50.830722+00:00,nonpad_flattened,Qwen/Qwen2.5-0.5B
4480,64,2,16,main,wikitext,wikitext-2-raw-v1,validation,cuda,float32,64,qwen_dynamical_edge_normal,af125240938fafbe41b2eb787f4e20ef303ef173,"[1, 128, 896]",inputs_embeds,paper_style_feedback_dynamics,Qwen/Qwen2.5-0.5B,0.01251601055264473,direct,fixed_random,-10.091477394104004,-10.037437438964844,1.0,2,128,960.940673828125,10.5178861618042,50,final_hidden,2026-07-10T15:04:50.830722+00:00,nonpad_flattened,Qwen/Qwen2.5-0.5B
4480,64,2,16,main,wikitext,wikitext-2-raw-v1,validation,cuda,float32,64,qwen_dynamical_edge_normal,af125240938fafbe41b2eb787f4e20ef303ef173,"[1, 128, 896]",inputs_embeds,paper_style_feedback_dynamics,Qwen/Qwen2.5-0.5B,0.011384006589651108,direct,fixed_random,-10.14272403717041,-10.091477394104004,1.0,2,128,961.4413452148438,9.64117431640625,51,final_hidden,2026-07-10T15:04:50.830722+00:00,nonpad_flattened,Qwen/Qwen2.5-0.5B
4480,64,2,16,main,wikitext,wikitext-2-raw-v1,validation,cuda,float32,64,qwen_dynamical_edge_normal,af125240938fafbe41b2eb787f4e20ef303ef173,"[1, 128, 896]",inputs_embeds,paper_style_feedback_dynamics,Qwen/Qwen2.5-0.5B,0.010325967334210873,direct,fixed_random,-10.192204475402832,-10.14272403717041,1.0,2,128,961.8849487304688,8.813031196594238,52,final_hidden,2026-07-10T15:04:50.830722+00:00,nonpad_flattened,Qwen/Qwen2.5-0.5B
4480,64,2,16,main,wikitext,wikitext-2-raw-v1,validation,cuda,float32,64,qwen_dynamical_edge_normal,af125240938fafbe41b2eb787f4e20ef303ef173,"[1, 128, 896]",inputs_embeds,paper_style_feedback_dynamics,Qwen/Qwen2.5-0.5B,0.009341009892523289,direct,fixed_random,-10.240596771240234,-10.192204475402832,1.0,2,128,962.2797241210938,8.040055274963379,53,final_hidden,2026-07-10T15:04:50.830722+00:00,nonpad_flattened,Qwen/Qwen2.5-0.5B
4480,64,2,16,main,wikitext,wikitext-2-raw-v1,validation,cuda,float32,64,qwen_dynamical_edge_normal,af125240938fafbe41b2eb787f4e20ef303ef173,"[1, 128, 896]",inputs_embeds,paper_style_feedback_dynamics,Qwen/Qwen2.5-0.5B,0.008438845165073872,direct,fixed_random,-10.2882719039917,-10.240596771240234,1.0,2,128,962.6329345703125,7.325113773345947,54,final_hidden,2026-07-10T15:04:50.830722+00:00,nonpad_flattened,Qwen/Qwen2.5-0.5B
4480,64,2,16,main,wikitext,wikitext-2-raw-v1,validation,cuda,float32,64,qwen_dynamical_edge_normal,af125240938fafbe41b2eb787f4e20ef303ef173,"[1, 128, 896]",inputs_embeds,paper_style_feedback_dynamics,Qwen/Qwen2.5-0.5B,0.007617603521794081,direct,fixed_random,-10.335359573364258,-10.2882719039917,1.0,2,128,962.9498901367188,6.668311595916748,55,final_hidden,2026-07-10T15:04:50.830722+00:00,nonpad_flattened,Qwen/Qwen2.5-0.5B
4480,64,2,16,main,wikitext,wikitext-2-raw-v1,validation,cuda,float32,64,qwen_dynamical_edge_normal,af125240938fafbe41b2eb787f4e20ef303ef173,"[1, 128, 896]",inputs_embeds,paper_style_feedback_dynamics,Qwen/Qwen2.5-0.5B,0.006864433642476797,direct,fixed_random,-10.381814956665039,-10.335359573364258,1.0,2,128,963.2349853515625,6.067618370056152,56,final_hidden,2026-07-10T15:04:50.830722+00:00,nonpad_flattened,Qwen/Qwen2.5-0.5B
4480,64,2,16,main,wikitext,wikitext-2-raw-v1,validation,cuda,float32,64,qwen_dynamical_edge_normal,af125240938fafbe41b2eb787f4e20ef303ef173,"[1, 128, 896]",inputs_embeds,paper_style_feedback_dynamics,Qwen/Qwen2.5-0.5B,0.006186291109770536,direct,fixed_random,-10.427480697631836,-10.381814956665039,1.0,2,128,963.4918212890625,5.519862651824951,57,final_hidden,2026-07-10T15:04:50.830722+00:00,nonpad_flattened,Qwen/Qwen2.5-0.5B
4480,64,2,16,main,wikitext,wikitext-2-raw-v1,validation,cuda,float32,64,qwen_dynamical_edge_normal,af125240938fafbe41b2eb787f4e20ef303ef173,"[1, 128, 896]",inputs_embeds,paper_style_feedback_dynamics,Qwen/Qwen2.5-0.5B,0.0055644516833126545,direct,fixed_random,-10.472142219543457,-10.427480697631836,1.0,2,128,963.7230834960938,5.0211968421936035,58,final_hidden,2026-07-10T15:04:50.830722+00:00,nonpad_flattened,Qwen/Qwen2.5-0.5B
4480,64,2,16,main,wikitext,wikitext-2-raw-v1,validation,cuda,float32,64,qwen_dynamical_edge_normal,af125240938fafbe41b2eb787f4e20ef303ef173,"[1, 128, 896]",inputs_embeds,paper_style_feedback_dynamics,Qwen/Qwen2.5-0.5B,0.00502510741353035,direct,fixed_random,-10.515547752380371,-10.472142219543457,1.0,2,128,963.9310302734375,4.567508697509766,59,final_hidden,2026-07-10T15:04:50.830722+00:00,nonpad_flattened,Qwen/Qwen2.5-0.5B
4480,64,2,16,main,wikitext,wikitext-2-raw-v1,validation,cuda,float32,64,qwen_dynamical_edge_normal,af125240938fafbe41b2eb787f4e20ef303ef173,"[1, 128, 896]",inputs_embeds,paper_style_feedback_dynamics,Qwen/Qwen2.5-0.5B,0.0045272535644471645,direct,fixed_random,-10.55746841430664,-10.515547752380371,1.0,2,128,964.1175537109375,4.154810905456543,60,final_hidden,2026-07-10T15:04:50.830722+00:00,nonpad_flattened,Qwen/Qwen2.5-0.5B
4480,64,2,16,main,wikitext,wikitext-2-raw-v1,validation,cuda,float32,64,qwen_dynamical_edge_normal,af125240938fafbe41b2eb787f4e20ef303ef173,"[1, 128, 896]",inputs_embeds,paper_style_feedback_dynamics,Qwen/Qwen2.5-0.5B,0.004094238393008709,direct,fixed_random,-10.597702980041504,-10.55746841430664,1.0,2,128,964.2847290039062,3.779270648956299,61,final_hidden,2026-07-10T15:04:50.830722+00:00,nonpad_flattened,Qwen/Qwen2.5-0.5B
4480,64,2,16,main,wikitext,wikitext-2-raw-v1,validation,cuda,float32,64,qwen_dynamical_edge_normal,af125240938fafbe41b2eb787f4e20ef303ef173,"[1, 128, 896]",inputs_embeds,paper_style_feedback_dynamics,Qwen/Qwen2.5-0.5B,0.003688831813633442,direct,fixed_random,-10.636063575744629,-10.597702980041504,1.0,2,128,964.4340209960938,3.4374265670776367,62,final_hidden,2026-07-10T15:04:50.830722+00:00,nonpad_flattened,Qwen/Qwen2.5-0.5B
4480,64,2,16,main,wikitext,wikitext-2-raw-v1,validation,cuda,float32,64,qwen_dynamical_edge_normal,af125240938fafbe41b2eb787f4e20ef303ef173,"[1, 128, 896]",inputs_embeds,paper_style_feedback_dynamics,Qwen/Qwen2.5-0.5B,0.0033001776318997145,direct,fixed_random,,-10.636063575744629,1.0,2,128,964.56689453125,3.1260793209075928,63,final_hidden,2026-07-10T15:04:50.830722+00:00,nonpad_flattened,Qwen/Qwen2.5-0.5B
114688,64,3,16,main,wikitext,wikitext-2-raw-v1,validation,cuda,float32,64,qwen_dynamical_edge_normal,af125240938fafbe41b2eb787f4e20ef303ef173,"[1, 128, 896]",inputs_embeds,paper_style_feedback_dynamics,Qwen/Qwen2.5-0.5B,0.021816734224557877,direct,fixed_random,-11.401111602783203,-10.010202407836914,1.0,3,128,4286.318359375,445.5228271484375,0,final_hidden,2026-07-10T15:04:50.830722+00:00,nonpad_flattened,Qwen/Qwen2.5-0.5B
114688,64,3,16,main,wikitext,wikitext-2-raw-v1,validation,cuda,float32,64,qwen_dynamical_edge_normal,af125240938fafbe41b2eb787f4e20ef303ef173,"[1, 128, 896]",inputs_embeds,paper_style_feedback_dynamics,Qwen/Qwen2.5-0.5B,0.023819781839847565,direct,fixed_random,-12.13179874420166,-11.401111602783203,1.0,3,128,4343.09765625,433.16400146484375,1,final_hidden,2026-07-10T15:04:50.830722+00:00,nonpad_flattened,Qwen/Qwen2.5-0.5B
114688,64,3,16,main,wikitext,wikitext-2-raw-v1,validation,cuda,float32,64,qwen_dynamical_edge_normal,af125240938fafbe41b2eb787f4e20ef303ef173,"[1, 128, 896]",inputs_embeds,paper_style_feedback_dynamics,Qwen/Qwen2.5-0.5B,0.026475295424461365,direct,fixed_random,-12.128344535827637,-12.13179874420166,1.0,3,128,4397.62109375,421.5665283203125,2,final_hidden,2026-07-10T15:04:50.830722+00:00,nonpad_flattened,Qwen/Qwen2.5-0.5B
114688,64,3,16,main,wikitext,wikitext-2-raw-v1,validation,cuda,float32,64,qwen_dynamical_edge_normal,af125240938fafbe41b2eb787f4e20ef303ef173,"[1, 128, 896]",inputs_embeds,paper_style_feedback_dynamics,Qwen/Qwen2.5-0.5B,0.029097149148583412,direct,fixed_random,-11.50964069366455,-12.128344535827637,1.0,3,128,4450.00390625,410.5393981933594,3,final_hidden,2026-07-10T15:04:50.830722+00:00,nonpad_flattened,Qwen/Qwen2.5-0.5B
114688,64,3,16,main,wikitext,wikitext-2-raw-v1,validation,cuda,float32,64,qwen_dynamical_edge_normal,af125240938fafbe41b2eb787f4e20ef303ef173,"[1, 128, 896]",inputs_embeds,paper_style_feedback_dynamics,Qwen/Qwen2.5-0.5B,0.031327985227108,direct,fixed_random,-10.516960144042969,-11.50964069366455,1.0,3,128,4499.125,394.1468200683594,4,final_hidden,2026-07-10T15:04:50.830722+00:00,nonpad_flattened,Qwen/Qwen2.5-0.5B
114688,64,3,16,main,wikitext,wikitext-2-raw-v1,validation,cuda,float32,64,qwen_dynamical_edge_normal,af125240938fafbe41b2eb787f4e20ef303ef173,"[1, 128, 896]",inputs_embeds,paper_style_feedback_dynamics,Qwen/Qwen2.5-0.5B,0.03422841057181358,direct,fixed_random,-9.378219604492188,-10.516960144042969,1.0,3,128,4544.322265625,373.8712158203125,5,final_hidden,2026-07-10T15:04:50.830722+00:00,nonpad_flattened,Qwen/Qwen2.5-0.5B
114688,64,3,16,main,wikitext,wikitext-2-raw-v1,validation,cuda,float32,64,qwen_dynamical_edge_normal,af125240938fafbe41b2eb787f4e20ef303ef173,"[1, 128, 896]",inputs_embeds,paper_style_feedback_dynamics,Qwen/Qwen2.5-0.5B,0.03779701516032219,direct,fixed_random,-8.21590518951416,-9.378219604492188,1.0,3,128,4585.0361328125,350.75335693359375,6,final_hidden,2026-07-10T15:04:50.830722+00:00,nonpad_flattened,Qwen/Qwen2.5-0.5B
114688,64,3,16,main,wikitext,wikitext-2-raw-v1,validation,cuda,float32,64,qwen_dynamical_edge_normal,af125240938fafbe41b2eb787f4e20ef303ef173,"[1, 128, 896]",inputs_embeds,paper_style_feedback_dynamics,Qwen/Qwen2.5-0.5B,0.04188013821840286,direct,fixed_random,-7.122447967529297,-8.21590518951416,1.0,3,128,4620.87255859375,325.1878967285156,7,final_hidden,2026-07-10T15:04:50.830722+00:00,nonpad_flattened,Qwen/Qwen2.5-0.5B
114688,64,3,16,main,wikitext,wikitext-2-raw-v1,validation,cuda,float32,64,qwen_dynamical_edge_normal,af125240938fafbe41b2eb787f4e20ef303ef173,"[1, 128, 896]",inputs_embeds,paper_style_feedback_dynamics,Qwen/Qwen2.5-0.5B,0.046446602791547775,direct,fixed_random,-6.1259942054748535,-7.122447967529297,1.0,3,128,4651.88330078125,298.6719665527344,8,final_hidden,2026-07-10T15:04:50.830722+00:00,nonpad_flattened,Qwen/Qwen2.5-0.5B
114688,64,3,16,main,wikitext,wikitext-2-raw-v1,validation,cuda,float32,64,qwen_dynamical_edge_normal,af125240938fafbe41b2eb787f4e20ef303ef173,"[1, 128, 896]",inputs_embeds,paper_style_feedback_dynamics,Qwen/Qwen2.5-0.5B,0.05125592648983002,direct,fixed_random,-5.241250038146973,-6.1259942054748535,1.0,3,128,4678.251953125,273.4507141113281,9,final_hidden,2026-07-10T15:04:50.830722+00:00,nonpad_flattened,Qwen/Qwen2.5-0.5B
114688,64,3,16,main,wikitext,wikitext-2-raw-v1,validation,cuda,float32,64,qwen_dynamical_edge_normal,af125240938fafbe41b2eb787f4e20ef303ef173,"[1, 128, 896]",inputs_embeds,paper_style_feedback_dynamics,Qwen/Qwen2.5-0.5B,0.056163351982831955,direct,fixed_random,-4.4928388595581055,-5.241250038146973,1.0,3,128,4700.25,250.26698303222656,10,final_hidden,2026-07-10T15:04:50.830722+00:00,nonpad_flattened,Qwen/Qwen2.5-0.5B
114688,64,3,16,main,wikitext,wikitext-2-raw-v1,validation,cuda,float32,64,qwen_dynamical_edge_normal,af125240938fafbe41b2eb787f4e20ef303ef173,"[1, 128, 896]",inputs_embeds,paper_style_feedback_dynamics,Qwen/Qwen2.5-0.5B,0.06082405894994736,direct,fixed_random,-3.896380662918091,-4.4928388595581055,1.0,3,128,4718.32177734375,229.4749298095703,11,final_hidden,2026-07-10T15:04:50.830722+00:00,nonpad_flattened,Qwen/Qwen2.5-0.5B
114688,64,3,16,main,wikitext,wikitext-2-raw-v1,validation,cuda,float32,64,qwen_dynamical_edge_normal,af125240938fafbe41b2eb787f4e20ef303ef173,"[1, 128, 896]",inputs_embeds,paper_style_feedback_dynamics,Qwen/Qwen2.5-0.5B,0.06479860097169876,direct,fixed_random,-3.458876609802246,-3.896380662918091,1.0,3,128,4733.08544921875,211.781982421875,12,final_hidden,2026-07-10T15:04:50.830722+00:00,nonpad_flattened,Qwen/Qwen2.5-0.5B
114688,64,3,16,main,wikitext,wikitext-2-raw-v1,validation,cuda,float32,64,qwen_dynamical_edge_normal,af125240938fafbe41b2eb787f4e20ef303ef173,"[1, 128, 896]",inputs_embeds,paper_style_feedback_dynamics,Qwen/Qwen2.5-0.5B,0.06795142590999603,direct,fixed_random,-3.17923641204834,-3.458876609802246,1.0,3,128,4745.25634765625,197.56124877929688,13,final_hidden,2026-07-10T15:04:50.830722+00:00,nonpad_flattened,Qwen/Qwen2.5-0.5B
114688,64,3,16,main,wikitext,wikitext-2-raw-v1,validation,cuda,float32,64,qwen_dynamical_edge_normal,af125240938fafbe41b2eb787f4e20ef303ef173,"[1, 128, 896]",inputs_embeds,paper_style_feedback_dynamics,Qwen/Qwen2.5-0.5B,0.07030240446329117,direct,fixed_random,-3.032661199569702,-3.17923641204834,1.0,3,128,4755.58544921875,186.47886657714844,14,final_hidden,2026-07-10T15:04:50.830722+00:00,nonpad_flattened,Qwen/Qwen2.5-0.5B
114688,64,3,16,main,wikitext,wikitext-2-raw-v1,validation,cuda,float32,64,qwen_dynamical_edge_normal,af125240938fafbe41b2eb787f4e20ef303ef173,"[1, 128, 896]",inputs_embeds,paper_style_feedback_dynamics,Qwen/Qwen2.5-0.5B,0.07208703458309174,direct,fixed_random,-2.9701087474823,-3.032661199569702,1.0,3,128,4764.8271484375,177.68186950683594,15,final_hidden,2026-07-10T15:04:50.830722+00:00,nonpad_flattened,Qwen/Qwen2.5-0.5B
114688,64,3,16,main,wikitext,wikitext-2-raw-v1,validation,cuda,float32,64,qwen_dynamical_edge_normal,af125240938fafbe41b2eb787f4e20ef303ef173,"[1, 128, 896]",inputs_embeds,paper_style_feedback_dynamics,Qwen/Qwen2.5-0.5B,0.07367612421512604,direct,fixed_random,-2.9439518451690674,-2.9701087474823,1.0,3,128,4773.45947265625,170.35609436035156,16,final_hidden,2026-07-10T15:04:50.830722+00:00,nonpad_flattened,Qwen/Qwen2.5-0.5B
114688,64,3,16,main,wikitext,wikitext-2-raw-v1,validation,cuda,float32,64,qwen_dynamical_edge_normal,af125240938fafbe41b2eb787f4e20ef303ef173,"[1, 128, 896]",inputs_embeds,paper_style_feedback_dynamics,Qwen/Qwen2.5-0.5B,0.07563416659832001,direct,fixed_random,-2.927438974380493,-2.9439518451690674,1.0,3,128,4781.5224609375,163.22821044921875,17,final_hidden,2026-07-10T15:04:50.830722+00:00,nonpad_flattened,Qwen/Qwen2.5-0.5B
114688,64,3,16,main,wikitext,wikitext-2-raw-v1,validation,cuda,float32,64,qwen_dynamical_edge_normal,af125240938fafbe41b2eb787f4e20ef303ef173,"[1, 128, 896]",inputs_embeds,paper_style_feedback_dynamics,Qwen/Qwen2.5-0.5B,0.07828526198863983,direct,fixed_random,-2.9173152446746826,-2.927438974380493,1.0,3,128,4788.892578125,154.90916442871094,18,final_hidden,2026-07-10T15:04:50.830722+00:00,nonpad_flattened,Qwen/Qwen2.5-0.5B
114688,64,3,16,main,wikitext,wikitext-2-raw-v1,validation,cuda,float32,64,qwen_dynamical_edge_normal,af125240938fafbe41b2eb787f4e20ef303ef173,"[1, 128, 896]",inputs_embeds,paper_style_feedback_dynamics,Qwen/Qwen2.5-0.5B,0.08195912837982178,direct,fixed_random,-2.932878017425537,-2.9173152446746826,1.0,3,128,4795.50732421875,145.03775024414062,19,final_hidden,2026-07-10T15:04:50.830722+00:00,nonpad_flattened,Qwen/Qwen2.5-0.5B
114688,64,3,16,main,wikitext,wikitext-2-raw-v1,validation,cuda,float32,64,qwen_dynamical_edge_normal,af125240938fafbe41b2eb787f4e20ef303ef173,"[1, 128, 896]",inputs_embeds,paper_style_feedback_dynamics,Qwen/Qwen2.5-0.5B,0.08662261813879013,direct,fixed_random,-2.992063522338867,-2.932878017425537,1.0,3,128,4801.32177734375,134.4381866455078,20,final_hidden,2026-07-10T15:04:50.830722+00:00,nonpad_flattened,Qwen/Qwen2.5-0.5B
114688,64,3,16,main,wikitext,wikitext-2-raw-v1,validation,cuda,float32,64,qwen_dynamical_edge_normal,af125240938fafbe41b2eb787f4e20ef303ef173,"[1, 128, 896]",inputs_embeds,paper_style_feedback_dynamics,Qwen/Qwen2.5-0.5B,0.091820627450943,direct,fixed_random,-3.1013894081115723,-2.992063522338867,1.0,3,128,4806.2578125,124.18727111816406,21,final_hidden,2026-07-10T15:04:50.830722+00:00,nonpad_flattened,Qwen/Qwen2.5-0.5B
114688,64,3,16,main,wikitext,wikitext-2-raw-v1,validation,cuda,float32,64,qwen_dynamical_edge_normal,af125240938fafbe41b2eb787f4e20ef303ef173,"[1, 128, 896]",inputs_embeds,paper_style_feedback_dynamics,Qwen/Qwen2.5-0.5B,0.09710220992565155,direct,fixed_random,-3.242218017578125,-3.1013894081115723,1.0,3,128,4810.20263671875,114.75685119628906,22,final_hidden,2026-07-10T15:04:50.830722+00:00,nonpad_flattened,Qwen/Qwen2.5-0.5B
114688,64,3,16,main,wikitext,wikitext-2-raw-v1,validation,cuda,float32,64,qwen_dynamical_edge_normal,af125240938fafbe41b2eb787f4e20ef303ef173,"[1, 128, 896]",inputs_embeds,paper_style_feedback_dynamics,Qwen/Qwen2.5-0.5B,0.10200469940900803,direct,fixed_random,-3.3760814666748047,-3.242218017578125,1.0,3,128,4813.1171875,106.58057403564453,23,final_hidden,2026-07-10T15:04:50.830722+00:00,nonpad_flattened,Qwen/Qwen2.5-0.5B
114688,64,3,16,main,wikitext,wikitext-2-raw-v1,validation,cuda,float32,64,qwen_dynamical_edge_normal,af125240938fafbe41b2eb787f4e20ef303ef173,"[1, 128, 896]",inputs_embeds,paper_style_feedback_dynamics,Qwen/Qwen2.5-0.5B,0.10527122020721436,direct,fixed_random,-3.462491750717163,-3.3760814666748047,1.0,3,128,4815.10595703125,99.77544403076172,24,final_hidden,2026-07-10T15:04:50.830722+00:00,nonpad_flattened,Qwen/Qwen2.5-0.5B
114688,64,3,16,main,wikitext,wikitext-2-raw-v1,validation,cuda,float32,64,qwen_dynamical_edge_normal,af125240938fafbe41b2eb787f4e20ef303ef173,"[1, 128, 896]",inputs_embeds,paper_style_feedback_dynamics,Qwen/Qwen2.5-0.5B,0.10555986315011978,direct,fixed_random,-3.480036735534668,-3.462491750717163,1.0,3,128,4816.32568359375,93.46957397460938,25,final_hidden,2026-07-10T15:04:50.830722+00:00,nonpad_flattened,Qwen/Qwen2.5-0.5B
114688,64,3,16,main,wikitext,wikitext-2-raw-v1,validation,cuda,float32,64,qwen_dynamical_edge_normal,af125240938fafbe41b2eb787f4e20ef303ef173,"[1, 128, 896]",inputs_embeds,paper_style_feedback_dynamics,Qwen/Qwen2.5-0.5B,0.10205808281898499,direct,fixed_random,-3.44907283782959,-3.480036735534668,1.0,3,128,4816.88720703125,86.42244720458984,26,final_hidden,2026-07-10T15:04:50.830722+00:00,nonpad_flattened,Qwen/Qwen2.5-0.5B
114688,64,3,16,main,wikitext,wikitext-2-raw-v1,validation,cuda,float32,64,qwen_dynamical_edge_normal,af125240938fafbe41b2eb787f4e20ef303ef173,"[1, 128, 896]",inputs_embeds,paper_style_feedback_dynamics,Qwen/Qwen2.5-0.5B,0.09587066620588303,direct,fixed_random,-3.407942295074463,-3.44907283782959,1.0,3,128,4816.80908203125,77.83625793457031,27,final_hidden,2026-07-10T15:04:50.830722+00:00,nonpad_flattened,Qwen/Qwen2.5-0.5B
114688,64,3,16,main,wikitext,wikitext-2-raw-v1,validation,cuda,float32,64,qwen_dynamical_edge_normal,af125240938fafbe41b2eb787f4e20ef303ef173,"[1, 128, 896]",inputs_embeds,paper_style_feedback_dynamics,Qwen/Qwen2.5-0.5B,0.08922356367111206,direct,fixed_random,-3.382996082305908,-3.407942295074463,1.0,3,128,4816.10693359375,68.68215942382812,28,final_hidden,2026-07-10T15:04:50.830722+00:00,nonpad_flattened,Qwen/Qwen2.5-0.5B
114688,64,3,16,main,wikitext,wikitext-2-raw-v1,validation,cuda,float32,64,qwen_dynamical_edge_normal,af125240938fafbe41b2eb787f4e20ef303ef173,"[1, 128, 896]",inputs_embeds,paper_style_feedback_dynamics,Qwen/Qwen2.5-0.5B,0.08386234194040298,direct,fixed_random,-3.383645534515381,-3.382996082305908,1.0,3,128,4814.86572265625,60.653968811035156,29,final_hidden,2026-07-10T15:04:50.830722+00:00,nonpad_flattened,Qwen/Qwen2.5-0.5B
114688,64,3,16,main,wikitext,wikitext-2-raw-v1,validation,cuda,float32,64,qwen_dynamical_edge_normal,af125240938fafbe41b2eb787f4e20ef303ef173,"[1, 128, 896]",inputs_embeds,paper_style_feedback_dynamics,Qwen/Qwen2.5-0.5B,0.0797857865691185,direct,fixed_random,-3.4099771976470947,-3.383645534515381,1.0,3,128,4813.2197265625,54.550025939941406,30,final_hidden,2026-07-10T15:04:50.830722+00:00,nonpad_flattened,Qwen/Qwen2.5-0.5B
114688,64,3,16,main,wikitext,wikitext-2-raw-v1,validation,cuda,float32,64,qwen_dynamical_edge_normal,af125240938fafbe41b2eb787f4e20ef303ef173,"[1, 128, 896]",inputs_embeds,paper_style_feedback_dynamics,Qwen/Qwen2.5-0.5B,0.07644124329090118,direct,fixed_random,-3.4587392807006836,-3.4099771976470947,1.0,3,128,4811.2880859375,50.167030334472656,31,final_hidden,2026-07-10T15:04:50.830722+00:00,nonpad_flattened,Qwen/Qwen2.5-0.5B
114688,64,3,16,main,wikitext,wikitext-2-raw-v1,validation,cuda,float32,64,qwen_dynamical_edge_normal,af125240938fafbe41b2eb787f4e20ef303ef173,"[1, 128, 896]",inputs_embeds,paper_style_feedback_dynamics,Qwen/Qwen2.5-0.5B,0.07333602756261826,direct,fixed_random,-3.5257821083068848,-3.4587392807006836,1.0,3,128,4809.1591796875,46.98857116699219,32,final_hidden,2026-07-10T15:04:50.830722+00:00,nonpad_flattened,Qwen/Qwen2.5-0.5B
114688,64,3,16,main,wikitext,wikitext-2-raw-v1,validation,cuda,float32,64,qwen_dynamical_edge_normal,af125240938fafbe41b2eb787f4e20ef303ef173,"[1, 128, 896]",inputs_embeds,paper_style_feedback_dynamics,Qwen/Qwen2.5-0.5B,0.07007215917110443,direct,fixed_random,-3.6068320274353027,-3.5257821083068848,1.0,3,128,4806.88671875,44.54901123046875,33,final_hidden,2026-07-10T15:04:50.830722+00:00,nonpad_flattened,Qwen/Qwen2.5-0.5B
114688,64,3,16,main,wikitext,wikitext-2-raw-v1,validation,cuda,float32,64,qwen_dynamical_edge_normal,af125240938fafbe41b2eb787f4e20ef303ef173,"[1, 128, 896]",inputs_embeds,paper_style_feedback_dynamics,Qwen/Qwen2.5-0.5B,0.06655590981245041,direct,fixed_random,-3.6977758407592773,-3.6068320274353027,1.0,3,128,4804.501953125,42.52488708496094,34,final_hidden,2026-07-10T15:04:50.830722+00:00,nonpad_flattened,Qwen/Qwen2.5-0.5B
114688,64,3,16,main,wikitext,wikitext-2-raw-v1,validation,cuda,float32,64,qwen_dynamical_edge_normal,af125240938fafbe41b2eb787f4e20ef303ef173,"[1, 128, 896]",inputs_embeds,paper_style_feedback_dynamics,Qwen/Qwen2.5-0.5B,0.06277897953987122,direct,fixed_random,-3.794874906539917,-3.6977758407592773,1.0,3,128,4802.0234375,40.72962188720703,35,final_hidden,2026-07-10T15:04:50.830722+00:00,nonpad_flattened,Qwen/Qwen2.5-0.5B
114688,64,3,16,main,wikitext,wikitext-2-raw-v1,validation,cuda,float32,64,qwen_dynamical_edge_normal,af125240938fafbe41b2eb787f4e20ef303ef173,"[1, 128, 896]",inputs_embeds,paper_style_feedback_dynamics,Qwen/Qwen2.5-0.5B,0.05887199938297272,direct,fixed_random,-3.894927740097046,-3.794874906539917,1.0,3,128,4799.46484375,39.079830169677734,36,final_hidden,2026-07-10T15:04:50.830722+00:00,nonpad_flattened,Qwen/Qwen2.5-0.5B
114688,64,3,16,main,wikitext,wikitext-2-raw-v1,validation,cuda,float32,64,qwen_dynamical_edge_normal,af125240938fafbe41b2eb787f4e20ef303ef173,"[1, 128, 896]",inputs_embeds,paper_style_feedback_dynamics,Qwen/Qwen2.5-0.5B,0.054923757910728455,direct,fixed_random,-3.9952785968780518,-3.894927740097046,1.0,3,128,4796.8408203125,37.554813385009766,37,final_hidden,2026-07-10T15:04:50.830722+00:00,nonpad_flattened,Qwen/Qwen2.5-0.5B
114688,64,3,16,main,wikitext,wikitext-2-raw-v1,validation,cuda,float32,64,qwen_dynamical_edge_normal,af125240938fafbe41b2eb787f4e20ef303ef173,"[1, 128, 896]",inputs_embeds,paper_style_feedback_dynamics,Qwen/Qwen2.5-0.5B,0.051137980073690414,direct,fixed_random,-4.093813896179199,-3.9952785968780518,1.0,3,128,4794.16796875,36.16096878051758,38,final_hidden,2026-07-10T15:04:50.830722+00:00,nonpad_flattened,Qwen/Qwen2.5-0.5B
114688,64,3,16,main,wikitext,wikitext-2-raw-v1,validation,cuda,float32,64,qwen_dynamical_edge_normal,af125240938fafbe41b2eb787f4e20ef303ef173,"[1, 128, 896]",inputs_embeds,paper_style_feedback_dynamics,Qwen/Qwen2.5-0.5B,0.04753127694129944,direct,fixed_random,-4.188810348510742,-4.093813896179199,1.0,3,128,4791.46240234375,34.90697479248047,39,final_hidden,2026-07-10T15:04:50.830722+00:00,nonpad_flattened,Qwen/Qwen2.5-0.5B
114688,64,3,16,main,wikitext,wikitext-2-raw-v1,validation,cuda,float32,64,qwen_dynamical_edge_normal,af125240938fafbe41b2eb787f4e20ef303ef173,"[1, 128, 896]",inputs_embeds,paper_style_feedback_dynamics,Qwen/Qwen2.5-0.5B,0.04421047493815422,direct,fixed_random,-4.278881072998047,-4.188810348510742,1.0,3,128,4788.7451171875,33.792457580566406,40,final_hidden,2026-07-10T15:04:50.830722+00:00,nonpad_flattened,Qwen/Qwen2.5-0.5B
114688,64,3,16,main,wikitext,wikitext-2-raw-v1,validation,cuda,float32,64,qwen_dynamical_edge_normal,af125240938fafbe41b2eb787f4e20ef303ef173,"[1, 128, 896]",inputs_embeds,paper_style_feedback_dynamics,Qwen/Qwen2.5-0.5B,0.04120871424674988,direct,fixed_random,-4.362860679626465,-4.278881072998047,1.0,3,128,4786.0341796875,32.807586669921875,41,final_hidden,2026-07-10T15:04:50.830722+00:00,nonpad_flattened,Qwen/Qwen2.5-0.5B
114688,64,3,16,main,wikitext,wikitext-2-raw-v1,validation,cuda,float32,64,qwen_dynamical_edge_normal,af125240938fafbe41b2eb787f4e20ef303ef173,"[1, 128, 896]",inputs_embeds,paper_style_feedback_dynamics,Qwen/Qwen2.5-0.5B,0.03848995640873909,direct,fixed_random,-4.4398088455200195,-4.362860679626465,1.0,3,128,4783.3486328125,31.937780380249023,42,final_hidden,2026-07-10T15:04:50.830722+00:00,nonpad_flattened,Qwen/Qwen2.5-0.5B
114688,64,3,16,main,wikitext,wikitext-2-raw-v1,validation,cuda,float32,64,qwen_dynamical_edge_normal,af125240938fafbe41b2eb787f4e20ef303ef173,"[1, 128, 896]",inputs_embeds,paper_style_feedback_dynamics,Qwen/Qwen2.5-0.5B,0.03614143654704094,direct,fixed_random,-4.508996963500977,-4.4398088455200195,1.0,3,128,4780.7041015625,31.169292449951172,43,final_hidden,2026-07-10T15:04:50.830722+00:00,nonpad_flattened,Qwen/Qwen2.5-0.5B
114688,64,3,16,main,wikitext,wikitext-2-raw-v1,validation,cuda,float32,64,qwen_dynamical_edge_normal,af125240938fafbe41b2eb787f4e20ef303ef173,"[1, 128, 896]",inputs_embeds,paper_style_feedback_dynamics,Qwen/Qwen2.5-0.5B,0.03415406122803688,direct,fixed_random,-4.5699992179870605,-4.508996963500977,1.0,3,128,4778.11572265625,30.49399757385254,44,final_hidden,2026-07-10T15:04:50.830722+00:00,nonpad_flattened,Qwen/Qwen2.5-0.5B
114688,64,3,16,main,wikitext,wikitext-2-raw-v1,validation,cuda,float32,64,qwen_dynamical_edge_normal,af125240938fafbe41b2eb787f4e20ef303ef173,"[1, 128, 896]",inputs_embeds,paper_style_feedback_dynamics,Qwen/Qwen2.5-0.5B,0.032472796738147736,direct,fixed_random,-4.622714996337891,-4.5699992179870605,1.0,3,128,4775.5947265625,29.912349700927734,45,final_hidden,2026-07-10T15:04:50.830722+00:00,nonpad_flattened,Qwen/Qwen2.5-0.5B
114688,64,3,16,main,wikitext,wikitext-2-raw-v1,validation,cuda,float32,64,qwen_dynamical_edge_normal,af125240938fafbe41b2eb787f4e20ef303ef173,"[1, 128, 896]",inputs_embeds,paper_style_feedback_dynamics,Qwen/Qwen2.5-0.5B,0.031041590496897697,direct,fixed_random,-4.667311668395996,-4.622714996337891,1.0,3,128,4773.15087890625,29.435054779052734,46,final_hidden,2026-07-10T15:04:50.830722+00:00,nonpad_flattened,Qwen/Qwen2.5-0.5B
114688,64,3,16,main,wikitext,wikitext-2-raw-v1,validation,cuda,float32,64,qwen_dynamical_edge_normal,af125240938fafbe41b2eb787f4e20ef303ef173,"[1, 128, 896]",inputs_embeds,paper_style_feedback_dynamics,Qwen/Qwen2.5-0.5B,0.030001334846019745,direct,fixed_random,-4.7042717933654785,-4.667311668395996,1.0,3,128,4770.7900390625,29.083072662353516,47,final_hidden,2026-07-10T15:04:50.830722+00:00,nonpad_flattened,Qwen/Qwen2.5-0.5B
114688,64,3,16,main,wikitext,wikitext-2-raw-v1,validation,cuda,float32,64,qwen_dynamical_edge_normal,af125240938fafbe41b2eb787f4e20ef303ef173,"[1, 128, 896]",inputs_embeds,paper_style_feedback_dynamics,Qwen/Qwen2.5-0.5B,0.029167110100388527,direct,fixed_random,-4.734102249145508,-4.7042717933654785,1.0,3,128,4768.51611328125,28.88636016845703,48,final_hidden,2026-07-10T15:04:50.830722+00:00,nonpad_flattened,Qwen/Qwen2.5-0.5B
114688,64,3,16,main,wikitext,wikitext-2-raw-v1,validation,cuda,float32,64,qwen_dynamical_edge_normal,af125240938fafbe41b2eb787f4e20ef303ef173,"[1, 128, 896]",inputs_embeds,paper_style_feedback_dynamics,Qwen/Qwen2.5-0.5B,0.02863907255232334,direct,fixed_random,-4.757196426391602,-4.734102249145508,1.0,3,128,4766.33154296875,28.877540588378906,49,final_hidden,2026-07-10T15:04:50.830722+00:00,nonpad_flattened,Qwen/Qwen2.5-0.5B
114688,64,3,16,main,wikitext,wikitext-2-raw-v1,validation,cuda,float32,64,qwen_dynamical_edge_normal,af125240938fafbe41b2eb787f4e20ef303ef173,"[1, 128, 896]",inputs_embeds,paper_style_feedback_dynamics,Qwen/Qwen2.5-0.5B,0.02833881974220276,direct,fixed_random,-4.77370023727417,-4.757196426391602,1.0,3,128,4764.236328125,29.08213996887207,50,final_hidden,2026-07-10T15:04:50.830722+00:00,nonpad_flattened,Qwen/Qwen2.5-0.5B
114688,64,3,16,main,wikitext,wikitext-2-raw-v1,validation,cuda,float32,64,qwen_dynamical_edge_normal,af125240938fafbe41b2eb787f4e20ef303ef173,"[1, 128, 896]",inputs_embeds,paper_style_feedback_dynamics,Qwen/Qwen2.5-0.5B,0.028382087126374245,direct,fixed_random,-4.783649444580078,-4.77370023727417,1.0,3,128,4762.232421875,29.504981994628906,51,final_hidden,2026-07-10T15:04:50.830722+00:00,nonpad_flattened,Qwen/Qwen2.5-0.5B
114688,64,3,16,main,wikitext,wikitext-2-raw-v1,validation,cuda,float32,64,qwen_dynamical_edge_normal,af125240938fafbe41b2eb787f4e20ef303ef173,"[1, 128, 896]",inputs_embeds,paper_style_feedback_dynamics,Qwen/Qwen2.5-0.5B,0.028670363128185272,direct,fixed_random,-4.7873125076293945,-4.783649444580078,1.0,3,128,4760.31884765625,30.12446403503418,52,final_hidden,2026-07-10T15:04:50.830722+00:00,nonpad_flattened,Qwen/Qwen2.5-0.5B
114688,64,3,16,main,wikitext,wikitext-2-raw-v1,validation,cuda,float32,64,qwen_dynamical_edge_normal,af125240938fafbe41b2eb787f4e20ef303ef173,"[1, 128, 896]",inputs_embeds,paper_style_feedback_dynamics,Qwen/Qwen2.5-0.5B,0.02915181778371334,direct,fixed_random,-4.784934997558594,-4.7873125076293945,1.0,3,128,4758.49462890625,30.91301918029785,53,final_hidden,2026-07-10T15:04:50.830722+00:00,nonpad_flattened,Qwen/Qwen2.5-0.5B
114688,64,3,16,main,wikitext,wikitext-2-raw-v1,validation,cuda,float32,64,qwen_dynamical_edge_normal,af125240938fafbe41b2eb787f4e20ef303ef173,"[1, 128, 896]",inputs_embeds,paper_style_feedback_dynamics,Qwen/Qwen2.5-0.5B,0.02985265664756298,direct,fixed_random,-4.776082515716553,-4.784934997558594,1.0,3,128,4756.75732421875,31.876697540283203,54,final_hidden,2026-07-10T15:04:50.830722+00:00,nonpad_flattened,Qwen/Qwen2.5-0.5B
114688,64,3,16,main,wikitext,wikitext-2-raw-v1,validation,cuda,float32,64,qwen_dynamical_edge_normal,af125240938fafbe41b2eb787f4e20ef303ef173,"[1, 128, 896]",inputs_embeds,paper_style_feedback_dynamics,Qwen/Qwen2.5-0.5B,0.030785471200942993,direct,fixed_random,-4.759849548339844,-4.776082515716553,1.0,3,128,4755.10009765625,33.02825164794922,55,final_hidden,2026-07-10T15:04:50.830722+00:00,nonpad_flattened,Qwen/Qwen2.5-0.5B
114688,64,3,16,main,wikitext,wikitext-2-raw-v1,validation,cuda,float32,64,qwen_dynamical_edge_normal,af125240938fafbe41b2eb787f4e20ef303ef173,"[1, 128, 896]",inputs_embeds,paper_style_feedback_dynamics,Qwen/Qwen2.5-0.5B,0.0318065881729126,direct,fixed_random,-4.735990047454834,-4.759849548339844,1.0,3,128,4753.51318359375,34.29747009277344,56,final_hidden,2026-07-10T15:04:50.830722+00:00,nonpad_flattened,Qwen/Qwen2.5-0.5B
114688,64,3,16,main,wikitext,wikitext-2-raw-v1,validation,cuda,float32,64,qwen_dynamical_edge_normal,af125240938fafbe41b2eb787f4e20ef303ef173,"[1, 128, 896]",inputs_embeds,paper_style_feedback_dynamics,Qwen/Qwen2.5-0.5B,0.03276952728629112,direct,fixed_random,-4.7053446769714355,-4.735990047454834,1.0,3,128,4751.982421875,35.54270553588867,57,final_hidden,2026-07-10T15:04:50.830722+00:00,nonpad_flattened,Qwen/Qwen2.5-0.5B
114688,64,3,16,main,wikitext,wikitext-2-raw-v1,validation,cuda,float32,64,qwen_dynamical_edge_normal,af125240938fafbe41b2eb787f4e20ef303ef173,"[1, 128, 896]",inputs_embeds,paper_style_feedback_dynamics,Qwen/Qwen2.5-0.5B,0.03352324292063713,direct,fixed_random,-4.669495105743408,-4.7053446769714355,1.0,3,128,4750.4921875,36.6395149230957,58,final_hidden,2026-07-10T15:04:50.830722+00:00,nonpad_flattened,Qwen/Qwen2.5-0.5B
114688,64,3,16,main,wikitext,wikitext-2-raw-v1,validation,cuda,float32,64,qwen_dynamical_edge_normal,af125240938fafbe41b2eb787f4e20ef303ef173,"[1, 128, 896]",inputs_embeds,paper_style_feedback_dynamics,Qwen/Qwen2.5-0.5B,0.034199733287096024,direct,fixed_random,-4.630686283111572,-4.669495105743408,1.0,3,128,4749.029296875,37.53448486328125,59,final_hidden,2026-07-10T15:04:50.830722+00:00,nonpad_flattened,Qwen/Qwen2.5-0.5B
114688,64,3,16,main,wikitext,wikitext-2-raw-v1,validation,cuda,float32,64,qwen_dynamical_edge_normal,af125240938fafbe41b2eb787f4e20ef303ef173,"[1, 128, 896]",inputs_embeds,paper_style_feedback_dynamics,Qwen/Qwen2.5-0.5B,0.03478096425533295,direct,fixed_random,-4.59298038482666,-4.630686283111572,1.0,3,128,4747.5859375,38.23044967651367,60,final_hidden,2026-07-10T15:04:50.830722+00:00,nonpad_flattened,Qwen/Qwen2.5-0.5B
114688,64,3,16,main,wikitext,wikitext-2-raw-v1,validation,cuda,float32,64,qwen_dynamical_edge_normal,af125240938fafbe41b2eb787f4e20ef303ef173,"[1, 128, 896]",inputs_embeds,paper_style_feedback_dynamics,Qwen/Qwen2.5-0.5B,0.03507809713482857,direct,fixed_random,-4.561927795410156,-4.59298038482666,1.0,3,128,4746.16650390625,38.687381744384766,61,final_hidden,2026-07-10T15:04:50.830722+00:00,nonpad_flattened,Qwen/Qwen2.5-0.5B
114688,64,3,16,main,wikitext,wikitext-2-raw-v1,validation,cuda,float32,64,qwen_dynamical_edge_normal,af125240938fafbe41b2eb787f4e20ef303ef173,"[1, 128, 896]",inputs_embeds,paper_style_feedback_dynamics,Qwen/Qwen2.5-0.5B,0.035044435411691666,direct,fixed_random,-4.541753768920898,-4.561927795410156,1.0,3,128,4744.78173828125,38.826751708984375,62,final_hidden,2026-07-10T15:04:50.830722+00:00,nonpad_flattened,Qwen/Qwen2.5-0.5B
114688,64,3,16,main,wikitext,wikitext-2-raw-v1,validation,cuda,float32,64,qwen_dynamical_edge_normal,af125240938fafbe41b2eb787f4e20ef303ef173,"[1, 128, 896]",inputs_embeds,paper_style_feedback_dynamics,Qwen/Qwen2.5-0.5B,0.03480003774166107,direct,fixed_random,,-4.541753768920898,1.0,3,128,4743.4404296875,38.67421340942383,63,final_hidden,2026-07-10T15:04:50.830722+00:00,nonpad_flattened,Qwen/Qwen2.5-0.5B
