checkpoint,training_step,dynamic_step,token_count,spectral_radius_median,spectral_radius_min,spectral_radius_max,operator_norm_2_median,operator_norm_2_min,operator_norm_2_max,jacobian_frobenius_norm_median,jacobian_frobenius_norm_min,jacobian_frobenius_norm_max,proof_pile2_test_loss,normalized_frobenius_norm_median,normalized_frobenius_norm_min,normalized_frobenius_norm_max
step0,0,0,8,41.679216384887695,37.35150146484375,48.083003997802734,127.83971786499023,115.51541900634766,151.33937072753906,837.9112243652344,757.6068115234375,978.1092529296875,11.087031924535358,37.030794298811244,33.48180711883383,43.22673034299312
step0,0,64,8,1.040013611316681,0.9910351037979126,1.067204475402832,1.3350237607955933,1.2753515243530273,1.3697876930236816,15.476190567016602,14.881186485290527,15.694072723388672,11.087031924535358,0.6839574560545448,0.6576617422406585,0.6935865779464349
step0,0,128,8,1.0175633430480957,0.9940781593322754,1.067193627357483,1.3328153491020203,1.2979812622070312,1.3674458265304565,15.439673900604248,15.185266494750977,15.673659324645996,11.087031924535358,0.6823436321516385,0.6711003070352056,0.6926844246540591
step0,0,192,8,1.0348955988883972,1.018385887145996,1.0510356426239014,1.3565624952316284,1.3072599172592163,1.3808696269989014,15.641637802124023,15.234540939331055,15.80548095703125,11.087031924535358,0.6912692599216088,0.6732779504040665,0.6985101727894775
step0,0,256,8,1.0097141861915588,0.9840095043182373,1.051813006401062,1.3355090618133545,1.2812188863754272,1.3795143365859985,15.437237739562988,14.916282653808594,15.684526443481445,11.087031924535358,0.6822359680271174,0.6592127884127079,0.6931646879928407
step0,0,320,8,1.0277692079544067,0.9984233975410461,1.0634211301803589,1.3338131308555603,1.3120296001434326,1.3975012302398682,15.411925315856934,15.108457565307617,15.725038528442383,11.087031924535358,0.6811173063739413,0.6677057998561382,0.6949550861175835
step0,0,384,8,1.0045993328094482,0.9907974004745483,1.0551584959030151,1.3213340640068054,1.2815262079238892,1.379821538925171,15.312398433685303,15.021052360534668,15.880261421203613,11.087031924535358,0.6767187980430716,0.6638429990432663,0.7018150336217622
step0,0,448,8,1.0209723711013794,0.9988678097724915,1.055552363395691,1.332759439945221,1.3047749996185303,1.3990098237991333,15.3616623878479,15.0906400680542,15.84462833404541,11.087031924535358,0.6788959777965988,0.6669183702854091,0.7002402587740011
step0,0,512,8,1.0275368690490723,1.001698613166809,1.0587421655654907,1.3516385555267334,1.307456135749817,1.382559895515442,15.539000034332275,15.052632331848145,15.736574172973633,11.087031924535358,0.6867332685708967,0.665238649784856,0.6954648943971713
step0,0,576,8,1.0214255452156067,1.0019456148147583,1.0389174222946167,1.3289474248886108,1.300433874130249,1.3595242500305176,15.405768394470215,15.16662883758545,15.590802192687988,11.087031924535358,0.6808452063199549,0.6702766311747572,0.6890226221617356
step0,0,640,8,1.0077312886714935,0.9936677813529968,1.047034502029419,1.308858871459961,1.286185622215271,1.3924041986465454,15.270915031433105,15.049818992614746,15.868208885192871,11.087031924535358,0.6748854733531204,0.6651143165817488,0.7012823817502815
step0,0,704,8,1.0360966920852661,1.0213923454284668,1.0574989318847656,1.3529132604599,1.3178986310958862,1.3688441514968872,15.578739166259766,15.193564414978027,15.800446510314941,11.087031924535358,0.6884895066749214,0.6714670267640989,0.6982876795761884
step0,0,768,8,1.0243425965309143,1.0086461305618286,1.0729939937591553,1.3529471158981323,1.3118205070495605,1.3706814050674438,15.556821823120117,15.198949813842773,15.759228706359863,11.087031924535358,0.6875208878024439,0.6717050300176399,0.6964660927835475
step0,0,832,8,1.0244427919387817,0.9869058132171631,1.0824800729751587,1.3360881805419922,1.290421724319458,1.3900202512741089,15.453327655792236,15.034306526184082,15.87403678894043,11.087031924535358,0.682947048581769,0.6644287559438706,0.7015399411415316
step0,0,896,8,1.0466277599334717,1.028178334236145,1.0647284984588623,1.3595027327537537,1.3220551013946533,1.3872461318969727,15.621359825134277,15.232219696044922,15.875916481018066,11.087031924535358,0.6903730914817217,0.6731753649747909,0.7016230125799465
step0,0,960,8,1.0137760639190674,0.9797801971435547,1.0785834789276123,1.3207671642303467,1.266217589378357,1.3703242540359497,15.241448402404785,14.775808334350586,15.70920181274414,11.087031924535358,0.6735832200278309,0.6530046419207503,0.6942551955512116
step0,0,1024,8,1.017610251903534,0.9664247632026672,1.0799273252487183,1.3274276852607727,1.2702381610870361,1.39613938331604,15.328144073486328,14.898216247558594,15.853099822998047,11.087031924535358,0.6774146635854107,0.6584143585145176,0.7006146492293234
step2000,2000,0,8,22.402040481567383,19.74367904663086,27.250181198120117,114.93914031982422,88.82799530029297,135.20582580566406,476.6217803955078,427.496337890625,567.2444458007812,4.346627515459818,21.063905811179314,18.892847465929783,25.06889963850859
step2000,2000,64,8,0.9886465668678284,0.9841678738594055,1.0049453973770142,1.4607422947883606,1.45229971408844,1.4689409732818604,14.57521390914917,14.499032974243164,14.619731903076172,4.346627515459818,0.6441395370252416,0.6407727835459186,0.6461069729871544
step2000,2000,128,8,0.9870278835296631,0.9846556186676025,0.9889981150627136,1.4581092596054077,1.4537415504455566,1.4610729217529297,14.558650016784668,14.532485961914062,14.56861400604248,4.346627515459818,0.6434075094868801,0.6422512106979837,0.6438478597601219
step2000,2000,192,8,0.9862971007823944,0.985291600227356,0.9880952835083008,1.4594138860702515,1.456598162651062,1.4606996774673462,14.561897277832031,14.55051326751709,14.566228866577148,4.346627515459818,0.6435510195060598,0.6430479125753852,0.6437424504919962
step2000,2000,256,8,0.9858974516391754,0.9854804277420044,0.9868814945220947,1.4599323868751526,1.4586176872253418,1.460462212562561,14.563826084136963,14.559098243713379,14.565539360046387,4.346627515459818,0.643636261507173,0.6434273185056802,0.6437119783205228
step2000,2000,320,8,0.9857283532619476,0.9855625629425049,0.9861600399017334,1.4601482152938843,1.4596192836761475,1.4603465795516968,14.564574241638184,14.562688827514648,14.565250396728516,4.346627515459818,0.6436693257098298,0.6435860013903237,0.643699207825424
step2000,2000,384,8,0.9856561720371246,0.9855884909629822,0.985837459564209,1.4602416157722473,1.460018277168274,1.4603291749954224,14.564866542816162,14.564122200012207,14.565133094787598,4.346627515459818,0.6436822437188984,0.6436493481036356,0.6436940237630572
step2000,2000,448,8,0.985627293586731,0.9856013655662537,0.9856998324394226,1.4602795243263245,1.4601904153823853,1.4603402614593506,14.564981937408447,14.564687728881836,14.565088272094727,4.346627515459818,0.6436873434875682,0.6436743411848026,0.6436920428611772
step2000,2000,512,8,0.985617995262146,0.9856052398681641,0.9856441617012024,1.4602866768836975,1.4602279663085938,1.4603062868118286,14.565026760101318,14.564911842346191,14.565069198608398,4.346627515459818,0.6436893243894483,0.6436842456942027,0.643691199924207
step2000,2000,576,8,0.9856122136116028,0.9856046438217163,0.9856212735176086,1.4602980017662048,1.4602782726287842,1.4603166580200195,14.565045356750488,14.5649995803833,14.565062522888184,4.346627515459818,0.6436901462529941,0.6436881232042656,0.6436909048962673
step2000,2000,640,8,0.985607236623764,0.9856023192405701,0.985616147518158,1.4602961540222168,1.4602748155593872,1.460311770439148,14.565052509307861,14.565034866333008,14.565059661865234,4.346627515459818,0.643690462354358,0.6436896826376606,0.6436907784557219
step2000,2000,704,8,0.9856091141700745,0.9856041073799133,0.9856111407279968,1.460301160812378,1.4602831602096558,1.4603205919265747,14.565055847167969,14.565048217773438,14.565058708190918,4.346627515459818,0.6436906098683278,0.6436902726935397,0.6436907363088733
step2000,2000,768,8,0.9856091141700745,0.9856029748916626,0.9856138229370117,1.4603145122528076,1.4602727890014648,1.460321307182312,14.565055847167969,14.565053939819336,14.565057754516602,4.346627515459818,0.6436906098683278,0.6436905255746308,0.6436906941620248
step2000,2000,832,8,0.9856084585189819,0.9856049418449402,0.985612154006958,1.4602959752082825,1.460284948348999,1.4603315591812134,14.565056800842285,14.565055847167969,14.565058708190918,4.346627515459818,0.6436906520151763,0.6436906098683278,0.6436907363088733
step2000,2000,896,8,0.985607922077179,0.9856065511703491,0.9856096506118774,1.4602927565574646,1.4602690935134888,1.4603065252304077,14.565056800842285,14.565055847167969,14.565057754516602,4.346627515459818,0.6436906520151763,0.6436906098683278,0.6436906941620248
step2000,2000,960,8,0.9856076836585999,0.9856045842170715,0.9856119155883789,1.4603023529052734,1.460280418395996,1.4603300094604492,14.565056800842285,14.565056800842285,14.565058708190918,4.346627515459818,0.6436906520151763,0.6436906520151763,0.6436907363088733
step2000,2000,1024,8,0.9856083393096924,0.9856048822402954,0.9856102466583252,1.460296094417572,1.4602715969085693,1.4603320360183716,14.565056800842285,14.565056800842285,14.565057754516602,4.346627515459818,0.6436906520151763,0.6436906520151763,0.6436906941620248
step3000,3000,0,8,16.673608779907227,14.98031234741211,22.174659729003906,103.03273010253906,87.28308868408203,138.5784149169922,349.75978088378906,317.90911865234375,461.144775390625,4.194796168614948,15.457344553078014,14.049730850006936,20.37991236171614
step3000,3000,64,8,0.9645539820194244,0.9620988965034485,0.9717169404029846,1.5209497213363647,1.5057294368743896,1.530693769454956,14.160335540771484,14.10806655883789,14.198531150817871,4.194796168614948,0.6258043302972746,0.6234943458240895,0.6274923537269844
step3000,3000,128,8,0.9583999216556549,0.9581417441368103,0.9588219523429871,1.528156578540802,1.5262008905410767,1.5289664268493652,14.21288537979126,14.20775318145752,14.215392112731934,4.194796168614948,0.6281267270173462,0.6278999137520848,0.628237510008657
step3000,3000,192,8,0.9579814374446869,0.9579663872718811,0.9580168724060059,1.5295836329460144,1.5294373035430908,1.5296415090560913,14.217442989349365,14.217087745666504,14.217616081237793,4.194796168614948,0.6283281468063797,0.6283124471053094,0.6283357964593844
step3000,3000,256,8,0.9579533636569977,0.9579514265060425,0.9579595923423767,1.5296653509140015,1.5296188592910767,1.5296826362609863,14.217754364013672,14.217729568481445,14.217765808105469,4.194796168614948,0.6283419077524185,0.6283408119343572,0.6283424135146006
step3000,3000,320,8,0.9579518437385559,0.957948625087738,0.957955002784729,1.5296725034713745,1.5296388864517212,1.5297149419784546,14.217773914337158,14.217772483825684,14.217774391174316,4.194796168614948,0.628342771762813,0.6283427085425402,0.6283427928362372
step3000,3000,384,8,0.9579510688781738,0.9579488039016724,0.9579532742500305,1.5296726822853088,1.5296587944030762,1.5297247171401978,14.217774868011475,14.217774391174316,14.217777252197266,4.194796168614948,0.6283428139096615,0.6283427928362372,0.6283429192767828
step3000,3000,448,8,0.95795077085495,0.957948625087738,0.9579538702964783,1.5296724438667297,1.5296467542648315,1.5297154188156128,14.217774391174316,14.217772483825684,14.21777629852295,4.194796168614948,0.6283427928362372,0.6283427085425402,0.6283428771299342
step3000,3000,512,8,0.9579527080059052,0.9579497575759888,0.9579549431800842,1.529668390750885,1.5296216011047363,1.5296978950500488,14.217774391174316,14.217774391174316,14.217775344848633,4.194796168614948,0.6283427928362372,0.6283427928362372,0.6283428349830857
step3000,3000,576,8,0.9579512178897858,0.9579490423202515,0.9579535722732544,1.529666006565094,1.5296258926391602,1.529676914215088,14.217774868011475,14.2177734375,14.21777629852295,4.194796168614948,0.6283428139096615,0.6283427506893887,0.6283428771299342
step3000,3000,640,8,0.9579513370990753,0.9579480886459351,0.9579538702964783,1.529672622680664,1.5296510457992554,1.5296895503997803,14.217774391174316,14.217774391174316,14.217777252197266,4.194796168614948,0.6283427928362372,0.6283427928362372,0.6283429192767828
step3000,3000,704,8,0.9579516351222992,0.9579492211341858,0.9579523801803589,1.5296595096588135,1.5296510457992554,1.5296684503555298,14.217774391174316,14.217774391174316,14.217775344848633,4.194796168614948,0.6283427928362372,0.6283427928362372,0.6283428349830857
step3000,3000,768,8,0.9579508602619171,0.9579490423202515,0.9579529762268066,1.5296656489372253,1.5296342372894287,1.5296978950500488,14.217774391174316,14.2177734375,14.217777252197266,4.194796168614948,0.6283427928362372,0.6283427506893887,0.6283429192767828
step3000,3000,832,8,0.9579507410526276,0.9579488635063171,0.9579522609710693,1.5296728610992432,1.5296385288238525,1.529685378074646,14.217774391174316,14.217774391174316,14.21777629852295,4.194796168614948,0.6283427928362372,0.6283427928362372,0.6283428771299342
step3000,3000,896,8,0.9579511880874634,0.9579482674598694,0.957955539226532,1.529655396938324,1.5296510457992554,1.5297069549560547,14.217774391174316,14.217774391174316,14.217774391174316,4.194796168614948,0.6283427928362372,0.6283427928362372,0.6283427928362372
step3000,3000,960,8,0.9579511880874634,0.9579490423202515,0.9579538702964783,1.5296747088432312,1.5296552181243896,1.529685378074646,14.217774391174316,14.217774391174316,14.217775344848633,4.194796168614948,0.6283427928362372,0.6283427928362372,0.6283428349830857
step3000,3000,1024,8,0.9579512774944305,0.957948625087738,0.9579522013664246,1.5296640992164612,1.5296469926834106,1.5297183990478516,14.217774391174316,14.2177734375,14.21777629852295,4.194796168614948,0.6283427928362372,0.6283427506893887,0.6283428771299342
step4000,4000,0,8,14.160014152526855,13.178833961486816,21.164018630981445,91.84153366088867,82.99906921386719,135.65618896484375,306.2781066894531,277.8229675292969,440.7760925292969,4.095001425061907,13.535707885568073,12.278156519333487,19.479735250773434
step4000,4000,64,8,0.9976759850978851,0.9704301953315735,1.0229400396347046,1.656190037727356,1.6164836883544922,1.6729657649993896,15.063177108764648,14.776856422424316,15.309185028076172,4.095001425061907,0.6657046674888409,0.6530509613072637,0.6765767842370142
step4000,4000,128,8,0.9730286598205566,0.9693067073822021,1.0233656167984009,1.6481345891952515,1.6436413526535034,1.68165922164917,14.867976665496826,14.843344688415527,15.2128267288208,4.095001425061907,0.6570779451685099,0.6559893552917463,0.672318308810322
step4000,4000,192,8,0.974483460187912,0.9735931754112244,1.000535249710083,1.6506310105323792,1.6491527557373047,1.679680347442627,14.874302387237549,14.868754386901855,15.229612350463867,4.095001425061907,0.6573575052146826,0.6571123159234705,0.6730601354909622
step4000,4000,256,8,0.97466641664505,0.9744533896446228,1.004256248474121,1.6507038474082947,1.65047025680542,1.6830675601959229,14.874790668487549,14.873857498168945,15.226232528686523,4.095001425061907,0.6573790844011203,0.6573378437098523,0.6729107670598395
step4000,4000,320,8,0.9746690690517426,0.9746429920196533,0.9966907501220703,1.6506646275520325,1.6505893468856812,1.6704094409942627,14.87450885772705,14.874381065368652,15.11568546295166,4.095001425061907,0.6573666300073853,0.6573609823296848,0.6680252308210023
step4000,4000,384,8,0.9746575057506561,0.9746509194374084,0.9965764880180359,1.650638997554779,1.6505928039550781,1.66892409324646,14.874413013458252,14.874384880065918,15.096307754516602,4.095001425061907,0.6573623942491099,0.6573611509170788,0.6671688490061094
step4000,4000,448,8,0.9746504426002502,0.974648118019104,0.9959455728530884,1.6506561040878296,1.650599479675293,1.6686463356018066,14.874383926391602,14.874378204345703,15.097251892089844,4.095001425061907,0.6573611087702304,0.6573608558891393,0.6672105743861352
step4000,4000,512,8,0.9746510088443756,0.9746478796005249,0.994085431098938,1.6506478190422058,1.6505831480026245,1.6653926372528076,14.874381065368652,14.87437915802002,15.067508697509766,4.095001425061907,0.6573609823296848,0.6573608980359877,0.6658960984747774
step4000,4000,576,8,0.9746499955654144,0.9746465086936951,0.9952194690704346,1.6506057977676392,1.6505944728851318,1.667163610458374,14.874382495880127,14.87437915802002,15.08179759979248,4.095001425061907,0.6573610455499576,0.6573608980359877,0.6665275847060161
step4000,4000,640,8,0.9746493399143219,0.9746460318565369,0.9942936897277832,1.6506211161613464,1.6505855321884155,1.6660130023956299,14.874381065368652,14.87437915802002,15.072588920593262,4.095001425061907,0.6573609823296848,0.6573608980359877,0.666120614736795
step4000,4000,704,8,0.9746518433094025,0.9746482968330383,0.9936418533325195,1.65062016248703,1.6505733728408813,1.6649012565612793,14.87438154220581,14.874380111694336,15.061100006103516,4.095001425061907,0.657361003403109,0.6573609401828363,0.6656128716527843
step4000,4000,768,8,0.9746497571468353,0.9746477007865906,0.9936164617538452,1.6506221294403076,1.6505982875823975,1.6647621393203735,14.874381065368652,14.87437915802002,15.059478759765625,4.095001425061907,0.6573609823296848,0.6573608980359877,0.6655412220103157
step4000,4000,832,8,0.9746497571468353,0.9746472835540771,0.9935764670372009,1.6506441235542297,1.6506133079528809,1.6648197174072266,14.874380111694336,14.87437915802002,15.059723854064941,4.095001425061907,0.6573609401828363,0.6573608980359877,0.665552053750383
step4000,4000,896,8,0.9746487140655518,0.9746469259262085,0.9934158325195312,1.6506156921386719,1.650573492050171,1.6645323038101196,14.874381065368652,14.874381065368652,15.057394027709961,4.095001425061907,0.6573609823296848,0.6573609823296848,0.6654490889994709
step4000,4000,960,8,0.9746495485305786,0.9746473431587219,0.9935108423233032,1.6506375074386597,1.6506133079528809,1.6646565198898315,14.87438154220581,14.874380111694336,15.058465003967285,4.095001425061907,0.657361003403109,0.6573609401828363,0.6654964199103486
step4000,4000,1024,8,0.9746511578559875,0.9746481776237488,0.9934420585632324,1.6506458520889282,1.6506054401397705,1.6645535230636597,14.874381065368652,14.87437915802002,15.057798385620117,4.095001425061907,0.6573609823296848,0.6573608980359877,0.6654669592632395
step5000,5000,0,8,13.757240772247314,12.621556282043457,20.273128509521484,95.42611312866211,76.67311096191406,149.20632934570312,284.5396423339844,248.95028686523438,436.0943908691406,4.0916612640259755,12.574994413172199,11.002152251296469,19.272831313811633
step5000,5000,64,8,1.0284443497657776,1.0116561651229858,1.0388803482055664,1.758594572544098,1.7174758911132812,2.304094076156616,15.374375820159912,15.144967079162598,15.566960334777832,4.0916612640259755,0.6794578374340976,0.6693193076576808,0.6879689509489633
step5000,5000,128,8,1.0034277141094208,0.9728233814239502,1.013301968574524,1.747133493423462,1.7252501249313354,1.8515923023223877,15.376434326171875,15.18679428100586,15.498259544372559,4.0916612640259755,0.6795488114066084,0.67116782628652,0.6849327762759355
step5000,5000,192,8,1.0290970206260681,1.0046863555908203,1.0369213819503784,1.745126187801361,1.7236204147338867,2.0302140712738037,15.37637710571289,15.26930046081543,15.511244773864746,4.0916612640259755,0.6795462825956977,0.6748141187385915,0.6855066477652598
step5000,5000,256,8,1.0122482180595398,0.994088351726532,1.0304216146469116,1.7425879836082458,1.7295525074005127,1.7615739107131958,15.416045665740967,15.330353736877441,15.534875869750977,4.0916612640259755,0.6812994018329326,0.6775123178334105,0.6865510045245112
step5000,5000,320,8,1.0123998522758484,0.9935736656188965,1.0331425666809082,1.741659939289093,1.7248294353485107,1.7590973377227783,15.408286571502686,15.258857727050781,15.553038597106934,4.0916612640259755,0.6809564950734479,0.6743526107473973,0.6873536912544013
step5000,5000,384,8,1.0208430290222168,0.987220823764801,1.036526083946228,1.7430418133735657,1.7354434728622437,2.026109457015991,15.396739482879639,15.275169372558594,15.500229835510254,4.0916612640259755,0.6804461810316781,0.6750734904443276,0.685019851664959
step5000,5000,448,8,1.0238277316093445,1.0156272649765015,1.0338867902755737,1.7429507970809937,1.7348198890686035,1.763142466545105,15.440242767333984,15.396552085876465,15.533255577087402,4.0916612640259755,0.6823687727467752,0.6804378991759457,0.6864793970288913
step5000,5000,512,8,1.0098519921302795,0.9857282042503357,1.0264543294906616,1.7474289536476135,1.7213541269302368,2.121638298034668,15.345946788787842,15.235649108886719,15.496904373168945,4.0916612640259755,0.6782014398799878,0.6733269250420362,0.6848728856042015
step5000,5000,576,8,1.0068443417549133,0.9838730692863464,1.03008234500885,1.7396836876869202,1.719834566116333,1.8827929496765137,15.357771873474121,15.290078163146973,15.466739654541016,4.0916612640259755,0.6787240397280987,0.6757323721270984,0.6835397807858019
step5000,5000,640,8,1.0139822959899902,1.0006954669952393,1.0307728052139282,1.7441552877426147,1.72718346118927,1.7730227708816528,15.378886699676514,15.315909385681152,15.436812400817871,4.0916612640259755,0.6796571920275541,0.6768739616658644,0.6822171705326816
step5000,5000,704,8,1.0122576355934143,0.9920932054519653,1.0308151245117188,1.7454090118408203,1.731542706489563,1.8295032978057861,15.368731498718262,15.321300506591797,15.467741012573242,4.0916612640259755,0.6792083913111858,0.6771122178004966,0.6835840349767384
step5000,5000,768,8,1.0111791491508484,0.9860702157020569,1.0355610847473145,1.7477996349334717,1.7260276079177856,1.7693307399749756,15.371700286865234,15.260480880737305,15.529848098754883,4.0916612640259755,0.6793395944506003,0.6744243446835628,0.6863288063391618
step5000,5000,832,8,1.011821210384369,0.9871929883956909,1.0471246242523193,1.7410052418708801,1.7362606525421143,1.9329092502593994,15.380722999572754,15.267599105834961,15.442194938659668,4.0916612640259755,0.6797383457843619,0.6747389287608481,0.6824550473456771
step5000,5000,896,8,1.0085816383361816,0.9918544292449951,1.0225090980529785,1.7384344935417175,1.7294939756393433,1.7514915466308594,15.404645919799805,15.26421070098877,15.507616996765137,4.0916612640259755,0.6807955994792576,0.6745891810080888,0.6853463211535243
step5000,5000,960,8,1.0245257019996643,0.9887270331382751,1.0361970663070679,1.7469439506530762,1.7337113618850708,1.9165213108062744,15.405878067016602,15.259998321533203,15.528368949890137,4.0916612640259755,0.6808500532075337,0.6744030183782163,0.6862634365771214
step5000,5000,1024,8,1.0082013010978699,0.9877480864524841,1.0352487564086914,1.7623873949050903,1.7172555923461914,2.0042614936828613,15.385424137115479,15.300949096679688,15.54198932647705,4.0916612640259755,0.6799461086740963,0.6762128040532741,0.686865377867554
step7000,7000,0,8,12.605460166931152,10.535186767578125,18.868587493896484,84.74526596069336,66.58824920654297,134.9006805419922,268.82102966308594,232.68336486816406,398.3280029296875,4.021608435918415,11.88032331251988,10.283249072973904,17.603777000504813
step7000,7000,64,8,1.0234941244125366,0.9833139777183533,1.062198519706726,2.0099847316741943,1.8475538492202759,2.0509707927703857,15.599098205566406,15.309198379516602,16.218223571777344,4.021608435918415,0.6893892575969319,0.6765773742928933,0.7167509916502043
step7000,7000,128,8,1.0442691445350647,1.0019781589508057,1.0974891185760498,1.8582205176353455,1.741219162940979,2.1688191890716553,15.992690563201904,15.567802429199219,16.345352172851562,4.021608435918415,0.7067837466661357,0.6880061666161984,0.7223693351441005
step7000,7000,192,8,1.0417880415916443,0.9975408911705017,1.0796526670455933,2.0943524837493896,1.7992900609970093,2.218830108642578,15.739256381988525,15.182145118713379,16.286405563354492,4.021608435918415,0.6955834324086082,0.6709623604000294,0.7197642384376421
step7000,7000,256,8,1.0546668767929077,0.9945040345191956,1.0764120817184448,1.972007930278778,1.776889443397522,2.3173389434814453,15.998751163482666,15.099712371826172,16.491241455078125,4.021608435918415,0.7070515898884224,0.6673193132552933,0.728816791441903
step7000,7000,320,8,1.0220781564712524,0.9984986186027527,1.069234013557434,1.924263060092926,1.8391188383102417,2.1257805824279785,15.88191270828247,15.555932998657227,16.37021255493164,4.021608435918415,0.7018880108899588,0.6874816069396318,0.7234680191910825
step7000,7000,384,8,1.0197916626930237,0.9878293871879578,1.0331510305404663,1.837341547012329,1.7772074937820435,2.1512303352355957,15.671980381011963,15.54034423828125,16.12322425842285,4.021608435918415,0.6926102251272557,0.6867926745538727,0.7125525754826401
step7000,7000,448,8,1.0244695544242859,0.9974498748779297,1.079735279083252,1.8805798888206482,1.8060702085494995,2.0450589656829834,15.856986999511719,15.6693754196167,16.368385314941406,4.021608435918415,0.7007864397838538,0.6924951010105482,0.7233872658293357
step7000,7000,512,8,1.022691249847412,0.9836287498474121,1.058915376663208,1.8605183959007263,1.8178850412368774,1.9608778953552246,15.81225872039795,15.35330867767334,16.21681022644043,4.021608435918415,0.6988097104418444,0.6785267924770677,0.7166885300207112
step7000,7000,576,8,1.007962703704834,0.993401288986206,1.0536696910858154,2.0336772203445435,1.8167939186096191,2.2098681926727295,15.699846744537354,15.235231399536133,16.24285125732422,4.021608435918415,0.693841756040744,0.6733084647223884,0.7178393918661496
step7000,7000,640,8,1.0091471672058105,0.9923846125602722,1.0570071935653687,1.9489935636520386,1.8178702592849731,2.164271116256714,15.741395473480225,15.424336433410645,16.266244888305664,4.021608435918415,0.6956779677898182,0.6816658054604621,0.7188732540601218
step7000,7000,704,8,0.9957428574562073,0.9600909352302551,1.0400046110153198,1.944014847278595,1.8155043125152588,2.0533063411712646,15.683070659637451,14.983968734741211,16.507722854614258,4.021608435918415,0.6931003508285889,0.6622041188389202,0.7295451732778683
step7000,7000,768,8,1.0143483877182007,0.9928017854690552,1.0676454305648804,1.9328404664993286,1.8178627490997314,2.086604356765747,15.801424503326416,15.62780475616455,16.298734664916992,4.021608435918415,0.6983309011693364,0.6906579198839583,0.720309112895191
step7000,7000,832,8,1.020079255104065,0.9921883344650269,1.073548674583435,1.9131490588188171,1.8148705959320068,2.0768446922302246,15.767236232757568,15.620919227600098,16.446229934692383,4.021608435918415,0.6968199787970694,0.6903536196377097,0.7268275444858858
step7000,7000,896,8,1.0416641235351562,0.9926437139511108,1.0940487384796143,1.9007542133331299,1.8177722692489624,2.2015702724456787,16.02730941772461,15.625804901123047,16.36747169494629,4.021608435918415,0.7083136983405054,0.690569537942631,0.7233468891484622
step7000,7000,960,8,1.0029269456863403,0.9924430847167969,1.0669333934783936,1.9406082034111023,1.8146644830703735,2.2291243076324463,15.77377986907959,15.623973846435547,16.280227661132812,4.021608435918415,0.6971091693981268,0.6904886159934901,0.7194912111529885
step7000,7000,1024,8,1.0044624209403992,0.9813899397850037,1.0860358476638794,2.0242350101470947,1.8176186084747314,2.1228537559509277,15.809100151062012,15.23198413848877,16.509340286254883,4.021608435918415,0.6986701200795763,0.6731649547032088,0.7296166543329428
step8000,8000,0,8,12.435846328735352,10.273787498474121,19.451814651489258,78.06148147583008,67.46367645263672,138.91627502441406,262.4155578613281,230.18692016601562,411.4823303222656,4.028237660725911,11.597238778287245,10.172920761864756,18.18512163183231
step8000,8000,64,8,1.0192784667015076,0.9973319172859192,1.037951111793518,2.0560742616653442,2.017313241958618,2.253955602645874,15.82795238494873,15.6593656539917,16.400222778320312,4.028237660725911,0.6995032789809397,0.6920527276885778,0.7247942962200233
step8000,8000,128,8,1.0063693523406982,0.9755192995071411,1.0607967376708984,1.9664932489395142,1.858002781867981,2.2742221355438232,15.763876914978027,15.237035751342773,16.42401695251465,4.028237660725911,0.6966715165231897,0.6733882065597709,0.7258458600903701
step8000,8000,192,8,1.0405608415603638,1.0212469100952148,1.0776326656341553,2.1183871030807495,2.055838108062744,2.292900323867798,15.980156898498535,15.74399471282959,16.307735443115234,4.028237660725911,0.7062298317095813,0.6957928390254345,0.7207068948514368
step8000,8000,256,8,1.025110125541687,0.9681211709976196,1.0826730728149414,2.084065556526184,1.7624561786651611,2.2681100368499756,15.847063541412354,15.399786949157715,16.85800552368164,4.028237660725911,0.7003478807516736,0.6805808612860946,0.7450256264422227
step8000,8000,320,8,1.0481650233268738,0.9876207113265991,1.1000092029571533,2.1644757986068726,1.9849580526351929,2.324437379837036,16.0587739944458,15.422226905822754,16.62872314453125,4.028237660725911,0.7097042493134254,0.6815725766315559,0.7348926811232335
step8000,8000,384,8,1.0381579399108887,0.9727303981781006,1.1071217060089111,1.98468679189682,1.843338131904602,2.4018824100494385,15.905833721160889,14.996427536010742,17.389102935791016,4.028237660725911,0.7029451802911575,0.6627547252678665,0.7684970377905455
step8000,8000,448,8,1.0353655219078064,1.0076298713684082,1.0544852018356323,2.0961745977401733,1.9746806621551514,2.2369699478149414,16.01145839691162,15.526987075805664,16.69107437133789,4.028237660725911,0.7076131755714059,0.6862023657936291,0.7376482420788758
step8000,8000,512,8,1.0207102298736572,0.9827251434326172,1.1712266206741333,2.0452795028686523,1.7653316259384155,2.2381880283355713,15.896713733673096,15.045618057250977,17.516080856323242,4.028237660725911,0.7025421299788479,0.6649286597140583,0.774108722082377
step8000,8000,576,8,1.0341649651527405,0.9819291234016418,1.0832685232162476,2.0853911638259888,1.87618088722229,2.181905508041382,15.880507469177246,15.22228717803955,16.297788619995117,4.028237660725911,0.701825907508678,0.67273640554755,0.7202673032214681
step8000,8000,640,8,1.031460702419281,0.9729810357093811,1.1113520860671997,2.047701120376587,1.9461930990219116,2.2849364280700684,16.082563877105713,15.28074836730957,17.186264038085938,4.028237660725911,0.7107556235229538,0.6753200495081163,0.7595327402870664
step8000,8000,704,8,1.024118959903717,1.011611819267273,1.1011309623718262,2.0794931650161743,1.9902926683425903,2.2055535316467285,15.963318347930908,15.712997436523438,17.516359329223633,4.028237660725911,0.7054856658788488,0.694422940008285,0.7741210289621422
step8000,8000,768,8,1.0184075236320496,0.9532153010368347,1.0724207162857056,2.1078217029571533,1.8063005208969116,2.26047420501709,15.817415714263916,15.142021179199219,16.2291259765625,4.028237660725911,0.6990376195251671,0.6691891160426306,0.7172328144223808
step8000,8000,832,8,1.0260621905326843,1.007067322731018,1.0688505172729492,2.129772663116455,1.8483213186264038,2.325409412384033,15.972054958343506,15.53726577758789,16.274673461914062,4.028237660725911,0.705871773158057,0.6866566245268796,0.7192457479072611
step8000,8000,896,8,1.0133262276649475,0.9744784235954285,1.032604455947876,2.05236279964447,1.844892144203186,2.2088887691497803,15.676522254943848,15.23177433013916,16.404163360595703,4.028237660725911,0.6928109494932888,0.6731556823965363,0.7249684469980703
step8000,8000,960,8,1.0406433939933777,1.0183149576187134,1.0904890298843384,2.0485775470733643,1.8980114459991455,2.242267370223999,15.986285209655762,15.485602378845215,16.891511917114258,4.028237660725911,0.7065006673581123,0.6843734033024989,0.7465064138178044
step8000,8000,1024,8,1.006269246339798,0.9792213439941406,1.1040973663330078,2.0070340037345886,1.8745582103729248,2.178784132003784,15.534616470336914,15.28014087677002,16.54642677307129,4.028237660725911,0.6865395405817163,0.6752932019656148,0.7312556609778345
step9000,9000,0,8,13.205767154693604,10.51060676574707,21.422388076782227,74.47521591186523,64.88626098632812,136.02114868164062,275.1515655517578,217.0972442626953,420.8398132324219,3.997703287336561,12.160096115983924,9.594433349691508,18.598667858120354
step9000,9000,64,8,0.9989635944366455,0.958471417427063,1.0248459577560425,2.0060017108917236,1.9121347665786743,2.289872169494629,15.719104766845703,15.169934272766113,16.17552375793457,3.997703287336561,0.6946928484261488,0.6704227121516959,0.7148639086549775
step9000,9000,128,8,0.9902307987213135,0.9771246314048767,1.0086520910263062,1.9768036007881165,1.900159239768982,2.0339126586914062,15.549508571624756,15.41218090057373,16.04667854309082,3.997703287336561,0.6871976846946382,0.6811286017293422,0.7091697008337617
step9000,9000,192,8,0.9943231344223022,0.9801803231239319,1.0015957355499268,1.9714918732643127,1.9361686706542969,2.0053961277008057,15.629404544830322,15.54472541809082,15.894887924194336,3.997703287336561,0.6907286212223354,0.6869862971759317,0.7024614398373737
step9000,9000,256,8,0.9927931129932404,0.9807308912277222,1.0036828517913818,1.9652230739593506,1.9542137384414673,1.9965782165527344,15.693020820617676,15.599674224853516,15.826956748962402,3.997703287336561,0.6935400899725273,0.6894147142934325,0.6994592776710943
step9000,9000,320,8,0.9922935962677002,0.985815167427063,1.0033248662948608,1.9669135808944702,1.9539916515350342,1.987842082977295,15.721806526184082,15.644017219543457,15.775578498840332,3.997703287336561,0.6948122504479801,0.6913744163086435,0.6971886583544183
step9000,9000,384,8,0.9932540357112885,0.9890841245651245,1.0019012689590454,1.9685442447662354,1.9525346755981445,1.981799840927124,15.726778507232666,15.668478965759277,15.745137214660645,3.997703287336561,0.6950319830426916,0.6924554829729479,0.6958433309499507
step9000,9000,448,8,0.9939383268356323,0.9902859926223755,1.0002717971801758,1.9693478345870972,1.9538750648498535,1.9771395921707153,15.722589015960693,15.681986808776855,15.744102478027344,3.997703287336561,0.6948468319371833,0.6930524509352562,0.6957976016193163
step9000,9000,512,8,0.9943220019340515,0.9910403490066528,0.9987772107124329,1.9687613248825073,1.9561388492584229,1.9737327098846436,15.719652652740479,15.692831039428711,15.743287086486816,3.997703287336561,0.6947170617906182,0.6935317027496736,0.6957615660638395
step9000,9000,576,8,0.994516909122467,0.9917935132980347,0.997528612613678,1.967743694782257,1.9585375785827637,1.9718384742736816,15.7161226272583,15.701075553894043,15.740131378173828,3.997703287336561,0.6945610552308552,0.6938960622550503,0.695622102142117
step9000,9000,640,8,0.994596928358078,0.9924577474594116,0.9965502023696899,1.9672272205352783,1.9607551097869873,1.9710646867752075,15.715932846069336,15.707122802734375,15.736200332641602,3.997703287336561,0.6945526680080015,0.6941633154214579,0.695448372832555
step9000,9000,704,8,0.9946765899658203,0.9929968118667603,0.9958226084709167,1.9669344425201416,1.962528109550476,1.9702637195587158,15.717551708221436,15.711413383483887,15.732332229614258,3.997703287336561,0.6946242122833488,0.6943529340929084,0.6952774252149948
step9000,9000,768,8,0.9946883916854858,0.9934176802635193,0.9952979683876038,1.9668111205101013,1.96390962600708,1.969506859779358,15.718502044677734,15.712777137756348,15.72893238067627,3.997703287336561,0.6946662116178899,0.6944132040862789,0.6951271717000536
step9000,9000,832,8,0.9946633577346802,0.993733286857605,0.9949421286582947,1.966708481311798,1.964936375617981,1.9688122272491455,15.719022274017334,15.713898658752441,15.726142883300781,3.997703287336561,0.6946892027237526,0.6944627687801278,0.6950038921681592
step9000,9000,896,8,0.9945887625217438,0.9939615726470947,0.9947441220283508,1.9666798114776611,1.9657467603683472,1.968303918838501,15.71927261352539,15.715030670166016,15.723969459533691,3.997703287336561,0.6947002662714866,0.6945127970893102,0.6949078395004028
step9000,9000,960,8,0.9945225715637207,0.9941223859786987,0.9946321249008179,1.9666783809661865,1.9662562608718872,1.9679298400878906,15.719385147094727,15.716031074523926,15.722345352172852,3.997703287336561,0.694705239599611,0.6945570091333981,0.6948360634173888
step9000,9000,1024,8,0.9944557547569275,0.9942311644554138,0.994558572769165,1.966774046421051,1.966512680053711,1.9676188230514526,15.719493389129639,15.716856956481934,15.72116756439209,3.997703287336561,0.6947100232669169,0.6945935083042085,0.6947840120594778
step10000,10000,0,8,12.707526683807373,10.526676177978516,19.705530166625977,78.23824310302734,63.79927062988281,153.0851287841797,269.2044372558594,217.15016174316406,402.80255126953125,4.0096223089430065,11.897267694320412,9.596771994021681,17.80152596762047
step10000,10000,64,8,0.9863601624965668,0.9706754088401794,1.03045654296875,1.7848350405693054,1.731642723083496,1.8660236597061157,15.303044319152832,15.072394371032715,15.904882431030273,4.0096223089430065,0.6763054006794526,0.6661120167796988,0.702903138809768
step10000,10000,128,8,0.9884525239467621,0.9524849653244019,1.039476752281189,1.785163402557373,1.7358671426773071,1.8781095743179321,15.398834705352783,14.961516380310059,15.89078426361084,4.0096223089430065,0.6805387776578565,0.6612118555844282,0.7022800819482313
step10000,10000,192,8,0.9920478761196136,0.9682644009590149,1.0442579984664917,1.7968230247497559,1.7533217668533325,1.8324812650680542,15.42625093460083,15.243733406066895,15.867982864379883,4.0096223089430065,0.6817504152588477,0.673684203876863,0.7012723929471845
step10000,10000,256,8,1.0058172345161438,0.9676445126533508,1.0233495235443115,1.811552882194519,1.734445333480835,1.8679405450820923,15.58162784576416,15.000614166259766,15.877177238464355,4.0096223089430065,0.6886171694790608,0.6629397499328292,0.7016787307136779
step10000,10000,320,8,1.0074518322944641,0.9636053442955017,1.0433344841003418,1.7987099885940552,1.7329652309417725,1.8516217470169067,15.490459442138672,15.000627517700195,15.906570434570312,4.0096223089430065,0.6845880572019649,0.6629403399887084,0.7029777387316322
step10000,10000,384,8,0.9976337850093842,0.9538110494613647,1.028955101966858,1.7821264863014221,1.7583491802215576,1.841988444328308,15.445208549499512,15.058906555175781,15.6371488571167,4.0096223089430065,0.6825882313869714,0.6655159339012091,0.6910708747056681
step10000,10000,448,8,0.9853807985782623,0.9711843729019165,1.0347849130630493,1.7791194319725037,1.7328877449035645,1.8591302633285522,15.332495212554932,15.02972412109375,15.907221794128418,4.0096223089430065,0.6776069585817417,0.6642262403367758,0.7030065250291652
step10000,10000,512,8,0.9918943047523499,0.9575724005699158,1.0390024185180664,1.7843594551086426,1.742113709449768,1.8670059442520142,15.400034427642822,14.997429847717285,15.905964851379395,4.0096223089430065,0.6805917983932832,0.6627990216056514,0.7029509754828278
step10000,10000,576,8,0.9902750849723816,0.972028911113739,1.0430887937545776,1.8026724457740784,1.7485443353652954,1.8288159370422363,15.482036590576172,15.256583213806152,15.818222999572754,4.0096223089430065,0.6842158162359167,0.6742520905136987,0.6990732968324315
step10000,10000,640,8,1.006928026676178,0.9657905697822571,1.0281858444213867,1.8114315271377563,1.7372127771377563,1.8657047748565674,15.577761173248291,14.994546890258789,15.892169952392578,4.0096223089430065,0.6884462850817734,0.6626716116826029,0.7023413213191178
step10000,10000,704,8,1.0063081085681915,0.9632384181022644,1.0437843799591064,1.7983667850494385,1.7329415082931519,1.844576358795166,15.49354600906372,14.996562004089355,15.895426750183105,4.0096223089430065,0.6847244654771704,0.6627606679735065,0.7024852528067824
step10000,10000,768,8,0.9984991550445557,0.9555543661117554,1.0241236686706543,1.7757866382598877,1.7560861110687256,1.8495690822601318,15.395246982574463,15.09344482421875,15.687084197998047,4.0096223089430065,0.6803802212137585,0.6670423241668797,0.6932777258405469
step10000,10000,832,8,0.984658420085907,0.9689316153526306,1.0383681058883667,1.7813395857810974,1.7337795495986938,1.8573659658432007,15.338639259338379,15.009808540344238,15.90719985961914,4.0096223089430065,0.6778784896532731,0.6633460876993228,0.7030055556516493
step10000,10000,896,8,0.9935738444328308,0.9541455507278442,1.0415818691253662,1.7841109037399292,1.7467546463012695,1.8663092851638794,15.396397113800049,15.009417533874512,15.897064208984375,4.0096223089430065,0.6804310503130626,0.6633288074914333,0.7025576189456756
step10000,10000,960,8,0.9888747334480286,0.9761776328086853,1.0413894653320312,1.8071810603141785,1.7441312074661255,1.8374875783920288,15.517261028289795,15.211514472961426,15.780147552490234,4.0096223089430065,0.6857725311590908,0.672260314746771,0.697390583905634
step10000,10000,1024,8,1.0071802139282227,0.9636926651000977,1.0325905084609985,1.8104678988456726,1.739583134651184,1.8669956922531128,15.573806285858154,14.995357513427734,15.90392017364502,4.0096223089430065,0.6882715021009987,0.6627074365038372,0.7028606126396204
step13000,13000,0,8,13.109164237976074,10.357880592346191,18.8076171875,80.83456420898438,64.02580261230469,171.60052490234375,262.68091583251953,221.0939483642578,415.0367736816406,3.9707810916597883,11.608966054591706,9.771064385479692,18.342207319504656
step13000,13000,64,8,0.9471311569213867,0.936608612537384,0.9540106654167175,1.8447219133377075,1.8308666944503784,1.8576726913452148,15.16113805770874,15.139907836914062,15.20207405090332,3.9707810916597883,0.6700339706944557,0.6690957186263304,0.6718431030933616
step13000,13000,128,8,0.9514480829238892,0.9512850046157837,0.9515717029571533,1.8365023136138916,1.8363603353500366,1.8366795778274536,15.172910213470459,15.171856880187988,15.173781394958496,3.9707810916597883,0.6705542313924742,0.6705076801982939,0.6705927325385889
step13000,13000,192,8,0.9516352415084839,0.9516267776489258,0.9516414403915405,1.836306095123291,1.836277723312378,1.8363673686981201,15.17426586151123,15.174208641052246,15.174315452575684,3.9707810916597883,0.6706141431376325,0.6706116143267218,0.670616334773755
step13000,13000,256,8,0.9516424536705017,0.9516395926475525,0.9516448378562927,1.8362950682640076,1.836255669593811,1.836320161819458,15.174324989318848,15.174323081970215,15.17432689666748,3.9707810916597883,0.6706167562422402,0.6706166719485431,0.6706168405359372
step13000,13000,320,8,0.9516439735889435,0.9516406059265137,0.9516456127166748,1.8362948298454285,1.8362363576889038,1.8363091945648193,15.174327850341797,15.17432689666748,15.174327850341797,3.9707810916597883,0.6706168826827856,0.6706168405359372,0.6706168826827856
step13000,13000,384,8,0.9516439139842987,0.9516392946243286,0.9516492486000061,1.8362866640090942,1.8362634181976318,1.8363226652145386,15.174327373504639,15.17432689666748,15.174328804016113,3.9707810916597883,0.6706168616093614,0.6706168405359372,0.6706169248296342
step13000,13000,448,8,0.9516414701938629,0.951640248298645,0.9516444802284241,1.836279273033142,1.8362442255020142,1.8363107442855835,15.174327850341797,15.174325942993164,15.174328804016113,3.9707810916597883,0.6706168826827856,0.6706167983890886,0.6706169248296342
step13000,13000,512,8,0.9516438543796539,0.9516394138336182,0.9516445398330688,1.8362876772880554,1.8362479209899902,1.8363198041915894,15.174327373504639,15.17432689666748,15.174327850341797,3.9707810916597883,0.6706168616093614,0.6706168405359372,0.6706168826827856
step13000,13000,576,8,0.9516440033912659,0.9516412019729614,0.9516463279724121,1.8362853527069092,1.836254596710205,1.8363226652145386,15.174327850341797,15.17432689666748,15.174328804016113,3.9707810916597883,0.6706168826827856,0.6706168405359372,0.6706169248296342
step13000,13000,640,8,0.951642632484436,0.9516386389732361,0.9516458511352539,1.8362946510314941,1.8362767696380615,1.8363206386566162,15.174327850341797,15.174325942993164,15.174328804016113,3.9707810916597883,0.6706168826827856,0.6706167983890886,0.6706169248296342
step13000,13000,704,8,0.9516438841819763,0.9516425132751465,0.9516445994377136,1.8363065123558044,1.8362632989883423,1.836341142654419,15.174327850341797,15.17432689666748,15.174328804016113,3.9707810916597883,0.6706168826827856,0.6706168405359372,0.6706169248296342
step13000,13000,768,8,0.9516427218914032,0.9516398906707764,0.951647937297821,1.8362854719161987,1.8362480401992798,1.8363124132156372,15.174327850341797,15.174327850341797,15.174328804016113,3.9707810916597883,0.6706168826827856,0.6706168826827856,0.6706169248296342
step13000,13000,832,8,0.9516431391239166,0.9516400694847107,0.9516465663909912,1.836286187171936,1.8362547159194946,1.8363181352615356,15.174327850341797,15.17432689666748,15.174328804016113,3.9707810916597883,0.6706168826827856,0.6706168405359372,0.6706169248296342
step13000,13000,896,8,0.9516425132751465,0.9516397714614868,0.9516443014144897,1.836316466331482,1.836295247077942,1.8363319635391235,15.174327373504639,15.174325942993164,15.174328804016113,3.9707810916597883,0.6706168616093614,0.6706167983890886,0.6706169248296342
step13000,13000,960,8,0.9516434967517853,0.9516384601593018,0.9516456127166748,1.836307168006897,1.8362584114074707,1.8363226652145386,15.174328327178955,15.174325942993164,15.174328804016113,3.9707810916597883,0.6706169037562099,0.6706167983890886,0.6706169248296342
step13000,13000,1024,8,0.9516431391239166,0.9516413807868958,0.9516463875770569,1.8362860679626465,1.8362666368484497,1.8363220691680908,15.174327373504639,15.174325942993164,15.174328804016113,3.9707810916597883,0.6706168616093614,0.6706167983890886,0.6706169248296342
step21000,21000,0,8,13.303533554077148,11.38754940032959,16.343305587768555,91.93213653564453,57.227325439453125,154.30516052246094,272.26356506347656,220.16595458984375,363.3591003417969,3.882896642836313,12.032463320400566,9.7300524673055,16.05835524109548
step21000,21000,64,8,1.0609716773033142,0.996801495552063,1.098291277885437,1.898562252521515,1.8536181449890137,2.9550137519836426,15.849245071411133,15.686288833618164,16.375858306884766,3.882896642836313,0.7004442916676423,0.6932425753688889,0.723717528534267
step21000,21000,128,8,1.0519622564315796,1.0250294208526611,1.1597950458526611,1.918297827243805,1.7636628150939941,3.4504575729370117,15.848785877227783,15.395882606506348,16.7355899810791,3.882896642836313,0.7004239979600844,0.680408312088291,0.7396155726736673
step21000,21000,192,8,1.0399688482284546,1.0138616561889648,1.0564428567886353,1.9075244069099426,1.871130108833313,4.083485126495361,15.948132038116455,15.482131004333496,16.22982406616211,3.882896642836313,0.7048145194631612,0.6842199887739192,0.7172636659154908
step21000,21000,256,8,1.0604206323623657,0.9987484812736511,1.1648112535476685,1.959931194782257,1.8578569889068604,4.407249927520752,16.30909252166748,15.713583946228027,17.19159507751465,3.882896642836313,0.7207668698168678,0.6944488603201192,0.7597683411702423
step21000,21000,320,8,1.053270936012268,1.008408784866333,1.1304998397827148,1.884572684764862,1.8002228736877441,2.101041793823242,15.844820499420166,15.564751625061035,17.34568977355957,3.882896642836313,0.7002487513639761,0.687871338847812,0.7665784289526326
step21000,21000,384,8,1.0376742482185364,1.008567452430725,1.0789010524749756,2.1097041964530945,1.8697034120559692,5.996540069580078,15.985375881195068,15.410412788391113,16.614946365356445,3.882896642836313,0.7064604803380572,0.6810504614722029,0.7342838277496452
step21000,21000,448,8,1.0969313979148865,0.9950788617134094,1.1780345439910889,1.9907983541488647,1.8540573120117188,2.5291051864624023,16.38640785217285,15.59170150756836,17.146209716796875,3.882896642836313,0.7241837569724945,0.6890623666398814,0.7577625726496089
step21000,21000,512,8,1.0481732487678528,0.9750782251358032,1.1055973768234253,2.052788734436035,1.8210657835006714,3.245445728302002,16.02121877670288,15.29533863067627,17.12523078918457,3.882896642836313,0.7080445274924906,0.6759648541434845,0.7568354262760663
step21000,21000,576,8,1.0763760209083557,0.9825191497802734,1.203675627708435,1.9757980108261108,1.7429225444793701,4.40479850769043,15.910632133483887,15.196497917175293,16.80335235595703,3.882896642836313,0.7031572421594401,0.6715966704701184,0.7426102748477603
step21000,21000,640,8,1.0524064302444458,1.0211704969406128,1.117879867553711,1.9660494327545166,1.8501429557800293,2.7288637161254883,16.10102415084839,15.662286758422852,16.575353622436523,3.882896642836313,0.7115714600695793,0.6921818234855667,0.7325340591868669
step21000,21000,704,8,1.0719237327575684,1.028887152671814,1.137941837310791,2.216480255126953,1.8142800331115723,4.376487731933594,16.007315158843994,15.66561508178711,16.664052963256836,3.882896642836313,0.7074300685880502,0.6923289159868697,0.7364540532731682
step21000,21000,768,8,1.0979423522949219,1.0020078420639038,1.1200190782546997,1.9079076647758484,1.7306103706359863,2.685487985610962,16.063865661621094,15.198979377746582,16.96954345703125,3.882896642836313,0.7099292713376251,0.6717063365699437,0.7499549532566627
step21000,21000,832,8,1.034898281097412,0.9977464079856873,1.1048749685287476,1.900193452835083,1.847260594367981,2.1049318313598633,16.014573097229004,15.34000301361084,16.712175369262695,3.882896642836313,0.7077508271786425,0.6779387596466437,0.7385807832490278
step21000,21000,896,8,1.0483927130699158,1.0107773542404175,1.1366652250289917,1.9240445494651794,1.7439886331558228,2.932427406311035,15.81407642364502,15.153757095336914,17.007171630859375,3.882896642836313,0.6988900423351061,0.6697077751604057,0.7516178993115086
step21000,21000,960,8,1.0574204325675964,1.0053678750991821,1.0882376432418823,2.004023849964142,1.8316620588302612,4.978938579559326,15.827453136444092,15.448174476623535,16.91910743713379,3.882896642836313,0.6994812151057442,0.6827193080858404,0.7477259750263157
step21000,21000,1024,8,1.0259767770767212,0.9940625429153442,1.0587338209152222,1.884045422077179,1.7452082633972168,3.110013008117676,15.719926357269287,15.134416580200195,16.320768356323242,3.882896642836313,0.6947291579361409,0.6688530370726047,0.7212828736831867
step25000,25000,0,8,12.773014545440674,10.447225570678711,18.2813720703125,113.96505737304688,91.15005493164062,236.9123992919922,272.17494201660156,232.14552307128906,380.0868225097656,3.9027166215200273,12.028546698062145,10.259479599112913,16.797623102268933
step25000,25000,64,8,1.0298246145248413,0.9957147240638733,1.1084074974060059,1.8346784114837646,1.7818219661712646,2.7067794799804688,15.443423748016357,15.232789039611816,15.996726036071777,3.9027166215200273,0.6825093535599833,0.673200526643352,0.7069620910556096
step25000,25000,128,8,1.0438705682754517,0.9940942525863647,1.078967571258545,1.8669049739837646,1.8167579174041748,2.0707664489746094,15.800429344177246,15.088081359863281,16.25796890258789,3.9027166215200273,0.6982869209329152,0.6668052902908544,0.7185075037087443
step25000,25000,192,8,1.0229641795158386,1.0089749097824097,1.0694835186004639,1.9028825759887695,1.75373375415802,2.372183084487915,15.452236652374268,15.202253341674805,16.082672119140625,3.9027166215200273,0.6828988325870725,0.6718510267008816,0.7107604071902599
step25000,25000,256,8,1.0131743550300598,0.9896851778030396,1.0543826818466187,1.867103099822998,1.8003605604171753,3.164191961288452,15.629018783569336,15.397546768188477,16.094188690185547,3.9027166215200273,0.6907115728221127,0.6804818583389425,0.7112693725328774
step25000,25000,320,8,1.0431606769561768,0.9943154454231262,1.12420654296875,1.886334240436554,1.7737771272659302,2.0105741024017334,15.896971702575684,14.894943237304688,16.82408332824707,3.9027166215200273,0.70255353070137,0.6582697105304282,0.7435264630406901
step25000,25000,384,8,1.0119505524635315,0.9807333946228027,1.1283950805664062,1.8602778315544128,1.72020423412323,3.036594867706299,15.443957328796387,14.816181182861328,16.935365676879883,3.9027166215200273,0.6825329347217252,0.6547888866056104,0.7484444944997294
step25000,25000,448,8,1.019028902053833,0.985828161239624,1.0645506381988525,1.8458614349365234,1.8095165491104126,2.4135069847106934,15.618453025817871,15.137287139892578,16.03175926208496,3.9027166215200273,0.6902446278874604,0.6689798990866225,0.7085103555356572
step25000,25000,512,8,1.0383590459823608,0.9906005859375,1.0757683515548706,1.9727783203125,1.8494327068328857,2.9774768352508545,15.863688945770264,15.335840225219727,16.463476181030273,3.9027166215200273,0.7010826267617641,0.6777547886528936,0.7275897280943568
step25000,25000,576,8,1.0198460221290588,0.9970112442970276,1.0859124660491943,2.0531961917877197,1.7865036725997925,3.0723657608032227,15.676236629486084,15.00551986694336,16.92552947998047,3.9027166215200273,0.6927983265121598,0.6631565533215693,0.748009791904188
step25000,25000,640,8,1.0027415752410889,0.9893189072608948,1.1085141897201538,1.9187059998512268,1.7328474521636963,3.1705613136291504,15.395509719848633,14.836699485778809,16.768207550048828,3.9027166215200273,0.6803918326705233,0.6556956760513224,0.7410570791864369
step25000,25000,704,8,1.0088555216789246,0.9837801456451416,1.099104881286621,1.8407526016235352,1.799560546875,2.502990245819092,15.566790580749512,15.26819133758545,16.856277465820312,3.9027166215200273,0.6879614488099284,0.6747651019537734,0.7449492563527209
step25000,25000,768,8,1.0167754888534546,0.9888883233070374,1.0518264770507812,2.0716482996940613,1.7258402109146118,3.008043050765991,15.716261863708496,14.833876609802246,15.837993621826172,3.9027166215200273,0.6945672086707377,0.65557092137973,0.6999470431489109
step25000,25000,832,8,1.0079752802848816,0.9930855631828308,1.024287223815918,1.8560264706611633,1.7708052396774292,2.130986452102661,15.569683074951172,14.991815567016602,16.033113479614258,3.9027166215200273,0.6880892802014619,0.6625509031084678,0.7085702040605427
step25000,25000,896,8,1.003553867340088,0.9910450577735901,1.084555983543396,2.4366153478622437,1.804369330406189,3.119203567504883,15.548919677734375,15.260031700134277,16.86363410949707,3.9027166215200273,0.6871716590156827,0.6744044935179142,0.745274377142134
step25000,25000,960,8,1.002094805240631,0.9846565127372742,1.0304352045059204,1.8828713297843933,1.7433580160140991,2.715745687484741,15.289243221282959,14.85807991027832,15.93115520477295,3.9027166215200273,0.6756954725612271,0.6566405662480881,0.7040642423393946
step25000,25000,1024,8,1.0082701444625854,0.9875128865242004,1.113275170326233,1.8411222696304321,1.7276594638824463,2.842064142227173,15.523540496826172,14.815739631652832,16.93935203552246,3.9027166215200273,0.6860500470831108,0.6547693726147499,0.7486206683265049
step27000,27000,0,8,13.18568229675293,11.846351623535156,16.801328659057617,,,,,,,3.883779397086492,12.050403042175532,10.844258692831865,14.701469484892117
step27000,27000,64,8,1.034903645515442,0.9738011360168457,1.059157133102417,,,,,,,3.883779397086492,0.6858349084948869,0.6695324442706003,0.6969891351735678
step27000,27000,128,8,1.0799483060836792,0.9878809452056885,1.140742301940918,,,,,,,3.883779397086492,0.7209754545701482,0.6728043462673495,0.7475504755491162
step27000,27000,192,8,1.0463436841964722,0.9905575513839722,1.0882216691970825,,,,,,,3.883779397086492,0.6862235445850059,0.6756047936166559,0.7309876913150022
step27000,27000,256,8,0.9944116175174713,0.9787257313728333,1.1303914785385132,,,,,,,3.883779397086492,0.6800138386596533,0.6707222919509114,0.7143106048277265
step27000,27000,320,8,1.0236674547195435,1.0031534433364868,1.1125080585479736,,,,,,,3.883779397086492,0.6961635205580878,0.6785848708343157,0.729458940825815
step27000,27000,384,8,1.0006168484687805,0.9840868711471558,1.0488048791885376,,,,,,,3.883779397086492,0.6755025242887442,0.669028115081319,0.7032040673081357
step27000,27000,448,8,1.0094162225723267,0.9919084906578064,1.0315228700637817,,,,,,,3.883779397086492,0.6826352461964853,0.6785084164511169,0.6931080426284422
step27000,27000,512,8,1.0370060205459595,0.9877371191978455,1.054565668106079,,,,,,,3.883779397086492,0.69549564052316,0.6753527976094092,0.7096650948911587
step27000,27000,576,8,1.0160152316093445,1.0018393993377686,1.0447344779968262,,,,,,,3.883779397086492,0.6895766214119871,0.6832170623667541,0.6922992867523665
step27000,27000,640,8,1.0252660512924194,0.9899482727050781,1.045661211013794,,,,,,,3.883779397086492,0.6943629018225812,0.6757227204987893,0.6988810650563733
step27000,27000,704,8,1.016397774219513,0.9993524551391602,1.0338289737701416,,,,,,,3.883779397086492,0.686132233437707,0.6809584127550552,0.6995163023571295
step27000,27000,768,8,1.0066009759902954,0.9911980032920837,1.0331088304519653,,,,,,,3.883779397086492,0.6809743231903681,0.6735609243449686,0.6884423022045891
step27000,27000,832,8,1.005407691001892,0.9916269779205322,1.0460659265518188,,,,,,,3.883779397086492,0.6831883814363424,0.6770496297304579,0.698415932436207
step27000,27000,896,8,1.017370879650116,0.9963376522064209,1.0270016193389893,,,,,,,3.883779397086492,0.6864520858710561,0.6739740056072239,0.6884334513664019
step27000,27000,960,8,1.0256194472312927,0.9982290863990784,1.0357813835144043,,,,,,,3.883779397086492,0.6886214263107604,0.6824813891259963,0.6919650200968267
step27000,27000,1024,8,1.0068029761314392,0.9936506748199463,1.0293959379196167,,,,,,,3.883779397086492,0.6786716933422481,0.672730800016698,0.6922270470540189
step28000,28000,0,8,14.878649711608887,13.082818031311035,18.4786434173584,,,,,,,3.941887537638346,13.619721053166174,12.483541821049744,19.287127524826527
step28000,28000,64,8,1.0336426496505737,0.9897060990333557,1.0515320301055908,,,,,,,3.941887537638346,0.6896420754677245,0.6704427319047386,0.7008492385881351
step28000,28000,128,8,0.9908232688903809,0.9566135406494141,0.9988675713539124,,,,,,,3.941887537638346,0.669380378441173,0.6663989946712094,0.6750624901168663
step28000,28000,192,8,0.9852996170520782,0.978062093257904,0.9907813668251038,,,,,,,3.941887537638346,0.6684191984874579,0.6678408805056156,0.670732491488251
step28000,28000,256,8,0.9853831827640533,0.9832900762557983,0.9878270626068115,,,,,,,3.941887537638346,0.6683908125849858,0.6677112367995961,0.668753654803816
step28000,28000,320,8,0.985641747713089,0.9847376346588135,0.9866252541542053,,,,,,,3.941887537638346,0.6684753591630985,0.6682286736587644,0.6686624068767899
step28000,28000,384,8,0.9856181442737579,0.9851207137107849,0.9858434200286865,,,,,,,3.941887537638346,0.6683637121613932,0.6683372439405284,0.6685043140480256
step28000,28000,448,8,0.9856057465076447,0.9855301380157471,0.9857955574989319,,,,,,,3.941887537638346,0.6684311049721622,0.6683701184823669,0.6684412202158048
step28000,28000,512,8,0.9855960011482239,0.985527753829956,0.9856366515159607,,,,,,,3.941887537638346,0.6684064701392075,0.6683981882834752,0.6684271431684021
step28000,28000,576,8,0.9856097102165222,0.985579252243042,0.9856253266334534,,,,,,,3.941887537638346,0.6684110219988467,0.6684050582197825,0.6684164800157288
step28000,28000,640,8,0.9855959117412567,0.9855937957763672,0.9856104850769043,,,,,,,3.941887537638346,0.6684110219988467,0.6684086407019059,0.668412939680454
step28000,28000,704,8,0.985600620508194,0.9855976104736328,0.9856036901473999,,,,,,,3.941887537638346,0.6684108534114527,0.6684100315479067,0.6684117174218471
step28000,28000,768,8,0.9855998456478119,0.9855982661247253,0.9856047630310059,,,,,,,3.941887537638346,0.6684108534114527,0.6684106637506344,0.6684112538065136
step28000,28000,832,8,0.9855996370315552,0.9855988621711731,0.9856019616127014,,,,,,,3.941887537638346,0.6684108744848769,0.6684107480443314,0.6684109587785739
step28000,28000,896,8,0.9856005012989044,0.9855997562408447,0.985601544380188,,,,,,,3.941887537638346,0.6684108744848769,0.6684108323380284,0.6684110009254225
step28000,28000,960,8,0.985601007938385,0.9855996370315552,0.9856023192405701,,,,,,,3.941887537638346,0.6684108744848769,0.6684108323380284,0.6684109587785739
step28000,28000,1024,8,0.9856006503105164,0.9856000542640686,0.9856016635894775,,,,,,,3.941887537638346,0.6684109166317255,0.6684108744848769,0.6684109166317255
step29000,29000,0,8,13.747248649597168,11.779169082641602,15.68380355834961,109.47756576538086,75.67034149169922,163.1805877685547,271.32591247558594,203.03533935546875,337.13800048828125,3.8585372425260998,11.991024538944655,8.972979079922741,14.899535396308577
step29000,29000,64,8,0.999291867017746,0.9880064129829407,1.035046935081482,1.8306618928909302,1.785217523574829,1.8386069536209106,15.453161239624023,15.067914962768555,15.542265892028809,3.8585372425260998,0.6829396939567038,0.665914053032243,0.6868776004536222
step29000,29000,128,8,1.0139324069023132,0.9862223863601685,1.0322699546813965,1.8585515022277832,1.8025873899459839,1.8709704875946045,15.61629867553711,15.26174545288086,15.7120943069458,3.8585372425260998,0.6901494181566744,0.6744802314046883,0.6943830269427451
step29000,29000,192,8,0.9973321557044983,0.9851623773574829,1.0263603925704956,1.837676227092743,1.774186372756958,1.8701677322387695,15.500061988830566,15.11727523803711,15.714336395263672,3.8585372425260998,0.6850124338196211,0.6680954896174699,0.6944821141835943
step29000,29000,256,8,0.9915237724781036,0.9643510580062866,1.0182732343673706,1.8051265478134155,1.7542550563812256,1.8615565299987793,15.323156356811523,14.922183990478516,15.651358604431152,3.8585372425260998,0.6771942355676988,0.6594735931112934,0.6916988627484804
step29000,29000,320,8,0.9841017425060272,0.9402384161949158,0.9987355470657349,1.7744085788726807,1.7442326545715332,1.839061975479126,15.121771812438965,14.789142608642578,15.5110445022583,3.8585372425260998,0.6682942120081988,0.6535939391566296,0.6854977969270726
step29000,29000,384,8,0.963114857673645,0.9400245547294617,0.992217481136322,1.7540541291236877,1.7437933683395386,1.8059920072555542,14.917280197143555,14.780896186828613,15.329169273376465,3.8585372425260998,0.6592568740162503,0.6532294953575559,0.67745997144756
step29000,29000,448,8,0.9521353840827942,0.9396265745162964,0.9845122694969177,1.7538028955459595,1.7438035011291504,1.7764719724655151,14.886415004730225,14.782195091247559,15.126778602600098,3.8585372425260998,0.6578928123376195,0.6532868993652278,0.668515482962881
step29000,29000,512,8,0.9546624720096588,0.9394999742507935,1.011139154434204,1.7536399364471436,1.7437126636505127,1.8108692169189453,14.908910751342773,14.780563354492188,15.358663558959961,3.8585372425260998,0.6588869932737187,0.6532147861074256,0.6787634470314563
step29000,29000,576,8,0.969802588224411,0.939593493938446,1.0435681343078613,1.7773430943489075,1.7438398599624634,1.8481372594833374,15.067385196685791,14.782500267028809,15.614537239074707,3.8585372425260998,0.6658906404578953,0.6533003863567513,0.6900715729274748
step29000,29000,640,8,1.012032151222229,0.9411416053771973,1.0454154014587402,1.8118723034858704,1.7503221035003662,1.870579719543457,15.366535186767578,14.840946197509766,15.71785831451416,3.8585372425260998,0.6791113271190653,0.6558833559677414,0.694637762495145
step29000,29000,704,8,1.034400224685669,0.9691532254219055,1.04518461227417,1.8488444089889526,1.776598334312439,1.874062418937683,15.617991924285889,15.060937881469727,15.733702659606934,3.8585372425260998,0.6902242498862055,0.6656057066885374,0.695337990236305
step29000,29000,768,8,1.032875657081604,1.011326789855957,1.0453827381134033,1.8694509863853455,1.8110238313674927,1.873752236366272,15.712607383728027,15.35997486114502,15.731257438659668,3.8585372425260998,0.694405701947244,0.6788213989481588,0.695229925716723
step29000,29000,832,8,1.0325117707252502,1.0148597955703735,1.0448437929153442,1.8697781562805176,1.8482766151428223,1.8742166757583618,15.709789276123047,15.615288734436035,15.733870506286621,3.8585372425260998,0.6942811580098943,0.6901047846441013,0.6953454080816429
step29000,29000,896,8,1.024972140789032,0.9903220534324646,1.0391671657562256,1.8692204356193542,1.8312995433807373,1.8732916116714478,15.709951400756836,15.468083381652832,15.731905937194824,3.8585372425260998,0.6942883229741412,0.6835991656953537,0.6952585855737105
step29000,29000,960,8,1.0143513679504395,0.9895419478416443,1.0327175855636597,1.8569679260253906,1.7975481748580933,1.8740596771240234,15.620161056518555,15.280314445495605,15.733689308166504,3.8585372425260998,0.6903201128931435,0.6753008726920439,0.6953374001804259
step29000,29000,1024,8,0.9922636151313782,0.9803454279899597,1.0251379013061523,1.8304013013839722,1.7686717510223389,1.8694075345993042,15.463228225708008,15.073776245117188,15.711533546447754,3.8585372425260998,0.6833845960895848,0.666173087563191,0.6943582445958207
step33000,33000,0,8,13.128987789154053,12.00053882598877,17.886075973510742,106.62162017822266,75.06915283203125,189.69955444335938,286.9147033691406,268.657470703125,391.7677917480469,3.8664497042459156,12.679958273402882,11.87309495941287,17.313853887220194
step33000,33000,64,8,1.0605531334877014,0.999631404876709,1.0978251695632935,2.216586947441101,1.9889768362045288,2.562091588973999,16.00990343093872,15.440086364746094,16.511096954345703,3.8664497042459156,0.7075444551349088,0.6823618606636195,0.7296942888278999
step33000,33000,128,8,1.04389226436615,1.0100737810134888,1.2303498983383179,2.173222064971924,1.9611351490020752,7.411116123199463,15.739317417144775,15.320328712463379,17.664737701416016,3.8664497042459156,0.6955861298069129,0.6770692701618639,0.7806784885345581
step33000,33000,192,8,1.0542676448822021,1.025341272354126,1.0734020471572876,2.1163207292556763,1.8745964765548706,2.2872843742370605,15.94021224975586,15.029966354370117,16.185815811157227,3.8664497042459156,0.7044645109597025,0.6642369456362975,0.7153187574441071
step33000,33000,256,8,1.0380133390426636,0.9734213948249817,1.0998501777648926,2.0830020904541016,1.824632167816162,2.3772144317626953,15.936251640319824,14.954888343811035,16.630884170532227,3.8664497042459156,0.7042894750978368,0.6609189349872774,0.7349881858819592
step33000,33000,320,8,1.0026991069316864,0.9698616862297058,1.1118888854980469,2.0598304271698,1.8327566385269165,2.505892276763916,15.381536960601807,14.80937385559082,16.343791961669922,3.8664497042459156,0.6797743181195659,0.6544880424009397,0.7223003828999367
step33000,33000,384,8,1.0523462295532227,0.9868104457855225,1.110787034034729,2.1673046350479126,1.8159348964691162,2.3354694843292236,15.761476993560791,15.071029663085938,16.235754013061523,3.8664497042459156,0.696565453978912,0.6660517046394796,0.7175257350195315
step33000,33000,448,8,1.0440071821212769,1.0211405754089355,1.0796629190444946,2.0819013118743896,1.8346391916275024,2.377340078353882,15.70712661743164,14.998912811279297,16.218048095703125,3.8664497042459156,0.694163484008852,0.6628645599550859,0.7167432366300783
step33000,33000,512,8,1.0421444773674011,0.9911550879478455,1.0977131128311157,2.0809394121170044,1.8550812005996704,2.334895610809326,15.677186489105225,15.148543357849121,16.27481460571289,3.8664497042459156,0.6928403047732766,0.6694773583395967,0.7192519856408407
step33000,33000,576,8,1.0475900769233704,1.0251810550689697,1.1017025709152222,2.1162898540496826,1.8167115449905396,2.205474853515625,15.77681016921997,15.06199836730957,16.371225357055664,3.8664497042459156,0.6972430910092702,0.6656525739840815,0.7235127791442011
step33000,33000,640,8,1.0372444987297058,1.0217969417572021,1.0970369577407837,2.236879825592041,1.8454046249389648,2.3739688396453857,16.03004550933838,15.369844436645508,16.542438507080078,3.8664497042459156,0.7084346176488832,0.679257576683398,0.7310794028573618
step33000,33000,704,8,1.0688427686691284,0.992659866809845,1.1005280017852783,2.116447687149048,1.8746566772460938,2.271519660949707,15.805210590362549,15.245168685913086,16.553272247314453,3.8664497042459156,0.6984982241579246,0.6737476348838719,0.7315581910564456
step33000,33000,768,8,1.0294662117958069,0.9816864132881165,1.0547809600830078,2.127187967300415,1.9003136157989502,2.41489839553833,15.640103816986084,15.236361503601074,16.438772201538086,3.8664497042459156,0.6912014667157791,0.6733584087378738,0.7264979561305307
step33000,33000,832,8,1.039579689502716,0.9826527237892151,1.2063032388687134,2.0755831599235535,1.904209852218628,6.669867515563965,15.76331901550293,15.102619171142578,17.354785919189453,3.8664497042459156,0.6966468606168108,0.6674477768495545,0.7669804255937295
step33000,33000,896,8,1.0508783459663391,1.0281901359558105,1.0814850330352783,2.1383320093154907,1.850644588470459,7.232814788818359,15.901830673217773,15.223721504211426,16.47049331665039,3.8664497042459156,0.702768268894533,0.6727997944077104,0.7278998446057
step33000,33000,960,8,1.0029415488243103,0.9743965268135071,1.0960729122161865,2.0290563106536865,1.8512277603149414,2.4633748531341553,15.4431471824646,15.229872703552246,16.48491096496582,3.8664497042459156,0.6824971309739152,0.6730716415806056,0.7285370206614877
step33000,33000,1024,8,1.0447542667388916,1.0001078844070435,1.0788116455078125,2.050652265548706,1.852133870124817,2.2409491539001465,15.681219577789307,15.181831359863281,15.962896347045898,3.8664497042459156,0.6930185437956292,0.6709484940868694,0.7054670158983827
step37000,37000,0,8,14.249178886413574,10.190884590148926,18.541349411010742,106.52007675170898,73.41206359863281,206.48439025878906,283.14739990234375,235.99554443359375,402.5957946777344,3.8441898406498014,12.513465409142903,10.429628112425332,17.792388530863306
step37000,37000,64,8,1.016421914100647,0.9734359383583069,1.0271540880203247,2.1881405115127563,2.110377311706543,2.2649760246276855,15.559110164642334,15.392446517944336,15.874238967895508,3.8441898406498014,0.6876220191654459,0.6802564569931062,0.7015488762734159
step37000,37000,128,8,1.0011303424835205,0.9666176438331604,1.0242595672607422,2.23594868183136,2.2084336280822754,2.250657796859741,15.510982513427734,15.348719596862793,15.648714065551758,3.8441898406498014,0.6854950573819193,0.6783239818420332,0.6915819895375597
step37000,37000,192,8,1.0203508734703064,1.01556396484375,1.039239764213562,2.2781251668930054,2.250991106033325,2.371469736099243,15.711175441741943,15.536898612976074,16.185279846191406,3.8441898406498014,0.694342418454205,0.6866403979902028,0.7152950709152439
step37000,37000,256,8,1.0093260407447815,0.9782833456993103,1.0484925508499146,2.289968490600586,2.1484272480010986,2.3824915885925293,15.968594074249268,15.357514381408691,16.25650978088379,3.8441898406498014,0.705718822244811,0.6787126600790008,0.7184430190305227
step37000,37000,320,8,1.0207712054252625,0.9704229831695557,1.041261076927185,2.2436766624450684,2.1737241744995117,2.27400541305542,15.558495044708252,15.318929672241211,15.847114562988281,3.8441898406498014,0.6875948344481563,0.6770074407350984,0.700350135608069
step37000,37000,384,8,1.03575599193573,1.0230594873428345,1.0864417552947998,2.2765190601348877,2.2394211292266846,2.316681146621704,15.829771041870117,15.642013549804688,16.606592178344727,3.8441898406498014,0.69958365302105,0.6912858657799221,0.7339146213566897
step37000,37000,448,8,1.046549141407013,0.9845376014709473,1.0705592632293701,2.2929627895355225,2.2167787551879883,2.368629217147827,15.995196342468262,15.296537399291992,16.554363250732422,3.8441898406498014,0.7068944875105981,0.6760178327320626,0.7316064070511421
step37000,37000,512,8,1.0027571320533752,0.9858075976371765,1.0606287717819214,2.260580062866211,2.225431203842163,2.3469619750976562,15.47182035446167,15.352812767028809,15.96887493133545,3.8441898406498014,0.6837643181212437,0.678504876115842,0.7057312344916974
step37000,37000,576,8,1.0347399711608887,0.9776030778884888,1.0541174411773682,2.2760783433914185,2.0182440280914307,2.3372323513031006,15.740529537200928,15.264707565307617,16.402908325195312,3.8441898406498014,0.6956396984513702,0.674611139516163,0.72491298174543
step37000,37000,640,8,1.0393232703208923,1.0071595907211304,1.0763412714004517,2.2344560623168945,2.0509889125823975,2.3114140033721924,15.777812957763672,15.561211585998535,16.588159561157227,3.8441898406498014,0.6972874084204794,0.6877148897461396,0.7331000070686712
step37000,37000,704,8,1.0289036631584167,0.9999683499336243,1.0808213949203491,2.252190351486206,2.2217516899108887,2.3032236099243164,15.724155902862549,15.408049583435059,16.669198989868164,3.8441898406498014,0.6949160792092867,0.680946021581593,0.7366814776677328
step37000,37000,768,8,1.0272496342658997,0.9846416711807251,1.0484318733215332,2.3148398399353027,2.2232253551483154,2.3878257274627686,15.833134651184082,15.496391296386719,16.263172149658203,3.8441898406498014,0.6997323049557478,0.6848502105997026,0.7187374569142198
step37000,37000,832,8,1.0102877616882324,0.9824443459510803,1.0452450513839722,2.2329384088516235,2.1258983612060547,2.2729854583740234,15.443746566772461,15.296669006347656,16.104658126831055,3.8441898406498014,0.6825236202682042,0.6760236489971572,0.71173206063583
step37000,37000,896,8,1.038732886314392,1.0118542909622192,1.045944333076477,2.2949647903442383,2.243624448776245,2.3604135513305664,15.89198350906372,15.69039535522461,16.156742095947266,3.8441898406498014,0.7023330816102338,0.6934240596985768,0.714033868620404
step37000,37000,960,8,1.034953773021698,0.9967107176780701,1.0898061990737915,2.241494059562683,2.177579641342163,2.3431544303894043,15.896949291229248,15.64913558959961,16.717975616455078,3.8441898406498014,0.70255254025043,0.6916006184446015,0.738837120381671
step37000,37000,1024,8,1.0061830878257751,0.9706710577011108,1.0388513803482056,2.258693814277649,2.210440158843994,2.288580894470215,15.521363258361816,15.366849899291992,15.829904556274414,3.8441898406498014,0.6859538258279604,0.6791252355790739,0.6995895535798414
step39000,39000,0,8,14.552635192871094,11.859492301940918,17.81764793395996,,,,,,,3.849399899679517,13.67520586194422,12.767913688623295,16.444605145239144
step39000,39000,64,8,1.0434507131576538,1.011381983757019,1.0779695510864258,,,,,,,3.849399899679517,0.6917901949692035,0.6664446397081467,0.7104067108375565
step39000,39000,128,8,1.033152997493744,0.9744288921356201,1.0745199918746948,,,,,,,3.849399899679517,0.683178540147215,0.6672042945057071,0.7225522524666378
step39000,39000,192,8,1.017598032951355,0.9587649703025818,1.0503487586975098,,,,,,,3.849399899679517,0.6777612792675644,0.6654565068448088,0.7048574881752181
step39000,39000,256,8,0.9932056665420532,0.9520746469497681,1.0340389013290405,,,,,,,3.849399899679517,0.6788202820566733,0.6684266795530686,0.6995715568755273
step39000,39000,320,8,0.9671596586704254,0.9458848834037781,1.0375999212265015,,,,,,,3.849399899679517,0.6738729374644947,0.6707983670124735,0.6961577885866904
step39000,39000,384,8,0.9715031087398529,0.9652084112167358,0.9922419786453247,,,,,,,3.849399899679517,0.6741801247698664,0.6729003567882573,0.6789668055755214
step39000,39000,448,8,0.9722929894924164,0.971047580242157,0.9753825664520264,,,,,,,3.849399899679517,0.6743902478831174,0.6741425930012674,0.6748220423461115
step39000,39000,512,8,0.9724887609481812,0.9722720980644226,0.9727070331573486,,,,,,,3.849399899679517,0.674417685481498,0.6743800904926264,0.6744209729356819
step39000,39000,576,8,0.972497284412384,0.9724743962287903,0.9725012183189392,,,,,,,3.849399899679517,0.6744165264431641,0.674405631482824,0.6744183598310742
step39000,39000,640,8,0.9724971950054169,0.9724854230880737,0.9724990129470825,,,,,,,3.849399899679517,0.6744164632228913,0.6744131336218588,0.6744169268382249
step39000,39000,704,8,0.9724973440170288,0.9724947810173035,0.9724990725517273,,,,,,,3.849399899679517,0.67441635785577,0.6744157467264665,0.6744164632228913
step39000,39000,768,8,0.9724968075752258,0.9724944233894348,0.9725011587142944,,,,,,,3.849399899679517,0.6744163157089215,0.6744162946354972,0.6744164210760427
step39000,39000,832,8,0.9724974930286407,0.9724966287612915,0.9724989533424377,,,,,,,3.849399899679517,0.6744162946354972,0.6744162524886487,0.6744164210760427
step39000,39000,896,8,0.9724981188774109,0.9724947214126587,0.9725000858306885,,,,,,,3.849399899679517,0.6744163367823457,0.6744162946354972,0.6744164210760427
step39000,39000,960,8,0.9724972546100616,0.9724948406219482,0.9724994897842407,,,,,,,3.849399899679517,0.6744163157089215,0.6744162524886487,0.6744164210760427
step39000,39000,1024,8,0.9724989831447601,0.9724956750869751,0.9724993109703064,,,,,,,3.849399899679517,0.6744163367823457,0.6744162524886487,0.6744164210760427
step40000,40000,0,8,14.947347640991211,13.926376342773438,16.79497718811035,,,,,,,3.8590780893961587,13.71215347522281,12.693122925828956,15.939743894142184
step40000,40000,64,8,1.0567735433578491,1.0160759687423706,1.097590684890747,,,,,,,3.8590780893961587,0.6945678830203139,0.6823947352054579,0.7144582030912117
step40000,40000,128,8,1.031541645526886,1.0058754682540894,1.049288272857666,,,,,,,3.8590780893961587,0.6890490482357519,0.6671833475219971,0.6996522259435771
step40000,40000,192,8,1.042025864124298,0.986689031124115,1.0910630226135254,,,,,,,3.8590780893961587,0.6780372779050379,0.6691349573422941,0.7018195011877043
step40000,40000,256,8,1.0482051968574524,1.034058690071106,1.063868761062622,,,,,,,3.8590780893961587,0.6913597702787859,0.6694863777651779,0.7031733001087228
step40000,40000,320,8,1.0418431758880615,0.9811624884605408,1.0684274435043335,,,,,,,3.8590780893961587,0.685956017464083,0.6572663205079293,0.6957277221444852
step40000,40000,384,8,1.0267630815505981,0.9939505457878113,1.0536123514175415,,,,,,,3.8590780893961587,0.6767568987941255,0.6653173800978743,0.6926116370466808
step40000,40000,448,8,1.0073114335536957,0.9837777018547058,1.0627144575119019,,,,,,,3.8590780893961587,0.6779900734347057,0.6632464946962916,0.695570303665297
step40000,40000,512,8,1.0277349352836609,0.9942092299461365,1.06236732006073,,,,,,,3.8590780893961587,0.6850344344745438,0.6624103855155324,0.6936102223284494
step40000,40000,576,8,1.0244470834732056,0.9925623536109924,1.033093810081482,,,,,,,3.8590780893961587,0.6881374961961584,0.6632793270912816,0.6958199815958755
step40000,40000,640,8,1.013514757156372,0.9915587902069092,1.033177137374878,,,,,,,3.8590780893961587,0.6710308068820112,0.6631848338569202,0.6904500516271026
step40000,40000,704,8,1.0061502754688263,0.9913612604141235,1.0440293550491333,,,,,,,3.8590780893961587,0.68355200337187,0.6642195811347111,0.7046879735505073
step40000,40000,768,8,1.0032978951931,0.993905246257782,1.040118932723999,,,,,,,3.8590780893961587,0.6808586090177814,0.6646654947919564,0.7026646719408933
step40000,40000,832,8,1.0274780988693237,0.9871587753295898,1.0419995784759521,,,,,,,3.8590780893961587,0.6874033613153714,0.6650166201869006,0.7040900362106832
step40000,40000,896,8,1.0227676033973694,0.9918196201324463,1.0436291694641113,,,,,,,3.8590780893961587,0.6744297394801722,0.6650756679216644,0.7032851156978221
step40000,40000,960,8,1.0259296298027039,0.9939838647842407,1.05973219871521,,,,,,,3.8590780893961587,0.6927432616545803,0.6694085746828268,0.704547540251269
step40000,40000,1024,8,1.0269880890846252,0.9921254515647888,1.063125491142273,,,,,,,3.8590780893961587,0.6814364844577143,0.6676022029024984,0.705652082710194
step41000,41000,0,8,16.27837896347046,11.010245323181152,18.80634307861328,122.69356536865234,90.5458984375,213.12030029296875,331.3900451660156,210.0915985107422,411.14306640625,3.8669490814208984,14.645509259662868,9.28482462357921,18.170128143355647
step41000,41000,64,8,0.9999987483024597,0.9843763113021851,1.06364905834198,2.058461010456085,1.8518787622451782,4.479974746704102,15.19339895248413,14.9444580078125,15.852804183959961,3.8669490814208984,0.6714597142858822,0.6604579749051138,0.700601583706285
step41000,41000,128,8,1.024901568889618,0.9794316291809082,1.068280816078186,2.0094338059425354,1.8609511852264404,4.315201282501221,15.326606750488281,14.821484565734863,15.903430938720703,3.8669490814208984,0.6773467228656112,0.6550232652301795,0.7028389913063343
step41000,41000,192,8,1.0069897174835205,0.9933637380599976,1.1739422082901,1.98101145029068,1.8487149477005005,4.919734477996826,15.21899127960205,15.106281280517578,16.186277389526367,3.8669490814208984,0.6725907460390963,0.6676096207478364,0.7153391565187863
step41000,41000,256,8,1.0121381878852844,0.9831268787384033,1.0780940055847168,2.1898447275161743,1.8758950233459473,4.402805805206299,15.248777866363525,14.836590766906738,16.091976165771484,3.8669490814208984,0.6739071396320614,0.6556908713105921,0.7111715918443321
step41000,41000,320,8,1.016083002090454,0.9675998091697693,1.0709692239761353,2.116927981376648,1.915725588798523,2.2442879676818848,15.113067626953125,14.76172161102295,15.450098037719727,3.8669490814208984,0.6679095377218398,0.6523820908213959,0.6828043182792868
step41000,41000,384,8,0.9950592219829559,0.9709713459014893,1.065050482749939,2.0719213485717773,1.8692799806594849,2.2119321823120117,15.012531280517578,14.760002136230469,15.46182632446289,3.8669490814208984,0.6634664169518214,0.6523061000535307,0.6833226402222738
step41000,41000,448,8,1.0081853866577148,0.9738736152648926,1.0798768997192383,2.0521093606948853,1.939942479133606,4.412595748901367,15.134016990661621,14.839406967163086,16.106359481811523,3.8669490814208984,0.6688353775430786,0.6558153309542448,0.7118072506135734
step41000,41000,512,8,1.0436651706695557,0.9794812798500061,1.1385276317596436,2.1702256202697754,1.973156213760376,4.4623894691467285,15.472589015960693,14.820999145507812,16.091432571411133,3.8669490814208984,0.6837982884811435,0.6550018124842875,0.7111475681406809
step41000,41000,576,8,1.0050408840179443,0.98467618227005,1.1707279682159424,2.0619211196899414,1.8713024854660034,4.452796936035156,15.216867446899414,14.808652877807617,16.0918025970459,3.8669490814208984,0.6724968850074626,0.6544561793834655,0.7111639211179032
step41000,41000,640,8,1.0103857517242432,0.9763780832290649,1.0813004970550537,1.9374750256538391,1.85392427444458,4.4124603271484375,15.146104335784912,14.832843780517578,16.107236862182617,3.8669490814208984,0.6693695677745299,0.6555252763427928,0.7118460257142034
step41000,41000,704,8,1.0108498334884644,0.982573390007019,1.0687965154647827,2.0000513792037964,1.8444786071777344,2.2210445404052734,15.190866470336914,15.021944999694824,15.540831565856934,3.8669490814208984,0.6713477933296615,0.6638824484934724,0.6868142115934618
step41000,41000,768,8,1.01401948928833,0.986137866973877,1.0915852785110474,2.1832432746887207,1.8714860677719116,4.428869247436523,15.228888511657715,14.818765640258789,16.093994140625,3.8669490814208984,0.6730281460329424,0.654903104565075,0.7112607745757812
step41000,41000,832,8,1.0083048343658447,0.9672166705131531,1.0697427988052368,2.1087636947631836,1.9305016994476318,2.2435052394866943,15.108450412750244,14.758570671081543,15.35892391204834,3.8669490814208984,0.6677054837547743,0.6522428376339159,0.6787749531210998
step41000,41000,896,8,0.9992415010929108,0.9693841934204102,1.068635106086731,2.0619704723358154,1.8663052320480347,2.220639228820801,15.034059524536133,14.763640403747559,15.441171646118164,3.8669490814208984,0.6644178399101063,0.6524668902805998,0.6824098237772248
step41000,41000,960,8,1.0049110054969788,0.9806245565414429,1.0854740142822266,2.042617678642273,1.9543190002441406,4.420877933502197,15.134938716888428,14.819795608520508,16.096908569335938,3.8669490814208984,0.6688761124721645,0.6549486231614667,0.7113895753448305
step41000,41000,1024,8,1.0413501262664795,0.9784327745437622,1.1487928628921509,2.1496922969818115,1.976196527481079,4.462395668029785,15.406927108764648,14.827733993530273,16.090917587280273,3.8669490814208984,0.6808964147408957,0.6552994535284714,0.7111248088424851
step53000,53000,0,8,17.605649948120117,15.06744384765625,18.990694046020508,155.03204345703125,136.5174560546875,274.6219787597656,367.84075927734375,319.4752502441406,470.5690002441406,3.863184270404634,16.256418455113636,14.118944741806315,20.79640819305037
step53000,53000,64,8,1.0830546021461487,0.975302517414093,1.1117585897445679,5.739959239959717,1.937376856803894,6.562992095947266,15.663846015930176,14.146858215332031,16.153865814208984,3.863184270404634,0.692250733582882,0.6252087110341187,0.7139067537252951
step53000,53000,128,8,1.1120689511299133,0.9698371291160583,1.1260076761245728,4.989221572875977,1.8439759016036987,5.474272727966309,15.194118976593018,14.154892921447754,15.574363708496094,3.863184270404634,0.671491535156508,0.6255637982328229,0.6882961369339533
step53000,53000,192,8,1.0460494756698608,0.9277679920196533,1.1265543699264526,5.012763500213623,1.9815740585327148,5.45039176940918,15.470670223236084,14.128463745117188,15.729792594909668,3.863184270404634,0.6837134890219396,0.6243957826200405,0.6951651881574104
step53000,53000,256,8,0.975871741771698,0.9636250138282776,1.094614863395691,2.4553580284118652,1.8095104694366455,5.045232772827148,14.835827827453613,14.24170970916748,15.599946975708008,3.863184270404634,0.6556571538317834,0.6294005944401636,0.6894267682921066
step53000,53000,320,8,1.008936583995819,0.9733626842498779,1.1166584491729736,2.29720938205719,1.877194881439209,4.969350814819336,14.52155065536499,14.248425483703613,15.407549858093262,3.863184270404634,0.6417679338595336,0.6296973925473773,0.6809239366329732
step53000,53000,384,8,1.000303715467453,0.9108394980430603,1.1172329187393188,1.917729914188385,1.6940722465515137,5.4462738037109375,14.25360107421875,13.894131660461426,15.562115669250488,3.863184270404634,0.6299261234942459,0.6140396697381861,0.6877548449585279
step53000,53000,448,8,0.9848275780677795,0.908199667930603,1.127902865409851,3.308377265930176,1.7424678802490234,4.668460369110107,14.609806060791016,13.819644927978516,15.319340705871582,3.863184270404634,0.645668308587853,0.6107477901352428,0.6770256060268066
step53000,53000,512,8,1.0512245893478394,0.9737534523010254,1.1089125871658325,4.689524173736572,1.7961076498031616,5.300080299377441,15.35598611831665,14.090882301330566,15.98889446258545,3.863184270404634,0.678645119754262,0.6227349017607717,0.7066159811356381
step53000,53000,576,8,1.0553691983222961,0.9764534831047058,1.1256500482559204,4.5701353549957275,1.7992162704467773,5.878567695617676,15.084326267242432,14.097851753234863,15.621411323547363,3.863184270404634,0.6666393370748428,0.6230429109296893,0.6903753674115413
step53000,53000,640,8,1.0840843319892883,0.9590975046157837,1.1284388303756714,4.486003398895264,1.896128535270691,5.0988898277282715,15.333709239959717,14.176294326782227,15.719572067260742,3.863184270404634,0.6776606115198961,0.6265096156602559,0.694713500381919
step53000,53000,704,8,0.985059529542923,0.9123974442481995,1.0831935405731201,2.542989730834961,1.696857213973999,5.281433582305908,14.889761447906494,13.921035766601562,15.711932182312012,3.863184270404634,0.6580407056290443,0.6152286744815271,0.6943758619784983
step53000,53000,768,8,1.0088295340538025,0.9743801355361938,1.12005615234375,2.2956055402755737,1.8397736549377441,4.817441463470459,14.544569492340088,14.182878494262695,15.378290176391602,3.863184270404634,0.642785232342041,0.6268005975023752,0.6796308291738106
step53000,53000,832,8,0.9919475615024567,0.919502854347229,1.1072629690170288,1.8562707901000977,1.7161628007888794,5.132205009460449,14.199185848236084,13.826752662658691,15.381728172302246,3.863184270404634,0.6275212875384871,0.6110619105971945,0.6797827685626924
step53000,53000,896,8,0.979520708322525,0.9114404320716858,1.1289114952087402,3.1991629600524902,1.695731282234192,4.785778999328613,14.44022274017334,13.919177055358887,15.55923080444336,3.863184270404634,0.6381737138387973,0.6151465302737793,0.6876273507417825
step53000,53000,960,8,1.0577111840248108,0.9468870759010315,1.1180089712142944,4.420710325241089,1.7639474868774414,5.708011150360107,15.380912780761719,14.029411315917969,15.812726020812988,3.863184270404634,0.6797467330072156,0.620018242346305,0.6988303623976148
step53000,53000,1024,8,1.0568464398384094,0.9513878226280212,1.118572473526001,4.45479941368103,1.7661981582641602,5.144776821136475,15.081748485565186,14.033947944641113,15.387510299682617,3.863184270404634,0.6665254141433178,0.6202187349046714,0.6800383049052139
step57000,57000,0,8,19.200459480285645,15.278556823730469,21.56064224243164,150.27464294433594,119.91635131835938,182.10189819335938,394.3558349609375,324.8710021972656,461.7184753417969,3.8563605490184965,17.428230318835116,14.357405541534767,20.40526655708114
step57000,57000,64,8,1.0522197484970093,0.9844096302986145,1.1814279556274414,4.664043188095093,2.3873825073242188,6.190741539001465,15.099094867706299,14.771408081054688,15.51490306854248,3.8563605490184965,0.6672920231708825,0.652810176361721,0.6856683230761476
step57000,57000,128,8,0.9906384944915771,0.9736857414245605,0.999241828918457,2.0804946422576904,1.8984296321868896,2.192180871963501,14.181642532348633,13.940252304077148,14.46093463897705,3.8563605490184965,0.6267459751867049,0.6160779334790215,0.6390890590947569
step57000,57000,192,8,1.1797215938568115,0.9205759763717651,1.2833671569824219,4.068418264389038,1.748566746711731,5.819471836090088,15.171741485595703,13.230510711669922,15.945542335510254,3.8563605490184965,0.6705025804296241,0.584711490173941,0.7047000696960299
step57000,57000,256,8,0.9948689639568329,0.9840959906578064,1.1498337984085083,2.352511763572693,2.257814645767212,4.711370944976807,14.757309436798096,14.626688003540039,15.096846580505371,3.8563605490184965,0.6521870984267601,0.6464143921001928,0.6671926619755181
step57000,57000,320,8,0.9771457016468048,0.9650465846061707,0.9999053478240967,1.8825639486312866,1.7902979850769043,2.058840751647949,13.917837619781494,13.863932609558105,14.1471586227417,3.8563605490184965,0.6150873350250458,0.6127050476332402,0.6252219872913996
step57000,57000,384,8,1.1376238465309143,0.9767005443572998,1.284600853919983,6.027563095092773,3.7592241764068604,6.464659690856934,15.621909141540527,15.209981918334961,15.887076377868652,3.8563605490184965,0.690397368066464,0.6721925847612139,0.702116215001221
step57000,57000,448,8,0.9881748259067535,0.9768478274345398,0.999733567237854,2.248039484024048,2.153207302093506,2.323991298675537,14.609415531158447,14.3464937210083,14.73721981048584,3.8563605490184965,0.6456510494533878,0.6340314372734496,0.651299253989454
step57000,57000,512,8,0.9644803404808044,0.929527997970581,1.2484581470489502,1.826615810394287,1.7185471057891846,4.66286563873291,13.84364652633667,13.089716911315918,13.889891624450684,3.8563605490184965,0.6118085209451407,0.5784892244877322,0.6138522848497068
step57000,57000,576,8,1.1124133467674255,0.9924777746200562,1.1782517433166504,6.151155471801758,4.652095317840576,6.465743064880371,15.499909400939941,15.103471755981445,15.680412292480469,3.8563605490184965,0.6850056903238594,0.6674854561321233,0.6929828664883647
step57000,57000,640,8,0.9869751632213593,0.9778872728347778,0.9980940818786621,2.1413744688034058,1.9896240234375,2.2335145473480225,14.313437461853027,14.057570457458496,14.578740119934082,3.8563605490184965,0.632570543210365,0.6212627123422861,0.6442953749976106
step57000,57000,704,8,1.2018306851387024,0.9416376352310181,1.2847057580947876,3.8401554822921753,1.7326751947402954,4.69536828994751,13.724332809448242,13.275129318237305,15.707465171813965,3.8563605490184965,0.606535549801367,0.5866833726283717,0.6941784461400733
step57000,57000,768,8,1.03444904088974,0.9862710237503052,1.1820554733276367,4.76181173324585,2.2951672077178955,6.256269454956055,15.199692249298096,14.68580436706543,15.611407279968262,3.8563605490184965,0.6717378413392057,0.6490269909456862,0.689933246970662
step57000,57000,832,8,0.9894183278083801,0.9655089378356934,0.9952665567398071,1.96601140499115,1.8356868028640747,2.1227993965148926,14.028835773468018,13.864327430725098,14.266536712646484,3.8563605490184965,0.6199928067232287,0.6127224964285237,0.6304978033474478
step57000,57000,896,8,1.1420052647590637,0.9765639901161194,1.284436821937561,4.928938865661621,3.5142436027526855,6.111698150634766,15.483026027679443,14.037431716918945,15.9214506149292,3.8563605490184965,0.6842595435912467,0.6203726973422816,0.7036353560089477
step57000,57000,960,8,0.9879091680049896,0.9717466235160828,0.9982017278671265,2.2866700887680054,2.200968027114868,2.6530983448028564,14.670531749725342,14.489198684692383,14.788914680480957,3.8563605490184965,0.6483520302402084,0.6403381652440743,0.6535838660598355
step57000,57000,1024,8,0.9658593237400055,0.9312519431114197,0.9865286946296692,1.8271888494491577,1.7210973501205444,1.9333350658416748,13.867125988006592,13.386361122131348,13.987593650817871,3.8563605490184965,0.6128461763554789,0.5915991703044398,0.6181701451859508
step58000,58000,0,8,19.652262687683105,16.80801773071289,24.105632781982422,,,,,,,3.866296102130224,17.30886572340523,13.791429337048283,23.12429664748288
step58000,58000,64,8,0.9614975154399872,0.9601240754127502,0.9636468291282654,,,,,,,3.866296102130224,0.624701305124896,0.6244811299882751,0.62491035349351
step58000,58000,128,8,0.9629566967487335,0.9628246426582336,0.9631417989730835,,,,,,,3.866296102130224,0.6243151135519907,0.6242787829685743,0.6243506433452853
step58000,58000,192,8,0.9630903899669647,0.9630825519561768,0.9631104469299316,,,,,,,3.866296102130224,0.624331887997698,0.624330244270606,0.6243343746617601
step58000,58000,256,8,0.963106244802475,0.9631034731864929,0.963108479976654,,,,,,,3.866296102130224,0.6243347539833968,0.6243345853960027,0.6243349225707908
step58000,58000,320,8,0.9631070196628571,0.9631053805351257,0.9631112217903137,,,,,,,3.866296102130224,0.6243348804239423,0.6243348804239423,0.6243349225707908
step58000,58000,384,8,0.9631068706512451,0.9631034135818481,0.9631101489067078,,,,,,,3.866296102130224,0.6243349225707908,0.6243348382770938,0.6243349225707908
step58000,58000,448,8,0.9631081521511078,0.9631059765815735,0.9631098508834839,,,,,,,3.866296102130224,0.6243349225707908,0.6243348804239423,0.6243349225707908
step58000,58000,512,8,0.9631072282791138,0.9631026387214661,0.9631096720695496,,,,,,,3.866296102130224,0.6243349225707908,0.6243348804239423,0.6243349225707908
step58000,58000,576,8,0.9631065130233765,0.9631049633026123,0.963108241558075,,,,,,,3.866296102130224,0.6243349225707908,0.6243348804239423,0.6243349225707908
step58000,58000,640,8,0.9631061851978302,0.9631052017211914,0.9631098508834839,,,,,,,3.866296102130224,0.6243349225707908,0.6243348804239423,0.6243349647176393
step58000,58000,704,8,0.9631073176860809,0.9631044268608093,0.9631104469299316,,,,,,,3.866296102130224,0.6243349014973665,0.6243348382770938,0.6243349225707908
step58000,58000,768,8,0.9631073176860809,0.9631048440933228,0.9631122946739197,,,,,,,3.866296102130224,0.6243349225707908,0.6243348382770938,0.6243349225707908
step58000,58000,832,8,0.963108092546463,0.9631059765815735,0.9631102085113525,,,,,,,3.866296102130224,0.6243349225707908,0.6243348804239423,0.6243349225707908
step58000,58000,896,8,0.963107705116272,0.9631060361862183,0.9631107449531555,,,,,,,3.866296102130224,0.6243349225707908,0.6243348804239423,0.6243349225707908
step58000,58000,960,8,0.963107705116272,0.9631040692329407,0.9631114602088928,,,,,,,3.866296102130224,0.6243349225707908,0.6243349225707908,0.6243349225707908
step58000,58000,1024,8,0.9631069302558899,0.9631044864654541,0.9631089568138123,,,,,,,3.866296102130224,0.6243349225707908,0.6243348804239423,0.6243349225707908
step59000,59000,0,8,20.46344757080078,15.791797637939453,35.752906799316406,,,,,,,3.859423115139916,17.86569235284218,16.806057866767723,31.477818206731904
step59000,59000,64,8,0.9653735458850861,0.9643366932868958,0.9851410984992981,,,,,,,3.859423115139916,0.6182492337471814,0.6180439153746607,0.6232064828487601
step59000,59000,128,8,0.9731693863868713,0.9730390310287476,0.9771011471748352,,,,,,,3.859423115139916,0.6199301132860688,0.6198966065415026,0.6210201150822575
step59000,59000,192,8,0.9743427634239197,0.974317729473114,0.9751189947128296,,,,,,,3.859423115139916,0.6202481955517805,0.6202419156713523,0.6204628494512464
step59000,59000,256,8,0.9745612442493439,0.9745571613311768,0.9747135639190674,,,,,,,3.859423115139916,0.6203084444717268,0.6203071168459987,0.6203499380440858
step59000,59000,320,8,0.9746032059192657,0.9746007919311523,0.9746300578117371,,,,,,,3.859423115139916,0.6203199927082188,0.6203198030474004,0.62032802168286
step59000,59000,384,8,0.9746120274066925,0.9746111631393433,0.9746174216270447,,,,,,,3.859423115139916,0.6203222054177656,0.620322163270917,0.620323722704312
step59000,59000,448,8,0.9746130406856537,0.9746118783950806,0.9746148586273193,,,,,,,3.859423115139916,0.6203226690330992,0.6203225425925537,0.6203229640610388
step59000,59000,512,8,0.974612683057785,0.9746094942092896,0.9746162295341492,,,,,,,3.859423115139916,0.6203226268862507,0.6203225425925537,0.6203227533267962
step59000,59000,576,8,0.974612683057785,0.9746108055114746,0.9746134281158447,,,,,,,3.859423115139916,0.6203226690330992,0.6203225425925537,0.6203227111799478
step59000,59000,640,8,0.9746124744415283,0.9746108055114746,0.9746156930923462,,,,,,,3.859423115139916,0.6203226268862507,0.6203225425925537,0.6203227111799478
step59000,59000,704,8,0.9746124744415283,0.9746106266975403,0.9746146202087402,,,,,,,3.859423115139916,0.620322647959675,0.6203225425925537,0.6203226690330992
step59000,59000,768,8,0.9746134281158447,0.9746116399765015,0.974615216255188,,,,,,,3.859423115139916,0.6203226690330992,0.6203226268862507,0.6203227111799478
step59000,59000,832,8,0.9746126532554626,0.9746113419532776,0.9746143221855164,,,,,,,3.859423115139916,0.6203226268862507,0.6203225425925537,0.6203226690330992
step59000,59000,896,8,0.974611222743988,0.9746102690696716,0.9746139049530029,,,,,,,3.859423115139916,0.6203226268862507,0.6203225004457051,0.6203226690330992
step59000,59000,960,8,0.9746123552322388,0.9746102690696716,0.9746152758598328,,,,,,,3.859423115139916,0.620322647959675,0.6203225425925537,0.6203227111799478
step59000,59000,1024,8,0.9746122062206268,0.9746108055114746,0.9746154546737671,,,,,,,3.859423115139916,0.620322647959675,0.6203226268862507,0.6203227111799478
step61000,61000,0,8,20.114870071411133,18.359220504760742,22.91571807861328,152.60222625732422,130.82705688476562,193.55393981933594,415.8760986328125,377.8731994628906,477.7065734863281,3.8676920315575978,18.3793005922917,16.699793860554177,21.111847345598274
step61000,61000,64,8,0.8999898731708527,0.8998932838439941,0.9001032710075378,1.9082342982292175,1.9079309701919556,1.908682942390442,13.383214473724365,13.382671356201172,13.38366985321045,3.8676920315575978,0.5914601067777782,0.5914361041475512,0.5914802318979421
step61000,61000,128,8,0.8999056816101074,0.8999036550521851,0.8999100923538208,1.9082577228546143,1.9082452058792114,1.9082727432250977,13.383194923400879,13.383194923400879,13.383195877075195,3.8676920315575978,0.5914592427673836,0.5914592427673836,0.5914592849142322
step61000,61000,192,8,0.8999052941799164,0.8999021053314209,0.899907648563385,1.9082656502723694,1.908240556716919,1.9083000421524048,13.383195877075195,13.383194923400879,13.383196830749512,3.8676920315575978,0.5914592849142322,0.5914592427673836,0.5914593270610806
step61000,61000,256,8,0.8999043405056,0.8999032974243164,0.8999061584472656,1.9082569479942322,1.9082406759262085,1.9082850217819214,13.383195877075195,13.383194923400879,13.383196830749512,3.8676920315575978,0.5914592849142322,0.5914592427673836,0.5914593270610806
step61000,61000,320,8,0.8999040424823761,0.8999029397964478,0.8999058604240417,1.9082586765289307,1.9082494974136353,1.90828275680542,13.383195877075195,13.383194923400879,13.383196830749512,3.8676920315575978,0.5914592849142322,0.5914592427673836,0.5914593270610806
step61000,61000,384,8,0.8999051451683044,0.8999028205871582,0.8999070525169373,1.9082586765289307,1.9082506895065308,1.9083003997802734,13.383195877075195,13.383194923400879,13.383196830749512,3.8676920315575978,0.5914592849142322,0.5914592427673836,0.5914593270610806
step61000,61000,448,8,0.8999054729938507,0.8999040722846985,0.8999077677726746,1.9082657098770142,1.9082348346710205,1.9082814455032349,13.383195877075195,13.383194923400879,13.383196830749512,3.8676920315575978,0.5914592849142322,0.5914592427673836,0.5914593270610806
step61000,61000,512,8,0.8999046385288239,0.899904191493988,0.8999060392379761,1.9082576632499695,1.9082324504852295,1.9082802534103394,13.383194923400879,13.383194923400879,13.383195877075195,3.8676920315575978,0.5914592427673836,0.5914592427673836,0.5914592849142322
step61000,61000,576,8,0.8999050557613373,0.8999038338661194,0.8999062776565552,1.9082608819007874,1.908225417137146,1.9082762002944946,13.383195877075195,13.383195877075195,13.383196830749512,3.8676920315575978,0.5914592849142322,0.5914592849142322,0.5914593270610806
step61000,61000,640,8,0.8999058306217194,0.8999040722846985,0.899906575679779,1.9082707166671753,1.9082428216934204,1.908290147781372,13.383195877075195,13.383194923400879,13.383196830749512,3.8676920315575978,0.5914592849142322,0.5914592427673836,0.5914593270610806
step61000,61000,704,8,0.8999049067497253,0.8999021649360657,0.8999059796333313,1.9082638025283813,1.9082298278808594,1.908286213874817,13.383195877075195,13.383194923400879,13.383196830749512,3.8676920315575978,0.5914592849142322,0.5914592427673836,0.5914593270610806
step61000,61000,768,8,0.899904191493988,0.8999035954475403,0.8999053239822388,1.9082658886909485,1.9082399606704712,1.9082943201065063,13.383195877075195,13.383194923400879,13.383195877075195,3.8676920315575978,0.5914592849142322,0.5914592427673836,0.5914592849142322
step61000,61000,832,8,0.8999035358428955,0.8999022841453552,0.8999083042144775,1.90825355052948,1.9082422256469727,1.9082776308059692,13.383195877075195,13.383194923400879,13.383195877075195,3.8676920315575978,0.5914592849142322,0.5914592427673836,0.5914592849142322
step61000,61000,896,8,0.8999042212963104,0.8999027609825134,0.8999068737030029,1.9082666039466858,1.9082343578338623,1.9082869291305542,13.383195877075195,13.383194923400879,13.383196830749512,3.8676920315575978,0.5914592849142322,0.5914592427673836,0.5914593270610806
step61000,61000,960,8,0.8999048173427582,0.89990234375,0.8999079465866089,1.9082623720169067,1.9082350730895996,1.9082856178283691,13.383195877075195,13.383194923400879,13.383196830749512,3.8676920315575978,0.5914592849142322,0.5914592427673836,0.5914593270610806
step61000,61000,1024,8,0.8999046087265015,0.8999020457267761,0.8999067544937134,1.9082675576210022,1.9082497358322144,1.9082869291305542,13.383195877075195,13.383194923400879,13.383195877075195,3.8676920315575978,0.5914592849142322,0.5914592427673836,0.5914592849142322
