active_dim,actual_eval_states,batch_index,burn_in_steps,checkpoint,dataset,dataset_config,dataset_split,device,dtype,eval_steps,experiment,git_commit,input_shape,input_space,method,model,nearby_distance,operator_update,projection_mode,projection_next,projection_value,residual_alpha,sample_index,sequence_length,state_norm,step_delta,step_index,target,timestamp,token_mode,tokenizer,pca_summary_value,pca_summary_next
6272,128,0,256,main,wikitext,wikitext-2-raw-v1,validation,cuda,float32,128,qwen_dynamical_edge_burn256,0be219064d7f2de285c4637dbbf99d87feb1bdfb,"[1, 128, 896]",inputs_embeds,paper_style_feedback_dynamics,Qwen/Qwen2.5-0.5B,0.0001555597991682589,direct,fixed_random,14.09463119506836,14.094629287719727,1.0,0,128,1142.3133544921875,7.87088429206051e-05,0,final_hidden,2026-07-10T15:20:18.886132+00:00,nonpad_flattened,Qwen/Qwen2.5-0.5B,-0.00014326203054358064,-0.0001447798400698185
6272,128,0,256,main,wikitext,wikitext-2-raw-v1,validation,cuda,float32,128,qwen_dynamical_edge_burn256,0be219064d7f2de285c4637dbbf99d87feb1bdfb,"[1, 128, 896]",inputs_embeds,paper_style_feedback_dynamics,Qwen/Qwen2.5-0.5B,0.000165071920491755,direct,fixed_random,14.094630241394043,14.09463119506836,1.0,0,128,1142.3133544921875,7.615715730935335e-05,1,final_hidden,2026-07-10T15:20:18.886132+00:00,nonpad_flattened,Qwen/Qwen2.5-0.5B,-0.0001447798400698185,-0.00014449877440882278
6272,128,0,256,main,wikitext,wikitext-2-raw-v1,validation,cuda,float32,128,qwen_dynamical_edge_burn256,0be219064d7f2de285c4637dbbf99d87feb1bdfb,"[1, 128, 896]",inputs_embeds,paper_style_feedback_dynamics,Qwen/Qwen2.5-0.5B,0.00016396530554629862,direct,fixed_random,14.09463119506836,14.094630241394043,1.0,0,128,1142.3133544921875,8.115072705550119e-05,2,final_hidden,2026-07-10T15:20:18.886132+00:00,nonpad_flattened,Qwen/Qwen2.5-0.5B,-0.00014449877440882278,-0.00014511273107133143
6272,128,0,256,main,wikitext,wikitext-2-raw-v1,validation,cuda,float32,128,qwen_dynamical_edge_burn256,0be219064d7f2de285c4637dbbf99d87feb1bdfb,"[1, 128, 896]",inputs_embeds,paper_style_feedback_dynamics,Qwen/Qwen2.5-0.5B,0.00016831944230943918,direct,fixed_random,14.09463119506836,14.09463119506836,1.0,0,128,1142.3133544921875,8.361531945411116e-05,3,final_hidden,2026-07-10T15:20:18.886132+00:00,nonpad_flattened,Qwen/Qwen2.5-0.5B,-0.00014511273107133143,-0.00014649679200542953
6272,128,0,256,main,wikitext,wikitext-2-raw-v1,validation,cuda,float32,128,qwen_dynamical_edge_burn256,0be219064d7f2de285c4637dbbf99d87feb1bdfb,"[1, 128, 896]",inputs_embeds,paper_style_feedback_dynamics,Qwen/Qwen2.5-0.5B,0.00017684994963929057,direct,fixed_random,14.09463119506836,14.09463119506836,1.0,0,128,1142.3133544921875,8.02983486209996e-05,4,final_hidden,2026-07-10T15:20:18.886132+00:00,nonpad_flattened,Qwen/Qwen2.5-0.5B,-0.00014649679200542953,-0.00015082713026196907
6272,128,0,256,main,wikitext,wikitext-2-raw-v1,validation,cuda,float32,128,qwen_dynamical_edge_burn256,0be219064d7f2de285c4637dbbf99d87feb1bdfb,"[1, 128, 896]",inputs_embeds,paper_style_feedback_dynamics,Qwen/Qwen2.5-0.5B,0.0002079887199215591,direct,fixed_random,14.094633102416992,14.09463119506836,1.0,0,128,1142.3133544921875,0.00010063874651677907,5,final_hidden,2026-07-10T15:20:18.886132+00:00,nonpad_flattened,Qwen/Qwen2.5-0.5B,-0.00015082713026196907,-0.00015104986678989268
6272,128,0,256,main,wikitext,wikitext-2-raw-v1,validation,cuda,float32,128,qwen_dynamical_edge_burn256,0be219064d7f2de285c4637dbbf99d87feb1bdfb,"[1, 128, 896]",inputs_embeds,paper_style_feedback_dynamics,Qwen/Qwen2.5-0.5B,0.00020793692965526134,direct,fixed_random,14.094633102416992,14.094633102416992,1.0,0,128,1142.3133544921875,9.026918996823952e-05,6,final_hidden,2026-07-10T15:20:18.886132+00:00,nonpad_flattened,Qwen/Qwen2.5-0.5B,-0.00015104986678989268,-0.00015219789191322063
6272,128,0,256,main,wikitext,wikitext-2-raw-v1,validation,cuda,float32,128,qwen_dynamical_edge_burn256,0be219064d7f2de285c4637dbbf99d87feb1bdfb,"[1, 128, 896]",inputs_embeds,paper_style_feedback_dynamics,Qwen/Qwen2.5-0.5B,0.00021472599473781884,direct,fixed_random,14.094633102416992,14.094633102416992,1.0,0,128,1142.3133544921875,8.553871884942055e-05,7,final_hidden,2026-07-10T15:20:18.886132+00:00,nonpad_flattened,Qwen/Qwen2.5-0.5B,-0.00015219789191322063,-0.00015127614201666887
6272,128,0,256,main,wikitext,wikitext-2-raw-v1,validation,cuda,float32,128,qwen_dynamical_edge_burn256,0be219064d7f2de285c4637dbbf99d87feb1bdfb,"[1, 128, 896]",inputs_embeds,paper_style_feedback_dynamics,Qwen/Qwen2.5-0.5B,0.00020809899433515966,direct,fixed_random,14.094630241394043,14.094633102416992,1.0,0,128,1142.3133544921875,8.121706923702732e-05,8,final_hidden,2026-07-10T15:20:18.886132+00:00,nonpad_flattened,Qwen/Qwen2.5-0.5B,-0.00015127614201666887,-0.00014872936824187355
6272,128,0,256,main,wikitext,wikitext-2-raw-v1,validation,cuda,float32,128,qwen_dynamical_edge_burn256,0be219064d7f2de285c4637dbbf99d87feb1bdfb,"[1, 128, 896]",inputs_embeds,paper_style_feedback_dynamics,Qwen/Qwen2.5-0.5B,0.00019069538393523544,direct,fixed_random,14.094629287719727,14.094630241394043,1.0,0,128,1142.3133544921875,7.553608156740665e-05,9,final_hidden,2026-07-10T15:20:18.886132+00:00,nonpad_flattened,Qwen/Qwen2.5-0.5B,-0.00014872936824187355,-0.0001483125341425459
6272,128,0,256,main,wikitext,wikitext-2-raw-v1,validation,cuda,float32,128,qwen_dynamical_edge_burn256,0be219064d7f2de285c4637dbbf99d87feb1bdfb,"[1, 128, 896]",inputs_embeds,paper_style_feedback_dynamics,Qwen/Qwen2.5-0.5B,0.00019068960682488978,direct,fixed_random,14.09463119506836,14.094629287719727,1.0,0,128,1142.3133544921875,9.42328479140997e-05,10,final_hidden,2026-07-10T15:20:18.886132+00:00,nonpad_flattened,Qwen/Qwen2.5-0.5B,-0.0001483125341425459,-2.4418654079247913e-05
6272,128,0,256,main,wikitext,wikitext-2-raw-v1,validation,cuda,float32,128,qwen_dynamical_edge_burn256,0be219064d7f2de285c4637dbbf99d87feb1bdfb,"[1, 128, 896]",inputs_embeds,paper_style_feedback_dynamics,Qwen/Qwen2.5-0.5B,0.00017219464643858373,direct,fixed_random,14.09463119506836,14.09463119506836,1.0,0,128,1142.313232421875,0.00011499568063300103,11,final_hidden,2026-07-10T15:20:18.886132+00:00,nonpad_flattened,Qwen/Qwen2.5-0.5B,-2.4418654079247913e-05,-0.00014626904261284352
6272,128,0,256,main,wikitext,wikitext-2-raw-v1,validation,cuda,float32,128,qwen_dynamical_edge_burn256,0be219064d7f2de285c4637dbbf99d87feb1bdfb,"[1, 128, 896]",inputs_embeds,paper_style_feedback_dynamics,Qwen/Qwen2.5-0.5B,0.00017732937703840435,direct,fixed_random,14.09462833404541,14.09463119506836,1.0,0,128,1142.3133544921875,9.384573058923706e-05,12,final_hidden,2026-07-10T15:20:18.886132+00:00,nonpad_flattened,Qwen/Qwen2.5-0.5B,-0.00014626904261284352,-0.0001487870784681925
6272,128,0,256,main,wikitext,wikitext-2-raw-v1,validation,cuda,float32,128,qwen_dynamical_edge_burn256,0be219064d7f2de285c4637dbbf99d87feb1bdfb,"[1, 128, 896]",inputs_embeds,paper_style_feedback_dynamics,Qwen/Qwen2.5-0.5B,0.0001937790948431939,direct,fixed_random,14.09463119506836,14.09462833404541,1.0,0,128,1142.3133544921875,9.423260780749843e-05,13,final_hidden,2026-07-10T15:20:18.886132+00:00,nonpad_flattened,Qwen/Qwen2.5-0.5B,-0.0001487870784681925,-0.0001530470317283834
6272,128,0,256,main,wikitext,wikitext-2-raw-v1,validation,cuda,float32,128,qwen_dynamical_edge_burn256,0be219064d7f2de285c4637dbbf99d87feb1bdfb,"[1, 128, 896]",inputs_embeds,paper_style_feedback_dynamics,Qwen/Qwen2.5-0.5B,0.00021963460312690586,direct,fixed_random,14.09463119506836,14.09463119506836,1.0,0,128,1142.3133544921875,8.126004104269668e-05,14,final_hidden,2026-07-10T15:20:18.886132+00:00,nonpad_flattened,Qwen/Qwen2.5-0.5B,-0.0001530470317283834,-0.00015570658394060697
6272,128,0,256,main,wikitext,wikitext-2-raw-v1,validation,cuda,float32,128,qwen_dynamical_edge_burn256,0be219064d7f2de285c4637dbbf99d87feb1bdfb,"[1, 128, 896]",inputs_embeds,paper_style_feedback_dynamics,Qwen/Qwen2.5-0.5B,0.00023648217029403895,direct,fixed_random,14.09463119506836,14.09463119506836,1.0,0,128,1142.3133544921875,7.803260814398527e-05,15,final_hidden,2026-07-10T15:20:18.886132+00:00,nonpad_flattened,Qwen/Qwen2.5-0.5B,-0.00015570658394060697,-0.00015717656085273917
6272,128,0,256,main,wikitext,wikitext-2-raw-v1,validation,cuda,float32,128,qwen_dynamical_edge_burn256,0be219064d7f2de285c4637dbbf99d87feb1bdfb,"[1, 128, 896]",inputs_embeds,paper_style_feedback_dynamics,Qwen/Qwen2.5-0.5B,0.000247644551564008,direct,fixed_random,14.09463119506836,14.09463119506836,1.0,0,128,1142.3133544921875,8.902473928174004e-05,16,final_hidden,2026-07-10T15:20:18.886132+00:00,nonpad_flattened,Qwen/Qwen2.5-0.5B,-0.00015717656085273917,-0.00015695386445321684
6272,128,0,256,main,wikitext,wikitext-2-raw-v1,validation,cuda,float32,128,qwen_dynamical_edge_burn256,0be219064d7f2de285c4637dbbf99d87feb1bdfb,"[1, 128, 896]",inputs_embeds,paper_style_feedback_dynamics,Qwen/Qwen2.5-0.5B,0.0002451346954330802,direct,fixed_random,14.09463119506836,14.09463119506836,1.0,0,128,1142.3133544921875,8.170634100679308e-05,17,final_hidden,2026-07-10T15:20:18.886132+00:00,nonpad_flattened,Qwen/Qwen2.5-0.5B,-0.00015695386445321684,-0.00015542729653516462
6272,128,0,256,main,wikitext,wikitext-2-raw-v1,validation,cuda,float32,128,qwen_dynamical_edge_burn256,0be219064d7f2de285c4637dbbf99d87feb1bdfb,"[1, 128, 896]",inputs_embeds,paper_style_feedback_dynamics,Qwen/Qwen2.5-0.5B,0.00023491684987675399,direct,fixed_random,14.094633102416992,14.09463119506836,1.0,0,128,1142.3133544921875,7.977924542501569e-05,18,final_hidden,2026-07-10T15:20:18.886132+00:00,nonpad_flattened,Qwen/Qwen2.5-0.5B,-0.00015542729653516462,-0.00015791599186548995
6272,128,0,256,main,wikitext,wikitext-2-raw-v1,validation,cuda,float32,128,qwen_dynamical_edge_burn256,0be219064d7f2de285c4637dbbf99d87feb1bdfb,"[1, 128, 896]",inputs_embeds,paper_style_feedback_dynamics,Qwen/Qwen2.5-0.5B,0.0002519685367587954,direct,fixed_random,14.09463119506836,14.094633102416992,1.0,0,128,1142.3133544921875,8.564109884900972e-05,19,final_hidden,2026-07-10T15:20:18.886132+00:00,nonpad_flattened,Qwen/Qwen2.5-0.5B,-0.00015791599186548995,-0.00015286029534220457
6272,128,0,256,main,wikitext,wikitext-2-raw-v1,validation,cuda,float32,128,qwen_dynamical_edge_burn256,0be219064d7f2de285c4637dbbf99d87feb1bdfb,"[1, 128, 896]",inputs_embeds,paper_style_feedback_dynamics,Qwen/Qwen2.5-0.5B,0.0002203463955083862,direct,fixed_random,14.094630241394043,14.09463119506836,1.0,0,128,1142.3133544921875,9.456818952457979e-05,20,final_hidden,2026-07-10T15:20:18.886132+00:00,nonpad_flattened,Qwen/Qwen2.5-0.5B,-0.00015286029534220457,-0.00015672124620987494
6272,128,0,256,main,wikitext,wikitext-2-raw-v1,validation,cuda,float32,128,qwen_dynamical_edge_burn256,0be219064d7f2de285c4637dbbf99d87feb1bdfb,"[1, 128, 896]",inputs_embeds,paper_style_feedback_dynamics,Qwen/Qwen2.5-0.5B,0.0002445530553814024,direct,fixed_random,14.094629287719727,14.094630241394043,1.0,0,128,1142.3133544921875,8.814674220047891e-05,21,final_hidden,2026-07-10T15:20:18.886132+00:00,nonpad_flattened,Qwen/Qwen2.5-0.5B,-0.00015672124620987494,-0.00015413163154313352
6272,128,0,256,main,wikitext,wikitext-2-raw-v1,validation,cuda,float32,128,qwen_dynamical_edge_burn256,0be219064d7f2de285c4637dbbf99d87feb1bdfb,"[1, 128, 896]",inputs_embeds,paper_style_feedback_dynamics,Qwen/Qwen2.5-0.5B,0.0002267090603709221,direct,fixed_random,14.094627380371094,14.094629287719727,1.0,0,128,1142.3133544921875,8.135093958117068e-05,22,final_hidden,2026-07-10T15:20:18.886132+00:00,nonpad_flattened,Qwen/Qwen2.5-0.5B,-0.00015413163154313352,-0.00015499666172637293
6272,128,0,256,main,wikitext,wikitext-2-raw-v1,validation,cuda,float32,128,qwen_dynamical_edge_burn256,0be219064d7f2de285c4637dbbf99d87feb1bdfb,"[1, 128, 896]",inputs_embeds,paper_style_feedback_dynamics,Qwen/Qwen2.5-0.5B,0.00023317251179832965,direct,fixed_random,14.094629287719727,14.094627380371094,1.0,0,128,1142.3133544921875,8.709295798325911e-05,23,final_hidden,2026-07-10T15:20:18.886132+00:00,nonpad_flattened,Qwen/Qwen2.5-0.5B,-0.00015499666172637293,-0.00015615571877542115
6272,128,0,256,main,wikitext,wikitext-2-raw-v1,validation,cuda,float32,128,qwen_dynamical_edge_burn256,0be219064d7f2de285c4637dbbf99d87feb1bdfb,"[1, 128, 896]",inputs_embeds,paper_style_feedback_dynamics,Qwen/Qwen2.5-0.5B,0.0002383147948421538,direct,fixed_random,14.094629287719727,14.094629287719727,1.0,0,128,1142.3133544921875,7.049686973914504e-05,24,final_hidden,2026-07-10T15:20:18.886132+00:00,nonpad_flattened,Qwen/Qwen2.5-0.5B,-0.00015615571877542115,-0.0001519725807437878
6272,128,0,256,main,wikitext,wikitext-2-raw-v1,validation,cuda,float32,128,qwen_dynamical_edge_burn256,0be219064d7f2de285c4637dbbf99d87feb1bdfb,"[1, 128, 896]",inputs_embeds,paper_style_feedback_dynamics,Qwen/Qwen2.5-0.5B,0.00021274760365486145,direct,fixed_random,14.09463119506836,14.094629287719727,1.0,0,128,1142.3133544921875,8.200720185413957e-05,25,final_hidden,2026-07-10T15:20:18.886132+00:00,nonpad_flattened,Qwen/Qwen2.5-0.5B,-0.0001519725807437878,-0.0001525411588929646
6272,128,0,256,main,wikitext,wikitext-2-raw-v1,validation,cuda,float32,128,qwen_dynamical_edge_burn256,0be219064d7f2de285c4637dbbf99d87feb1bdfb,"[1, 128, 896]",inputs_embeds,paper_style_feedback_dynamics,Qwen/Qwen2.5-0.5B,0.0002154656103812158,direct,fixed_random,14.09463119506836,14.09463119506836,1.0,0,128,1142.3133544921875,7.521536463173106e-05,26,final_hidden,2026-07-10T15:20:18.886132+00:00,nonpad_flattened,Qwen/Qwen2.5-0.5B,-0.0001525411588929646,-0.00015078733232494593
6272,128,0,256,main,wikitext,wikitext-2-raw-v1,validation,cuda,float32,128,qwen_dynamical_edge_burn256,0be219064d7f2de285c4637dbbf99d87feb1bdfb,"[1, 128, 896]",inputs_embeds,paper_style_feedback_dynamics,Qwen/Qwen2.5-0.5B,0.00020363817748147994,direct,fixed_random,14.09463119506836,14.09463119506836,1.0,0,128,1142.3133544921875,7.239059050334617e-05,27,final_hidden,2026-07-10T15:20:18.886132+00:00,nonpad_flattened,Qwen/Qwen2.5-0.5B,-0.00015078733232494593,-0.00015239349903707294
6272,128,0,256,main,wikitext,wikitext-2-raw-v1,validation,cuda,float32,128,qwen_dynamical_edge_burn256,0be219064d7f2de285c4637dbbf99d87feb1bdfb,"[1, 128, 896]",inputs_embeds,paper_style_feedback_dynamics,Qwen/Qwen2.5-0.5B,0.0002168355422327295,direct,fixed_random,14.09463119506836,14.09463119506836,1.0,0,128,1142.3133544921875,9.13109615794383e-05,28,final_hidden,2026-07-10T15:20:18.886132+00:00,nonpad_flattened,Qwen/Qwen2.5-0.5B,-0.00015239349903707294,-0.00015042351007691948
6272,128,0,256,main,wikitext,wikitext-2-raw-v1,validation,cuda,float32,128,qwen_dynamical_edge_burn256,0be219064d7f2de285c4637dbbf99d87feb1bdfb,"[1, 128, 896]",inputs_embeds,paper_style_feedback_dynamics,Qwen/Qwen2.5-0.5B,0.00020290317479521036,direct,fixed_random,14.09463119506836,14.09463119506836,1.0,0,128,1142.3133544921875,8.366975089302287e-05,29,final_hidden,2026-07-10T15:20:18.886132+00:00,nonpad_flattened,Qwen/Qwen2.5-0.5B,-0.00015042351007691948,-0.00014987393621291358
6272,128,0,256,main,wikitext,wikitext-2-raw-v1,validation,cuda,float32,128,qwen_dynamical_edge_burn256,0be219064d7f2de285c4637dbbf99d87feb1bdfb,"[1, 128, 896]",inputs_embeds,paper_style_feedback_dynamics,Qwen/Qwen2.5-0.5B,0.00019854353740811348,direct,fixed_random,14.094633102416992,14.09463119506836,1.0,0,128,1142.3133544921875,7.827318040654063e-05,30,final_hidden,2026-07-10T15:20:18.886132+00:00,nonpad_flattened,Qwen/Qwen2.5-0.5B,-0.00014987393621291358,-0.00015292566963175187
6272,128,0,256,main,wikitext,wikitext-2-raw-v1,validation,cuda,float32,128,qwen_dynamical_edge_burn256,0be219064d7f2de285c4637dbbf99d87feb1bdfb,"[1, 128, 896]",inputs_embeds,paper_style_feedback_dynamics,Qwen/Qwen2.5-0.5B,0.00022030790569260716,direct,fixed_random,14.094633102416992,14.094633102416992,1.0,0,128,1142.3133544921875,9.136387961916625e-05,31,final_hidden,2026-07-10T15:20:18.886132+00:00,nonpad_flattened,Qwen/Qwen2.5-0.5B,-0.00015292566963175187,-0.00015140484101071395
6272,128,0,256,main,wikitext,wikitext-2-raw-v1,validation,cuda,float32,128,qwen_dynamical_edge_burn256,0be219064d7f2de285c4637dbbf99d87feb1bdfb,"[1, 128, 896]",inputs_embeds,paper_style_feedback_dynamics,Qwen/Qwen2.5-0.5B,0.00020678243890870363,direct,fixed_random,14.09463119506836,14.094633102416992,1.0,0,128,1142.3133544921875,6.634228338953108e-05,32,final_hidden,2026-07-10T15:20:18.886132+00:00,nonpad_flattened,Qwen/Qwen2.5-0.5B,-0.00015140484101071395,-0.00014952538629843954
6272,128,0,256,main,wikitext,wikitext-2-raw-v1,validation,cuda,float32,128,qwen_dynamical_edge_burn256,0be219064d7f2de285c4637dbbf99d87feb1bdfb,"[1, 128, 896]",inputs_embeds,paper_style_feedback_dynamics,Qwen/Qwen2.5-0.5B,0.00019752122170757502,direct,fixed_random,14.09463119506836,14.09463119506836,1.0,0,128,1142.3133544921875,8.688218076713383e-05,33,final_hidden,2026-07-10T15:20:18.886132+00:00,nonpad_flattened,Qwen/Qwen2.5-0.5B,-0.00014952538629843954,-0.00014895727528719277
6272,128,0,256,main,wikitext,wikitext-2-raw-v1,validation,cuda,float32,128,qwen_dynamical_edge_burn256,0be219064d7f2de285c4637dbbf99d87feb1bdfb,"[1, 128, 896]",inputs_embeds,paper_style_feedback_dynamics,Qwen/Qwen2.5-0.5B,0.00019287271425127983,direct,fixed_random,14.09463119506836,14.09463119506836,1.0,0,128,1142.3133544921875,8.032443292904645e-05,34,final_hidden,2026-07-10T15:20:18.886132+00:00,nonpad_flattened,Qwen/Qwen2.5-0.5B,-0.00014895727528719277,-0.00014697711362864893
6272,128,0,256,main,wikitext,wikitext-2-raw-v1,validation,cuda,float32,128,qwen_dynamical_edge_burn256,0be219064d7f2de285c4637dbbf99d87feb1bdfb,"[1, 128, 896]",inputs_embeds,paper_style_feedback_dynamics,Qwen/Qwen2.5-0.5B,0.00018167492817156017,direct,fixed_random,14.09463119506836,14.09463119506836,1.0,0,128,1142.3133544921875,9.202061482938007e-05,35,final_hidden,2026-07-10T15:20:18.886132+00:00,nonpad_flattened,Qwen/Qwen2.5-0.5B,-0.00014697711362864893,-0.00014340975820162165
6272,128,0,256,main,wikitext,wikitext-2-raw-v1,validation,cuda,float32,128,qwen_dynamical_edge_burn256,0be219064d7f2de285c4637dbbf99d87feb1bdfb,"[1, 128, 896]",inputs_embeds,paper_style_feedback_dynamics,Qwen/Qwen2.5-0.5B,0.00015648514090571553,direct,fixed_random,14.094629287719727,14.09463119506836,1.0,0,128,1142.3133544921875,7.845725485822186e-05,36,final_hidden,2026-07-10T15:20:18.886132+00:00,nonpad_flattened,Qwen/Qwen2.5-0.5B,-0.00014340975820162165,-0.0001434565038342684
6272,128,0,256,main,wikitext,wikitext-2-raw-v1,validation,cuda,float32,128,qwen_dynamical_edge_burn256,0be219064d7f2de285c4637dbbf99d87feb1bdfb,"[1, 128, 896]",inputs_embeds,paper_style_feedback_dynamics,Qwen/Qwen2.5-0.5B,0.00015803643327672035,direct,fixed_random,14.09462833404541,14.094629287719727,1.0,0,128,1142.3133544921875,8.706649532541633e-05,37,final_hidden,2026-07-10T15:20:18.886132+00:00,nonpad_flattened,Qwen/Qwen2.5-0.5B,-0.0001434565038342684,-0.00014354546674411907
6272,128,0,256,main,wikitext,wikitext-2-raw-v1,validation,cuda,float32,128,qwen_dynamical_edge_burn256,0be219064d7f2de285c4637dbbf99d87feb1bdfb,"[1, 128, 896]",inputs_embeds,paper_style_feedback_dynamics,Qwen/Qwen2.5-0.5B,0.00015630728739779443,direct,fixed_random,14.094627380371094,14.09462833404541,1.0,0,128,1142.3133544921875,7.112923049135134e-05,38,final_hidden,2026-07-10T15:20:18.886132+00:00,nonpad_flattened,Qwen/Qwen2.5-0.5B,-0.00014354546674411907,-0.00014200535561045976
6272,128,0,256,main,wikitext,wikitext-2-raw-v1,validation,cuda,float32,128,qwen_dynamical_edge_burn256,0be219064d7f2de285c4637dbbf99d87feb1bdfb,"[1, 128, 896]",inputs_embeds,paper_style_feedback_dynamics,Qwen/Qwen2.5-0.5B,0.00014731544069945812,direct,fixed_random,14.09462833404541,14.094627380371094,1.0,0,128,1142.3133544921875,7.827545778127387e-05,39,final_hidden,2026-07-10T15:20:18.886132+00:00,nonpad_flattened,Qwen/Qwen2.5-0.5B,-0.00014200535561045976,-2.201894930962502e-05
6272,128,0,256,main,wikitext,wikitext-2-raw-v1,validation,cuda,float32,128,qwen_dynamical_edge_burn256,0be219064d7f2de285c4637dbbf99d87feb1bdfb,"[1, 128, 896]",inputs_embeds,paper_style_feedback_dynamics,Qwen/Qwen2.5-0.5B,0.00015162202180363238,direct,fixed_random,14.094627380371094,14.09462833404541,1.0,0,128,1142.313232421875,8.082440763246268e-05,40,final_hidden,2026-07-10T15:20:18.886132+00:00,nonpad_flattened,Qwen/Qwen2.5-0.5B,-2.201894930962502e-05,-2.4554979489963945e-05
6272,128,0,256,main,wikitext,wikitext-2-raw-v1,validation,cuda,float32,128,qwen_dynamical_edge_burn256,0be219064d7f2de285c4637dbbf99d87feb1bdfb,"[1, 128, 896]",inputs_embeds,paper_style_feedback_dynamics,Qwen/Qwen2.5-0.5B,0.0001683922455413267,direct,fixed_random,14.09462833404541,14.094627380371094,1.0,0,128,1142.313232421875,8.261528273578733e-05,41,final_hidden,2026-07-10T15:20:18.886132+00:00,nonpad_flattened,Qwen/Qwen2.5-0.5B,-2.4554979489963945e-05,-2.678943060175337e-05
6272,128,0,256,main,wikitext,wikitext-2-raw-v1,validation,cuda,float32,128,qwen_dynamical_edge_burn256,0be219064d7f2de285c4637dbbf99d87feb1bdfb,"[1, 128, 896]",inputs_embeds,paper_style_feedback_dynamics,Qwen/Qwen2.5-0.5B,0.0001851496781455353,direct,fixed_random,14.094625473022461,14.09462833404541,1.0,0,128,1142.313232421875,9.787379531189799e-05,42,final_hidden,2026-07-10T15:20:18.886132+00:00,nonpad_flattened,Qwen/Qwen2.5-0.5B,-2.678943060175337e-05,-3.1167670996130466e-05
6272,128,0,256,main,wikitext,wikitext-2-raw-v1,validation,cuda,float32,128,qwen_dynamical_edge_burn256,0be219064d7f2de285c4637dbbf99d87feb1bdfb,"[1, 128, 896]",inputs_embeds,paper_style_feedback_dynamics,Qwen/Qwen2.5-0.5B,0.00021414335060399026,direct,fixed_random,14.094625473022461,14.094625473022461,1.0,0,128,1142.313232421875,0.00010125078551936895,43,final_hidden,2026-07-10T15:20:18.886132+00:00,nonpad_flattened,Qwen/Qwen2.5-0.5B,-3.1167670996130466e-05,-2.962253207849194e-05
6272,128,0,256,main,wikitext,wikitext-2-raw-v1,validation,cuda,float32,128,qwen_dynamical_edge_burn256,0be219064d7f2de285c4637dbbf99d87feb1bdfb,"[1, 128, 896]",inputs_embeds,paper_style_feedback_dynamics,Qwen/Qwen2.5-0.5B,0.0002052320196526125,direct,fixed_random,14.094627380371094,14.094625473022461,1.0,0,128,1142.313232421875,0.00010917890904238448,44,final_hidden,2026-07-10T15:20:18.886132+00:00,nonpad_flattened,Qwen/Qwen2.5-0.5B,-2.962253207849194e-05,-3.108044009271929e-05
6272,128,0,256,main,wikitext,wikitext-2-raw-v1,validation,cuda,float32,128,qwen_dynamical_edge_burn256,0be219064d7f2de285c4637dbbf99d87feb1bdfb,"[1, 128, 896]",inputs_embeds,paper_style_feedback_dynamics,Qwen/Qwen2.5-0.5B,0.00021230110723990947,direct,fixed_random,14.094629287719727,14.094627380371094,1.0,0,128,1142.313232421875,9.245256660506129e-05,45,final_hidden,2026-07-10T15:20:18.886132+00:00,nonpad_flattened,Qwen/Qwen2.5-0.5B,-3.108044009271929e-05,-3.3205491556624274e-05
6272,128,0,256,main,wikitext,wikitext-2-raw-v1,validation,cuda,float32,128,qwen_dynamical_edge_burn256,0be219064d7f2de285c4637dbbf99d87feb1bdfb,"[1, 128, 896]",inputs_embeds,paper_style_feedback_dynamics,Qwen/Qwen2.5-0.5B,0.00022622180404141545,direct,fixed_random,14.094629287719727,14.094629287719727,1.0,0,128,1142.313232421875,9.304315608460456e-05,46,final_hidden,2026-07-10T15:20:18.886132+00:00,nonpad_flattened,Qwen/Qwen2.5-0.5B,-3.3205491556624274e-05,-2.8490978721520444e-05
6272,128,0,256,main,wikitext,wikitext-2-raw-v1,validation,cuda,float32,128,qwen_dynamical_edge_burn256,0be219064d7f2de285c4637dbbf99d87feb1bdfb,"[1, 128, 896]",inputs_embeds,paper_style_feedback_dynamics,Qwen/Qwen2.5-0.5B,0.00019453352433629334,direct,fixed_random,14.094625473022461,14.094629287719727,1.0,0,128,1142.313232421875,8.617743878858164e-05,47,final_hidden,2026-07-10T15:20:18.886132+00:00,nonpad_flattened,Qwen/Qwen2.5-0.5B,-2.8490978721520444e-05,-3.2168167717791926e-05
6272,128,0,256,main,wikitext,wikitext-2-raw-v1,validation,cuda,float32,128,qwen_dynamical_edge_burn256,0be219064d7f2de285c4637dbbf99d87feb1bdfb,"[1, 128, 896]",inputs_embeds,paper_style_feedback_dynamics,Qwen/Qwen2.5-0.5B,0.0002190273517044261,direct,fixed_random,14.094627380371094,14.094625473022461,1.0,0,128,1142.313232421875,8.99987353477627e-05,48,final_hidden,2026-07-10T15:20:18.886132+00:00,nonpad_flattened,Qwen/Qwen2.5-0.5B,-3.2168167717791926e-05,-3.3617075172123395e-05
6272,128,0,256,main,wikitext,wikitext-2-raw-v1,validation,cuda,float32,128,qwen_dynamical_edge_burn256,0be219064d7f2de285c4637dbbf99d87feb1bdfb,"[1, 128, 896]",inputs_embeds,paper_style_feedback_dynamics,Qwen/Qwen2.5-0.5B,0.00022659756359644234,direct,fixed_random,14.094627380371094,14.094627380371094,1.0,0,128,1142.313232421875,7.713683589827269e-05,49,final_hidden,2026-07-10T15:20:18.886132+00:00,nonpad_flattened,Qwen/Qwen2.5-0.5B,-3.3617075172123395e-05,-3.060432984102942e-05
6272,128,0,256,main,wikitext,wikitext-2-raw-v1,validation,cuda,float32,128,qwen_dynamical_edge_burn256,0be219064d7f2de285c4637dbbf99d87feb1bdfb,"[1, 128, 896]",inputs_embeds,paper_style_feedback_dynamics,Qwen/Qwen2.5-0.5B,0.0002109501074301079,direct,fixed_random,14.094626426696777,14.094627380371094,1.0,0,128,1142.313232421875,0.00010452608694322407,50,final_hidden,2026-07-10T15:20:18.886132+00:00,nonpad_flattened,Qwen/Qwen2.5-0.5B,-3.060432984102942e-05,-3.150454209035057e-05
6272,128,0,256,main,wikitext,wikitext-2-raw-v1,validation,cuda,float32,128,qwen_dynamical_edge_burn256,0be219064d7f2de285c4637dbbf99d87feb1bdfb,"[1, 128, 896]",inputs_embeds,paper_style_feedback_dynamics,Qwen/Qwen2.5-0.5B,0.00021449237829074264,direct,fixed_random,14.094627380371094,14.094626426696777,1.0,0,128,1142.313232421875,8.851822349242866e-05,51,final_hidden,2026-07-10T15:20:18.886132+00:00,nonpad_flattened,Qwen/Qwen2.5-0.5B,-3.150454209035057e-05,-0.00015081023514426295
6272,128,0,256,main,wikitext,wikitext-2-raw-v1,validation,cuda,float32,128,qwen_dynamical_edge_burn256,0be219064d7f2de285c4637dbbf99d87feb1bdfb,"[1, 128, 896]",inputs_embeds,paper_style_feedback_dynamics,Qwen/Qwen2.5-0.5B,0.00020676963322330266,direct,fixed_random,14.094626426696777,14.094627380371094,1.0,0,128,1142.3133544921875,9.298134682467207e-05,52,final_hidden,2026-07-10T15:20:18.886132+00:00,nonpad_flattened,Qwen/Qwen2.5-0.5B,-0.00015081023514426295,-3.122412571009589e-05
6272,128,0,256,main,wikitext,wikitext-2-raw-v1,validation,cuda,float32,128,qwen_dynamical_edge_burn256,0be219064d7f2de285c4637dbbf99d87feb1bdfb,"[1, 128, 896]",inputs_embeds,paper_style_feedback_dynamics,Qwen/Qwen2.5-0.5B,0.00021498340356629342,direct,fixed_random,14.094625473022461,14.094626426696777,1.0,0,128,1142.313232421875,0.00010451305570313707,53,final_hidden,2026-07-10T15:20:18.886132+00:00,nonpad_flattened,Qwen/Qwen2.5-0.5B,-3.122412571009589e-05,-3.3335395833053847e-05
6272,128,0,256,main,wikitext,wikitext-2-raw-v1,validation,cuda,float32,128,qwen_dynamical_edge_burn256,0be219064d7f2de285c4637dbbf99d87feb1bdfb,"[1, 128, 896]",inputs_embeds,paper_style_feedback_dynamics,Qwen/Qwen2.5-0.5B,0.00022760711726732552,direct,fixed_random,14.094625473022461,14.094625473022461,1.0,0,128,1142.313232421875,9.676846821093932e-05,54,final_hidden,2026-07-10T15:20:18.886132+00:00,nonpad_flattened,Qwen/Qwen2.5-0.5B,-3.3335395833053847e-05,-3.68436861561715e-05
6272,128,0,256,main,wikitext,wikitext-2-raw-v1,validation,cuda,float32,128,qwen_dynamical_edge_burn256,0be219064d7f2de285c4637dbbf99d87feb1bdfb,"[1, 128, 896]",inputs_embeds,paper_style_feedback_dynamics,Qwen/Qwen2.5-0.5B,0.0002478045062161982,direct,fixed_random,14.094625473022461,14.094625473022461,1.0,0,128,1142.313232421875,7.85182201070711e-05,55,final_hidden,2026-07-10T15:20:18.886132+00:00,nonpad_flattened,Qwen/Qwen2.5-0.5B,-3.68436861561715e-05,8.189498676549872e-05
6272,128,0,256,main,wikitext,wikitext-2-raw-v1,validation,cuda,float32,128,qwen_dynamical_edge_burn256,0be219064d7f2de285c4637dbbf99d87feb1bdfb,"[1, 128, 896]",inputs_embeds,paper_style_feedback_dynamics,Qwen/Qwen2.5-0.5B,0.0002598916180431843,direct,fixed_random,14.094627380371094,14.094625473022461,1.0,0,128,1142.3131103515625,7.870011177146807e-05,56,final_hidden,2026-07-10T15:20:18.886132+00:00,nonpad_flattened,Qwen/Qwen2.5-0.5B,8.189498676549872e-05,8.205314881494943e-05
6272,128,0,256,main,wikitext,wikitext-2-raw-v1,validation,cuda,float32,128,qwen_dynamical_edge_burn256,0be219064d7f2de285c4637dbbf99d87feb1bdfb,"[1, 128, 896]",inputs_embeds,paper_style_feedback_dynamics,Qwen/Qwen2.5-0.5B,0.0002591384982224554,direct,fixed_random,14.094627380371094,14.094627380371094,1.0,0,128,1142.3131103515625,8.06097814347595e-05,57,final_hidden,2026-07-10T15:20:18.886132+00:00,nonpad_flattened,Qwen/Qwen2.5-0.5B,8.205314881494943e-05,-3.616740515661317e-05
6272,128,0,256,main,wikitext,wikitext-2-raw-v1,validation,cuda,float32,128,qwen_dynamical_edge_burn256,0be219064d7f2de285c4637dbbf99d87feb1bdfb,"[1, 128, 896]",inputs_embeds,paper_style_feedback_dynamics,Qwen/Qwen2.5-0.5B,0.00024530867813155055,direct,fixed_random,14.094633102416992,14.094627380371094,1.0,0,128,1142.313232421875,9.168525866698474e-05,58,final_hidden,2026-07-10T15:20:18.886132+00:00,nonpad_flattened,Qwen/Qwen2.5-0.5B,-3.616740515661317e-05,-3.2793285188152495e-05
6272,128,0,256,main,wikitext,wikitext-2-raw-v1,validation,cuda,float32,128,qwen_dynamical_edge_burn256,0be219064d7f2de285c4637dbbf99d87feb1bdfb,"[1, 128, 896]",inputs_embeds,paper_style_feedback_dynamics,Qwen/Qwen2.5-0.5B,0.00022637892107013613,direct,fixed_random,14.09463119506836,14.094633102416992,1.0,0,128,1142.313232421875,0.00011265656212344766,59,final_hidden,2026-07-10T15:20:18.886132+00:00,nonpad_flattened,Qwen/Qwen2.5-0.5B,-3.2793285188152495e-05,8.117482916194087e-05
6272,128,0,256,main,wikitext,wikitext-2-raw-v1,validation,cuda,float32,128,qwen_dynamical_edge_burn256,0be219064d7f2de285c4637dbbf99d87feb1bdfb,"[1, 128, 896]",inputs_embeds,paper_style_feedback_dynamics,Qwen/Qwen2.5-0.5B,0.0002670963294804096,direct,fixed_random,14.094630241394043,14.09463119506836,1.0,0,128,1142.3131103515625,9.607195534044877e-05,60,final_hidden,2026-07-10T15:20:18.886132+00:00,nonpad_flattened,Qwen/Qwen2.5-0.5B,8.117482916194087e-05,8.451017997944144e-05
6272,128,0,256,main,wikitext,wikitext-2-raw-v1,validation,cuda,float32,128,qwen_dynamical_edge_burn256,0be219064d7f2de285c4637dbbf99d87feb1bdfb,"[1, 128, 896]",inputs_embeds,paper_style_feedback_dynamics,Qwen/Qwen2.5-0.5B,0.0002444241545163095,direct,fixed_random,14.094630241394043,14.094630241394043,1.0,0,128,1142.3131103515625,8.946214074967429e-05,61,final_hidden,2026-07-10T15:20:18.886132+00:00,nonpad_flattened,Qwen/Qwen2.5-0.5B,8.451017997944144e-05,8.125978389615527e-05
6272,128,0,256,main,wikitext,wikitext-2-raw-v1,validation,cuda,float32,128,qwen_dynamical_edge_burn256,0be219064d7f2de285c4637dbbf99d87feb1bdfb,"[1, 128, 896]",inputs_embeds,paper_style_feedback_dynamics,Qwen/Qwen2.5-0.5B,0.0002650697424542159,direct,fixed_random,14.094629287719727,14.094630241394043,1.0,0,128,1142.3131103515625,8.589867502450943e-05,62,final_hidden,2026-07-10T15:20:18.886132+00:00,nonpad_flattened,Qwen/Qwen2.5-0.5B,8.125978389615527e-05,7.999232764276199e-05
6272,128,0,256,main,wikitext,wikitext-2-raw-v1,validation,cuda,float32,128,qwen_dynamical_edge_burn256,0be219064d7f2de285c4637dbbf99d87feb1bdfb,"[1, 128, 896]",inputs_embeds,paper_style_feedback_dynamics,Qwen/Qwen2.5-0.5B,0.00027435211814008653,direct,fixed_random,14.094629287719727,14.094629287719727,1.0,0,128,1142.3131103515625,9.301413228968158e-05,63,final_hidden,2026-07-10T15:20:18.886132+00:00,nonpad_flattened,Qwen/Qwen2.5-0.5B,7.999232764276199e-05,7.572285742049579e-05
6272,128,0,256,main,wikitext,wikitext-2-raw-v1,validation,cuda,float32,128,qwen_dynamical_edge_burn256,0be219064d7f2de285c4637dbbf99d87feb1bdfb,"[1, 128, 896]",inputs_embeds,paper_style_feedback_dynamics,Qwen/Qwen2.5-0.5B,0.0003006773185916245,direct,fixed_random,14.094629287719727,14.094629287719727,1.0,0,128,1142.3131103515625,8.285663352580741e-05,64,final_hidden,2026-07-10T15:20:18.886132+00:00,nonpad_flattened,Qwen/Qwen2.5-0.5B,7.572285742049579e-05,7.915746975411226e-05
6272,128,0,256,main,wikitext,wikitext-2-raw-v1,validation,cuda,float32,128,qwen_dynamical_edge_burn256,0be219064d7f2de285c4637dbbf99d87feb1bdfb,"[1, 128, 896]",inputs_embeds,paper_style_feedback_dynamics,Qwen/Qwen2.5-0.5B,0.0002776525798253715,direct,fixed_random,14.094627380371094,14.094629287719727,1.0,0,128,1142.3131103515625,7.827443914720789e-05,65,final_hidden,2026-07-10T15:20:18.886132+00:00,nonpad_flattened,Qwen/Qwen2.5-0.5B,7.915746975411226e-05,8.109295711640744e-05
6272,128,0,256,main,wikitext,wikitext-2-raw-v1,validation,cuda,float32,128,qwen_dynamical_edge_burn256,0be219064d7f2de285c4637dbbf99d87feb1bdfb,"[1, 128, 896]",inputs_embeds,paper_style_feedback_dynamics,Qwen/Qwen2.5-0.5B,0.0002676077128853649,direct,fixed_random,14.094629287719727,14.094627380371094,1.0,0,128,1142.3131103515625,9.592251444701105e-05,66,final_hidden,2026-07-10T15:20:18.886132+00:00,nonpad_flattened,Qwen/Qwen2.5-0.5B,8.109295711640744e-05,7.94725110422994e-05
6272,128,0,256,main,wikitext,wikitext-2-raw-v1,validation,cuda,float32,128,qwen_dynamical_edge_burn256,0be219064d7f2de285c4637dbbf99d87feb1bdfb,"[1, 128, 896]",inputs_embeds,paper_style_feedback_dynamics,Qwen/Qwen2.5-0.5B,0.00027695370954461396,direct,fixed_random,14.094629287719727,14.094629287719727,1.0,0,128,1142.3131103515625,8.761036588111892e-05,67,final_hidden,2026-07-10T15:20:18.886132+00:00,nonpad_flattened,Qwen/Qwen2.5-0.5B,7.94725110422994e-05,8.002359477710078e-05
6272,128,0,256,main,wikitext,wikitext-2-raw-v1,validation,cuda,float32,128,qwen_dynamical_edge_burn256,0be219064d7f2de285c4637dbbf99d87feb1bdfb,"[1, 128, 896]",inputs_embeds,paper_style_feedback_dynamics,Qwen/Qwen2.5-0.5B,0.0002737824397627264,direct,fixed_random,14.094626426696777,14.094629287719727,1.0,0,128,1142.3131103515625,9.048640640685335e-05,68,final_hidden,2026-07-10T15:20:18.886132+00:00,nonpad_flattened,Qwen/Qwen2.5-0.5B,8.002359477710078e-05,8.092981159254142e-05
6272,128,0,256,main,wikitext,wikitext-2-raw-v1,validation,cuda,float32,128,qwen_dynamical_edge_burn256,0be219064d7f2de285c4637dbbf99d87feb1bdfb,"[1, 128, 896]",inputs_embeds,paper_style_feedback_dynamics,Qwen/Qwen2.5-0.5B,0.0002662008337210864,direct,fixed_random,14.094629287719727,14.094626426696777,1.0,0,128,1142.3131103515625,7.887574611231685e-05,69,final_hidden,2026-07-10T15:20:18.886132+00:00,nonpad_flattened,Qwen/Qwen2.5-0.5B,8.092981159254142e-05,8.170429330835924e-05
6272,128,0,256,main,wikitext,wikitext-2-raw-v1,validation,cuda,float32,128,qwen_dynamical_edge_burn256,0be219064d7f2de285c4637dbbf99d87feb1bdfb,"[1, 128, 896]",inputs_embeds,paper_style_feedback_dynamics,Qwen/Qwen2.5-0.5B,0.0002629128284752369,direct,fixed_random,14.094635009765625,14.094629287719727,1.0,0,128,1142.3131103515625,9.098753798753023e-05,70,final_hidden,2026-07-10T15:20:18.886132+00:00,nonpad_flattened,Qwen/Qwen2.5-0.5B,8.170429330835924e-05,-3.568207129625186e-05
6272,128,0,256,main,wikitext,wikitext-2-raw-v1,validation,cuda,float32,128,qwen_dynamical_edge_burn256,0be219064d7f2de285c4637dbbf99d87feb1bdfb,"[1, 128, 896]",inputs_embeds,paper_style_feedback_dynamics,Qwen/Qwen2.5-0.5B,0.00024320592638105154,direct,fixed_random,14.094627380371094,14.094635009765625,1.0,0,128,1142.313232421875,9.898312418954447e-05,71,final_hidden,2026-07-10T15:20:18.886132+00:00,nonpad_flattened,Qwen/Qwen2.5-0.5B,-3.568207129625186e-05,8.859029489825984e-05
6272,128,0,256,main,wikitext,wikitext-2-raw-v1,validation,cuda,float32,128,qwen_dynamical_edge_burn256,0be219064d7f2de285c4637dbbf99d87feb1bdfb,"[1, 128, 896]",inputs_embeds,paper_style_feedback_dynamics,Qwen/Qwen2.5-0.5B,0.00021795736392959952,direct,fixed_random,14.094632148742676,14.094627380371094,1.0,0,128,1142.3131103515625,9.01305684237741e-05,72,final_hidden,2026-07-10T15:20:18.886132+00:00,nonpad_flattened,Qwen/Qwen2.5-0.5B,8.859029489825984e-05,8.956620469795615e-05
6272,128,0,256,main,wikitext,wikitext-2-raw-v1,validation,cuda,float32,128,qwen_dynamical_edge_burn256,0be219064d7f2de285c4637dbbf99d87feb1bdfb,"[1, 128, 896]",inputs_embeds,paper_style_feedback_dynamics,Qwen/Qwen2.5-0.5B,0.0002132563677150756,direct,fixed_random,14.094629287719727,14.094632148742676,1.0,0,128,1142.3131103515625,0.00010154094343306497,73,final_hidden,2026-07-10T15:20:18.886132+00:00,nonpad_flattened,Qwen/Qwen2.5-0.5B,8.956620469795615e-05,9.104473124754584e-05
6272,128,0,256,main,wikitext,wikitext-2-raw-v1,validation,cuda,float32,128,qwen_dynamical_edge_burn256,0be219064d7f2de285c4637dbbf99d87feb1bdfb,"[1, 128, 896]",inputs_embeds,paper_style_feedback_dynamics,Qwen/Qwen2.5-0.5B,0.00020499620586633682,direct,fixed_random,14.09463119506836,14.094629287719727,1.0,0,128,1142.3131103515625,0.00011097065726062283,74,final_hidden,2026-07-10T15:20:18.886132+00:00,nonpad_flattened,Qwen/Qwen2.5-0.5B,9.104473124754584e-05,9.321108099092051e-05
6272,128,0,256,main,wikitext,wikitext-2-raw-v1,validation,cuda,float32,128,qwen_dynamical_edge_burn256,0be219064d7f2de285c4637dbbf99d87feb1bdfb,"[1, 128, 896]",inputs_embeds,paper_style_feedback_dynamics,Qwen/Qwen2.5-0.5B,0.00018989907403010875,direct,fixed_random,14.09463119506836,14.09463119506836,1.0,0,128,1142.3131103515625,0.0001041140640154481,75,final_hidden,2026-07-10T15:20:18.886132+00:00,nonpad_flattened,Qwen/Qwen2.5-0.5B,9.321108099092051e-05,9.610578214164805e-05
6272,128,0,256,main,wikitext,wikitext-2-raw-v1,validation,cuda,float32,128,qwen_dynamical_edge_burn256,0be219064d7f2de285c4637dbbf99d87feb1bdfb,"[1, 128, 896]",inputs_embeds,paper_style_feedback_dynamics,Qwen/Qwen2.5-0.5B,0.00016892782878130674,direct,fixed_random,14.094629287719727,14.09463119506836,1.0,0,128,1142.3131103515625,8.944066939875484e-05,76,final_hidden,2026-07-10T15:20:18.886132+00:00,nonpad_flattened,Qwen/Qwen2.5-0.5B,9.610578214164805e-05,9.471510030616229e-05
6272,128,0,256,main,wikitext,wikitext-2-raw-v1,validation,cuda,float32,128,qwen_dynamical_edge_burn256,0be219064d7f2de285c4637dbbf99d87feb1bdfb,"[1, 128, 896]",inputs_embeds,paper_style_feedback_dynamics,Qwen/Qwen2.5-0.5B,0.00017755411681719124,direct,fixed_random,14.094632148742676,14.094629287719727,1.0,0,128,1142.3131103515625,8.648738003103063e-05,77,final_hidden,2026-07-10T15:20:18.886132+00:00,nonpad_flattened,Qwen/Qwen2.5-0.5B,9.471510030616229e-05,9.780928228746437e-05
6272,128,0,256,main,wikitext,wikitext-2-raw-v1,validation,cuda,float32,128,qwen_dynamical_edge_burn256,0be219064d7f2de285c4637dbbf99d87feb1bdfb,"[1, 128, 896]",inputs_embeds,paper_style_feedback_dynamics,Qwen/Qwen2.5-0.5B,0.0001599302631802857,direct,fixed_random,14.094634056091309,14.094632148742676,1.0,0,128,1142.3131103515625,0.00010389173257863149,78,final_hidden,2026-07-10T15:20:18.886132+00:00,nonpad_flattened,Qwen/Qwen2.5-0.5B,9.780928228746437e-05,9.70040023139683e-05
6272,128,0,256,main,wikitext,wikitext-2-raw-v1,validation,cuda,float32,128,qwen_dynamical_edge_burn256,0be219064d7f2de285c4637dbbf99d87feb1bdfb,"[1, 128, 896]",inputs_embeds,paper_style_feedback_dynamics,Qwen/Qwen2.5-0.5B,0.0001645395386731252,direct,fixed_random,14.094634056091309,14.094634056091309,1.0,0,128,1142.3131103515625,9.951789252227172e-05,79,final_hidden,2026-07-10T15:20:18.886132+00:00,nonpad_flattened,Qwen/Qwen2.5-0.5B,9.70040023139683e-05,9.701761697577266e-05
6272,128,0,256,main,wikitext,wikitext-2-raw-v1,validation,cuda,float32,128,qwen_dynamical_edge_burn256,0be219064d7f2de285c4637dbbf99d87feb1bdfb,"[1, 128, 896]",inputs_embeds,paper_style_feedback_dynamics,Qwen/Qwen2.5-0.5B,0.00016276570386253297,direct,fixed_random,14.094629287719727,14.094634056091309,1.0,0,128,1142.3131103515625,8.788293780526146e-05,80,final_hidden,2026-07-10T15:20:18.886132+00:00,nonpad_flattened,Qwen/Qwen2.5-0.5B,9.701761697577266e-05,9.619792705317523e-05
6272,128,0,256,main,wikitext,wikitext-2-raw-v1,validation,cuda,float32,128,qwen_dynamical_edge_burn256,0be219064d7f2de285c4637dbbf99d87feb1bdfb,"[1, 128, 896]",inputs_embeds,paper_style_feedback_dynamics,Qwen/Qwen2.5-0.5B,0.00016778806457296014,direct,fixed_random,14.094633102416992,14.094629287719727,1.0,0,128,1142.3131103515625,8.571340003982186e-05,81,final_hidden,2026-07-10T15:20:18.886132+00:00,nonpad_flattened,Qwen/Qwen2.5-0.5B,9.619792705317523e-05,9.660332601487224e-05
6272,128,0,256,main,wikitext,wikitext-2-raw-v1,validation,cuda,float32,128,qwen_dynamical_edge_burn256,0be219064d7f2de285c4637dbbf99d87feb1bdfb,"[1, 128, 896]",inputs_embeds,paper_style_feedback_dynamics,Qwen/Qwen2.5-0.5B,0.00016644086281303316,direct,fixed_random,14.094627380371094,14.094633102416992,1.0,0,128,1142.3131103515625,9.46346772252582e-05,82,final_hidden,2026-07-10T15:20:18.886132+00:00,nonpad_flattened,Qwen/Qwen2.5-0.5B,9.660332601487224e-05,9.817650964415719e-05
6272,128,0,256,main,wikitext,wikitext-2-raw-v1,validation,cuda,float32,128,qwen_dynamical_edge_burn256,0be219064d7f2de285c4637dbbf99d87feb1bdfb,"[1, 128, 896]",inputs_embeds,paper_style_feedback_dynamics,Qwen/Qwen2.5-0.5B,0.0001568515581311658,direct,fixed_random,14.094633102416992,14.094627380371094,1.0,0,128,1142.3131103515625,9.914253314491361e-05,83,final_hidden,2026-07-10T15:20:18.886132+00:00,nonpad_flattened,Qwen/Qwen2.5-0.5B,9.817650964415719e-05,9.868514783338789e-05
6272,128,0,256,main,wikitext,wikitext-2-raw-v1,validation,cuda,float32,128,qwen_dynamical_edge_burn256,0be219064d7f2de285c4637dbbf99d87feb1bdfb,"[1, 128, 896]",inputs_embeds,paper_style_feedback_dynamics,Qwen/Qwen2.5-0.5B,0.00015394242655020207,direct,fixed_random,14.09463119506836,14.094633102416992,1.0,0,128,1142.3131103515625,0.00010192050831392407,84,final_hidden,2026-07-10T15:20:18.886132+00:00,nonpad_flattened,Qwen/Qwen2.5-0.5B,9.868514783338789e-05,9.741139600376146e-05
6272,128,0,256,main,wikitext,wikitext-2-raw-v1,validation,cuda,float32,128,qwen_dynamical_edge_burn256,0be219064d7f2de285c4637dbbf99d87feb1bdfb,"[1, 128, 896]",inputs_embeds,paper_style_feedback_dynamics,Qwen/Qwen2.5-0.5B,0.00016253742796834558,direct,fixed_random,14.094629287719727,14.09463119506836,1.0,0,128,1142.3131103515625,0.00010400720202596858,85,final_hidden,2026-07-10T15:20:18.886132+00:00,nonpad_flattened,Qwen/Qwen2.5-0.5B,9.741139600376146e-05,9.760131901827538e-05
6272,128,0,256,main,wikitext,wikitext-2-raw-v1,validation,cuda,float32,128,qwen_dynamical_edge_burn256,0be219064d7f2de285c4637dbbf99d87feb1bdfb,"[1, 128, 896]",inputs_embeds,paper_style_feedback_dynamics,Qwen/Qwen2.5-0.5B,0.00015993713168427348,direct,fixed_random,14.09463119506836,14.094629287719727,1.0,0,128,1142.3131103515625,9.45912252063863e-05,86,final_hidden,2026-07-10T15:20:18.886132+00:00,nonpad_flattened,Qwen/Qwen2.5-0.5B,9.760131901827538e-05,9.854480007693531e-05
6272,128,0,256,main,wikitext,wikitext-2-raw-v1,validation,cuda,float32,128,qwen_dynamical_edge_burn256,0be219064d7f2de285c4637dbbf99d87feb1bdfb,"[1, 128, 896]",inputs_embeds,paper_style_feedback_dynamics,Qwen/Qwen2.5-0.5B,0.0001538651849841699,direct,fixed_random,14.094632148742676,14.09463119506836,1.0,0,128,1142.3131103515625,9.507859795121476e-05,87,final_hidden,2026-07-10T15:20:18.886132+00:00,nonpad_flattened,Qwen/Qwen2.5-0.5B,9.854480007693531e-05,9.650226414019614e-05
6272,128,0,256,main,wikitext,wikitext-2-raw-v1,validation,cuda,float32,128,qwen_dynamical_edge_burn256,0be219064d7f2de285c4637dbbf99d87feb1bdfb,"[1, 128, 896]",inputs_embeds,paper_style_feedback_dynamics,Qwen/Qwen2.5-0.5B,0.00016739446436986327,direct,fixed_random,14.09463119506836,14.094632148742676,1.0,0,128,1142.3131103515625,9.667582344263792e-05,88,final_hidden,2026-07-10T15:20:18.886132+00:00,nonpad_flattened,Qwen/Qwen2.5-0.5B,9.650226414019614e-05,9.865720737345764e-05
6272,128,0,256,main,wikitext,wikitext-2-raw-v1,validation,cuda,float32,128,qwen_dynamical_edge_burn256,0be219064d7f2de285c4637dbbf99d87feb1bdfb,"[1, 128, 896]",inputs_embeds,paper_style_feedback_dynamics,Qwen/Qwen2.5-0.5B,0.0001542282261652872,direct,fixed_random,14.094632148742676,14.09463119506836,1.0,0,128,1142.3131103515625,0.00010263780859531835,89,final_hidden,2026-07-10T15:20:18.886132+00:00,nonpad_flattened,Qwen/Qwen2.5-0.5B,9.865720737345764e-05,9.744328846485835e-05
6272,128,0,256,main,wikitext,wikitext-2-raw-v1,validation,cuda,float32,128,qwen_dynamical_edge_burn256,0be219064d7f2de285c4637dbbf99d87feb1bdfb,"[1, 128, 896]",inputs_embeds,paper_style_feedback_dynamics,Qwen/Qwen2.5-0.5B,0.00016099085041787475,direct,fixed_random,14.094630241394043,14.094632148742676,1.0,0,128,1142.3131103515625,9.476286504650488e-05,90,final_hidden,2026-07-10T15:20:18.886132+00:00,nonpad_flattened,Qwen/Qwen2.5-0.5B,9.744328846485835e-05,9.78263314408382e-05
6272,128,0,256,main,wikitext,wikitext-2-raw-v1,validation,cuda,float32,128,qwen_dynamical_edge_burn256,0be219064d7f2de285c4637dbbf99d87feb1bdfb,"[1, 128, 896]",inputs_embeds,paper_style_feedback_dynamics,Qwen/Qwen2.5-0.5B,0.00015731866005808115,direct,fixed_random,14.094633102416992,14.094630241394043,1.0,0,128,1142.3131103515625,8.662702748551965e-05,91,final_hidden,2026-07-10T15:20:18.886132+00:00,nonpad_flattened,Qwen/Qwen2.5-0.5B,9.78263314408382e-05,9.815953880357814e-05
6272,128,0,256,main,wikitext,wikitext-2-raw-v1,validation,cuda,float32,128,qwen_dynamical_edge_burn256,0be219064d7f2de285c4637dbbf99d87feb1bdfb,"[1, 128, 896]",inputs_embeds,paper_style_feedback_dynamics,Qwen/Qwen2.5-0.5B,0.00015454675303772092,direct,fixed_random,14.094633102416992,14.094633102416992,1.0,0,128,1142.3131103515625,8.246683137258515e-05,92,final_hidden,2026-07-10T15:20:18.886132+00:00,nonpad_flattened,Qwen/Qwen2.5-0.5B,9.815953880357814e-05,9.83375641539463e-05
6272,128,0,256,main,wikitext,wikitext-2-raw-v1,validation,cuda,float32,128,qwen_dynamical_edge_burn256,0be219064d7f2de285c4637dbbf99d87feb1bdfb,"[1, 128, 896]",inputs_embeds,paper_style_feedback_dynamics,Qwen/Qwen2.5-0.5B,0.00015388682368211448,direct,fixed_random,14.094633102416992,14.094633102416992,1.0,0,128,1142.3131103515625,8.591276127845049e-05,93,final_hidden,2026-07-10T15:20:18.886132+00:00,nonpad_flattened,Qwen/Qwen2.5-0.5B,9.83375641539463e-05,9.903424636634987e-05
6272,128,0,256,main,wikitext,wikitext-2-raw-v1,validation,cuda,float32,128,qwen_dynamical_edge_burn256,0be219064d7f2de285c4637dbbf99d87feb1bdfb,"[1, 128, 896]",inputs_embeds,paper_style_feedback_dynamics,Qwen/Qwen2.5-0.5B,0.00015069976507220417,direct,fixed_random,14.09462833404541,14.094633102416992,1.0,0,128,1142.3131103515625,9.522442996967584e-05,94,final_hidden,2026-07-10T15:20:18.886132+00:00,nonpad_flattened,Qwen/Qwen2.5-0.5B,9.903424636634987e-05,9.825885391695023e-05
6272,128,0,256,main,wikitext,wikitext-2-raw-v1,validation,cuda,float32,128,qwen_dynamical_edge_burn256,0be219064d7f2de285c4637dbbf99d87feb1bdfb,"[1, 128, 896]",inputs_embeds,paper_style_feedback_dynamics,Qwen/Qwen2.5-0.5B,0.00015576473379042,direct,fixed_random,14.094633102416992,14.09462833404541,1.0,0,128,1142.3131103515625,9.534023411106318e-05,95,final_hidden,2026-07-10T15:20:18.886132+00:00,nonpad_flattened,Qwen/Qwen2.5-0.5B,9.825885391695023e-05,9.77536138822331e-05
6272,128,0,256,main,wikitext,wikitext-2-raw-v1,validation,cuda,float32,128,qwen_dynamical_edge_burn256,0be219064d7f2de285c4637dbbf99d87feb1bdfb,"[1, 128, 896]",inputs_embeds,paper_style_feedback_dynamics,Qwen/Qwen2.5-0.5B,0.00015928263019304723,direct,fixed_random,14.094630241394043,14.094633102416992,1.0,0,128,1142.3131103515625,9.69180473475717e-05,96,final_hidden,2026-07-10T15:20:18.886132+00:00,nonpad_flattened,Qwen/Qwen2.5-0.5B,9.77536138822331e-05,9.942520333643206e-05
6272,128,0,256,main,wikitext,wikitext-2-raw-v1,validation,cuda,float32,128,qwen_dynamical_edge_burn256,0be219064d7f2de285c4637dbbf99d87feb1bdfb,"[1, 128, 896]",inputs_embeds,paper_style_feedback_dynamics,Qwen/Qwen2.5-0.5B,0.00014683825429528952,direct,fixed_random,14.09463119506836,14.094630241394043,1.0,0,128,1142.3131103515625,8.613721729489043e-05,97,final_hidden,2026-07-10T15:20:18.886132+00:00,nonpad_flattened,Qwen/Qwen2.5-0.5B,9.942520333643206e-05,0.00010000871037556306
6272,128,0,256,main,wikitext,wikitext-2-raw-v1,validation,cuda,float32,128,qwen_dynamical_edge_burn256,0be219064d7f2de285c4637dbbf99d87feb1bdfb,"[1, 128, 896]",inputs_embeds,paper_style_feedback_dynamics,Qwen/Qwen2.5-0.5B,0.00014166324399411678,direct,fixed_random,14.094629287719727,14.09463119506836,1.0,0,128,1142.3131103515625,7.663643191335723e-05,98,final_hidden,2026-07-10T15:20:18.886132+00:00,nonpad_flattened,Qwen/Qwen2.5-0.5B,0.00010000871037556306,9.952711117984139e-05
6272,128,0,256,main,wikitext,wikitext-2-raw-v1,validation,cuda,float32,128,qwen_dynamical_edge_burn256,0be219064d7f2de285c4637dbbf99d87feb1bdfb,"[1, 128, 896]",inputs_embeds,paper_style_feedback_dynamics,Qwen/Qwen2.5-0.5B,0.00014479047968052328,direct,fixed_random,14.09463119506836,14.094629287719727,1.0,0,128,1142.3131103515625,7.657969399588183e-05,99,final_hidden,2026-07-10T15:20:18.886132+00:00,nonpad_flattened,Qwen/Qwen2.5-0.5B,9.952711117984139e-05,0.00010035471146403282
6272,128,0,256,main,wikitext,wikitext-2-raw-v1,validation,cuda,float32,128,qwen_dynamical_edge_burn256,0be219064d7f2de285c4637dbbf99d87feb1bdfb,"[1, 128, 896]",inputs_embeds,paper_style_feedback_dynamics,Qwen/Qwen2.5-0.5B,0.00014228717191144824,direct,fixed_random,14.094627380371094,14.09463119506836,1.0,0,128,1142.3131103515625,9.649687854107469e-05,100,final_hidden,2026-07-10T15:20:18.886132+00:00,nonpad_flattened,Qwen/Qwen2.5-0.5B,0.00010035471146403282,0.00010019528719760618
6272,128,0,256,main,wikitext,wikitext-2-raw-v1,validation,cuda,float32,128,qwen_dynamical_edge_burn256,0be219064d7f2de285c4637dbbf99d87feb1bdfb,"[1, 128, 896]",inputs_embeds,paper_style_feedback_dynamics,Qwen/Qwen2.5-0.5B,0.00014248344814404845,direct,fixed_random,14.094629287719727,14.094627380371094,1.0,0,128,1142.3131103515625,9.068590588867664e-05,101,final_hidden,2026-07-10T15:20:18.886132+00:00,nonpad_flattened,Qwen/Qwen2.5-0.5B,0.00010019528719760618,0.0001012373237182602
6272,128,0,256,main,wikitext,wikitext-2-raw-v1,validation,cuda,float32,128,qwen_dynamical_edge_burn256,0be219064d7f2de285c4637dbbf99d87feb1bdfb,"[1, 128, 896]",inputs_embeds,paper_style_feedback_dynamics,Qwen/Qwen2.5-0.5B,0.00013454537838697433,direct,fixed_random,14.09463119506836,14.094629287719727,1.0,0,128,1142.3131103515625,8.271922706626356e-05,102,final_hidden,2026-07-10T15:20:18.886132+00:00,nonpad_flattened,Qwen/Qwen2.5-0.5B,0.0001012373237182602,0.00010118177534637837
6272,128,0,256,main,wikitext,wikitext-2-raw-v1,validation,cuda,float32,128,qwen_dynamical_edge_burn256,0be219064d7f2de285c4637dbbf99d87feb1bdfb,"[1, 128, 896]",inputs_embeds,paper_style_feedback_dynamics,Qwen/Qwen2.5-0.5B,0.00013517322076950222,direct,fixed_random,14.094630241394043,14.09463119506836,1.0,0,128,1142.3131103515625,8.45570903038606e-05,103,final_hidden,2026-07-10T15:20:18.886132+00:00,nonpad_flattened,Qwen/Qwen2.5-0.5B,0.00010118177534637837,0.00010271182378522845
6272,128,0,256,main,wikitext,wikitext-2-raw-v1,validation,cuda,float32,128,qwen_dynamical_edge_burn256,0be219064d7f2de285c4637dbbf99d87feb1bdfb,"[1, 128, 896]",inputs_embeds,paper_style_feedback_dynamics,Qwen/Qwen2.5-0.5B,0.00012308754958212376,direct,fixed_random,14.094630241394043,14.094630241394043,1.0,0,128,1142.3131103515625,6.989057874307036e-05,104,final_hidden,2026-07-10T15:20:18.886132+00:00,nonpad_flattened,Qwen/Qwen2.5-0.5B,0.00010271182378522845,0.00010014539419631343
6272,128,0,256,main,wikitext,wikitext-2-raw-v1,validation,cuda,float32,128,qwen_dynamical_edge_burn256,0be219064d7f2de285c4637dbbf99d87feb1bdfb,"[1, 128, 896]",inputs_embeds,paper_style_feedback_dynamics,Qwen/Qwen2.5-0.5B,0.0001432240242138505,direct,fixed_random,14.094633102416992,14.094630241394043,1.0,0,128,1142.3131103515625,9.355631482321769e-05,105,final_hidden,2026-07-10T15:20:18.886132+00:00,nonpad_flattened,Qwen/Qwen2.5-0.5B,0.00010014539419631343,0.0001021520234770893
6272,128,0,256,main,wikitext,wikitext-2-raw-v1,validation,cuda,float32,128,qwen_dynamical_edge_burn256,0be219064d7f2de285c4637dbbf99d87feb1bdfb,"[1, 128, 896]",inputs_embeds,paper_style_feedback_dynamics,Qwen/Qwen2.5-0.5B,0.00012881311704404652,direct,fixed_random,14.094633102416992,14.094633102416992,1.0,0,128,1142.3131103515625,8.425814303336665e-05,106,final_hidden,2026-07-10T15:20:18.886132+00:00,nonpad_flattened,Qwen/Qwen2.5-0.5B,0.0001021520234770893,0.00010173168021070076
6272,128,0,256,main,wikitext,wikitext-2-raw-v1,validation,cuda,float32,128,qwen_dynamical_edge_burn256,0be219064d7f2de285c4637dbbf99d87feb1bdfb,"[1, 128, 896]",inputs_embeds,paper_style_feedback_dynamics,Qwen/Qwen2.5-0.5B,0.00013159139780327678,direct,fixed_random,14.094629287719727,14.094633102416992,1.0,0,128,1142.3131103515625,8.45455942908302e-05,107,final_hidden,2026-07-10T15:20:18.886132+00:00,nonpad_flattened,Qwen/Qwen2.5-0.5B,0.00010173168021070076,0.00010245100743394296
6272,128,0,256,main,wikitext,wikitext-2-raw-v1,validation,cuda,float32,128,qwen_dynamical_edge_burn256,0be219064d7f2de285c4637dbbf99d87feb1bdfb,"[1, 128, 896]",inputs_embeds,paper_style_feedback_dynamics,Qwen/Qwen2.5-0.5B,0.0001268445048481226,direct,fixed_random,14.09463119506836,14.094629287719727,1.0,0,128,1142.3131103515625,8.410572627326474e-05,108,final_hidden,2026-07-10T15:20:18.886132+00:00,nonpad_flattened,Qwen/Qwen2.5-0.5B,0.00010245100743394296,0.00010460487289171928
6272,128,0,256,main,wikitext,wikitext-2-raw-v1,validation,cuda,float32,128,qwen_dynamical_edge_burn256,0be219064d7f2de285c4637dbbf99d87feb1bdfb,"[1, 128, 896]",inputs_embeds,paper_style_feedback_dynamics,Qwen/Qwen2.5-0.5B,0.00011266015644650906,direct,fixed_random,14.094629287719727,14.09463119506836,1.0,0,128,1142.3131103515625,8.299001638079062e-05,109,final_hidden,2026-07-10T15:20:18.886132+00:00,nonpad_flattened,Qwen/Qwen2.5-0.5B,0.00010460487289171928,0.0001026767343813489
6272,128,0,256,main,wikitext,wikitext-2-raw-v1,validation,cuda,float32,128,qwen_dynamical_edge_burn256,0be219064d7f2de285c4637dbbf99d87feb1bdfb,"[1, 128, 896]",inputs_embeds,paper_style_feedback_dynamics,Qwen/Qwen2.5-0.5B,0.00012498974683694541,direct,fixed_random,14.09463119506836,14.094629287719727,1.0,0,128,1142.3131103515625,8.144648745656013e-05,110,final_hidden,2026-07-10T15:20:18.886132+00:00,nonpad_flattened,Qwen/Qwen2.5-0.5B,0.0001026767343813489,0.00010210162101083541
6272,128,0,256,main,wikitext,wikitext-2-raw-v1,validation,cuda,float32,128,qwen_dynamical_edge_burn256,0be219064d7f2de285c4637dbbf99d87feb1bdfb,"[1, 128, 896]",inputs_embeds,paper_style_feedback_dynamics,Qwen/Qwen2.5-0.5B,0.00012895677355118096,direct,fixed_random,14.09463119506836,14.09463119506836,1.0,0,128,1142.3131103515625,8.298439206555486e-05,111,final_hidden,2026-07-10T15:20:18.886132+00:00,nonpad_flattened,Qwen/Qwen2.5-0.5B,0.00010210162101083541,0.00010122071237092731
6272,128,0,256,main,wikitext,wikitext-2-raw-v1,validation,cuda,float32,128,qwen_dynamical_edge_burn256,0be219064d7f2de285c4637dbbf99d87feb1bdfb,"[1, 128, 896]",inputs_embeds,paper_style_feedback_dynamics,Qwen/Qwen2.5-0.5B,0.00013494213635567576,direct,fixed_random,14.094629287719727,14.09463119506836,1.0,0,128,1142.3131103515625,8.471184992231429e-05,112,final_hidden,2026-07-10T15:20:18.886132+00:00,nonpad_flattened,Qwen/Qwen2.5-0.5B,0.00010122071237092731,0.0001016077962137136
6272,128,0,256,main,wikitext,wikitext-2-raw-v1,validation,cuda,float32,128,qwen_dynamical_edge_burn256,0be219064d7f2de285c4637dbbf99d87feb1bdfb,"[1, 128, 896]",inputs_embeds,paper_style_feedback_dynamics,Qwen/Qwen2.5-0.5B,0.00013131771993357688,direct,fixed_random,14.09463119506836,14.094629287719727,1.0,0,128,1142.3131103515625,7.70874903537333e-05,113,final_hidden,2026-07-10T15:20:18.886132+00:00,nonpad_flattened,Qwen/Qwen2.5-0.5B,0.0001016077962137136,0.0001020080081617073
6272,128,0,256,main,wikitext,wikitext-2-raw-v1,validation,cuda,float32,128,qwen_dynamical_edge_burn256,0be219064d7f2de285c4637dbbf99d87feb1bdfb,"[1, 128, 896]",inputs_embeds,paper_style_feedback_dynamics,Qwen/Qwen2.5-0.5B,0.00012893605162389576,direct,fixed_random,14.09463119506836,14.09463119506836,1.0,0,128,1142.3131103515625,7.86334348958917e-05,114,final_hidden,2026-07-10T15:20:18.886132+00:00,nonpad_flattened,Qwen/Qwen2.5-0.5B,0.0001020080081617073,0.00010050400801541899
6272,128,0,256,main,wikitext,wikitext-2-raw-v1,validation,cuda,float32,128,qwen_dynamical_edge_burn256,0be219064d7f2de285c4637dbbf99d87feb1bdfb,"[1, 128, 896]",inputs_embeds,paper_style_feedback_dynamics,Qwen/Qwen2.5-0.5B,0.00013948050036560744,direct,fixed_random,14.094629287719727,14.09463119506836,1.0,0,128,1142.3131103515625,8.382988744415343e-05,115,final_hidden,2026-07-10T15:20:18.886132+00:00,nonpad_flattened,Qwen/Qwen2.5-0.5B,0.00010050400801541899,0.0001018323543994877
6272,128,0,256,main,wikitext,wikitext-2-raw-v1,validation,cuda,float32,128,qwen_dynamical_edge_burn256,0be219064d7f2de285c4637dbbf99d87feb1bdfb,"[1, 128, 896]",inputs_embeds,paper_style_feedback_dynamics,Qwen/Qwen2.5-0.5B,0.00013339078577701002,direct,fixed_random,14.094627380371094,14.094629287719727,1.0,0,128,1142.3131103515625,0.00010149424633709714,116,final_hidden,2026-07-10T15:20:18.886132+00:00,nonpad_flattened,Qwen/Qwen2.5-0.5B,0.0001018323543994877,0.00010005815119477268
6272,128,0,256,main,wikitext,wikitext-2-raw-v1,validation,cuda,float32,128,qwen_dynamical_edge_burn256,0be219064d7f2de285c4637dbbf99d87feb1bdfb,"[1, 128, 896]",inputs_embeds,paper_style_feedback_dynamics,Qwen/Qwen2.5-0.5B,0.00014294512220658362,direct,fixed_random,14.094629287719727,14.094627380371094,1.0,0,128,1142.3131103515625,8.770915155764669e-05,117,final_hidden,2026-07-10T15:20:18.886132+00:00,nonpad_flattened,Qwen/Qwen2.5-0.5B,0.00010005815119477268,0.00010111327326485255
6272,128,0,256,main,wikitext,wikitext-2-raw-v1,validation,cuda,float32,128,qwen_dynamical_edge_burn256,0be219064d7f2de285c4637dbbf99d87feb1bdfb,"[1, 128, 896]",inputs_embeds,paper_style_feedback_dynamics,Qwen/Qwen2.5-0.5B,0.0001343358599115163,direct,fixed_random,14.094633102416992,14.094629287719727,1.0,0,128,1142.3131103515625,7.569661102024838e-05,118,final_hidden,2026-07-10T15:20:18.886132+00:00,nonpad_flattened,Qwen/Qwen2.5-0.5B,0.00010111327326485255,9.966973526609075e-05
6272,128,0,256,main,wikitext,wikitext-2-raw-v1,validation,cuda,float32,128,qwen_dynamical_edge_burn256,0be219064d7f2de285c4637dbbf99d87feb1bdfb,"[1, 128, 896]",inputs_embeds,paper_style_feedback_dynamics,Qwen/Qwen2.5-0.5B,0.0001441615168005228,direct,fixed_random,14.094629287719727,14.094633102416992,1.0,0,128,1142.3131103515625,7.864813960622996e-05,119,final_hidden,2026-07-10T15:20:18.886132+00:00,nonpad_flattened,Qwen/Qwen2.5-0.5B,9.966973526609075e-05,0.00010230648924621267
6272,128,0,256,main,wikitext,wikitext-2-raw-v1,validation,cuda,float32,128,qwen_dynamical_edge_burn256,0be219064d7f2de285c4637dbbf99d87feb1bdfb,"[1, 128, 896]",inputs_embeds,paper_style_feedback_dynamics,Qwen/Qwen2.5-0.5B,0.0001300258154515177,direct,fixed_random,14.094635009765625,14.094629287719727,1.0,0,128,1142.3131103515625,9.957409201888368e-05,120,final_hidden,2026-07-10T15:20:18.886132+00:00,nonpad_flattened,Qwen/Qwen2.5-0.5B,0.00010230648924621267,0.0001035159201896815
6272,128,0,256,main,wikitext,wikitext-2-raw-v1,validation,cuda,float32,128,qwen_dynamical_edge_burn256,0be219064d7f2de285c4637dbbf99d87feb1bdfb,"[1, 128, 896]",inputs_embeds,paper_style_feedback_dynamics,Qwen/Qwen2.5-0.5B,0.00012251643056515604,direct,fixed_random,14.094629287719727,14.094635009765625,1.0,0,128,1142.3131103515625,0.00010209150786977261,121,final_hidden,2026-07-10T15:20:18.886132+00:00,nonpad_flattened,Qwen/Qwen2.5-0.5B,0.0001035159201896815,0.0001020378133834667
6272,128,0,256,main,wikitext,wikitext-2-raw-v1,validation,cuda,float32,128,qwen_dynamical_edge_burn256,0be219064d7f2de285c4637dbbf99d87feb1bdfb,"[1, 128, 896]",inputs_embeds,paper_style_feedback_dynamics,Qwen/Qwen2.5-0.5B,0.00013176194624975324,direct,fixed_random,14.094630241394043,14.094629287719727,1.0,0,128,1142.3131103515625,9.948375372914597e-05,122,final_hidden,2026-07-10T15:20:18.886132+00:00,nonpad_flattened,Qwen/Qwen2.5-0.5B,0.0001020378133834667,0.00010279768813668534
6272,128,0,256,main,wikitext,wikitext-2-raw-v1,validation,cuda,float32,128,qwen_dynamical_edge_burn256,0be219064d7f2de285c4637dbbf99d87feb1bdfb,"[1, 128, 896]",inputs_embeds,paper_style_feedback_dynamics,Qwen/Qwen2.5-0.5B,0.00012448866618797183,direct,fixed_random,14.094629287719727,14.094630241394043,1.0,0,128,1142.3131103515625,8.342377986991778e-05,123,final_hidden,2026-07-10T15:20:18.886132+00:00,nonpad_flattened,Qwen/Qwen2.5-0.5B,0.00010279768813668534,0.00010239673814424374
6272,128,0,256,main,wikitext,wikitext-2-raw-v1,validation,cuda,float32,128,qwen_dynamical_edge_burn256,0be219064d7f2de285c4637dbbf99d87feb1bdfb,"[1, 128, 896]",inputs_embeds,paper_style_feedback_dynamics,Qwen/Qwen2.5-0.5B,0.00012750136374961585,direct,fixed_random,14.09463119506836,14.094629287719727,1.0,0,128,1142.3131103515625,8.620142034487799e-05,124,final_hidden,2026-07-10T15:20:18.886132+00:00,nonpad_flattened,Qwen/Qwen2.5-0.5B,0.00010239673814424374,9.934923688146167e-05
6272,128,0,256,main,wikitext,wikitext-2-raw-v1,validation,cuda,float32,128,qwen_dynamical_edge_burn256,0be219064d7f2de285c4637dbbf99d87feb1bdfb,"[1, 128, 896]",inputs_embeds,paper_style_feedback_dynamics,Qwen/Qwen2.5-0.5B,0.00014783402730245143,direct,fixed_random,14.09463119506836,14.09463119506836,1.0,0,128,1142.3131103515625,8.959756087278947e-05,125,final_hidden,2026-07-10T15:20:18.886132+00:00,nonpad_flattened,Qwen/Qwen2.5-0.5B,9.934923688146167e-05,0.00010019429702473796
6272,128,0,256,main,wikitext,wikitext-2-raw-v1,validation,cuda,float32,128,qwen_dynamical_edge_burn256,0be219064d7f2de285c4637dbbf99d87feb1bdfb,"[1, 128, 896]",inputs_embeds,paper_style_feedback_dynamics,Qwen/Qwen2.5-0.5B,0.00014140488929115236,direct,fixed_random,14.09463119506836,14.09463119506836,1.0,0,128,1142.3131103515625,8.319479820784181e-05,126,final_hidden,2026-07-10T15:20:18.886132+00:00,nonpad_flattened,Qwen/Qwen2.5-0.5B,0.00010019429702473796,9.862725606910394e-05
114688,128,1,256,main,wikitext,wikitext-2-raw-v1,validation,cuda,float32,128,qwen_dynamical_edge_burn256,0be219064d7f2de285c4637dbbf99d87feb1bdfb,"[1, 128, 896]",inputs_embeds,paper_style_feedback_dynamics,Qwen/Qwen2.5-0.5B,0.005859857890754938,direct,fixed_random,-16.663949966430664,-16.410741806030273,1.0,1,128,4602.126953125,96.28873443603516,0,final_hidden,2026-07-10T15:20:18.886132+00:00,nonpad_flattened,Qwen/Qwen2.5-0.5B,-6.307483498220971,-1.97299147753893
114688,128,1,256,main,wikitext,wikitext-2-raw-v1,validation,cuda,float32,128,qwen_dynamical_edge_burn256,0be219064d7f2de285c4637dbbf99d87feb1bdfb,"[1, 128, 896]",inputs_embeds,paper_style_feedback_dynamics,Qwen/Qwen2.5-0.5B,0.005987162236124277,direct,fixed_random,-16.429889678955078,-16.663949966430664,1.0,1,128,4598.92041015625,93.31535339355469,1,final_hidden,2026-07-10T15:20:18.886132+00:00,nonpad_flattened,Qwen/Qwen2.5-0.5B,-1.97299147753893,0.18251116061291203
114688,128,1,256,main,wikitext,wikitext-2-raw-v1,validation,cuda,float32,128,qwen_dynamical_edge_burn256,0be219064d7f2de285c4637dbbf99d87feb1bdfb,"[1, 128, 896]",inputs_embeds,paper_style_feedback_dynamics,Qwen/Qwen2.5-0.5B,0.006369555834680796,direct,fixed_random,-16.661806106567383,-16.429889678955078,1.0,1,128,4601.57080078125,88.33004760742188,2,final_hidden,2026-07-10T15:20:18.886132+00:00,nonpad_flattened,Qwen/Qwen2.5-0.5B,0.18251116061291203,-0.4048947051507931
114688,128,1,256,main,wikitext,wikitext-2-raw-v1,validation,cuda,float32,128,qwen_dynamical_edge_burn256,0be219064d7f2de285c4637dbbf99d87feb1bdfb,"[1, 128, 896]",inputs_embeds,paper_style_feedback_dynamics,Qwen/Qwen2.5-0.5B,0.006710988003760576,direct,fixed_random,-16.41220474243164,-16.661806106567383,1.0,1,128,4599.0029296875,91.21322631835938,3,final_hidden,2026-07-10T15:20:18.886132+00:00,nonpad_flattened,Qwen/Qwen2.5-0.5B,-0.4048947051507931,-6.127568315713353
114688,128,1,256,main,wikitext,wikitext-2-raw-v1,validation,cuda,float32,128,qwen_dynamical_edge_burn256,0be219064d7f2de285c4637dbbf99d87feb1bdfb,"[1, 128, 896]",inputs_embeds,paper_style_feedback_dynamics,Qwen/Qwen2.5-0.5B,0.007226410321891308,direct,fixed_random,-16.668264389038086,-16.41220474243164,1.0,1,128,4601.9169921875,96.22882080078125,4,final_hidden,2026-07-10T15:20:18.886132+00:00,nonpad_flattened,Qwen/Qwen2.5-0.5B,-6.127568315713353,-1.8765305912383015
114688,128,1,256,main,wikitext,wikitext-2-raw-v1,validation,cuda,float32,128,qwen_dynamical_edge_burn256,0be219064d7f2de285c4637dbbf99d87feb1bdfb,"[1, 128, 896]",inputs_embeds,paper_style_feedback_dynamics,Qwen/Qwen2.5-0.5B,0.00761388661339879,direct,fixed_random,-16.431699752807617,-16.668264389038086,1.0,1,128,4598.83154296875,93.26365661621094,5,final_hidden,2026-07-10T15:20:18.886132+00:00,nonpad_flattened,Qwen/Qwen2.5-0.5B,-1.8765305912383015,0.3438135014282167
114688,128,1,256,main,wikitext,wikitext-2-raw-v1,validation,cuda,float32,128,qwen_dynamical_edge_burn256,0be219064d7f2de285c4637dbbf99d87feb1bdfb,"[1, 128, 896]",inputs_embeds,paper_style_feedback_dynamics,Qwen/Qwen2.5-0.5B,0.007922625169157982,direct,fixed_random,-16.66692352294922,-16.431699752807617,1.0,1,128,4601.35498046875,88.29911804199219,6,final_hidden,2026-07-10T15:20:18.886132+00:00,nonpad_flattened,Qwen/Qwen2.5-0.5B,0.3438135014282167,-0.33874849200520735
114688,128,1,256,main,wikitext,wikitext-2-raw-v1,validation,cuda,float32,128,qwen_dynamical_edge_burn256,0be219064d7f2de285c4637dbbf99d87feb1bdfb,"[1, 128, 896]",inputs_embeds,paper_style_feedback_dynamics,Qwen/Qwen2.5-0.5B,0.008624527603387833,direct,fixed_random,-16.414520263671875,-16.66692352294922,1.0,1,128,4598.9248046875,91.19197845458984,7,final_hidden,2026-07-10T15:20:18.886132+00:00,nonpad_flattened,Qwen/Qwen2.5-0.5B,-0.33874849200520735,-5.965857387228693
114688,128,1,256,main,wikitext,wikitext-2-raw-v1,validation,cuda,float32,128,qwen_dynamical_edge_burn256,0be219064d7f2de285c4637dbbf99d87feb1bdfb,"[1, 128, 896]",inputs_embeds,paper_style_feedback_dynamics,Qwen/Qwen2.5-0.5B,0.00872859638184309,direct,fixed_random,-16.6742000579834,-16.414520263671875,1.0,1,128,4601.69189453125,96.20502471923828,8,final_hidden,2026-07-10T15:20:18.886132+00:00,nonpad_flattened,Qwen/Qwen2.5-0.5B,-5.965857387228693,-1.827520431755175
114688,128,1,256,main,wikitext,wikitext-2-raw-v1,validation,cuda,float32,128,qwen_dynamical_edge_burn256,0be219064d7f2de285c4637dbbf99d87feb1bdfb,"[1, 128, 896]",inputs_embeds,paper_style_feedback_dynamics,Qwen/Qwen2.5-0.5B,0.00926661305129528,direct,fixed_random,-16.434246063232422,-16.6742000579834,1.0,1,128,4598.76416015625,93.2557601928711,9,final_hidden,2026-07-10T15:20:18.886132+00:00,nonpad_flattened,Qwen/Qwen2.5-0.5B,-1.827520431755175,0.4714697532525799
114688,128,1,256,main,wikitext,wikitext-2-raw-v1,validation,cuda,float32,128,qwen_dynamical_edge_burn256,0be219064d7f2de285c4637dbbf99d87feb1bdfb,"[1, 128, 896]",inputs_embeds,paper_style_feedback_dynamics,Qwen/Qwen2.5-0.5B,0.009564848616719246,direct,fixed_random,-16.67356300354004,-16.434246063232422,1.0,1,128,4601.123046875,88.32514190673828,10,final_hidden,2026-07-10T15:20:18.886132+00:00,nonpad_flattened,Qwen/Qwen2.5-0.5B,0.4714697532525799,-0.33649245164244873
114688,128,1,256,main,wikitext,wikitext-2-raw-v1,validation,cuda,float32,128,qwen_dynamical_edge_burn256,0be219064d7f2de285c4637dbbf99d87feb1bdfb,"[1, 128, 896]",inputs_embeds,paper_style_feedback_dynamics,Qwen/Qwen2.5-0.5B,0.010518155060708523,direct,fixed_random,-16.417518615722656,-16.67356300354004,1.0,1,128,4598.86865234375,91.2354507446289,11,final_hidden,2026-07-10T15:20:18.886132+00:00,nonpad_flattened,Qwen/Qwen2.5-0.5B,-0.33649245164244873,-5.84460346164593
114688,128,1,256,main,wikitext,wikitext-2-raw-v1,validation,cuda,float32,128,qwen_dynamical_edge_burn256,0be219064d7f2de285c4637dbbf99d87feb1bdfb,"[1, 128, 896]",inputs_embeds,paper_style_feedback_dynamics,Qwen/Qwen2.5-0.5B,0.010238244198262691,direct,fixed_random,-16.681503295898438,-16.417518615722656,1.0,1,128,4601.451171875,96.24661254882812,12,final_hidden,2026-07-10T15:20:18.886132+00:00,nonpad_flattened,Qwen/Qwen2.5-0.5B,-5.84460346164593,-1.8490598942812833
114688,128,1,256,main,wikitext,wikitext-2-raw-v1,validation,cuda,float32,128,qwen_dynamical_edge_burn256,0be219064d7f2de285c4637dbbf99d87feb1bdfb,"[1, 128, 896]",inputs_embeds,paper_style_feedback_dynamics,Qwen/Qwen2.5-0.5B,0.011137022636830807,direct,fixed_random,-16.437395095825195,-16.681503295898438,1.0,1,128,4598.71728515625,93.32243347167969,13,final_hidden,2026-07-10T15:20:18.886132+00:00,nonpad_flattened,Qwen/Qwen2.5-0.5B,-1.8490598942812833,0.5374145227677883
114688,128,1,256,main,wikitext,wikitext-2-raw-v1,validation,cuda,float32,128,qwen_dynamical_edge_burn256,0be219064d7f2de285c4637dbbf99d87feb1bdfb,"[1, 128, 896]",inputs_embeds,paper_style_feedback_dynamics,Qwen/Qwen2.5-0.5B,0.010550684295594692,direct,fixed_random,-16.681293487548828,-16.437395095825195,1.0,1,128,4600.87939453125,88.44088745117188,14,final_hidden,2026-07-10T15:20:18.886132+00:00,nonpad_flattened,Qwen/Qwen2.5-0.5B,0.5374145227677883,-0.4150136075550771
114688,128,1,256,main,wikitext,wikitext-2-raw-v1,validation,cuda,float32,128,qwen_dynamical_edge_burn256,0be219064d7f2de285c4637dbbf99d87feb1bdfb,"[1, 128, 896]",inputs_embeds,paper_style_feedback_dynamics,Qwen/Qwen2.5-0.5B,0.011039022356271744,direct,fixed_random,-16.421220779418945,-16.681293487548828,1.0,1,128,4598.82763671875,91.37118530273438,15,final_hidden,2026-07-10T15:20:18.886132+00:00,nonpad_flattened,Qwen/Qwen2.5-0.5B,-0.4150136075550771,-5.783455214858257
114688,128,1,256,main,wikitext,wikitext-2-raw-v1,validation,cuda,float32,128,qwen_dynamical_edge_burn256,0be219064d7f2de285c4637dbbf99d87feb1bdfb,"[1, 128, 896]",inputs_embeds,paper_style_feedback_dynamics,Qwen/Qwen2.5-0.5B,0.010433981195092201,direct,fixed_random,-16.68956756591797,-16.421220779418945,1.0,1,128,4601.20458984375,96.3709945678711,16,final_hidden,2026-07-10T15:20:18.886132+00:00,nonpad_flattened,Qwen/Qwen2.5-0.5B,-5.783455214858257,-1.932725113991776
114688,128,1,256,main,wikitext,wikitext-2-raw-v1,validation,cuda,float32,128,qwen_dynamical_edge_burn256,0be219064d7f2de285c4637dbbf99d87feb1bdfb,"[1, 128, 896]",inputs_embeds,paper_style_feedback_dynamics,Qwen/Qwen2.5-0.5B,0.010311594232916832,direct,fixed_random,-16.441360473632812,-16.68956756591797,1.0,1,128,4598.6748046875,93.4660415649414,17,final_hidden,2026-07-10T15:20:18.886132+00:00,nonpad_flattened,Qwen/Qwen2.5-0.5B,-1.932725113991776,0.5438740989729849
114688,128,1,256,main,wikitext,wikitext-2-raw-v1,validation,cuda,float32,128,qwen_dynamical_edge_burn256,0be219064d7f2de285c4637dbbf99d87feb1bdfb,"[1, 128, 896]",inputs_embeds,paper_style_feedback_dynamics,Qwen/Qwen2.5-0.5B,0.009765293449163437,direct,fixed_random,-16.689401626586914,-16.441360473632812,1.0,1,128,4600.640625,88.62974548339844,18,final_hidden,2026-07-10T15:20:18.886132+00:00,nonpad_flattened,Qwen/Qwen2.5-0.5B,0.5438740989729849,-0.5285081789715137
114688,128,1,256,main,wikitext,wikitext-2-raw-v1,validation,cuda,float32,128,qwen_dynamical_edge_burn256,0be219064d7f2de285c4637dbbf99d87feb1bdfb,"[1, 128, 896]",inputs_embeds,paper_style_feedback_dynamics,Qwen/Qwen2.5-0.5B,0.009056862443685532,direct,fixed_random,-16.42598533630371,-16.689401626586914,1.0,1,128,4598.7763671875,91.56073760986328,19,final_hidden,2026-07-10T15:20:18.886132+00:00,nonpad_flattened,Qwen/Qwen2.5-0.5B,-0.5285081789715137,-5.757294460904705
114688,128,1,256,main,wikitext,wikitext-2-raw-v1,validation,cuda,float32,128,qwen_dynamical_edge_burn256,0be219064d7f2de285c4637dbbf99d87feb1bdfb,"[1, 128, 896]",inputs_embeds,paper_style_feedback_dynamics,Qwen/Qwen2.5-0.5B,0.008433135226368904,direct,fixed_random,-16.697612762451172,-16.42598533630371,1.0,1,128,4600.97509765625,96.52662658691406,20,final_hidden,2026-07-10T15:20:18.886132+00:00,nonpad_flattened,Qwen/Qwen2.5-0.5B,-5.757294460904705,-2.0001566051138426
114688,128,1,256,main,wikitext,wikitext-2-raw-v1,validation,cuda,float32,128,qwen_dynamical_edge_burn256,0be219064d7f2de285c4637dbbf99d87feb1bdfb,"[1, 128, 896]",inputs_embeds,paper_style_feedback_dynamics,Qwen/Qwen2.5-0.5B,0.007183253765106201,direct,fixed_random,-16.4466495513916,-16.697612762451172,1.0,1,128,4598.60595703125,93.61035919189453,21,final_hidden,2026-07-10T15:20:18.886132+00:00,nonpad_flattened,Qwen/Qwen2.5-0.5B,-2.0001566051138426,0.5535610148035671
114688,128,1,256,main,wikitext,wikitext-2-raw-v1,validation,cuda,float32,128,qwen_dynamical_edge_burn256,0be219064d7f2de285c4637dbbf99d87feb1bdfb,"[1, 128, 896]",inputs_embeds,paper_style_feedback_dynamics,Qwen/Qwen2.5-0.5B,0.007060730829834938,direct,fixed_random,-16.697296142578125,-16.4466495513916,1.0,1,128,4600.42919921875,88.79181671142578,22,final_hidden,2026-07-10T15:20:18.886132+00:00,nonpad_flattened,Qwen/Qwen2.5-0.5B,0.5535610148035671,-0.5798766366912701
114688,128,1,256,main,wikitext,wikitext-2-raw-v1,validation,cuda,float32,128,qwen_dynamical_edge_burn256,0be219064d7f2de285c4637dbbf99d87feb1bdfb,"[1, 128, 896]",inputs_embeds,paper_style_feedback_dynamics,Qwen/Qwen2.5-0.5B,0.00580799113959074,direct,fixed_random,-16.432275772094727,-16.697296142578125,1.0,1,128,4598.68896484375,91.69954681396484,23,final_hidden,2026-07-10T15:20:18.886132+00:00,nonpad_flattened,Qwen/Qwen2.5-0.5B,-0.5798766366912701,-5.704165441266973
114688,128,1,256,main,wikitext,wikitext-2-raw-v1,validation,cuda,float32,128,qwen_dynamical_edge_burn256,0be219064d7f2de285c4637dbbf99d87feb1bdfb,"[1, 128, 896]",inputs_embeds,paper_style_feedback_dynamics,Qwen/Qwen2.5-0.5B,0.006001434288918972,direct,fixed_random,-16.705524444580078,-16.432275772094727,1.0,1,128,4600.7802734375,96.61863708496094,24,final_hidden,2026-07-10T15:20:18.886132+00:00,nonpad_flattened,Qwen/Qwen2.5-0.5B,-5.704165441266973,-1.9797893905302928
114688,128,1,256,main,wikitext,wikitext-2-raw-v1,validation,cuda,float32,128,qwen_dynamical_edge_burn256,0be219064d7f2de285c4637dbbf99d87feb1bdfb,"[1, 128, 896]",inputs_embeds,paper_style_feedback_dynamics,Qwen/Qwen2.5-0.5B,0.005166103132069111,direct,fixed_random,-16.453493118286133,-16.705524444580078,1.0,1,128,4598.49951171875,93.67185974121094,25,final_hidden,2026-07-10T15:20:18.886132+00:00,nonpad_flattened,Qwen/Qwen2.5-0.5B,-1.9797893905302928,0.6203919880512249
114688,128,1,256,main,wikitext,wikitext-2-raw-v1,validation,cuda,float32,128,qwen_dynamical_edge_burn256,0be219064d7f2de285c4637dbbf99d87feb1bdfb,"[1, 128, 896]",inputs_embeds,paper_style_feedback_dynamics,Qwen/Qwen2.5-0.5B,0.005382568575441837,direct,fixed_random,-16.7052059173584,-16.453493118286133,1.0,1,128,4600.25244140625,88.85113525390625,26,final_hidden,2026-07-10T15:20:18.886132+00:00,nonpad_flattened,Qwen/Qwen2.5-0.5B,0.6203919880512249,-0.5376256374699104
114688,128,1,256,main,wikitext,wikitext-2-raw-v1,validation,cuda,float32,128,qwen_dynamical_edge_burn256,0be219064d7f2de285c4637dbbf99d87feb1bdfb,"[1, 128, 896]",inputs_embeds,paper_style_feedback_dynamics,Qwen/Qwen2.5-0.5B,0.004860248416662216,direct,fixed_random,-16.43982696533203,-16.7052059173584,1.0,1,128,4598.56982421875,91.74315643310547,27,final_hidden,2026-07-10T15:20:18.886132+00:00,nonpad_flattened,Qwen/Qwen2.5-0.5B,-0.5376256374699104,-5.60772494855517
114688,128,1,256,main,wikitext,wikitext-2-raw-v1,validation,cuda,float32,128,qwen_dynamical_edge_burn256,0be219064d7f2de285c4637dbbf99d87feb1bdfb,"[1, 128, 896]",inputs_embeds,paper_style_feedback_dynamics,Qwen/Qwen2.5-0.5B,0.0049893297255039215,direct,fixed_random,-16.713552474975586,-16.43982696533203,1.0,1,128,4600.6162109375,96.62906646728516,28,final_hidden,2026-07-10T15:20:18.886132+00:00,nonpad_flattened,Qwen/Qwen2.5-0.5B,-5.60772494855517,-1.8894959896770833
114688,128,1,256,main,wikitext,wikitext-2-raw-v1,validation,cuda,float32,128,qwen_dynamical_edge_burn256,0be219064d7f2de285c4637dbbf99d87feb1bdfb,"[1, 128, 896]",inputs_embeds,paper_style_feedback_dynamics,Qwen/Qwen2.5-0.5B,0.004708714317530394,direct,fixed_random,-16.461307525634766,-16.713552474975586,1.0,1,128,4598.37060546875,93.66122436523438,29,final_hidden,2026-07-10T15:20:18.886132+00:00,nonpad_flattened,Qwen/Qwen2.5-0.5B,-1.8894959896770833,0.7296623862606326
114688,128,1,256,main,wikitext,wikitext-2-raw-v1,validation,cuda,float32,128,qwen_dynamical_edge_burn256,0be219064d7f2de285c4637dbbf99d87feb1bdfb,"[1, 128, 896]",inputs_embeds,paper_style_feedback_dynamics,Qwen/Qwen2.5-0.5B,0.004785135388374329,direct,fixed_random,-16.713274002075195,-16.461307525634766,1.0,1,128,4600.09912109375,88.83605194091797,30,final_hidden,2026-07-10T15:20:18.886132+00:00,nonpad_flattened,Qwen/Qwen2.5-0.5B,0.7296623862606326,-0.4437894160768451
114688,128,1,256,main,wikitext,wikitext-2-raw-v1,validation,cuda,float32,128,qwen_dynamical_edge_burn256,0be219064d7f2de285c4637dbbf99d87feb1bdfb,"[1, 128, 896]",inputs_embeds,paper_style_feedback_dynamics,Qwen/Qwen2.5-0.5B,0.004682309925556183,direct,fixed_random,-16.44796371459961,-16.713274002075195,1.0,1,128,4598.4375,91.73075103759766,31,final_hidden,2026-07-10T15:20:18.886132+00:00,nonpad_flattened,Qwen/Qwen2.5-0.5B,-0.4437894160768451,-5.493647128454887
114688,128,1,256,main,wikitext,wikitext-2-raw-v1,validation,cuda,float32,128,qwen_dynamical_edge_burn256,0be219064d7f2de285c4637dbbf99d87feb1bdfb,"[1, 128, 896]",inputs_embeds,paper_style_feedback_dynamics,Qwen/Qwen2.5-0.5B,0.0048027304001152515,direct,fixed_random,-16.72170066833496,-16.44796371459961,1.0,1,128,4600.47021484375,96.60169982910156,32,final_hidden,2026-07-10T15:20:18.886132+00:00,nonpad_flattened,Qwen/Qwen2.5-0.5B,-5.493647128454887,-1.7753875883911043
114688,128,1,256,main,wikitext,wikitext-2-raw-v1,validation,cuda,float32,128,qwen_dynamical_edge_burn256,0be219064d7f2de285c4637dbbf99d87feb1bdfb,"[1, 128, 896]",inputs_embeds,paper_style_feedback_dynamics,Qwen/Qwen2.5-0.5B,0.004887011367827654,direct,fixed_random,-16.469457626342773,-16.72170066833496,1.0,1,128,4598.2353515625,93.62494659423828,33,final_hidden,2026-07-10T15:20:18.886132+00:00,nonpad_flattened,Qwen/Qwen2.5-0.5B,-1.7753875883911043,0.8489740640665921
114688,128,1,256,main,wikitext,wikitext-2-raw-v1,validation,cuda,float32,128,qwen_dynamical_edge_burn256,0be219064d7f2de285c4637dbbf99d87feb1bdfb,"[1, 128, 896]",inputs_embeds,paper_style_feedback_dynamics,Qwen/Qwen2.5-0.5B,0.005036976188421249,direct,fixed_random,-16.721391677856445,-16.469457626342773,1.0,1,128,4599.95849609375,88.7974624633789,34,final_hidden,2026-07-10T15:20:18.886132+00:00,nonpad_flattened,Qwen/Qwen2.5-0.5B,0.8489740640665921,-0.33408493180537546
114688,128,1,256,main,wikitext,wikitext-2-raw-v1,validation,cuda,float32,128,qwen_dynamical_edge_burn256,0be219064d7f2de285c4637dbbf99d87feb1bdfb,"[1, 128, 896]",inputs_embeds,paper_style_feedback_dynamics,Qwen/Qwen2.5-0.5B,0.005185105837881565,direct,fixed_random,-16.45619773864746,-16.721391677856445,1.0,1,128,4598.30224609375,91.70018768310547,35,final_hidden,2026-07-10T15:20:18.886132+00:00,nonpad_flattened,Qwen/Qwen2.5-0.5B,-0.33408493180537546,-5.377219671010035
114688,128,1,256,main,wikitext,wikitext-2-raw-v1,validation,cuda,float32,128,qwen_dynamical_edge_burn256,0be219064d7f2de285c4637dbbf99d87feb1bdfb,"[1, 128, 896]",inputs_embeds,paper_style_feedback_dynamics,Qwen/Qwen2.5-0.5B,0.005348710808902979,direct,fixed_random,-16.729814529418945,-16.45619773864746,1.0,1,128,4600.3310546875,96.56564331054688,36,final_hidden,2026-07-10T15:20:18.886132+00:00,nonpad_flattened,Qwen/Qwen2.5-0.5B,-5.377219671010035,-1.6570330281961996
114688,128,1,256,main,wikitext,wikitext-2-raw-v1,validation,cuda,float32,128,qwen_dynamical_edge_burn256,0be219064d7f2de285c4637dbbf99d87feb1bdfb,"[1, 128, 896]",inputs_embeds,paper_style_feedback_dynamics,Qwen/Qwen2.5-0.5B,0.005556805524975061,direct,fixed_random,-16.477598190307617,-16.729814529418945,1.0,1,128,4598.09814453125,93.58477783203125,37,final_hidden,2026-07-10T15:20:18.886132+00:00,nonpad_flattened,Qwen/Qwen2.5-0.5B,-1.6570330281961996,0.9690809463239548
114688,128,1,256,main,wikitext,wikitext-2-raw-v1,validation,cuda,float32,128,qwen_dynamical_edge_burn256,0be219064d7f2de285c4637dbbf99d87feb1bdfb,"[1, 128, 896]",inputs_embeds,paper_style_feedback_dynamics,Qwen/Qwen2.5-0.5B,0.005761818028986454,direct,fixed_random,-16.729419708251953,-16.477598190307617,1.0,1,128,4599.82080078125,88.75542449951172,38,final_hidden,2026-07-10T15:20:18.886132+00:00,nonpad_flattened,Qwen/Qwen2.5-0.5B,0.9690809463239548,-0.2182663444201452
114688,128,1,256,main,wikitext,wikitext-2-raw-v1,validation,cuda,float32,128,qwen_dynamical_edge_burn256,0be219064d7f2de285c4637dbbf99d87feb1bdfb,"[1, 128, 896]",inputs_embeds,paper_style_feedback_dynamics,Qwen/Qwen2.5-0.5B,0.00598894665017724,direct,fixed_random,-16.46428680419922,-16.729419708251953,1.0,1,128,4598.1640625,91.66411590576172,39,final_hidden,2026-07-10T15:20:18.886132+00:00,nonpad_flattened,Qwen/Qwen2.5-0.5B,-0.2182663444201452,-5.259835933330694
114688,128,1,256,main,wikitext,wikitext-2-raw-v1,validation,cuda,float32,128,qwen_dynamical_edge_burn256,0be219064d7f2de285c4637dbbf99d87feb1bdfb,"[1, 128, 896]",inputs_embeds,paper_style_feedback_dynamics,Qwen/Qwen2.5-0.5B,0.006262541748583317,direct,fixed_random,-16.737777709960938,-16.46428680419922,1.0,1,128,4600.19287109375,96.52754211425781,40,final_hidden,2026-07-10T15:20:18.886132+00:00,nonpad_flattened,Qwen/Qwen2.5-0.5B,-5.259835933330694,-1.5361592010969618
114688,128,1,256,main,wikitext,wikitext-2-raw-v1,validation,cuda,float32,128,qwen_dynamical_edge_burn256,0be219064d7f2de285c4637dbbf99d87feb1bdfb,"[1, 128, 896]",inputs_embeds,paper_style_feedback_dynamics,Qwen/Qwen2.5-0.5B,0.006486641243100166,direct,fixed_random,-16.48556137084961,-16.737777709960938,1.0,1,128,4597.95751953125,93.5441665649414,41,final_hidden,2026-07-10T15:20:18.886132+00:00,nonpad_flattened,Qwen/Qwen2.5-0.5B,-1.5361592010969618,1.0899340005895488
114688,128,1,256,main,wikitext,wikitext-2-raw-v1,validation,cuda,float32,128,qwen_dynamical_edge_burn256,0be219064d7f2de285c4637dbbf99d87feb1bdfb,"[1, 128, 896]",inputs_embeds,paper_style_feedback_dynamics,Qwen/Qwen2.5-0.5B,0.00677865045145154,direct,fixed_random,-16.73725128173828,-16.48556137084961,1.0,1,128,4599.681640625,88.71363067626953,42,final_hidden,2026-07-10T15:20:18.886132+00:00,nonpad_flattened,Qwen/Qwen2.5-0.5B,1.0899340005895488,-0.0961439471790205
114688,128,1,256,main,wikitext,wikitext-2-raw-v1,validation,cuda,float32,128,qwen_dynamical_edge_burn256,0be219064d7f2de285c4637dbbf99d87feb1bdfb,"[1, 128, 896]",inputs_embeds,paper_style_feedback_dynamics,Qwen/Qwen2.5-0.5B,0.007139261811971664,direct,fixed_random,-16.472158432006836,-16.73725128173828,1.0,1,128,4598.02001953125,91.62471008300781,43,final_hidden,2026-07-10T15:20:18.886132+00:00,nonpad_flattened,Qwen/Qwen2.5-0.5B,-0.0961439471790205,-5.138767941080786
114688,128,1,256,main,wikitext,wikitext-2-raw-v1,validation,cuda,float32,128,qwen_dynamical_edge_burn256,0be219064d7f2de285c4637dbbf99d87feb1bdfb,"[1, 128, 896]",inputs_embeds,paper_style_feedback_dynamics,Qwen/Qwen2.5-0.5B,0.007508622016757727,direct,fixed_random,-16.74549674987793,-16.472158432006836,1.0,1,128,4600.05126953125,96.48748779296875,44,final_hidden,2026-07-10T15:20:18.886132+00:00,nonpad_flattened,Qwen/Qwen2.5-0.5B,-5.138767941080786,-1.4090615727701754
114688,128,1,256,main,wikitext,wikitext-2-raw-v1,validation,cuda,float32,128,qwen_dynamical_edge_burn256,0be219064d7f2de285c4637dbbf99d87feb1bdfb,"[1, 128, 896]",inputs_embeds,paper_style_feedback_dynamics,Qwen/Qwen2.5-0.5B,0.007824555039405823,direct,fixed_random,-16.493284225463867,-16.74549674987793,1.0,1,128,4597.80859375,93.5023422241211,45,final_hidden,2026-07-10T15:20:18.886132+00:00,nonpad_flattened,Qwen/Qwen2.5-0.5B,-1.4090615727701754,1.214996778514542
114688,128,1,256,main,wikitext,wikitext-2-raw-v1,validation,cuda,float32,128,qwen_dynamical_edge_burn256,0be219064d7f2de285c4637dbbf99d87feb1bdfb,"[1, 128, 896]",inputs_embeds,paper_style_feedback_dynamics,Qwen/Qwen2.5-0.5B,0.008118219673633575,direct,fixed_random,-16.744823455810547,-16.493284225463867,1.0,1,128,4599.53662109375,88.67121887207031,46,final_hidden,2026-07-10T15:20:18.886132+00:00,nonpad_flattened,Qwen/Qwen2.5-0.5B,1.214996778514542,0.03568506683842633
114688,128,1,256,main,wikitext,wikitext-2-raw-v1,validation,cuda,float32,128,qwen_dynamical_edge_burn256,0be219064d7f2de285c4637dbbf99d87feb1bdfb,"[1, 128, 896]",inputs_embeds,paper_style_feedback_dynamics,Qwen/Qwen2.5-0.5B,0.008439223282039165,direct,fixed_random,-16.479726791381836,-16.744823455810547,1.0,1,128,4597.865234375,91.58158874511719,47,final_hidden,2026-07-10T15:20:18.886132+00:00,nonpad_flattened,Qwen/Qwen2.5-0.5B,0.03568506683842633,-5.009678180133747
114688,128,1,256,main,wikitext,wikitext-2-raw-v1,validation,cuda,float32,128,qwen_dynamical_edge_burn256,0be219064d7f2de285c4637dbbf99d87feb1bdfb,"[1, 128, 896]",inputs_embeds,paper_style_feedback_dynamics,Qwen/Qwen2.5-0.5B,0.00878777913749218,direct,fixed_random,-16.752883911132812,-16.479726791381836,1.0,1,128,4599.9013671875,96.44388580322266,48,final_hidden,2026-07-10T15:20:18.886132+00:00,nonpad_flattened,Qwen/Qwen2.5-0.5B,-5.009678180133747,-1.2710793724645892
114688,128,1,256,main,wikitext,wikitext-2-raw-v1,validation,cuda,float32,128,qwen_dynamical_edge_burn256,0be219064d7f2de285c4637dbbf99d87feb1bdfb,"[1, 128, 896]",inputs_embeds,paper_style_feedback_dynamics,Qwen/Qwen2.5-0.5B,0.00922221690416336,direct,fixed_random,-16.50065040588379,-16.752883911132812,1.0,1,128,4597.646484375,93.45729064941406,49,final_hidden,2026-07-10T15:20:18.886132+00:00,nonpad_flattened,Qwen/Qwen2.5-0.5B,-1.2710793724645892,1.349053831610703
114688,128,1,256,main,wikitext,wikitext-2-raw-v1,validation,cuda,float32,128,qwen_dynamical_edge_burn256,0be219064d7f2de285c4637dbbf99d87feb1bdfb,"[1, 128, 896]",inputs_embeds,paper_style_feedback_dynamics,Qwen/Qwen2.5-0.5B,0.009635569527745247,direct,fixed_random,-16.751991271972656,-16.50065040588379,1.0,1,128,4599.38037109375,88.62641906738281,50,final_hidden,2026-07-10T15:20:18.886132+00:00,nonpad_flattened,Qwen/Qwen2.5-0.5B,1.349053831610703,0.18104447031643933
114688,128,1,256,main,wikitext,wikitext-2-raw-v1,validation,cuda,float32,128,qwen_dynamical_edge_burn256,0be219064d7f2de285c4637dbbf99d87feb1bdfb,"[1, 128, 896]",inputs_embeds,paper_style_feedback_dynamics,Qwen/Qwen2.5-0.5B,0.010200239717960358,direct,fixed_random,-16.48686408996582,-16.751991271972656,1.0,1,128,4597.6953125,91.5334243774414,51,final_hidden,2026-07-10T15:20:18.886132+00:00,nonpad_flattened,Qwen/Qwen2.5-0.5B,0.18104447031643933,-4.867838002936588
114688,128,1,256,main,wikitext,wikitext-2-raw-v1,validation,cuda,float32,128,qwen_dynamical_edge_burn256,0be219064d7f2de285c4637dbbf99d87feb1bdfb,"[1, 128, 896]",inputs_embeds,paper_style_feedback_dynamics,Qwen/Qwen2.5-0.5B,0.010681891813874245,direct,fixed_random,-16.759811401367188,-16.48686408996582,1.0,1,128,4599.7373046875,96.39544677734375,52,final_hidden,2026-07-10T15:20:18.886132+00:00,nonpad_flattened,Qwen/Qwen2.5-0.5B,-4.867838002936588,-1.1181874164989032
114688,128,1,256,main,wikitext,wikitext-2-raw-v1,validation,cuda,float32,128,qwen_dynamical_edge_burn256,0be219064d7f2de285c4637dbbf99d87feb1bdfb,"[1, 128, 896]",inputs_embeds,paper_style_feedback_dynamics,Qwen/Qwen2.5-0.5B,0.011272087693214417,direct,fixed_random,-16.50754737854004,-16.759811401367188,1.0,1,128,4597.466796875,93.40742492675781,53,final_hidden,2026-07-10T15:20:18.886132+00:00,nonpad_flattened,Qwen/Qwen2.5-0.5B,-1.1181874164989032,1.4967759257759128
114688,128,1,256,main,wikitext,wikitext-2-raw-v1,validation,cuda,float32,128,qwen_dynamical_edge_burn256,0be219064d7f2de285c4637dbbf99d87feb1bdfb,"[1, 128, 896]",inputs_embeds,paper_style_feedback_dynamics,Qwen/Qwen2.5-0.5B,0.011945386417210102,direct,fixed_random,-16.7586669921875,-16.50754737854004,1.0,1,128,4599.20751953125,88.5776138305664,54,final_hidden,2026-07-10T15:20:18.886132+00:00,nonpad_flattened,Qwen/Qwen2.5-0.5B,1.4967759257759128,0.34513648201304004
114688,128,1,256,main,wikitext,wikitext-2-raw-v1,validation,cuda,float32,128,qwen_dynamical_edge_burn256,0be219064d7f2de285c4637dbbf99d87feb1bdfb,"[1, 128, 896]",inputs_embeds,paper_style_feedback_dynamics,Qwen/Qwen2.5-0.5B,0.012591409496963024,direct,fixed_random,-16.493480682373047,-16.7586669921875,1.0,1,128,4597.50390625,91.47871398925781,55,final_hidden,2026-07-10T15:20:18.886132+00:00,nonpad_flattened,Qwen/Qwen2.5-0.5B,0.34513648201304004,-4.708292992121458
114688,128,1,256,main,wikitext,wikitext-2-raw-v1,validation,cuda,float32,128,qwen_dynamical_edge_burn256,0be219064d7f2de285c4637dbbf99d87feb1bdfb,"[1, 128, 896]",inputs_embeds,paper_style_feedback_dynamics,Qwen/Qwen2.5-0.5B,0.013210121542215347,direct,fixed_random,-16.766193389892578,-16.493480682373047,1.0,1,128,4599.552734375,96.34098815917969,56,final_hidden,2026-07-10T15:20:18.886132+00:00,nonpad_flattened,Qwen/Qwen2.5-0.5B,-4.708292992121458,-0.945338294223674
114688,128,1,256,main,wikitext,wikitext-2-raw-v1,validation,cuda,float32,128,qwen_dynamical_edge_burn256,0be219064d7f2de285c4637dbbf99d87feb1bdfb,"[1, 128, 896]",inputs_embeds,paper_style_feedback_dynamics,Qwen/Qwen2.5-0.5B,0.013925045728683472,direct,fixed_random,-16.51388931274414,-16.766193389892578,1.0,1,128,4597.2626953125,93.35184478759766,57,final_hidden,2026-07-10T15:20:18.886132+00:00,nonpad_flattened,Qwen/Qwen2.5-0.5B,-0.945338294223674,1.66321996397498
114688,128,1,256,main,wikitext,wikitext-2-raw-v1,validation,cuda,float32,128,qwen_dynamical_edge_burn256,0be219064d7f2de285c4637dbbf99d87feb1bdfb,"[1, 128, 896]",inputs_embeds,paper_style_feedback_dynamics,Qwen/Qwen2.5-0.5B,0.014702742919325829,direct,fixed_random,-16.764759063720703,-16.51388931274414,1.0,1,128,4599.0107421875,88.5242919921875,58,final_hidden,2026-07-10T15:20:18.886132+00:00,nonpad_flattened,Qwen/Qwen2.5-0.5B,1.66321996397498,0.5324258872999823
114688,128,1,256,main,wikitext,wikitext-2-raw-v1,validation,cuda,float32,128,qwen_dynamical_edge_burn256,0be219064d7f2de285c4637dbbf99d87feb1bdfb,"[1, 128, 896]",inputs_embeds,paper_style_feedback_dynamics,Qwen/Qwen2.5-0.5B,0.015501591376960278,direct,fixed_random,-16.499521255493164,-16.764759063720703,1.0,1,128,4597.2841796875,91.41731262207031,59,final_hidden,2026-07-10T15:20:18.886132+00:00,nonpad_flattened,Qwen/Qwen2.5-0.5B,0.5324258872999823,-4.527494105572355
114688,128,1,256,main,wikitext,wikitext-2-raw-v1,validation,cuda,float32,128,qwen_dynamical_edge_burn256,0be219064d7f2de285c4637dbbf99d87feb1bdfb,"[1, 128, 896]",inputs_embeds,paper_style_feedback_dynamics,Qwen/Qwen2.5-0.5B,0.016319459304213524,direct,fixed_random,-16.771970748901367,-16.499521255493164,1.0,1,128,4599.341796875,96.28074645996094,60,final_hidden,2026-07-10T15:20:18.886132+00:00,nonpad_flattened,Qwen/Qwen2.5-0.5B,-4.527494105572355,-0.7471671612633429
114688,128,1,256,main,wikitext,wikitext-2-raw-v1,validation,cuda,float32,128,qwen_dynamical_edge_burn256,0be219064d7f2de285c4637dbbf99d87feb1bdfb,"[1, 128, 896]",inputs_embeds,paper_style_feedback_dynamics,Qwen/Qwen2.5-0.5B,0.01724650152027607,direct,fixed_random,-16.519649505615234,-16.771970748901367,1.0,1,128,4597.02685546875,93.28964233398438,61,final_hidden,2026-07-10T15:20:18.886132+00:00,nonpad_flattened,Qwen/Qwen2.5-0.5B,-0.7471671612633429,1.8532885272712554
114688,128,1,256,main,wikitext,wikitext-2-raw-v1,validation,cuda,float32,128,qwen_dynamical_edge_burn256,0be219064d7f2de285c4637dbbf99d87feb1bdfb,"[1, 128, 896]",inputs_embeds,paper_style_feedback_dynamics,Qwen/Qwen2.5-0.5B,0.018295932561159134,direct,fixed_random,-16.770265579223633,-16.519649505615234,1.0,1,128,4598.783203125,88.46574401855469,62,final_hidden,2026-07-10T15:20:18.886132+00:00,nonpad_flattened,Qwen/Qwen2.5-0.5B,1.8532885272712554,0.7494367330091033
114688,128,1,256,main,wikitext,wikitext-2-raw-v1,validation,cuda,float32,128,qwen_dynamical_edge_burn256,0be219064d7f2de285c4637dbbf99d87feb1bdfb,"[1, 128, 896]",inputs_embeds,paper_style_feedback_dynamics,Qwen/Qwen2.5-0.5B,0.019391575828194618,direct,fixed_random,-16.505008697509766,-16.770265579223633,1.0,1,128,4597.02783203125,91.34761810302734,63,final_hidden,2026-07-10T15:20:18.886132+00:00,nonpad_flattened,Qwen/Qwen2.5-0.5B,0.7494367330091033,-4.317161260551254
114688,128,1,256,main,wikitext,wikitext-2-raw-v1,validation,cuda,float32,128,qwen_dynamical_edge_burn256,0be219064d7f2de285c4637dbbf99d87feb1bdfb,"[1, 128, 896]",inputs_embeds,paper_style_feedback_dynamics,Qwen/Qwen2.5-0.5B,0.02055443823337555,direct,fixed_random,-16.77718734741211,-16.505008697509766,1.0,1,128,4599.09423828125,96.21245574951172,64,final_hidden,2026-07-10T15:20:18.886132+00:00,nonpad_flattened,Qwen/Qwen2.5-0.5B,-4.317161260551254,-0.5163647050862148
114688,128,1,256,main,wikitext,wikitext-2-raw-v1,validation,cuda,float32,128,qwen_dynamical_edge_burn256,0be219064d7f2de285c4637dbbf99d87feb1bdfb,"[1, 128, 896]",inputs_embeds,paper_style_feedback_dynamics,Qwen/Qwen2.5-0.5B,0.0218832865357399,direct,fixed_random,-16.524877548217773,-16.77718734741211,1.0,1,128,4596.74853515625,93.22021484375,65,final_hidden,2026-07-10T15:20:18.886132+00:00,nonpad_flattened,Qwen/Qwen2.5-0.5B,-0.5163647050862148,2.0709914701178205
114688,128,1,256,main,wikitext,wikitext-2-raw-v1,validation,cuda,float32,128,qwen_dynamical_edge_burn256,0be219064d7f2de285c4637dbbf99d87feb1bdfb,"[1, 128, 896]",inputs_embeds,paper_style_feedback_dynamics,Qwen/Qwen2.5-0.5B,0.023279402405023575,direct,fixed_random,-16.77522850036621,-16.524877548217773,1.0,1,128,4598.5146484375,88.40524291992188,66,final_hidden,2026-07-10T15:20:18.886132+00:00,nonpad_flattened,Qwen/Qwen2.5-0.5B,2.0709914701178205,1.0008668820667552
114688,128,1,256,main,wikitext,wikitext-2-raw-v1,validation,cuda,float32,128,qwen_dynamical_edge_burn256,0be219064d7f2de285c4637dbbf99d87feb1bdfb,"[1, 128, 896]",inputs_embeds,paper_style_feedback_dynamics,Qwen/Qwen2.5-0.5B,0.02478092908859253,direct,fixed_random,-16.50993537902832,-16.77522850036621,1.0,1,128,4596.724609375,91.27201080322266,67,final_hidden,2026-07-10T15:20:18.886132+00:00,nonpad_flattened,Qwen/Qwen2.5-0.5B,1.0008668820667552,-4.073529709631214
114688,128,1,256,main,wikitext,wikitext-2-raw-v1,validation,cuda,float32,128,qwen_dynamical_edge_burn256,0be219064d7f2de285c4637dbbf99d87feb1bdfb,"[1, 128, 896]",inputs_embeds,paper_style_feedback_dynamics,Qwen/Qwen2.5-0.5B,0.026394635438919067,direct,fixed_random,-16.781736373901367,-16.50993537902832,1.0,1,128,4598.80126953125,96.13849639892578,68,final_hidden,2026-07-10T15:20:18.886132+00:00,nonpad_flattened,Qwen/Qwen2.5-0.5B,-4.073529709631214,-0.24792110765550748
114688,128,1,256,main,wikitext,wikitext-2-raw-v1,validation,cuda,float32,128,qwen_dynamical_edge_burn256,0be219064d7f2de285c4637dbbf99d87feb1bdfb,"[1, 128, 896]",inputs_embeds,paper_style_feedback_dynamics,Qwen/Qwen2.5-0.5B,0.02824491262435913,direct,fixed_random,-16.529315948486328,-16.781736373901367,1.0,1,128,4596.41796875,93.14513397216797,69,final_hidden,2026-07-10T15:20:18.886132+00:00,nonpad_flattened,Qwen/Qwen2.5-0.5B,-0.24792110765550748,2.3217151229202906
114688,128,1,256,main,wikitext,wikitext-2-raw-v1,validation,cuda,float32,128,qwen_dynamical_edge_burn256,0be219064d7f2de285c4637dbbf99d87feb1bdfb,"[1, 128, 896]",inputs_embeds,paper_style_feedback_dynamics,Qwen/Qwen2.5-0.5B,0.0300762839615345,direct,fixed_random,-16.779029846191406,-16.529315948486328,1.0,1,128,4598.1953125,88.3438720703125,70,final_hidden,2026-07-10T15:20:18.886132+00:00,nonpad_flattened,Qwen/Qwen2.5-0.5B,2.3217151229202906,1.2946468186249935
114688,128,1,256,main,wikitext,wikitext-2-raw-v1,validation,cuda,float32,128,qwen_dynamical_edge_burn256,0be219064d7f2de285c4637dbbf99d87feb1bdfb,"[1, 128, 896]",inputs_embeds,paper_style_feedback_dynamics,Qwen/Qwen2.5-0.5B,0.03216463699936867,direct,fixed_random,-16.513273239135742,-16.779029846191406,1.0,1,128,4596.36279296875,91.18988800048828,71,final_hidden,2026-07-10T15:20:18.886132+00:00,nonpad_flattened,Qwen/Qwen2.5-0.5B,1.2946468186249935,-3.7887163925040177
114688,128,1,256,main,wikitext,wikitext-2-raw-v1,validation,cuda,float32,128,qwen_dynamical_edge_burn256,0be219064d7f2de285c4637dbbf99d87feb1bdfb,"[1, 128, 896]",inputs_embeds,paper_style_feedback_dynamics,Qwen/Qwen2.5-0.5B,0.03426239639520645,direct,fixed_random,-16.783811569213867,-16.513273239135742,1.0,1,128,4598.451171875,96.0583267211914,72,final_hidden,2026-07-10T15:20:18.886132+00:00,nonpad_flattened,Qwen/Qwen2.5-0.5B,-3.7887163925040177,0.06642776107388514
114688,128,1,256,main,wikitext,wikitext-2-raw-v1,validation,cuda,float32,128,qwen_dynamical_edge_burn256,0be219064d7f2de285c4637dbbf99d87feb1bdfb,"[1, 128, 896]",inputs_embeds,paper_style_feedback_dynamics,Qwen/Qwen2.5-0.5B,0.03665824607014656,direct,fixed_random,-16.53030776977539,-16.783811569213867,1.0,1,128,4596.02294921875,93.06376647949219,73,final_hidden,2026-07-10T15:20:18.886132+00:00,nonpad_flattened,Qwen/Qwen2.5-0.5B,0.06642776107388514,2.611597649310677
114688,128,1,256,main,wikitext,wikitext-2-raw-v1,validation,cuda,float32,128,qwen_dynamical_edge_burn256,0be219064d7f2de285c4637dbbf99d87feb1bdfb,"[1, 128, 896]",inputs_embeds,paper_style_feedback_dynamics,Qwen/Qwen2.5-0.5B,0.039054080843925476,direct,fixed_random,-16.777719497680664,-16.53030776977539,1.0,1,128,4597.81494140625,88.28214263916016,74,final_hidden,2026-07-10T15:20:18.886132+00:00,nonpad_flattened,Qwen/Qwen2.5-0.5B,2.611597649310677,1.6428805995198488
114688,128,1,256,main,wikitext,wikitext-2-raw-v1,validation,cuda,float32,128,qwen_dynamical_edge_burn256,0be219064d7f2de285c4637dbbf99d87feb1bdfb,"[1, 128, 896]",inputs_embeds,paper_style_feedback_dynamics,Qwen/Qwen2.5-0.5B,0.04167809337377548,direct,fixed_random,-16.50971794128418,-16.777719497680664,1.0,1,128,4595.93017578125,91.09563446044922,75,final_hidden,2026-07-10T15:20:18.886132+00:00,nonpad_flattened,Qwen/Qwen2.5-0.5B,1.6428805995198488,-3.4483171968902453
114688,128,1,256,main,wikitext,wikitext-2-raw-v1,validation,cuda,float32,128,qwen_dynamical_edge_burn256,0be219064d7f2de285c4637dbbf99d87feb1bdfb,"[1, 128, 896]",inputs_embeds,paper_style_feedback_dynamics,Qwen/Qwen2.5-0.5B,0.044280197471380234,direct,fixed_random,-16.77619171142578,-16.50971794128418,1.0,1,128,4598.03564453125,95.96012115478516,76,final_hidden,2026-07-10T15:20:18.886132+00:00,nonpad_flattened,Qwen/Qwen2.5-0.5B,-3.4483171968902453,0.445352034172414
114688,128,1,256,main,wikitext,wikitext-2-raw-v1,validation,cuda,float32,128,qwen_dynamical_edge_burn256,0be219064d7f2de285c4637dbbf99d87feb1bdfb,"[1, 128, 896]",inputs_embeds,paper_style_feedback_dynamics,Qwen/Qwen2.5-0.5B,0.0470145046710968,direct,fixed_random,-16.51889991760254,-16.77619171142578,1.0,1,128,4595.55322265625,92.96036529541016,77,final_hidden,2026-07-10T15:20:18.886132+00:00,nonpad_flattened,Qwen/Qwen2.5-0.5B,0.445352034172414,2.9618694464311552
114688,128,1,256,main,wikitext,wikitext-2-raw-v1,validation,cuda,float32,128,qwen_dynamical_edge_burn256,0be219064d7f2de285c4637dbbf99d87feb1bdfb,"[1, 128, 896]",inputs_embeds,paper_style_feedback_dynamics,Qwen/Qwen2.5-0.5B,0.04966435208916664,direct,fixed_random,-16.760005950927734,-16.51889991760254,1.0,1,128,4597.36572265625,88.19896697998047,78,final_hidden,2026-07-10T15:20:18.886132+00:00,nonpad_flattened,Qwen/Qwen2.5-0.5B,2.9618694464311552,2.0759781688600016
114688,128,1,256,main,wikitext,wikitext-2-raw-v1,validation,cuda,float32,128,qwen_dynamical_edge_burn256,0be219064d7f2de285c4637dbbf99d87feb1bdfb,"[1, 128, 896]",inputs_embeds,paper_style_feedback_dynamics,Qwen/Qwen2.5-0.5B,0.05250295624136925,direct,fixed_random,-16.486318588256836,-16.760005950927734,1.0,1,128,4595.41845703125,90.95665740966797,79,final_hidden,2026-07-10T15:20:18.886132+00:00,nonpad_flattened,Qwen/Qwen2.5-0.5B,2.0759781688600016,-3.0141091620591904
114688,128,1,256,main,wikitext,wikitext-2-raw-v1,validation,cuda,float32,128,qwen_dynamical_edge_burn256,0be219064d7f2de285c4637dbbf99d87feb1bdfb,"[1, 128, 896]",inputs_embeds,paper_style_feedback_dynamics,Qwen/Qwen2.5-0.5B,0.05522794649004936,direct,fixed_random,-16.7438907623291,-16.486318588256836,1.0,1,128,4597.548828125,95.79913330078125,80,final_hidden,2026-07-10T15:20:18.886132+00:00,nonpad_flattened,Qwen/Qwen2.5-0.5B,-3.0141091620591904,0.9334255631009362
114688,128,1,256,main,wikitext,wikitext-2-raw-v1,validation,cuda,float32,128,qwen_dynamical_edge_burn256,0be219064d7f2de285c4637dbbf99d87feb1bdfb,"[1, 128, 896]",inputs_embeds,paper_style_feedback_dynamics,Qwen/Qwen2.5-0.5B,0.05808425694704056,direct,fixed_random,-16.479291915893555,-16.7438907623291,1.0,1,128,4595.001953125,92.78275299072266,81,final_hidden,2026-07-10T15:20:18.886132+00:00,nonpad_flattened,Qwen/Qwen2.5-0.5B,0.9334255631009362,3.42125709498176
114688,128,1,256,main,wikitext,wikitext-2-raw-v1,validation,cuda,float32,128,qwen_dynamical_edge_burn256,0be219064d7f2de285c4637dbbf99d87feb1bdfb,"[1, 128, 896]",inputs_embeds,paper_style_feedback_dynamics,Qwen/Qwen2.5-0.5B,0.060733843594789505,direct,fixed_random,-16.709407806396484,-16.479291915893555,1.0,1,128,4596.84814453125,88.03073120117188,82,final_hidden,2026-07-10T15:20:18.886132+00:00,nonpad_flattened,Qwen/Qwen2.5-0.5B,3.42125709498176,2.650618266808634
114688,128,1,256,main,wikitext,wikitext-2-raw-v1,validation,cuda,float32,128,qwen_dynamical_edge_burn256,0be219064d7f2de285c4637dbbf99d87feb1bdfb,"[1, 128, 896]",inputs_embeds,paper_style_feedback_dynamics,Qwen/Qwen2.5-0.5B,0.06333022564649582,direct,fixed_random,-16.4274845123291,-16.709407806396484,1.0,1,128,4594.82470703125,90.70185089111328,83,final_hidden,2026-07-10T15:20:18.886132+00:00,nonpad_flattened,Qwen/Qwen2.5-0.5B,2.650618266808634,-2.4252236559386406
114688,128,1,256,main,wikitext,wikitext-2-raw-v1,validation,cuda,float32,128,qwen_dynamical_edge_burn256,0be219064d7f2de285c4637dbbf99d87feb1bdfb,"[1, 128, 896]",inputs_embeds,paper_style_feedback_dynamics,Qwen/Qwen2.5-0.5B,0.0656135231256485,direct,fixed_random,-16.672842025756836,-16.4274845123291,1.0,1,128,4596.9970703125,95.49115753173828,84,final_hidden,2026-07-10T15:20:18.886132+00:00,nonpad_flattened,Qwen/Qwen2.5-0.5B,-2.4252236559386406,1.5810086473326386
114688,128,1,256,main,wikitext,wikitext-2-raw-v1,validation,cuda,float32,128,qwen_dynamical_edge_burn256,0be219064d7f2de285c4637dbbf99d87feb1bdfb,"[1, 128, 896]",inputs_embeds,paper_style_feedback_dynamics,Qwen/Qwen2.5-0.5B,0.06774209439754486,direct,fixed_random,-16.400503158569336,-16.672842025756836,1.0,1,128,4594.37548828125,92.4603500366211,85,final_hidden,2026-07-10T15:20:18.886132+00:00,nonpad_flattened,Qwen/Qwen2.5-0.5B,1.5810086473326386,4.040919194289121
114688,128,1,256,main,wikitext,wikitext-2-raw-v1,validation,cuda,float32,128,qwen_dynamical_edge_burn256,0be219064d7f2de285c4637dbbf99d87feb1bdfb,"[1, 128, 896]",inputs_embeds,paper_style_feedback_dynamics,Qwen/Qwen2.5-0.5B,0.06939581781625748,direct,fixed_random,-16.619226455688477,-16.400503158569336,1.0,1,128,4596.27734375,87.69855499267578,86,final_hidden,2026-07-10T15:20:18.886132+00:00,nonpad_flattened,Qwen/Qwen2.5-0.5B,4.040919194289121,3.396766895484323
114688,128,1,256,main,wikitext,wikitext-2-raw-v1,validation,cuda,float32,128,qwen_dynamical_edge_burn256,0be219064d7f2de285c4637dbbf99d87feb1bdfb,"[1, 128, 896]",inputs_embeds,paper_style_feedback_dynamics,Qwen/Qwen2.5-0.5B,0.0709858313202858,direct,fixed_random,-16.331377029418945,-16.619226455688477,1.0,1,128,4594.1650390625,90.27901458740234,87,final_hidden,2026-07-10T15:20:18.886132+00:00,nonpad_flattened,Qwen/Qwen2.5-0.5B,3.396766895484323,-1.6607869093109402
114688,128,1,256,main,wikitext,wikitext-2-raw-v1,validation,cuda,float32,128,qwen_dynamical_edge_burn256,0be219064d7f2de285c4637dbbf99d87feb1bdfb,"[1, 128, 896]",inputs_embeds,paper_style_feedback_dynamics,Qwen/Qwen2.5-0.5B,0.07183950394392014,direct,fixed_random,-16.567913055419922,-16.331377029418945,1.0,1,128,4596.40234375,94.9909439086914,88,final_hidden,2026-07-10T15:20:18.886132+00:00,nonpad_flattened,Qwen/Qwen2.5-0.5B,-1.6607869093109402,2.3661520880407703
114688,128,1,256,main,wikitext,wikitext-2-raw-v1,validation,cuda,float32,128,qwen_dynamical_edge_burn256,0be219064d7f2de285c4637dbbf99d87feb1bdfb,"[1, 128, 896]",inputs_embeds,paper_style_feedback_dynamics,Qwen/Qwen2.5-0.5B,0.07259257882833481,direct,fixed_random,-16.29283905029297,-16.567913055419922,1.0,1,128,4593.697265625,92.00224304199219,89,final_hidden,2026-07-10T15:20:18.886132+00:00,nonpad_flattened,Qwen/Qwen2.5-0.5B,2.3661520880407703,4.780064373363678
114688,128,1,256,main,wikitext,wikitext-2-raw-v1,validation,cuda,float32,128,qwen_dynamical_edge_burn256,0be219064d7f2de285c4637dbbf99d87feb1bdfb,"[1, 128, 896]",inputs_embeds,paper_style_feedback_dynamics,Qwen/Qwen2.5-0.5B,0.07275820523500443,direct,fixed_random,-16.507001876831055,-16.29283905029297,1.0,1,128,4595.669921875,87.24161529541016,90,final_hidden,2026-07-10T15:20:18.886132+00:00,nonpad_flattened,Qwen/Qwen2.5-0.5B,4.780064373363678,4.2182078099377796
114688,128,1,256,main,wikitext,wikitext-2-raw-v1,validation,cuda,float32,128,qwen_dynamical_edge_burn256,0be219064d7f2de285c4637dbbf99d87feb1bdfb,"[1, 128, 896]",inputs_embeds,paper_style_feedback_dynamics,Qwen/Qwen2.5-0.5B,0.07277525961399078,direct,fixed_random,-16.219369888305664,-16.507001876831055,1.0,1,128,4593.45947265625,89.79639434814453,91,final_hidden,2026-07-10T15:20:18.886132+00:00,nonpad_flattened,Qwen/Qwen2.5-0.5B,4.2182078099377796,-0.8477898586825418
114688,128,1,256,main,wikitext,wikitext-2-raw-v1,validation,cuda,float32,128,qwen_dynamical_edge_burn256,0be219064d7f2de285c4637dbbf99d87feb1bdfb,"[1, 128, 896]",inputs_embeds,paper_style_feedback_dynamics,Qwen/Qwen2.5-0.5B,0.07216604799032211,direct,fixed_random,-16.455577850341797,-16.219369888305664,1.0,1,128,4595.7626953125,94.46481323242188,92,final_hidden,2026-07-10T15:20:18.886132+00:00,nonpad_flattened,Qwen/Qwen2.5-0.5B,-0.8477898586825418,3.13023408467948
114688,128,1,256,main,wikitext,wikitext-2-raw-v1,validation,cuda,float32,128,qwen_dynamical_edge_burn256,0be219064d7f2de285c4637dbbf99d87feb1bdfb,"[1, 128, 896]",inputs_embeds,paper_style_feedback_dynamics,Qwen/Qwen2.5-0.5B,0.07150767743587494,direct,fixed_random,-16.183454513549805,-16.455577850341797,1.0,1,128,4592.97216796875,91.61013793945312,93,final_hidden,2026-07-10T15:20:18.886132+00:00,nonpad_flattened,Qwen/Qwen2.5-0.5B,3.13023408467948,5.4681297247387075
114688,128,1,256,main,wikitext,wikitext-2-raw-v1,validation,cuda,float32,128,qwen_dynamical_edge_burn256,0be219064d7f2de285c4637dbbf99d87feb1bdfb,"[1, 128, 896]",inputs_embeds,paper_style_feedback_dynamics,Qwen/Qwen2.5-0.5B,0.07035064697265625,direct,fixed_random,-16.40083885192871,-16.183454513549805,1.0,1,128,4594.99462890625,86.9069595336914,94,final_hidden,2026-07-10T15:20:18.886132+00:00,nonpad_flattened,Qwen/Qwen2.5-0.5B,5.4681297247387075,4.9304151241911605
114688,128,1,256,main,wikitext,wikitext-2-raw-v1,validation,cuda,float32,128,qwen_dynamical_edge_burn256,0be219064d7f2de285c4637dbbf99d87feb1bdfb,"[1, 128, 896]",inputs_embeds,paper_style_feedback_dynamics,Qwen/Qwen2.5-0.5B,0.0692451074719429,direct,fixed_random,-16.116901397705078,-16.40083885192871,1.0,1,128,4592.6962890625,89.50302124023438,95,final_hidden,2026-07-10T15:20:18.886132+00:00,nonpad_flattened,Qwen/Qwen2.5-0.5B,4.9304151241911605,-0.16615737699869082
114688,128,1,256,main,wikitext,wikitext-2-raw-v1,validation,cuda,float32,128,qwen_dynamical_edge_burn256,0be219064d7f2de285c4637dbbf99d87feb1bdfb,"[1, 128, 896]",inputs_embeds,paper_style_feedback_dynamics,Qwen/Qwen2.5-0.5B,0.06791581958532333,direct,fixed_random,-16.358152389526367,-16.116901397705078,1.0,1,128,4595.03125,94.18487548828125,96,final_hidden,2026-07-10T15:20:18.886132+00:00,nonpad_flattened,Qwen/Qwen2.5-0.5B,-0.16615737699869082,3.7283164739694903
114688,128,1,256,main,wikitext,wikitext-2-raw-v1,validation,cuda,float32,128,qwen_dynamical_edge_burn256,0be219064d7f2de285c4637dbbf99d87feb1bdfb,"[1, 128, 896]",inputs_embeds,paper_style_feedback_dynamics,Qwen/Qwen2.5-0.5B,0.06686735898256302,direct,fixed_random,-16.090312957763672,-16.358152389526367,1.0,1,128,4592.18408203125,91.48535919189453,97,final_hidden,2026-07-10T15:20:18.886132+00:00,nonpad_flattened,Qwen/Qwen2.5-0.5B,3.7283164739694903,6.000173088741051
114688,128,1,256,main,wikitext,wikitext-2-raw-v1,validation,cuda,float32,128,qwen_dynamical_edge_burn256,0be219064d7f2de285c4637dbbf99d87feb1bdfb,"[1, 128, 896]",inputs_embeds,paper_style_feedback_dynamics,Qwen/Qwen2.5-0.5B,0.06587569415569305,direct,fixed_random,-16.313308715820312,-16.090312957763672,1.0,1,128,4594.21923828125,86.85735321044922,98,final_hidden,2026-07-10T15:20:18.886132+00:00,nonpad_flattened,Qwen/Qwen2.5-0.5B,6.000173088741051,5.4315278793997965
114688,128,1,256,main,wikitext,wikitext-2-raw-v1,validation,cuda,float32,128,qwen_dynamical_edge_burn256,0be219064d7f2de285c4637dbbf99d87feb1bdfb,"[1, 128, 896]",inputs_embeds,paper_style_feedback_dynamics,Qwen/Qwen2.5-0.5B,0.0653446614742279,direct,fixed_random,-16.03253746032715,-16.313308715820312,1.0,1,128,4591.89453125,89.51531982421875,99,final_hidden,2026-07-10T15:20:18.886132+00:00,nonpad_flattened,Qwen/Qwen2.5-0.5B,5.4315278793997965,0.2942360949001018
114688,128,1,256,main,wikitext,wikitext-2-raw-v1,validation,cuda,float32,128,qwen_dynamical_edge_burn256,0be219064d7f2de285c4637dbbf99d87feb1bdfb,"[1, 128, 896]",inputs_embeds,paper_style_feedback_dynamics,Qwen/Qwen2.5-0.5B,0.06510777771472931,direct,fixed_random,-16.27914047241211,-16.03253746032715,1.0,1,128,4594.24169921875,94.23991394042969,100,final_hidden,2026-07-10T15:20:18.886132+00:00,nonpad_flattened,Qwen/Qwen2.5-0.5B,0.2942360949001018,4.057222232689433
114688,128,1,256,main,wikitext,wikitext-2-raw-v1,validation,cuda,float32,128,qwen_dynamical_edge_burn256,0be219064d7f2de285c4637dbbf99d87feb1bdfb,"[1, 128, 896]",inputs_embeds,paper_style_feedback_dynamics,Qwen/Qwen2.5-0.5B,0.06540297716856003,direct,fixed_random,-16.014345169067383,-16.27914047241211,1.0,1,128,4591.42919921875,91.68231964111328,101,final_hidden,2026-07-10T15:20:18.886132+00:00,nonpad_flattened,Qwen/Qwen2.5-0.5B,4.057222232689433,6.263965932681713
114688,128,1,256,main,wikitext,wikitext-2-raw-v1,validation,cuda,float32,128,qwen_dynamical_edge_burn256,0be219064d7f2de285c4637dbbf99d87feb1bdfb,"[1, 128, 896]",inputs_embeds,paper_style_feedback_dynamics,Qwen/Qwen2.5-0.5B,0.0658976212143898,direct,fixed_random,-16.242753982543945,-16.014345169067383,1.0,1,128,4593.48193359375,87.12425994873047,102,final_hidden,2026-07-10T15:20:18.886132+00:00,nonpad_flattened,Qwen/Qwen2.5-0.5B,6.263965932681713,5.568587853031766
114688,128,1,256,main,wikitext,wikitext-2-raw-v1,validation,cuda,float32,128,qwen_dynamical_edge_burn256,0be219064d7f2de285c4637dbbf99d87feb1bdfb,"[1, 128, 896]",inputs_embeds,paper_style_feedback_dynamics,Qwen/Qwen2.5-0.5B,0.06670160591602325,direct,fixed_random,-15.965147018432617,-16.242753982543945,1.0,1,128,4591.2529296875,89.86756134033203,103,final_hidden,2026-07-10T15:20:18.886132+00:00,nonpad_flattened,Qwen/Qwen2.5-0.5B,5.568587853031766,0.3609323187248716
114688,128,1,256,main,wikitext,wikitext-2-raw-v1,validation,cuda,float32,128,qwen_dynamical_edge_burn256,0be219064d7f2de285c4637dbbf99d87feb1bdfb,"[1, 128, 896]",inputs_embeds,paper_style_feedback_dynamics,Qwen/Qwen2.5-0.5B,0.06739932298660278,direct,fixed_random,-16.219135284423828,-15.965147018432617,1.0,1,128,4593.63916015625,94.65116119384766,104,final_hidden,2026-07-10T15:20:18.886132+00:00,nonpad_flattened,Qwen/Qwen2.5-0.5B,0.3609323187248716,3.9380256280643633
114688,128,1,256,main,wikitext,wikitext-2-raw-v1,validation,cuda,float32,128,qwen_dynamical_edge_burn256,0be219064d7f2de285c4637dbbf99d87feb1bdfb,"[1, 128, 896]",inputs_embeds,paper_style_feedback_dynamics,Qwen/Qwen2.5-0.5B,0.0680600255727768,direct,fixed_random,-15.96038818359375,-16.219135284423828,1.0,1,128,4590.9853515625,92.20359802246094,105,final_hidden,2026-07-10T15:20:18.886132+00:00,nonpad_flattened,Qwen/Qwen2.5-0.5B,3.9380256280643633,6.071437151745024
114688,128,1,256,main,wikitext,wikitext-2-raw-v1,validation,cuda,float32,128,qwen_dynamical_edge_burn256,0be219064d7f2de285c4637dbbf99d87feb1bdfb,"[1, 128, 896]",inputs_embeds,paper_style_feedback_dynamics,Qwen/Qwen2.5-0.5B,0.06844781339168549,direct,fixed_random,-16.19952964782715,-15.96038818359375,1.0,1,128,4593.08544921875,87.70153045654297,106,final_hidden,2026-07-10T15:20:18.886132+00:00,nonpad_flattened,Qwen/Qwen2.5-0.5B,6.071437151745024,5.1802208498084505
114688,128,1,256,main,wikitext,wikitext-2-raw-v1,validation,cuda,float32,128,qwen_dynamical_edge_burn256,0be219064d7f2de285c4637dbbf99d87feb1bdfb,"[1, 128, 896]",inputs_embeds,paper_style_feedback_dynamics,Qwen/Qwen2.5-0.5B,0.06866644322872162,direct,fixed_random,-15.9306640625,-16.19952964782715,1.0,1,128,4591.0634765625,90.52782440185547,107,final_hidden,2026-07-10T15:20:18.886132+00:00,nonpad_flattened,Qwen/Qwen2.5-0.5B,5.1802208498084505,-0.10770656416612634
114688,128,1,256,main,wikitext,wikitext-2-raw-v1,validation,cuda,float32,128,qwen_dynamical_edge_burn256,0be219064d7f2de285c4637dbbf99d87feb1bdfb,"[1, 128, 896]",inputs_embeds,paper_style_feedback_dynamics,Qwen/Qwen2.5-0.5B,0.0685361996293068,direct,fixed_random,-16.198284149169922,-15.9306640625,1.0,1,128,4593.5,95.37399291992188,108,final_hidden,2026-07-10T15:20:18.886132+00:00,nonpad_flattened,Qwen/Qwen2.5-0.5B,-0.10770656416612634,3.3001538864693436
114688,128,1,256,main,wikitext,wikitext-2-raw-v1,validation,cuda,float32,128,qwen_dynamical_edge_burn256,0be219064d7f2de285c4637dbbf99d87feb1bdfb,"[1, 128, 896]",inputs_embeds,paper_style_feedback_dynamics,Qwen/Qwen2.5-0.5B,0.06814982742071152,direct,fixed_random,-15.950013160705566,-16.198284149169922,1.0,1,128,4591.07421875,92.95756530761719,109,final_hidden,2026-07-10T15:20:18.886132+00:00,nonpad_flattened,Qwen/Qwen2.5-0.5B,3.3001538864693436,5.401496444465088
114688,128,1,256,main,wikitext,wikitext-2-raw-v1,validation,cuda,float32,128,qwen_dynamical_edge_burn256,0be219064d7f2de285c4637dbbf99d87feb1bdfb,"[1, 128, 896]",inputs_embeds,paper_style_feedback_dynamics,Qwen/Qwen2.5-0.5B,0.06729838252067566,direct,fixed_random,-16.202871322631836,-15.950013160705566,1.0,1,128,4593.2001953125,88.4757080078125,110,final_hidden,2026-07-10T15:20:18.886132+00:00,nonpad_flattened,Qwen/Qwen2.5-0.5B,5.401496444465088,4.305707284660539
114688,128,1,256,main,wikitext,wikitext-2-raw-v1,validation,cuda,float32,128,qwen_dynamical_edge_burn256,0be219064d7f2de285c4637dbbf99d87feb1bdfb,"[1, 128, 896]",inputs_embeds,paper_style_feedback_dynamics,Qwen/Qwen2.5-0.5B,0.06617866456508636,direct,fixed_random,-15.943639755249023,-16.202871322631836,1.0,1,128,4591.41748046875,91.36969757080078,111,final_hidden,2026-07-10T15:20:18.886132+00:00,nonpad_flattened,Qwen/Qwen2.5-0.5B,4.305707284660539,-1.0275123468004543
114688,128,1,256,main,wikitext,wikitext-2-raw-v1,validation,cuda,float32,128,qwen_dynamical_edge_burn256,0be219064d7f2de285c4637dbbf99d87feb1bdfb,"[1, 128, 896]",inputs_embeds,paper_style_feedback_dynamics,Qwen/Qwen2.5-0.5B,0.06461583077907562,direct,fixed_random,-16.223264694213867,-15.943639755249023,1.0,1,128,4593.85400390625,96.27460479736328,112,final_hidden,2026-07-10T15:20:18.886132+00:00,nonpad_flattened,Qwen/Qwen2.5-0.5B,-1.0275123468004543,2.2955892064229584
114688,128,1,256,main,wikitext,wikitext-2-raw-v1,validation,cuda,float32,128,qwen_dynamical_edge_burn256,0be219064d7f2de285c4637dbbf99d87feb1bdfb,"[1, 128, 896]",inputs_embeds,paper_style_feedback_dynamics,Qwen/Qwen2.5-0.5B,0.06286727637052536,direct,fixed_random,-15.982599258422852,-16.223264694213867,1.0,1,128,4591.63720703125,93.79547119140625,113,final_hidden,2026-07-10T15:20:18.886132+00:00,nonpad_flattened,Qwen/Qwen2.5-0.5B,2.2955892064229584,4.447703178848712
114688,128,1,256,main,wikitext,wikitext-2-raw-v1,validation,cuda,float32,128,qwen_dynamical_edge_burn256,0be219064d7f2de285c4637dbbf99d87feb1bdfb,"[1, 128, 896]",inputs_embeds,paper_style_feedback_dynamics,Qwen/Qwen2.5-0.5B,0.060753073543310165,direct,fixed_random,-16.244426727294922,-15.982599258422852,1.0,1,128,4593.7216796875,89.28203582763672,114,final_hidden,2026-07-10T15:20:18.886132+00:00,nonpad_flattened,Qwen/Qwen2.5-0.5B,4.447703178848712,3.1692396606589
114688,128,1,256,main,wikitext,wikitext-2-raw-v1,validation,cuda,float32,128,qwen_dynamical_edge_burn256,0be219064d7f2de285c4637dbbf99d87feb1bdfb,"[1, 128, 896]",inputs_embeds,paper_style_feedback_dynamics,Qwen/Qwen2.5-0.5B,0.05863218754529953,direct,fixed_random,-15.990238189697266,-16.244426727294922,1.0,1,128,4592.13623046875,92.25000762939453,115,final_hidden,2026-07-10T15:20:18.886132+00:00,nonpad_flattened,Qwen/Qwen2.5-0.5B,3.1692396606589,-2.168846418686253
114688,128,1,256,main,wikitext,wikitext-2-raw-v1,validation,cuda,float32,128,qwen_dynamical_edge_burn256,0be219064d7f2de285c4637dbbf99d87feb1bdfb,"[1, 128, 896]",inputs_embeds,paper_style_feedback_dynamics,Qwen/Qwen2.5-0.5B,0.05627044290304184,direct,fixed_random,-16.27625274658203,-15.990238189697266,1.0,1,128,4594.49951171875,97.22172546386719,116,final_hidden,2026-07-10T15:20:18.886132+00:00,nonpad_flattened,Qwen/Qwen2.5-0.5B,-2.168846418686253,1.1506034454902287
114688,128,1,256,main,wikitext,wikitext-2-raw-v1,validation,cuda,float32,128,qwen_dynamical_edge_burn256,0be219064d7f2de285c4637dbbf99d87feb1bdfb,"[1, 128, 896]",inputs_embeds,paper_style_feedback_dynamics,Qwen/Qwen2.5-0.5B,0.05402456596493721,direct,fixed_random,-16.037708282470703,-16.27625274658203,1.0,1,128,4592.43017578125,94.6255111694336,117,final_hidden,2026-07-10T15:20:18.886132+00:00,nonpad_flattened,Qwen/Qwen2.5-0.5B,1.1506034454902287,3.4092537331365715
114688,128,1,256,main,wikitext,wikitext-2-raw-v1,validation,cuda,float32,128,qwen_dynamical_edge_burn256,0be219064d7f2de285c4637dbbf99d87feb1bdfb,"[1, 128, 896]",inputs_embeds,paper_style_feedback_dynamics,Qwen/Qwen2.5-0.5B,0.05168742686510086,direct,fixed_random,-16.303579330444336,-16.037708282470703,1.0,1,128,4594.4091796875,90.0610122680664,118,final_hidden,2026-07-10T15:20:18.886132+00:00,nonpad_flattened,Qwen/Qwen2.5-0.5B,3.4092537331365715,1.9617719821226316
114688,128,1,256,main,wikitext,wikitext-2-raw-v1,validation,cuda,float32,128,qwen_dynamical_edge_burn256,0be219064d7f2de285c4637dbbf99d87feb1bdfb,"[1, 128, 896]",inputs_embeds,paper_style_feedback_dynamics,Qwen/Qwen2.5-0.5B,0.04947909340262413,direct,fixed_random,-16.05013084411621,-16.303579330444336,1.0,1,128,4592.96484375,93.13164520263672,119,final_hidden,2026-07-10T15:20:18.886132+00:00,nonpad_flattened,Qwen/Qwen2.5-0.5B,1.9617719821226316,-3.360131970959406
114688,128,1,256,main,wikitext,wikitext-2-raw-v1,validation,cuda,float32,128,qwen_dynamical_edge_burn256,0be219064d7f2de285c4637dbbf99d87feb1bdfb,"[1, 128, 896]",inputs_embeds,paper_style_feedback_dynamics,Qwen/Qwen2.5-0.5B,0.047256167978048325,direct,fixed_random,-16.339134216308594,-16.05013084411621,1.0,1,128,4595.20166015625,98.18684387207031,120,final_hidden,2026-07-10T15:20:18.886132+00:00,nonpad_flattened,Qwen/Qwen2.5-0.5B,-3.360131970959406,0.0040405499660018185
114688,128,1,256,main,wikitext,wikitext-2-raw-v1,validation,cuda,float32,128,qwen_dynamical_edge_burn256,0be219064d7f2de285c4637dbbf99d87feb1bdfb,"[1, 128, 896]",inputs_embeds,paper_style_feedback_dynamics,Qwen/Qwen2.5-0.5B,0.045219045132398605,direct,fixed_random,-16.099519729614258,-16.339134216308594,1.0,1,128,4593.22998046875,95.45195007324219,121,final_hidden,2026-07-10T15:20:18.886132+00:00,nonpad_flattened,Qwen/Qwen2.5-0.5B,0.0040405499660018185,2.3882701574068337
114688,128,1,256,main,wikitext,wikitext-2-raw-v1,validation,cuda,float32,128,qwen_dynamical_edge_burn256,0be219064d7f2de285c4637dbbf99d87feb1bdfb,"[1, 128, 896]",inputs_embeds,paper_style_feedback_dynamics,Qwen/Qwen2.5-0.5B,0.04325071722269058,direct,fixed_random,-16.36769676208496,-16.099519729614258,1.0,1,128,4595.06640625,90.84234619140625,122,final_hidden,2026-07-10T15:20:18.886132+00:00,nonpad_flattened,Qwen/Qwen2.5-0.5B,2.3882701574068337,0.7747135746141234
114688,128,1,256,main,wikitext,wikitext-2-raw-v1,validation,cuda,float32,128,qwen_dynamical_edge_burn256,0be219064d7f2de285c4637dbbf99d87feb1bdfb,"[1, 128, 896]",inputs_embeds,paper_style_feedback_dynamics,Qwen/Qwen2.5-0.5B,0.041433271020650864,direct,fixed_random,-16.113378524780273,-16.36769676208496,1.0,1,128,4593.7333984375,94.03643035888672,123,final_hidden,2026-07-10T15:20:18.886132+00:00,nonpad_flattened,Qwen/Qwen2.5-0.5B,0.7747135746141234,-4.513814478700722
114688,128,1,256,main,wikitext,wikitext-2-raw-v1,validation,cuda,float32,128,qwen_dynamical_edge_burn256,0be219064d7f2de285c4637dbbf99d87feb1bdfb,"[1, 128, 896]",inputs_embeds,paper_style_feedback_dynamics,Qwen/Qwen2.5-0.5B,0.03967686742544174,direct,fixed_random,-16.4044246673584,-16.113378524780273,1.0,1,128,4595.8134765625,99.17781829833984,124,final_hidden,2026-07-10T15:20:18.886132+00:00,nonpad_flattened,Qwen/Qwen2.5-0.5B,-4.513814478700722,-1.0953220837668782
114688,128,1,256,main,wikitext,wikitext-2-raw-v1,validation,cuda,float32,128,qwen_dynamical_edge_burn256,0be219064d7f2de285c4637dbbf99d87feb1bdfb,"[1, 128, 896]",inputs_embeds,paper_style_feedback_dynamics,Qwen/Qwen2.5-0.5B,0.03806344419717789,direct,fixed_random,-16.16284942626953,-16.4044246673584,1.0,1,128,4593.92626953125,96.30268859863281,125,final_hidden,2026-07-10T15:20:18.886132+00:00,nonpad_flattened,Qwen/Qwen2.5-0.5B,-1.0953220837668782,1.4218812662531568
114688,128,1,256,main,wikitext,wikitext-2-raw-v1,validation,cuda,float32,128,qwen_dynamical_edge_burn256,0be219064d7f2de285c4637dbbf99d87feb1bdfb,"[1, 128, 896]",inputs_embeds,paper_style_feedback_dynamics,Qwen/Qwen2.5-0.5B,0.036514025181531906,direct,fixed_random,-16.432680130004883,-16.16284942626953,1.0,1,128,4595.59814453125,91.65653991699219,126,final_hidden,2026-07-10T15:20:18.886132+00:00,nonpad_flattened,Qwen/Qwen2.5-0.5B,1.4218812662531568,-0.36488043865022646
4480,128,2,256,main,wikitext,wikitext-2-raw-v1,validation,cuda,float32,128,qwen_dynamical_edge_burn256,0be219064d7f2de285c4637dbbf99d87feb1bdfb,"[1, 128, 896]",inputs_embeds,paper_style_feedback_dynamics,Qwen/Qwen2.5-0.5B,0.0002006937429541722,direct,fixed_random,-11.078547477722168,-11.078548431396484,1.0,2,128,965.4309692382812,6.305348506430164e-05,0,final_hidden,2026-07-10T15:20:18.886132+00:00,nonpad_flattened,Qwen/Qwen2.5-0.5B,-2.417490277460918e-05,-4.556475456190722e-05
4480,128,2,256,main,wikitext,wikitext-2-raw-v1,validation,cuda,float32,128,qwen_dynamical_edge_burn256,0be219064d7f2de285c4637dbbf99d87feb1bdfb,"[1, 128, 896]",inputs_embeds,paper_style_feedback_dynamics,Qwen/Qwen2.5-0.5B,0.00022517918841913342,direct,fixed_random,-11.078550338745117,-11.078547477722168,1.0,2,128,965.4309692382812,5.509368565981276e-05,1,final_hidden,2026-07-10T15:20:18.886132+00:00,nonpad_flattened,Qwen/Qwen2.5-0.5B,-4.556475456190722e-05,-8.558692420357727e-05
4480,128,2,256,main,wikitext,wikitext-2-raw-v1,validation,cuda,float32,128,qwen_dynamical_edge_burn256,0be219064d7f2de285c4637dbbf99d87feb1bdfb,"[1, 128, 896]",inputs_embeds,paper_style_feedback_dynamics,Qwen/Qwen2.5-0.5B,0.0002721115597523749,direct,fixed_random,-11.078548431396484,-11.078550338745117,1.0,2,128,965.4309692382812,8.086924935923889e-05,2,final_hidden,2026-07-10T15:20:18.886132+00:00,nonpad_flattened,Qwen/Qwen2.5-0.5B,-8.558692420357727e-05,-8.009474393125472e-05
4480,128,2,256,main,wikitext,wikitext-2-raw-v1,validation,cuda,float32,128,qwen_dynamical_edge_burn256,0be219064d7f2de285c4637dbbf99d87feb1bdfb,"[1, 128, 896]",inputs_embeds,paper_style_feedback_dynamics,Qwen/Qwen2.5-0.5B,0.000265622278675437,direct,fixed_random,-11.078548431396484,-11.078548431396484,1.0,2,128,965.4309692382812,7.555618503829464e-05,3,final_hidden,2026-07-10T15:20:18.886132+00:00,nonpad_flattened,Qwen/Qwen2.5-0.5B,-8.009474393125472e-05,-9.20165735637554e-05
4480,128,2,256,main,wikitext,wikitext-2-raw-v1,validation,cuda,float32,128,qwen_dynamical_edge_burn256,0be219064d7f2de285c4637dbbf99d87feb1bdfb,"[1, 128, 896]",inputs_embeds,paper_style_feedback_dynamics,Qwen/Qwen2.5-0.5B,0.00027926123584620655,direct,fixed_random,-11.078547477722168,-11.078548431396484,1.0,2,128,965.4309692382812,7.082036609062925e-05,4,final_hidden,2026-07-10T15:20:18.886132+00:00,nonpad_flattened,Qwen/Qwen2.5-0.5B,-9.20165735637554e-05,-0.00011407733806634353
4480,128,2,256,main,wikitext,wikitext-2-raw-v1,validation,cuda,float32,128,qwen_dynamical_edge_burn256,0be219064d7f2de285c4637dbbf99d87feb1bdfb,"[1, 128, 896]",inputs_embeds,paper_style_feedback_dynamics,Qwen/Qwen2.5-0.5B,0.00030510983197018504,direct,fixed_random,-11.078546524047852,-11.078547477722168,1.0,2,128,965.4309692382812,8.425833948422223e-05,5,final_hidden,2026-07-10T15:20:18.886132+00:00,nonpad_flattened,Qwen/Qwen2.5-0.5B,-0.00011407733806634353,-6.912669403447848e-05
4480,128,2,256,main,wikitext,wikitext-2-raw-v1,validation,cuda,float32,128,qwen_dynamical_edge_burn256,0be219064d7f2de285c4637dbbf99d87feb1bdfb,"[1, 128, 896]",inputs_embeds,paper_style_feedback_dynamics,Qwen/Qwen2.5-0.5B,0.00028829294024035335,direct,fixed_random,-11.078547477722168,-11.078546524047852,1.0,2,128,965.430908203125,7.950916915433481e-05,6,final_hidden,2026-07-10T15:20:18.886132+00:00,nonpad_flattened,Qwen/Qwen2.5-0.5B,-6.912669403447848e-05,-6.520870220695457e-05
4480,128,2,256,main,wikitext,wikitext-2-raw-v1,validation,cuda,float32,128,qwen_dynamical_edge_burn256,0be219064d7f2de285c4637dbbf99d87feb1bdfb,"[1, 128, 896]",inputs_embeds,paper_style_feedback_dynamics,Qwen/Qwen2.5-0.5B,0.00028375902911648154,direct,fixed_random,-11.078548431396484,-11.078547477722168,1.0,2,128,965.430908203125,7.918859046185389e-05,7,final_hidden,2026-07-10T15:20:18.886132+00:00,nonpad_flattened,Qwen/Qwen2.5-0.5B,-6.520870220695457e-05,-7.388607601657235e-05
4480,128,2,256,main,wikitext,wikitext-2-raw-v1,validation,cuda,float32,128,qwen_dynamical_edge_burn256,0be219064d7f2de285c4637dbbf99d87feb1bdfb,"[1, 128, 896]",inputs_embeds,paper_style_feedback_dynamics,Qwen/Qwen2.5-0.5B,0.00029378203907981515,direct,fixed_random,-11.078548431396484,-11.078548431396484,1.0,2,128,965.430908203125,7.922672375570983e-05,8,final_hidden,2026-07-10T15:20:18.886132+00:00,nonpad_flattened,Qwen/Qwen2.5-0.5B,-7.388607601657235e-05,-0.00012741792547224027
4480,128,2,256,main,wikitext,wikitext-2-raw-v1,validation,cuda,float32,128,qwen_dynamical_edge_burn256,0be219064d7f2de285c4637dbbf99d87feb1bdfb,"[1, 128, 896]",inputs_embeds,paper_style_feedback_dynamics,Qwen/Qwen2.5-0.5B,0.0003202068037353456,direct,fixed_random,-11.078547477722168,-11.078548431396484,1.0,2,128,965.4309692382812,7.29540188331157e-05,9,final_hidden,2026-07-10T15:20:18.886132+00:00,nonpad_flattened,Qwen/Qwen2.5-0.5B,-0.00012741792547224027,-8.735474783911498e-05
4480,128,2,256,main,wikitext,wikitext-2-raw-v1,validation,cuda,float32,128,qwen_dynamical_edge_burn256,0be219064d7f2de285c4637dbbf99d87feb1bdfb,"[1, 128, 896]",inputs_embeds,paper_style_feedback_dynamics,Qwen/Qwen2.5-0.5B,0.0003092853876296431,direct,fixed_random,-11.078547477722168,-11.078547477722168,1.0,2,128,965.430908203125,7.732298399787396e-05,10,final_hidden,2026-07-10T15:20:18.886132+00:00,nonpad_flattened,Qwen/Qwen2.5-0.5B,-8.735474783911498e-05,-0.00012370602463545764
4480,128,2,256,main,wikitext,wikitext-2-raw-v1,validation,cuda,float32,128,qwen_dynamical_edge_burn256,0be219064d7f2de285c4637dbbf99d87feb1bdfb,"[1, 128, 896]",inputs_embeds,paper_style_feedback_dynamics,Qwen/Qwen2.5-0.5B,0.0003161232452839613,direct,fixed_random,-11.078546524047852,-11.078547477722168,1.0,2,128,965.4309692382812,8.035654172999784e-05,11,final_hidden,2026-07-10T15:20:18.886132+00:00,nonpad_flattened,Qwen/Qwen2.5-0.5B,-0.00012370602463545764,-0.00015845256102718663
4480,128,2,256,main,wikitext,wikitext-2-raw-v1,validation,cuda,float32,128,qwen_dynamical_edge_burn256,0be219064d7f2de285c4637dbbf99d87feb1bdfb,"[1, 128, 896]",inputs_embeds,paper_style_feedback_dynamics,Qwen/Qwen2.5-0.5B,0.0003560016048140824,direct,fixed_random,-11.078547477722168,-11.078546524047852,1.0,2,128,965.4309692382812,7.1180664235726e-05,12,final_hidden,2026-07-10T15:20:18.886132+00:00,nonpad_flattened,Qwen/Qwen2.5-0.5B,-0.00015845256102718663,-9.9683130742424e-05
4480,128,2,256,main,wikitext,wikitext-2-raw-v1,validation,cuda,float32,128,qwen_dynamical_edge_burn256,0be219064d7f2de285c4637dbbf99d87feb1bdfb,"[1, 128, 896]",inputs_embeds,paper_style_feedback_dynamics,Qwen/Qwen2.5-0.5B,0.0003233567113056779,direct,fixed_random,-11.078548431396484,-11.078547477722168,1.0,2,128,965.430908203125,7.123466639313847e-05,13,final_hidden,2026-07-10T15:20:18.886132+00:00,nonpad_flattened,Qwen/Qwen2.5-0.5B,-9.9683130742424e-05,-0.00016839715209134444
4480,128,2,256,main,wikitext,wikitext-2-raw-v1,validation,cuda,float32,128,qwen_dynamical_edge_burn256,0be219064d7f2de285c4637dbbf99d87feb1bdfb,"[1, 128, 896]",inputs_embeds,paper_style_feedback_dynamics,Qwen/Qwen2.5-0.5B,0.0003675181942526251,direct,fixed_random,-11.078546524047852,-11.078548431396484,1.0,2,128,965.4309692382812,7.231010386021808e-05,14,final_hidden,2026-07-10T15:20:18.886132+00:00,nonpad_flattened,Qwen/Qwen2.5-0.5B,-0.00016839715209134444,-0.0001608751314179903
4480,128,2,256,main,wikitext,wikitext-2-raw-v1,validation,cuda,float32,128,qwen_dynamical_edge_burn256,0be219064d7f2de285c4637dbbf99d87feb1bdfb,"[1, 128, 896]",inputs_embeds,paper_style_feedback_dynamics,Qwen/Qwen2.5-0.5B,0.0003586597158573568,direct,fixed_random,-11.078546524047852,-11.078546524047852,1.0,2,128,965.4309692382812,6.609401316381991e-05,15,final_hidden,2026-07-10T15:20:18.886132+00:00,nonpad_flattened,Qwen/Qwen2.5-0.5B,-0.0001608751314179903,-0.00017141952447816518
4480,128,2,256,main,wikitext,wikitext-2-raw-v1,validation,cuda,float32,128,qwen_dynamical_edge_burn256,0be219064d7f2de285c4637dbbf99d87feb1bdfb,"[1, 128, 896]",inputs_embeds,paper_style_feedback_dynamics,Qwen/Qwen2.5-0.5B,0.00037096356390975416,direct,fixed_random,-11.078546524047852,-11.078546524047852,1.0,2,128,965.4309692382812,7.06613136571832e-05,16,final_hidden,2026-07-10T15:20:18.886132+00:00,nonpad_flattened,Qwen/Qwen2.5-0.5B,-0.00017141952447816518,-0.00018158659334034747
4480,128,2,256,main,wikitext,wikitext-2-raw-v1,validation,cuda,float32,128,qwen_dynamical_edge_burn256,0be219064d7f2de285c4637dbbf99d87feb1bdfb,"[1, 128, 896]",inputs_embeds,paper_style_feedback_dynamics,Qwen/Qwen2.5-0.5B,0.0003829235502053052,direct,fixed_random,-11.078547477722168,-11.078546524047852,1.0,2,128,965.4309692382812,7.8572440543212e-05,17,final_hidden,2026-07-10T15:20:18.886132+00:00,nonpad_flattened,Qwen/Qwen2.5-0.5B,-0.00018158659334034747,-0.00017712501110001878
4480,128,2,256,main,wikitext,wikitext-2-raw-v1,validation,cuda,float32,128,qwen_dynamical_edge_burn256,0be219064d7f2de285c4637dbbf99d87feb1bdfb,"[1, 128, 896]",inputs_embeds,paper_style_feedback_dynamics,Qwen/Qwen2.5-0.5B,0.0003773841599468142,direct,fixed_random,-11.078546524047852,-11.078547477722168,1.0,2,128,965.4309692382812,6.451510125771165e-05,18,final_hidden,2026-07-10T15:20:18.886132+00:00,nonpad_flattened,Qwen/Qwen2.5-0.5B,-0.00017712501110001878,-0.000177650003649187
4480,128,2,256,main,wikitext,wikitext-2-raw-v1,validation,cuda,float32,128,qwen_dynamical_edge_burn256,0be219064d7f2de285c4637dbbf99d87feb1bdfb,"[1, 128, 896]",inputs_embeds,paper_style_feedback_dynamics,Qwen/Qwen2.5-0.5B,0.00037795762182213366,direct,fixed_random,-11.078546524047852,-11.078546524047852,1.0,2,128,965.4309692382812,6.331913755275309e-05,19,final_hidden,2026-07-10T15:20:18.886132+00:00,nonpad_flattened,Qwen/Qwen2.5-0.5B,-0.000177650003649187,-0.00017723039482069267
4480,128,2,256,main,wikitext,wikitext-2-raw-v1,validation,cuda,float32,128,qwen_dynamical_edge_burn256,0be219064d7f2de285c4637dbbf99d87feb1bdfb,"[1, 128, 896]",inputs_embeds,paper_style_feedback_dynamics,Qwen/Qwen2.5-0.5B,0.00037777700345031917,direct,fixed_random,-11.078548431396484,-11.078546524047852,1.0,2,128,965.4309692382812,7.437707972712815e-05,20,final_hidden,2026-07-10T15:20:18.886132+00:00,nonpad_flattened,Qwen/Qwen2.5-0.5B,-0.00017723039482069267,-0.000176504256660236
4480,128,2,256,main,wikitext,wikitext-2-raw-v1,validation,cuda,float32,128,qwen_dynamical_edge_burn256,0be219064d7f2de285c4637dbbf99d87feb1bdfb,"[1, 128, 896]",inputs_embeds,paper_style_feedback_dynamics,Qwen/Qwen2.5-0.5B,0.00037694585626013577,direct,fixed_random,-11.078547477722168,-11.078548431396484,1.0,2,128,965.4309692382812,7.465019007213414e-05,21,final_hidden,2026-07-10T15:20:18.886132+00:00,nonpad_flattened,Qwen/Qwen2.5-0.5B,-0.000176504256660236,-0.00018882279291092404
4480,128,2,256,main,wikitext,wikitext-2-raw-v1,validation,cuda,float32,128,qwen_dynamical_edge_burn256,0be219064d7f2de285c4637dbbf99d87feb1bdfb,"[1, 128, 896]",inputs_embeds,paper_style_feedback_dynamics,Qwen/Qwen2.5-0.5B,0.0003910322266165167,direct,fixed_random,-11.078545570373535,-11.078547477722168,1.0,2,128,965.4309692382812,6.952283001737669e-05,22,final_hidden,2026-07-10T15:20:18.886132+00:00,nonpad_flattened,Qwen/Qwen2.5-0.5B,-0.00018882279291092404,-0.0001701093593183594
4480,128,2,256,main,wikitext,wikitext-2-raw-v1,validation,cuda,float32,128,qwen_dynamical_edge_burn256,0be219064d7f2de285c4637dbbf99d87feb1bdfb,"[1, 128, 896]",inputs_embeds,paper_style_feedback_dynamics,Qwen/Qwen2.5-0.5B,0.0003693791513796896,direct,fixed_random,-11.078547477722168,-11.078545570373535,1.0,2,128,965.4309692382812,6.807031604694203e-05,23,final_hidden,2026-07-10T15:20:18.886132+00:00,nonpad_flattened,Qwen/Qwen2.5-0.5B,-0.0001701093593183594,-0.000184511922629747
4480,128,2,256,main,wikitext,wikitext-2-raw-v1,validation,cuda,float32,128,qwen_dynamical_edge_burn256,0be219064d7f2de285c4637dbbf99d87feb1bdfb,"[1, 128, 896]",inputs_embeds,paper_style_feedback_dynamics,Qwen/Qwen2.5-0.5B,0.0003858812269754708,direct,fixed_random,-11.078546524047852,-11.078547477722168,1.0,2,128,965.4309692382812,6.326127186184749e-05,24,final_hidden,2026-07-10T15:20:18.886132+00:00,nonpad_flattened,Qwen/Qwen2.5-0.5B,-0.000184511922629747,-0.00019824109249961795
4480,128,2,256,main,wikitext,wikitext-2-raw-v1,validation,cuda,float32,128,qwen_dynamical_edge_burn256,0be219064d7f2de285c4637dbbf99d87feb1bdfb,"[1, 128, 896]",inputs_embeds,paper_style_feedback_dynamics,Qwen/Qwen2.5-0.5B,0.00040202276431955397,direct,fixed_random,-11.078545570373535,-11.078546524047852,1.0,2,128,965.4309692382812,7.362727774307132e-05,25,final_hidden,2026-07-10T15:20:18.886132+00:00,nonpad_flattened,Qwen/Qwen2.5-0.5B,-0.00019824109249961795,-0.00017890565881136569
4480,128,2,256,main,wikitext,wikitext-2-raw-v1,validation,cuda,float32,128,qwen_dynamical_edge_burn256,0be219064d7f2de285c4637dbbf99d87feb1bdfb,"[1, 128, 896]",inputs_embeds,paper_style_feedback_dynamics,Qwen/Qwen2.5-0.5B,0.00037934575811959803,direct,fixed_random,-11.078546524047852,-11.078545570373535,1.0,2,128,965.4309692382812,6.106081855250522e-05,26,final_hidden,2026-07-10T15:20:18.886132+00:00,nonpad_flattened,Qwen/Qwen2.5-0.5B,-0.00017890565881136569,-0.00017357756623366652
4480,128,2,256,main,wikitext,wikitext-2-raw-v1,validation,cuda,float32,128,qwen_dynamical_edge_burn256,0be219064d7f2de285c4637dbbf99d87feb1bdfb,"[1, 128, 896]",inputs_embeds,paper_style_feedback_dynamics,Qwen/Qwen2.5-0.5B,0.00037297955714166164,direct,fixed_random,-11.078547477722168,-11.078546524047852,1.0,2,128,965.4309692382812,5.3331328672356904e-05,27,final_hidden,2026-07-10T15:20:18.886132+00:00,nonpad_flattened,Qwen/Qwen2.5-0.5B,-0.00017357756623366652,-0.00016657081970185148
4480,128,2,256,main,wikitext,wikitext-2-raw-v1,validation,cuda,float32,128,qwen_dynamical_edge_burn256,0be219064d7f2de285c4637dbbf99d87feb1bdfb,"[1, 128, 896]",inputs_embeds,paper_style_feedback_dynamics,Qwen/Qwen2.5-0.5B,0.0003653939056675881,direct,fixed_random,-11.078547477722168,-11.078547477722168,1.0,2,128,965.4309692382812,7.176595681812614e-05,28,final_hidden,2026-07-10T15:20:18.886132+00:00,nonpad_flattened,Qwen/Qwen2.5-0.5B,-0.00016657081970185148,-0.00016406432935531207
4480,128,2,256,main,wikitext,wikitext-2-raw-v1,validation,cuda,float32,128,qwen_dynamical_edge_burn256,0be219064d7f2de285c4637dbbf99d87feb1bdfb,"[1, 128, 896]",inputs_embeds,paper_style_feedback_dynamics,Qwen/Qwen2.5-0.5B,0.0003623527300078422,direct,fixed_random,-11.078546524047852,-11.078547477722168,1.0,2,128,965.4309692382812,6.64446342852898e-05,29,final_hidden,2026-07-10T15:20:18.886132+00:00,nonpad_flattened,Qwen/Qwen2.5-0.5B,-0.00016406432935531207,-0.00016885856547371993
4480,128,2,256,main,wikitext,wikitext-2-raw-v1,validation,cuda,float32,128,qwen_dynamical_edge_burn256,0be219064d7f2de285c4637dbbf99d87feb1bdfb,"[1, 128, 896]",inputs_embeds,paper_style_feedback_dynamics,Qwen/Qwen2.5-0.5B,0.0003680260560940951,direct,fixed_random,-11.078545570373535,-11.078546524047852,1.0,2,128,965.4309692382812,7.139897934393957e-05,30,final_hidden,2026-07-10T15:20:18.886132+00:00,nonpad_flattened,Qwen/Qwen2.5-0.5B,-0.00016885856547371993,-0.00016103828163012193
4480,128,2,256,main,wikitext,wikitext-2-raw-v1,validation,cuda,float32,128,qwen_dynamical_edge_burn256,0be219064d7f2de285c4637dbbf99d87feb1bdfb,"[1, 128, 896]",inputs_embeds,paper_style_feedback_dynamics,Qwen/Qwen2.5-0.5B,0.00035922936513088644,direct,fixed_random,-11.078544616699219,-11.078545570373535,1.0,2,128,965.4309692382812,7.996029307832941e-05,31,final_hidden,2026-07-10T15:20:18.886132+00:00,nonpad_flattened,Qwen/Qwen2.5-0.5B,-0.00016103828163012193,-0.00016638585035810648
4480,128,2,256,main,wikitext,wikitext-2-raw-v1,validation,cuda,float32,128,qwen_dynamical_edge_burn256,0be219064d7f2de285c4637dbbf99d87feb1bdfb,"[1, 128, 896]",inputs_embeds,paper_style_feedback_dynamics,Qwen/Qwen2.5-0.5B,0.0003648109268397093,direct,fixed_random,-11.078544616699219,-11.078544616699219,1.0,2,128,965.4309692382812,5.833145041833632e-05,32,final_hidden,2026-07-10T15:20:18.886132+00:00,nonpad_flattened,Qwen/Qwen2.5-0.5B,-0.00016638585035810648,-0.00017064320614918206
4480,128,2,256,main,wikitext,wikitext-2-raw-v1,validation,cuda,float32,128,qwen_dynamical_edge_burn256,0be219064d7f2de285c4637dbbf99d87feb1bdfb,"[1, 128, 896]",inputs_embeds,paper_style_feedback_dynamics,Qwen/Qwen2.5-0.5B,0.0003698667569551617,direct,fixed_random,-11.078546524047852,-11.078544616699219,1.0,2,128,965.4309692382812,6.337948434520513e-05,33,final_hidden,2026-07-10T15:20:18.886132+00:00,nonpad_flattened,Qwen/Qwen2.5-0.5B,-0.00017064320614918206,-0.00017052623719406466
4480,128,2,256,main,wikitext,wikitext-2-raw-v1,validation,cuda,float32,128,qwen_dynamical_edge_burn256,0be219064d7f2de285c4637dbbf99d87feb1bdfb,"[1, 128, 896]",inputs_embeds,paper_style_feedback_dynamics,Qwen/Qwen2.5-0.5B,0.00036994516267441213,direct,fixed_random,-11.078543663024902,-11.078546524047852,1.0,2,128,965.4309692382812,7.114522304618731e-05,34,final_hidden,2026-07-10T15:20:18.886132+00:00,nonpad_flattened,Qwen/Qwen2.5-0.5B,-0.00017052623719406466,-0.00015017033994351852
4480,128,2,256,main,wikitext,wikitext-2-raw-v1,validation,cuda,float32,128,qwen_dynamical_edge_burn256,0be219064d7f2de285c4637dbbf99d87feb1bdfb,"[1, 128, 896]",inputs_embeds,paper_style_feedback_dynamics,Qwen/Qwen2.5-0.5B,0.0003468675131443888,direct,fixed_random,-11.078544616699219,-11.078543663024902,1.0,2,128,965.4309692382812,8.68753922986798e-05,35,final_hidden,2026-07-10T15:20:18.886132+00:00,nonpad_flattened,Qwen/Qwen2.5-0.5B,-0.00015017033994351852,-0.00012094417188372341
4480,128,2,256,main,wikitext,wikitext-2-raw-v1,validation,cuda,float32,128,qwen_dynamical_edge_burn256,0be219064d7f2de285c4637dbbf99d87feb1bdfb,"[1, 128, 896]",inputs_embeds,paper_style_feedback_dynamics,Qwen/Qwen2.5-0.5B,0.00034812677768059075,direct,fixed_random,-11.078545570373535,-11.078544616699219,1.0,2,128,965.430908203125,7.903885853011161e-05,36,final_hidden,2026-07-10T15:20:18.886132+00:00,nonpad_flattened,Qwen/Qwen2.5-0.5B,-0.00012094417188372341,-0.00014798669410894888
4480,128,2,256,main,wikitext,wikitext-2-raw-v1,validation,cuda,float32,128,qwen_dynamical_edge_burn256,0be219064d7f2de285c4637dbbf99d87feb1bdfb,"[1, 128, 896]",inputs_embeds,paper_style_feedback_dynamics,Qwen/Qwen2.5-0.5B,0.00034394042450003326,direct,fixed_random,-11.078545570373535,-11.078545570373535,1.0,2,128,965.4309692382812,7.214119250420481e-05,37,final_hidden,2026-07-10T15:20:18.886132+00:00,nonpad_flattened,Qwen/Qwen2.5-0.5B,-0.00014798669410894888,-0.0001078155028124343
4480,128,2,256,main,wikitext,wikitext-2-raw-v1,validation,cuda,float32,128,qwen_dynamical_edge_burn256,0be219064d7f2de285c4637dbbf99d87feb1bdfb,"[1, 128, 896]",inputs_embeds,paper_style_feedback_dynamics,Qwen/Qwen2.5-0.5B,0.0003325912693981081,direct,fixed_random,-11.078545570373535,-11.078545570373535,1.0,2,128,965.430908203125,6.548938836203888e-05,38,final_hidden,2026-07-10T15:20:18.886132+00:00,nonpad_flattened,Qwen/Qwen2.5-0.5B,-0.0001078155028124343,-0.00010029514369062998
4480,128,2,256,main,wikitext,wikitext-2-raw-v1,validation,cuda,float32,128,qwen_dynamical_edge_burn256,0be219064d7f2de285c4637dbbf99d87feb1bdfb,"[1, 128, 896]",inputs_embeds,paper_style_feedback_dynamics,Qwen/Qwen2.5-0.5B,0.00032427062978968024,direct,fixed_random,-11.078544616699219,-11.078545570373535,1.0,2,128,965.430908203125,7.876662130001932e-05,39,final_hidden,2026-07-10T15:20:18.886132+00:00,nonpad_flattened,Qwen/Qwen2.5-0.5B,-0.00010029514369062998,-0.00010154868953132147
4480,128,2,256,main,wikitext,wikitext-2-raw-v1,validation,cuda,float32,128,qwen_dynamical_edge_burn256,0be219064d7f2de285c4637dbbf99d87feb1bdfb,"[1, 128, 896]",inputs_embeds,paper_style_feedback_dynamics,Qwen/Qwen2.5-0.5B,0.00032565754372626543,direct,fixed_random,-11.078544616699219,-11.078544616699219,1.0,2,128,965.430908203125,7.655245281057432e-05,40,final_hidden,2026-07-10T15:20:18.886132+00:00,nonpad_flattened,Qwen/Qwen2.5-0.5B,-0.00010154868953132147,-9.439679749278463e-05
4480,128,2,256,main,wikitext,wikitext-2-raw-v1,validation,cuda,float32,128,qwen_dynamical_edge_burn256,0be219064d7f2de285c4637dbbf99d87feb1bdfb,"[1, 128, 896]",inputs_embeds,paper_style_feedback_dynamics,Qwen/Qwen2.5-0.5B,0.00031737497192807496,direct,fixed_random,-11.078542709350586,-11.078544616699219,1.0,2,128,965.430908203125,7.573512266390026e-05,41,final_hidden,2026-07-10T15:20:18.886132+00:00,nonpad_flattened,Qwen/Qwen2.5-0.5B,-9.439679749278463e-05,-9.992730589390083e-05
4480,128,2,256,main,wikitext,wikitext-2-raw-v1,validation,cuda,float32,128,qwen_dynamical_edge_burn256,0be219064d7f2de285c4637dbbf99d87feb1bdfb,"[1, 128, 896]",inputs_embeds,paper_style_feedback_dynamics,Qwen/Qwen2.5-0.5B,0.0003237909113522619,direct,fixed_random,-11.078544616699219,-11.078542709350586,1.0,2,128,965.430908203125,7.677033136133105e-05,42,final_hidden,2026-07-10T15:20:18.886132+00:00,nonpad_flattened,Qwen/Qwen2.5-0.5B,-9.992730589390083e-05,-0.00010710483638523034
4480,128,2,256,main,wikitext,wikitext-2-raw-v1,validation,cuda,float32,128,qwen_dynamical_edge_burn256,0be219064d7f2de285c4637dbbf99d87feb1bdfb,"[1, 128, 896]",inputs_embeds,paper_style_feedback_dynamics,Qwen/Qwen2.5-0.5B,0.0003325089637655765,direct,fixed_random,-11.078543663024902,-11.078544616699219,1.0,2,128,965.430908203125,9.23505867831409e-05,43,final_hidden,2026-07-10T15:20:18.886132+00:00,nonpad_flattened,Qwen/Qwen2.5-0.5B,-0.00010710483638523034,-0.00013775540194210282
4480,128,2,256,main,wikitext,wikitext-2-raw-v1,validation,cuda,float32,128,qwen_dynamical_edge_burn256,0be219064d7f2de285c4637dbbf99d87feb1bdfb,"[1, 128, 896]",inputs_embeds,paper_style_feedback_dynamics,Qwen/Qwen2.5-0.5B,0.00033223946229554713,direct,fixed_random,-11.078544616699219,-11.078543663024902,1.0,2,128,965.4309692382812,7.63497082516551e-05,44,final_hidden,2026-07-10T15:20:18.886132+00:00,nonpad_flattened,Qwen/Qwen2.5-0.5B,-0.00013775540194210282,-8.880544361510795e-05
4480,128,2,256,main,wikitext,wikitext-2-raw-v1,validation,cuda,float32,128,qwen_dynamical_edge_burn256,0be219064d7f2de285c4637dbbf99d87feb1bdfb,"[1, 128, 896]",inputs_embeds,paper_style_feedback_dynamics,Qwen/Qwen2.5-0.5B,0.0003111365658696741,direct,fixed_random,-11.078544616699219,-11.078544616699219,1.0,2,128,965.430908203125,8.371354488190264e-05,45,final_hidden,2026-07-10T15:20:18.886132+00:00,nonpad_flattened,Qwen/Qwen2.5-0.5B,-8.880544361510795e-05,-0.00011385827102296292
4480,128,2,256,main,wikitext,wikitext-2-raw-v1,validation,cuda,float32,128,qwen_dynamical_edge_burn256,0be219064d7f2de285c4637dbbf99d87feb1bdfb,"[1, 128, 896]",inputs_embeds,paper_style_feedback_dynamics,Qwen/Qwen2.5-0.5B,0.000304399203741923,direct,fixed_random,-11.078546524047852,-11.078544616699219,1.0,2,128,965.4309692382812,6.761320400983095e-05,46,final_hidden,2026-07-10T15:20:18.886132+00:00,nonpad_flattened,Qwen/Qwen2.5-0.5B,-0.00011385827102296292,-0.00013435529888917368
4480,128,2,256,main,wikitext,wikitext-2-raw-v1,validation,cuda,float32,128,qwen_dynamical_edge_burn256,0be219064d7f2de285c4637dbbf99d87feb1bdfb,"[1, 128, 896]",inputs_embeds,paper_style_feedback_dynamics,Qwen/Qwen2.5-0.5B,0.0003277705400250852,direct,fixed_random,-11.078543663024902,-11.078546524047852,1.0,2,128,965.4309692382812,5.6636607041582465e-05,47,final_hidden,2026-07-10T15:20:18.886132+00:00,nonpad_flattened,Qwen/Qwen2.5-0.5B,-0.00013435529888917368,-9.885962538576783e-05
4480,128,2,256,main,wikitext,wikitext-2-raw-v1,validation,cuda,float32,128,qwen_dynamical_edge_burn256,0be219064d7f2de285c4637dbbf99d87feb1bdfb,"[1, 128, 896]",inputs_embeds,paper_style_feedback_dynamics,Qwen/Qwen2.5-0.5B,0.000322237319778651,direct,fixed_random,-11.078543663024902,-11.078543663024902,1.0,2,128,965.430908203125,6.511367246275768e-05,48,final_hidden,2026-07-10T15:20:18.886132+00:00,nonpad_flattened,Qwen/Qwen2.5-0.5B,-9.885962538576783e-05,-9.342348382297394e-05
4480,128,2,256,main,wikitext,wikitext-2-raw-v1,validation,cuda,float32,128,qwen_dynamical_edge_burn256,0be219064d7f2de285c4637dbbf99d87feb1bdfb,"[1, 128, 896]",inputs_embeds,paper_style_feedback_dynamics,Qwen/Qwen2.5-0.5B,0.00031589571153745055,direct,fixed_random,-11.078544616699219,-11.078543663024902,1.0,2,128,965.430908203125,6.281782407313585e-05,49,final_hidden,2026-07-10T15:20:18.886132+00:00,nonpad_flattened,Qwen/Qwen2.5-0.5B,-9.342348382297394e-05,-8.839450022243675e-05
4480,128,2,256,main,wikitext,wikitext-2-raw-v1,validation,cuda,float32,128,qwen_dynamical_edge_burn256,0be219064d7f2de285c4637dbbf99d87feb1bdfb,"[1, 128, 896]",inputs_embeds,paper_style_feedback_dynamics,Qwen/Qwen2.5-0.5B,0.00031051700352691114,direct,fixed_random,-11.078545570373535,-11.078544616699219,1.0,2,128,965.430908203125,7.844148785807192e-05,50,final_hidden,2026-07-10T15:20:18.886132+00:00,nonpad_flattened,Qwen/Qwen2.5-0.5B,-8.839450022243675e-05,-5.635921866974661e-05
4480,128,2,256,main,wikitext,wikitext-2-raw-v1,validation,cuda,float32,128,qwen_dynamical_edge_burn256,0be219064d7f2de285c4637dbbf99d87feb1bdfb,"[1, 128, 896]",inputs_embeds,paper_style_feedback_dynamics,Qwen/Qwen2.5-0.5B,0.00030899260309524834,direct,fixed_random,-11.078546524047852,-11.078545570373535,1.0,2,128,965.4308471679688,8.736335439607501e-05,51,final_hidden,2026-07-10T15:20:18.886132+00:00,nonpad_flattened,Qwen/Qwen2.5-0.5B,-5.635921866974661e-05,-3.2891614760112154e-05
4480,128,2,256,main,wikitext,wikitext-2-raw-v1,validation,cuda,float32,128,qwen_dynamical_edge_burn256,0be219064d7f2de285c4637dbbf99d87feb1bdfb,"[1, 128, 896]",inputs_embeds,paper_style_feedback_dynamics,Qwen/Qwen2.5-0.5B,0.00028152886079624295,direct,fixed_random,-11.078547477722168,-11.078546524047852,1.0,2,128,965.4308471679688,7.427775562973693e-05,52,final_hidden,2026-07-10T15:20:18.886132+00:00,nonpad_flattened,Qwen/Qwen2.5-0.5B,-3.2891614760112154e-05,-2.997457121335438e-05
4480,128,2,256,main,wikitext,wikitext-2-raw-v1,validation,cuda,float32,128,qwen_dynamical_edge_burn256,0be219064d7f2de285c4637dbbf99d87feb1bdfb,"[1, 128, 896]",inputs_embeds,paper_style_feedback_dynamics,Qwen/Qwen2.5-0.5B,0.0002783650706987828,direct,fixed_random,-11.078547477722168,-11.078547477722168,1.0,2,128,965.4308471679688,8.174376125680283e-05,53,final_hidden,2026-07-10T15:20:18.886132+00:00,nonpad_flattened,Qwen/Qwen2.5-0.5B,-2.997457121335438e-05,-1.345867180929881e-05
4480,128,2,256,main,wikitext,wikitext-2-raw-v1,validation,cuda,float32,128,qwen_dynamical_edge_burn256,0be219064d7f2de285c4637dbbf99d87feb1bdfb,"[1, 128, 896]",inputs_embeds,paper_style_feedback_dynamics,Qwen/Qwen2.5-0.5B,0.00025922333588823676,direct,fixed_random,-11.078547477722168,-11.078547477722168,1.0,2,128,965.4308471679688,7.931974687380716e-05,54,final_hidden,2026-07-10T15:20:18.886132+00:00,nonpad_flattened,Qwen/Qwen2.5-0.5B,-1.345867180929881e-05,-3.4618574703832815e-06
4480,128,2,256,main,wikitext,wikitext-2-raw-v1,validation,cuda,float32,128,qwen_dynamical_edge_burn256,0be219064d7f2de285c4637dbbf99d87feb1bdfb,"[1, 128, 896]",inputs_embeds,paper_style_feedback_dynamics,Qwen/Qwen2.5-0.5B,0.00024753084289841354,direct,fixed_random,-11.078545570373535,-11.078547477722168,1.0,2,128,965.4308471679688,7.39859533496201e-05,55,final_hidden,2026-07-10T15:20:18.886132+00:00,nonpad_flattened,Qwen/Qwen2.5-0.5B,-3.4618574703832815e-06,8.101036655667474e-06
4480,128,2,256,main,wikitext,wikitext-2-raw-v1,validation,cuda,float32,128,qwen_dynamical_edge_burn256,0be219064d7f2de285c4637dbbf99d87feb1bdfb,"[1, 128, 896]",inputs_embeds,paper_style_feedback_dynamics,Qwen/Qwen2.5-0.5B,0.00023416911426465958,direct,fixed_random,-11.078544616699219,-11.078545570373535,1.0,2,128,965.4308471679688,7.372676191153005e-05,56,final_hidden,2026-07-10T15:20:18.886132+00:00,nonpad_flattened,Qwen/Qwen2.5-0.5B,8.101036655667474e-06,5.137379680178192e-05
4480,128,2,256,main,wikitext,wikitext-2-raw-v1,validation,cuda,float32,128,qwen_dynamical_edge_burn256,0be219064d7f2de285c4637dbbf99d87feb1bdfb,"[1, 128, 896]",inputs_embeds,paper_style_feedback_dynamics,Qwen/Qwen2.5-0.5B,0.00021944072796031833,direct,fixed_random,-11.078544616699219,-11.078544616699219,1.0,2,128,965.4307861328125,7.44564677006565e-05,57,final_hidden,2026-07-10T15:20:18.886132+00:00,nonpad_flattened,Qwen/Qwen2.5-0.5B,5.137379680178192e-05,7.100666759434885e-05
4480,128,2,256,main,wikitext,wikitext-2-raw-v1,validation,cuda,float32,128,qwen_dynamical_edge_burn256,0be219064d7f2de285c4637dbbf99d87feb1bdfb,"[1, 128, 896]",inputs_embeds,paper_style_feedback_dynamics,Qwen/Qwen2.5-0.5B,0.0001972304453374818,direct,fixed_random,-11.078544616699219,-11.078544616699219,1.0,2,128,965.4307861328125,9.136168955592439e-05,58,final_hidden,2026-07-10T15:20:18.886132+00:00,nonpad_flattened,Qwen/Qwen2.5-0.5B,7.100666759434885e-05,5.077323153121038e-05
4480,128,2,256,main,wikitext,wikitext-2-raw-v1,validation,cuda,float32,128,qwen_dynamical_edge_burn256,0be219064d7f2de285c4637dbbf99d87feb1bdfb,"[1, 128, 896]",inputs_embeds,paper_style_feedback_dynamics,Qwen/Qwen2.5-0.5B,0.00018507972708903253,direct,fixed_random,-11.078544616699219,-11.078544616699219,1.0,2,128,965.4308471679688,8.081980922725052e-05,59,final_hidden,2026-07-10T15:20:18.886132+00:00,nonpad_flattened,Qwen/Qwen2.5-0.5B,5.077323153121038e-05,4.936870566942747e-05
4480,128,2,256,main,wikitext,wikitext-2-raw-v1,validation,cuda,float32,128,qwen_dynamical_edge_burn256,0be219064d7f2de285c4637dbbf99d87feb1bdfb,"[1, 128, 896]",inputs_embeds,paper_style_feedback_dynamics,Qwen/Qwen2.5-0.5B,0.000187045443453826,direct,fixed_random,-11.078544616699219,-11.078544616699219,1.0,2,128,965.4308471679688,9.331612091045827e-05,60,final_hidden,2026-07-10T15:20:18.886132+00:00,nonpad_flattened,Qwen/Qwen2.5-0.5B,4.936870566942747e-05,4.897074344869263e-05
4480,128,2,256,main,wikitext,wikitext-2-raw-v1,validation,cuda,float32,128,qwen_dynamical_edge_burn256,0be219064d7f2de285c4637dbbf99d87feb1bdfb,"[1, 128, 896]",inputs_embeds,paper_style_feedback_dynamics,Qwen/Qwen2.5-0.5B,0.00018726357666309923,direct,fixed_random,-11.07854175567627,-11.078544616699219,1.0,2,128,965.4308471679688,8.453209738945588e-05,61,final_hidden,2026-07-10T15:20:18.886132+00:00,nonpad_flattened,Qwen/Qwen2.5-0.5B,4.897074344869263e-05,4.7443273881012324e-05
4480,128,2,256,main,wikitext,wikitext-2-raw-v1,validation,cuda,float32,128,qwen_dynamical_edge_burn256,0be219064d7f2de285c4637dbbf99d87feb1bdfb,"[1, 128, 896]",inputs_embeds,paper_style_feedback_dynamics,Qwen/Qwen2.5-0.5B,0.00018903434101957828,direct,fixed_random,-11.078544616699219,-11.07854175567627,1.0,2,128,965.4308471679688,8.477246592519805e-05,62,final_hidden,2026-07-10T15:20:18.886132+00:00,nonpad_flattened,Qwen/Qwen2.5-0.5B,4.7443273881012324e-05,7.37352199760848e-05
4480,128,2,256,main,wikitext,wikitext-2-raw-v1,validation,cuda,float32,128,qwen_dynamical_edge_burn256,0be219064d7f2de285c4637dbbf99d87feb1bdfb,"[1, 128, 896]",inputs_embeds,paper_style_feedback_dynamics,Qwen/Qwen2.5-0.5B,0.0001586436846992001,direct,fixed_random,-11.078544616699219,-11.078544616699219,1.0,2,128,965.4308471679688,8.387453999603167e-05,63,final_hidden,2026-07-10T15:20:18.886132+00:00,nonpad_flattened,Qwen/Qwen2.5-0.5B,7.37352199760848e-05,6.656650920634515e-05
4480,128,2,256,main,wikitext,wikitext-2-raw-v1,validation,cuda,float32,128,qwen_dynamical_edge_burn256,0be219064d7f2de285c4637dbbf99d87feb1bdfb,"[1, 128, 896]",inputs_embeds,paper_style_feedback_dynamics,Qwen/Qwen2.5-0.5B,0.00016687643073964864,direct,fixed_random,-11.078546524047852,-11.078544616699219,1.0,2,128,965.4308471679688,8.217297727242112e-05,64,final_hidden,2026-07-10T15:20:18.886132+00:00,nonpad_flattened,Qwen/Qwen2.5-0.5B,6.656650920634515e-05,6.469303350194143e-05
4480,128,2,256,main,wikitext,wikitext-2-raw-v1,validation,cuda,float32,128,qwen_dynamical_edge_burn256,0be219064d7f2de285c4637dbbf99d87feb1bdfb,"[1, 128, 896]",inputs_embeds,paper_style_feedback_dynamics,Qwen/Qwen2.5-0.5B,0.0001688812772044912,direct,fixed_random,-11.078545570373535,-11.078546524047852,1.0,2,128,965.4308471679688,7.639210525667295e-05,65,final_hidden,2026-07-10T15:20:18.886132+00:00,nonpad_flattened,Qwen/Qwen2.5-0.5B,6.469303350194143e-05,7.633648549389409e-05
4480,128,2,256,main,wikitext,wikitext-2-raw-v1,validation,cuda,float32,128,qwen_dynamical_edge_burn256,0be219064d7f2de285c4637dbbf99d87feb1bdfb,"[1, 128, 896]",inputs_embeds,paper_style_feedback_dynamics,Qwen/Qwen2.5-0.5B,0.0001555416820337996,direct,fixed_random,-11.078546524047852,-11.078545570373535,1.0,2,128,965.4308471679688,8.032220648601651e-05,66,final_hidden,2026-07-10T15:20:18.886132+00:00,nonpad_flattened,Qwen/Qwen2.5-0.5B,7.633648549389409e-05,7.63694003680224e-05
4480,128,2,256,main,wikitext,wikitext-2-raw-v1,validation,cuda,float32,128,qwen_dynamical_edge_burn256,0be219064d7f2de285c4637dbbf99d87feb1bdfb,"[1, 128, 896]",inputs_embeds,paper_style_feedback_dynamics,Qwen/Qwen2.5-0.5B,0.00015558055019937456,direct,fixed_random,-11.078546524047852,-11.078546524047852,1.0,2,128,965.4308471679688,8.311872807098553e-05,67,final_hidden,2026-07-10T15:20:18.886132+00:00,nonpad_flattened,Qwen/Qwen2.5-0.5B,7.63694003680224e-05,8.104949042664197e-05
4480,128,2,256,main,wikitext,wikitext-2-raw-v1,validation,cuda,float32,128,qwen_dynamical_edge_burn256,0be219064d7f2de285c4637dbbf99d87feb1bdfb,"[1, 128, 896]",inputs_embeds,paper_style_feedback_dynamics,Qwen/Qwen2.5-0.5B,0.00015021990111563355,direct,fixed_random,-11.078548431396484,-11.078546524047852,1.0,2,128,965.4308471679688,8.474231435684487e-05,68,final_hidden,2026-07-10T15:20:18.886132+00:00,nonpad_flattened,Qwen/Qwen2.5-0.5B,8.104949042664197e-05,4.657022828866486e-05
4480,128,2,256,main,wikitext,wikitext-2-raw-v1,validation,cuda,float32,128,qwen_dynamical_edge_burn256,0be219064d7f2de285c4637dbbf99d87feb1bdfb,"[1, 128, 896]",inputs_embeds,paper_style_feedback_dynamics,Qwen/Qwen2.5-0.5B,0.000154786670464091,direct,fixed_random,-11.078548431396484,-11.078548431396484,1.0,2,128,965.430908203125,8.381119550904259e-05,69,final_hidden,2026-07-10T15:20:18.886132+00:00,nonpad_flattened,Qwen/Qwen2.5-0.5B,4.657022828866486e-05,0.00011062439072620077
4480,128,2,256,main,wikitext,wikitext-2-raw-v1,validation,cuda,float32,128,qwen_dynamical_edge_burn256,0be219064d7f2de285c4637dbbf99d87feb1bdfb,"[1, 128, 896]",inputs_embeds,paper_style_feedback_dynamics,Qwen/Qwen2.5-0.5B,0.00015109295782167464,direct,fixed_random,-11.078544616699219,-11.078548431396484,1.0,2,128,965.4307861328125,7.750818622298539e-05,70,final_hidden,2026-07-10T15:20:18.886132+00:00,nonpad_flattened,Qwen/Qwen2.5-0.5B,0.00011062439072620077,7.610253679163536e-05
4480,128,2,256,main,wikitext,wikitext-2-raw-v1,validation,cuda,float32,128,qwen_dynamical_edge_burn256,0be219064d7f2de285c4637dbbf99d87feb1bdfb,"[1, 128, 896]",inputs_embeds,paper_style_feedback_dynamics,Qwen/Qwen2.5-0.5B,0.0001556558854645118,direct,fixed_random,-11.0785493850708,-11.078544616699219,1.0,2,128,965.4308471679688,7.464805821655318e-05,71,final_hidden,2026-07-10T15:20:18.886132+00:00,nonpad_flattened,Qwen/Qwen2.5-0.5B,7.610253679163536e-05,8.269173515095514e-05
4480,128,2,256,main,wikitext,wikitext-2-raw-v1,validation,cuda,float32,128,qwen_dynamical_edge_burn256,0be219064d7f2de285c4637dbbf99d87feb1bdfb,"[1, 128, 896]",inputs_embeds,paper_style_feedback_dynamics,Qwen/Qwen2.5-0.5B,0.00014813526649959385,direct,fixed_random,-11.078547477722168,-11.0785493850708,1.0,2,128,965.4308471679688,7.79070396674797e-05,72,final_hidden,2026-07-10T15:20:18.886132+00:00,nonpad_flattened,Qwen/Qwen2.5-0.5B,8.269173515095514e-05,7.977391661871239e-05
4480,128,2,256,main,wikitext,wikitext-2-raw-v1,validation,cuda,float32,128,qwen_dynamical_edge_burn256,0be219064d7f2de285c4637dbbf99d87feb1bdfb,"[1, 128, 896]",inputs_embeds,paper_style_feedback_dynamics,Qwen/Qwen2.5-0.5B,0.00015136285219341516,direct,fixed_random,-11.078548431396484,-11.078547477722168,1.0,2,128,965.4308471679688,7.272895163623616e-05,73,final_hidden,2026-07-10T15:20:18.886132+00:00,nonpad_flattened,Qwen/Qwen2.5-0.5B,7.977391661871239e-05,7.400478373789403e-05
4480,128,2,256,main,wikitext,wikitext-2-raw-v1,validation,cuda,float32,128,qwen_dynamical_edge_burn256,0be219064d7f2de285c4637dbbf99d87feb1bdfb,"[1, 128, 896]",inputs_embeds,paper_style_feedback_dynamics,Qwen/Qwen2.5-0.5B,0.0001586340949870646,direct,fixed_random,-11.078547477722168,-11.078548431396484,1.0,2,128,965.4308471679688,9.485004557063803e-05,74,final_hidden,2026-07-10T15:20:18.886132+00:00,nonpad_flattened,Qwen/Qwen2.5-0.5B,7.400478373789403e-05,7.979067908115659e-05
4480,128,2,256,main,wikitext,wikitext-2-raw-v1,validation,cuda,float32,128,qwen_dynamical_edge_burn256,0be219064d7f2de285c4637dbbf99d87feb1bdfb,"[1, 128, 896]",inputs_embeds,paper_style_feedback_dynamics,Qwen/Qwen2.5-0.5B,0.0001514197065262124,direct,fixed_random,-11.078544616699219,-11.078547477722168,1.0,2,128,965.4308471679688,7.550113514298573e-05,75,final_hidden,2026-07-10T15:20:18.886132+00:00,nonpad_flattened,Qwen/Qwen2.5-0.5B,7.979067908115659e-05,7.11645836892937e-05
4480,128,2,256,main,wikitext,wikitext-2-raw-v1,validation,cuda,float32,128,qwen_dynamical_edge_burn256,0be219064d7f2de285c4637dbbf99d87feb1bdfb,"[1, 128, 896]",inputs_embeds,paper_style_feedback_dynamics,Qwen/Qwen2.5-0.5B,0.00016154766490217298,direct,fixed_random,-11.078542709350586,-11.078544616699219,1.0,2,128,965.4308471679688,8.151081419782713e-05,76,final_hidden,2026-07-10T15:20:18.886132+00:00,nonpad_flattened,Qwen/Qwen2.5-0.5B,7.11645836892937e-05,8.067584212774232e-05
4480,128,2,256,main,wikitext,wikitext-2-raw-v1,validation,cuda,float32,128,qwen_dynamical_edge_burn256,0be219064d7f2de285c4637dbbf99d87feb1bdfb,"[1, 128, 896]",inputs_embeds,paper_style_feedback_dynamics,Qwen/Qwen2.5-0.5B,0.00015048449859023094,direct,fixed_random,-11.078539848327637,-11.078542709350586,1.0,2,128,965.4308471679688,7.866978558013216e-05,77,final_hidden,2026-07-10T15:20:18.886132+00:00,nonpad_flattened,Qwen/Qwen2.5-0.5B,8.067584212774232e-05,8.123598904520216e-05
4480,128,2,256,main,wikitext,wikitext-2-raw-v1,validation,cuda,float32,128,qwen_dynamical_edge_burn256,0be219064d7f2de285c4637dbbf99d87feb1bdfb,"[1, 128, 896]",inputs_embeds,paper_style_feedback_dynamics,Qwen/Qwen2.5-0.5B,0.00014979740080889314,direct,fixed_random,-11.078544616699219,-11.078539848327637,1.0,2,128,965.4308471679688,7.720923167653382e-05,78,final_hidden,2026-07-10T15:20:18.886132+00:00,nonpad_flattened,Qwen/Qwen2.5-0.5B,8.123598904520216e-05,7.922474215473869e-05
4480,128,2,256,main,wikitext,wikitext-2-raw-v1,validation,cuda,float32,128,qwen_dynamical_edge_burn256,0be219064d7f2de285c4637dbbf99d87feb1bdfb,"[1, 128, 896]",inputs_embeds,paper_style_feedback_dynamics,Qwen/Qwen2.5-0.5B,0.00015221096691675484,direct,fixed_random,-11.078545570373535,-11.078544616699219,1.0,2,128,965.4308471679688,8.050721953622997e-05,79,final_hidden,2026-07-10T15:20:18.886132+00:00,nonpad_flattened,Qwen/Qwen2.5-0.5B,7.922474215473869e-05,0.00011885791991663418
4480,128,2,256,main,wikitext,wikitext-2-raw-v1,validation,cuda,float32,128,qwen_dynamical_edge_burn256,0be219064d7f2de285c4637dbbf99d87feb1bdfb,"[1, 128, 896]",inputs_embeds,paper_style_feedback_dynamics,Qwen/Qwen2.5-0.5B,0.00014152101357467473,direct,fixed_random,-11.078544616699219,-11.078545570373535,1.0,2,128,965.4307861328125,7.523110980400816e-05,80,final_hidden,2026-07-10T15:20:18.886132+00:00,nonpad_flattened,Qwen/Qwen2.5-0.5B,0.00011885791991663418,8.55241682299727e-05
4480,128,2,256,main,wikitext,wikitext-2-raw-v1,validation,cuda,float32,128,qwen_dynamical_edge_burn256,0be219064d7f2de285c4637dbbf99d87feb1bdfb,"[1, 128, 896]",inputs_embeds,paper_style_feedback_dynamics,Qwen/Qwen2.5-0.5B,0.00014487044245470315,direct,fixed_random,-11.078543663024902,-11.078544616699219,1.0,2,128,965.4308471679688,7.814361015334725e-05,81,final_hidden,2026-07-10T15:20:18.886132+00:00,nonpad_flattened,Qwen/Qwen2.5-0.5B,8.55241682299727e-05,9.135738329938885e-05
4480,128,2,256,main,wikitext,wikitext-2-raw-v1,validation,cuda,float32,128,qwen_dynamical_edge_burn256,0be219064d7f2de285c4637dbbf99d87feb1bdfb,"[1, 128, 896]",inputs_embeds,paper_style_feedback_dynamics,Qwen/Qwen2.5-0.5B,0.00013831074465997517,direct,fixed_random,-11.07854175567627,-11.078543663024902,1.0,2,128,965.4308471679688,8.459603850496933e-05,82,final_hidden,2026-07-10T15:20:18.886132+00:00,nonpad_flattened,Qwen/Qwen2.5-0.5B,9.135738329938885e-05,8.671905907113948e-05
4480,128,2,256,main,wikitext,wikitext-2-raw-v1,validation,cuda,float32,128,qwen_dynamical_edge_burn256,0be219064d7f2de285c4637dbbf99d87feb1bdfb,"[1, 128, 896]",inputs_embeds,paper_style_feedback_dynamics,Qwen/Qwen2.5-0.5B,0.00014364720846060663,direct,fixed_random,-11.078543663024902,-11.07854175567627,1.0,2,128,965.4308471679688,8.384732063859701e-05,83,final_hidden,2026-07-10T15:20:18.886132+00:00,nonpad_flattened,Qwen/Qwen2.5-0.5B,8.671905907113948e-05,8.893642356457543e-05
4480,128,2,256,main,wikitext,wikitext-2-raw-v1,validation,cuda,float32,128,qwen_dynamical_edge_burn256,0be219064d7f2de285c4637dbbf99d87feb1bdfb,"[1, 128, 896]",inputs_embeds,paper_style_feedback_dynamics,Qwen/Qwen2.5-0.5B,0.00014072749763727188,direct,fixed_random,-11.078540802001953,-11.078543663024902,1.0,2,128,965.4308471679688,7.079799252096564e-05,84,final_hidden,2026-07-10T15:20:18.886132+00:00,nonpad_flattened,Qwen/Qwen2.5-0.5B,8.893642356457543e-05,9.300958937849886e-05
4480,128,2,256,main,wikitext,wikitext-2-raw-v1,validation,cuda,float32,128,qwen_dynamical_edge_burn256,0be219064d7f2de285c4637dbbf99d87feb1bdfb,"[1, 128, 896]",inputs_embeds,paper_style_feedback_dynamics,Qwen/Qwen2.5-0.5B,0.000136477843625471,direct,fixed_random,-11.078540802001953,-11.078540802001953,1.0,2,128,965.4308471679688,8.733569120522588e-05,85,final_hidden,2026-07-10T15:20:18.886132+00:00,nonpad_flattened,Qwen/Qwen2.5-0.5B,9.300958937849886e-05,9.312231636541972e-05
4480,128,2,256,main,wikitext,wikitext-2-raw-v1,validation,cuda,float32,128,qwen_dynamical_edge_burn256,0be219064d7f2de285c4637dbbf99d87feb1bdfb,"[1, 128, 896]",inputs_embeds,paper_style_feedback_dynamics,Qwen/Qwen2.5-0.5B,0.00013589169248007238,direct,fixed_random,-11.07854175567627,-11.078540802001953,1.0,2,128,965.4308471679688,7.075090979924425e-05,86,final_hidden,2026-07-10T15:20:18.886132+00:00,nonpad_flattened,Qwen/Qwen2.5-0.5B,9.312231636541972e-05,9.270278079378506e-05
4480,128,2,256,main,wikitext,wikitext-2-raw-v1,validation,cuda,float32,128,qwen_dynamical_edge_burn256,0be219064d7f2de285c4637dbbf99d87feb1bdfb,"[1, 128, 896]",inputs_embeds,paper_style_feedback_dynamics,Qwen/Qwen2.5-0.5B,0.00013668810424860567,direct,fixed_random,-11.078542709350586,-11.07854175567627,1.0,2,128,965.4308471679688,8.209465886466205e-05,87,final_hidden,2026-07-10T15:20:18.886132+00:00,nonpad_flattened,Qwen/Qwen2.5-0.5B,9.270278079378506e-05,8.81009742919324e-05
4480,128,2,256,main,wikitext,wikitext-2-raw-v1,validation,cuda,float32,128,qwen_dynamical_edge_burn256,0be219064d7f2de285c4637dbbf99d87feb1bdfb,"[1, 128, 896]",inputs_embeds,paper_style_feedback_dynamics,Qwen/Qwen2.5-0.5B,0.00014185554755385965,direct,fixed_random,-11.078539848327637,-11.078542709350586,1.0,2,128,965.4308471679688,7.673216168768704e-05,88,final_hidden,2026-07-10T15:20:18.886132+00:00,nonpad_flattened,Qwen/Qwen2.5-0.5B,8.81009742919324e-05,0.00012526696354147674
4480,128,2,256,main,wikitext,wikitext-2-raw-v1,validation,cuda,float32,128,qwen_dynamical_edge_burn256,0be219064d7f2de285c4637dbbf99d87feb1bdfb,"[1, 128, 896]",inputs_embeds,paper_style_feedback_dynamics,Qwen/Qwen2.5-0.5B,0.0001337694120593369,direct,fixed_random,-11.078544616699219,-11.078539848327637,1.0,2,128,965.4307861328125,6.252016464713961e-05,89,final_hidden,2026-07-10T15:20:18.886132+00:00,nonpad_flattened,Qwen/Qwen2.5-0.5B,0.00012526696354147674,9.24728377251164e-05
4480,128,2,256,main,wikitext,wikitext-2-raw-v1,validation,cuda,float32,128,qwen_dynamical_edge_burn256,0be219064d7f2de285c4637dbbf99d87feb1bdfb,"[1, 128, 896]",inputs_embeds,paper_style_feedback_dynamics,Qwen/Qwen2.5-0.5B,0.00013707700418308377,direct,fixed_random,-11.07854175567627,-11.078544616699219,1.0,2,128,965.4308471679688,8.658048318466172e-05,90,final_hidden,2026-07-10T15:20:18.886132+00:00,nonpad_flattened,Qwen/Qwen2.5-0.5B,9.24728377251164e-05,0.00013019101763611705
4480,128,2,256,main,wikitext,wikitext-2-raw-v1,validation,cuda,float32,128,qwen_dynamical_edge_burn256,0be219064d7f2de285c4637dbbf99d87feb1bdfb,"[1, 128, 896]",inputs_embeds,paper_style_feedback_dynamics,Qwen/Qwen2.5-0.5B,0.00012861528375651687,direct,fixed_random,-11.078542709350586,-11.07854175567627,1.0,2,128,965.4307861328125,8.190453081624582e-05,91,final_hidden,2026-07-10T15:20:18.886132+00:00,nonpad_flattened,Qwen/Qwen2.5-0.5B,0.00013019101763611705,0.00013003209251662265
4480,128,2,256,main,wikitext,wikitext-2-raw-v1,validation,cuda,float32,128,qwen_dynamical_edge_burn256,0be219064d7f2de285c4637dbbf99d87feb1bdfb,"[1, 128, 896]",inputs_embeds,paper_style_feedback_dynamics,Qwen/Qwen2.5-0.5B,0.00012830672494601458,direct,fixed_random,-11.07853889465332,-11.078542709350586,1.0,2,128,965.4307861328125,6.400472921086475e-05,92,final_hidden,2026-07-10T15:20:18.886132+00:00,nonpad_flattened,Qwen/Qwen2.5-0.5B,0.00013003209251662265,0.00013174072275530456
4480,128,2,256,main,wikitext,wikitext-2-raw-v1,validation,cuda,float32,128,qwen_dynamical_edge_burn256,0be219064d7f2de285c4637dbbf99d87feb1bdfb,"[1, 128, 896]",inputs_embeds,paper_style_feedback_dynamics,Qwen/Qwen2.5-0.5B,0.00012634160520974547,direct,fixed_random,-11.078542709350586,-11.07853889465332,1.0,2,128,965.4307861328125,6.430548091884702e-05,93,final_hidden,2026-07-10T15:20:18.886132+00:00,nonpad_flattened,Qwen/Qwen2.5-0.5B,0.00013174072275530456,9.402896418232917e-05
4480,128,2,256,main,wikitext,wikitext-2-raw-v1,validation,cuda,float32,128,qwen_dynamical_edge_burn256,0be219064d7f2de285c4637dbbf99d87feb1bdfb,"[1, 128, 896]",inputs_embeds,paper_style_feedback_dynamics,Qwen/Qwen2.5-0.5B,0.00013482855865731835,direct,fixed_random,-11.078543663024902,-11.078542709350586,1.0,2,128,965.4308471679688,7.016900781309232e-05,94,final_hidden,2026-07-10T15:20:18.886132+00:00,nonpad_flattened,Qwen/Qwen2.5-0.5B,9.402896418232917e-05,0.00010414773235676382
4480,128,2,256,main,wikitext,wikitext-2-raw-v1,validation,cuda,float32,128,qwen_dynamical_edge_burn256,0be219064d7f2de285c4637dbbf99d87feb1bdfb,"[1, 128, 896]",inputs_embeds,paper_style_feedback_dynamics,Qwen/Qwen2.5-0.5B,0.00012355195940472186,direct,fixed_random,-11.078543663024902,-11.078543663024902,1.0,2,128,965.4308471679688,8.508601604262367e-05,95,final_hidden,2026-07-10T15:20:18.886132+00:00,nonpad_flattened,Qwen/Qwen2.5-0.5B,0.00010414773235676382,0.000145411373446882
4480,128,2,256,main,wikitext,wikitext-2-raw-v1,validation,cuda,float32,128,qwen_dynamical_edge_burn256,0be219064d7f2de285c4637dbbf99d87feb1bdfb,"[1, 128, 896]",inputs_embeds,paper_style_feedback_dynamics,Qwen/Qwen2.5-0.5B,0.0001110424636863172,direct,fixed_random,-11.078542709350586,-11.078543663024902,1.0,2,128,965.4307861328125,8.212205284507945e-05,96,final_hidden,2026-07-10T15:20:18.886132+00:00,nonpad_flattened,Qwen/Qwen2.5-0.5B,0.000145411373446882,0.00010883347928028367
4480,128,2,256,main,wikitext,wikitext-2-raw-v1,validation,cuda,float32,128,qwen_dynamical_edge_burn256,0be219064d7f2de285c4637dbbf99d87feb1bdfb,"[1, 128, 896]",inputs_embeds,paper_style_feedback_dynamics,Qwen/Qwen2.5-0.5B,0.00011815597099484876,direct,fixed_random,-11.078542709350586,-11.078542709350586,1.0,2,128,965.4308471679688,8.566182805225253e-05,97,final_hidden,2026-07-10T15:20:18.886132+00:00,nonpad_flattened,Qwen/Qwen2.5-0.5B,0.00010883347928028367,0.00014036990568466013
4480,128,2,256,main,wikitext,wikitext-2-raw-v1,validation,cuda,float32,128,qwen_dynamical_edge_burn256,0be219064d7f2de285c4637dbbf99d87feb1bdfb,"[1, 128, 896]",inputs_embeds,paper_style_feedback_dynamics,Qwen/Qwen2.5-0.5B,0.00011689141683746129,direct,fixed_random,-11.078540802001953,-11.078542709350586,1.0,2,128,965.4307861328125,8.307843381771818e-05,98,final_hidden,2026-07-10T15:20:18.886132+00:00,nonpad_flattened,Qwen/Qwen2.5-0.5B,0.00014036990568466013,0.00010311064707685653
4480,128,2,256,main,wikitext,wikitext-2-raw-v1,validation,cuda,float32,128,qwen_dynamical_edge_burn256,0be219064d7f2de285c4637dbbf99d87feb1bdfb,"[1, 128, 896]",inputs_embeds,paper_style_feedback_dynamics,Qwen/Qwen2.5-0.5B,0.00012440435239113867,direct,fixed_random,-11.078544616699219,-11.078540802001953,1.0,2,128,965.4308471679688,7.252286741277203e-05,99,final_hidden,2026-07-10T15:20:18.886132+00:00,nonpad_flattened,Qwen/Qwen2.5-0.5B,0.00010311064707685653,0.00010420136028913964
4480,128,2,256,main,wikitext,wikitext-2-raw-v1,validation,cuda,float32,128,qwen_dynamical_edge_burn256,0be219064d7f2de285c4637dbbf99d87feb1bdfb,"[1, 128, 896]",inputs_embeds,paper_style_feedback_dynamics,Qwen/Qwen2.5-0.5B,0.00012329986202530563,direct,fixed_random,-11.078542709350586,-11.078544616699219,1.0,2,128,965.4308471679688,7.81692288001068e-05,100,final_hidden,2026-07-10T15:20:18.886132+00:00,nonpad_flattened,Qwen/Qwen2.5-0.5B,0.00010420136028913964,0.00010341943989462636
4480,128,2,256,main,wikitext,wikitext-2-raw-v1,validation,cuda,float32,128,qwen_dynamical_edge_burn256,0be219064d7f2de285c4637dbbf99d87feb1bdfb,"[1, 128, 896]",inputs_embeds,paper_style_feedback_dynamics,Qwen/Qwen2.5-0.5B,0.00012413380318321288,direct,fixed_random,-11.078543663024902,-11.078542709350586,1.0,2,128,965.4308471679688,7.565434498246759e-05,101,final_hidden,2026-07-10T15:20:18.886132+00:00,nonpad_flattened,Qwen/Qwen2.5-0.5B,0.00010341943989462636,0.00010249055743170576
4480,128,2,256,main,wikitext,wikitext-2-raw-v1,validation,cuda,float32,128,qwen_dynamical_edge_burn256,0be219064d7f2de285c4637dbbf99d87feb1bdfb,"[1, 128, 896]",inputs_embeds,paper_style_feedback_dynamics,Qwen/Qwen2.5-0.5B,0.0001250194909516722,direct,fixed_random,-11.078543663024902,-11.078543663024902,1.0,2,128,965.4308471679688,6.884782487759367e-05,102,final_hidden,2026-07-10T15:20:18.886132+00:00,nonpad_flattened,Qwen/Qwen2.5-0.5B,0.00010249055743170576,0.00011218029430509305
4480,128,2,256,main,wikitext,wikitext-2-raw-v1,validation,cuda,float32,128,qwen_dynamical_edge_burn256,0be219064d7f2de285c4637dbbf99d87feb1bdfb,"[1, 128, 896]",inputs_embeds,paper_style_feedback_dynamics,Qwen/Qwen2.5-0.5B,0.00011422928946558386,direct,fixed_random,-11.078544616699219,-11.078543663024902,1.0,2,128,965.4308471679688,8.343334775418043e-05,103,final_hidden,2026-07-10T15:20:18.886132+00:00,nonpad_flattened,Qwen/Qwen2.5-0.5B,0.00011218029430509305,0.00011104450536014035
4480,128,2,256,main,wikitext,wikitext-2-raw-v1,validation,cuda,float32,128,qwen_dynamical_edge_burn256,0be219064d7f2de285c4637dbbf99d87feb1bdfb,"[1, 128, 896]",inputs_embeds,paper_style_feedback_dynamics,Qwen/Qwen2.5-0.5B,0.00011532566713867709,direct,fixed_random,-11.078543663024902,-11.078544616699219,1.0,2,128,965.4308471679688,7.55982764530927e-05,104,final_hidden,2026-07-10T15:20:18.886132+00:00,nonpad_flattened,Qwen/Qwen2.5-0.5B,0.00011104450536014035,0.00010422828085163057
4480,128,2,256,main,wikitext,wikitext-2-raw-v1,validation,cuda,float32,128,qwen_dynamical_edge_burn256,0be219064d7f2de285c4637dbbf99d87feb1bdfb,"[1, 128, 896]",inputs_embeds,paper_style_feedback_dynamics,Qwen/Qwen2.5-0.5B,0.00012322892143856734,direct,fixed_random,-11.078544616699219,-11.078543663024902,1.0,2,128,965.4308471679688,7.671979255974293e-05,105,final_hidden,2026-07-10T15:20:18.886132+00:00,nonpad_flattened,Qwen/Qwen2.5-0.5B,0.00010422828085163057,0.00013917386014357939
4480,128,2,256,main,wikitext,wikitext-2-raw-v1,validation,cuda,float32,128,qwen_dynamical_edge_burn256,0be219064d7f2de285c4637dbbf99d87feb1bdfb,"[1, 128, 896]",inputs_embeds,paper_style_feedback_dynamics,Qwen/Qwen2.5-0.5B,0.00011812308366643265,direct,fixed_random,-11.078543663024902,-11.078544616699219,1.0,2,128,965.4307861328125,7.763294706819579e-05,106,final_hidden,2026-07-10T15:20:18.886132+00:00,nonpad_flattened,Qwen/Qwen2.5-0.5B,0.00013917386014357939,0.00011229816437406263
4480,128,2,256,main,wikitext,wikitext-2-raw-v1,validation,cuda,float32,128,qwen_dynamical_edge_burn256,0be219064d7f2de285c4637dbbf99d87feb1bdfb,"[1, 128, 896]",inputs_embeds,paper_style_feedback_dynamics,Qwen/Qwen2.5-0.5B,0.00011368832201696932,direct,fixed_random,-11.078544616699219,-11.078543663024902,1.0,2,128,965.4308471679688,6.870811921544373e-05,107,final_hidden,2026-07-10T15:20:18.886132+00:00,nonpad_flattened,Qwen/Qwen2.5-0.5B,0.00011229816437406263,9.357214647744766e-05
4480,128,2,256,main,wikitext,wikitext-2-raw-v1,validation,cuda,float32,128,qwen_dynamical_edge_burn256,0be219064d7f2de285c4637dbbf99d87feb1bdfb,"[1, 128, 896]",inputs_embeds,paper_style_feedback_dynamics,Qwen/Qwen2.5-0.5B,0.0001360163587378338,direct,fixed_random,-11.078544616699219,-11.078544616699219,1.0,2,128,965.4308471679688,9.418273839401081e-05,108,final_hidden,2026-07-10T15:20:18.886132+00:00,nonpad_flattened,Qwen/Qwen2.5-0.5B,9.357214647744766e-05,9.390766312097649e-05
4480,128,2,256,main,wikitext,wikitext-2-raw-v1,validation,cuda,float32,128,qwen_dynamical_edge_burn256,0be219064d7f2de285c4637dbbf99d87feb1bdfb,"[1, 128, 896]",inputs_embeds,paper_style_feedback_dynamics,Qwen/Qwen2.5-0.5B,0.00013549656432587653,direct,fixed_random,-11.078542709350586,-11.078544616699219,1.0,2,128,965.4308471679688,8.93709366209805e-05,109,final_hidden,2026-07-10T15:20:18.886132+00:00,nonpad_flattened,Qwen/Qwen2.5-0.5B,9.390766312097649e-05,0.00014381146438859416
4480,128,2,256,main,wikitext,wikitext-2-raw-v1,validation,cuda,float32,128,qwen_dynamical_edge_burn256,0be219064d7f2de285c4637dbbf99d87feb1bdfb,"[1, 128, 896]",inputs_embeds,paper_style_feedback_dynamics,Qwen/Qwen2.5-0.5B,0.00011278391320956871,direct,fixed_random,-11.078543663024902,-11.078542709350586,1.0,2,128,965.4307861328125,7.825296779628843e-05,110,final_hidden,2026-07-10T15:20:18.886132+00:00,nonpad_flattened,Qwen/Qwen2.5-0.5B,0.00014381146438859416,9.95113509911459e-05
4480,128,2,256,main,wikitext,wikitext-2-raw-v1,validation,cuda,float32,128,qwen_dynamical_edge_burn256,0be219064d7f2de285c4637dbbf99d87feb1bdfb,"[1, 128, 896]",inputs_embeds,paper_style_feedback_dynamics,Qwen/Qwen2.5-0.5B,0.00012852021609432995,direct,fixed_random,-11.078543663024902,-11.078543663024902,1.0,2,128,965.4308471679688,7.102590461727232e-05,111,final_hidden,2026-07-10T15:20:18.886132+00:00,nonpad_flattened,Qwen/Qwen2.5-0.5B,9.95113509911459e-05,0.00010521196788678682
4480,128,2,256,main,wikitext,wikitext-2-raw-v1,validation,cuda,float32,128,qwen_dynamical_edge_burn256,0be219064d7f2de285c4637dbbf99d87feb1bdfb,"[1, 128, 896]",inputs_embeds,paper_style_feedback_dynamics,Qwen/Qwen2.5-0.5B,0.00012191772839287296,direct,fixed_random,-11.07854175567627,-11.078543663024902,1.0,2,128,965.4308471679688,7.035148883005604e-05,112,final_hidden,2026-07-10T15:20:18.886132+00:00,nonpad_flattened,Qwen/Qwen2.5-0.5B,0.00010521196788678682,0.0001316527440226456
4480,128,2,256,main,wikitext,wikitext-2-raw-v1,validation,cuda,float32,128,qwen_dynamical_edge_burn256,0be219064d7f2de285c4637dbbf99d87feb1bdfb,"[1, 128, 896]",inputs_embeds,paper_style_feedback_dynamics,Qwen/Qwen2.5-0.5B,0.0001263273588847369,direct,fixed_random,-11.078539848327637,-11.07854175567627,1.0,2,128,965.4307861328125,6.009132266626693e-05,113,final_hidden,2026-07-10T15:20:18.886132+00:00,nonpad_flattened,Qwen/Qwen2.5-0.5B,0.0001316527440226456,0.00014515370213016182
4480,128,2,256,main,wikitext,wikitext-2-raw-v1,validation,cuda,float32,128,qwen_dynamical_edge_burn256,0be219064d7f2de285c4637dbbf99d87feb1bdfb,"[1, 128, 896]",inputs_embeds,paper_style_feedback_dynamics,Qwen/Qwen2.5-0.5B,0.00011072291090385988,direct,fixed_random,-11.078542709350586,-11.078539848327637,1.0,2,128,965.4307861328125,5.967405377305113e-05,114,final_hidden,2026-07-10T15:20:18.886132+00:00,nonpad_flattened,Qwen/Qwen2.5-0.5B,0.00014515370213016182,0.0001330317347378884
4480,128,2,256,main,wikitext,wikitext-2-raw-v1,validation,cuda,float32,128,qwen_dynamical_edge_burn256,0be219064d7f2de285c4637dbbf99d87feb1bdfb,"[1, 128, 896]",inputs_embeds,paper_style_feedback_dynamics,Qwen/Qwen2.5-0.5B,0.00012477381096687168,direct,fixed_random,-11.07854175567627,-11.078542709350586,1.0,2,128,965.4307861328125,6.151432899059728e-05,115,final_hidden,2026-07-10T15:20:18.886132+00:00,nonpad_flattened,Qwen/Qwen2.5-0.5B,0.0001330317347378884,9.953353631461404e-05
4480,128,2,256,main,wikitext,wikitext-2-raw-v1,validation,cuda,float32,128,qwen_dynamical_edge_burn256,0be219064d7f2de285c4637dbbf99d87feb1bdfb,"[1, 128, 896]",inputs_embeds,paper_style_feedback_dynamics,Qwen/Qwen2.5-0.5B,0.00012890326615888625,direct,fixed_random,-11.078542709350586,-11.07854175567627,1.0,2,128,965.4308471679688,8.58908097143285e-05,116,final_hidden,2026-07-10T15:20:18.886132+00:00,nonpad_flattened,Qwen/Qwen2.5-0.5B,9.953353631461404e-05,0.00010192763648493933
4480,128,2,256,main,wikitext,wikitext-2-raw-v1,validation,cuda,float32,128,qwen_dynamical_edge_burn256,0be219064d7f2de285c4637dbbf99d87feb1bdfb,"[1, 128, 896]",inputs_embeds,paper_style_feedback_dynamics,Qwen/Qwen2.5-0.5B,0.00012589360994752496,direct,fixed_random,-11.078542709350586,-11.078542709350586,1.0,2,128,965.4308471679688,7.699447451159358e-05,117,final_hidden,2026-07-10T15:20:18.886132+00:00,nonpad_flattened,Qwen/Qwen2.5-0.5B,0.00010192763648493933,0.00010473639085763396
4480,128,2,256,main,wikitext,wikitext-2-raw-v1,validation,cuda,float32,128,qwen_dynamical_edge_burn256,0be219064d7f2de285c4637dbbf99d87feb1bdfb,"[1, 128, 896]",inputs_embeds,paper_style_feedback_dynamics,Qwen/Qwen2.5-0.5B,0.0001226882595801726,direct,fixed_random,-11.078544616699219,-11.078542709350586,1.0,2,128,965.4308471679688,7.839957834221423e-05,118,final_hidden,2026-07-10T15:20:18.886132+00:00,nonpad_flattened,Qwen/Qwen2.5-0.5B,0.00010473639085763396,0.00010711217364787155
4480,128,2,256,main,wikitext,wikitext-2-raw-v1,validation,cuda,float32,128,qwen_dynamical_edge_burn256,0be219064d7f2de285c4637dbbf99d87feb1bdfb,"[1, 128, 896]",inputs_embeds,paper_style_feedback_dynamics,Qwen/Qwen2.5-0.5B,0.00011993484076811001,direct,fixed_random,-11.078542709350586,-11.078544616699219,1.0,2,128,965.4308471679688,7.805400673532858e-05,119,final_hidden,2026-07-10T15:20:18.886132+00:00,nonpad_flattened,Qwen/Qwen2.5-0.5B,0.00010711217364787155,9.712254756627014e-05
4480,128,2,256,main,wikitext,wikitext-2-raw-v1,validation,cuda,float32,128,qwen_dynamical_edge_burn256,0be219064d7f2de285c4637dbbf99d87feb1bdfb,"[1, 128, 896]",inputs_embeds,paper_style_feedback_dynamics,Qwen/Qwen2.5-0.5B,0.0001317253481829539,direct,fixed_random,-11.078542709350586,-11.078542709350586,1.0,2,128,965.4308471679688,8.725491352379322e-05,120,final_hidden,2026-07-10T15:20:18.886132+00:00,nonpad_flattened,Qwen/Qwen2.5-0.5B,9.712254756627014e-05,9.42959390708406e-05
4480,128,2,256,main,wikitext,wikitext-2-raw-v1,validation,cuda,float32,128,qwen_dynamical_edge_burn256,0be219064d7f2de285c4637dbbf99d87feb1bdfb,"[1, 128, 896]",inputs_embeds,paper_style_feedback_dynamics,Qwen/Qwen2.5-0.5B,0.00013458318426273763,direct,fixed_random,-11.078544616699219,-11.078542709350586,1.0,2,128,965.4308471679688,7.245942106237635e-05,121,final_hidden,2026-07-10T15:20:18.886132+00:00,nonpad_flattened,Qwen/Qwen2.5-0.5B,9.42959390708406e-05,9.519916282339452e-05
4480,128,2,256,main,wikitext,wikitext-2-raw-v1,validation,cuda,float32,128,qwen_dynamical_edge_burn256,0be219064d7f2de285c4637dbbf99d87feb1bdfb,"[1, 128, 896]",inputs_embeds,paper_style_feedback_dynamics,Qwen/Qwen2.5-0.5B,0.000133887559059076,direct,fixed_random,-11.078542709350586,-11.078544616699219,1.0,2,128,965.4308471679688,8.510128100169823e-05,122,final_hidden,2026-07-10T15:20:18.886132+00:00,nonpad_flattened,Qwen/Qwen2.5-0.5B,9.519916282339452e-05,8.896171438223724e-05
4480,128,2,256,main,wikitext,wikitext-2-raw-v1,validation,cuda,float32,128,qwen_dynamical_edge_burn256,0be219064d7f2de285c4637dbbf99d87feb1bdfb,"[1, 128, 896]",inputs_embeds,paper_style_feedback_dynamics,Qwen/Qwen2.5-0.5B,0.00014109612675383687,direct,fixed_random,-11.078544616699219,-11.078542709350586,1.0,2,128,965.4308471679688,8.526881720172241e-05,123,final_hidden,2026-07-10T15:20:18.886132+00:00,nonpad_flattened,Qwen/Qwen2.5-0.5B,8.896171438223724e-05,0.0001068002880553631
4480,128,2,256,main,wikitext,wikitext-2-raw-v1,validation,cuda,float32,128,qwen_dynamical_edge_burn256,0be219064d7f2de285c4637dbbf99d87feb1bdfb,"[1, 128, 896]",inputs_embeds,paper_style_feedback_dynamics,Qwen/Qwen2.5-0.5B,0.00012014748790534213,direct,fixed_random,-11.078542709350586,-11.078544616699219,1.0,2,128,965.4308471679688,7.26864964235574e-05,124,final_hidden,2026-07-10T15:20:18.886132+00:00,nonpad_flattened,Qwen/Qwen2.5-0.5B,0.0001068002880553631,0.00010089106183734539
4480,128,2,256,main,wikitext,wikitext-2-raw-v1,validation,cuda,float32,128,qwen_dynamical_edge_burn256,0be219064d7f2de285c4637dbbf99d87feb1bdfb,"[1, 128, 896]",inputs_embeds,paper_style_feedback_dynamics,Qwen/Qwen2.5-0.5B,0.000127094637718983,direct,fixed_random,-11.07854175567627,-11.078542709350586,1.0,2,128,965.4308471679688,7.713387458352372e-05,125,final_hidden,2026-07-10T15:20:18.886132+00:00,nonpad_flattened,Qwen/Qwen2.5-0.5B,0.00010089106183734539,0.00010944414486277479
4480,128,2,256,main,wikitext,wikitext-2-raw-v1,validation,cuda,float32,128,qwen_dynamical_edge_burn256,0be219064d7f2de285c4637dbbf99d87feb1bdfb,"[1, 128, 896]",inputs_embeds,paper_style_feedback_dynamics,Qwen/Qwen2.5-0.5B,0.00011703491327352822,direct,fixed_random,-11.07854175567627,-11.07854175567627,1.0,2,128,965.4308471679688,7.053887384245172e-05,126,final_hidden,2026-07-10T15:20:18.886132+00:00,nonpad_flattened,Qwen/Qwen2.5-0.5B,0.00010944414486277479,0.00010868508407587518
114688,128,3,256,main,wikitext,wikitext-2-raw-v1,validation,cuda,float32,128,qwen_dynamical_edge_burn256,0be219064d7f2de285c4637dbbf99d87feb1bdfb,"[1, 128, 896]",inputs_embeds,paper_style_feedback_dynamics,Qwen/Qwen2.5-0.5B,0.0053282747976481915,direct,fixed_random,-3.6462044715881348,-3.516944169998169,1.0,3,128,4757.33935546875,33.321109771728516,0,final_hidden,2026-07-10T15:20:18.886132+00:00,nonpad_flattened,Qwen/Qwen2.5-0.5B,-10.36748610228083,-10.144429504443245
114688,128,3,256,main,wikitext,wikitext-2-raw-v1,validation,cuda,float32,128,qwen_dynamical_edge_burn256,0be219064d7f2de285c4637dbbf99d87feb1bdfb,"[1, 128, 896]",inputs_embeds,paper_style_feedback_dynamics,Qwen/Qwen2.5-0.5B,0.00543662765994668,direct,fixed_random,-3.7828826904296875,-3.6462044715881348,1.0,3,128,4757.12255859375,33.394935607910156,1,final_hidden,2026-07-10T15:20:18.886132+00:00,nonpad_flattened,Qwen/Qwen2.5-0.5B,-10.144429504443245,-9.896136829339037
114688,128,3,256,main,wikitext,wikitext-2-raw-v1,validation,cuda,float32,128,qwen_dynamical_edge_burn256,0be219064d7f2de285c4637dbbf99d87feb1bdfb,"[1, 128, 896]",inputs_embeds,paper_style_feedback_dynamics,Qwen/Qwen2.5-0.5B,0.005516412202268839,direct,fixed_random,-3.9232707023620605,-3.7828826904296875,1.0,3,128,4756.89453125,33.610355377197266,2,final_hidden,2026-07-10T15:20:18.886132+00:00,nonpad_flattened,Qwen/Qwen2.5-0.5B,-9.896136829339037,-9.646655203160888
114688,128,3,256,main,wikitext,wikitext-2-raw-v1,validation,cuda,float32,128,qwen_dynamical_edge_burn256,0be219064d7f2de285c4637dbbf99d87feb1bdfb,"[1, 128, 896]",inputs_embeds,paper_style_feedback_dynamics,Qwen/Qwen2.5-0.5B,0.005571696907281876,direct,fixed_random,-4.061742305755615,-3.9232707023620605,1.0,3,128,4756.66943359375,33.867103576660156,3,final_hidden,2026-07-10T15:20:18.886132+00:00,nonpad_flattened,Qwen/Qwen2.5-0.5B,-9.646655203160888,-9.421895338859652
114688,128,3,256,main,wikitext,wikitext-2-raw-v1,validation,cuda,float32,128,qwen_dynamical_edge_burn256,0be219064d7f2de285c4637dbbf99d87feb1bdfb,"[1, 128, 896]",inputs_embeds,paper_style_feedback_dynamics,Qwen/Qwen2.5-0.5B,0.0056160083040595055,direct,fixed_random,-4.191864013671875,-4.061742305755615,1.0,3,128,4756.4609375,34.041255950927734,4,final_hidden,2026-07-10T15:20:18.886132+00:00,nonpad_flattened,Qwen/Qwen2.5-0.5B,-9.421895338859652,-9.236020513019906
114688,128,3,256,main,wikitext,wikitext-2-raw-v1,validation,cuda,float32,128,qwen_dynamical_edge_burn256,0be219064d7f2de285c4637dbbf99d87feb1bdfb,"[1, 128, 896]",inputs_embeds,paper_style_feedback_dynamics,Qwen/Qwen2.5-0.5B,0.005590413697063923,direct,fixed_random,-4.307669639587402,-4.191864013671875,1.0,3,128,4756.27978515625,34.09782791137695,5,final_hidden,2026-07-10T15:20:18.886132+00:00,nonpad_flattened,Qwen/Qwen2.5-0.5B,-9.236020513019906,-9.091365617623335
114688,128,3,256,main,wikitext,wikitext-2-raw-v1,validation,cuda,float32,128,qwen_dynamical_edge_burn256,0be219064d7f2de285c4637dbbf99d87feb1bdfb,"[1, 128, 896]",inputs_embeds,paper_style_feedback_dynamics,Qwen/Qwen2.5-0.5B,0.005586041137576103,direct,fixed_random,-4.4045820236206055,-4.307669639587402,1.0,3,128,4756.1298828125,34.05244827270508,6,final_hidden,2026-07-10T15:20:18.886132+00:00,nonpad_flattened,Qwen/Qwen2.5-0.5B,-9.091365617623335,-8.9850081458543
114688,128,3,256,main,wikitext,wikitext-2-raw-v1,validation,cuda,float32,128,qwen_dynamical_edge_burn256,0be219064d7f2de285c4637dbbf99d87feb1bdfb,"[1, 128, 896]",inputs_embeds,paper_style_feedback_dynamics,Qwen/Qwen2.5-0.5B,0.005590538959950209,direct,fixed_random,-4.47991418838501,-4.4045820236206055,1.0,3,128,4756.009765625,33.91986846923828,7,final_hidden,2026-07-10T15:20:18.886132+00:00,nonpad_flattened,Qwen/Qwen2.5-0.5B,-8.9850081458543,-8.906934399874409
114688,128,3,256,main,wikitext,wikitext-2-raw-v1,validation,cuda,float32,128,qwen_dynamical_edge_burn256,0be219064d7f2de285c4637dbbf99d87feb1bdfb,"[1, 128, 896]",inputs_embeds,paper_style_feedback_dynamics,Qwen/Qwen2.5-0.5B,0.005608376115560532,direct,fixed_random,-4.5328216552734375,-4.47991418838501,1.0,3,128,4755.9111328125,33.717750549316406,8,final_hidden,2026-07-10T15:20:18.886132+00:00,nonpad_flattened,Qwen/Qwen2.5-0.5B,-8.906934399874409,-8.844219865303385
114688,128,3,256,main,wikitext,wikitext-2-raw-v1,validation,cuda,float32,128,qwen_dynamical_edge_burn256,0be219064d7f2de285c4637dbbf99d87feb1bdfb,"[1, 128, 896]",inputs_embeds,paper_style_feedback_dynamics,Qwen/Qwen2.5-0.5B,0.0056132059544324875,direct,fixed_random,-4.563863754272461,-4.5328216552734375,1.0,3,128,4755.8232421875,33.468605041503906,9,final_hidden,2026-07-10T15:20:18.886132+00:00,nonpad_flattened,Qwen/Qwen2.5-0.5B,-8.844219865303385,-8.781977613339828
114688,128,3,256,main,wikitext,wikitext-2-raw-v1,validation,cuda,float32,128,qwen_dynamical_edge_burn256,0be219064d7f2de285c4637dbbf99d87feb1bdfb,"[1, 128, 896]",inputs_embeds,paper_style_feedback_dynamics,Qwen/Qwen2.5-0.5B,0.005596240982413292,direct,fixed_random,-4.5744757652282715,-4.563863754272461,1.0,3,128,4755.7333984375,33.195133209228516,10,final_hidden,2026-07-10T15:20:18.886132+00:00,nonpad_flattened,Qwen/Qwen2.5-0.5B,-8.781977613339828,-8.7066623960494
114688,128,3,256,main,wikitext,wikitext-2-raw-v1,validation,cuda,float32,128,qwen_dynamical_edge_burn256,0be219064d7f2de285c4637dbbf99d87feb1bdfb,"[1, 128, 896]",inputs_embeds,paper_style_feedback_dynamics,Qwen/Qwen2.5-0.5B,0.005564318969845772,direct,fixed_random,-4.566690921783447,-4.5744757652282715,1.0,3,128,4755.63037109375,32.92120361328125,11,final_hidden,2026-07-10T15:20:18.886132+00:00,nonpad_flattened,Qwen/Qwen2.5-0.5B,-8.7066623960494,-8.604795904797802
114688,128,3,256,main,wikitext,wikitext-2-raw-v1,validation,cuda,float32,128,qwen_dynamical_edge_burn256,0be219064d7f2de285c4637dbbf99d87feb1bdfb,"[1, 128, 896]",inputs_embeds,paper_style_feedback_dynamics,Qwen/Qwen2.5-0.5B,0.005569038446992636,direct,fixed_random,-4.543130874633789,-4.566690921783447,1.0,3,128,4755.50439453125,32.684688568115234,12,final_hidden,2026-07-10T15:20:18.886132+00:00,nonpad_flattened,Qwen/Qwen2.5-0.5B,-8.604795904797802,-8.466673244370266
114688,128,3,256,main,wikitext,wikitext-2-raw-v1,validation,cuda,float32,128,qwen_dynamical_edge_burn256,0be219064d7f2de285c4637dbbf99d87feb1bdfb,"[1, 128, 896]",inputs_embeds,paper_style_feedback_dynamics,Qwen/Qwen2.5-0.5B,0.005618531256914139,direct,fixed_random,-4.507009506225586,-4.543130874633789,1.0,3,128,4755.3515625,32.54417419433594,13,final_hidden,2026-07-10T15:20:18.886132+00:00,nonpad_flattened,Qwen/Qwen2.5-0.5B,-8.466673244370266,-8.285188030545427
114688,128,3,256,main,wikitext,wikitext-2-raw-v1,validation,cuda,float32,128,qwen_dynamical_edge_burn256,0be219064d7f2de285c4637dbbf99d87feb1bdfb,"[1, 128, 896]",inputs_embeds,paper_style_feedback_dynamics,Qwen/Qwen2.5-0.5B,0.005717209540307522,direct,fixed_random,-4.46189022064209,-4.507009506225586,1.0,3,128,4755.1708984375,32.56143569946289,14,final_hidden,2026-07-10T15:20:18.886132+00:00,nonpad_flattened,Qwen/Qwen2.5-0.5B,-8.285188030545427,-8.060940007831148
114688,128,3,256,main,wikitext,wikitext-2-raw-v1,validation,cuda,float32,128,qwen_dynamical_edge_burn256,0be219064d7f2de285c4637dbbf99d87feb1bdfb,"[1, 128, 896]",inputs_embeds,paper_style_feedback_dynamics,Qwen/Qwen2.5-0.5B,0.005827942863106728,direct,fixed_random,-4.411294937133789,-4.46189022064209,1.0,3,128,4754.966796875,32.77446746826172,15,final_hidden,2026-07-10T15:20:18.886132+00:00,nonpad_flattened,Qwen/Qwen2.5-0.5B,-8.060940007831148,-7.805936510044507
114688,128,3,256,main,wikitext,wikitext-2-raw-v1,validation,cuda,float32,128,qwen_dynamical_edge_burn256,0be219064d7f2de285c4637dbbf99d87feb1bdfb,"[1, 128, 896]",inputs_embeds,paper_style_feedback_dynamics,Qwen/Qwen2.5-0.5B,0.005949437618255615,direct,fixed_random,-4.3584885597229,-4.411294937133789,1.0,3,128,4754.7490234375,33.16020965576172,16,final_hidden,2026-07-10T15:20:18.886132+00:00,nonpad_flattened,Qwen/Qwen2.5-0.5B,-7.805936510044507,-7.546337744802313
114688,128,3,256,main,wikitext,wikitext-2-raw-v1,validation,cuda,float32,128,qwen_dynamical_edge_burn256,0be219064d7f2de285c4637dbbf99d87feb1bdfb,"[1, 128, 896]",inputs_embeds,paper_style_feedback_dynamics,Qwen/Qwen2.5-0.5B,0.006017396692186594,direct,fixed_random,-4.306239128112793,-4.3584885597229,1.0,3,128,4754.53173828125,33.59711837768555,17,final_hidden,2026-07-10T15:20:18.886132+00:00,nonpad_flattened,Qwen/Qwen2.5-0.5B,-7.546337744802313,-7.310764135956511
114688,128,3,256,main,wikitext,wikitext-2-raw-v1,validation,cuda,float32,128,qwen_dynamical_edge_burn256,0be219064d7f2de285c4637dbbf99d87feb1bdfb,"[1, 128, 896]",inputs_embeds,paper_style_feedback_dynamics,Qwen/Qwen2.5-0.5B,0.006077260710299015,direct,fixed_random,-4.256650447845459,-4.306239128112793,1.0,3,128,4754.32861328125,33.933982849121094,18,final_hidden,2026-07-10T15:20:18.886132+00:00,nonpad_flattened,Qwen/Qwen2.5-0.5B,-7.310764135956511,-7.116581794382694
114688,128,3,256,main,wikitext,wikitext-2-raw-v1,validation,cuda,float32,128,qwen_dynamical_edge_burn256,0be219064d7f2de285c4637dbbf99d87feb1bdfb,"[1, 128, 896]",inputs_embeds,paper_style_feedback_dynamics,Qwen/Qwen2.5-0.5B,0.006089009344577789,direct,fixed_random,-4.211410999298096,-4.256650447845459,1.0,3,128,4754.15185546875,34.11824417114258,19,final_hidden,2026-07-10T15:20:18.886132+00:00,nonpad_flattened,Qwen/Qwen2.5-0.5B,-7.116581794382694,-6.966792577822963
114688,128,3,256,main,wikitext,wikitext-2-raw-v1,validation,cuda,float32,128,qwen_dynamical_edge_burn256,0be219064d7f2de285c4637dbbf99d87feb1bdfb,"[1, 128, 896]",inputs_embeds,paper_style_feedback_dynamics,Qwen/Qwen2.5-0.5B,0.006008714437484741,direct,fixed_random,-4.172113418579102,-4.211410999298096,1.0,3,128,4754.005859375,34.1637077331543,20,final_hidden,2026-07-10T15:20:18.886132+00:00,nonpad_flattened,Qwen/Qwen2.5-0.5B,-6.966792577822963,-6.857373056069787
114688,128,3,256,main,wikitext,wikitext-2-raw-v1,validation,cuda,float32,128,qwen_dynamical_edge_burn256,0be219064d7f2de285c4637dbbf99d87feb1bdfb,"[1, 128, 896]",inputs_embeds,paper_style_feedback_dynamics,Qwen/Qwen2.5-0.5B,0.005886259023100138,direct,fixed_random,-4.140523910522461,-4.172113418579102,1.0,3,128,4753.88818359375,34.08642578125,21,final_hidden,2026-07-10T15:20:18.886132+00:00,nonpad_flattened,Qwen/Qwen2.5-0.5B,-6.857373056069787,-6.7800393419977905
114688,128,3,256,main,wikitext,wikitext-2-raw-v1,validation,cuda,float32,128,qwen_dynamical_edge_burn256,0be219064d7f2de285c4637dbbf99d87feb1bdfb,"[1, 128, 896]",inputs_embeds,paper_style_feedback_dynamics,Qwen/Qwen2.5-0.5B,0.005752278957515955,direct,fixed_random,-4.118588924407959,-4.140523910522461,1.0,3,128,4753.79248046875,33.906211853027344,22,final_hidden,2026-07-10T15:20:18.886132+00:00,nonpad_flattened,Qwen/Qwen2.5-0.5B,-6.7800393419977905,-6.719935032555528
114688,128,3,256,main,wikitext,wikitext-2-raw-v1,validation,cuda,float32,128,qwen_dynamical_edge_burn256,0be219064d7f2de285c4637dbbf99d87feb1bdfb,"[1, 128, 896]",inputs_embeds,paper_style_feedback_dynamics,Qwen/Qwen2.5-0.5B,0.005581911653280258,direct,fixed_random,-4.108440399169922,-4.118588924407959,1.0,3,128,4753.70654296875,33.650352478027344,23,final_hidden,2026-07-10T15:20:18.886132+00:00,nonpad_flattened,Qwen/Qwen2.5-0.5B,-6.719935032555528,-6.661952179698752
114688,128,3,256,main,wikitext,wikitext-2-raw-v1,validation,cuda,float32,128,qwen_dynamical_edge_burn256,0be219064d7f2de285c4637dbbf99d87feb1bdfb,"[1, 128, 896]",inputs_embeds,paper_style_feedback_dynamics,Qwen/Qwen2.5-0.5B,0.005395110230892897,direct,fixed_random,-4.112074375152588,-4.108440399169922,1.0,3,128,4753.6181640625,33.34866714477539,24,final_hidden,2026-07-10T15:20:18.886132+00:00,nonpad_flattened,Qwen/Qwen2.5-0.5B,-6.661952179698752,-6.590663118286696
114688,128,3,256,main,wikitext,wikitext-2-raw-v1,validation,cuda,float32,128,qwen_dynamical_edge_burn256,0be219064d7f2de285c4637dbbf99d87feb1bdfb,"[1, 128, 896]",inputs_embeds,paper_style_feedback_dynamics,Qwen/Qwen2.5-0.5B,0.0051546236500144005,direct,fixed_random,-4.130787372589111,-4.112074375152588,1.0,3,128,4753.51513671875,33.03419494628906,25,final_hidden,2026-07-10T15:20:18.886132+00:00,nonpad_flattened,Qwen/Qwen2.5-0.5B,-6.590663118286696,-6.493453355718119
114688,128,3,256,main,wikitext,wikitext-2-raw-v1,validation,cuda,float32,128,qwen_dynamical_edge_burn256,0be219064d7f2de285c4637dbbf99d87feb1bdfb,"[1, 128, 896]",inputs_embeds,paper_style_feedback_dynamics,Qwen/Qwen2.5-0.5B,0.004982547368854284,direct,fixed_random,-4.164675235748291,-4.130787372589111,1.0,3,128,4753.3896484375,32.755680084228516,26,final_hidden,2026-07-10T15:20:18.886132+00:00,nonpad_flattened,Qwen/Qwen2.5-0.5B,-6.493453355718119,-6.357953105595512
114688,128,3,256,main,wikitext,wikitext-2-raw-v1,validation,cuda,float32,128,qwen_dynamical_edge_burn256,0be219064d7f2de285c4637dbbf99d87feb1bdfb,"[1, 128, 896]",inputs_embeds,paper_style_feedback_dynamics,Qwen/Qwen2.5-0.5B,0.004769033286720514,direct,fixed_random,-4.212638854980469,-4.164675235748291,1.0,3,128,4753.236328125,32.583866119384766,27,final_hidden,2026-07-10T15:20:18.886132+00:00,nonpad_flattened,Qwen/Qwen2.5-0.5B,-6.357953105595512,-6.17806110239277
114688,128,3,256,main,wikitext,wikitext-2-raw-v1,validation,cuda,float32,128,qwen_dynamical_edge_burn256,0be219064d7f2de285c4637dbbf99d87feb1bdfb,"[1, 128, 896]",inputs_embeds,paper_style_feedback_dynamics,Qwen/Qwen2.5-0.5B,0.004576511215418577,direct,fixed_random,-4.272706985473633,-4.212638854980469,1.0,3,128,4753.05615234375,32.5899772644043,28,final_hidden,2026-07-10T15:20:18.886132+00:00,nonpad_flattened,Qwen/Qwen2.5-0.5B,-6.17806110239277,-5.954127056680836
114688,128,3,256,main,wikitext,wikitext-2-raw-v1,validation,cuda,float32,128,qwen_dynamical_edge_burn256,0be219064d7f2de285c4637dbbf99d87feb1bdfb,"[1, 128, 896]",inputs_embeds,paper_style_feedback_dynamics,Qwen/Qwen2.5-0.5B,0.004439812619239092,direct,fixed_random,-4.342313289642334,-4.272706985473633,1.0,3,128,4752.853515625,32.81452560424805,29,final_hidden,2026-07-10T15:20:18.886132+00:00,nonpad_flattened,Qwen/Qwen2.5-0.5B,-5.954127056680836,-5.699148762018581
114688,128,3,256,main,wikitext,wikitext-2-raw-v1,validation,cuda,float32,128,qwen_dynamical_edge_burn256,0be219064d7f2de285c4637dbbf99d87feb1bdfb,"[1, 128, 896]",inputs_embeds,paper_style_feedback_dynamics,Qwen/Qwen2.5-0.5B,0.00435249786823988,direct,fixed_random,-4.418598175048828,-4.342313289642334,1.0,3,128,4752.638671875,33.2293701171875,30,final_hidden,2026-07-10T15:20:18.886132+00:00,nonpad_flattened,Qwen/Qwen2.5-0.5B,-5.699148762018581,-5.439830190877048
114688,128,3,256,main,wikitext,wikitext-2-raw-v1,validation,cuda,float32,128,qwen_dynamical_edge_burn256,0be219064d7f2de285c4637dbbf99d87feb1bdfb,"[1, 128, 896]",inputs_embeds,paper_style_feedback_dynamics,Qwen/Qwen2.5-0.5B,0.004291965626180172,direct,fixed_random,-4.498773097991943,-4.418598175048828,1.0,3,128,4752.42529296875,33.702598571777344,31,final_hidden,2026-07-10T15:20:18.886132+00:00,nonpad_flattened,Qwen/Qwen2.5-0.5B,-5.439830190877048,-5.208254919489166
114688,128,3,256,main,wikitext,wikitext-2-raw-v1,validation,cuda,float32,128,qwen_dynamical_edge_burn256,0be219064d7f2de285c4637dbbf99d87feb1bdfb,"[1, 128, 896]",inputs_embeds,paper_style_feedback_dynamics,Qwen/Qwen2.5-0.5B,0.0042515411041677,direct,fixed_random,-4.580470561981201,-4.498773097991943,1.0,3,128,4752.2294921875,34.07258987426758,32,final_hidden,2026-07-10T15:20:18.886132+00:00,nonpad_flattened,Qwen/Qwen2.5-0.5B,-5.208254919489166,-5.018828169198403
114688,128,3,256,main,wikitext,wikitext-2-raw-v1,validation,cuda,float32,128,qwen_dynamical_edge_burn256,0be219064d7f2de285c4637dbbf99d87feb1bdfb,"[1, 128, 896]",inputs_embeds,paper_style_feedback_dynamics,Qwen/Qwen2.5-0.5B,0.0042395866475999355,direct,fixed_random,-4.661877632141113,-4.580470561981201,1.0,3,128,4752.06005859375,34.282352447509766,33,final_hidden,2026-07-10T15:20:18.886132+00:00,nonpad_flattened,Qwen/Qwen2.5-0.5B,-5.018828169198403,-4.875209648489347
114688,128,3,256,main,wikitext,wikitext-2-raw-v1,validation,cuda,float32,128,qwen_dynamical_edge_burn256,0be219064d7f2de285c4637dbbf99d87feb1bdfb,"[1, 128, 896]",inputs_embeds,paper_style_feedback_dynamics,Qwen/Qwen2.5-0.5B,0.004226420074701309,direct,fixed_random,-4.741623878479004,-4.661877632141113,1.0,3,128,4751.921875,34.34395980834961,34,final_hidden,2026-07-10T15:20:18.886132+00:00,nonpad_flattened,Qwen/Qwen2.5-0.5B,-4.875209648489347,-4.774978248893768
114688,128,3,256,main,wikitext,wikitext-2-raw-v1,validation,cuda,float32,128,qwen_dynamical_edge_burn256,0be219064d7f2de285c4637dbbf99d87feb1bdfb,"[1, 128, 896]",inputs_embeds,paper_style_feedback_dynamics,Qwen/Qwen2.5-0.5B,0.004206158220767975,direct,fixed_random,-4.818445205688477,-4.741623878479004,1.0,3,128,4751.81396484375,34.27200698852539,35,final_hidden,2026-07-10T15:20:18.886132+00:00,nonpad_flattened,Qwen/Qwen2.5-0.5B,-4.774978248893768,-4.707937679199938
114688,128,3,256,main,wikitext,wikitext-2-raw-v1,validation,cuda,float32,128,qwen_dynamical_edge_burn256,0be219064d7f2de285c4637dbbf99d87feb1bdfb,"[1, 128, 896]",inputs_embeds,paper_style_feedback_dynamics,Qwen/Qwen2.5-0.5B,0.004189855884760618,direct,fixed_random,-4.891097545623779,-4.818445205688477,1.0,3,128,4751.72802734375,34.085994720458984,36,final_hidden,2026-07-10T15:20:18.886132+00:00,nonpad_flattened,Qwen/Qwen2.5-0.5B,-4.707937679199938,-4.65920198228027
114688,128,3,256,main,wikitext,wikitext-2-raw-v1,validation,cuda,float32,128,qwen_dynamical_edge_burn256,0be219064d7f2de285c4637dbbf99d87feb1bdfb,"[1, 128, 896]",inputs_embeds,paper_style_feedback_dynamics,Qwen/Qwen2.5-0.5B,0.004190722480416298,direct,fixed_random,-4.9581170082092285,-4.891097545623779,1.0,3,128,4751.65185546875,33.813507080078125,37,final_hidden,2026-07-10T15:20:18.886132+00:00,nonpad_flattened,Qwen/Qwen2.5-0.5B,-4.65920198228027,-4.612535408556758
114688,128,3,256,main,wikitext,wikitext-2-raw-v1,validation,cuda,float32,128,qwen_dynamical_edge_burn256,0be219064d7f2de285c4637dbbf99d87feb1bdfb,"[1, 128, 896]",inputs_embeds,paper_style_feedback_dynamics,Qwen/Qwen2.5-0.5B,0.0041739740408957005,direct,fixed_random,-5.0178422927856445,-4.9581170082092285,1.0,3,128,4751.572265625,33.48593521118164,38,final_hidden,2026-07-10T15:20:18.886132+00:00,nonpad_flattened,Qwen/Qwen2.5-0.5B,-4.612535408556758,-4.55163461171369
114688,128,3,256,main,wikitext,wikitext-2-raw-v1,validation,cuda,float32,128,qwen_dynamical_edge_burn256,0be219064d7f2de285c4637dbbf99d87feb1bdfb,"[1, 128, 896]",inputs_embeds,paper_style_feedback_dynamics,Qwen/Qwen2.5-0.5B,0.0041369302198290825,direct,fixed_random,-5.068850040435791,-5.0178422927856445,1.0,3,128,4751.4765625,33.14024353027344,39,final_hidden,2026-07-10T15:20:18.886132+00:00,nonpad_flattened,Qwen/Qwen2.5-0.5B,-4.55163461171369,-4.4621492903653
114688,128,3,256,main,wikitext,wikitext-2-raw-v1,validation,cuda,float32,128,qwen_dynamical_edge_burn256,0be219064d7f2de285c4637dbbf99d87feb1bdfb,"[1, 128, 896]",inputs_embeds,paper_style_feedback_dynamics,Qwen/Qwen2.5-0.5B,0.00413070572540164,direct,fixed_random,-5.1106414794921875,-5.068850040435791,1.0,3,128,4751.35595703125,32.83287048339844,40,final_hidden,2026-07-10T15:20:18.886132+00:00,nonpad_flattened,Qwen/Qwen2.5-0.5B,-4.4621492903653,-4.332239891831852
114688,128,3,256,main,wikitext,wikitext-2-raw-v1,validation,cuda,float32,128,qwen_dynamical_edge_burn256,0be219064d7f2de285c4637dbbf99d87feb1bdfb,"[1, 128, 896]",inputs_embeds,paper_style_feedback_dynamics,Qwen/Qwen2.5-0.5B,0.004123874939978123,direct,fixed_random,-5.143636703491211,-5.1106414794921875,1.0,3,128,4751.20654296875,32.643898010253906,41,final_hidden,2026-07-10T15:20:18.886132+00:00,nonpad_flattened,Qwen/Qwen2.5-0.5B,-4.332239891831852,-4.154206838143127
114688,128,3,256,main,wikitext,wikitext-2-raw-v1,validation,cuda,float32,128,qwen_dynamical_edge_burn256,0be219064d7f2de285c4637dbbf99d87feb1bdfb,"[1, 128, 896]",inputs_embeds,paper_style_feedback_dynamics,Qwen/Qwen2.5-0.5B,0.00421146722510457,direct,fixed_random,-5.1686601638793945,-5.143636703491211,1.0,3,128,4751.0283203125,32.65085983276367,42,final_hidden,2026-07-10T15:20:18.886132+00:00,nonpad_flattened,Qwen/Qwen2.5-0.5B,-4.154206838143127,-3.9278768746888195
114688,128,3,256,main,wikitext,wikitext-2-raw-v1,validation,cuda,float32,128,qwen_dynamical_edge_burn256,0be219064d7f2de285c4637dbbf99d87feb1bdfb,"[1, 128, 896]",inputs_embeds,paper_style_feedback_dynamics,Qwen/Qwen2.5-0.5B,0.004254882223904133,direct,fixed_random,-5.186461925506592,-5.1686601638793945,1.0,3,128,4750.8251953125,32.8946418762207,43,final_hidden,2026-07-10T15:20:18.886132+00:00,nonpad_flattened,Qwen/Qwen2.5-0.5B,-3.9278768746888195,-3.6671715644238914
114688,128,3,256,main,wikitext,wikitext-2-raw-v1,validation,cuda,float32,128,qwen_dynamical_edge_burn256,0be219064d7f2de285c4637dbbf99d87feb1bdfb,"[1, 128, 896]",inputs_embeds,paper_style_feedback_dynamics,Qwen/Qwen2.5-0.5B,0.004355534445494413,direct,fixed_random,-5.197692394256592,-5.186461925506592,1.0,3,128,4750.60791015625,33.34269332885742,44,final_hidden,2026-07-10T15:20:18.886132+00:00,nonpad_flattened,Qwen/Qwen2.5-0.5B,-3.6671715644238914,-3.400647760617454
114688,128,3,256,main,wikitext,wikitext-2-raw-v1,validation,cuda,float32,128,qwen_dynamical_edge_burn256,0be219064d7f2de285c4637dbbf99d87feb1bdfb,"[1, 128, 896]",inputs_embeds,paper_style_feedback_dynamics,Qwen/Qwen2.5-0.5B,0.004459687974303961,direct,fixed_random,-5.203375816345215,-5.197692394256592,1.0,3,128,4750.39111328125,33.85422897338867,45,final_hidden,2026-07-10T15:20:18.886132+00:00,nonpad_flattened,Qwen/Qwen2.5-0.5B,-3.400647760617454,-3.1600451672215306
114688,128,3,256,main,wikitext,wikitext-2-raw-v1,validation,cuda,float32,128,qwen_dynamical_edge_burn256,0be219064d7f2de285c4637dbbf99d87feb1bdfb,"[1, 128, 896]",inputs_embeds,paper_style_feedback_dynamics,Qwen/Qwen2.5-0.5B,0.004604932852089405,direct,fixed_random,-5.205425262451172,-5.203375816345215,1.0,3,128,4750.189453125,34.256412506103516,46,final_hidden,2026-07-10T15:20:18.886132+00:00,nonpad_flattened,Qwen/Qwen2.5-0.5B,-3.1600451672215306,-2.963439975487229
114688,128,3,256,main,wikitext,wikitext-2-raw-v1,validation,cuda,float32,128,qwen_dynamical_edge_burn256,0be219064d7f2de285c4637dbbf99d87feb1bdfb,"[1, 128, 896]",inputs_embeds,paper_style_feedback_dynamics,Qwen/Qwen2.5-0.5B,0.004712571855634451,direct,fixed_random,-5.206480979919434,-5.205425262451172,1.0,3,128,4750.0146484375,34.484642028808594,47,final_hidden,2026-07-10T15:20:18.886132+00:00,nonpad_flattened,Qwen/Qwen2.5-0.5B,-2.963439975487229,-2.814749097330645
114688,128,3,256,main,wikitext,wikitext-2-raw-v1,validation,cuda,float32,128,qwen_dynamical_edge_burn256,0be219064d7f2de285c4637dbbf99d87feb1bdfb,"[1, 128, 896]",inputs_embeds,paper_style_feedback_dynamics,Qwen/Qwen2.5-0.5B,0.004861339461058378,direct,fixed_random,-5.2094268798828125,-5.206480979919434,1.0,3,128,4749.87158203125,34.54840087890625,48,final_hidden,2026-07-10T15:20:18.886132+00:00,nonpad_flattened,Qwen/Qwen2.5-0.5B,-2.814749097330645,-2.7096621367580838
114688,128,3,256,main,wikitext,wikitext-2-raw-v1,validation,cuda,float32,128,qwen_dynamical_edge_burn256,0be219064d7f2de285c4637dbbf99d87feb1bdfb,"[1, 128, 896]",inputs_embeds,paper_style_feedback_dynamics,Qwen/Qwen2.5-0.5B,0.00497190048918128,direct,fixed_random,-5.216630935668945,-5.2094268798828125,1.0,3,128,4749.75732421875,34.46173858642578,49,final_hidden,2026-07-10T15:20:18.886132+00:00,nonpad_flattened,Qwen/Qwen2.5-0.5B,-2.7096621367580838,-2.640302654628872
114688,128,3,256,main,wikitext,wikitext-2-raw-v1,validation,cuda,float32,128,qwen_dynamical_edge_burn256,0be219064d7f2de285c4637dbbf99d87feb1bdfb,"[1, 128, 896]",inputs_embeds,paper_style_feedback_dynamics,Qwen/Qwen2.5-0.5B,0.005096964072436094,direct,fixed_random,-5.229704856872559,-5.216630935668945,1.0,3,128,4749.666015625,34.24525833129883,50,final_hidden,2026-07-10T15:20:18.886132+00:00,nonpad_flattened,Qwen/Qwen2.5-0.5B,-2.640302654628872,-2.589994860256079
114688,128,3,256,main,wikitext,wikitext-2-raw-v1,validation,cuda,float32,128,qwen_dynamical_edge_burn256,0be219064d7f2de285c4637dbbf99d87feb1bdfb,"[1, 128, 896]",inputs_embeds,paper_style_feedback_dynamics,Qwen/Qwen2.5-0.5B,0.005272057373076677,direct,fixed_random,-5.2495503425598145,-5.229704856872559,1.0,3,128,4749.583984375,33.92988967895508,51,final_hidden,2026-07-10T15:20:18.886132+00:00,nonpad_flattened,Qwen/Qwen2.5-0.5B,-2.589994860256079,-2.5414905775345464
114688,128,3,256,main,wikitext,wikitext-2-raw-v1,validation,cuda,float32,128,qwen_dynamical_edge_burn256,0be219064d7f2de285c4637dbbf99d87feb1bdfb,"[1, 128, 896]",inputs_embeds,paper_style_feedback_dynamics,Qwen/Qwen2.5-0.5B,0.005436071194708347,direct,fixed_random,-5.276424407958984,-5.2495503425598145,1.0,3,128,4749.49755859375,33.55232620239258,52,final_hidden,2026-07-10T15:20:18.886132+00:00,nonpad_flattened,Qwen/Qwen2.5-0.5B,-2.5414905775345464,-2.478331730636614
114688,128,3,256,main,wikitext,wikitext-2-raw-v1,validation,cuda,float32,128,qwen_dynamical_edge_burn256,0be219064d7f2de285c4637dbbf99d87feb1bdfb,"[1, 128, 896]",inputs_embeds,paper_style_feedback_dynamics,Qwen/Qwen2.5-0.5B,0.005641811061650515,direct,fixed_random,-5.309981346130371,-5.276424407958984,1.0,3,128,4749.39453125,33.155982971191406,53,final_hidden,2026-07-10T15:20:18.886132+00:00,nonpad_flattened,Qwen/Qwen2.5-0.5B,-2.478331730636614,-2.385858750618158
114688,128,3,256,main,wikitext,wikitext-2-raw-v1,validation,cuda,float32,128,qwen_dynamical_edge_burn256,0be219064d7f2de285c4637dbbf99d87feb1bdfb,"[1, 128, 896]",inputs_embeds,paper_style_feedback_dynamics,Qwen/Qwen2.5-0.5B,0.005858328193426132,direct,fixed_random,-5.349064826965332,-5.309981346130371,1.0,3,128,4749.2666015625,32.80530548095703,54,final_hidden,2026-07-10T15:20:18.886132+00:00,nonpad_flattened,Qwen/Qwen2.5-0.5B,-2.385858750618158,-2.2493877601252255
114688,128,3,256,main,wikitext,wikitext-2-raw-v1,validation,cuda,float32,128,qwen_dynamical_edge_burn256,0be219064d7f2de285c4637dbbf99d87feb1bdfb,"[1, 128, 896]",inputs_embeds,paper_style_feedback_dynamics,Qwen/Qwen2.5-0.5B,0.006148384418338537,direct,fixed_random,-5.391941070556641,-5.349064826965332,1.0,3,128,4749.10791015625,32.589447021484375,55,final_hidden,2026-07-10T15:20:18.886132+00:00,nonpad_flattened,Qwen/Qwen2.5-0.5B,-2.2493877601252255,-2.0611288967586034
114688,128,3,256,main,wikitext,wikitext-2-raw-v1,validation,cuda,float32,128,qwen_dynamical_edge_burn256,0be219064d7f2de285c4637dbbf99d87feb1bdfb,"[1, 128, 896]",inputs_embeds,paper_style_feedback_dynamics,Qwen/Qwen2.5-0.5B,0.006372053176164627,direct,fixed_random,-5.43670129776001,-5.391941070556641,1.0,3,128,4748.9189453125,32.59174346923828,56,final_hidden,2026-07-10T15:20:18.886132+00:00,nonpad_flattened,Qwen/Qwen2.5-0.5B,-2.0611288967586034,-1.822176291307693
114688,128,3,256,main,wikitext,wikitext-2-raw-v1,validation,cuda,float32,128,qwen_dynamical_edge_burn256,0be219064d7f2de285c4637dbbf99d87feb1bdfb,"[1, 128, 896]",inputs_embeds,paper_style_feedback_dynamics,Qwen/Qwen2.5-0.5B,0.0067032440565526485,direct,fixed_random,-5.481761932373047,-5.43670129776001,1.0,3,128,4748.705078125,32.85499572753906,57,final_hidden,2026-07-10T15:20:18.886132+00:00,nonpad_flattened,Qwen/Qwen2.5-0.5B,-1.822176291307693,-1.5437846884769324
114688,128,3,256,main,wikitext,wikitext-2-raw-v1,validation,cuda,float32,128,qwen_dynamical_edge_burn256,0be219064d7f2de285c4637dbbf99d87feb1bdfb,"[1, 128, 896]",inputs_embeds,paper_style_feedback_dynamics,Qwen/Qwen2.5-0.5B,0.00697700260207057,direct,fixed_random,-5.526133060455322,-5.481761932373047,1.0,3,128,4748.474609375,33.34904479980469,58,final_hidden,2026-07-10T15:20:18.886132+00:00,nonpad_flattened,Qwen/Qwen2.5-0.5B,-1.5437846884769324,-1.2547873131158802
114688,128,3,256,main,wikitext,wikitext-2-raw-v1,validation,cuda,float32,128,qwen_dynamical_edge_burn256,0be219064d7f2de285c4637dbbf99d87feb1bdfb,"[1, 128, 896]",inputs_embeds,paper_style_feedback_dynamics,Qwen/Qwen2.5-0.5B,0.007186611648648977,direct,fixed_random,-5.569205284118652,-5.526133060455322,1.0,3,128,4748.24267578125,33.93521499633789,59,final_hidden,2026-07-10T15:20:18.886132+00:00,nonpad_flattened,Qwen/Qwen2.5-0.5B,-1.2547873131158802,-0.9888751875402327
114688,128,3,256,main,wikitext,wikitext-2-raw-v1,validation,cuda,float32,128,qwen_dynamical_edge_burn256,0be219064d7f2de285c4637dbbf99d87feb1bdfb,"[1, 128, 896]",inputs_embeds,paper_style_feedback_dynamics,Qwen/Qwen2.5-0.5B,0.007339388597756624,direct,fixed_random,-5.610275745391846,-5.569205284118652,1.0,3,128,4748.02392578125,34.4210205078125,60,final_hidden,2026-07-10T15:20:18.886132+00:00,nonpad_flattened,Qwen/Qwen2.5-0.5B,-0.9888751875402327,-0.7682777989704642
114688,128,3,256,main,wikitext,wikitext-2-raw-v1,validation,cuda,float32,128,qwen_dynamical_edge_burn256,0be219064d7f2de285c4637dbbf99d87feb1bdfb,"[1, 128, 896]",inputs_embeds,paper_style_feedback_dynamics,Qwen/Qwen2.5-0.5B,0.007397738751024008,direct,fixed_random,-5.648406505584717,-5.610275745391846,1.0,3,128,4747.83154296875,34.71471405029297,61,final_hidden,2026-07-10T15:20:18.886132+00:00,nonpad_flattened,Qwen/Qwen2.5-0.5B,-0.7682777989704642,-0.5981271706014339
114688,128,3,256,main,wikitext,wikitext-2-raw-v1,validation,cuda,float32,128,qwen_dynamical_edge_burn256,0be219064d7f2de285c4637dbbf99d87feb1bdfb,"[1, 128, 896]",inputs_embeds,paper_style_feedback_dynamics,Qwen/Qwen2.5-0.5B,0.007371664512902498,direct,fixed_random,-5.6825032234191895,-5.648406505584717,1.0,3,128,4747.6708984375,34.81843566894531,62,final_hidden,2026-07-10T15:20:18.886132+00:00,nonpad_flattened,Qwen/Qwen2.5-0.5B,-0.5981271706014339,-0.4765001774276777
114688,128,3,256,main,wikitext,wikitext-2-raw-v1,validation,cuda,float32,128,qwen_dynamical_edge_burn256,0be219064d7f2de285c4637dbbf99d87feb1bdfb,"[1, 128, 896]",inputs_embeds,paper_style_feedback_dynamics,Qwen/Qwen2.5-0.5B,0.0072969174943864346,direct,fixed_random,-5.711668968200684,-5.6825032234191895,1.0,3,128,4747.54150390625,34.74665832519531,63,final_hidden,2026-07-10T15:20:18.886132+00:00,nonpad_flattened,Qwen/Qwen2.5-0.5B,-0.4765001774276777,-0.3944323573433735
114688,128,3,256,main,wikitext,wikitext-2-raw-v1,validation,cuda,float32,128,qwen_dynamical_edge_burn256,0be219064d7f2de285c4637dbbf99d87feb1bdfb,"[1, 128, 896]",inputs_embeds,paper_style_feedback_dynamics,Qwen/Qwen2.5-0.5B,0.007157185114920139,direct,fixed_random,-5.735386848449707,-5.711668968200684,1.0,3,128,4747.4365234375,34.521156311035156,64,final_hidden,2026-07-10T15:20:18.886132+00:00,nonpad_flattened,Qwen/Qwen2.5-0.5B,-0.3944323573433735,-0.3357764291750241
114688,128,3,256,main,wikitext,wikitext-2-raw-v1,validation,cuda,float32,128,qwen_dynamical_edge_burn256,0be219064d7f2de285c4637dbbf99d87feb1bdfb,"[1, 128, 896]",inputs_embeds,paper_style_feedback_dynamics,Qwen/Qwen2.5-0.5B,0.007011625915765762,direct,fixed_random,-5.75339412689209,-5.735386848449707,1.0,3,128,4747.34326171875,34.17732238769531,65,final_hidden,2026-07-10T15:20:18.886132+00:00,nonpad_flattened,Qwen/Qwen2.5-0.5B,-0.3357764291750241,-0.28260838923847503
114688,128,3,256,main,wikitext,wikitext-2-raw-v1,validation,cuda,float32,128,qwen_dynamical_edge_burn256,0be219064d7f2de285c4637dbbf99d87feb1bdfb,"[1, 128, 896]",inputs_embeds,paper_style_feedback_dynamics,Qwen/Qwen2.5-0.5B,0.006854305975139141,direct,fixed_random,-5.765199661254883,-5.75339412689209,1.0,3,128,4747.248046875,33.7586555480957,66,final_hidden,2026-07-10T15:20:18.886132+00:00,nonpad_flattened,Qwen/Qwen2.5-0.5B,-0.28260838923847503,-0.21738917298088467
114688,128,3,256,main,wikitext,wikitext-2-raw-v1,validation,cuda,float32,128,qwen_dynamical_edge_burn256,0be219064d7f2de285c4637dbbf99d87feb1bdfb,"[1, 128, 896]",inputs_embeds,paper_style_feedback_dynamics,Qwen/Qwen2.5-0.5B,0.006681967992335558,direct,fixed_random,-5.769999980926514,-5.765199661254883,1.0,3,128,4747.13818359375,33.3145637512207,67,final_hidden,2026-07-10T15:20:18.886132+00:00,nonpad_flattened,Qwen/Qwen2.5-0.5B,-0.21738917298088467,-0.12316342599359155
114688,128,3,256,main,wikitext,wikitext-2-raw-v1,validation,cuda,float32,128,qwen_dynamical_edge_burn256,0be219064d7f2de285c4637dbbf99d87feb1bdfb,"[1, 128, 896]",inputs_embeds,paper_style_feedback_dynamics,Qwen/Qwen2.5-0.5B,0.006528826430439949,direct,fixed_random,-5.76698112487793,-5.769999980926514,1.0,3,128,4747.00341796875,32.91304016113281,68,final_hidden,2026-07-10T15:20:18.886132+00:00,nonpad_flattened,Qwen/Qwen2.5-0.5B,-0.12316342599359155,0.013849718889667972
114688,128,3,256,main,wikitext,wikitext-2-raw-v1,validation,cuda,float32,128,qwen_dynamical_edge_burn256,0be219064d7f2de285c4637dbbf99d87feb1bdfb,"[1, 128, 896]",inputs_embeds,paper_style_feedback_dynamics,Qwen/Qwen2.5-0.5B,0.006437752395868301,direct,fixed_random,-5.755510330200195,-5.76698112487793,1.0,3,128,4746.83935546875,32.64882278442383,69,final_hidden,2026-07-10T15:20:18.886132+00:00,nonpad_flattened,Qwen/Qwen2.5-0.5B,0.013849718889667972,0.20376145748995828
114688,128,3,256,main,wikitext,wikitext-2-raw-v1,validation,cuda,float32,128,qwen_dynamical_edge_burn256,0be219064d7f2de285c4637dbbf99d87feb1bdfb,"[1, 128, 896]",inputs_embeds,paper_style_feedback_dynamics,Qwen/Qwen2.5-0.5B,0.006369256414473057,direct,fixed_random,-5.735141754150391,-5.755510330200195,1.0,3,128,4746.64501953125,32.61394500732422,70,final_hidden,2026-07-10T15:20:18.886132+00:00,nonpad_flattened,Qwen/Qwen2.5-0.5B,0.20376145748995828,0.44717368003456825
114688,128,3,256,main,wikitext,wikitext-2-raw-v1,validation,cuda,float32,128,qwen_dynamical_edge_burn256,0be219064d7f2de285c4637dbbf99d87feb1bdfb,"[1, 128, 896]",inputs_embeds,paper_style_feedback_dynamics,Qwen/Qwen2.5-0.5B,0.006352992262691259,direct,fixed_random,-5.705681800842285,-5.735141754150391,1.0,3,128,4746.4248046875,32.85850143432617,71,final_hidden,2026-07-10T15:20:18.886132+00:00,nonpad_flattened,Qwen/Qwen2.5-0.5B,0.44717368003456825,0.7335593947031843
114688,128,3,256,main,wikitext,wikitext-2-raw-v1,validation,cuda,float32,128,qwen_dynamical_edge_burn256,0be219064d7f2de285c4637dbbf99d87feb1bdfb,"[1, 128, 896]",inputs_embeds,paper_style_feedback_dynamics,Qwen/Qwen2.5-0.5B,0.006450079381465912,direct,fixed_random,-5.667105674743652,-5.705681800842285,1.0,3,128,4746.18701171875,33.35966110229492,72,final_hidden,2026-07-10T15:20:18.886132+00:00,nonpad_flattened,Qwen/Qwen2.5-0.5B,0.7335593947031843,1.0353220502769116
114688,128,3,256,main,wikitext,wikitext-2-raw-v1,validation,cuda,float32,128,qwen_dynamical_edge_burn256,0be219064d7f2de285c4637dbbf99d87feb1bdfb,"[1, 128, 896]",inputs_embeds,paper_style_feedback_dynamics,Qwen/Qwen2.5-0.5B,0.006526828743517399,direct,fixed_random,-5.61983585357666,-5.667105674743652,1.0,3,128,4745.9462890625,33.98630905151367,73,final_hidden,2026-07-10T15:20:18.886132+00:00,nonpad_flattened,Qwen/Qwen2.5-0.5B,1.0353220502769116,1.3179450052541275
114688,128,3,256,main,wikitext,wikitext-2-raw-v1,validation,cuda,float32,128,qwen_dynamical_edge_burn256,0be219064d7f2de285c4637dbbf99d87feb1bdfb,"[1, 128, 896]",inputs_embeds,paper_style_feedback_dynamics,Qwen/Qwen2.5-0.5B,0.006564639508724213,direct,fixed_random,-5.565217971801758,-5.61983585357666,1.0,3,128,4745.716796875,34.532752990722656,74,final_hidden,2026-07-10T15:20:18.886132+00:00,nonpad_flattened,Qwen/Qwen2.5-0.5B,1.3179450052541275,1.5562996474895647
114688,128,3,256,main,wikitext,wikitext-2-raw-v1,validation,cuda,float32,128,qwen_dynamical_edge_burn256,0be219064d7f2de285c4637dbbf99d87feb1bdfb,"[1, 128, 896]",inputs_embeds,paper_style_feedback_dynamics,Qwen/Qwen2.5-0.5B,0.006539388094097376,direct,fixed_random,-5.505505561828613,-5.565217971801758,1.0,3,128,4745.51171875,34.8780517578125,75,final_hidden,2026-07-10T15:20:18.886132+00:00,nonpad_flattened,Qwen/Qwen2.5-0.5B,1.5562996474895647,1.7411746351305384
114688,128,3,256,main,wikitext,wikitext-2-raw-v1,validation,cuda,float32,128,qwen_dynamical_edge_burn256,0be219064d7f2de285c4637dbbf99d87feb1bdfb,"[1, 128, 896]",inputs_embeds,paper_style_feedback_dynamics,Qwen/Qwen2.5-0.5B,0.0065130675211548805,direct,fixed_random,-5.443243980407715,-5.505505561828613,1.0,3,128,4745.33935546875,35.01262283325195,76,final_hidden,2026-07-10T15:20:18.886132+00:00,nonpad_flattened,Qwen/Qwen2.5-0.5B,1.7411746351305384,1.8748543196606589
114688,128,3,256,main,wikitext,wikitext-2-raw-v1,validation,cuda,float32,128,qwen_dynamical_edge_burn256,0be219064d7f2de285c4637dbbf99d87feb1bdfb,"[1, 128, 896]",inputs_embeds,paper_style_feedback_dynamics,Qwen/Qwen2.5-0.5B,0.0064660971984267235,direct,fixed_random,-5.380707740783691,-5.443243980407715,1.0,3,128,4745.19873046875,34.949684143066406,77,final_hidden,2026-07-10T15:20:18.886132+00:00,nonpad_flattened,Qwen/Qwen2.5-0.5B,1.8748543196606589,1.9653189240745343
114688,128,3,256,main,wikitext,wikitext-2-raw-v1,validation,cuda,float32,128,qwen_dynamical_edge_burn256,0be219064d7f2de285c4637dbbf99d87feb1bdfb,"[1, 128, 896]",inputs_embeds,paper_style_feedback_dynamics,Qwen/Qwen2.5-0.5B,0.006364905741065741,direct,fixed_random,-5.319657325744629,-5.380707740783691,1.0,3,128,4745.083984375,34.71088409423828,78,final_hidden,2026-07-10T15:20:18.886132+00:00,nonpad_flattened,Qwen/Qwen2.5-0.5B,1.9653189240745343,2.028000449120813
114688,128,3,256,main,wikitext,wikitext-2-raw-v1,validation,cuda,float32,128,qwen_dynamical_edge_burn256,0be219064d7f2de285c4637dbbf99d87feb1bdfb,"[1, 128, 896]",inputs_embeds,paper_style_feedback_dynamics,Qwen/Qwen2.5-0.5B,0.00621841149404645,direct,fixed_random,-5.261369228363037,-5.319657325744629,1.0,3,128,4744.9833984375,34.334197998046875,79,final_hidden,2026-07-10T15:20:18.886132+00:00,nonpad_flattened,Qwen/Qwen2.5-0.5B,2.028000449120813,2.0823696952700863
114688,128,3,256,main,wikitext,wikitext-2-raw-v1,validation,cuda,float32,128,qwen_dynamical_edge_burn256,0be219064d7f2de285c4637dbbf99d87feb1bdfb,"[1, 128, 896]",inputs_embeds,paper_style_feedback_dynamics,Qwen/Qwen2.5-0.5B,0.006080049090087414,direct,fixed_random,-5.206786155700684,-5.261369228363037,1.0,3,128,4744.88232421875,33.86891555786133,80,final_hidden,2026-07-10T15:20:18.886132+00:00,nonpad_flattened,Qwen/Qwen2.5-0.5B,2.0823696952700863,2.146974742428304
114688,128,3,256,main,wikitext,wikitext-2-raw-v1,validation,cuda,float32,128,qwen_dynamical_edge_burn256,0be219064d7f2de285c4637dbbf99d87feb1bdfb,"[1, 128, 896]",inputs_embeds,paper_style_feedback_dynamics,Qwen/Qwen2.5-0.5B,0.005908864084631205,direct,fixed_random,-5.156739234924316,-5.206786155700684,1.0,3,128,4744.767578125,33.369712829589844,81,final_hidden,2026-07-10T15:20:18.886132+00:00,nonpad_flattened,Qwen/Qwen2.5-0.5B,2.146974742428304,2.240527821006068
114688,128,3,256,main,wikitext,wikitext-2-raw-v1,validation,cuda,float32,128,qwen_dynamical_edge_burn256,0be219064d7f2de285c4637dbbf99d87feb1bdfb,"[1, 128, 896]",inputs_embeds,paper_style_feedback_dynamics,Qwen/Qwen2.5-0.5B,0.005761275067925453,direct,fixed_random,-5.112309455871582,-5.156739234924316,1.0,3,128,4744.62744140625,32.907596588134766,82,final_hidden,2026-07-10T15:20:18.886132+00:00,nonpad_flattened,Qwen/Qwen2.5-0.5B,2.240527821006068,2.378197465366377
114688,128,3,256,main,wikitext,wikitext-2-raw-v1,validation,cuda,float32,128,qwen_dynamical_edge_burn256,0be219064d7f2de285c4637dbbf99d87feb1bdfb,"[1, 128, 896]",inputs_embeds,paper_style_feedback_dynamics,Qwen/Qwen2.5-0.5B,0.005584173370152712,direct,fixed_random,-5.074750900268555,-5.112309455871582,1.0,3,128,4744.45654296875,32.58149337768555,83,final_hidden,2026-07-10T15:20:18.886132+00:00,nonpad_flattened,Qwen/Qwen2.5-0.5B,2.378197465366377,2.572034522748289
114688,128,3,256,main,wikitext,wikitext-2-raw-v1,validation,cuda,float32,128,qwen_dynamical_edge_burn256,0be219064d7f2de285c4637dbbf99d87feb1bdfb,"[1, 128, 896]",inputs_embeds,paper_style_feedback_dynamics,Qwen/Qwen2.5-0.5B,0.005499470513314009,direct,fixed_random,-5.044971942901611,-5.074750900268555,1.0,3,128,4744.2529296875,32.49318313598633,84,final_hidden,2026-07-10T15:20:18.886132+00:00,nonpad_flattened,Qwen/Qwen2.5-0.5B,2.572034522748289,2.8246930138914603
114688,128,3,256,main,wikitext,wikitext-2-raw-v1,validation,cuda,float32,128,qwen_dynamical_edge_burn256,0be219064d7f2de285c4637dbbf99d87feb1bdfb,"[1, 128, 896]",inputs_embeds,paper_style_feedback_dynamics,Qwen/Qwen2.5-0.5B,0.005498616024851799,direct,fixed_random,-5.023262977600098,-5.044971942901611,1.0,3,128,4744.02001953125,32.70363998413086,85,final_hidden,2026-07-10T15:20:18.886132+00:00,nonpad_flattened,Qwen/Qwen2.5-0.5B,2.8246930138914603,3.1297977798987833
114688,128,3,256,main,wikitext,wikitext-2-raw-v1,validation,cuda,float32,128,qwen_dynamical_edge_burn256,0be219064d7f2de285c4637dbbf99d87feb1bdfb,"[1, 128, 896]",inputs_embeds,paper_style_feedback_dynamics,Qwen/Qwen2.5-0.5B,0.005576914642006159,direct,fixed_random,-5.009461879730225,-5.023262977600098,1.0,3,128,4743.763671875,33.20737838745117,86,final_hidden,2026-07-10T15:20:18.886132+00:00,nonpad_flattened,Qwen/Qwen2.5-0.5B,3.1297977798987833,3.464784663530161
114688,128,3,256,main,wikitext,wikitext-2-raw-v1,validation,cuda,float32,128,qwen_dynamical_edge_burn256,0be219064d7f2de285c4637dbbf99d87feb1bdfb,"[1, 128, 896]",inputs_embeds,paper_style_feedback_dynamics,Qwen/Qwen2.5-0.5B,0.0056418152526021,direct,fixed_random,-5.003204345703125,-5.009461879730225,1.0,3,128,4743.49658203125,33.904388427734375,87,final_hidden,2026-07-10T15:20:18.886132+00:00,nonpad_flattened,Qwen/Qwen2.5-0.5B,3.464784663530161,3.7948644396851683
114688,128,3,256,main,wikitext,wikitext-2-raw-v1,validation,cuda,float32,128,qwen_dynamical_edge_burn256,0be219064d7f2de285c4637dbbf99d87feb1bdfb,"[1, 128, 896]",inputs_embeds,paper_style_feedback_dynamics,Qwen/Qwen2.5-0.5B,0.005720188375562429,direct,fixed_random,-5.003793716430664,-5.003204345703125,1.0,3,128,4743.2333984375,34.59112548828125,88,final_hidden,2026-07-10T15:20:18.886132+00:00,nonpad_flattened,Qwen/Qwen2.5-0.5B,3.7948644396851683,4.088168056575936
114688,128,3,256,main,wikitext,wikitext-2-raw-v1,validation,cuda,float32,128,qwen_dynamical_edge_burn256,0be219064d7f2de285c4637dbbf99d87feb1bdfb,"[1, 128, 896]",inputs_embeds,paper_style_feedback_dynamics,Qwen/Qwen2.5-0.5B,0.005797872319817543,direct,fixed_random,-5.009988784790039,-5.003793716430664,1.0,3,128,4742.98828125,35.088558197021484,89,final_hidden,2026-07-10T15:20:18.886132+00:00,nonpad_flattened,Qwen/Qwen2.5-0.5B,4.088168056575936,4.331015138187879
114688,128,3,256,main,wikitext,wikitext-2-raw-v1,validation,cuda,float32,128,qwen_dynamical_edge_burn256,0be219064d7f2de285c4637dbbf99d87feb1bdfb,"[1, 128, 896]",inputs_embeds,paper_style_feedback_dynamics,Qwen/Qwen2.5-0.5B,0.005863448604941368,direct,fixed_random,-5.020063400268555,-5.009988784790039,1.0,3,128,4742.7705078125,35.35188674926758,90,final_hidden,2026-07-10T15:20:18.886132+00:00,nonpad_flattened,Qwen/Qwen2.5-0.5B,4.331015138187879,4.5207824943523605
114688,128,3,256,main,wikitext,wikitext-2-raw-v1,validation,cuda,float32,128,qwen_dynamical_edge_burn256,0be219064d7f2de285c4637dbbf99d87feb1bdfb,"[1, 128, 896]",inputs_embeds,paper_style_feedback_dynamics,Qwen/Qwen2.5-0.5B,0.0059155747294425964,direct,fixed_random,-5.0318603515625,-5.020063400268555,1.0,3,128,4742.583984375,35.393836975097656,91,final_hidden,2026-07-10T15:20:18.886132+00:00,nonpad_flattened,Qwen/Qwen2.5-0.5B,4.5207824943523605,4.663072149116753
114688,128,3,256,main,wikitext,wikitext-2-raw-v1,validation,cuda,float32,128,qwen_dynamical_edge_burn256,0be219064d7f2de285c4637dbbf99d87feb1bdfb,"[1, 128, 896]",inputs_embeds,paper_style_feedback_dynamics,Qwen/Qwen2.5-0.5B,0.005909476894885302,direct,fixed_random,-5.042764186859131,-5.0318603515625,1.0,3,128,4742.42529296875,35.236572265625,92,final_hidden,2026-07-10T15:20:18.886132+00:00,nonpad_flattened,Qwen/Qwen2.5-0.5B,4.663072149116753,4.772972300704051
114688,128,3,256,main,wikitext,wikitext-2-raw-v1,validation,cuda,float32,128,qwen_dynamical_edge_burn256,0be219064d7f2de285c4637dbbf99d87feb1bdfb,"[1, 128, 896]",inputs_embeds,paper_style_feedback_dynamics,Qwen/Qwen2.5-0.5B,0.005897394381463528,direct,fixed_random,-5.050081729888916,-5.042764186859131,1.0,3,128,4742.283203125,34.919498443603516,93,final_hidden,2026-07-10T15:20:18.886132+00:00,nonpad_flattened,Qwen/Qwen2.5-0.5B,4.772972300704051,4.867960055906899
114688,128,3,256,main,wikitext,wikitext-2-raw-v1,validation,cuda,float32,128,qwen_dynamical_edge_burn256,0be219064d7f2de285c4637dbbf99d87feb1bdfb,"[1, 128, 896]",inputs_embeds,paper_style_feedback_dynamics,Qwen/Qwen2.5-0.5B,0.005925660952925682,direct,fixed_random,-5.051797866821289,-5.050081729888916,1.0,3,128,4742.1455078125,34.49629211425781,94,final_hidden,2026-07-10T15:20:18.886132+00:00,nonpad_flattened,Qwen/Qwen2.5-0.5B,4.867960055906899,4.968880021690217
114688,128,3,256,main,wikitext,wikitext-2-raw-v1,validation,cuda,float32,128,qwen_dynamical_edge_burn256,0be219064d7f2de285c4637dbbf99d87feb1bdfb,"[1, 128, 896]",inputs_embeds,paper_style_feedback_dynamics,Qwen/Qwen2.5-0.5B,0.005915563087910414,direct,fixed_random,-5.047203540802002,-5.051797866821289,1.0,3,128,4741.9970703125,34.025184631347656,95,final_hidden,2026-07-10T15:20:18.886132+00:00,nonpad_flattened,Qwen/Qwen2.5-0.5B,4.968880021690217,5.091915682644138
114688,128,3,256,main,wikitext,wikitext-2-raw-v1,validation,cuda,float32,128,qwen_dynamical_edge_burn256,0be219064d7f2de285c4637dbbf99d87feb1bdfb,"[1, 128, 896]",inputs_embeds,paper_style_feedback_dynamics,Qwen/Qwen2.5-0.5B,0.005956824868917465,direct,fixed_random,-5.036810398101807,-5.047203540802002,1.0,3,128,4741.828125,33.5712890625,96,final_hidden,2026-07-10T15:20:18.886132+00:00,nonpad_flattened,Qwen/Qwen2.5-0.5B,5.091915682644138,5.255141748113682
114688,128,3,256,main,wikitext,wikitext-2-raw-v1,validation,cuda,float32,128,qwen_dynamical_edge_burn256,0be219064d7f2de285c4637dbbf99d87feb1bdfb,"[1, 128, 896]",inputs_embeds,paper_style_feedback_dynamics,Qwen/Qwen2.5-0.5B,0.00602691387757659,direct,fixed_random,-5.021676063537598,-5.036810398101807,1.0,3,128,4741.62939453125,33.223655700683594,97,final_hidden,2026-07-10T15:20:18.886132+00:00,nonpad_flattened,Qwen/Qwen2.5-0.5B,5.255141748113682,5.470618674139927
114688,128,3,256,main,wikitext,wikitext-2-raw-v1,validation,cuda,float32,128,qwen_dynamical_edge_burn256,0be219064d7f2de285c4637dbbf99d87feb1bdfb,"[1, 128, 896]",inputs_embeds,paper_style_feedback_dynamics,Qwen/Qwen2.5-0.5B,0.006099495571106672,direct,fixed_random,-5.002861022949219,-5.021676063537598,1.0,3,128,4741.3994140625,33.089054107666016,98,final_hidden,2026-07-10T15:20:18.886132+00:00,nonpad_flattened,Qwen/Qwen2.5-0.5B,5.470618674139927,5.744769134344958
114688,128,3,256,main,wikitext,wikitext-2-raw-v1,validation,cuda,float32,128,qwen_dynamical_edge_burn256,0be219064d7f2de285c4637dbbf99d87feb1bdfb,"[1, 128, 896]",inputs_embeds,paper_style_feedback_dynamics,Qwen/Qwen2.5-0.5B,0.006271799560636282,direct,fixed_random,-4.981187343597412,-5.002861022949219,1.0,3,128,4741.1396484375,33.2468376159668,99,final_hidden,2026-07-10T15:20:18.886132+00:00,nonpad_flattened,Qwen/Qwen2.5-0.5B,5.744769134344958,6.071426802910538
114688,128,3,256,main,wikitext,wikitext-2-raw-v1,validation,cuda,float32,128,qwen_dynamical_edge_burn256,0be219064d7f2de285c4637dbbf99d87feb1bdfb,"[1, 128, 896]",inputs_embeds,paper_style_feedback_dynamics,Qwen/Qwen2.5-0.5B,0.006518149748444557,direct,fixed_random,-4.957086086273193,-4.981187343597412,1.0,3,128,4740.857421875,33.70830154418945,100,final_hidden,2026-07-10T15:20:18.886132+00:00,nonpad_flattened,Qwen/Qwen2.5-0.5B,6.071426802910538,6.43067711456506
114688,128,3,256,main,wikitext,wikitext-2-raw-v1,validation,cuda,float32,128,qwen_dynamical_edge_burn256,0be219064d7f2de285c4637dbbf99d87feb1bdfb,"[1, 128, 896]",inputs_embeds,paper_style_feedback_dynamics,Qwen/Qwen2.5-0.5B,0.006724461913108826,direct,fixed_random,-4.930583953857422,-4.957086086273193,1.0,3,128,4740.5634765625,34.38054656982422,101,final_hidden,2026-07-10T15:20:18.886132+00:00,nonpad_flattened,Qwen/Qwen2.5-0.5B,6.43067711456506,6.7859510221333545
114688,128,3,256,main,wikitext,wikitext-2-raw-v1,validation,cuda,float32,128,qwen_dynamical_edge_burn256,0be219064d7f2de285c4637dbbf99d87feb1bdfb,"[1, 128, 896]",inputs_embeds,paper_style_feedback_dynamics,Qwen/Qwen2.5-0.5B,0.00690004788339138,direct,fixed_random,-4.901340007781982,-4.930583953857422,1.0,3,128,4740.2744140625,35.061676025390625,102,final_hidden,2026-07-10T15:20:18.886132+00:00,nonpad_flattened,Qwen/Qwen2.5-0.5B,6.7859510221333545,7.10763359213186
114688,128,3,256,main,wikitext,wikitext-2-raw-v1,validation,cuda,float32,128,qwen_dynamical_edge_burn256,0be219064d7f2de285c4637dbbf99d87feb1bdfb,"[1, 128, 896]",inputs_embeds,paper_style_feedback_dynamics,Qwen/Qwen2.5-0.5B,0.007117020897567272,direct,fixed_random,-4.869100570678711,-4.901340007781982,1.0,3,128,4740.00244140625,35.57578659057617,103,final_hidden,2026-07-10T15:20:18.886132+00:00,nonpad_flattened,Qwen/Qwen2.5-0.5B,7.10763359213186,7.380665244193963
114688,128,3,256,main,wikitext,wikitext-2-raw-v1,validation,cuda,float32,128,qwen_dynamical_edge_burn256,0be219064d7f2de285c4637dbbf99d87feb1bdfb,"[1, 128, 896]",inputs_embeds,paper_style_feedback_dynamics,Qwen/Qwen2.5-0.5B,0.0072508384473621845,direct,fixed_random,-4.834175109863281,-4.869100570678711,1.0,3,128,4739.75830078125,35.878868103027344,104,final_hidden,2026-07-10T15:20:18.886132+00:00,nonpad_flattened,Qwen/Qwen2.5-0.5B,7.380665244193963,7.603115339312382
114688,128,3,256,main,wikitext,wikitext-2-raw-v1,validation,cuda,float32,128,qwen_dynamical_edge_burn256,0be219064d7f2de285c4637dbbf99d87feb1bdfb,"[1, 128, 896]",inputs_embeds,paper_style_feedback_dynamics,Qwen/Qwen2.5-0.5B,0.00735087413340807,direct,fixed_random,-4.7975873947143555,-4.834175109863281,1.0,3,128,4739.544921875,35.9808349609375,105,final_hidden,2026-07-10T15:20:18.886132+00:00,nonpad_flattened,Qwen/Qwen2.5-0.5B,7.603115339312382,7.780750927935745
114688,128,3,256,main,wikitext,wikitext-2-raw-v1,validation,cuda,float32,128,qwen_dynamical_edge_burn256,0be219064d7f2de285c4637dbbf99d87feb1bdfb,"[1, 128, 896]",inputs_embeds,paper_style_feedback_dynamics,Qwen/Qwen2.5-0.5B,0.0075085777789354324,direct,fixed_random,-4.760847091674805,-4.7975873947143555,1.0,3,128,4739.3583984375,35.90061950683594,106,final_hidden,2026-07-10T15:20:18.886132+00:00,nonpad_flattened,Qwen/Qwen2.5-0.5B,7.780750927935745,7.926778308091632
114688,128,3,256,main,wikitext,wikitext-2-raw-v1,validation,cuda,float32,128,qwen_dynamical_edge_burn256,0be219064d7f2de285c4637dbbf99d87feb1bdfb,"[1, 128, 896]",inputs_embeds,paper_style_feedback_dynamics,Qwen/Qwen2.5-0.5B,0.007671672850847244,direct,fixed_random,-4.72576904296875,-4.760847091674805,1.0,3,128,4739.18896484375,35.67335510253906,107,final_hidden,2026-07-10T15:20:18.886132+00:00,nonpad_flattened,Qwen/Qwen2.5-0.5B,7.926778308091632,8.05961774156177
114688,128,3,256,main,wikitext,wikitext-2-raw-v1,validation,cuda,float32,128,qwen_dynamical_edge_burn256,0be219064d7f2de285c4637dbbf99d87feb1bdfb,"[1, 128, 896]",inputs_embeds,paper_style_feedback_dynamics,Qwen/Qwen2.5-0.5B,0.007839937694370747,direct,fixed_random,-4.694450378417969,-4.72576904296875,1.0,3,128,4739.02294921875,35.347537994384766,108,final_hidden,2026-07-10T15:20:18.886132+00:00,nonpad_flattened,Qwen/Qwen2.5-0.5B,8.05961774156177,8.198119833319415
114688,128,3,256,main,wikitext,wikitext-2-raw-v1,validation,cuda,float32,128,qwen_dynamical_edge_burn256,0be219064d7f2de285c4637dbbf99d87feb1bdfb,"[1, 128, 896]",inputs_embeds,paper_style_feedback_dynamics,Qwen/Qwen2.5-0.5B,0.008019974455237389,direct,fixed_random,-4.66949462890625,-4.694450378417969,1.0,3,128,4738.8466796875,34.97599792480469,109,final_hidden,2026-07-10T15:20:18.886132+00:00,nonpad_flattened,Qwen/Qwen2.5-0.5B,8.198119833319415,8.359953530861878
114688,128,3,256,main,wikitext,wikitext-2-raw-v1,validation,cuda,float32,128,qwen_dynamical_edge_burn256,0be219064d7f2de285c4637dbbf99d87feb1bdfb,"[1, 128, 896]",inputs_embeds,paper_style_feedback_dynamics,Qwen/Qwen2.5-0.5B,0.008227724581956863,direct,fixed_random,-4.654153823852539,-4.66949462890625,1.0,3,128,4738.6484375,34.61923599243164,110,final_hidden,2026-07-10T15:20:18.886132+00:00,nonpad_flattened,Qwen/Qwen2.5-0.5B,8.359953530861878,8.558576019680755
114688,128,3,256,main,wikitext,wikitext-2-raw-v1,validation,cuda,float32,128,qwen_dynamical_edge_burn256,0be219064d7f2de285c4637dbbf99d87feb1bdfb,"[1, 128, 896]",inputs_embeds,paper_style_feedback_dynamics,Qwen/Qwen2.5-0.5B,0.008467123843729496,direct,fixed_random,-4.6521806716918945,-4.654153823852539,1.0,3,128,4738.42333984375,34.36383819580078,111,final_hidden,2026-07-10T15:20:18.886132+00:00,nonpad_flattened,Qwen/Qwen2.5-0.5B,8.558576019680755,8.80529141569038
114688,128,3,256,main,wikitext,wikitext-2-raw-v1,validation,cuda,float32,128,qwen_dynamical_edge_burn256,0be219064d7f2de285c4637dbbf99d87feb1bdfb,"[1, 128, 896]",inputs_embeds,paper_style_feedback_dynamics,Qwen/Qwen2.5-0.5B,0.008754379115998745,direct,fixed_random,-4.667082786560059,-4.6521806716918945,1.0,3,128,4738.17041015625,34.31385040283203,112,final_hidden,2026-07-10T15:20:18.886132+00:00,nonpad_flattened,Qwen/Qwen2.5-0.5B,8.80529141569038,9.10157798837634
114688,128,3,256,main,wikitext,wikitext-2-raw-v1,validation,cuda,float32,128,qwen_dynamical_edge_burn256,0be219064d7f2de285c4637dbbf99d87feb1bdfb,"[1, 128, 896]",inputs_embeds,paper_style_feedback_dynamics,Qwen/Qwen2.5-0.5B,0.009131498634815216,direct,fixed_random,-4.700969696044922,-4.667082786560059,1.0,3,128,4737.89453125,34.533084869384766,113,final_hidden,2026-07-10T15:20:18.886132+00:00,nonpad_flattened,Qwen/Qwen2.5-0.5B,9.10157798837634,9.43115287651669
114688,128,3,256,main,wikitext,wikitext-2-raw-v1,validation,cuda,float32,128,qwen_dynamical_edge_burn256,0be219064d7f2de285c4637dbbf99d87feb1bdfb,"[1, 128, 896]",inputs_embeds,paper_style_feedback_dynamics,Qwen/Qwen2.5-0.5B,0.009425414726138115,direct,fixed_random,-4.75343132019043,-4.700969696044922,1.0,3,128,4737.607421875,34.974998474121094,114,final_hidden,2026-07-10T15:20:18.886132+00:00,nonpad_flattened,Qwen/Qwen2.5-0.5B,9.43115287651669,9.762433200892067
114688,128,3,256,main,wikitext,wikitext-2-raw-v1,validation,cuda,float32,128,qwen_dynamical_edge_burn256,0be219064d7f2de285c4637dbbf99d87feb1bdfb,"[1, 128, 896]",inputs_embeds,paper_style_feedback_dynamics,Qwen/Qwen2.5-0.5B,0.009624356403946877,direct,fixed_random,-4.8212080001831055,-4.75343132019043,1.0,3,128,4737.32373046875,35.46833419799805,115,final_hidden,2026-07-10T15:20:18.886132+00:00,nonpad_flattened,Qwen/Qwen2.5-0.5B,9.762433200892067,10.064174317123024
114688,128,3,256,main,wikitext,wikitext-2-raw-v1,validation,cuda,float32,128,qwen_dynamical_edge_burn256,0be219064d7f2de285c4637dbbf99d87feb1bdfb,"[1, 128, 896]",inputs_embeds,paper_style_feedback_dynamics,Qwen/Qwen2.5-0.5B,0.00973339844495058,direct,fixed_random,-4.898625373840332,-4.8212080001831055,1.0,3,128,4737.05908203125,35.85502624511719,116,final_hidden,2026-07-10T15:20:18.886132+00:00,nonpad_flattened,Qwen/Qwen2.5-0.5B,10.064174317123024,10.32253652103052
114688,128,3,256,main,wikitext,wikitext-2-raw-v1,validation,cuda,float32,128,qwen_dynamical_edge_burn256,0be219064d7f2de285c4637dbbf99d87feb1bdfb,"[1, 128, 896]",inputs_embeds,paper_style_feedback_dynamics,Qwen/Qwen2.5-0.5B,0.009706873446702957,direct,fixed_random,-4.978487014770508,-4.898625373840332,1.0,3,128,4736.8232421875,36.093563079833984,117,final_hidden,2026-07-10T15:20:18.886132+00:00,nonpad_flattened,Qwen/Qwen2.5-0.5B,10.32253652103052,10.533905632408656
114688,128,3,256,main,wikitext,wikitext-2-raw-v1,validation,cuda,float32,128,qwen_dynamical_edge_burn256,0be219064d7f2de285c4637dbbf99d87feb1bdfb,"[1, 128, 896]",inputs_embeds,paper_style_feedback_dynamics,Qwen/Qwen2.5-0.5B,0.009601710364222527,direct,fixed_random,-5.053547382354736,-4.978487014770508,1.0,3,128,4736.6201171875,36.18669128417969,118,final_hidden,2026-07-10T15:20:18.886132+00:00,nonpad_flattened,Qwen/Qwen2.5-0.5B,10.533905632408656,10.701910937813812
114688,128,3,256,main,wikitext,wikitext-2-raw-v1,validation,cuda,float32,128,qwen_dynamical_edge_burn256,0be219064d7f2de285c4637dbbf99d87feb1bdfb,"[1, 128, 896]",inputs_embeds,paper_style_feedback_dynamics,Qwen/Qwen2.5-0.5B,0.009422254748642445,direct,fixed_random,-5.11806058883667,-5.053547382354736,1.0,3,128,4736.44677734375,36.1416015625,119,final_hidden,2026-07-10T15:20:18.886132+00:00,nonpad_flattened,Qwen/Qwen2.5-0.5B,10.701910937813812,10.839562407388511
114688,128,3,256,main,wikitext,wikitext-2-raw-v1,validation,cuda,float32,128,qwen_dynamical_edge_burn256,0be219064d7f2de285c4637dbbf99d87feb1bdfb,"[1, 128, 896]",inputs_embeds,paper_style_feedback_dynamics,Qwen/Qwen2.5-0.5B,0.009163233451545238,direct,fixed_random,-5.16864538192749,-5.11806058883667,1.0,3,128,4736.2919921875,35.97677230834961,120,final_hidden,2026-07-10T15:20:18.886132+00:00,nonpad_flattened,Qwen/Qwen2.5-0.5B,10.839562407388511,10.962953742117783
114688,128,3,256,main,wikitext,wikitext-2-raw-v1,validation,cuda,float32,128,qwen_dynamical_edge_burn256,0be219064d7f2de285c4637dbbf99d87feb1bdfb,"[1, 128, 896]",inputs_embeds,paper_style_feedback_dynamics,Qwen/Qwen2.5-0.5B,0.008852498605847359,direct,fixed_random,-5.204625129699707,-5.16864538192749,1.0,3,128,4736.142578125,35.722164154052734,121,final_hidden,2026-07-10T15:20:18.886132+00:00,nonpad_flattened,Qwen/Qwen2.5-0.5B,10.962953742117783,11.09089376597057
114688,128,3,256,main,wikitext,wikitext-2-raw-v1,validation,cuda,float32,128,qwen_dynamical_edge_burn256,0be219064d7f2de285c4637dbbf99d87feb1bdfb,"[1, 128, 896]",inputs_embeds,paper_style_feedback_dynamics,Qwen/Qwen2.5-0.5B,0.008462756872177124,direct,fixed_random,-5.227860450744629,-5.204625129699707,1.0,3,128,4735.9833984375,35.41550827026367,122,final_hidden,2026-07-10T15:20:18.886132+00:00,nonpad_flattened,Qwen/Qwen2.5-0.5B,11.09089376597057,11.239672676483222
114688,128,3,256,main,wikitext,wikitext-2-raw-v1,validation,cuda,float32,128,qwen_dynamical_edge_burn256,0be219064d7f2de285c4637dbbf99d87feb1bdfb,"[1, 128, 896]",inputs_embeds,paper_style_feedback_dynamics,Qwen/Qwen2.5-0.5B,0.008021690882742405,direct,fixed_random,-5.242206573486328,-5.227860450744629,1.0,3,128,4735.80322265625,35.108314514160156,123,final_hidden,2026-07-10T15:20:18.886132+00:00,nonpad_flattened,Qwen/Qwen2.5-0.5B,11.239672676483222,11.423420138788108
114688,128,3,256,main,wikitext,wikitext-2-raw-v1,validation,cuda,float32,128,qwen_dynamical_edge_burn256,0be219064d7f2de285c4637dbbf99d87feb1bdfb,"[1, 128, 896]",inputs_embeds,paper_style_feedback_dynamics,Qwen/Qwen2.5-0.5B,0.007622819393873215,direct,fixed_random,-5.252761363983154,-5.242206573486328,1.0,3,128,4735.59619140625,34.8841552734375,124,final_hidden,2026-07-10T15:20:18.886132+00:00,nonpad_flattened,Qwen/Qwen2.5-0.5B,11.423420138788108,11.653289871099648
114688,128,3,256,main,wikitext,wikitext-2-raw-v1,validation,cuda,float32,128,qwen_dynamical_edge_burn256,0be219064d7f2de285c4637dbbf99d87feb1bdfb,"[1, 128, 896]",inputs_embeds,paper_style_feedback_dynamics,Qwen/Qwen2.5-0.5B,0.007248691748827696,direct,fixed_random,-5.265007495880127,-5.252761363983154,1.0,3,128,4735.361328125,34.84556198120117,125,final_hidden,2026-07-10T15:20:18.886132+00:00,nonpad_flattened,Qwen/Qwen2.5-0.5B,11.653289871099648,11.927809389376746
114688,128,3,256,main,wikitext,wikitext-2-raw-v1,validation,cuda,float32,128,qwen_dynamical_edge_burn256,0be219064d7f2de285c4637dbbf99d87feb1bdfb,"[1, 128, 896]",inputs_embeds,paper_style_feedback_dynamics,Qwen/Qwen2.5-0.5B,0.006976742297410965,direct,fixed_random,-5.283533573150635,-5.265007495880127,1.0,3,128,4735.10546875,35.04620361328125,126,final_hidden,2026-07-10T15:20:18.886132+00:00,nonpad_flattened,Qwen/Qwen2.5-0.5B,11.927809389376746,12.227851439511841
