checkpoint,target_step,interval,selection_index,token_id,token,wikitext_train_count,center_norm,center_tail_radius_mean,center_tail_radius_max,center_tail_relative_radius_mean,cosine_neighbor_token_id,cosine_neighbor_token,cosine_neighbor_wikitext_train_count,cosine_similarity,cosine_top1_top2_margin,cosine_vocab_zscore,geometry_confidence,cosine_top5,lm_top1_token_id,lm_top1_token,lm_top1_wikitext_train_count,lm_top1_probability,lm_top1_top2_logit_margin,lm_normalized_entropy,lm_top5,cosine_neighbor_matches_lm_top1,similarity_prediction_description
step0,0,baseline,0,29104, repetitive,16,17.36798858642578,14.481203079223633,15.983498573303223,0.8337870240211487,11423,annot,0,0.2044721096754074,0.029158636927604675,4.618719770281227,moderate_separation,"[{""token_id"": 11423, ""token"": ""annot"", ""value"": 0.2044721096754074}, {""token_id"": 19592, ""token"": "" Judges"", ""value"": 0.17531347274780273}, {""token_id"": 18656, ""token"": ""Il"", ""value"": 0.1712314784526825}, {""token_id"": 41030, ""token"": "" disagreed"", ""value"": 0.16573697328567505}, {""token_id"": 23738, ""token"": "" eighth"", ""value"": 0.16471445560455322}]",47322,Bridge,0,0.00017644187028054148,0.2007906436920166,0.9890390038490295,"[{""token_id"": 47322, ""token"": ""Bridge"", ""value"": 0.00017644187028054148}, {""token_id"": 33853, ""token"": "" sucked"", ""value"": 0.00014434421609621495}, {""token_id"": 39722, ""token"": "" Constitutional"", ""value"": 0.00011580879072425887}, {""token_id"": 19005, ""token"": "" Host"", ""value"": 0.00011484117567306384}, {""token_id"": 6619, ""token"": "" relief"", ""value"": 0.00011123437434434891}]",False,geometry_only_neighbor; LM_head_predicts_token47322; LM_top1_p=0.0002
step0,0,baseline,1,10020, semi,112,17.861780166625977,13.702481269836426,20.639249801635742,0.767139732837677,5021,ella,37,0.1849784553050995,0.006502017378807068,4.1806540148055165,moderate_separation,"[{""token_id"": 5021, ""token"": ""ella"", ""value"": 0.1849784553050995}, {""token_id"": 36668, ""token"": "" stagger"", ""value"": 0.17847643792629242}, {""token_id"": 43002, ""token"": "" Programming"", ""value"": 0.16050367057323456}, {""token_id"": 11423, ""token"": ""annot"", ""value"": 0.15990465879440308}, {""token_id"": 9234, ""token"": ""++)"", ""value"": 0.15870529413223267}]",33853, sucked,5,0.00013731434592045844,0.0949486494064331,0.9885850548744202,"[{""token_id"": 33853, ""token"": "" sucked"", ""value"": 0.00013731434592045844}, {""token_id"": 47322, ""token"": ""Bridge"", ""value"": 0.00012487635831348598}, {""token_id"": 1213, ""token"": "" str"", ""value"": 0.00012362381676211953}, {""token_id"": 891, ""token"": "" i"", ""value"": 0.00011489867029013112}, {""token_id"": 43823, ""token"": "" 482"", ""value"": 0.00011111465573776513}]",False,geometry_only_neighbor; LM_head_predicts_token33853; LM_top1_p=0.0001
step0,0,baseline,2,1941, evidence,284,20.628053665161133,9.21299934387207,11.696344375610352,0.446624755859375,43369, verbs,2,0.1815144270658493,0.004175916314125061,4.121679164812042,low_separation,"[{""token_id"": 43369, ""token"": "" verbs"", ""value"": 0.1815144270658493}, {""token_id"": 39509, ""token"": "" Abdul"", ""value"": 0.17733851075172424}, {""token_id"": 22180, ""token"": ""_{{{\\"", ""value"": 0.16826272010803223}, {""token_id"": 41440, ""token"": ""uw"", ""value"": 0.161790132522583}, {""token_id"": 15685, ""token"": "" incubation"", ""value"": 0.16164468228816986}]",16144, syntax,1,0.00017974908405449241,0.010164260864257812,0.984768271446228,"[{""token_id"": 16144, ""token"": "" syntax"", ""value"": 0.00017974908405449241}, {""token_id"": 24483, ""token"": ""usage"", ""value"": 0.00017793133156374097}, {""token_id"": 28726, ""token"": "" dummy"", ""value"": 0.0001637615350773558}, {""token_id"": 669, ""token"": "" $\\"", ""value"": 0.00016338184650521725}, {""token_id"": 43910, ""token"": ""versed"", ""value"": 0.00015985610662028193}]",False,geometry_only_neighbor; LM_head_predicts_token16144; LM_top1_p=0.0002
step0,0,baseline,3,38730, orientations,4,21.398475646972656,7.277767181396484,8.791528701782227,0.3401068150997162,41440,uw,7,0.1869918406009674,0.0023492276668548584,4.248825989798178,low_separation,"[{""token_id"": 41440, ""token"": ""uw"", ""value"": 0.1869918406009674}, {""token_id"": 22180, ""token"": ""_{{{\\"", ""value"": 0.18464261293411255}, {""token_id"": 43369, ""token"": "" verbs"", ""value"": 0.17137983441352844}, {""token_id"": 25236, ""token"": "" Muh"", ""value"": 0.16505375504493713}, {""token_id"": 47095, ""token"": "" SYSTEM"", ""value"": 0.1639556884765625}]",16144, syntax,1,0.00030397946829907596,0.3370473384857178,0.9835429191589355,"[{""token_id"": 16144, ""token"": "" syntax"", ""value"": 0.00030397946829907596}, {""token_id"": 14383, ""token"": "" Gil"", ""value"": 0.00021700336947105825}, {""token_id"": 24638, ""token"": ""^*\\"", ""value"": 0.0001999642699956894}, {""token_id"": 24483, ""token"": ""usage"", ""value"": 0.00019720886484719813}, {""token_id"": 12145, ""token"": "" boss"", ""value"": 0.0001840295735746622}]",False,geometry_only_neighbor; LM_head_predicts_token16144; LM_top1_p=0.0003
step0,0,baseline,4,21853, workplace,10,17.707592010498047,13.577340126037598,21.439096450805664,0.7667524814605713,39509, Abdul,6,0.1795586794614792,0.006564125418663025,4.073649431777179,moderate_separation,"[{""token_id"": 39509, ""token"": "" Abdul"", ""value"": 0.1795586794614792}, {""token_id"": 22180, ""token"": ""_{{{\\"", ""value"": 0.17299455404281616}, {""token_id"": 38902, ""token"": ""gid"", ""value"": 0.1689322292804718}, {""token_id"": 29994, ""token"": "" multiplicity"", ""value"": 0.16868707537651062}, {""token_id"": 41440, ""token"": ""uw"", ""value"": 0.1674216240644455}]",43910,versed,1,0.00016796315321698785,0.05542254447937012,0.9887377023696899,"[{""token_id"": 43910, ""token"": ""versed"", ""value"": 0.00016796315321698785}, {""token_id"": 16144, ""token"": "" syntax"", ""value"": 0.00015890748181845993}, {""token_id"": 24638, ""token"": ""^*\\"", ""value"": 0.00015624568914063275}, {""token_id"": 5911, ""token"": ""elled"", ""value"": 0.00013833098637405783}, {""token_id"": 36512, ""token"": ""(?:"", ""value"": 0.00012328026059549302}]",False,geometry_only_neighbor; LM_head_predicts_token43910; LM_top1_p=0.0002
step0,0,baseline,5,5631, Govern,13,21.89886474609375,5.360688209533691,10.976760864257812,0.24479296803474426,22180,_{{{\,0,0.20519843697547913,0.03295983374118805,4.655547451456929,moderate_separation,"[{""token_id"": 22180, ""token"": ""_{{{\\"", ""value"": 0.20519843697547913}, {""token_id"": 34769, ""token"": ""692"", ""value"": 0.17223860323429108}, {""token_id"": 35487, ""token"": ""\\]\\]."", ""value"": 0.1678520143032074}, {""token_id"": 38902, ""token"": ""gid"", ""value"": 0.16707906126976013}, {""token_id"": 29994, ""token"": "" multiplicity"", ""value"": 0.16672846674919128}]",14383, Gil,39,0.00023419203353114426,0.03328585624694824,0.9827000498771667,"[{""token_id"": 14383, ""token"": "" Gil"", ""value"": 0.00023419203353114426}, {""token_id"": 16144, ""token"": "" syntax"", ""value"": 0.00022652508050668985}, {""token_id"": 36512, ""token"": ""(?:"", ""value"": 0.00020426105766091496}, {""token_id"": 14297, ""token"": "" Agreement"", ""value"": 0.00017266896611545235}, {""token_id"": 38530, ""token"": "" compose"", ""value"": 0.000169777064002119}]",False,geometry_only_neighbor; LM_head_predicts_token14383; LM_top1_p=0.0002
step0,0,baseline,6,30736,corn,3,21.316896438598633,7.3438873291015625,12.118620872497559,0.34451016783714294,22180,_{{{\,0,0.2129533439874649,0.035621270537376404,4.828379832898129,moderate_separation,"[{""token_id"": 22180, ""token"": ""_{{{\\"", ""value"": 0.2129533439874649}, {""token_id"": 38902, ""token"": ""gid"", ""value"": 0.1773320734500885}, {""token_id"": 34769, ""token"": ""692"", ""value"": 0.1750028431415558}, {""token_id"": 29994, ""token"": "" multiplicity"", ""value"": 0.1720212697982788}, {""token_id"": 35487, ""token"": ""\\]\\]."", ""value"": 0.16534245014190674}]",14383, Gil,39,0.000224911593249999,0.07057881355285645,0.9835767149925232,"[{""token_id"": 14383, ""token"": "" Gil"", ""value"": 0.000224911593249999}, {""token_id"": 36512, ""token"": ""(?:"", ""value"": 0.00020958483219146729}, {""token_id"": 16144, ""token"": "" syntax"", ""value"": 0.00019739789422601461}, {""token_id"": 43910, ""token"": ""versed"", ""value"": 0.00018510183144826442}, {""token_id"": 14297, ""token"": "" Agreement"", ""value"": 0.00017161760479211807}]",False,geometry_only_neighbor; LM_head_predicts_token14383; LM_top1_p=0.0002
step0,0,baseline,7,1338,lement,18,14.811422348022461,16.974300384521484,20.749942779541016,1.146027684211731,14274,不,0,0.19686195254325867,0.010656952857971191,4.459341807809092,moderate_separation,"[{""token_id"": 14274, ""token"": ""不"", ""value"": 0.19686195254325867}, {""token_id"": 10532, ""token"": "" revolution"", ""value"": 0.18620499968528748}, {""token_id"": 23710, ""token"": ""LES"", ""value"": 0.17996010184288025}, {""token_id"": 23930, ""token"": "" autophagy"", ""value"": 0.1765347123146057}, {""token_id"": 31479, ""token"": "" Liz"", ""value"": 0.175542950630188}]",48362,ateness,1,0.00010160157398786396,0.07140827178955078,0.992111325263977,"[{""token_id"": 48362, ""token"": ""ateness"", ""value"": 0.00010160157398786396}, {""token_id"": 49240, ""token"": "" bipartite"", ""value"": 9.459935972699896e-05}, {""token_id"": 11369, ""token"": "" engineering"", ""value"": 9.184492228087038e-05}, {""token_id"": 43619, ""token"": ""Civil"", ""value"": 8.66405462147668e-05}, {""token_id"": 17962, ""token"": ""166"", ""value"": 8.45185131765902e-05}]",False,geometry_only_neighbor; LM_head_predicts_token48362; LM_top1_p=0.0001
step1000,1000,endpoint,0,29104, repetitive,16,26.974143981933594,10.060105323791504,13.026792526245117,0.3729536533355713,44489, Naples,12,0.19005221128463745,3.9190053939819336e-05,4.179402893351766,low_separation,"[{""token_id"": 44489, ""token"": "" Naples"", ""value"": 0.19005221128463745}, {""token_id"": 32973, ""token"": "" scaffold"", ""value"": 0.19001302123069763}, {""token_id"": 25554, ""token"": ""ocarcinoma"", ""value"": 0.18478846549987793}, {""token_id"": 19544, ""token"": "" Cohen"", ""value"": 0.18055948615074158}, {""token_id"": 49732, ""token"": "" collaborators"", ""value"": 0.17758136987686157}]",15,.,8666,0.12131089717149734,0.5798778533935547,0.6419277787208557,"[{""token_id"": 15, ""token"": ""."", ""value"": 0.12131089717149734}, {""token_id"": 27, ""token"": "":"", ""value"": 0.06793007254600525}, {""token_id"": 16, ""token"": ""/"", ""value"": 0.03665478900074959}, {""token_id"": 313, ""token"": "" ("", ""value"": 0.017783664166927338}, {""token_id"": 14, ""token"": ""-"", ""value"": 0.014448010362684727}]",False,geometry_only_neighbor; LM_head_predicts_token15; LM_top1_p=0.1213
step1000,1000,endpoint,1,10020, semi,112,23.59478187561035,16.294700622558594,22.35791778564453,0.6906061172485352,28805, Rav,30,0.20263773202896118,0.026113539934158325,4.536670037654149,moderate_separation,"[{""token_id"": 28805, ""token"": "" Rav"", ""value"": 0.20263773202896118}, {""token_id"": 48185, ""token"": "" Α"", ""value"": 0.17652419209480286}, {""token_id"": 16987, ""token"": "" 05"", ""value"": 0.1714143306016922}, {""token_id"": 42636, ""token"": ""Hb"", ""value"": 0.16654595732688904}, {""token_id"": 32973, ""token"": "" scaffold"", ""value"": 0.1656332015991211}]",15,.,8666,0.09430554509162903,0.2697010040283203,0.6884717345237732,"[{""token_id"": 15, ""token"": ""."", ""value"": 0.09430554509162903}, {""token_id"": 27, ""token"": "":"", ""value"": 0.07201244682073593}, {""token_id"": 13, ""token"": "","", ""value"": 0.01971745304763317}, {""token_id"": 313, ""token"": "" ("", ""value"": 0.014889617450535297}, {""token_id"": 187, ""token"": ""\n"", ""value"": 0.013730408623814583}]",False,geometry_only_neighbor; LM_head_predicts_token15; LM_top1_p=0.0943
step1000,1000,endpoint,2,1941, evidence,284,25.85003662109375,12.09837532043457,19.357688903808594,0.46802160143852234,42636,Hb,0,0.19022861123085022,0.011275097727775574,4.196954113099275,moderate_separation,"[{""token_id"": 42636, ""token"": ""Hb"", ""value"": 0.19022861123085022}, {""token_id"": 44489, ""token"": "" Naples"", ""value"": 0.17895351350307465}, {""token_id"": 16987, ""token"": "" 05"", ""value"": 0.17572909593582153}, {""token_id"": 25028, ""token"": ""ernate"", ""value"": 0.17080065608024597}, {""token_id"": 31202, ""token"": ""0017"", ""value"": 0.1625405251979828}]",15,.,8666,0.09909778833389282,0.6338019371032715,0.6973770260810852,"[{""token_id"": 15, ""token"": ""."", ""value"": 0.09909778833389282}, {""token_id"": 27, ""token"": "":"", ""value"": 0.0525783933699131}, {""token_id"": 16, ""token"": ""/"", ""value"": 0.01704275794327259}, {""token_id"": 14, ""token"": ""-"", ""value"": 0.0136539526283741}, {""token_id"": 51, ""token"": ""R"", ""value"": 0.01359835360199213}]",False,geometry_only_neighbor; LM_head_predicts_token15; LM_top1_p=0.0991
step1000,1000,endpoint,3,38730, orientations,4,24.599746704101562,14.84994125366211,21.104360580444336,0.603662371635437,32973, scaffold,2,0.19814586639404297,0.01094520092010498,4.377093732415178,moderate_separation,"[{""token_id"": 32973, ""token"": "" scaffold"", ""value"": 0.19814586639404297}, {""token_id"": 25554, ""token"": ""ocarcinoma"", ""value"": 0.187200665473938}, {""token_id"": 44489, ""token"": "" Naples"", ""value"": 0.18586409091949463}, {""token_id"": 42636, ""token"": ""Hb"", ""value"": 0.1823590248823166}, {""token_id"": 19544, ""token"": "" Cohen"", ""value"": 0.18160736560821533}]",15,.,8666,0.1188574805855751,0.6820068359375,0.6614700555801392,"[{""token_id"": 15, ""token"": ""."", ""value"": 0.1188574805855751}, {""token_id"": 27, ""token"": "":"", ""value"": 0.06009449437260628}, {""token_id"": 16, ""token"": ""/"", ""value"": 0.028012005612254143}, {""token_id"": 313, ""token"": "" ("", ""value"": 0.018351204693317413}, {""token_id"": 14, ""token"": ""-"", ""value"": 0.01573757641017437}]",False,geometry_only_neighbor; LM_head_predicts_token15; LM_top1_p=0.1189
step1000,1000,endpoint,4,21853, workplace,10,26.294513702392578,11.433788299560547,17.47330665588379,0.4348355233669281,28805, Rav,30,0.20050875842571259,0.017133384943008423,4.4748657512209,moderate_separation,"[{""token_id"": 28805, ""token"": "" Rav"", ""value"": 0.20050875842571259}, {""token_id"": 48185, ""token"": "" Α"", ""value"": 0.18337537348270416}, {""token_id"": 42636, ""token"": ""Hb"", ""value"": 0.17486979067325592}, {""token_id"": 16987, ""token"": "" 05"", ""value"": 0.17122451961040497}, {""token_id"": 48412, ""token"": ""ipers"", ""value"": 0.17063690721988678}]",15,.,8666,0.089487724006176,0.03234577178955078,0.6780588626861572,"[{""token_id"": 15, ""token"": ""."", ""value"": 0.089487724006176}, {""token_id"": 27, ""token"": "":"", ""value"": 0.08663948625326157}, {""token_id"": 16, ""token"": ""/"", ""value"": 0.016132358461618423}, {""token_id"": 313, ""token"": "" ("", ""value"": 0.014550440944731236}, {""token_id"": 13, ""token"": "","", ""value"": 0.013486893847584724}]",False,geometry_only_neighbor; LM_head_predicts_token15; LM_top1_p=0.0895
step1000,1000,endpoint,5,5631, Govern,13,23.572973251342773,16.395633697509766,20.957504272460938,0.6955267786979675,28805, Rav,30,0.19038262963294983,0.0006405115127563477,4.234423317413101,low_separation,"[{""token_id"": 28805, ""token"": "" Rav"", ""value"": 0.19038262963294983}, {""token_id"": 32973, ""token"": "" scaffold"", ""value"": 0.18974211812019348}, {""token_id"": 42636, ""token"": ""Hb"", ""value"": 0.17492154240608215}, {""token_id"": 44489, ""token"": "" Naples"", ""value"": 0.17257580161094666}, {""token_id"": 25554, ""token"": ""ocarcinoma"", ""value"": 0.17062291502952576}]",15,.,8666,0.1078571304678917,0.43883705139160156,0.676613450050354,"[{""token_id"": 15, ""token"": ""."", ""value"": 0.1078571304678917}, {""token_id"": 27, ""token"": "":"", ""value"": 0.06954475492238998}, {""token_id"": 16, ""token"": ""/"", ""value"": 0.01894466020166874}, {""token_id"": 13, ""token"": "","", ""value"": 0.017363833263516426}, {""token_id"": 313, ""token"": "" ("", ""value"": 0.01706576719880104}]",False,geometry_only_neighbor; LM_head_predicts_token15; LM_top1_p=0.1079
step1000,1000,endpoint,6,30736,corn,3,27.706707000732422,7.521849155426025,14.379403114318848,0.27148115634918213,28805, Rav,30,0.18679127097129822,1.633167266845703e-05,4.166371631287106,low_separation,"[{""token_id"": 28805, ""token"": "" Rav"", ""value"": 0.18679127097129822}, {""token_id"": 48185, ""token"": "" Α"", ""value"": 0.18677493929862976}, {""token_id"": 16987, ""token"": "" 05"", ""value"": 0.18601565062999725}, {""token_id"": 42636, ""token"": ""Hb"", ""value"": 0.17961403727531433}, {""token_id"": 48412, ""token"": ""ipers"", ""value"": 0.178708016872406}]",27,:,0,0.08264708518981934,0.028486251831054688,0.6889222860336304,"[{""token_id"": 27, ""token"": "":"", ""value"": 0.08264708518981934}, {""token_id"": 15, ""token"": ""."", ""value"": 0.08032599091529846}, {""token_id"": 16, ""token"": ""/"", ""value"": 0.014653751626610756}, {""token_id"": 14, ""token"": ""-"", ""value"": 0.011014620773494244}, {""token_id"": 313, ""token"": "" ("", ""value"": 0.010526655241847038}]",False,geometry_only_neighbor; LM_head_predicts_token27; LM_top1_p=0.0826
step1000,1000,endpoint,7,1338,lement,18,26.735118865966797,10.458736419677734,15.556838989257812,0.39119842648506165,28805, Rav,30,0.1937311291694641,0.016963481903076172,4.3071431408246745,moderate_separation,"[{""token_id"": 28805, ""token"": "" Rav"", ""value"": 0.1937311291694641}, {""token_id"": 48185, ""token"": "" Α"", ""value"": 0.17676764726638794}, {""token_id"": 42636, ""token"": ""Hb"", ""value"": 0.17631545662879944}, {""token_id"": 47000, ""token"": "" ENG"", ""value"": 0.17238102853298187}, {""token_id"": 25554, ""token"": ""ocarcinoma"", ""value"": 0.1722794473171234}]",15,.,8666,0.09381035715341568,0.08261775970458984,0.6701052188873291,"[{""token_id"": 15, ""token"": ""."", ""value"": 0.09381035715341568}, {""token_id"": 27, ""token"": "":"", ""value"": 0.08637148141860962}, {""token_id"": 16, ""token"": ""/"", ""value"": 0.020291337743401527}, {""token_id"": 313, ""token"": "" ("", ""value"": 0.015803663060069084}, {""token_id"": 13, ""token"": "","", ""value"": 0.012314979918301105}]",False,geometry_only_neighbor; LM_head_predicts_token15; LM_top1_p=0.0938
step5000,4750,1000_16000_interp1,0,29104, repetitive,16,37.11861038208008,5.446048736572266,7.910258769989014,0.14672017097473145,37906,GAA,0,0.21240931749343872,0.018814504146575928,4.667293477428505,moderate_separation,"[{""token_id"": 37906, ""token"": ""GAA"", ""value"": 0.21240931749343872}, {""token_id"": 31275, ""token"": ""GTT"", ""value"": 0.1935948133468628}, {""token_id"": 8751, ""token"": ""sensors"", ""value"": 0.18593226373195648}, {""token_id"": 38231, ""token"": ""GAC"", ""value"": 0.1784970462322235}, {""token_id"": 32649, ""token"": ""hospital"", ""value"": 0.17322659492492676}]",187,"
",1,0.08458570390939713,0.1967926025390625,0.5825195908546448,"[{""token_id"": 187, ""token"": ""\n"", ""value"": 0.08458570390939713}, {""token_id"": 15, ""token"": ""."", ""value"": 0.06947539746761322}, {""token_id"": 13, ""token"": "","", ""value"": 0.041274528950452805}, {""token_id"": 281, ""token"": "" to"", ""value"": 0.03830713778734207}, {""token_id"": 209, ""token"": "" "", ""value"": 0.034880127757787704}]",False,geometry_only_neighbor; LM_head_predicts_token187; LM_top1_p=0.0846
step5000,4750,1000_16000_interp1,1,10020, semi,112,37.38439178466797,1.2442251443862915,1.8989232778549194,0.03328194096684456,37906,GAA,0,0.21183127164840698,0.022561654448509216,4.666741559862859,moderate_separation,"[{""token_id"": 37906, ""token"": ""GAA"", ""value"": 0.21183127164840698}, {""token_id"": 31275, ""token"": ""GTT"", ""value"": 0.18926961719989777}, {""token_id"": 8751, ""token"": ""sensors"", ""value"": 0.183449387550354}, {""token_id"": 38231, ""token"": ""GAC"", ""value"": 0.1783907115459442}, {""token_id"": 32649, ""token"": ""hospital"", ""value"": 0.17064210772514343}]",187,"
",1,0.08592569828033447,0.0721731185913086,0.5803093314170837,"[{""token_id"": 187, ""token"": ""\n"", ""value"": 0.08592569828033447}, {""token_id"": 15, ""token"": ""."", ""value"": 0.07994267344474792}, {""token_id"": 13, ""token"": "","", ""value"": 0.0415780246257782}, {""token_id"": 1794, ""token"": "" bi"", ""value"": 0.036883510649204254}, {""token_id"": 281, ""token"": "" to"", ""value"": 0.0348808616399765}]",False,geometry_only_neighbor; LM_head_predicts_token187; LM_top1_p=0.0859
step5000,4750,1000_16000_interp1,2,1941, evidence,284,37.1639404296875,4.695279598236084,5.9555768966674805,0.12633965909481049,37906,GAA,0,0.20942509174346924,0.021389782428741455,4.609617207811349,moderate_separation,"[{""token_id"": 37906, ""token"": ""GAA"", ""value"": 0.20942509174346924}, {""token_id"": 31275, ""token"": ""GTT"", ""value"": 0.18803530931472778}, {""token_id"": 8751, ""token"": ""sensors"", ""value"": 0.18331578373908997}, {""token_id"": 38231, ""token"": ""GAC"", ""value"": 0.17732000350952148}, {""token_id"": 32649, ""token"": ""hospital"", ""value"": 0.17210111021995544}]",187,"
",1,0.08222032338380814,0.07573604583740234,0.5850183367729187,"[{""token_id"": 187, ""token"": ""\n"", ""value"": 0.08222032338380814}, {""token_id"": 15, ""token"": ""."", ""value"": 0.07622324675321579}, {""token_id"": 13, ""token"": "","", ""value"": 0.04397567734122276}, {""token_id"": 281, ""token"": "" to"", ""value"": 0.03726606443524361}, {""token_id"": 1794, ""token"": "" bi"", ""value"": 0.03036166913807392}]",False,geometry_only_neighbor; LM_head_predicts_token187; LM_top1_p=0.0822
step5000,4750,1000_16000_interp1,3,38730, orientations,4,36.26280975341797,9.939714431762695,11.133769989013672,0.2741021513938904,37906,GAA,0,0.21185119450092316,0.024328991770744324,4.618620992735737,moderate_separation,"[{""token_id"": 37906, ""token"": ""GAA"", ""value"": 0.21185119450092316}, {""token_id"": 31275, ""token"": ""GTT"", ""value"": 0.18752220273017883}, {""token_id"": 8751, ""token"": ""sensors"", ""value"": 0.18432244658470154}, {""token_id"": 11850, ""token"": "" maintaining"", ""value"": 0.17813417315483093}, {""token_id"": 32649, ""token"": ""hospital"", ""value"": 0.17574355006217957}]",187,"
",1,0.07553528249263763,0.26363372802734375,0.590086042881012,"[{""token_id"": 187, ""token"": ""\n"", ""value"": 0.07553528249263763}, {""token_id"": 15, ""token"": ""."", ""value"": 0.05803035572171211}, {""token_id"": 281, ""token"": "" to"", ""value"": 0.04612252488732338}, {""token_id"": 13, ""token"": "","", ""value"": 0.043386440724134445}, {""token_id"": 209, ""token"": "" "", ""value"": 0.03657063841819763}]",False,geometry_only_neighbor; LM_head_predicts_token187; LM_top1_p=0.0755
step5000,4750,1000_16000_interp1,4,21853, workplace,10,36.846073150634766,7.120932102203369,9.137724876403809,0.19326162338256836,37906,GAA,0,0.2124064862728119,0.022924065589904785,4.650452428449431,moderate_separation,"[{""token_id"": 37906, ""token"": ""GAA"", ""value"": 0.2124064862728119}, {""token_id"": 31275, ""token"": ""GTT"", ""value"": 0.1894824206829071}, {""token_id"": 8751, ""token"": ""sensors"", ""value"": 0.18419967591762543}, {""token_id"": 38231, ""token"": ""GAC"", ""value"": 0.1779608130455017}, {""token_id"": 32649, ""token"": ""hospital"", ""value"": 0.17331647872924805}]",187,"
",1,0.08030977100133896,0.12886714935302734,0.5867912769317627,"[{""token_id"": 187, ""token"": ""\n"", ""value"": 0.08030977100133896}, {""token_id"": 15, ""token"": ""."", ""value"": 0.07059957087039948}, {""token_id"": 13, ""token"": "","", ""value"": 0.043432384729385376}, {""token_id"": 281, ""token"": "" to"", ""value"": 0.04278770089149475}, {""token_id"": 209, ""token"": "" "", ""value"": 0.033303163945674896}]",False,geometry_only_neighbor; LM_head_predicts_token187; LM_top1_p=0.0803
step5000,4750,1000_16000_interp1,5,5631, Govern,13,35.98522186279297,11.126678466796875,15.070308685302734,0.30920132994651794,37906,GAA,0,0.21068726480007172,0.020710095763206482,4.558261423655085,moderate_separation,"[{""token_id"": 37906, ""token"": ""GAA"", ""value"": 0.21068726480007172}, {""token_id"": 31275, ""token"": ""GTT"", ""value"": 0.18997716903686523}, {""token_id"": 8751, ""token"": ""sensors"", ""value"": 0.18427497148513794}, {""token_id"": 3072, ""token"": "" population"", ""value"": 0.18227159976959229}, {""token_id"": 11850, ""token"": "" maintaining"", ""value"": 0.1761636734008789}]",187,"
",1,0.07561584562063217,0.33121776580810547,0.5894842743873596,"[{""token_id"": 187, ""token"": ""\n"", ""value"": 0.07561584562063217}, {""token_id"": 15, ""token"": ""."", ""value"": 0.054295867681503296}, {""token_id"": 281, ""token"": "" to"", ""value"": 0.04476029798388481}, {""token_id"": 13, ""token"": "","", ""value"": 0.04297877475619316}, {""token_id"": 209, ""token"": "" "", ""value"": 0.03957493230700493}]",False,geometry_only_neighbor; LM_head_predicts_token187; LM_top1_p=0.0756
step5000,4750,1000_16000_interp1,6,30736,corn,3,37.32023239135742,2.5574471950531006,3.0639665126800537,0.06852709501981735,37906,GAA,0,0.20983770489692688,0.020993292331695557,4.625853372981454,moderate_separation,"[{""token_id"": 37906, ""token"": ""GAA"", ""value"": 0.20983770489692688}, {""token_id"": 31275, ""token"": ""GTT"", ""value"": 0.18884441256523132}, {""token_id"": 8751, ""token"": ""sensors"", ""value"": 0.1830311119556427}, {""token_id"": 38231, ""token"": ""GAC"", ""value"": 0.17841918766498566}, {""token_id"": 32649, ""token"": ""hospital"", ""value"": 0.1702088713645935}]",187,"
",1,0.08395257592201233,0.025333404541015625,0.5820809602737427,"[{""token_id"": 187, ""token"": ""\n"", ""value"": 0.08395257592201233}, {""token_id"": 15, ""token"": ""."", ""value"": 0.081852488219738}, {""token_id"": 13, ""token"": "","", ""value"": 0.04332435131072998}, {""token_id"": 281, ""token"": "" to"", ""value"": 0.03512962907552719}, {""token_id"": 1794, ""token"": "" bi"", ""value"": 0.03319685906171799}]",False,geometry_only_neighbor; LM_head_predicts_token187; LM_top1_p=0.0840
step5000,4750,1000_16000_interp1,7,1338,lement,18,36.67802810668945,8.127116203308105,11.47099781036377,0.22157996892929077,37906,GAA,0,0.2077813446521759,0.013860002160072327,4.535902025046215,moderate_separation,"[{""token_id"": 37906, ""token"": ""GAA"", ""value"": 0.2077813446521759}, {""token_id"": 31275, ""token"": ""GTT"", ""value"": 0.19392134249210358}, {""token_id"": 8751, ""token"": ""sensors"", ""value"": 0.1851482391357422}, {""token_id"": 3072, ""token"": "" population"", ""value"": 0.1797909140586853}, {""token_id"": 38231, ""token"": ""GAC"", ""value"": 0.17694401741027832}]",187,"
",1,0.07432518899440765,0.30126380920410156,0.595596432685852,"[{""token_id"": 187, ""token"": ""\n"", ""value"": 0.07432518899440765}, {""token_id"": 15, ""token"": ""."", ""value"": 0.05499190837144852}, {""token_id"": 13, ""token"": "","", ""value"": 0.043173421174287796}, {""token_id"": 281, ""token"": "" to"", ""value"": 0.04136950150132179}, {""token_id"": 209, ""token"": "" "", ""value"": 0.03944111242890358}]",False,geometry_only_neighbor; LM_head_predicts_token187; LM_top1_p=0.0743
step9000,8500,1000_16000_interp2,0,29104, repetitive,16,38.8221435546875,0.14603465795516968,0.17677408456802368,0.0037616330664604902,14054,atom,15,0.16359734535217285,0.0004329085350036621,3.69808706751316,low_separation,"[{""token_id"": 14054, ""token"": ""atom"", ""value"": 0.16359734535217285}, {""token_id"": 21752, ""token"": ""ervation"", ""value"": 0.1631644368171692}, {""token_id"": 46474, ""token"": "" NAC"", ""value"": 0.15928803384304047}, {""token_id"": 36213, ""token"": ""因"", ""value"": 0.15885527431964874}, {""token_id"": 26003, ""token"": ""コ"", ""value"": 0.1561366319656372}]",187,"
",1,0.21949607133865356,1.7300529479980469,0.521315336227417,"[{""token_id"": 187, ""token"": ""\n"", ""value"": 0.21949607133865356}, {""token_id"": 15, ""token"": ""."", ""value"": 0.03891117125749588}, {""token_id"": 209, ""token"": "" "", ""value"": 0.03345030918717384}, {""token_id"": 424, ""token"": ""**"", ""value"": 0.03156232833862305}, {""token_id"": 61, ""token"": ""\\"", ""value"": 0.02870876155793667}]",False,geometry_only_neighbor; LM_head_predicts_token187; LM_top1_p=0.2195
step9000,8500,1000_16000_interp2,1,10020, semi,112,38.82231140136719,0.16114330291748047,0.20140156149864197,0.004150791093707085,14054,atom,15,0.16359861195087433,0.0004327744245529175,3.698116638240938,low_separation,"[{""token_id"": 14054, ""token"": ""atom"", ""value"": 0.16359861195087433}, {""token_id"": 21752, ""token"": ""ervation"", ""value"": 0.1631658375263214}, {""token_id"": 46474, ""token"": "" NAC"", ""value"": 0.15928588807582855}, {""token_id"": 36213, ""token"": ""因"", ""value"": 0.1588558852672577}, {""token_id"": 26003, ""token"": ""コ"", ""value"": 0.15613813698291779}]",187,"
",1,0.21949134767055511,1.7299537658691406,0.5213086009025574,"[{""token_id"": 187, ""token"": ""\n"", ""value"": 0.21949134767055511}, {""token_id"": 15, ""token"": ""."", ""value"": 0.03891419619321823}, {""token_id"": 209, ""token"": "" "", ""value"": 0.03345600143074989}, {""token_id"": 424, ""token"": ""**"", ""value"": 0.0315648689866066}, {""token_id"": 61, ""token"": ""\\"", ""value"": 0.02870614267885685}]",False,geometry_only_neighbor; LM_head_predicts_token187; LM_top1_p=0.2195
step9000,8500,1000_16000_interp2,2,1941, evidence,284,38.822792053222656,0.10554590821266174,0.12558992207050323,0.0027186584193259478,14054,atom,15,0.16360121965408325,0.00043147802352905273,3.6981836111582878,low_separation,"[{""token_id"": 14054, ""token"": ""atom"", ""value"": 0.16360121965408325}, {""token_id"": 21752, ""token"": ""ervation"", ""value"": 0.1631697416305542}, {""token_id"": 46474, ""token"": "" NAC"", ""value"": 0.1592826545238495}, {""token_id"": 36213, ""token"": ""因"", ""value"": 0.158853217959404}, {""token_id"": 26003, ""token"": ""コ"", ""value"": 0.15613405406475067}]",187,"
",1,0.2195022851228714,1.7300548553466797,0.5213010907173157,"[{""token_id"": 187, ""token"": ""\n"", ""value"": 0.2195022851228714}, {""token_id"": 15, ""token"": ""."", ""value"": 0.03891219571232796}, {""token_id"": 209, ""token"": "" "", ""value"": 0.033451128751039505}, {""token_id"": 424, ""token"": ""**"", ""value"": 0.03156186640262604}, {""token_id"": 61, ""token"": ""\\"", ""value"": 0.02870585024356842}]",False,geometry_only_neighbor; LM_head_predicts_token187; LM_top1_p=0.2195
step9000,8500,1000_16000_interp2,3,38730, orientations,4,38.822731018066406,0.10186099261045456,0.12479712069034576,0.002623746171593666,14054,atom,15,0.16360130906105042,0.0004310905933380127,3.698186192252323,low_separation,"[{""token_id"": 14054, ""token"": ""atom"", ""value"": 0.16360130906105042}, {""token_id"": 21752, ""token"": ""ervation"", ""value"": 0.1631702184677124}, {""token_id"": 46474, ""token"": "" NAC"", ""value"": 0.15928295254707336}, {""token_id"": 36213, ""token"": ""因"", ""value"": 0.1588505357503891}, {""token_id"": 26003, ""token"": ""コ"", ""value"": 0.15613102912902832}]",187,"
",1,0.21951256692409515,1.7301549911499023,0.5213030576705933,"[{""token_id"": 187, ""token"": ""\n"", ""value"": 0.21951256692409515}, {""token_id"": 15, ""token"": ""."", ""value"": 0.03891012445092201}, {""token_id"": 209, ""token"": "" "", ""value"": 0.03344280645251274}, {""token_id"": 424, ""token"": ""**"", ""value"": 0.03155738487839699}, {""token_id"": 61, ""token"": ""\\"", ""value"": 0.028707772493362427}]",False,geometry_only_neighbor; LM_head_predicts_token187; LM_top1_p=0.2195
step9000,8500,1000_16000_interp2,4,21853, workplace,10,38.82244110107422,0.09908740222454071,0.12062826007604599,0.0025523228105157614,14054,atom,15,0.16359850764274597,0.00043220818042755127,3.6981175649776965,low_separation,"[{""token_id"": 14054, ""token"": ""atom"", ""value"": 0.16359850764274597}, {""token_id"": 21752, ""token"": ""ervation"", ""value"": 0.16316629946231842}, {""token_id"": 46474, ""token"": "" NAC"", ""value"": 0.15928657352924347}, {""token_id"": 36213, ""token"": ""因"", ""value"": 0.15885496139526367}, {""token_id"": 26003, ""token"": ""コ"", ""value"": 0.15613511204719543}]",187,"
",1,0.2194991558790207,1.7300996780395508,0.5213121175765991,"[{""token_id"": 187, ""token"": ""\n"", ""value"": 0.2194991558790207}, {""token_id"": 15, ""token"": ""."", ""value"": 0.038909900933504105}, {""token_id"": 209, ""token"": "" "", ""value"": 0.03344963490962982}, {""token_id"": 424, ""token"": ""**"", ""value"": 0.03156186640262604}, {""token_id"": 61, ""token"": ""\\"", ""value"": 0.028708316385746002}]",False,geometry_only_neighbor; LM_head_predicts_token187; LM_top1_p=0.2195
step9000,8500,1000_16000_interp2,5,5631, Govern,13,38.82196044921875,0.17761723697185516,0.21646267175674438,0.004575174301862717,14054,atom,15,0.1635967493057251,0.0004334747791290283,3.6980698462578077,low_separation,"[{""token_id"": 14054, ""token"": ""atom"", ""value"": 0.1635967493057251}, {""token_id"": 21752, ""token"": ""ervation"", ""value"": 0.16316327452659607}, {""token_id"": 46474, ""token"": "" NAC"", ""value"": 0.15928852558135986}, {""token_id"": 36213, ""token"": ""因"", ""value"": 0.1588558852672577}, {""token_id"": 26003, ""token"": ""コ"", ""value"": 0.1561383306980133}]",187,"
",1,0.219492107629776,1.7299823760986328,0.5213159322738647,"[{""token_id"": 187, ""token"": ""\n"", ""value"": 0.219492107629776}, {""token_id"": 15, ""token"": ""."", ""value"": 0.03891321271657944}, {""token_id"": 209, ""token"": "" "", ""value"": 0.0334528312087059}, {""token_id"": 424, ""token"": ""**"", ""value"": 0.031563472002744675}, {""token_id"": 61, ""token"": ""\\"", ""value"": 0.028708187863230705}]",False,geometry_only_neighbor; LM_head_predicts_token187; LM_top1_p=0.2195
step9000,8500,1000_16000_interp2,6,30736,corn,3,38.82243728637695,0.10450892150402069,0.12931132316589355,0.002691972302272916,14054,atom,15,0.16359922289848328,0.0004316568374633789,3.698134709898461,low_separation,"[{""token_id"": 14054, ""token"": ""atom"", ""value"": 0.16359922289848328}, {""token_id"": 21752, ""token"": ""ervation"", ""value"": 0.1631675660610199}, {""token_id"": 46474, ""token"": "" NAC"", ""value"": 0.15928590297698975}, {""token_id"": 36213, ""token"": ""因"", ""value"": 0.15885162353515625}, {""token_id"": 26003, ""token"": ""コ"", ""value"": 0.1561317890882492}]",187,"
",1,0.2195100486278534,1.7301855087280273,0.5213117599487305,"[{""token_id"": 187, ""token"": ""\n"", ""value"": 0.2195100486278534}, {""token_id"": 15, ""token"": ""."", ""value"": 0.03890848904848099}, {""token_id"": 209, ""token"": "" "", ""value"": 0.03344127908349037}, {""token_id"": 424, ""token"": ""**"", ""value"": 0.03155714273452759}, {""token_id"": 61, ""token"": ""\\"", ""value"": 0.028709711506962776}]",False,geometry_only_neighbor; LM_head_predicts_token187; LM_top1_p=0.2195
step9000,8500,1000_16000_interp2,7,1338,lement,18,38.822750091552734,0.10516516864299774,0.12823957204818726,0.002708854153752327,14054,atom,15,0.16360145807266235,0.0004310905933380127,3.6981895702658187,low_separation,"[{""token_id"": 14054, ""token"": ""atom"", ""value"": 0.16360145807266235}, {""token_id"": 21752, ""token"": ""ervation"", ""value"": 0.16317036747932434}, {""token_id"": 46474, ""token"": "" NAC"", ""value"": 0.15928268432617188}, {""token_id"": 36213, ""token"": ""因"", ""value"": 0.15885061025619507}, {""token_id"": 26003, ""token"": ""コ"", ""value"": 0.15613117814064026}]",187,"
",1,0.2195117473602295,1.7301416397094727,0.5213024020195007,"[{""token_id"": 187, ""token"": ""\n"", ""value"": 0.2195117473602295}, {""token_id"": 15, ""token"": ""."", ""value"": 0.03891049697995186}, {""token_id"": 209, ""token"": "" "", ""value"": 0.03344351425766945}, {""token_id"": 424, ""token"": ""**"", ""value"": 0.03155750781297684}, {""token_id"": 61, ""token"": ""\\"", ""value"": 0.028707418590784073}]",False,geometry_only_neighbor; LM_head_predicts_token187; LM_top1_p=0.2195
step10000,10000,local_fine_scan,0,29104, repetitive,16,38.943214416503906,7.960117340087891,8.490087509155273,0.20440319180488586,21752,ervation,8,0.16881594061851501,0.0030316561460494995,3.822981941483004,low_separation,"[{""token_id"": 21752, ""token"": ""ervation"", ""value"": 0.16881594061851501}, {""token_id"": 11375, ""token"": ""holder"", ""value"": 0.16578428447246552}, {""token_id"": 26003, ""token"": ""コ"", ""value"": 0.1632680594921112}, {""token_id"": 18585, ""token"": ""loss"", ""value"": 0.15627744793891907}, {""token_id"": 1909, ""token"": ""As"", ""value"": 0.15531443059444427}]",187,"
",1,0.11916770040988922,0.7565441131591797,0.5410609245300293,"[{""token_id"": 187, ""token"": ""\n"", ""value"": 0.11916770040988922}, {""token_id"": 209, ""token"": "" "", ""value"": 0.05592366307973862}, {""token_id"": 13, ""token"": "","", ""value"": 0.0546921044588089}, {""token_id"": 15, ""token"": ""."", ""value"": 0.049776360392570496}, {""token_id"": 281, ""token"": "" to"", ""value"": 0.039636947214603424}]",False,geometry_only_neighbor; LM_head_predicts_token187; LM_top1_p=0.1192
step10000,10000,local_fine_scan,1,10020, semi,112,38.90773391723633,7.940747261047363,8.610074043273926,0.20409174263477325,21752,ervation,8,0.1695268452167511,0.004598677158355713,3.8394762953106616,low_separation,"[{""token_id"": 21752, ""token"": ""ervation"", ""value"": 0.1695268452167511}, {""token_id"": 11375, ""token"": ""holder"", ""value"": 0.16492816805839539}, {""token_id"": 26003, ""token"": ""コ"", ""value"": 0.1633322685956955}, {""token_id"": 18585, ""token"": ""loss"", ""value"": 0.15679290890693665}, {""token_id"": 1909, ""token"": ""As"", ""value"": 0.15600264072418213}]",187,"
",1,0.11806472390890121,0.7094554901123047,0.5397928357124329,"[{""token_id"": 187, ""token"": ""\n"", ""value"": 0.11806472390890121}, {""token_id"": 209, ""token"": "" "", ""value"": 0.05807744711637497}, {""token_id"": 13, ""token"": "","", ""value"": 0.055275797843933105}, {""token_id"": 15, ""token"": ""."", ""value"": 0.0510190911591053}, {""token_id"": 281, ""token"": "" to"", ""value"": 0.04007681831717491}]",False,geometry_only_neighbor; LM_head_predicts_token187; LM_top1_p=0.1181
step10000,10000,local_fine_scan,2,1941, evidence,284,38.917198181152344,7.949294090270996,8.370738983154297,0.20426172018051147,21752,ervation,8,0.1689210683107376,0.003969043493270874,3.8233174838193444,low_separation,"[{""token_id"": 21752, ""token"": ""ervation"", ""value"": 0.1689210683107376}, {""token_id"": 11375, ""token"": ""holder"", ""value"": 0.16495202481746674}, {""token_id"": 26003, ""token"": ""コ"", ""value"": 0.16351909935474396}, {""token_id"": 18585, ""token"": ""loss"", ""value"": 0.15695101022720337}, {""token_id"": 1909, ""token"": ""As"", ""value"": 0.1559852510690689}]",187,"
",1,0.12066066265106201,0.7443008422851562,0.5384234189987183,"[{""token_id"": 187, ""token"": ""\n"", ""value"": 0.12066066265106201}, {""token_id"": 209, ""token"": "" "", ""value"": 0.05732181668281555}, {""token_id"": 13, ""token"": "","", ""value"": 0.056007470935583115}, {""token_id"": 15, ""token"": ""."", ""value"": 0.05113217607140541}, {""token_id"": 281, ""token"": "" to"", ""value"": 0.04063434898853302}]",False,geometry_only_neighbor; LM_head_predicts_token187; LM_top1_p=0.1207
step10000,10000,local_fine_scan,3,38730, orientations,4,38.94241714477539,7.959987640380859,8.497893333435059,0.2044040411710739,21752,ervation,8,0.16883623600006104,0.003070056438446045,3.823517595260999,low_separation,"[{""token_id"": 21752, ""token"": ""ervation"", ""value"": 0.16883623600006104}, {""token_id"": 11375, ""token"": ""holder"", ""value"": 0.165766179561615}, {""token_id"": 26003, ""token"": ""コ"", ""value"": 0.16325519979000092}, {""token_id"": 18585, ""token"": ""loss"", ""value"": 0.15628084540367126}, {""token_id"": 1909, ""token"": ""As"", ""value"": 0.15531809628009796}]",187,"
",1,0.11911820620298386,0.7552080154418945,0.5410616397857666,"[{""token_id"": 187, ""token"": ""\n"", ""value"": 0.11911820620298386}, {""token_id"": 209, ""token"": "" "", ""value"": 0.05597517639398575}, {""token_id"": 13, ""token"": "","", ""value"": 0.054676689207553864}, {""token_id"": 15, ""token"": ""."", ""value"": 0.04980059340596199}, {""token_id"": 281, ""token"": "" to"", ""value"": 0.03962846100330353}]",False,geometry_only_neighbor; LM_head_predicts_token187; LM_top1_p=0.1191
step10000,10000,local_fine_scan,4,21853, workplace,10,38.94357681274414,7.960292339324951,8.48614501953125,0.2044057846069336,21752,ervation,8,0.1688060760498047,0.0030131489038467407,3.822721241684815,low_separation,"[{""token_id"": 21752, ""token"": ""ervation"", ""value"": 0.1688060760498047}, {""token_id"": 11375, ""token"": ""holder"", ""value"": 0.16579292714595795}, {""token_id"": 26003, ""token"": ""コ"", ""value"": 0.16327455639839172}, {""token_id"": 18585, ""token"": ""loss"", ""value"": 0.15627610683441162}, {""token_id"": 1909, ""token"": ""As"", ""value"": 0.15531280636787415}]",187,"
",1,0.11919216066598892,0.7572031021118164,0.5410601496696472,"[{""token_id"": 187, ""token"": ""\n"", ""value"": 0.11919216066598892}, {""token_id"": 209, ""token"": "" "", ""value"": 0.05589829757809639}, {""token_id"": 13, ""token"": "","", ""value"": 0.05469999089837074}, {""token_id"": 15, ""token"": ""."", ""value"": 0.04976469278335571}, {""token_id"": 281, ""token"": "" to"", ""value"": 0.03964145481586456}]",False,geometry_only_neighbor; LM_head_predicts_token187; LM_top1_p=0.1192
step10000,10000,local_fine_scan,5,5631, Govern,13,38.93852996826172,7.968716621398926,8.414554595947266,0.20464862883090973,21752,ervation,8,0.16841405630111694,0.0031425654888153076,3.811197671709409,low_separation,"[{""token_id"": 21752, ""token"": ""ervation"", ""value"": 0.16841405630111694}, {""token_id"": 11375, ""token"": ""holder"", ""value"": 0.16527149081230164}, {""token_id"": 26003, ""token"": ""コ"", ""value"": 0.1634994000196457}, {""token_id"": 18585, ""token"": ""loss"", ""value"": 0.15692706406116486}, {""token_id"": 1909, ""token"": ""As"", ""value"": 0.15569229423999786}]",187,"
",1,0.12174882739782333,0.7720708847045898,0.538422703742981,"[{""token_id"": 187, ""token"": ""\n"", ""value"": 0.12174882739782333}, {""token_id"": 209, ""token"": "" "", ""value"": 0.05625467747449875}, {""token_id"": 13, ""token"": "","", ""value"": 0.05624716728925705}, {""token_id"": 15, ""token"": ""."", ""value"": 0.05030402913689613}, {""token_id"": 281, ""token"": "" to"", ""value"": 0.04079028218984604}]",False,geometry_only_neighbor; LM_head_predicts_token187; LM_top1_p=0.1217
step10000,10000,local_fine_scan,6,30736,corn,3,38.96061706542969,7.970016956329346,8.192707061767578,0.20456598699092865,21752,ervation,8,0.1683008074760437,0.002285212278366089,3.8093293944661872,low_separation,"[{""token_id"": 21752, ""token"": ""ervation"", ""value"": 0.1683008074760437}, {""token_id"": 11375, ""token"": ""holder"", ""value"": 0.1660155951976776}, {""token_id"": 26003, ""token"": ""コ"", ""value"": 0.1635831892490387}, {""token_id"": 18585, ""token"": ""loss"", ""value"": 0.15639829635620117}, {""token_id"": 1909, ""token"": ""As"", ""value"": 0.15531101822853088}]",187,"
",1,0.12058732658624649,0.7779073715209961,0.5405343174934387,"[{""token_id"": 187, ""token"": ""\n"", ""value"": 0.12058732658624649}, {""token_id"": 13, ""token"": "","", ""value"": 0.055393751710653305}, {""token_id"": 209, ""token"": "" "", ""value"": 0.05493814870715141}, {""token_id"": 15, ""token"": ""."", ""value"": 0.049130089581012726}, {""token_id"": 281, ""token"": "" to"", ""value"": 0.04012620076537132}]",False,geometry_only_neighbor; LM_head_predicts_token187; LM_top1_p=0.1206
step10000,10000,local_fine_scan,7,1338,lement,18,38.906410217285156,7.936796188354492,8.573933601379395,0.20399713516235352,21752,ervation,8,0.16948042809963226,0.004598721861839294,3.8377725744913285,low_separation,"[{""token_id"": 21752, ""token"": ""ervation"", ""value"": 0.16948042809963226}, {""token_id"": 11375, ""token"": ""holder"", ""value"": 0.16488170623779297}, {""token_id"": 26003, ""token"": ""コ"", ""value"": 0.16342931985855103}, {""token_id"": 18585, ""token"": ""loss"", ""value"": 0.15685608983039856}, {""token_id"": 1909, ""token"": ""As"", ""value"": 0.1560816764831543}]",187,"
",1,0.11845210939645767,0.7128334045410156,0.5394608378410339,"[{""token_id"": 187, ""token"": ""\n"", ""value"": 0.11845210939645767}, {""token_id"": 209, ""token"": "" "", ""value"": 0.05807151645421982}, {""token_id"": 13, ""token"": "","", ""value"": 0.05547483637928963}, {""token_id"": 15, ""token"": ""."", ""value"": 0.051192887127399445}, {""token_id"": 281, ""token"": "" to"", ""value"": 0.040225617587566376}]",False,geometry_only_neighbor; LM_head_predicts_token187; LM_top1_p=0.1185
step13000,12250,1000_16000_interp3,0,29104, repetitive,16,41.219940185546875,1.2506430721259676e-05,1.5558922314085066e-05,3.034072904029017e-07,41741,escap,1,0.18877267837524414,0.019830524921417236,4.257681788691388,moderate_separation,"[{""token_id"": 41741, ""token"": ""escap"", ""value"": 0.18877267837524414}, {""token_id"": 5113, ""token"": "" objects"", ""value"": 0.1689421534538269}, {""token_id"": 34458, ""token"": ""540"", ""value"": 0.16790814697742462}, {""token_id"": 42429, ""token"": ""dataset"", ""value"": 0.16601841151714325}, {""token_id"": 15500, ""token"": ""¯"", ""value"": 0.16453075408935547}]",187,"
",1,0.085786372423172,0.017492294311523438,0.5448949337005615,"[{""token_id"": 187, ""token"": ""\n"", ""value"": 0.085786372423172}, {""token_id"": 13, ""token"": "","", ""value"": 0.08429881185293198}, {""token_id"": 15, ""token"": ""."", ""value"": 0.04797936603426933}, {""token_id"": 310, ""token"": "" is"", ""value"": 0.03325475752353668}, {""token_id"": 313, ""token"": "" ("", ""value"": 0.027125051245093346}]",False,geometry_only_neighbor; LM_head_predicts_token187; LM_top1_p=0.0858
step13000,12250,1000_16000_interp3,1,10020, semi,112,41.21994400024414,1.2258104106876999e-05,1.4296194422058761e-05,2.973828543417767e-07,41741,escap,1,0.18877267837524414,0.019830510020256042,4.257681778314077,moderate_separation,"[{""token_id"": 41741, ""token"": ""escap"", ""value"": 0.18877267837524414}, {""token_id"": 5113, ""token"": "" objects"", ""value"": 0.1689421683549881}, {""token_id"": 34458, ""token"": ""540"", ""value"": 0.16790814697742462}, {""token_id"": 42429, ""token"": ""dataset"", ""value"": 0.16601839661598206}, {""token_id"": 15500, ""token"": ""¯"", ""value"": 0.16453078389167786}]",187,"
",1,0.08578620105981827,0.01748943328857422,0.5448949337005615,"[{""token_id"": 187, ""token"": ""\n"", ""value"": 0.08578620105981827}, {""token_id"": 13, ""token"": "","", ""value"": 0.08429889380931854}, {""token_id"": 15, ""token"": ""."", ""value"": 0.04797936603426933}, {""token_id"": 310, ""token"": "" is"", ""value"": 0.03325475752353668}, {""token_id"": 313, ""token"": "" ("", ""value"": 0.027125049382448196}]",False,geometry_only_neighbor; LM_head_predicts_token187; LM_top1_p=0.0858
step13000,12250,1000_16000_interp3,2,1941, evidence,284,41.21994400024414,1.3096800103085116e-05,1.596898800926283e-05,3.1772970032761805e-07,41741,escap,1,0.18877267837524414,0.019830510020256042,4.257681788691388,moderate_separation,"[{""token_id"": 41741, ""token"": ""escap"", ""value"": 0.18877267837524414}, {""token_id"": 5113, ""token"": "" objects"", ""value"": 0.1689421683549881}, {""token_id"": 34458, ""token"": ""540"", ""value"": 0.16790816187858582}, {""token_id"": 42429, ""token"": ""dataset"", ""value"": 0.16601838171482086}, {""token_id"": 15500, ""token"": ""¯"", ""value"": 0.16453075408935547}]",187,"
",1,0.08578620851039886,0.017490386962890625,0.5448949337005615,"[{""token_id"": 187, ""token"": ""\n"", ""value"": 0.08578620851039886}, {""token_id"": 13, ""token"": "","", ""value"": 0.08429882675409317}, {""token_id"": 15, ""token"": ""."", ""value"": 0.04797936975955963}, {""token_id"": 310, ""token"": "" is"", ""value"": 0.03325476124882698}, {""token_id"": 313, ""token"": "" ("", ""value"": 0.027125025168061256}]",False,geometry_only_neighbor; LM_head_predicts_token187; LM_top1_p=0.0858
step13000,12250,1000_16000_interp3,3,38730, orientations,4,41.219940185546875,1.2306816643103957e-05,1.4261637261370197e-05,2.985646290198929e-07,41741,escap,1,0.18877267837524414,0.019830480217933655,4.257681435225122,moderate_separation,"[{""token_id"": 41741, ""token"": ""escap"", ""value"": 0.18877267837524414}, {""token_id"": 5113, ""token"": "" objects"", ""value"": 0.16894219815731049}, {""token_id"": 34458, ""token"": ""540"", ""value"": 0.167908176779747}, {""token_id"": 42429, ""token"": ""dataset"", ""value"": 0.16601839661598206}, {""token_id"": 15500, ""token"": ""¯"", ""value"": 0.16453078389167786}]",187,"
",1,0.08578621596097946,0.017490386962890625,0.5448949337005615,"[{""token_id"": 187, ""token"": ""\n"", ""value"": 0.08578621596097946}, {""token_id"": 13, ""token"": "","", ""value"": 0.08429883420467377}, {""token_id"": 15, ""token"": ""."", ""value"": 0.04797937348484993}, {""token_id"": 310, ""token"": "" is"", ""value"": 0.033254727721214294}, {""token_id"": 313, ""token"": "" ("", ""value"": 0.027125053107738495}]",False,geometry_only_neighbor; LM_head_predicts_token187; LM_top1_p=0.0858
step13000,12250,1000_16000_interp3,4,21853, workplace,10,41.21994400024414,1.287496525037568e-05,1.5634521332685836e-05,3.1234796438184276e-07,41741,escap,1,0.18877266347408295,0.01983046531677246,4.257681441051479,moderate_separation,"[{""token_id"": 41741, ""token"": ""escap"", ""value"": 0.18877266347408295}, {""token_id"": 5113, ""token"": "" objects"", ""value"": 0.16894219815731049}, {""token_id"": 34458, ""token"": ""540"", ""value"": 0.16790814697742462}, {""token_id"": 42429, ""token"": ""dataset"", ""value"": 0.16601838171482086}, {""token_id"": 15500, ""token"": ""¯"", ""value"": 0.16453078389167786}]",187,"
",1,0.08578619360923767,0.017490386962890625,0.5448949337005615,"[{""token_id"": 187, ""token"": ""\n"", ""value"": 0.08578619360923767}, {""token_id"": 13, ""token"": "","", ""value"": 0.08429881185293198}, {""token_id"": 15, ""token"": ""."", ""value"": 0.047979362308979034}, {""token_id"": 310, ""token"": "" is"", ""value"": 0.03325478360056877}, {""token_id"": 313, ""token"": "" ("", ""value"": 0.027125047519803047}]",False,geometry_only_neighbor; LM_head_predicts_token187; LM_top1_p=0.0858
step13000,12250,1000_16000_interp3,5,5631, Govern,13,41.21994400024414,1.333745149167953e-05,1.6002339179976843e-05,3.2356791734855506e-07,41741,escap,1,0.18877267837524414,0.019830524921417236,4.257681788691388,moderate_separation,"[{""token_id"": 41741, ""token"": ""escap"", ""value"": 0.18877267837524414}, {""token_id"": 5113, ""token"": "" objects"", ""value"": 0.1689421534538269}, {""token_id"": 34458, ""token"": ""540"", ""value"": 0.16790813207626343}, {""token_id"": 42429, ""token"": ""dataset"", ""value"": 0.16601838171482086}, {""token_id"": 15500, ""token"": ""¯"", ""value"": 0.16453078389167786}]",187,"
",1,0.08578620851039886,0.017490386962890625,0.5448949337005615,"[{""token_id"": 187, ""token"": ""\n"", ""value"": 0.08578620851039886}, {""token_id"": 13, ""token"": "","", ""value"": 0.08429882675409317}, {""token_id"": 15, ""token"": ""."", ""value"": 0.04797936975955963}, {""token_id"": 310, ""token"": "" is"", ""value"": 0.03325476124882698}, {""token_id"": 313, ""token"": "" ("", ""value"": 0.027125025168061256}]",False,geometry_only_neighbor; LM_head_predicts_token187; LM_top1_p=0.0858
step13000,12250,1000_16000_interp3,6,30736,corn,3,41.21994400024414,1.1981199349975213e-05,1.3910393136029597e-05,2.906650991008064e-07,41741,escap,1,0.18877267837524414,0.019830524921417236,4.257681778314077,moderate_separation,"[{""token_id"": 41741, ""token"": ""escap"", ""value"": 0.18877267837524414}, {""token_id"": 5113, ""token"": "" objects"", ""value"": 0.1689421534538269}, {""token_id"": 34458, ""token"": ""540"", ""value"": 0.16790814697742462}, {""token_id"": 42429, ""token"": ""dataset"", ""value"": 0.16601836681365967}, {""token_id"": 15500, ""token"": ""¯"", ""value"": 0.16453078389167786}]",187,"
",1,0.08578620105981827,0.01748943328857422,0.5448949337005615,"[{""token_id"": 187, ""token"": ""\n"", ""value"": 0.08578620105981827}, {""token_id"": 13, ""token"": "","", ""value"": 0.08429889380931854}, {""token_id"": 15, ""token"": ""."", ""value"": 0.04797936603426933}, {""token_id"": 310, ""token"": "" is"", ""value"": 0.03325475752353668}, {""token_id"": 313, ""token"": "" ("", ""value"": 0.027125049382448196}]",False,geometry_only_neighbor; LM_head_predicts_token187; LM_top1_p=0.0858
step13000,12250,1000_16000_interp3,7,1338,lement,18,41.219940185546875,1.293424611503724e-05,1.7371747162542306e-05,3.1378613130073063e-07,41741,escap,1,0.18877267837524414,0.019830524921417236,4.257681788691388,moderate_separation,"[{""token_id"": 41741, ""token"": ""escap"", ""value"": 0.18877267837524414}, {""token_id"": 5113, ""token"": "" objects"", ""value"": 0.1689421534538269}, {""token_id"": 34458, ""token"": ""540"", ""value"": 0.16790813207626343}, {""token_id"": 42429, ""token"": ""dataset"", ""value"": 0.16601838171482086}, {""token_id"": 15500, ""token"": ""¯"", ""value"": 0.16453076899051666}]",187,"
",1,0.08578634262084961,0.017490386962890625,0.5448948740959167,"[{""token_id"": 187, ""token"": ""\n"", ""value"": 0.08578634262084961}, {""token_id"": 13, ""token"": "","", ""value"": 0.08429895341396332}, {""token_id"": 15, ""token"": ""."", ""value"": 0.04797935113310814}, {""token_id"": 310, ""token"": "" is"", ""value"": 0.03325477987527847}, {""token_id"": 313, ""token"": "" ("", ""value"": 0.02712501399219036}]",False,geometry_only_neighbor; LM_head_predicts_token187; LM_top1_p=0.0858
step16000,16000,endpoint,0,29104, repetitive,16,45.0659065246582,0.00045006448635831475,0.0007816790603101254,9.986806617234834e-06,5843,م,3,0.18475978076457977,0.014458611607551575,4.272435951924104,moderate_separation,"[{""token_id"": 5843, ""token"": ""م"", ""value"": 0.18475978076457977}, {""token_id"": 2495, ""token"": "" risk"", ""value"": 0.1703011691570282}, {""token_id"": 49257, ""token"": ""прав"", ""value"": 0.16949139535427094}, {""token_id"": 3775, ""token"": ""error"", ""value"": 0.16509054601192474}, {""token_id"": 1257, ""token"": ""be"", ""value"": 0.15938055515289307}]",479, me,357,0.17187952995300293,1.1345243453979492,0.4983554780483246,"[{""token_id"": 479, ""token"": "" me"", ""value"": 0.17187952995300293}, {""token_id"": 187, ""token"": ""\n"", ""value"": 0.055272169411182404}, {""token_id"": 546, ""token"": "" en"", ""value"": 0.045649342238903046}, {""token_id"": 13, ""token"": "","", ""value"": 0.0435892790555954}, {""token_id"": 1959, ""token"": "" free"", ""value"": 0.035994868725538254}]",False,geometry_only_neighbor; LM_head_predicts_token479; LM_top1_p=0.1719
step16000,16000,endpoint,1,10020, semi,112,45.0659294128418,0.001461600884795189,0.0023216428235173225,3.243250466766767e-05,5843,م,3,0.18475963175296783,0.014459028840065002,4.272433159267963,moderate_separation,"[{""token_id"": 5843, ""token"": ""م"", ""value"": 0.18475963175296783}, {""token_id"": 2495, ""token"": "" risk"", ""value"": 0.17030060291290283}, {""token_id"": 49257, ""token"": ""прав"", ""value"": 0.1694914698600769}, {""token_id"": 3775, ""token"": ""error"", ""value"": 0.16508999466896057}, {""token_id"": 1257, ""token"": ""be"", ""value"": 0.15938040614128113}]",479, me,357,0.17187941074371338,1.1345176696777344,0.49835512042045593,"[{""token_id"": 479, ""token"": "" me"", ""value"": 0.17187941074371338}, {""token_id"": 187, ""token"": ""\n"", ""value"": 0.05527250096201897}, {""token_id"": 546, ""token"": "" en"", ""value"": 0.04564904794096947}, {""token_id"": 13, ""token"": "","", ""value"": 0.04358937218785286}, {""token_id"": 1959, ""token"": "" free"", ""value"": 0.035994842648506165}]",False,geometry_only_neighbor; LM_head_predicts_token479; LM_top1_p=0.1719
step16000,16000,endpoint,2,1941, evidence,284,45.06591033935547,0.0032365252263844013,0.004942963365465403,7.1817594289314e-05,5843,م,3,0.1847597062587738,0.014460012316703796,4.2724337216840516,moderate_separation,"[{""token_id"": 5843, ""token"": ""م"", ""value"": 0.1847597062587738}, {""token_id"": 2495, ""token"": "" risk"", ""value"": 0.17029969394207}, {""token_id"": 49257, ""token"": ""прав"", ""value"": 0.1694914698600769}, {""token_id"": 3775, ""token"": ""error"", ""value"": 0.16509070992469788}, {""token_id"": 1257, ""token"": ""be"", ""value"": 0.15938085317611694}]",479, me,357,0.1718745231628418,1.1344852447509766,0.4983573853969574,"[{""token_id"": 479, ""token"": "" me"", ""value"": 0.1718745231628418}, {""token_id"": 187, ""token"": ""\n"", ""value"": 0.05527271702885628}, {""token_id"": 546, ""token"": "" en"", ""value"": 0.04564988240599632}, {""token_id"": 13, ""token"": "","", ""value"": 0.04358883574604988}, {""token_id"": 1959, ""token"": "" free"", ""value"": 0.03599525988101959}]",False,geometry_only_neighbor; LM_head_predicts_token479; LM_top1_p=0.1719
step16000,16000,endpoint,3,38730, orientations,4,45.06592559814453,0.0010799213778227568,0.001743484754115343,2.3963146304595284e-05,5843,م,3,0.18475964665412903,0.01445859670639038,4.272433611628087,moderate_separation,"[{""token_id"": 5843, ""token"": ""م"", ""value"": 0.18475964665412903}, {""token_id"": 2495, ""token"": "" risk"", ""value"": 0.17030104994773865}, {""token_id"": 49257, ""token"": ""прав"", ""value"": 0.16949142515659332}, {""token_id"": 3775, ""token"": ""error"", ""value"": 0.16508996486663818}, {""token_id"": 1257, ""token"": ""be"", ""value"": 0.15938040614128113}]",479, me,357,0.17188070714473724,1.1345281600952148,0.4983546733856201,"[{""token_id"": 479, ""token"": "" me"", ""value"": 0.17188070714473724}, {""token_id"": 187, ""token"": ""\n"", ""value"": 0.055272337049245834}, {""token_id"": 546, ""token"": "" en"", ""value"": 0.045648738741874695}, {""token_id"": 13, ""token"": "","", ""value"": 0.043589457869529724}, {""token_id"": 1959, ""token"": "" free"", ""value"": 0.03599480912089348}]",False,geometry_only_neighbor; LM_head_predicts_token479; LM_top1_p=0.1719
step16000,16000,endpoint,4,21853, workplace,10,45.065948486328125,0.0022587315179407597,0.003503721673041582,5.012057954445481e-05,5843,م,3,0.18475958704948425,0.014459088444709778,4.2724328493317225,moderate_separation,"[{""token_id"": 5843, ""token"": ""م"", ""value"": 0.18475958704948425}, {""token_id"": 2495, ""token"": "" risk"", ""value"": 0.17030049860477448}, {""token_id"": 49257, ""token"": ""прав"", ""value"": 0.16949152946472168}, {""token_id"": 3775, ""token"": ""error"", ""value"": 0.16508948802947998}, {""token_id"": 1257, ""token"": ""be"", ""value"": 0.15938028693199158}]",479, me,357,0.17187994718551636,1.1345129013061523,0.49835458397865295,"[{""token_id"": 479, ""token"": "" me"", ""value"": 0.17187994718551636}, {""token_id"": 187, ""token"": ""\n"", ""value"": 0.05527293309569359}, {""token_id"": 546, ""token"": "" en"", ""value"": 0.045648325234651566}, {""token_id"": 13, ""token"": "","", ""value"": 0.04358963668346405}, {""token_id"": 1959, ""token"": "" free"", ""value"": 0.035994820296764374}]",False,geometry_only_neighbor; LM_head_predicts_token479; LM_top1_p=0.1719
step16000,16000,endpoint,5,5631, Govern,13,45.06594467163086,0.002265599789097905,0.0036203551571816206,5.027298902859911e-05,5843,م,3,0.18475955724716187,0.014459192752838135,4.27243184804333,moderate_separation,"[{""token_id"": 5843, ""token"": ""م"", ""value"": 0.18475955724716187}, {""token_id"": 2495, ""token"": "" risk"", ""value"": 0.17030036449432373}, {""token_id"": 49257, ""token"": ""прав"", ""value"": 0.16949154436588287}, {""token_id"": 3775, ""token"": ""error"", ""value"": 0.1650896817445755}, {""token_id"": 1257, ""token"": ""be"", ""value"": 0.15938043594360352}]",479, me,357,0.1718788892030716,1.134505271911621,0.4983549416065216,"[{""token_id"": 479, ""token"": "" me"", ""value"": 0.1718788892030716}, {""token_id"": 187, ""token"": ""\n"", ""value"": 0.055273015052080154}, {""token_id"": 546, ""token"": "" en"", ""value"": 0.0456487312912941}, {""token_id"": 13, ""token"": "","", ""value"": 0.043589528650045395}, {""token_id"": 1959, ""token"": "" free"", ""value"": 0.035994868725538254}]",False,geometry_only_neighbor; LM_head_predicts_token479; LM_top1_p=0.1719
step16000,16000,endpoint,6,30736,corn,3,45.06590270996094,0.0004461671633180231,0.0006741121178492904,9.900326404022053e-06,5843,م,3,0.18475985527038574,0.014458417892456055,4.272437729804145,moderate_separation,"[{""token_id"": 5843, ""token"": ""م"", ""value"": 0.18475985527038574}, {""token_id"": 2495, ""token"": "" risk"", ""value"": 0.1703014373779297}, {""token_id"": 49257, ""token"": ""прав"", ""value"": 0.16949129104614258}, {""token_id"": 3775, ""token"": ""error"", ""value"": 0.16509048640727997}, {""token_id"": 1257, ""token"": ""be"", ""value"": 0.15938055515289307}]",479, me,357,0.17188045382499695,1.1345348358154297,0.4983552098274231,"[{""token_id"": 479, ""token"": "" me"", ""value"": 0.17188045382499695}, {""token_id"": 187, ""token"": ""\n"", ""value"": 0.05527188256382942}, {""token_id"": 546, ""token"": "" en"", ""value"": 0.045649368315935135}, {""token_id"": 13, ""token"": "","", ""value"": 0.04358934611082077}, {""token_id"": 1959, ""token"": "" free"", ""value"": 0.03599468618631363}]",False,geometry_only_neighbor; LM_head_predicts_token479; LM_top1_p=0.1719
step16000,16000,endpoint,7,1338,lement,18,45.065914154052734,0.0006565112853422761,0.0011355796596035361,1.456780137232272e-05,5843,م,3,0.1847597360610962,0.014458715915679932,4.272435482300433,moderate_separation,"[{""token_id"": 5843, ""token"": ""م"", ""value"": 0.1847597360610962}, {""token_id"": 2495, ""token"": "" risk"", ""value"": 0.17030102014541626}, {""token_id"": 49257, ""token"": ""прав"", ""value"": 0.16949133574962616}, {""token_id"": 3775, ""token"": ""error"", ""value"": 0.1650903970003128}, {""token_id"": 1257, ""token"": ""be"", ""value"": 0.15938061475753784}]",479, me,357,0.17187902331352234,1.1345176696777344,0.49835553765296936,"[{""token_id"": 479, ""token"": "" me"", ""value"": 0.17187902331352234}, {""token_id"": 187, ""token"": ""\n"", ""value"": 0.05527237430214882}, {""token_id"": 546, ""token"": "" en"", ""value"": 0.045649293810129166}, {""token_id"": 13, ""token"": "","", ""value"": 0.04358931630849838}, {""token_id"": 1959, ""token"": "" free"", ""value"": 0.035994935780763626}]",False,geometry_only_neighbor; LM_head_predicts_token479; LM_top1_p=0.1719
step37000,37167,16000_143000_interp1,0,29104, repetitive,16,53.527645111083984,9.425873756408691,18.6248836517334,0.17609356343746185,6640, NS,54,0.18453222513198853,0.006211221218109131,4.358005205942916,moderate_separation,"[{""token_id"": 6640, ""token"": "" NS"", ""value"": 0.18453222513198853}, {""token_id"": 39851, ""token"": ""textsf"", ""value"": 0.1783210039138794}, {""token_id"": 43653, ""token"": "" taxonomic"", ""value"": 0.1707589477300644}, {""token_id"": 925, ""token"": ""fr"", ""value"": 0.16956005990505219}, {""token_id"": 7514, ""token"": "" concerned"", ""value"": 0.1623069792985916}]",60,[,0,0.09808537364006042,0.19182300567626953,0.5163867473602295,"[{""token_id"": 60, ""token"": ""["", ""value"": 0.09808537364006042}, {""token_id"": 575, ""token"": "" "", ""value"": 0.08096486330032349}, {""token_id"": 187, ""token"": ""\n"", ""value"": 0.04550822079181671}, {""token_id"": 50254, ""token"": ""                        "", ""value"": 0.03231414034962654}, {""token_id"": 15, ""token"": ""."", ""value"": 0.028974799439311028}]",False,geometry_only_neighbor; LM_head_predicts_token60; LM_top1_p=0.0981
step37000,37167,16000_143000_interp1,1,10020, semi,112,54.47003936767578,6.627396583557129,13.384942054748535,0.12167049199342728,6640, NS,54,0.1835872381925583,0.007877647876739502,4.332058562712585,moderate_separation,"[{""token_id"": 6640, ""token"": "" NS"", ""value"": 0.1835872381925583}, {""token_id"": 39851, ""token"": ""textsf"", ""value"": 0.1757095903158188}, {""token_id"": 925, ""token"": ""fr"", ""value"": 0.17206595838069916}, {""token_id"": 43653, ""token"": "" taxonomic"", ""value"": 0.1677325814962387}, {""token_id"": 7514, ""token"": "" concerned"", ""value"": 0.1614774912595749}]",60,[,0,0.09852592647075653,0.024618148803710938,0.5096813440322876,"[{""token_id"": 60, ""token"": ""["", ""value"": 0.09852592647075653}, {""token_id"": 575, ""token"": "" "", ""value"": 0.09613002091646194}, {""token_id"": 187, ""token"": ""\n"", ""value"": 0.04963662847876549}, {""token_id"": 50254, ""token"": ""                        "", ""value"": 0.029973067343235016}, {""token_id"": 15, ""token"": ""."", ""value"": 0.02430851198732853}]",False,geometry_only_neighbor; LM_head_predicts_token60; LM_top1_p=0.0985
step37000,37167,16000_143000_interp1,2,1941, evidence,284,52.9189567565918,9.56950569152832,21.795452117919922,0.18083322048187256,6640, NS,54,0.1858523190021515,0.00720861554145813,4.39022360200593,moderate_separation,"[{""token_id"": 6640, ""token"": "" NS"", ""value"": 0.1858523190021515}, {""token_id"": 39851, ""token"": ""textsf"", ""value"": 0.17864370346069336}, {""token_id"": 43653, ""token"": "" taxonomic"", ""value"": 0.17231282591819763}, {""token_id"": 925, ""token"": ""fr"", ""value"": 0.166993647813797}, {""token_id"": 28956, ""token"": ""species"", ""value"": 0.16240635514259338}]",60,[,0,0.090608149766922,0.34442138671875,0.5252838730812073,"[{""token_id"": 60, ""token"": ""["", ""value"": 0.090608149766922}, {""token_id"": 575, ""token"": "" "", ""value"": 0.06420767307281494}, {""token_id"": 187, ""token"": ""\n"", ""value"": 0.04410724341869354}, {""token_id"": 15, ""token"": ""."", ""value"": 0.03314480558037758}, {""token_id"": 50254, ""token"": ""                        "", ""value"": 0.03211040422320366}]",False,geometry_only_neighbor; LM_head_predicts_token60; LM_top1_p=0.0906
step37000,37167,16000_143000_interp1,3,38730, orientations,4,47.12384033203125,23.04531478881836,31.874814987182617,0.48903727531433105,39851,textsf,0,0.17220516502857208,0.01450224220752716,4.068830627191304,moderate_separation,"[{""token_id"": 39851, ""token"": ""textsf"", ""value"": 0.17220516502857208}, {""token_id"": 7514, ""token"": "" concerned"", ""value"": 0.15770292282104492}, {""token_id"": 6640, ""token"": "" NS"", ""value"": 0.15762367844581604}, {""token_id"": 1821, ""token"": "" men"", ""value"": 0.15745902061462402}, {""token_id"": 22305, ""token"": ""�"", ""value"": 0.1539379507303238}]",187,"
",1,0.08190318197011948,0.2814979553222656,0.5038309097290039,"[{""token_id"": 187, ""token"": ""\n"", ""value"": 0.08190318197011948}, {""token_id"": 50254, ""token"": ""                        "", ""value"": 0.06180843710899353}, {""token_id"": 15, ""token"": ""."", ""value"": 0.049236271530389786}, {""token_id"": 209, ""token"": "" "", ""value"": 0.046472322195768356}, {""token_id"": 60, ""token"": ""["", ""value"": 0.03794722631573677}]",False,geometry_only_neighbor; LM_head_predicts_token187; LM_top1_p=0.0819
step37000,37167,16000_143000_interp1,4,21853, workplace,10,48.16081619262695,20.201711654663086,30.548635482788086,0.4194636344909668,39851,textsf,0,0.1767331063747406,0.016089677810668945,4.183598027726834,moderate_separation,"[{""token_id"": 39851, ""token"": ""textsf"", ""value"": 0.1767331063747406}, {""token_id"": 6640, ""token"": "" NS"", ""value"": 0.16064342856407166}, {""token_id"": 7514, ""token"": "" concerned"", ""value"": 0.1580115258693695}, {""token_id"": 1821, ""token"": "" men"", ""value"": 0.15741339325904846}, {""token_id"": 22305, ""token"": ""�"", ""value"": 0.15069454908370972}]",187,"
",1,0.06042833998799324,0.029593467712402344,0.5143634080886841,"[{""token_id"": 187, ""token"": ""\n"", ""value"": 0.06042833998799324}, {""token_id"": 50254, ""token"": ""                        "", ""value"": 0.05866625905036926}, {""token_id"": 15, ""token"": ""."", ""value"": 0.04630432277917862}, {""token_id"": 60, ""token"": ""["", ""value"": 0.044974204152822495}, {""token_id"": 209, ""token"": "" "", ""value"": 0.03820006176829338}]",False,geometry_only_neighbor; LM_head_predicts_token187; LM_top1_p=0.0604
step37000,37167,16000_143000_interp1,5,5631, Govern,13,52.26719284057617,11.484274864196777,21.983280181884766,0.2197224348783493,6640, NS,54,0.1845814734697342,0.005040481686592102,4.363960459519424,moderate_separation,"[{""token_id"": 6640, ""token"": "" NS"", ""value"": 0.1845814734697342}, {""token_id"": 39851, ""token"": ""textsf"", ""value"": 0.1795409917831421}, {""token_id"": 43653, ""token"": "" taxonomic"", ""value"": 0.17152981460094452}, {""token_id"": 925, ""token"": ""fr"", ""value"": 0.16476809978485107}, {""token_id"": 28956, ""token"": ""species"", ""value"": 0.16167256236076355}]",60,[,0,0.0864773541688919,0.3652820587158203,0.5267297625541687,"[{""token_id"": 60, ""token"": ""["", ""value"": 0.0864773541688919}, {""token_id"": 575, ""token"": "" "", ""value"": 0.06001535803079605}, {""token_id"": 187, ""token"": ""\n"", ""value"": 0.0431450717151165}, {""token_id"": 15, ""token"": ""."", ""value"": 0.03555138409137726}, {""token_id"": 50254, ""token"": ""                        "", ""value"": 0.03531884774565697}]",False,geometry_only_neighbor; LM_head_predicts_token60; LM_top1_p=0.0865
step37000,37167,16000_143000_interp1,6,30736,corn,3,53.25516891479492,13.140616416931152,27.77489471435547,0.2467481940984726,39851,textsf,0,0.16826748847961426,0.004067406058311462,3.9658237094487068,low_separation,"[{""token_id"": 39851, ""token"": ""textsf"", ""value"": 0.16826748847961426}, {""token_id"": 6640, ""token"": "" NS"", ""value"": 0.1642000824213028}, {""token_id"": 7514, ""token"": "" concerned"", ""value"": 0.1617223024368286}, {""token_id"": 925, ""token"": ""fr"", ""value"": 0.1577988564968109}, {""token_id"": 22305, ""token"": ""�"", ""value"": 0.1531767100095749}]",575, ,0,0.1264529675245285,0.3099250793457031,0.47927042841911316,"[{""token_id"": 575, ""token"": "" "", ""value"": 0.1264529675245285}, {""token_id"": 60, ""token"": ""["", ""value"": 0.09275350719690323}, {""token_id"": 187, ""token"": ""\n"", ""value"": 0.07711198180913925}, {""token_id"": 50254, ""token"": ""                        "", ""value"": 0.03532848879694939}, {""token_id"": 209, ""token"": "" "", ""value"": 0.024744726717472076}]",False,geometry_only_neighbor; LM_head_predicts_token575; LM_top1_p=0.1265
step37000,37167,16000_143000_interp1,7,1338,lement,18,49.821189880371094,17.05866241455078,21.250762939453125,0.3423977196216583,39851,textsf,0,0.17564067244529724,0.009700775146484375,4.170403966785872,moderate_separation,"[{""token_id"": 39851, ""token"": ""textsf"", ""value"": 0.17564067244529724}, {""token_id"": 6640, ""token"": "" NS"", ""value"": 0.16593989729881287}, {""token_id"": 7514, ""token"": "" concerned"", ""value"": 0.1592271625995636}, {""token_id"": 22305, ""token"": ""�"", ""value"": 0.15160483121871948}, {""token_id"": 43653, ""token"": "" taxonomic"", ""value"": 0.15052008628845215}]",575, ,0,0.06283385306596756,0.04602622985839844,0.509983241558075,"[{""token_id"": 575, ""token"": "" "", ""value"": 0.06283385306596756}, {""token_id"": 60, ""token"": ""["", ""value"": 0.06000738963484764}, {""token_id"": 50254, ""token"": ""                        "", ""value"": 0.059814389795064926}, {""token_id"": 187, ""token"": ""\n"", ""value"": 0.051310449838638306}, {""token_id"": 15, ""token"": ""."", ""value"": 0.040099844336509705}]",False,geometry_only_neighbor; LM_head_predicts_token575; LM_top1_p=0.0628
step57000,58333,16000_143000_interp2,0,29104, repetitive,16,51.6160774230957,37.222965240478516,73.21499633789062,0.7211505770683289,13113,                                     ,0,0.17198801040649414,0.0008230507373809814,3.8540150885421562,low_separation,"[{""token_id"": 13113, ""token"": ""                                     "", ""value"": 0.17198801040649414}, {""token_id"": 12729, ""token"": ""izable"", ""value"": 0.17116495966911316}, {""token_id"": 1624, ""token"": ""ential"", ""value"": 0.16313426196575165}, {""token_id"": 47403, ""token"": ""πει"", ""value"": 0.16206084191799164}, {""token_id"": 3160, ""token"": ""reet"", ""value"": 0.16181276738643646}]",209, ,12180,0.07118111848831177,0.17495346069335938,0.552282452583313,"[{""token_id"": 209, ""token"": "" "", ""value"": 0.07118111848831177}, {""token_id"": 13, ""token"": "","", ""value"": 0.05975626781582832}, {""token_id"": 15, ""token"": ""."", ""value"": 0.04378976300358772}, {""token_id"": 187, ""token"": ""\n"", ""value"": 0.04015708342194557}, {""token_id"": 50276, ""token"": ""  "", ""value"": 0.0317901149392128}]",False,geometry_only_neighbor; LM_head_predicts_token209; LM_top1_p=0.0712
step57000,58333,16000_143000_interp2,1,10020, semi,112,52.944435119628906,35.475860595703125,70.01102447509766,0.6700583696365356,13113,                                     ,0,0.17223182320594788,0.0004703402519226074,3.8567678286777185,low_separation,"[{""token_id"": 13113, ""token"": ""                                     "", ""value"": 0.17223182320594788}, {""token_id"": 12729, ""token"": ""izable"", ""value"": 0.17176148295402527}, {""token_id"": 1624, ""token"": ""ential"", ""value"": 0.1639406681060791}, {""token_id"": 47403, ""token"": ""πει"", ""value"": 0.1635420024394989}, {""token_id"": 7078, ""token"": ""--------------------------------------------------------------------------------------------------------------------------------"", ""value"": 0.16143539547920227}]",209, ,12180,0.0734325647354126,0.2590188980102539,0.5547385811805725,"[{""token_id"": 209, ""token"": "" "", ""value"": 0.0734325647354126}, {""token_id"": 13, ""token"": "","", ""value"": 0.05667586997151375}, {""token_id"": 15, ""token"": ""."", ""value"": 0.042737726122140884}, {""token_id"": 187, ""token"": ""\n"", ""value"": 0.036352138966321945}, {""token_id"": 50276, ""token"": ""  "", ""value"": 0.031075429171323776}]",False,geometry_only_neighbor; LM_head_predicts_token209; LM_top1_p=0.0734
step57000,58333,16000_143000_interp2,2,1941, evidence,284,55.40914535522461,30.140094757080078,73.47001647949219,0.5439552068710327,12729,izable,7,0.17291632294654846,0.0048084259033203125,3.8694527014401303,low_separation,"[{""token_id"": 12729, ""token"": ""izable"", ""value"": 0.17291632294654846}, {""token_id"": 7078, ""token"": ""--------------------------------------------------------------------------------------------------------------------------------"", ""value"": 0.16810789704322815}, {""token_id"": 1624, ""token"": ""ential"", ""value"": 0.1676427721977234}, {""token_id"": 46396, ""token"": ""arek"", ""value"": 0.1660081297159195}, {""token_id"": 13113, ""token"": ""                                     "", ""value"": 0.1631820946931839}]",209, ,12180,0.06136803701519966,0.24207496643066406,0.5574471354484558,"[{""token_id"": 209, ""token"": "" "", ""value"": 0.06136803701519966}, {""token_id"": 15, ""token"": ""."", ""value"": 0.04817374050617218}, {""token_id"": 13, ""token"": "","", ""value"": 0.043789468705654144}, {""token_id"": 575, ""token"": "" "", ""value"": 0.04091900959610939}, {""token_id"": 63, ""token"": ""^"", ""value"": 0.025711487978696823}]",False,geometry_only_neighbor; LM_head_predicts_token209; LM_top1_p=0.0614
step57000,58333,16000_143000_interp2,3,38730, orientations,4,52.81616973876953,35.6526985168457,70.49699401855469,0.6750337481498718,13113,                                     ,0,0.17223647236824036,0.0005446970462799072,3.8570838428267535,low_separation,"[{""token_id"": 13113, ""token"": ""                                     "", ""value"": 0.17223647236824036}, {""token_id"": 12729, ""token"": ""izable"", ""value"": 0.17169177532196045}, {""token_id"": 1624, ""token"": ""ential"", ""value"": 0.16388477385044098}, {""token_id"": 47403, ""token"": ""πει"", ""value"": 0.1634327918291092}, {""token_id"": 7078, ""token"": ""--------------------------------------------------------------------------------------------------------------------------------"", ""value"": 0.16115199029445648}]",209, ,12180,0.07308643311262131,0.24796485900878906,0.5546151995658875,"[{""token_id"": 209, ""token"": "" "", ""value"": 0.07308643311262131}, {""token_id"": 13, ""token"": "","", ""value"": 0.05703573301434517}, {""token_id"": 15, ""token"": ""."", ""value"": 0.04281632974743843}, {""token_id"": 187, ""token"": ""\n"", ""value"": 0.036730267107486725}, {""token_id"": 50276, ""token"": ""  "", ""value"": 0.03117584064602852}]",False,geometry_only_neighbor; LM_head_predicts_token209; LM_top1_p=0.0731
step57000,58333,16000_143000_interp2,4,21853, workplace,10,55.299598693847656,30.683792114257812,72.3672866821289,0.5548646450042725,12729,izable,7,0.1733289361000061,0.005217328667640686,3.877837122639931,moderate_separation,"[{""token_id"": 12729, ""token"": ""izable"", ""value"": 0.1733289361000061}, {""token_id"": 7078, ""token"": ""--------------------------------------------------------------------------------------------------------------------------------"", ""value"": 0.16811160743236542}, {""token_id"": 1624, ""token"": ""ential"", ""value"": 0.16758248209953308}, {""token_id"": 46396, ""token"": ""arek"", ""value"": 0.16635923087596893}, {""token_id"": 13113, ""token"": ""                                     "", ""value"": 0.1645495742559433}]",209, ,12180,0.06478702276945114,0.31063079833984375,0.5579765439033508,"[{""token_id"": 209, ""token"": "" "", ""value"": 0.06478702276945114}, {""token_id"": 15, ""token"": ""."", ""value"": 0.047487884759902954}, {""token_id"": 13, ""token"": "","", ""value"": 0.04442058503627777}, {""token_id"": 575, ""token"": "" "", ""value"": 0.03945603966712952}, {""token_id"": 50276, ""token"": ""  "", ""value"": 0.02558692917227745}]",False,geometry_only_neighbor; LM_head_predicts_token209; LM_top1_p=0.0648
step57000,58333,16000_143000_interp2,5,5631, Govern,13,53.96647262573242,28.014606475830078,56.98429489135742,0.5191113352775574,29907,effects,0,0.17385683953762054,0.003291681408882141,3.895688289913804,low_separation,"[{""token_id"": 29907, ""token"": ""effects"", ""value"": 0.17385683953762054}, {""token_id"": 21390, ""token"": ""props"", ""value"": 0.1705651581287384}, {""token_id"": 9683, ""token"": ""Layout"", ""value"": 0.16996636986732483}, {""token_id"": 6178, ""token"": "" dose"", ""value"": 0.16558174788951874}, {""token_id"": 42386, ""token"": ""agogue"", ""value"": 0.16355547308921814}]",63,^,0,0.06077848747372627,0.12025642395019531,0.5401266813278198,"[{""token_id"": 63, ""token"": ""^"", ""value"": 0.06077848747372627}, {""token_id"": 424, ""token"": ""**"", ""value"": 0.0538918599486351}, {""token_id"": 575, ""token"": "" "", ""value"": 0.0523405447602272}, {""token_id"": 15, ""token"": ""."", ""value"": 0.04548409581184387}, {""token_id"": 209, ""token"": "" "", ""value"": 0.029472654685378075}]",False,geometry_only_neighbor; LM_head_predicts_token63; LM_top1_p=0.0608
step57000,58333,16000_143000_interp2,6,30736,corn,3,56.26740646362305,25.862323760986328,47.120018005371094,0.45963242650032043,29907,effects,0,0.16888752579689026,0.004610016942024231,3.787966119209194,low_separation,"[{""token_id"": 29907, ""token"": ""effects"", ""value"": 0.16888752579689026}, {""token_id"": 42951, ""token"": ""除"", ""value"": 0.16427750885486603}, {""token_id"": 21390, ""token"": ""props"", ""value"": 0.16246840357780457}, {""token_id"": 24326, ""token"": ""theme"", ""value"": 0.16031941771507263}, {""token_id"": 12729, ""token"": ""izable"", ""value"": 0.15978997945785522}]",575, ,0,0.058528054505586624,0.2078866958618164,0.5470613837242126,"[{""token_id"": 575, ""token"": "" "", ""value"": 0.058528054505586624}, {""token_id"": 15, ""token"": ""."", ""value"": 0.04754228889942169}, {""token_id"": 209, ""token"": "" "", ""value"": 0.04412619397044182}, {""token_id"": 63, ""token"": ""^"", ""value"": 0.03966321796178818}, {""token_id"": 424, ""token"": ""**"", ""value"": 0.034894779324531555}]",False,geometry_only_neighbor; LM_head_predicts_token575; LM_top1_p=0.0585
step57000,58333,16000_143000_interp2,7,1338,lement,18,55.176239013671875,31.388254165649414,70.74972534179688,0.5688726902008057,12729,izable,7,0.17368780076503754,0.005876883864402771,3.8847089477226024,moderate_separation,"[{""token_id"": 12729, ""token"": ""izable"", ""value"": 0.17368780076503754}, {""token_id"": 7078, ""token"": ""--------------------------------------------------------------------------------------------------------------------------------"", ""value"": 0.16781091690063477}, {""token_id"": 1624, ""token"": ""ential"", ""value"": 0.1671914905309677}, {""token_id"": 46396, ""token"": ""arek"", ""value"": 0.16663497686386108}, {""token_id"": 13113, ""token"": ""                                     "", ""value"": 0.1666100174188614}]",209, ,12180,0.0700799897313118,0.4210691452026367,0.5584779381752014,"[{""token_id"": 209, ""token"": "" "", ""value"": 0.0700799897313118}, {""token_id"": 15, ""token"": ""."", ""value"": 0.04599662870168686}, {""token_id"": 13, ""token"": "","", ""value"": 0.04542543366551399}, {""token_id"": 575, ""token"": "" "", ""value"": 0.0371798537671566}, {""token_id"": 50276, ""token"": ""  "", ""value"": 0.026301255449652672}]",False,geometry_only_neighbor; LM_head_predicts_token209; LM_top1_p=0.0701
step81000,79500,16000_143000_interp3,0,29104, repetitive,16,189.0098114013672,2.2640180759481154e-05,3.347962410771288e-05,1.1978309544247168e-07,43726,893,0,0.1909502148628235,0.012366101145744324,4.203628378402489,moderate_separation,"[{""token_id"": 43726, ""token"": ""893"", ""value"": 0.1909502148628235}, {""token_id"": 30269, ""token"": "" deeds"", ""value"": 0.17858411371707916}, {""token_id"": 50197, ""token"": ""istes"", ""value"": 0.17532286047935486}, {""token_id"": 25213, ""token"": "" welcomed"", ""value"": 0.17281244695186615}, {""token_id"": 35280, ""token"": ""ουν"", ""value"": 0.17093978822231293}]",7874, Four,102,0.07205338031053543,0.19916534423828125,0.5774887800216675,"[{""token_id"": 7874, ""token"": "" Four"", ""value"": 0.07205338031053543}, {""token_id"": 399, ""token"": "" D"", ""value"": 0.059041578322649}, {""token_id"": 4377, ""token"": "" King"", ""value"": 0.026426391676068306}, {""token_id"": 10601, ""token"": "" FA"", ""value"": 0.013895587995648384}, {""token_id"": 5418, ""token"": "" Black"", ""value"": 0.013590794987976551}]",False,geometry_only_neighbor; LM_head_predicts_token7874; LM_top1_p=0.0721
step81000,79500,16000_143000_interp3,1,10020, semi,112,189.0098114013672,2.3093421987141483e-05,3.3664899092400447e-05,1.22181077699679e-07,43726,893,0,0.1909501999616623,0.012366101145744324,4.203628046455339,moderate_separation,"[{""token_id"": 43726, ""token"": ""893"", ""value"": 0.1909501999616623}, {""token_id"": 30269, ""token"": "" deeds"", ""value"": 0.17858409881591797}, {""token_id"": 50197, ""token"": ""istes"", ""value"": 0.17532286047935486}, {""token_id"": 25213, ""token"": "" welcomed"", ""value"": 0.17281244695186615}, {""token_id"": 35280, ""token"": ""ουν"", ""value"": 0.17093978822231293}]",7874, Four,102,0.07205338776111603,0.19916534423828125,0.5774887204170227,"[{""token_id"": 7874, ""token"": "" Four"", ""value"": 0.07205338776111603}, {""token_id"": 399, ""token"": "" D"", ""value"": 0.0590415857732296}, {""token_id"": 4377, ""token"": "" King"", ""value"": 0.026426494121551514}, {""token_id"": 10601, ""token"": "" FA"", ""value"": 0.013895589858293533}, {""token_id"": 5418, ""token"": "" Black"", ""value"": 0.0135907968506217}]",False,geometry_only_neighbor; LM_head_predicts_token7874; LM_top1_p=0.0721
step81000,79500,16000_143000_interp3,2,1941, evidence,284,189.0098114013672,2.0911102183163166e-05,3.3326094126095995e-05,1.106350069335349e-07,43726,893,0,0.1909502148628235,0.012366101145744324,4.203628378402489,moderate_separation,"[{""token_id"": 43726, ""token"": ""893"", ""value"": 0.1909502148628235}, {""token_id"": 30269, ""token"": "" deeds"", ""value"": 0.17858411371707916}, {""token_id"": 50197, ""token"": ""istes"", ""value"": 0.17532286047935486}, {""token_id"": 25213, ""token"": "" welcomed"", ""value"": 0.17281244695186615}, {""token_id"": 35280, ""token"": ""ουν"", ""value"": 0.17093978822231293}]",7874, Four,102,0.07205340266227722,0.19916534423828125,0.5774887204170227,"[{""token_id"": 7874, ""token"": "" Four"", ""value"": 0.07205340266227722}, {""token_id"": 399, ""token"": "" D"", ""value"": 0.059041596949100494}, {""token_id"": 4377, ""token"": "" King"", ""value"": 0.026426400989294052}, {""token_id"": 10601, ""token"": "" FA"", ""value"": 0.013895592652261257}, {""token_id"": 5418, ""token"": "" Black"", ""value"": 0.013590799644589424}]",False,geometry_only_neighbor; LM_head_predicts_token7874; LM_top1_p=0.0721
step81000,79500,16000_143000_interp3,3,38730, orientations,4,189.0098114013672,2.184646473324392e-05,3.336416557431221e-05,1.1558375945242005e-07,43726,893,0,0.1909502148628235,0.012366101145744324,4.203628378402489,moderate_separation,"[{""token_id"": 43726, ""token"": ""893"", ""value"": 0.1909502148628235}, {""token_id"": 30269, ""token"": "" deeds"", ""value"": 0.17858411371707916}, {""token_id"": 50197, ""token"": ""istes"", ""value"": 0.17532286047935486}, {""token_id"": 25213, ""token"": "" welcomed"", ""value"": 0.17281244695186615}, {""token_id"": 35280, ""token"": ""ουν"", ""value"": 0.17093978822231293}]",7874, Four,102,0.07205337285995483,0.19916534423828125,0.5774887204170227,"[{""token_id"": 7874, ""token"": "" Four"", ""value"": 0.07205337285995483}, {""token_id"": 399, ""token"": "" D"", ""value"": 0.059041570872068405}, {""token_id"": 4377, ""token"": "" King"", ""value"": 0.026426389813423157}, {""token_id"": 10601, ""token"": "" FA"", ""value"": 0.01389558706432581}, {""token_id"": 5418, ""token"": "" Black"", ""value"": 0.013590794056653976}]",False,geometry_only_neighbor; LM_head_predicts_token7874; LM_top1_p=0.0721
step81000,79500,16000_143000_interp3,4,21853, workplace,10,189.0098114013672,2.189245424233377e-05,3.3328946301480755e-05,1.1582707770685374e-07,43726,893,0,0.1909502148628235,0.012366101145744324,4.203628378402489,moderate_separation,"[{""token_id"": 43726, ""token"": ""893"", ""value"": 0.1909502148628235}, {""token_id"": 30269, ""token"": "" deeds"", ""value"": 0.17858411371707916}, {""token_id"": 50197, ""token"": ""istes"", ""value"": 0.17532286047935486}, {""token_id"": 25213, ""token"": "" welcomed"", ""value"": 0.17281244695186615}, {""token_id"": 35280, ""token"": ""ουν"", ""value"": 0.17093978822231293}]",7874, Four,102,0.07205339521169662,0.19916915893554688,0.5774887800216675,"[{""token_id"": 7874, ""token"": "" Four"", ""value"": 0.07205339521169662}, {""token_id"": 399, ""token"": "" D"", ""value"": 0.05904136598110199}, {""token_id"": 4377, ""token"": "" King"", ""value"": 0.026426397264003754}, {""token_id"": 10601, ""token"": "" FA"", ""value"": 0.013895590789616108}, {""token_id"": 5418, ""token"": "" Black"", ""value"": 0.013590900227427483}]",False,geometry_only_neighbor; LM_head_predicts_token7874; LM_top1_p=0.0721
step81000,79500,16000_143000_interp3,5,5631, Govern,13,189.0098114013672,2.1224292140686885e-05,3.368538091308437e-05,1.1229201390960952e-07,43726,893,0,0.1909502148628235,0.012366101145744324,4.203628378402489,moderate_separation,"[{""token_id"": 43726, ""token"": ""893"", ""value"": 0.1909502148628235}, {""token_id"": 30269, ""token"": "" deeds"", ""value"": 0.17858411371707916}, {""token_id"": 50197, ""token"": ""istes"", ""value"": 0.17532286047935486}, {""token_id"": 25213, ""token"": "" welcomed"", ""value"": 0.17281244695186615}, {""token_id"": 35280, ""token"": ""ουν"", ""value"": 0.17093978822231293}]",7874, Four,102,0.07205314189195633,0.19916152954101562,0.5774887800216675,"[{""token_id"": 7874, ""token"": "" Four"", ""value"": 0.07205314189195633}, {""token_id"": 399, ""token"": "" D"", ""value"": 0.05904160439968109}, {""token_id"": 4377, ""token"": "" King"", ""value"": 0.0264264028519392}, {""token_id"": 10601, ""token"": "" FA"", ""value"": 0.013895595446228981}, {""token_id"": 5418, ""token"": "" Black"", ""value"": 0.013590801507234573}]",False,geometry_only_neighbor; LM_head_predicts_token7874; LM_top1_p=0.0721
step81000,79500,16000_143000_interp3,6,30736,corn,3,189.0098114013672,2.2001348042977042e-05,3.3342581446049735e-05,1.164032070732901e-07,43726,893,0,0.1909502148628235,0.012366101145744324,4.203628383589163,moderate_separation,"[{""token_id"": 43726, ""token"": ""893"", ""value"": 0.1909502148628235}, {""token_id"": 30269, ""token"": "" deeds"", ""value"": 0.17858411371707916}, {""token_id"": 50197, ""token"": ""istes"", ""value"": 0.17532286047935486}, {""token_id"": 25213, ""token"": "" welcomed"", ""value"": 0.17281244695186615}, {""token_id"": 35280, ""token"": ""ουν"", ""value"": 0.17093978822231293}]",7874, Four,102,0.07205338776111603,0.19916534423828125,0.5774887204170227,"[{""token_id"": 7874, ""token"": "" Four"", ""value"": 0.07205338776111603}, {""token_id"": 399, ""token"": "" D"", ""value"": 0.0590415857732296}, {""token_id"": 4377, ""token"": "" King"", ""value"": 0.026426395401358604}, {""token_id"": 10601, ""token"": "" FA"", ""value"": 0.013895589858293533}, {""token_id"": 5418, ""token"": "" Black"", ""value"": 0.013590848073363304}]",False,geometry_only_neighbor; LM_head_predicts_token7874; LM_top1_p=0.0721
step81000,79500,16000_143000_interp3,7,1338,lement,18,189.0098114013672,3.1083491194294766e-05,4.776216155732982e-05,1.6445437722723e-07,43726,893,0,0.1909502148628235,0.012366116046905518,4.203628378402489,moderate_separation,"[{""token_id"": 43726, ""token"": ""893"", ""value"": 0.1909502148628235}, {""token_id"": 30269, ""token"": "" deeds"", ""value"": 0.17858409881591797}, {""token_id"": 50197, ""token"": ""istes"", ""value"": 0.17532287538051605}, {""token_id"": 25213, ""token"": "" welcomed"", ""value"": 0.17281243205070496}, {""token_id"": 35280, ""token"": ""ουν"", ""value"": 0.17093978822231293}]",7874, Four,102,0.07205329090356827,0.19916534423828125,0.5774887204170227,"[{""token_id"": 7874, ""token"": "" Four"", ""value"": 0.07205329090356827}, {""token_id"": 399, ""token"": "" D"", ""value"": 0.05904150381684303}, {""token_id"": 4377, ""token"": "" King"", ""value"": 0.02642645686864853}, {""token_id"": 10601, ""token"": "" FA"", ""value"": 0.013895624317228794}, {""token_id"": 5418, ""token"": "" Black"", ""value"": 0.013590880669653416}]",False,geometry_only_neighbor; LM_head_predicts_token7874; LM_top1_p=0.0721
step101000,100667,16000_143000_interp4,0,29104, repetitive,16,278.91552734375,3.128336538793519e-05,4.272245132597163e-05,1.1216071982289577e-07,47620, evade,9,0.18763799965381622,0.00836227834224701,3.9718429059792144,moderate_separation,"[{""token_id"": 47620, ""token"": "" evade"", ""value"": 0.18763799965381622}, {""token_id"": 15455, ""token"": "" considerably"", ""value"": 0.1792757213115692}, {""token_id"": 30400, ""token"": "" priori"", ""value"": 0.17661890387535095}, {""token_id"": 13646, ""token"": ""onomy"", ""value"": 0.17652355134487152}, {""token_id"": 1047, ""token"": ""14"", ""value"": 0.1762702763080597}]",43892, Kell,7,0.02432919852435589,0.0286865234375,0.6421090960502625,"[{""token_id"": 43892, ""token"": "" Kell"", ""value"": 0.02432919852435589}, {""token_id"": 24486, ""token"": "" Qual"", ""value"": 0.0236411951482296}, {""token_id"": 4091, ""token"": ""yond"", ""value"": 0.020393669605255127}, {""token_id"": 2864, ""token"": "" decre"", ""value"": 0.019314231351017952}, {""token_id"": 3277, ""token"": "" Qu"", ""value"": 0.015412754379212856}]",False,geometry_only_neighbor; LM_head_predicts_token43892; LM_top1_p=0.0243
step101000,100667,16000_143000_interp4,1,10020, semi,112,278.91552734375,3.063662370550446e-05,3.749381357920356e-05,1.0984194176444362e-07,47620, evade,9,0.18763798475265503,0.00836227834224701,3.971842581223122,moderate_separation,"[{""token_id"": 47620, ""token"": "" evade"", ""value"": 0.18763798475265503}, {""token_id"": 15455, ""token"": "" considerably"", ""value"": 0.17927570641040802}, {""token_id"": 30400, ""token"": "" priori"", ""value"": 0.17661890387535095}, {""token_id"": 13646, ""token"": ""onomy"", ""value"": 0.17652356624603271}, {""token_id"": 1047, ""token"": ""14"", ""value"": 0.1762702912092209}]",43892, Kell,7,0.024328457191586494,0.028656005859375,0.6421089172363281,"[{""token_id"": 43892, ""token"": "" Kell"", ""value"": 0.024328457191586494}, {""token_id"": 24486, ""token"": "" Qual"", ""value"": 0.0236411951482296}, {""token_id"": 4091, ""token"": ""yond"", ""value"": 0.020393671467900276}, {""token_id"": 2864, ""token"": "" decre"", ""value"": 0.019314823672175407}, {""token_id"": 3277, ""token"": "" Qu"", ""value"": 0.015412754379212856}]",False,geometry_only_neighbor; LM_head_predicts_token43892; LM_top1_p=0.0243
step101000,100667,16000_143000_interp4,2,1941, evidence,284,278.91552734375,3.261399979237467e-05,4.2320309148635715e-05,1.1693146007019095e-07,47620, evade,9,0.18763801455497742,0.008362293243408203,3.971843230735306,moderate_separation,"[{""token_id"": 47620, ""token"": "" evade"", ""value"": 0.18763801455497742}, {""token_id"": 15455, ""token"": "" considerably"", ""value"": 0.1792757213115692}, {""token_id"": 30400, ""token"": "" priori"", ""value"": 0.17661890387535095}, {""token_id"": 13646, ""token"": ""onomy"", ""value"": 0.17652356624603271}, {""token_id"": 1047, ""token"": ""14"", ""value"": 0.17627030611038208}]",43892, Kell,7,0.02432916685938835,0.0286865234375,0.6421089768409729,"[{""token_id"": 43892, ""token"": "" Kell"", ""value"": 0.02432916685938835}, {""token_id"": 24486, ""token"": "" Qual"", ""value"": 0.023641163483262062}, {""token_id"": 4091, ""token"": ""yond"", ""value"": 0.020393021404743195}, {""token_id"": 2864, ""token"": "" decre"", ""value"": 0.019315386191010475}, {""token_id"": 3277, ""token"": "" Qu"", ""value"": 0.015412733890116215}]",False,geometry_only_neighbor; LM_head_predicts_token43892; LM_top1_p=0.0243
step101000,100667,16000_143000_interp4,3,38730, orientations,4,278.91552734375,3.0310326110338792e-05,3.7398625863716006e-05,1.0867206157172404e-07,47620, evade,9,0.18763801455497742,0.00836227834224701,3.971843230735306,moderate_separation,"[{""token_id"": 47620, ""token"": "" evade"", ""value"": 0.18763801455497742}, {""token_id"": 15455, ""token"": "" considerably"", ""value"": 0.1792757362127304}, {""token_id"": 30400, ""token"": "" priori"", ""value"": 0.17661890387535095}, {""token_id"": 13646, ""token"": ""onomy"", ""value"": 0.17652356624603271}, {""token_id"": 1047, ""token"": ""14"", ""value"": 0.1762702763080597}]",43892, Kell,7,0.024329137057065964,0.0286865234375,0.6421089768409729,"[{""token_id"": 43892, ""token"": "" Kell"", ""value"": 0.024329137057065964}, {""token_id"": 24486, ""token"": "" Qual"", ""value"": 0.023641135543584824}, {""token_id"": 4091, ""token"": ""yond"", ""value"": 0.020393619313836098}, {""token_id"": 2864, ""token"": "" decre"", ""value"": 0.019314182922244072}, {""token_id"": 3277, ""token"": "" Qu"", ""value"": 0.015412715263664722}]",False,geometry_only_neighbor; LM_head_predicts_token43892; LM_top1_p=0.0243
step101000,100667,16000_143000_interp4,4,21853, workplace,10,278.91552734375,3.4481552575016394e-05,4.37321032222826e-05,1.2362723111891682e-07,47620, evade,9,0.18763801455497742,0.008362293243408203,3.9718432205866785,moderate_separation,"[{""token_id"": 47620, ""token"": "" evade"", ""value"": 0.18763801455497742}, {""token_id"": 15455, ""token"": "" considerably"", ""value"": 0.1792757213115692}, {""token_id"": 30400, ""token"": "" priori"", ""value"": 0.17661890387535095}, {""token_id"": 13646, ""token"": ""onomy"", ""value"": 0.17652355134487152}, {""token_id"": 1047, ""token"": ""14"", ""value"": 0.1762702763080597}]",43892, Kell,7,0.024329163134098053,0.0286865234375,0.6421089768409729,"[{""token_id"": 43892, ""token"": "" Kell"", ""value"": 0.024329163134098053}, {""token_id"": 24486, ""token"": "" Qual"", ""value"": 0.023641159757971764}, {""token_id"": 4091, ""token"": ""yond"", ""value"": 0.020393017679452896}, {""token_id"": 2864, ""token"": "" decre"", ""value"": 0.019315384328365326}, {""token_id"": 3277, ""token"": "" Qu"", ""value"": 0.015412731096148491}]",False,geometry_only_neighbor; LM_head_predicts_token43892; LM_top1_p=0.0243
step101000,100667,16000_143000_interp4,5,5631, Govern,13,278.91552734375,3.493928670650348e-05,4.410324618220329e-05,1.252683432539925e-07,47620, evade,9,0.18763801455497742,0.00836227834224701,3.971843230735306,moderate_separation,"[{""token_id"": 47620, ""token"": "" evade"", ""value"": 0.18763801455497742}, {""token_id"": 15455, ""token"": "" considerably"", ""value"": 0.1792757362127304}, {""token_id"": 30400, ""token"": "" priori"", ""value"": 0.17661890387535095}, {""token_id"": 13646, ""token"": ""onomy"", ""value"": 0.17652356624603271}, {""token_id"": 1047, ""token"": ""14"", ""value"": 0.17627030611038208}]",43892, Kell,7,0.02432839758694172,0.028656005859375,0.6421091556549072,"[{""token_id"": 43892, ""token"": "" Kell"", ""value"": 0.02432839758694172}, {""token_id"": 24486, ""token"": "" Qual"", ""value"": 0.023641135543584824}, {""token_id"": 4091, ""token"": ""yond"", ""value"": 0.020393621176481247}, {""token_id"": 2864, ""token"": "" decre"", ""value"": 0.019314775243401527}, {""token_id"": 3277, ""token"": "" Qu"", ""value"": 0.015412716194987297}]",False,geometry_only_neighbor; LM_head_predicts_token43892; LM_top1_p=0.0243
step101000,100667,16000_143000_interp4,6,30736,corn,3,278.91552734375,3.471662785159424e-05,4.262273068889044e-05,1.2447004849036603e-07,47620, evade,9,0.18763801455497742,0.00836227834224701,3.971843230735306,moderate_separation,"[{""token_id"": 47620, ""token"": "" evade"", ""value"": 0.18763801455497742}, {""token_id"": 15455, ""token"": "" considerably"", ""value"": 0.1792757362127304}, {""token_id"": 30400, ""token"": "" priori"", ""value"": 0.17661890387535095}, {""token_id"": 13646, ""token"": ""onomy"", ""value"": 0.17652356624603271}, {""token_id"": 1047, ""token"": ""14"", ""value"": 0.17627030611038208}]",43892, Kell,7,0.024329176172614098,0.0286865234375,0.6421089768409729,"[{""token_id"": 43892, ""token"": "" Kell"", ""value"": 0.024329176172614098}, {""token_id"": 24486, ""token"": "" Qual"", ""value"": 0.023641172796487808}, {""token_id"": 4091, ""token"": ""yond"", ""value"": 0.020393650978803635}, {""token_id"": 2864, ""token"": "" decre"", ""value"": 0.01931421458721161}, {""token_id"": 3277, ""token"": "" Qu"", ""value"": 0.015412739478051662}]",False,geometry_only_neighbor; LM_head_predicts_token43892; LM_top1_p=0.0243
step101000,100667,16000_143000_interp4,7,1338,lement,18,278.91552734375,3.3481293939985335e-05,4.235983578837477e-05,1.2004097982298845e-07,47620, evade,9,0.18763801455497742,0.00836227834224701,3.971843240883934,moderate_separation,"[{""token_id"": 47620, ""token"": "" evade"", ""value"": 0.18763801455497742}, {""token_id"": 15455, ""token"": "" considerably"", ""value"": 0.1792757362127304}, {""token_id"": 30400, ""token"": "" priori"", ""value"": 0.17661890387535095}, {""token_id"": 13646, ""token"": ""onomy"", ""value"": 0.17652355134487152}, {""token_id"": 1047, ""token"": ""14"", ""value"": 0.1762702912092209}]",43892, Kell,7,0.02432917058467865,0.0286865234375,0.6421090364456177,"[{""token_id"": 43892, ""token"": "" Kell"", ""value"": 0.02432917058467865}, {""token_id"": 24486, ""token"": "" Qual"", ""value"": 0.02364116720855236}, {""token_id"": 4091, ""token"": ""yond"", ""value"": 0.020393647253513336}, {""token_id"": 2864, ""token"": "" decre"", ""value"": 0.019314801320433617}, {""token_id"": 3277, ""token"": "" Qu"", ""value"": 0.015412265434861183}]",False,geometry_only_neighbor; LM_head_predicts_token43892; LM_top1_p=0.0243
step121000,121833,16000_143000_interp5,0,29104, repetitive,16,367.45330810546875,4.885018279310316e-05,5.198710277909413e-05,1.3294256007156946e-07,15421,ourier,7,0.19818204641342163,0.01105046272277832,4.15863671051763,moderate_separation,"[{""token_id"": 15421, ""token"": ""ourier"", ""value"": 0.19818204641342163}, {""token_id"": 14720, ""token"": "" reasoning"", ""value"": 0.1871315836906433}, {""token_id"": 13646, ""token"": ""onomy"", ""value"": 0.1816229522228241}, {""token_id"": 15455, ""token"": "" considerably"", ""value"": 0.17879615724086761}, {""token_id"": 41865, ""token"": "" égal"", ""value"": 0.17719832062721252}]",2864, decre,7,0.023408301174640656,0.593505859375,0.7063297629356384,"[{""token_id"": 2864, ""token"": "" decre"", ""value"": 0.023408301174640656}, {""token_id"": 43892, ""token"": "" Kell"", ""value"": 0.012930448167026043}, {""token_id"": 3315, ""token"": "" Dep"", ""value"": 0.01289970614016056}, {""token_id"": 41277, ""token"": "" Juda"", ""value"": 0.009518615901470184}, {""token_id"": 3277, ""token"": "" Qu"", ""value"": 0.008072922006249428}]",False,geometry_only_neighbor; LM_head_predicts_token2864; LM_top1_p=0.0234
step121000,121833,16000_143000_interp5,1,10020, semi,112,367.45330810546875,4.701973375631496e-05,5.0890204875031486e-05,1.2796111548141198e-07,15421,ourier,7,0.19818204641342163,0.01105046272277832,4.15863671051763,moderate_separation,"[{""token_id"": 15421, ""token"": ""ourier"", ""value"": 0.19818204641342163}, {""token_id"": 14720, ""token"": "" reasoning"", ""value"": 0.1871315836906433}, {""token_id"": 13646, ""token"": ""onomy"", ""value"": 0.1816229522228241}, {""token_id"": 15455, ""token"": "" considerably"", ""value"": 0.1787961721420288}, {""token_id"": 41865, ""token"": "" égal"", ""value"": 0.17719832062721252}]",2864, decre,7,0.02340834029018879,0.593505859375,0.7063301801681519,"[{""token_id"": 2864, ""token"": "" decre"", ""value"": 0.02340834029018879}, {""token_id"": 43892, ""token"": "" Kell"", ""value"": 0.012930469587445259}, {""token_id"": 3315, ""token"": "" Dep"", ""value"": 0.012899726629257202}, {""token_id"": 41277, ""token"": "" Juda"", ""value"": 0.009518631733953953}, {""token_id"": 3277, ""token"": "" Qu"", ""value"": 0.008072935044765472}]",False,geometry_only_neighbor; LM_head_predicts_token2864; LM_top1_p=0.0234
step121000,121833,16000_143000_interp5,2,1941, evidence,284,367.45330810546875,4.740206713904627e-05,4.971989255864173e-05,1.2900160584194964e-07,15421,ourier,7,0.19818204641342163,0.01105046272277832,4.15863671051763,moderate_separation,"[{""token_id"": 15421, ""token"": ""ourier"", ""value"": 0.19818204641342163}, {""token_id"": 14720, ""token"": "" reasoning"", ""value"": 0.1871315836906433}, {""token_id"": 13646, ""token"": ""onomy"", ""value"": 0.1816229522228241}, {""token_id"": 15455, ""token"": "" considerably"", ""value"": 0.17879615724086761}, {""token_id"": 41865, ""token"": "" égal"", ""value"": 0.17719832062721252}]",2864, decre,7,0.023408230394124985,0.593505859375,0.7063298225402832,"[{""token_id"": 2864, ""token"": "" decre"", ""value"": 0.023408230394124985}, {""token_id"": 43892, ""token"": "" Kell"", ""value"": 0.012930409051477909}, {""token_id"": 3315, ""token"": "" Dep"", ""value"": 0.012899667024612427}, {""token_id"": 41277, ""token"": "" Juda"", ""value"": 0.009518587030470371}, {""token_id"": 3277, ""token"": "" Qu"", ""value"": 0.00807339046150446}]",False,geometry_only_neighbor; LM_head_predicts_token2864; LM_top1_p=0.0234
step121000,121833,16000_143000_interp5,3,38730, orientations,4,367.45330810546875,4.780122617376037e-05,5.136925756232813e-05,1.300878977872344e-07,15421,ourier,7,0.19818206131458282,0.011050477623939514,4.1586370325171185,moderate_separation,"[{""token_id"": 15421, ""token"": ""ourier"", ""value"": 0.19818206131458282}, {""token_id"": 14720, ""token"": "" reasoning"", ""value"": 0.1871315836906433}, {""token_id"": 13646, ""token"": ""onomy"", ""value"": 0.1816229522228241}, {""token_id"": 15455, ""token"": "" considerably"", ""value"": 0.17879615724086761}, {""token_id"": 41865, ""token"": "" égal"", ""value"": 0.17719832062721252}]",2864, decre,7,0.023408174514770508,0.593505859375,0.7063295841217041,"[{""token_id"": 2864, ""token"": "" decre"", ""value"": 0.023408174514770508}, {""token_id"": 43892, ""token"": "" Kell"", ""value"": 0.012930378317832947}, {""token_id"": 3315, ""token"": "" Dep"", ""value"": 0.01290042232722044}, {""token_id"": 41277, ""token"": "" Juda"", ""value"": 0.009519144892692566}, {""token_id"": 3277, ""token"": "" Qu"", ""value"": 0.008072878234088421}]",False,geometry_only_neighbor; LM_head_predicts_token2864; LM_top1_p=0.0234
step121000,121833,16000_143000_interp5,4,21853, workplace,10,367.45330810546875,4.747924322145991e-05,5.230999522609636e-05,1.2921164227464033e-07,15421,ourier,7,0.19818204641342163,0.011050447821617126,4.15863671051763,moderate_separation,"[{""token_id"": 15421, ""token"": ""ourier"", ""value"": 0.19818204641342163}, {""token_id"": 14720, ""token"": "" reasoning"", ""value"": 0.1871315985918045}, {""token_id"": 13646, ""token"": ""onomy"", ""value"": 0.1816229522228241}, {""token_id"": 15455, ""token"": "" considerably"", ""value"": 0.17879615724086761}, {""token_id"": 41865, ""token"": "" égal"", ""value"": 0.17719833552837372}]",2864, decre,7,0.023408297449350357,0.593505859375,0.7063303589820862,"[{""token_id"": 2864, ""token"": "" decre"", ""value"": 0.023408297449350357}, {""token_id"": 43892, ""token"": "" Kell"", ""value"": 0.012930446304380894}, {""token_id"": 3315, ""token"": "" Dep"", ""value"": 0.012899703346192837}, {""token_id"": 41277, ""token"": "" Juda"", ""value"": 0.00951803382486105}, {""token_id"": 3277, ""token"": "" Qu"", ""value"": 0.008073413744568825}]",False,geometry_only_neighbor; LM_head_predicts_token2864; LM_top1_p=0.0234
step121000,121833,16000_143000_interp5,5,5631, Govern,13,367.45330810546875,4.707502739620395e-05,4.9516718718223274e-05,1.2811159422199125e-07,15421,ourier,7,0.19818206131458282,0.011050477623939514,4.1586370325171185,moderate_separation,"[{""token_id"": 15421, ""token"": ""ourier"", ""value"": 0.19818206131458282}, {""token_id"": 14720, ""token"": "" reasoning"", ""value"": 0.1871315836906433}, {""token_id"": 13646, ""token"": ""onomy"", ""value"": 0.1816229522228241}, {""token_id"": 15455, ""token"": "" considerably"", ""value"": 0.1787961721420288}, {""token_id"": 41865, ""token"": "" égal"", ""value"": 0.17719832062721252}]",2864, decre,7,0.02340826764702797,0.593505859375,0.7063299417495728,"[{""token_id"": 2864, ""token"": "" decre"", ""value"": 0.02340826764702797}, {""token_id"": 43892, ""token"": "" Kell"", ""value"": 0.012930430471897125}, {""token_id"": 3315, ""token"": "" Dep"", ""value"": 0.012899687513709068}, {""token_id"": 41277, ""token"": "" Juda"", ""value"": 0.009519183076918125}, {""token_id"": 3277, ""token"": "" Qu"", ""value"": 0.008073403500020504}]",False,geometry_only_neighbor; LM_head_predicts_token2864; LM_top1_p=0.0234
step121000,121833,16000_143000_interp5,6,30736,corn,3,367.45330810546875,4.720682045444846e-05,4.960217484040186e-05,1.2847026198414824e-07,15421,ourier,7,0.19818204641342163,0.01105046272277832,4.15863671051763,moderate_separation,"[{""token_id"": 15421, ""token"": ""ourier"", ""value"": 0.19818204641342163}, {""token_id"": 14720, ""token"": "" reasoning"", ""value"": 0.1871315836906433}, {""token_id"": 13646, ""token"": ""onomy"", ""value"": 0.1816229522228241}, {""token_id"": 15455, ""token"": "" considerably"", ""value"": 0.1787961721420288}, {""token_id"": 41865, ""token"": "" égal"", ""value"": 0.17719832062721252}]",2864, decre,7,0.023409659042954445,0.5936279296875,0.7063297629356384,"[{""token_id"": 2864, ""token"": "" decre"", ""value"": 0.023409659042954445}, {""token_id"": 43892, ""token"": "" Kell"", ""value"": 0.01292962022125721}, {""token_id"": 3315, ""token"": "" Dep"", ""value"": 0.012900453060865402}, {""token_id"": 41277, ""token"": "" Juda"", ""value"": 0.009518005885183811}, {""token_id"": 3277, ""token"": "" Qu"", ""value"": 0.008072897791862488}]",False,geometry_only_neighbor; LM_head_predicts_token2864; LM_top1_p=0.0234
step121000,121833,16000_143000_interp5,7,1338,lement,18,367.45330810546875,4.723909660242498e-05,5.0140530220232904e-05,1.285580992771429e-07,15421,ourier,7,0.19818204641342163,0.01105046272277832,4.15863671051763,moderate_separation,"[{""token_id"": 15421, ""token"": ""ourier"", ""value"": 0.19818204641342163}, {""token_id"": 14720, ""token"": "" reasoning"", ""value"": 0.1871315836906433}, {""token_id"": 13646, ""token"": ""onomy"", ""value"": 0.1816229522228241}, {""token_id"": 15455, ""token"": "" considerably"", ""value"": 0.1787961721420288}, {""token_id"": 41865, ""token"": "" égal"", ""value"": 0.17719832062721252}]",2864, decre,7,0.02341112121939659,0.5936279296875,0.7063289880752563,"[{""token_id"": 2864, ""token"": "" decre"", ""value"": 0.02341112121939659}, {""token_id"": 43892, ""token"": "" Kell"", ""value"": 0.012930427677929401}, {""token_id"": 3315, ""token"": "" Dep"", ""value"": 0.012899684719741344}, {""token_id"": 41277, ""token"": "" Juda"", ""value"": 0.00951860100030899}, {""token_id"": 3277, ""token"": "" Qu"", ""value"": 0.00807340256869793}]",False,geometry_only_neighbor; LM_head_predicts_token2864; LM_top1_p=0.0234
step143000,143000,endpoint,0,29104, repetitive,16,450.93231201171875,5.218348451307975e-05,6.0066027799621224e-05,1.1572354452482614e-07,42761,ôle,0,0.18602266907691956,0.00203840434551239,3.9024232234602443,low_separation,"[{""token_id"": 42761, ""token"": ""ôle"", ""value"": 0.18602266907691956}, {""token_id"": 14720, ""token"": "" reasoning"", ""value"": 0.18398426473140717}, {""token_id"": 31816, ""token"": ""athing"", ""value"": 0.1767386645078659}, {""token_id"": 15421, ""token"": ""ourier"", ""value"": 0.1762373149394989}, {""token_id"": 13646, ""token"": ""onomy"", ""value"": 0.17512217164039612}]",17365, errone,0,0.03661775588989258,1.112548828125,0.7294173836708069,"[{""token_id"": 17365, ""token"": "" errone"", ""value"": 0.03661775588989258}, {""token_id"": 3656, ""token"": "" Dist"", ""value"": 0.01203699130564928}, {""token_id"": 346, ""token"": "" \"""", ""value"": 0.008231593295931816}, {""token_id"": 43892, ""token"": "" Kell"", ""value"": 0.008147618733346462}, {""token_id"": 2864, ""token"": "" decre"", ""value"": 0.0069809481501579285}]",False,geometry_only_neighbor; LM_head_predicts_token17365; LM_top1_p=0.0366
step143000,143000,endpoint,1,10020, semi,112,450.93231201171875,5.328933912096545e-05,5.62873829039745e-05,1.181759188284559e-07,42761,ôle,0,0.18602266907691956,0.002038419246673584,3.9024232234602443,low_separation,"[{""token_id"": 42761, ""token"": ""ôle"", ""value"": 0.18602266907691956}, {""token_id"": 14720, ""token"": "" reasoning"", ""value"": 0.18398424983024597}, {""token_id"": 31816, ""token"": ""athing"", ""value"": 0.1767386645078659}, {""token_id"": 15421, ""token"": ""ourier"", ""value"": 0.1762373149394989}, {""token_id"": 13646, ""token"": ""onomy"", ""value"": 0.17512217164039612}]",17365, errone,0,0.03661809861660004,1.1126708984375,0.7294173836708069,"[{""token_id"": 17365, ""token"": "" errone"", ""value"": 0.03661809861660004}, {""token_id"": 3656, ""token"": "" Dist"", ""value"": 0.012035634368658066}, {""token_id"": 346, ""token"": "" \"""", ""value"": 0.00823167059570551}, {""token_id"": 43892, ""token"": "" Kell"", ""value"": 0.00814769510179758}, {""token_id"": 2864, ""token"": "" decre"", ""value"": 0.0069810133427381516}]",False,geometry_only_neighbor; LM_head_predicts_token17365; LM_top1_p=0.0366
step143000,143000,endpoint,2,1941, evidence,284,450.93231201171875,5.637890353682451e-05,5.8692061429610476e-05,1.2502742663400568e-07,42761,ôle,0,0.18602263927459717,0.0020383894443511963,3.902422578754979,low_separation,"[{""token_id"": 42761, ""token"": ""ôle"", ""value"": 0.18602263927459717}, {""token_id"": 14720, ""token"": "" reasoning"", ""value"": 0.18398424983024597}, {""token_id"": 31816, ""token"": ""athing"", ""value"": 0.1767386794090271}, {""token_id"": 15421, ""token"": ""ourier"", ""value"": 0.1762373149394989}, {""token_id"": 13646, ""token"": ""onomy"", ""value"": 0.17512217164039612}]",17365, errone,0,0.03661799430847168,1.1126708984375,0.7294175624847412,"[{""token_id"": 17365, ""token"": "" errone"", ""value"": 0.03661799430847168}, {""token_id"": 3656, ""token"": "" Dist"", ""value"": 0.01203559897840023}, {""token_id"": 346, ""token"": "" \"""", ""value"": 0.00823164638131857}, {""token_id"": 43892, ""token"": "" Kell"", ""value"": 0.00814767088741064}, {""token_id"": 2864, ""token"": "" decre"", ""value"": 0.0069801402278244495}]",False,geometry_only_neighbor; LM_head_predicts_token17365; LM_top1_p=0.0366
step143000,143000,endpoint,3,38730, orientations,4,450.93231201171875,5.309331027092412e-05,6.091775503591634e-05,1.1774119457186316e-07,42761,ôle,0,0.18602265417575836,0.00203840434551239,3.9024229011076117,low_separation,"[{""token_id"": 42761, ""token"": ""ôle"", ""value"": 0.18602265417575836}, {""token_id"": 14720, ""token"": "" reasoning"", ""value"": 0.18398424983024597}, {""token_id"": 31816, ""token"": ""athing"", ""value"": 0.1767386794090271}, {""token_id"": 15421, ""token"": ""ourier"", ""value"": 0.1762373149394989}, {""token_id"": 13646, ""token"": ""onomy"", ""value"": 0.17512217164039612}]",17365, errone,0,0.03661801666021347,1.1126708984375,0.7294175624847412,"[{""token_id"": 17365, ""token"": "" errone"", ""value"": 0.03661801666021347}, {""token_id"": 3656, ""token"": "" Dist"", ""value"": 0.012035607360303402}, {""token_id"": 346, ""token"": "" \"""", ""value"": 0.008231651969254017}, {""token_id"": 43892, ""token"": "" Kell"", ""value"": 0.008147677406668663}, {""token_id"": 2864, ""token"": "" decre"", ""value"": 0.006980144884437323}]",False,geometry_only_neighbor; LM_head_predicts_token17365; LM_top1_p=0.0366
step143000,143000,endpoint,4,21853, workplace,10,450.93231201171875,5.3598258091369644e-05,5.874452108400874e-05,1.1886098150171165e-07,42761,ôle,0,0.18602265417575836,0.00203840434551239,3.9024229011076117,low_separation,"[{""token_id"": 42761, ""token"": ""ôle"", ""value"": 0.18602265417575836}, {""token_id"": 14720, ""token"": "" reasoning"", ""value"": 0.18398424983024597}, {""token_id"": 31816, ""token"": ""athing"", ""value"": 0.1767386794090271}, {""token_id"": 15421, ""token"": ""ourier"", ""value"": 0.1762373149394989}, {""token_id"": 13646, ""token"": ""onomy"", ""value"": 0.17512217164039612}]",17365, errone,0,0.036622270941734314,1.11279296875,0.7294152975082397,"[{""token_id"": 17365, ""token"": "" errone"", ""value"": 0.036622270941734314}, {""token_id"": 3656, ""token"": "" Dist"", ""value"": 0.012035536579787731}, {""token_id"": 346, ""token"": "" \"""", ""value"": 0.008231603540480137}, {""token_id"": 43892, ""token"": "" Kell"", ""value"": 0.008147628977894783}, {""token_id"": 2864, ""token"": "" decre"", ""value"": 0.006980955600738525}]",False,geometry_only_neighbor; LM_head_predicts_token17365; LM_top1_p=0.0366
step143000,143000,endpoint,5,5631, Govern,13,450.93231201171875,5.481830157805234e-05,6.556986772920936e-05,1.2156658613093896e-07,42761,ôle,0,0.18602263927459717,0.0020383894443511963,3.902422578754979,low_separation,"[{""token_id"": 42761, ""token"": ""ôle"", ""value"": 0.18602263927459717}, {""token_id"": 14720, ""token"": "" reasoning"", ""value"": 0.18398424983024597}, {""token_id"": 31816, ""token"": ""athing"", ""value"": 0.1767386645078659}, {""token_id"": 15421, ""token"": ""ourier"", ""value"": 0.1762373149394989}, {""token_id"": 13646, ""token"": ""onomy"", ""value"": 0.17512217164039612}]",17365, errone,0,0.036622241139411926,1.11279296875,0.729415237903595,"[{""token_id"": 17365, ""token"": "" errone"", ""value"": 0.036622241139411926}, {""token_id"": 3656, ""token"": "" Dist"", ""value"": 0.01203552633523941}, {""token_id"": 346, ""token"": "" \"""", ""value"": 0.00823159608989954}, {""token_id"": 43892, ""token"": "" Kell"", ""value"": 0.00814762245863676}, {""token_id"": 2864, ""token"": "" decre"", ""value"": 0.006980950012803078}]",False,geometry_only_neighbor; LM_head_predicts_token17365; LM_top1_p=0.0366
step143000,143000,endpoint,6,30736,corn,3,450.93231201171875,5.407696153270081e-05,6.258056237129495e-05,1.1992257498150138e-07,42761,ôle,0,0.18602266907691956,0.002038419246673584,3.9024232234602443,low_separation,"[{""token_id"": 42761, ""token"": ""ôle"", ""value"": 0.18602266907691956}, {""token_id"": 14720, ""token"": "" reasoning"", ""value"": 0.18398424983024597}, {""token_id"": 31816, ""token"": ""athing"", ""value"": 0.1767386645078659}, {""token_id"": 15421, ""token"": ""ourier"", ""value"": 0.1762373149394989}, {""token_id"": 13646, ""token"": ""onomy"", ""value"": 0.17512217164039612}]",17365, errone,0,0.036618009209632874,1.1126708984375,0.7294173836708069,"[{""token_id"": 17365, ""token"": "" errone"", ""value"": 0.036618009209632874}, {""token_id"": 3656, ""token"": "" Dist"", ""value"": 0.012035604566335678}, {""token_id"": 346, ""token"": "" \"""", ""value"": 0.008231650106608868}, {""token_id"": 43892, ""token"": "" Kell"", ""value"": 0.008147675544023514}, {""token_id"": 2864, ""token"": "" decre"", ""value"": 0.006980996113270521}]",False,geometry_only_neighbor; LM_head_predicts_token17365; LM_top1_p=0.0366
step143000,143000,endpoint,7,1338,lement,18,450.93231201171875,5.276379670249298e-05,6.0608017520280555e-05,1.1701045821155276e-07,42761,ôle,0,0.18602266907691956,0.00203840434551239,3.9024232234602443,low_separation,"[{""token_id"": 42761, ""token"": ""ôle"", ""value"": 0.18602266907691956}, {""token_id"": 14720, ""token"": "" reasoning"", ""value"": 0.18398426473140717}, {""token_id"": 31816, ""token"": ""athing"", ""value"": 0.1767386794090271}, {""token_id"": 15421, ""token"": ""ourier"", ""value"": 0.1762373298406601}, {""token_id"": 13646, ""token"": ""onomy"", ""value"": 0.17512217164039612}]",17365, errone,0,0.03661790490150452,1.112548828125,0.7294167280197144,"[{""token_id"": 17365, ""token"": "" errone"", ""value"": 0.03661790490150452}, {""token_id"": 3656, ""token"": "" Dist"", ""value"": 0.012037040665745735}, {""token_id"": 346, ""token"": "" \"""", ""value"": 0.008231626823544502}, {""token_id"": 43892, ""token"": "" Kell"", ""value"": 0.008147652260959148}, {""token_id"": 2864, ""token"": "" decre"", ""value"": 0.006980976089835167}]",False,geometry_only_neighbor; LM_head_predicts_token17365; LM_top1_p=0.0366
