checkpoint,training_step,dynamic_step,selection_index,token_id,token,wikitext_train_count,frequency_bin,spectral_radius,operator_norm_2,jacobian_frobenius_norm,runtime_seconds,proof_pile2_test_loss
step0,0,0,0,21825, clones,2,0,39.21004104614258,128.96591186523438,843.2689208984375,0.6783140935003757,11.087031924535358
step0,0,0,1,46808, trustworthy,3,1,38.10404586791992,126.7135238647461,804.8074951171875,0.48990989848971367,11.087031924535358
step0,0,0,2,23778, motive,8,2,42.15044403076172,129.71823120117188,846.1536865234375,0.5278623886406422,11.087031924535358
step0,0,0,3,42548, generosity,8,3,41.6956672668457,122.59896850585938,809.4429321289062,0.5504729263484478,11.087031924535358
step0,0,0,4,29254, critique,18,4,42.053279876708984,134.48336791992188,870.2232055664062,0.49876806885004044,11.087031924535358
step0,0,0,5,19211, cabinet,33,5,48.083003997802734,151.33937072753906,978.1092529296875,0.4880116917192936,11.087031924535358
step0,0,0,6,14290, documented,48,6,37.35150146484375,115.51541900634766,757.6068115234375,0.519451942294836,11.087031924535358
step0,0,0,7,6574, miles,404,7,41.66276550292969,126.37971496582031,832.5535278320312,0.48305869847536087,11.087031924535358
step0,0,64,0,21825, clones,2,0,1.067204475402832,1.3697876930236816,15.694072723388672,0.6135461367666721,11.087031924535358
step0,0,64,1,46808, trustworthy,3,1,0.9910351037979126,1.2753515243530273,14.881186485290527,0.590803649276495,11.087031924535358
step0,0,64,2,23778, motive,8,2,1.0377436876296997,1.3569101095199585,15.583513259887695,0.5591679513454437,11.087031924535358
step0,0,64,3,42548, generosity,8,3,1.0441402196884155,1.3685272932052612,15.661176681518555,0.5963357016444206,11.087031924535358
step0,0,64,4,29254, critique,18,4,1.042283535003662,1.335706114768982,15.51301097869873,0.5584120899438858,11.087031924535358
step0,0,64,5,19211, cabinet,33,5,1.020139217376709,1.3295373916625977,15.439370155334473,0.5249314084649086,11.087031924535358
step0,0,64,6,14290, documented,48,6,1.0522127151489258,1.3343414068222046,15.395143508911133,0.5382057428359985,11.087031924535358
step0,0,64,7,6574, miles,404,7,1.0062589645385742,1.3181545734405518,15.2888822555542,0.5860517099499702,11.087031924535358
step0,0,128,0,21825, clones,2,0,1.067193627357483,1.3581358194351196,15.673659324645996,0.5639415271580219,11.087031924535358
step0,0,128,1,46808, trustworthy,3,1,1.0055843591690063,1.2979812622070312,15.199817657470703,0.6096781715750694,11.087031924535358
step0,0,128,2,23778, motive,8,2,1.0340665578842163,1.3674458265304565,15.611137390136719,0.5663678273558617,11.087031924535358
step0,0,128,3,42548, generosity,8,3,0.9940781593322754,1.3039051294326782,15.185266494750977,0.5687475949525833,11.087031924535358
step0,0,128,4,29254, critique,18,4,1.0283629894256592,1.3460456132888794,15.525233268737793,0.5766962245106697,11.087031924535358
step0,0,128,5,19211, cabinet,33,5,1.0230727195739746,1.3357317447662354,15.430001258850098,0.5536391101777554,11.087031924535358
step0,0,128,6,14290, documented,48,6,1.0055947303771973,1.3204838037490845,15.221208572387695,0.5891398265957832,11.087031924535358
step0,0,128,7,6574, miles,404,7,1.0120539665222168,1.3298989534378052,15.449346542358398,0.5249110870063305,11.087031924535358
step0,0,192,0,21825, clones,2,0,1.018385887145996,1.3072599172592163,15.269639015197754,0.588553074747324,11.087031924535358
step0,0,192,1,46808, trustworthy,3,1,1.0220043659210205,1.3354562520980835,15.463183403015137,0.5517252124845982,11.087031924535358
step0,0,192,2,23778, motive,8,2,1.0510356426239014,1.3586910963058472,15.638381958007812,0.5511063672602177,11.087031924535358
step0,0,192,3,42548, generosity,8,3,1.0326184034347534,1.3544338941574097,15.644893646240234,0.5765761435031891,11.087031924535358
step0,0,192,4,29254, critique,18,4,1.041685700416565,1.3626365661621094,15.782048225402832,0.6282716020941734,11.087031924535358
step0,0,192,5,19211, cabinet,33,5,1.037172794342041,1.3808696269989014,15.80548095703125,0.511264119297266,11.087031924535358
step0,0,192,6,14290, documented,48,6,1.0259034633636475,1.3188836574554443,15.234540939331055,0.5068200416862965,11.087031924535358
step0,0,192,7,6574, miles,404,7,1.0397917032241821,1.3643742799758911,15.687691688537598,0.5704649686813354,11.087031924535358
step0,0,256,0,21825, clones,2,0,1.021628499031067,1.3547420501708984,15.605077743530273,0.5364641286432743,11.087031924535358
step0,0,256,1,46808, trustworthy,3,1,1.0306566953659058,1.3795143365859985,15.684526443481445,0.6552160605788231,11.087031924535358
step0,0,256,2,23778, motive,8,2,0.9840095043182373,1.2812188863754272,14.916282653808594,0.5572703629732132,11.087031924535358
step0,0,256,3,42548, generosity,8,3,1.051813006401062,1.362571120262146,15.66695785522461,0.5727015174925327,11.087031924535358
step0,0,256,4,29254, critique,18,4,1.0155813694000244,1.3421311378479004,15.47984790802002,0.5442576929926872,11.087031924535358
step0,0,256,5,19211, cabinet,33,5,1.003301978111267,1.316784143447876,15.265928268432617,0.49751776084303856,11.087031924535358
step0,0,256,6,14290, documented,48,6,1.0008273124694824,1.3047571182250977,15.070761680603027,0.5892909578979015,11.087031924535358
step0,0,256,7,6574, miles,404,7,1.0038470029830933,1.3288869857788086,15.394627571105957,0.5526923649013042,11.087031924535358
step0,0,320,0,21825, clones,2,0,1.0634211301803589,1.3975012302398682,15.725038528442383,0.5704009383916855,11.087031924535358
step0,0,320,1,46808, trustworthy,3,1,1.0226268768310547,1.335564374923706,15.430925369262695,0.5841921605169773,11.087031924535358
step0,0,320,2,23778, motive,8,2,1.0019487142562866,1.3139548301696777,15.202983856201172,0.5600509345531464,11.087031924535358
step0,0,320,3,42548, generosity,8,3,1.0323961973190308,1.3448582887649536,15.565990447998047,0.5705173797905445,11.087031924535358
step0,0,320,4,29254, critique,18,4,1.0242345333099365,1.3362784385681152,15.420132637023926,0.547375600785017,11.087031924535358
step0,0,320,5,19211, cabinet,33,5,1.040697455406189,1.3320618867874146,15.403717994689941,0.5426612310111523,11.087031924535358
step0,0,320,6,14290, documented,48,6,0.9984233975410461,1.3120296001434326,15.108457565307617,0.5223359912633896,11.087031924535358
step0,0,320,7,6574, miles,404,7,1.031303882598877,1.3271682262420654,15.340975761413574,0.5346538349986076,11.087031924535358
step0,0,384,0,21825, clones,2,0,0.9907974004745483,1.2815262079238892,15.021052360534668,0.5202461034059525,11.087031924535358
step0,0,384,1,46808, trustworthy,3,1,1.0049911737442017,1.3244060277938843,15.357529640197754,0.5652792938053608,11.087031924535358
step0,0,384,2,23778, motive,8,2,1.0002915859222412,1.3165764808654785,15.267267227172852,0.5038888081908226,11.087031924535358
step0,0,384,3,42548, generosity,8,3,1.0042074918746948,1.3397810459136963,15.433180809020996,0.5365117229521275,11.087031924535358
step0,0,384,4,29254, critique,18,4,1.0551584959030151,1.379821538925171,15.880261421203613,0.5635141246020794,11.087031924535358
step0,0,384,5,19211, cabinet,33,5,0.9988693594932556,1.3149166107177734,15.190139770507812,0.5050387941300869,11.087031924535358
step0,0,384,6,14290, documented,48,6,1.0248959064483643,1.3182621002197266,15.245380401611328,0.5388591811060905,11.087031924535358
step0,0,384,7,6574, miles,404,7,1.006982445716858,1.342940092086792,15.53001594543457,0.48720683157444,11.087031924535358
step0,0,448,0,21825, clones,2,0,1.0089435577392578,1.3136281967163086,15.282210350036621,0.5135099589824677,11.087031924535358
step0,0,448,1,46808, trustworthy,3,1,1.0186086893081665,1.3544812202453613,15.664566040039062,0.5552841760218143,11.087031924535358
step0,0,448,2,23778, motive,8,2,1.0219793319702148,1.3274602890014648,15.415974617004395,0.5401375442743301,11.087031924535358
step0,0,448,3,42548, generosity,8,3,1.019965410232544,1.338058590888977,15.275643348693848,0.5335635133087635,11.087031924535358
step0,0,448,4,29254, critique,18,4,1.0443438291549683,1.312694787979126,15.307350158691406,0.584093127399683,11.087031924535358
step0,0,448,5,19211, cabinet,33,5,1.055552363395691,1.3747518062591553,15.815126419067383,0.5539398118853569,11.087031924535358
step0,0,448,6,14290, documented,48,6,0.9988678097724915,1.3047749996185303,15.0906400680542,0.5068190358579159,11.087031924535358
step0,0,448,7,6574, miles,404,7,1.0456513166427612,1.3990098237991333,15.84462833404541,0.5339159481227398,11.087031924535358
step0,0,512,0,21825, clones,2,0,1.0334059000015259,1.3646535873413086,15.736574172973633,0.5776924677193165,11.087031924535358
step0,0,512,1,46808, trustworthy,3,1,1.0297505855560303,1.3361766338348389,15.26734733581543,0.5076865181326866,11.087031924535358
step0,0,512,2,23778, motive,8,2,1.0587421655654907,1.382559895515442,15.69416332244873,0.5421597734093666,11.087031924535358
step0,0,512,3,42548, generosity,8,3,1.0178042650222778,1.331152319908142,15.432575225830078,0.515160083770752,11.087031924535358
step0,0,512,4,29254, critique,18,4,1.0253231525421143,1.3476231098175049,15.54529094696045,0.5028100684285164,11.087031924535358
step0,0,512,5,19211, cabinet,33,5,1.046477198600769,1.3628435134887695,15.602405548095703,0.527264878153801,11.087031924535358
step0,0,512,6,14290, documented,48,6,1.0104389190673828,1.307456135749817,15.052632331848145,0.544509157538414,11.087031924535358
step0,0,512,7,6574, miles,404,7,1.001698613166809,1.355654001235962,15.532709121704102,0.5401290580630302,11.087031924535358
step0,0,576,0,21825, clones,2,0,1.023133397102356,1.3595242500305176,15.590802192687988,0.5353148207068443,11.087031924535358
step0,0,576,1,46808, trustworthy,3,1,1.032518982887268,1.3418244123458862,15.509171485900879,0.5369616895914078,11.087031924535358
step0,0,576,2,23778, motive,8,2,1.0184358358383179,1.325341820716858,15.419072151184082,0.579453207552433,11.087031924535358
step0,0,576,3,42548, generosity,8,3,1.0197176933288574,1.3322724103927612,15.420433044433594,0.5487196482717991,11.087031924535358
step0,0,576,4,29254, critique,18,4,1.0140119791030884,1.3256224393844604,15.392464637756348,0.5573056042194366,11.087031924535358
step0,0,576,5,19211, cabinet,33,5,1.0019456148147583,1.300433874130249,15.16662883758545,0.528631005436182,11.087031924535358
step0,0,576,6,14290, documented,48,6,1.026753306388855,1.3209975957870483,15.26028823852539,0.5221801847219467,11.087031924535358
step0,0,576,7,6574, miles,404,7,1.0389174222946167,1.3335803747177124,15.359704971313477,0.5701447688043118,11.087031924535358
step0,0,640,0,21825, clones,2,0,0.9936677813529968,1.286185622215271,15.049818992614746,0.5349586308002472,11.087031924535358
step0,0,640,1,46808, trustworthy,3,1,0.9958990216255188,1.2948538064956665,15.1282958984375,0.5429947562515736,11.087031924535358
step0,0,640,2,23778, motive,8,2,1.0378533601760864,1.3532294034957886,15.526715278625488,0.5662988387048244,11.087031924535358
step0,0,640,3,42548, generosity,8,3,1.047034502029419,1.3924041986465454,15.868208885192871,0.5430178344249725,11.087031924535358
step0,0,640,4,29254, critique,18,4,1.0197019577026367,1.3151365518569946,15.328019142150879,0.5438995063304901,11.087031924535358
step0,0,640,5,19211, cabinet,33,5,1.0169057846069336,1.331402063369751,15.39480972290039,0.5230358578264713,11.087031924535358
step0,0,640,6,14290, documented,48,6,0.9985567927360535,1.3025811910629272,15.05710220336914,0.5678910464048386,11.087031924535358
step0,0,640,7,6574, miles,404,7,0.9953669905662537,1.3008692264556885,15.213810920715332,0.5495308637619019,11.087031924535358
step0,0,704,0,21825, clones,2,0,1.0231125354766846,1.3490804433822632,15.582782745361328,0.5462829731404781,11.087031924535358
step0,0,704,1,46808, trustworthy,3,1,1.0365536212921143,1.3674089908599854,15.655343055725098,0.5859699212014675,11.087031924535358
step0,0,704,2,23778, motive,8,2,1.037832260131836,1.3394501209259033,15.509612083435059,0.5627289116382599,11.087031924535358
step0,0,704,3,42548, generosity,8,3,1.0445895195007324,1.3688441514968872,15.741544723510742,0.5564180873334408,11.087031924535358
step0,0,704,4,29254, critique,18,4,1.035639762878418,1.3567460775375366,15.574695587158203,0.5317243449389935,11.087031924535358
step0,0,704,5,19211, cabinet,33,5,1.029895544052124,1.3397719860076904,15.348319053649902,0.5642503947019577,11.087031924535358
step0,0,704,6,14290, documented,48,6,1.0213923454284668,1.3178986310958862,15.193564414978027,0.5609174817800522,11.087031924535358
step0,0,704,7,6574, miles,404,7,1.0574989318847656,1.363784909248352,15.800446510314941,0.5533630922436714,11.087031924535358
step0,0,768,0,21825, clones,2,0,1.0729939937591553,1.3706814050674438,15.751260757446289,0.5064918585121632,11.087031924535358
step0,0,768,1,46808, trustworthy,3,1,1.039501667022705,1.359298825263977,15.632613182067871,0.5347571074962616,11.087031924535358
step0,0,768,2,23778, motive,8,2,1.0189603567123413,1.356337547302246,15.565089225769043,0.5663471482694149,11.087031924535358
step0,0,768,3,42548, generosity,8,3,1.0316717624664307,1.370132565498352,15.759228706359863,0.5715428106486797,11.087031924535358
step0,0,768,4,29254, critique,18,4,1.0086461305618286,1.3118205070495605,15.208788871765137,0.5949968732893467,11.087031924535358
step0,0,768,5,19211, cabinet,33,5,1.0133577585220337,1.324850082397461,15.37224006652832,0.5213027521967888,11.087031924535358
step0,0,768,6,14290, documented,48,6,1.0116629600524902,1.315152883529663,15.198949813842773,0.5338744148612022,11.087031924535358
step0,0,768,7,6574, miles,404,7,1.0297248363494873,1.3495566844940186,15.548554420471191,0.5670889616012573,11.087031924535358
step0,0,832,0,21825, clones,2,0,1.0824800729751587,1.3900202512741089,15.87403678894043,0.5387220829725266,11.087031924535358
step0,0,832,1,46808, trustworthy,3,1,0.9994146227836609,1.3196256160736084,15.311666488647461,0.5278164222836494,11.087031924535358
step0,0,832,2,23778, motive,8,2,1.0383633375167847,1.3359055519104004,15.444546699523926,0.5213621109724045,11.087031924535358
step0,0,832,3,42548, generosity,8,3,1.0460416078567505,1.3675681352615356,15.710990905761719,0.5488179139792919,11.087031924535358
step0,0,832,4,29254, critique,18,4,1.0290794372558594,1.3767696619033813,15.599043846130371,0.5539622604846954,11.087031924535358
step0,0,832,5,19211, cabinet,33,5,0.9869058132171631,1.290421724319458,15.120941162109375,0.5222545973956585,11.087031924535358
step0,0,832,6,14290, documented,48,6,1.0053751468658447,1.302109956741333,15.034306526184082,0.621527835726738,11.087031924535358
step0,0,832,7,6574, miles,404,7,1.019806146621704,1.336270809173584,15.462108612060547,0.5291707701981068,11.087031924535358
step0,0,896,0,21825, clones,2,0,1.038572072982788,1.3428922891616821,15.485358238220215,0.5609470792114735,11.087031924535358
step0,0,896,1,46808, trustworthy,3,1,1.030243158340454,1.3493685722351074,15.407883644104004,0.5662158168852329,11.087031924535358
step0,0,896,2,23778, motive,8,2,1.0480250120162964,1.3872461318969727,15.875916481018066,0.579877320677042,11.087031924535358
step0,0,896,3,42548, generosity,8,3,1.0647284984588623,1.3808951377868652,15.80855941772461,0.560392439365387,11.087031924535358
step0,0,896,4,29254, critique,18,4,1.045230507850647,1.3696368932724,15.75736141204834,0.5588655173778534,11.087031924535358
step0,0,896,5,19211, cabinet,33,5,1.051598310470581,1.3220551013946533,15.302541732788086,0.5918649919331074,11.087031924535358
step0,0,896,6,14290, documented,48,6,1.028178334236145,1.3222640752792358,15.232219696044922,0.5258570909500122,11.087031924535358
step0,0,896,7,6574, miles,404,7,1.0527329444885254,1.3850817680358887,15.793575286865234,0.4804399497807026,11.087031924535358
step0,0,960,0,21825, clones,2,0,1.0257478952407837,1.3421655893325806,15.480112075805664,0.5403045751154423,11.087031924535358
step0,0,960,1,46808, trustworthy,3,1,0.9886439442634583,1.266217589378357,14.775808334350586,0.5524407364428043,11.087031924535358
step0,0,960,2,23778, motive,8,2,1.035528540611267,1.3425180912017822,15.521162033081055,0.5604400150477886,11.087031924535358
step0,0,960,3,42548, generosity,8,3,1.005172610282898,1.3191227912902832,15.218741416931152,0.5771714933216572,11.087031924535358
step0,0,960,4,29254, critique,18,4,0.9797801971435547,1.2988606691360474,14.977113723754883,0.5917627327144146,11.087031924535358
step0,0,960,5,19211, cabinet,33,5,1.0169029235839844,1.3224115371704102,15.264155387878418,0.5806966461241245,11.087031924535358
step0,0,960,6,14290, documented,48,6,1.0106492042541504,1.3164129257202148,15.199580192565918,0.5142684690654278,11.087031924535358
step0,0,960,7,6574, miles,404,7,1.0785834789276123,1.3703242540359497,15.70920181274414,0.5167990066111088,11.087031924535358
step0,0,1024,0,21825, clones,2,0,1.0237667560577393,1.3143898248672485,15.21545124053955,0.5465824715793133,11.087031924535358
step0,0,1024,1,46808, trustworthy,3,1,1.0039377212524414,1.3249579668045044,15.326428413391113,0.5797147452831268,11.087031924535358
step0,0,1024,2,23778, motive,8,2,0.9664247632026672,1.2702381610870361,14.898216247558594,0.5864126048982143,11.087031924535358
step0,0,1024,3,42548, generosity,8,3,1.0799273252487183,1.39613938331604,15.853099822998047,0.5181020312011242,11.087031924535358
step0,0,1024,4,29254, critique,18,4,1.0114537477493286,1.3321808576583862,15.37743854522705,0.5592360161244869,11.087031924535358
step0,0,1024,5,19211, cabinet,33,5,1.0411866903305054,1.329897403717041,15.329859733581543,0.5229331627488136,11.087031924535358
step0,0,1024,6,14290, documented,48,6,1.0022331476211548,1.3013652563095093,15.029487609863281,0.5665107853710651,11.087031924535358
step0,0,1024,7,6574, miles,404,7,1.0315420627593994,1.3570162057876587,15.573651313781738,0.5262383185327053,11.087031924535358
step2000,2000,0,0,21825, clones,2,0,21.719270706176758,135.20582580566406,457.5159606933594,0.47995176911354065,4.346627515459818
step2000,2000,0,1,46808, trustworthy,3,1,22.93889045715332,127.94518280029297,486.9872741699219,0.4808882512152195,4.346627515459818
step2000,2000,0,2,23778, motive,8,2,23.43096923828125,104.38634490966797,515.37744140625,0.7794895172119141,4.346627515459818
step2000,2000,0,3,42548, generosity,8,3,21.865190505981445,88.82799530029297,462.29656982421875,0.4651474840939045,4.346627515459818
step2000,2000,0,4,29254, critique,18,4,21.594844818115234,102.71135711669922,466.25628662109375,0.4747362658381462,4.346627515459818
step2000,2000,0,5,19211, cabinet,33,5,19.74367904663086,97.97884368896484,427.496337890625,0.49563461914658546,4.346627515459818
step2000,2000,0,6,14290, documented,48,6,24.93867301940918,125.49193572998047,525.9270629882812,0.47837890312075615,4.346627515459818
step2000,2000,0,7,6574, miles,404,7,27.250181198120117,131.67318725585938,567.2444458007812,0.4723980464041233,4.346627515459818
step2000,2000,64,0,21825, clones,2,0,0.9879734516143799,1.4689409732818604,14.613931655883789,0.5337472707033157,4.346627515459818
step2000,2000,64,1,46808, trustworthy,3,1,1.0049453973770142,1.4613388776779175,14.609996795654297,0.5699463747441769,4.346627515459818
step2000,2000,64,2,23778, motive,8,2,0.9893196821212769,1.4601457118988037,14.571365356445312,0.4906578063964844,4.346627515459818
step2000,2000,64,3,42548, generosity,8,3,0.995194137096405,1.456149697303772,14.563316345214844,0.547948956489563,4.346627515459818
step2000,2000,64,4,29254, critique,18,4,0.9849686026573181,1.45229971408844,14.499032974243164,0.5594143681228161,4.346627515459818
step2000,2000,64,5,19211, cabinet,33,5,0.9950978755950928,1.4660166501998901,14.619731903076172,0.5424233376979828,4.346627515459818
step2000,2000,64,6,14290, documented,48,6,0.9858222007751465,1.4534096717834473,14.517427444458008,0.5569053515791893,4.346627515459818
step2000,2000,64,7,6574, miles,404,7,0.9841678738594055,1.4648321866989136,14.579062461853027,0.5467407815158367,4.346627515459818
step2000,2000,128,0,21825, clones,2,0,0.9846556186676025,1.4610729217529297,14.567564964294434,0.5201147682964802,4.346627515459818
step2000,2000,128,1,46808, trustworthy,3,1,0.9878168106079102,1.4562618732452393,14.548243522644043,0.5531986244022846,4.346627515459818
step2000,2000,128,2,23778, motive,8,2,0.986238956451416,1.4594764709472656,14.563359260559082,0.527633111923933,4.346627515459818
step2000,2000,128,3,42548, generosity,8,3,0.988269031047821,1.4567420482635498,14.553940773010254,0.5857256092131138,4.346627515459818
step2000,2000,128,4,29254, critique,18,4,0.9881777763366699,1.4537415504455566,14.532485961914062,0.5534251183271408,4.346627515459818
step2000,2000,128,5,19211, cabinet,33,5,0.9853665232658386,1.4605516195297241,14.565940856933594,0.5465788692235947,4.346627515459818
step2000,2000,128,6,14290, documented,48,6,0.9889981150627136,1.4539378881454468,14.537739753723145,0.580773402005434,4.346627515459818
step2000,2000,128,7,6574, miles,404,7,0.9850250482559204,1.4609904289245605,14.56861400604248,0.5597366616129875,4.346627515459818
step2000,2000,192,0,21825, clones,2,0,0.985291600227356,1.4606996774673462,14.566228866577148,0.5198428332805634,4.346627515459818
step2000,2000,192,1,46808, trustworthy,3,1,0.9868203997612,1.4586992263793945,14.5593900680542,0.5137150883674622,4.346627515459818
step2000,2000,192,2,23778, motive,8,2,0.9858382940292358,1.4600374698638916,14.564122200012207,0.5403170101344585,4.346627515459818
step2000,2000,192,3,42548, generosity,8,3,0.986755907535553,1.4587903022766113,14.559672355651855,0.5665533319115639,4.346627515459818
step2000,2000,192,4,29254, critique,18,4,0.9880952835083008,1.456598162651062,14.55051326751709,0.580085001885891,4.346627515459818
step2000,2000,192,5,19211, cabinet,33,5,0.9854603409767151,1.4604910612106323,14.565515518188477,0.5751063674688339,4.346627515459818
step2000,2000,192,6,14290, documented,48,6,0.9879974722862244,1.4567948579788208,14.55142593383789,0.5692064315080643,4.346627515459818
step2000,2000,192,7,6574, miles,404,7,0.9853569865226746,1.46060311794281,14.566038131713867,0.5107696615159512,4.346627515459818
step2000,2000,256,0,21825, clones,2,0,0.9854804277420044,1.460462212562561,14.565539360046387,0.5753900445997715,4.346627515459818
step2000,2000,256,1,46808, trustworthy,3,1,0.9861299991607666,1.4596420526504517,14.562819480895996,0.5780880860984325,4.346627515459818
step2000,2000,256,2,23778, motive,8,2,0.9856967329978943,1.4601870775222778,14.564691543579102,0.5588496625423431,4.346627515459818
step2000,2000,256,3,42548, generosity,8,3,0.9860981702804565,1.4596776962280273,14.562960624694824,0.5888929255306721,4.346627515459818
step2000,2000,256,4,29254, critique,18,4,0.9868814945220947,1.4586176872253418,14.559098243713379,0.5526489466428757,4.346627515459818
step2000,2000,256,5,19211, cabinet,33,5,0.9855572581291199,1.4603700637817383,14.565271377563477,0.5269757211208344,4.346627515459818
step2000,2000,256,6,14290, documented,48,6,0.9868062734603882,1.4587277173995972,14.559511184692383,0.582713145762682,4.346627515459818
step2000,2000,256,7,6574, miles,404,7,0.9855043888092041,1.460442066192627,14.56545639038086,0.5471051968634129,4.346627515459818
step2000,2000,320,0,21825, clones,2,0,0.9855625629425049,1.4603465795516968,14.565250396728516,0.507800966501236,4.346627515459818
step2000,2000,320,1,46808, trustworthy,3,1,0.9858217239379883,1.460023283958435,14.564177513122559,0.6076613962650299,4.346627515459818
step2000,2000,320,2,23778, motive,8,2,0.9856466054916382,1.4602699279785156,14.56491470336914,0.5192863047122955,4.346627515459818
step2000,2000,320,3,42548, generosity,8,3,0.9858101010322571,1.460026502609253,14.564233779907227,0.5698770433664322,4.346627515459818
step2000,2000,320,4,29254, critique,18,4,0.9861600399017334,1.4596192836761475,14.562688827514648,0.5675256587564945,4.346627515459818
step2000,2000,320,5,19211, cabinet,33,5,0.9855868220329285,1.4603221416473389,14.565144538879395,0.5454558469355106,4.346627515459818
step2000,2000,320,6,14290, documented,48,6,0.9861243367195129,1.459652066230774,14.562857627868652,0.4794105887413025,4.346627515459818
step2000,2000,320,7,6574, miles,404,7,0.9855666160583496,1.4603188037872314,14.56521987915039,0.5321499221026897,4.346627515459818
step2000,2000,384,0,21825, clones,2,0,0.9855884909629822,1.4603291749954224,14.565133094787598,0.5138468407094479,4.346627515459818
step2000,2000,384,1,46808, trustworthy,3,1,0.9856963157653809,1.4601846933364868,14.564709663391113,0.5633848644793034,4.346627515459818
step2000,2000,384,2,23778, motive,8,2,0.9856246709823608,1.4602770805358887,14.565001487731934,0.49888480082154274,4.346627515459818
step2000,2000,384,3,42548, generosity,8,3,0.9856876730918884,1.460206151008606,14.56473159790039,0.5680086128413677,4.346627515459818
step2000,2000,384,4,29254, critique,18,4,0.985837459564209,1.4600194692611694,14.564122200012207,0.5170876160264015,4.346627515459818
step2000,2000,384,5,19211, cabinet,33,5,0.9855997562408447,1.4602940082550049,14.565092086791992,0.5610438622534275,4.346627515459818
step2000,2000,384,6,14290, documented,48,6,0.9858207106590271,1.460018277168274,14.564188957214355,0.5257533825933933,4.346627515459818
step2000,2000,384,7,6574, miles,404,7,0.9855918884277344,1.4603124856948853,14.565120697021484,0.5585237815976143,4.346627515459818
step2000,2000,448,0,21825, clones,2,0,0.9856013655662537,1.4602758884429932,14.565088272094727,0.5413568802177906,4.346627515459818
step2000,2000,448,1,46808, trustworthy,3,1,0.9856383800506592,1.4602831602096558,14.564920425415039,0.5616854727268219,4.346627515459818
step2000,2000,448,2,23778, motive,8,2,0.9856162071228027,1.4602996110916138,14.565034866333008,0.48418401926755905,4.346627515459818
step2000,2000,448,3,42548, generosity,8,3,0.9856417179107666,1.4602712392807007,14.564929008483887,0.5520186461508274,4.346627515459818
step2000,2000,448,4,29254, critique,18,4,0.9856998324394226,1.4602022171020508,14.564687728881836,0.4928523488342762,4.346627515459818
step2000,2000,448,5,19211, cabinet,33,5,0.9856035113334656,1.4603402614593506,14.565070152282715,0.5662630349397659,4.346627515459818
step2000,2000,448,6,14290, documented,48,6,0.9856919646263123,1.4601904153823853,14.564714431762695,0.4896927997469902,4.346627515459818
step2000,2000,448,7,6574, miles,404,7,0.9856044054031372,1.4603089094161987,14.565083503723145,0.5722565203905106,4.346627515459818
step2000,2000,512,0,21825, clones,2,0,0.9856087565422058,1.4602984189987183,14.565069198608398,0.534017339348793,4.346627515459818
step2000,2000,512,1,46808, trustworthy,3,1,0.9856268167495728,1.4602757692337036,14.565004348754883,0.5704200267791748,4.346627515459818
step2000,2000,512,2,23778, motive,8,2,0.9856109023094177,1.4603062868118286,14.565048217773438,0.5420025996863842,4.346627515459818
step2000,2000,512,3,42548, generosity,8,3,0.9856249094009399,1.46028733253479,14.5650053024292,0.5438041090965271,4.346627515459818
step2000,2000,512,4,29254, critique,18,4,0.9856441617012024,1.460286021232605,14.564911842346191,0.497520063072443,4.346627515459818
step2000,2000,512,5,19211, cabinet,33,5,0.9856052398681641,1.4602982997894287,14.565062522888184,0.5425572879612446,4.346627515459818
step2000,2000,512,6,14290, documented,48,6,0.9856407046318054,1.4602279663085938,14.564922332763672,0.5556943006813526,4.346627515459818
step2000,2000,512,7,6574, miles,404,7,0.985611081123352,1.4602770805358887,14.565068244934082,0.5623649694025517,4.346627515459818
step2000,2000,576,0,21825, clones,2,0,0.985606849193573,1.460295557975769,14.565062522888184,0.554510559886694,4.346627515459818
step2000,2000,576,1,46808, trustworthy,3,1,0.9856155514717102,1.4603166580200195,14.56503677368164,0.5090265832841396,4.346627515459818
step2000,2000,576,2,23778, motive,8,2,0.9856102466583252,1.4603004455566406,14.565053939819336,0.5857050158083439,4.346627515459818
step2000,2000,576,3,42548, generosity,8,3,0.9856141805648804,1.4603052139282227,14.56503677368164,0.4781908802688122,4.346627515459818
step2000,2000,576,4,29254, critique,18,4,0.9856212735176086,1.460279941558838,14.5649995803833,0.49754754453897476,4.346627515459818
step2000,2000,576,5,19211, cabinet,33,5,0.9856077432632446,1.4603092670440674,14.565059661865234,0.5199231654405594,4.346627515459818
step2000,2000,576,6,14290, documented,48,6,0.9856202602386475,1.4602782726287842,14.565004348754883,0.557983260601759,4.346627515459818
step2000,2000,576,7,6574, miles,404,7,0.9856046438217163,1.4602903127670288,14.565061569213867,0.5783934481441975,4.346627515459818
step2000,2000,640,0,21825, clones,2,0,0.9856048822402954,1.460311770439148,14.565059661865234,0.5055014714598656,4.346627515459818
step2000,2000,640,1,46808, trustworthy,3,1,0.9856084585189819,1.4603071212768555,14.565049171447754,0.5624508410692215,4.346627515459818
step2000,2000,640,2,23778, motive,8,2,0.9856060147285461,1.460291862487793,14.565055847167969,0.49409186840057373,4.346627515459818
step2000,2000,640,3,42548, generosity,8,3,0.9856109619140625,1.4603098630905151,14.565049171447754,0.5265312306582928,4.346627515459818
step2000,2000,640,4,29254, critique,18,4,0.9856123328208923,1.4602748155593872,14.565034866333008,0.5554891116917133,4.346627515459818
step2000,2000,640,5,19211, cabinet,33,5,0.9856023192405701,1.4603004455566406,14.565057754516602,0.5594905875623226,4.346627515459818
step2000,2000,640,6,14290, documented,48,6,0.985616147518158,1.4602787494659424,14.56503677368164,0.5456807613372803,4.346627515459818
step2000,2000,640,7,6574, miles,404,7,0.9856060147285461,1.4602854251861572,14.565058708190918,0.5472136363387108,4.346627515459818
step2000,2000,704,0,21825, clones,2,0,0.9856041073799133,1.4603018760681152,14.565058708190918,0.5261624716222286,4.346627515459818
step2000,2000,704,1,46808, trustworthy,3,1,0.9856090545654297,1.4603004455566406,14.565053939819336,0.48355356603860855,4.346627515459818
step2000,2000,704,2,23778, motive,8,2,0.9856059551239014,1.4602960348129272,14.565057754516602,0.5503791607916355,4.346627515459818
step2000,2000,704,3,42548, generosity,8,3,0.9856104254722595,1.4603160619735718,14.565053939819336,0.5647062323987484,4.346627515459818
step2000,2000,704,4,29254, critique,18,4,0.9856091737747192,1.4602831602096558,14.565048217773438,0.5768305249512196,4.346627515459818
step2000,2000,704,5,19211, cabinet,33,5,0.9856084585189819,1.4602880477905273,14.565057754516602,0.5345641411840916,4.346627515459818
step2000,2000,704,6,14290, documented,48,6,0.9856091737747192,1.4603041410446167,14.565049171447754,0.5389652587473392,4.346627515459818
step2000,2000,704,7,6574, miles,404,7,0.9856111407279968,1.4603205919265747,14.565057754516602,0.5213303677737713,4.346627515459818
step2000,2000,768,0,21825, clones,2,0,0.9856029748916626,1.460298776626587,14.565056800842285,0.5713245235383511,4.346627515459818
step2000,2000,768,1,46808, trustworthy,3,1,0.9856056571006775,1.4603168964385986,14.565055847167969,0.5565417744219303,4.346627515459818
step2000,2000,768,2,23778, motive,8,2,0.9856095314025879,1.4603127241134644,14.565055847167969,0.543276134878397,4.346627515459818
step2000,2000,768,3,42548, generosity,8,3,0.9856075048446655,1.4602727890014648,14.565055847167969,0.4996289946138859,4.346627515459818
step2000,2000,768,4,29254, critique,18,4,0.9856120347976685,1.460318684577942,14.565053939819336,0.4953598752617836,4.346627515459818
step2000,2000,768,5,19211, cabinet,33,5,0.9856094121932983,1.4602916240692139,14.565056800842285,0.554279413074255,4.346627515459818
step2000,2000,768,6,14290, documented,48,6,0.9856138229370117,1.460321307182312,14.565053939819336,0.5603097192943096,4.346627515459818
step2000,2000,768,7,6574, miles,404,7,0.9856088161468506,1.4603163003921509,14.565057754516602,0.5000367648899555,4.346627515459818
step2000,2000,832,0,21825, clones,2,0,0.9856118559837341,1.4603315591812134,14.565057754516602,0.5568384751677513,4.346627515459818
step2000,2000,832,1,46808, trustworthy,3,1,0.985612154006958,1.4602993726730347,14.565056800842285,0.5737258642911911,4.346627515459818
step2000,2000,832,2,23778, motive,8,2,0.9856094121932983,1.4602965116500854,14.565056800842285,0.5254487618803978,4.346627515459818
step2000,2000,832,3,42548, generosity,8,3,0.9856049418449402,1.4602856636047363,14.565057754516602,0.573318425565958,4.346627515459818
step2000,2000,832,4,29254, critique,18,4,0.9856107234954834,1.4603068828582764,14.565055847167969,0.5800345949828625,4.346627515459818
step2000,2000,832,5,19211, cabinet,33,5,0.9856075048446655,1.4602954387664795,14.565056800842285,0.5102716870605946,4.346627515459818
step2000,2000,832,6,14290, documented,48,6,0.9856056571006775,1.460284948348999,14.565055847167969,0.5598219707608223,4.346627515459818
step2000,2000,832,7,6574, miles,404,7,0.9856065511703491,1.4602941274642944,14.565058708190918,0.5520991459488869,4.346627515459818
step2000,2000,896,0,21825, clones,2,0,0.9856070280075073,1.4603065252304077,14.565055847167969,0.5694551579654217,4.346627515459818
step2000,2000,896,1,46808, trustworthy,3,1,0.985608696937561,1.460289716720581,14.565056800842285,0.5518158227205276,4.346627515459818
step2000,2000,896,2,23778, motive,8,2,0.9856076240539551,1.4602690935134888,14.565056800842285,0.5517800562083721,4.346627515459818
step2000,2000,896,3,42548, generosity,8,3,0.9856065511703491,1.4602957963943481,14.565057754516602,0.5476740747690201,4.346627515459818
step2000,2000,896,4,29254, critique,18,4,0.9856096506118774,1.460277795791626,14.565057754516602,0.49482839927077293,4.346627515459818
step2000,2000,896,5,19211, cabinet,33,5,0.9856082797050476,1.4603060483932495,14.565057754516602,0.6129338592290878,4.346627515459818
step2000,2000,896,6,14290, documented,48,6,0.9856082201004028,1.4602959156036377,14.565056800842285,1.2502670250833035,4.346627515459818
step2000,2000,896,7,6574, miles,404,7,0.9856075048446655,1.4602766036987305,14.565056800842285,0.5950294472277164,4.346627515459818
step2000,2000,960,0,21825, clones,2,0,0.9856076836585999,1.4603208303451538,14.565056800842285,0.5112447924911976,4.346627515459818
step2000,2000,960,1,46808, trustworthy,3,1,0.9856045842170715,1.4602919816970825,14.565056800842285,0.5429926216602325,4.346627515459818
step2000,2000,960,2,23778, motive,8,2,0.9856055974960327,1.460280418395996,14.565058708190918,0.5907648876309395,4.346627515459818
step2000,2000,960,3,42548, generosity,8,3,0.9856104850769043,1.4603033065795898,14.565056800842285,0.576115295290947,4.346627515459818
step2000,2000,960,4,29254, critique,18,4,0.9856112003326416,1.4603300094604492,14.565057754516602,0.5545480847358704,4.346627515459818
step2000,2000,960,5,19211, cabinet,33,5,0.9856075048446655,1.4602935314178467,14.565056800842285,0.5322743393480778,4.346627515459818
step2000,2000,960,6,14290, documented,48,6,0.9856119155883789,1.4603105783462524,14.565056800842285,0.5338633842766285,4.346627515459818
step2000,2000,960,7,6574, miles,404,7,0.9856076836585999,1.460301399230957,14.565056800842285,0.5588648542761803,4.346627515459818
step2000,2000,1024,0,21825, clones,2,0,0.9856048822402954,1.460288166999817,14.565056800842285,0.6097353100776672,4.346627515459818
step2000,2000,1024,1,46808, trustworthy,3,1,0.9856088161468506,1.4602916240692139,14.565056800842285,0.5491326116025448,4.346627515459818
step2000,2000,1024,2,23778, motive,8,2,0.9856078028678894,1.4603065252304077,14.565056800842285,0.5563129149377346,4.346627515459818
step2000,2000,1024,3,42548, generosity,8,3,0.9856083989143372,1.4603005647659302,14.565056800842285,0.5557311251759529,4.346627515459818
step2000,2000,1024,4,29254, critique,18,4,0.9856069087982178,1.4602725505828857,14.565057754516602,0.5618164390325546,4.346627515459818
step2000,2000,1024,5,19211, cabinet,33,5,0.9856082797050476,1.4602715969085693,14.565056800842285,0.5723380260169506,4.346627515459818
step2000,2000,1024,6,14290, documented,48,6,0.9856095910072327,1.4603320360183716,14.565057754516602,0.5692572593688965,4.346627515459818
step2000,2000,1024,7,6574, miles,404,7,0.9856102466583252,1.460302710533142,14.565056800842285,0.5785553567111492,4.346627515459818
step3000,3000,0,0,21825, clones,2,0,15.882590293884277,138.5784149169922,346.16644287109375,0.4771149083971977,4.194796168614948
step3000,3000,0,1,46808, trustworthy,3,1,16.597566604614258,107.82685089111328,346.9639587402344,0.477947223931551,4.194796168614948
step3000,3000,0,2,23778, motive,8,2,16.749650955200195,90.43427276611328,353.980224609375,0.44828520342707634,4.194796168614948
step3000,3000,0,3,42548, generosity,8,3,16.820070266723633,94.12432098388672,356.9398193359375,0.4888825938105583,4.194796168614948
step3000,3000,0,4,29254, critique,18,4,16.344629287719727,98.23860931396484,329.1916809082031,0.4835490733385086,4.194796168614948
step3000,3000,0,5,19211, cabinet,33,5,14.98031234741211,87.28308868408203,317.90911865234375,0.5219611041247845,4.194796168614948
step3000,3000,0,6,14290, documented,48,6,18.65715980529785,127.22770690917969,352.55560302734375,0.5057433061301708,4.194796168614948
step3000,3000,0,7,6574, miles,404,7,22.174659729003906,121.94671630859375,461.144775390625,0.4585762433707714,4.194796168614948
step3000,3000,64,0,21825, clones,2,0,0.9620988965034485,1.5287187099456787,14.198531150817871,0.5461383983492851,4.194796168614948
step3000,3000,64,1,46808, trustworthy,3,1,0.9643310308456421,1.522936224937439,14.163362503051758,0.5436941981315613,4.194796168614948
step3000,3000,64,2,23778, motive,8,2,0.9629273414611816,1.5224401950836182,14.189363479614258,0.5451216250658035,4.194796168614948
step3000,3000,64,3,42548, generosity,8,3,0.9717169404029846,1.5057294368743896,14.10806655883789,0.5390530377626419,4.194796168614948
step3000,3000,64,4,29254, critique,18,4,0.9667153358459473,1.50666344165802,14.13652515411377,0.5522338598966599,4.194796168614948
step3000,3000,64,5,19211, cabinet,33,5,0.9678468108177185,1.530693769454956,14.12949275970459,0.5658722519874573,4.194796168614948
step3000,3000,64,6,14290, documented,48,6,0.9647769331932068,1.5086908340454102,14.157308578491211,0.5698016323149204,4.194796168614948
step3000,3000,64,7,6574, miles,404,7,0.9622218608856201,1.5194592475891113,14.18600082397461,0.5638083964586258,4.194796168614948
step3000,3000,128,0,21825, clones,2,0,0.9581417441368103,1.528908371925354,14.215392112731934,0.5520094037055969,4.194796168614948
step3000,3000,128,1,46808, trustworthy,3,1,0.9584338665008545,1.5278908014297485,14.212342262268066,0.5122663453221321,4.194796168614948
step3000,3000,128,2,23778, motive,8,2,0.9581772089004517,1.5289252996444702,14.215126991271973,0.5528535097837448,4.194796168614948
step3000,3000,128,3,42548, generosity,8,3,0.958801805973053,1.526743769645691,14.208772659301758,0.5432589799165726,4.194796168614948
step3000,3000,128,4,29254, critique,18,4,0.9584960341453552,1.5279231071472168,14.212075233459473,0.5465349219739437,4.194796168614948
step3000,3000,128,5,19211, cabinet,33,5,0.9588219523429871,1.5262008905410767,14.20775318145752,0.5437264107167721,4.194796168614948
step3000,3000,128,6,14290, documented,48,6,0.9583659768104553,1.5283900499343872,14.213428497314453,0.5573080293834209,4.194796168614948
step3000,3000,128,7,6574, miles,404,7,0.9581678509712219,1.5289664268493652,14.215319633483887,0.5788672491908073,4.194796168614948
step3000,3000,192,0,21825, clones,2,0,0.9579663872718811,1.5296128988265991,14.217616081237793,0.556090708822012,4.194796168614948
step3000,3000,192,1,46808, trustworthy,3,1,0.9579849243164062,1.529573678970337,14.217411041259766,0.5358757749199867,4.194796168614948
step3000,3000,192,2,23778, motive,8,2,0.9579669833183289,1.529593586921692,14.217594146728516,0.6229187436401844,4.194796168614948
step3000,3000,192,3,42548, generosity,8,3,0.9580087065696716,1.5294398069381714,14.217148780822754,0.5345830507576466,4.194796168614948
step3000,3000,192,4,29254, critique,18,4,0.9579862952232361,1.529605507850647,14.217382431030273,0.48958323523402214,4.194796168614948
step3000,3000,192,5,19211, cabinet,33,5,0.9580168724060059,1.5294373035430908,14.217087745666504,0.5104660354554653,4.194796168614948
step3000,3000,192,6,14290, documented,48,6,0.9579779505729675,1.529551386833191,14.217474937438965,0.5564983487129211,4.194796168614948
step3000,3000,192,7,6574, miles,404,7,0.9579669237136841,1.5296415090560913,14.217605590820312,0.6120069585740566,4.194796168614948
step3000,3000,256,0,21825, clones,2,0,0.9579514265060425,1.529650330543518,14.217765808105469,0.5496583506464958,4.194796168614948
step3000,3000,256,1,46808, trustworthy,3,1,0.9579521417617798,1.5296188592910767,14.217751502990723,0.5859835632145405,4.194796168614948
step3000,3000,256,2,23778, motive,8,2,0.9579538106918335,1.5296711921691895,14.21776294708252,0.5704976953566074,4.194796168614948
step3000,3000,256,3,42548, generosity,8,3,0.9579595923423767,1.5296595096588135,14.217734336853027,0.6067011654376984,4.194796168614948
step3000,3000,256,4,29254, critique,18,4,0.9579537510871887,1.5296826362609863,14.21774959564209,0.5703343413770199,4.194796168614948
step3000,3000,256,5,19211, cabinet,33,5,0.95795738697052,1.5296720266342163,14.217729568481445,0.5397921092808247,4.194796168614948
step3000,3000,256,6,14290, documented,48,6,0.9579529762268066,1.5296748876571655,14.217757225036621,0.6347875408828259,4.194796168614948
step3000,3000,256,7,6574, miles,404,7,0.9579527974128723,1.5296498537063599,14.217764854431152,0.6982433162629604,4.194796168614948
step3000,3000,320,0,21825, clones,2,0,0.9579514861106873,1.529680848121643,14.217774391174316,0.5469295680522919,4.194796168614948
step3000,3000,320,1,46808, trustworthy,3,1,0.9579525589942932,1.5296683311462402,14.2177734375,0.4850176014006138,4.194796168614948
step3000,3000,320,2,23778, motive,8,2,0.9579504132270813,1.5297107696533203,14.217774391174316,0.5439140647649765,4.194796168614948
step3000,3000,320,3,42548, generosity,8,3,0.9579522013664246,1.5297149419784546,14.217772483825684,0.5768675394356251,4.194796168614948
step3000,3000,320,4,29254, critique,18,4,0.9579530358314514,1.5296388864517212,14.2177734375,0.5587585121393204,4.194796168614948
step3000,3000,320,5,19211, cabinet,33,5,0.957955002784729,1.5296604633331299,14.217772483825684,0.487015537917614,4.194796168614948
step3000,3000,320,6,14290, documented,48,6,0.957948625087738,1.5296766757965088,14.217774391174316,0.5104944631457329,4.194796168614948
step3000,3000,320,7,6574, miles,404,7,0.9579505324363708,1.5296509265899658,14.217774391174316,0.5143924839794636,4.194796168614948
step3000,3000,384,0,21825, clones,2,0,0.9579508304595947,1.5296683311462402,14.217774391174316,0.5877278968691826,4.194796168614948
step3000,3000,384,1,46808, trustworthy,3,1,0.9579517841339111,1.5297197103500366,14.217775344848633,0.5936848148703575,4.194796168614948
step3000,3000,384,2,23778, motive,8,2,0.9579493999481201,1.529659390449524,14.217774391174316,0.4941694177687168,4.194796168614948
step3000,3000,384,3,42548, generosity,8,3,0.9579513072967529,1.529672384262085,14.217774391174316,0.5671975165605545,4.194796168614948
step3000,3000,384,4,29254, critique,18,4,0.9579532742500305,1.5297112464904785,14.217775344848633,0.49030209705233574,4.194796168614948
step3000,3000,384,5,19211, cabinet,33,5,0.9579507112503052,1.5296729803085327,14.217777252197266,0.557139202952385,4.194796168614948
step3000,3000,384,6,14290, documented,48,6,0.9579513072967529,1.5297247171401978,14.217774391174316,0.5504384525120258,4.194796168614948
step3000,3000,384,7,6574, miles,404,7,0.9579488039016724,1.5296587944030762,14.217775344848633,0.5542161837220192,4.194796168614948
step3000,3000,448,0,21825, clones,2,0,0.9579503536224365,1.5296467542648315,14.217774391174316,0.5851279273629189,4.194796168614948
step3000,3000,448,1,46808, trustworthy,3,1,0.957949697971344,1.5297154188156128,14.21777629852295,0.5421079248189926,4.194796168614948
step3000,3000,448,2,23778, motive,8,2,0.9579511880874634,1.5296682119369507,14.217774391174316,0.5748157873749733,4.194796168614948
step3000,3000,448,3,42548, generosity,8,3,0.957948625087738,1.5296891927719116,14.217774391174316,0.5606421940028667,4.194796168614948
step3000,3000,448,4,29254, critique,18,4,0.9579524397850037,1.529685378074646,14.21777629852295,0.5447943843901157,4.194796168614948
step3000,3000,448,5,19211, cabinet,33,5,0.9579534530639648,1.5296680927276611,14.217772483825684,0.5657031796872616,4.194796168614948
step3000,3000,448,6,14290, documented,48,6,0.9579538702964783,1.5296766757965088,14.217774391174316,0.5464733950793743,4.194796168614948
step3000,3000,448,7,6574, miles,404,7,0.9579501152038574,1.529659390449524,14.217774391174316,0.5448373258113861,4.194796168614948
step3000,3000,512,0,21825, clones,2,0,0.9579524993896484,1.5296684503555298,14.217775344848633,0.5474686101078987,4.194796168614948
step3000,3000,512,1,46808, trustworthy,3,1,0.9579510688781738,1.5296683311462402,14.217775344848633,0.5587278753519058,4.194796168614948
step3000,3000,512,2,23778, motive,8,2,0.9579548239707947,1.5296683311462402,14.217774391174316,0.5781010165810585,4.194796168614948
step3000,3000,512,3,42548, generosity,8,3,0.9579497575759888,1.5296216011047363,14.217774391174316,0.5571359805762768,4.194796168614948
step3000,3000,512,4,29254, critique,18,4,0.9579542875289917,1.529651165008545,14.217774391174316,0.7795929983258247,4.194796168614948
step3000,3000,512,5,19211, cabinet,33,5,0.9579529166221619,1.529672384262085,14.217774391174316,0.5550755821168423,4.194796168614948
step3000,3000,512,6,14290, documented,48,6,0.9579522013664246,1.5296978950500488,14.217774391174316,0.5493180863559246,4.194796168614948
step3000,3000,512,7,6574, miles,404,7,0.9579549431800842,1.5296722650527954,14.217775344848633,0.4916781894862652,4.194796168614948
step3000,3000,576,0,21825, clones,2,0,0.9579511880874634,1.5296684503555298,14.21777629852295,0.5553301014006138,4.194796168614948
step3000,3000,576,1,46808, trustworthy,3,1,0.9579535722732544,1.5296258926391602,14.217775344848633,0.5759757645428181,4.194796168614948
step3000,3000,576,2,23778, motive,8,2,0.9579505920410156,1.5296636819839478,14.217775344848633,0.49022841081023216,4.194796168614948
step3000,3000,576,3,42548, generosity,8,3,0.9579512476921082,1.529672622680664,14.2177734375,0.6017004139721394,4.194796168614948
step3000,3000,576,4,29254, critique,18,4,0.9579505920410156,1.5296553373336792,14.217774391174316,0.5878792703151703,4.194796168614948
step3000,3000,576,5,19211, cabinet,33,5,0.9579522013664246,1.5296597480773926,14.217775344848633,0.5746614076197147,4.194796168614948
step3000,3000,576,6,14290, documented,48,6,0.9579516649246216,1.5296683311462402,14.2177734375,0.6595933102071285,4.194796168614948
step3000,3000,576,7,6574, miles,404,7,0.9579490423202515,1.529676914215088,14.217774391174316,0.5678020678460598,4.194796168614948
step3000,3000,640,0,21825, clones,2,0,0.9579538702964783,1.529676914215088,14.217774391174316,0.5139140076935291,4.194796168614948
step3000,3000,640,1,46808, trustworthy,3,1,0.9579480886459351,1.5296809673309326,14.217774391174316,0.5846800170838833,4.194796168614948
step3000,3000,640,2,23778, motive,8,2,0.9579505920410156,1.5296683311462402,14.217774391174316,0.5186120718717575,4.194796168614948
step3000,3000,640,3,42548, generosity,8,3,0.9579513669013977,1.5296510457992554,14.217777252197266,0.5511238686740398,4.194796168614948
step3000,3000,640,4,29254, critique,18,4,0.9579518437385559,1.529672384262085,14.217774391174316,0.5793283358216286,4.194796168614948
step3000,3000,640,5,19211, cabinet,33,5,0.9579523205757141,1.529651165008545,14.21777629852295,0.5588081553578377,4.194796168614948
step3000,3000,640,6,14290, documented,48,6,0.95795077085495,1.5296895503997803,14.217774391174316,0.49067579209804535,4.194796168614948
step3000,3000,640,7,6574, miles,404,7,0.9579513072967529,1.5296728610992432,14.217777252197266,0.5734020061790943,4.194796168614948
step3000,3000,704,0,21825, clones,2,0,0.9579517841339111,1.5296554565429688,14.217774391174316,0.5482668280601501,4.194796168614948
step3000,3000,704,1,46808, trustworthy,3,1,0.9579492211341858,1.5296595096588135,14.217774391174316,0.5744716301560402,4.194796168614948
step3000,3000,704,2,23778, motive,8,2,0.9579520225524902,1.5296595096588135,14.217774391174316,0.6073081605136395,4.194796168614948
step3000,3000,704,3,42548, generosity,8,3,0.9579516053199768,1.5296510457992554,14.217775344848633,0.49209919199347496,4.194796168614948
step3000,3000,704,4,29254, critique,18,4,0.9579523801803589,1.5296683311462402,14.217774391174316,0.5761892087757587,4.194796168614948
step3000,3000,704,5,19211, cabinet,33,5,0.9579516053199768,1.5296684503555298,14.217775344848633,0.5432416312396526,4.194796168614948
step3000,3000,704,6,14290, documented,48,6,0.957951009273529,1.5296553373336792,14.217774391174316,0.543226707726717,4.194796168614948
step3000,3000,704,7,6574, miles,404,7,0.9579516649246216,1.5296597480773926,14.217774391174316,0.5549237728118896,4.194796168614948
step3000,3000,768,0,21825, clones,2,0,0.9579490423202515,1.5296592712402344,14.217774391174316,0.570274505764246,4.194796168614948
step3000,3000,768,1,46808, trustworthy,3,1,0.9579529762268066,1.5296638011932373,14.217774391174316,0.5152975171804428,4.194796168614948
step3000,3000,768,2,23778, motive,8,2,0.9579516649246216,1.5296978950500488,14.2177734375,0.5554086603224277,4.194796168614948
step3000,3000,768,3,42548, generosity,8,3,0.9579501748085022,1.5296599864959717,14.217777252197266,0.5701360404491425,4.194796168614948
step3000,3000,768,4,29254, critique,18,4,0.9579521417617798,1.5296342372894287,14.217774391174316,0.5700737871229649,4.194796168614948
step3000,3000,768,5,19211, cabinet,33,5,0.9579508900642395,1.5296683311462402,14.217774391174316,0.5454551726579666,4.194796168614948
step3000,3000,768,6,14290, documented,48,6,0.9579505920410156,1.5296674966812134,14.217777252197266,0.5619248002767563,4.194796168614948
step3000,3000,768,7,6574, miles,404,7,0.9579508304595947,1.5296812057495117,14.217774391174316,0.5503507629036903,4.194796168614948
step3000,3000,832,0,21825, clones,2,0,0.9579522609710693,1.5296729803085327,14.217774391174316,0.4870591349899769,4.194796168614948
step3000,3000,832,1,46808, trustworthy,3,1,0.9579518437385559,1.5296385288238525,14.217774391174316,0.4984377771615982,4.194796168614948
step3000,3000,832,2,23778, motive,8,2,0.9579505324363708,1.529685378074646,14.21777629852295,0.5582983791828156,4.194796168614948
step3000,3000,832,3,42548, generosity,8,3,0.9579488635063171,1.5296852588653564,14.217774391174316,0.5513281412422657,4.194796168614948
step3000,3000,832,4,29254, critique,18,4,0.9579522609710693,1.5296553373336792,14.217774391174316,0.507593709975481,4.194796168614948
step3000,3000,832,5,19211, cabinet,33,5,0.9579509496688843,1.5296852588653564,14.217774391174316,0.5557021014392376,4.194796168614948
step3000,3000,832,6,14290, documented,48,6,0.9579496383666992,1.5296727418899536,14.217774391174316,0.5652536116540432,4.194796168614948
step3000,3000,832,7,6574, miles,404,7,0.9579488635063171,1.5296595096588135,14.217774391174316,0.5865765884518623,4.194796168614948
step3000,3000,896,0,21825, clones,2,0,0.9579490423202515,1.5296727418899536,14.217774391174316,0.6144313812255859,4.194796168614948
step3000,3000,896,1,46808, trustworthy,3,1,0.9579510688781738,1.529651165008545,14.217774391174316,0.5442191623151302,4.194796168614948
step3000,3000,896,2,23778, motive,8,2,0.9579513072967529,1.5297069549560547,14.217774391174316,0.54957065731287,4.194796168614948
step3000,3000,896,3,42548, generosity,8,3,0.9579482674598694,1.5296510457992554,14.217774391174316,0.5688035786151886,4.194796168614948
step3000,3000,896,4,29254, critique,18,4,0.9579533934593201,1.529659628868103,14.217774391174316,0.5531792156398296,4.194796168614948
step3000,3000,896,5,19211, cabinet,33,5,0.9579492211341858,1.529651165008545,14.217774391174316,0.5550185404717922,4.194796168614948
step3000,3000,896,6,14290, documented,48,6,0.9579519629478455,1.5296767950057983,14.217774391174316,0.5562348812818527,4.194796168614948
step3000,3000,896,7,6574, miles,404,7,0.957955539226532,1.529651165008545,14.217774391174316,0.5495900399982929,4.194796168614948
step3000,3000,960,0,21825, clones,2,0,0.9579516649246216,1.5296636819839478,14.217774391174316,0.5621696822345257,4.194796168614948
step3000,3000,960,1,46808, trustworthy,3,1,0.9579513669013977,1.5296552181243896,14.217775344848633,0.5586154013872147,4.194796168614948
step3000,3000,960,2,23778, motive,8,2,0.9579508304595947,1.529685378074646,14.217774391174316,0.547558568418026,4.194796168614948
step3000,3000,960,3,42548, generosity,8,3,0.9579490423202515,1.5296766757965088,14.217774391174316,0.5409692153334618,4.194796168614948
step3000,3000,960,4,29254, critique,18,4,0.9579498171806335,1.5296810865402222,14.217774391174316,0.5282180160284042,4.194796168614948
step3000,3000,960,5,19211, cabinet,33,5,0.9579538702964783,1.5296727418899536,14.217774391174316,0.5758803710341454,4.194796168614948
step3000,3000,960,6,14290, documented,48,6,0.9579530954360962,1.5296725034713745,14.217774391174316,0.4856932461261749,4.194796168614948
step3000,3000,960,7,6574, miles,404,7,0.957951009273529,1.5296772718429565,14.217774391174316,0.5819849371910095,4.194796168614948
step3000,3000,1024,0,21825, clones,2,0,0.9579514265060425,1.5297183990478516,14.217774391174316,0.6141701489686966,4.194796168614948
step3000,3000,1024,1,46808, trustworthy,3,1,0.9579495191574097,1.5296725034713745,14.217774391174316,0.5783022865653038,4.194796168614948
step3000,3000,1024,2,23778, motive,8,2,0.957948625087738,1.5296469926834106,14.217774391174316,0.5646109208464622,4.194796168614948
step3000,3000,1024,3,42548, generosity,8,3,0.9579520225524902,1.5296684503555298,14.21777629852295,0.5254779122769833,4.194796168614948
step3000,3000,1024,4,29254, critique,18,4,0.9579522013664246,1.5296556949615479,14.2177734375,0.6406559534370899,4.194796168614948
step3000,3000,1024,5,19211, cabinet,33,5,0.9579511284828186,1.5296597480773926,14.217774391174316,0.6601579934358597,4.194796168614948
step3000,3000,1024,6,14290, documented,48,6,0.9579516053199768,1.529693365097046,14.217774391174316,0.6253369599580765,4.194796168614948
step3000,3000,1024,7,6574, miles,404,7,0.9579506516456604,1.5296552181243896,14.217774391174316,0.5997746177017689,4.194796168614948
step4000,4000,0,0,21825, clones,2,0,13.737578392028809,93.11431121826172,299.52294921875,0.4882848300039768,4.095001425061907
step4000,4000,0,1,46808, trustworthy,3,1,13.639832496643066,85.89715576171875,291.2800598144531,0.5006386861205101,4.095001425061907
step4000,4000,0,2,23778, motive,8,2,16.458927154541016,87.18463134765625,350.9092712402344,0.6687934473156929,4.095001425061907
step4000,4000,0,3,42548, generosity,8,3,18.253990173339844,102.71983337402344,380.3653259277344,0.5267926417291164,4.095001425061907
step4000,4000,0,4,29254, critique,18,4,13.227826118469238,82.99906921386719,285.94549560546875,0.5318998396396637,4.095001425061907
step4000,4000,0,5,19211, cabinet,33,5,14.582449913024902,91.1718978881836,313.03326416015625,0.47697049006819725,4.095001425061907
step4000,4000,0,6,14290, documented,48,6,13.178833961486816,92.51116943359375,277.8229675292969,0.5570831522345543,4.095001425061907
step4000,4000,0,7,6574, miles,404,7,21.164018630981445,135.65618896484375,440.7760925292969,0.5547613240778446,4.095001425061907
step4000,4000,64,0,21825, clones,2,0,0.9915599226951599,1.6348774433135986,14.776856422424316,0.6139826364815235,4.095001425061907
step4000,4000,64,1,46808, trustworthy,3,1,1.0065616369247437,1.6505780220031738,15.169927597045898,0.614219430834055,4.095001425061907
step4000,4000,64,2,23778, motive,8,2,0.996474027633667,1.6552616357803345,14.984047889709473,0.5673726461827755,4.095001425061907
step4000,4000,64,3,42548, generosity,8,3,1.0003265142440796,1.670937418937683,15.309185028076172,0.559990044683218,4.095001425061907
step4000,4000,64,4,29254, critique,18,4,0.9704301953315735,1.6164836883544922,14.8174467086792,0.6001933142542839,4.095001425061907
step4000,4000,64,5,19211, cabinet,33,5,0.9988779425621033,1.6571184396743774,14.99703598022461,0.6016607098281384,4.095001425061907
step4000,4000,64,6,14290, documented,48,6,1.0229400396347046,1.6729657649993896,15.129318237304688,0.5735621638596058,4.095001425061907
step4000,4000,64,7,6574, miles,404,7,0.9899284839630127,1.6612474918365479,15.132299423217773,0.8437781520187855,4.095001425061907
step4000,4000,128,0,21825, clones,2,0,1.0233656167984009,1.6536842584609985,14.984024047851562,0.657031949609518,4.095001425061907
step4000,4000,128,1,46808, trustworthy,3,1,0.9724778532981873,1.648729681968689,14.874966621398926,0.5559990145266056,4.095001425061907
step4000,4000,128,2,23778, motive,8,2,0.973579466342926,1.6455453634262085,14.843344688415527,0.5192896462976933,4.095001425061907
step4000,4000,128,3,42548, generosity,8,3,0.9715808033943176,1.647409200668335,14.867287635803223,0.5280040390789509,4.095001425061907
step4000,4000,128,4,29254, critique,18,4,0.9719869494438171,1.647539496421814,14.86484146118164,0.5691820606589317,4.095001425061907
step4000,4000,128,5,19211, cabinet,33,5,0.975574791431427,1.6538803577423096,14.86866569519043,0.5099659897387028,4.095001425061907
step4000,4000,128,6,14290, documented,48,6,0.9693067073822021,1.6436413526535034,14.848334312438965,0.5066108517348766,4.095001425061907
step4000,4000,128,7,6574, miles,404,7,1.0029603242874146,1.68165922164917,15.2128267288208,0.5859586112201214,4.095001425061907
step4000,4000,192,0,21825, clones,2,0,1.000535249710083,1.679680347442627,15.229612350463867,0.5721742212772369,4.095001425061907
step4000,4000,192,1,46808, trustworthy,3,1,0.9744226932525635,1.6506927013397217,14.87480640411377,0.48822490498423576,4.095001425061907
step4000,4000,192,2,23778, motive,8,2,0.9735931754112244,1.6491527557373047,14.868754386901855,0.5155657976865768,4.095001425061907
step4000,4000,192,3,42548, generosity,8,3,0.9739964604377747,1.6502991914749146,14.87318229675293,0.5420375838875771,4.095001425061907
step4000,4000,192,4,29254, critique,18,4,0.9742138385772705,1.6503523588180542,14.87360954284668,0.5764598585665226,4.095001425061907
step4000,4000,192,5,19211, cabinet,33,5,0.9745442271232605,1.6505693197250366,14.873798370361328,0.5420662946999073,4.095001425061907
step4000,4000,192,6,14290, documented,48,6,0.9935458898544312,1.6640733480453491,15.05517578125,0.5638804920017719,4.095001425061907
step4000,4000,192,7,6574, miles,404,7,0.9882365465164185,1.6581758260726929,15.02508544921875,0.5413154773414135,4.095001425061907
step4000,4000,256,0,21825, clones,2,0,1.004256248474121,1.6830675601959229,15.226232528686523,0.5540445297956467,4.095001425061907
step4000,4000,256,1,46808, trustworthy,3,1,0.9746870994567871,1.6507519483566284,14.87479305267334,0.4964017942547798,4.095001425061907
step4000,4000,256,2,23778, motive,8,2,0.9744533896446228,1.6504782438278198,14.873857498168945,0.5376509316265583,4.095001425061907
step4000,4000,256,3,42548, generosity,8,3,0.9746401906013489,1.650720238685608,14.874788284301758,0.55408975481987,4.095001425061907
step4000,4000,256,4,29254, critique,18,4,0.974645733833313,1.6506874561309814,14.874666213989258,0.5601696781814098,4.095001425061907
step4000,4000,256,5,19211, cabinet,33,5,0.9746211171150208,1.6505619287490845,14.874277114868164,0.5633650310337543,4.095001425061907
step4000,4000,256,6,14290, documented,48,6,0.9993031620979309,1.673066258430481,15.13585090637207,0.5668362602591515,4.095001425061907
step4000,4000,256,7,6574, miles,404,7,0.9819939136505127,1.65047025680542,14.915842056274414,0.5508729256689548,4.095001425061907
step4000,4000,320,0,21825, clones,2,0,0.9935569167137146,1.6667754650115967,15.097905158996582,0.5022594220936298,4.095001425061907
step4000,4000,320,1,46808, trustworthy,3,1,0.9746670126914978,1.6506609916687012,14.874469757080078,0.47910285741090775,4.095001425061907
step4000,4000,320,2,23778, motive,8,2,0.9746429920196533,1.6505893468856812,14.874480247497559,0.49023693054914474,4.095001425061907
step4000,4000,320,3,42548, generosity,8,3,0.9746711254119873,1.6506682634353638,14.874534606933594,0.6240893937647343,4.095001425061907
step4000,4000,320,4,29254, critique,18,4,0.9746649265289307,1.6506043672561646,14.874483108520508,0.5665499232709408,4.095001425061907
step4000,4000,320,5,19211, cabinet,33,5,0.9746469259262085,1.650614619255066,14.874381065368652,0.5431976728141308,4.095001425061907
step4000,4000,320,6,14290, documented,48,6,0.9966907501220703,1.6704094409942627,15.11568546295166,0.5451616570353508,4.095001425061907
step4000,4000,320,7,6574, miles,404,7,0.9919741749763489,1.661565899848938,15.025982856750488,0.5576919093728065,4.095001425061907
step4000,4000,384,0,21825, clones,2,0,0.9862995743751526,1.6555424928665161,14.973355293273926,0.5502595007419586,4.095001425061907
step4000,4000,384,1,46808, trustworthy,3,1,0.9746509194374084,1.6505928039550781,14.874385833740234,0.5378625132143497,4.095001425061907
step4000,4000,384,2,23778, motive,8,2,0.9746555685997009,1.650621771812439,14.874424934387207,0.5052724331617355,4.095001425061907
step4000,4000,384,3,42548, generosity,8,3,0.9746594429016113,1.6506052017211914,14.874401092529297,0.49240394309163094,4.095001425061907
step4000,4000,384,4,29254, critique,18,4,0.9746517539024353,1.6506294012069702,14.87439250946045,0.5434520915150642,4.095001425061907
step4000,4000,384,5,19211, cabinet,33,5,0.9746518135070801,1.650648593902588,14.874384880065918,0.5075369030237198,4.095001425061907
step4000,4000,384,6,14290, documented,48,6,0.9929961562156677,1.664549469947815,15.060528755187988,0.5464309044182301,4.095001425061907
step4000,4000,384,7,6574, miles,404,7,0.9965764880180359,1.66892409324646,15.096307754516602,0.5094245225191116,4.095001425061907
step4000,4000,448,0,21825, clones,2,0,0.9898636937141418,1.659006118774414,15.000941276550293,0.5076425448060036,4.095001425061907
step4000,4000,448,1,46808, trustworthy,3,1,0.9746503233909607,1.650655746459961,14.874378204345703,0.6015343256294727,4.095001425061907
step4000,4000,448,2,23778, motive,8,2,0.9746505618095398,1.6506564617156982,14.87438678741455,0.5223787166178226,4.095001425061907
step4000,4000,448,3,42548, generosity,8,3,0.9746497273445129,1.6506412029266357,14.874380111694336,0.5182624235749245,4.095001425061907
step4000,4000,448,4,29254, critique,18,4,0.974648118019104,1.6506129503250122,14.87437915802002,0.5379364714026451,4.095001425061907
step4000,4000,448,5,19211, cabinet,33,5,0.9746494293212891,1.650599479675293,14.874381065368652,0.5018703117966652,4.095001425061907
step4000,4000,448,6,14290, documented,48,6,0.9915518164634705,1.661966323852539,15.033169746398926,0.5391352884471416,4.095001425061907
step4000,4000,448,7,6574, miles,404,7,0.9959455728530884,1.6686463356018066,15.097251892089844,0.5354167595505714,4.095001425061907
step4000,4000,512,0,21825, clones,2,0,0.994085431098938,1.6650995016098022,15.060025215148926,0.5413158684968948,4.095001425061907
step4000,4000,512,1,46808, trustworthy,3,1,0.9746493697166443,1.6505986452102661,14.874381065368652,0.550173569470644,4.095001425061907
step4000,4000,512,2,23778, motive,8,2,0.97464919090271,1.650635004043579,14.874381065368652,0.5583257712423801,4.095001425061907
step4000,4000,512,3,42548, generosity,8,3,0.974650502204895,1.6505831480026245,14.87437915802002,0.5355922169983387,4.095001425061907
step4000,4000,512,4,29254, critique,18,4,0.9746515154838562,1.6506396532058716,14.87437915802002,0.5119213312864304,4.095001425061907
step4000,4000,512,5,19211, cabinet,33,5,0.9746478796005249,1.65065598487854,14.874381065368652,0.5472499951720238,4.095001425061907
step4000,4000,512,6,14290, documented,48,6,0.9923747777938843,1.66288423538208,15.04039478302002,0.5436620190739632,4.095001425061907
step4000,4000,512,7,6574, miles,404,7,0.9937307238578796,1.6653926372528076,15.067508697509766,0.4928325451910496,4.095001425061907
step4000,4000,576,0,21825, clones,2,0,0.9952194690704346,1.667163610458374,15.08179759979248,0.5519950725138187,4.095001425061907
step4000,4000,576,1,46808, trustworthy,3,1,0.9746490120887756,1.6505951881408691,14.874383926391602,0.4993240050971508,4.095001425061907
step4000,4000,576,2,23778, motive,8,2,0.9746509790420532,1.650598406791687,14.874380111694336,0.5748911947011948,4.095001425061907
step4000,4000,576,3,42548, generosity,8,3,0.9746465086936951,1.6505944728851318,14.87437915802002,0.5010770224034786,4.095001425061907
step4000,4000,576,4,29254, critique,18,4,0.9746475219726562,1.6506030559539795,14.874381065368652,0.49288250505924225,4.095001425061907
step4000,4000,576,5,19211, cabinet,33,5,0.9746474623680115,1.6506085395812988,14.874381065368652,0.5761017203330994,4.095001425061907
step4000,4000,576,6,14290, documented,48,6,0.9934898614883423,1.6644740104675293,15.05606460571289,0.47975612059235573,4.095001425061907
step4000,4000,576,7,6574, miles,404,7,0.9924570918083191,1.663250207901001,15.045973777770996,0.540732204914093,4.095001425061907
step4000,4000,640,0,21825, clones,2,0,0.9942936897277832,1.6660130023956299,15.072588920593262,0.5520754307508469,4.095001425061907
step4000,4000,640,1,46808, trustworthy,3,1,0.9746496677398682,1.6506069898605347,14.874381065368652,0.4917794167995453,4.095001425061907
step4000,4000,640,2,23778, motive,8,2,0.9746482968330383,1.6506321430206299,14.874380111694336,0.5584822073578835,4.095001425061907
step4000,4000,640,3,42548, generosity,8,3,0.9746490120887756,1.650610089302063,14.87437915802002,0.4847869798541069,4.095001425061907
step4000,4000,640,4,29254, critique,18,4,0.9746460318565369,1.650598406791687,14.874381065368652,0.5418635532259941,4.095001425061907
step4000,4000,640,5,19211, cabinet,33,5,0.9746466279029846,1.6505855321884155,14.87437915802002,0.48707937076687813,4.095001425061907
step4000,4000,640,6,14290, documented,48,6,0.9938605427742004,1.6651833057403564,15.063051223754883,0.48117658123373985,4.095001425061907
step4000,4000,640,7,6574, miles,404,7,0.9926097393035889,1.6632860898971558,15.045103073120117,0.5070702098309994,4.095001425061907
step4000,4000,704,0,21825, clones,2,0,0.9931855797767639,1.6644206047058105,15.056398391723633,0.5579885877668858,4.095001425061907
step4000,4000,704,1,46808, trustworthy,3,1,0.9746518135070801,1.6505733728408813,14.874382019042969,0.5370907820761204,4.095001425061907
step4000,4000,704,2,23778, motive,8,2,0.9746485948562622,1.6506463289260864,14.874381065368652,0.5539509989321232,4.095001425061907
step4000,4000,704,3,42548, generosity,8,3,0.9746490120887756,1.6505939960479736,14.874380111694336,0.5659299194812775,4.095001425061907
step4000,4000,704,4,29254, critique,18,4,0.9746518731117249,1.6505790948867798,14.874381065368652,0.5629499442875385,4.095001425061907
step4000,4000,704,5,19211, cabinet,33,5,0.9746482968330383,1.6505939960479736,14.874381065368652,0.500302080065012,4.095001425061907
step4000,4000,704,6,14290, documented,48,6,0.9936418533325195,1.6649012565612793,15.061100006103516,0.5459621772170067,4.095001425061907
step4000,4000,704,7,6574, miles,404,7,0.9932637214660645,1.6641896963119507,15.053643226623535,0.5496779084205627,4.095001425061907
step4000,4000,768,0,21825, clones,2,0,0.9928399324417114,1.6637710332870483,15.049546241760254,0.5270001217722893,4.095001425061907
step4000,4000,768,1,46808, trustworthy,3,1,0.9746496677398682,1.6506205797195435,14.874381065368652,0.4902985244989395,4.095001425061907
step4000,4000,768,2,23778, motive,8,2,0.9746477007865906,1.6506134271621704,14.874381065368652,0.5586327239871025,4.095001425061907
step4000,4000,768,3,42548, generosity,8,3,0.974648118019104,1.6505982875823975,14.87437915802002,0.5639100894331932,4.095001425061907
step4000,4000,768,4,29254, critique,18,4,0.9746488332748413,1.6506236791610718,14.874381065368652,0.5741861872375011,4.095001425061907
step4000,4000,768,5,19211, cabinet,33,5,0.9746498465538025,1.6506164073944092,14.874381065368652,0.5473542846739292,4.095001425061907
step4000,4000,768,6,14290, documented,48,6,0.9933369159698486,1.6644874811172485,15.056781768798828,0.4750373065471649,4.095001425061907
step4000,4000,768,7,6574, miles,404,7,0.9936164617538452,1.6647621393203735,15.059478759765625,0.490244772285223,4.095001425061907
step4000,4000,832,0,21825, clones,2,0,0.9931002855300903,1.664013147354126,15.052056312561035,0.5359418131411076,4.095001425061907
step4000,4000,832,1,46808, trustworthy,3,1,0.9746474027633667,1.6506407260894775,14.87437915802002,0.5312311574816704,4.095001425061907
step4000,4000,832,2,23778, motive,8,2,0.9746488928794861,1.650645136833191,14.87437915802002,0.7307205274701118,4.095001425061907
step4000,4000,832,3,42548, generosity,8,3,0.9746481776237488,1.6506431102752686,14.874380111694336,0.5427373945713043,4.095001425061907
step4000,4000,832,4,29254, critique,18,4,0.9746472835540771,1.6506232023239136,14.87437915802002,0.5411496199667454,4.095001425061907
step4000,4000,832,5,19211, cabinet,33,5,0.9746506214141846,1.6506133079528809,14.874380111694336,0.5506758280098438,4.095001425061907
step4000,4000,832,6,14290, documented,48,6,0.9932300448417664,1.6642554998397827,15.054742813110352,0.49188780412077904,4.095001425061907
step4000,4000,832,7,6574, miles,404,7,0.9935764670372009,1.6648197174072266,15.059723854064941,0.5097818411886692,4.095001425061907
step4000,4000,896,0,21825, clones,2,0,0.9934158325195312,1.6645151376724243,15.056571006774902,0.5179917439818382,4.095001425061907
step4000,4000,896,1,46808, trustworthy,3,1,0.974648654460907,1.6505990028381348,14.874381065368652,0.573650024831295,4.095001425061907
step4000,4000,896,2,23778, motive,8,2,0.9746487736701965,1.6505986452102661,14.874381065368652,0.5943762175738811,4.095001425061907
step4000,4000,896,3,42548, generosity,8,3,0.9746469259262085,1.6506134271621704,14.874381065368652,0.4968980923295021,4.095001425061907
step4000,4000,896,4,29254, critique,18,4,0.9746479392051697,1.6506179571151733,14.874381065368652,0.5533201061189175,4.095001425061907
step4000,4000,896,5,19211, cabinet,33,5,0.9746485948562622,1.650573492050171,14.874381065368652,0.4892485849559307,4.095001425061907
step4000,4000,896,6,14290, documented,48,6,0.9932889938354492,1.6643211841583252,15.055251121520996,0.5604930855333805,4.095001425061907
step4000,4000,896,7,6574, miles,404,7,0.9933991432189941,1.6645323038101196,15.057394027709961,0.5319531969726086,4.095001425061907
step4000,4000,960,0,21825, clones,2,0,0.9935108423233032,1.6646565198898315,15.058465003967285,0.5455538928508759,4.095001425061907
step4000,4000,960,1,46808, trustworthy,3,1,0.9746473431587219,1.6506133079528809,14.874382019042969,0.5674923844635487,4.095001425061907
step4000,4000,960,2,23778, motive,8,2,0.9746477603912354,1.6506165266036987,14.874380111694336,0.578554093837738,4.095001425061907
step4000,4000,960,3,42548, generosity,8,3,0.9746496677398682,1.6506305932998657,14.874381065368652,0.558992151170969,4.095001425061907
step4000,4000,960,4,29254, critique,18,4,0.9746484756469727,1.6506237983703613,14.874381065368652,0.5502476394176483,4.095001425061907
step4000,4000,960,5,19211, cabinet,33,5,0.9746494293212891,1.6506444215774536,14.874381065368652,0.6773065254092216,4.095001425061907
step4000,4000,960,6,14290, documented,48,6,0.9933754205703735,1.6644903421401978,15.056453704833984,0.47186586633324623,4.095001425061907
step4000,4000,960,7,6574, miles,404,7,0.9932974576950073,1.6644004583358765,15.05573844909668,0.4838441535830498,4.095001425061907
step4000,4000,1024,0,21825, clones,2,0,0.9934420585632324,1.6645535230636597,15.057798385620117,0.5159134715795517,4.095001425061907
step4000,4000,1024,1,46808, trustworthy,3,1,0.9746485948562622,1.65064537525177,14.874381065368652,0.5425659231841564,4.095001425061907
step4000,4000,1024,2,23778, motive,8,2,0.974650502204895,1.6506054401397705,14.874381065368652,0.5021392479538918,4.095001425061907
step4000,4000,1024,3,42548, generosity,8,3,0.9746481776237488,1.6506165266036987,14.87437915802002,0.5025173760950565,4.095001425061907
step4000,4000,1024,4,29254, critique,18,4,0.9746518135070801,1.6506338119506836,14.874381065368652,0.4932885654270649,4.095001425061907
step4000,4000,1024,5,19211, cabinet,33,5,0.9746487736701965,1.6506463289260864,14.87437915802002,0.5279835909605026,4.095001425061907
step4000,4000,1024,6,14290, documented,48,6,0.9934046268463135,1.664489507675171,15.057027816772461,0.5504261031746864,4.095001425061907
step4000,4000,1024,7,6574, miles,404,7,0.9933087825775146,1.6644268035888672,15.055642127990723,0.5318128019571304,4.095001425061907
step5000,5000,0,0,21825, clones,2,0,13.610051155090332,98.0014877319336,281.0843505859375,0.461906585842371,4.0916612640259755
step5000,5000,0,1,46808, trustworthy,3,1,13.904430389404297,103.12786865234375,284.192138671875,0.4954635538160801,4.0916612640259755
step5000,5000,0,2,23778, motive,8,2,13.992133140563965,84.00566864013672,316.7348937988281,0.460159070789814,4.0916612640259755
step5000,5000,0,3,42548, generosity,8,3,17.368885040283203,116.46186065673828,375.60845947265625,0.5055191852152348,4.0916612640259755
step5000,5000,0,4,29254, critique,18,4,12.621556282043457,76.67311096191406,248.95028686523438,0.5017165690660477,4.0916612640259755
step5000,5000,0,5,19211, cabinet,33,5,13.346095085144043,80.8471908569336,284.88714599609375,0.4828682839870453,4.0916612640259755
step5000,5000,0,6,14290, documented,48,6,12.828091621398926,92.85073852539062,256.00164794921875,0.49871280789375305,4.0916612640259755
step5000,5000,0,7,6574, miles,404,7,20.273128509521484,149.20632934570312,436.0943908691406,0.4774867966771126,4.0916612640259755
step5000,5000,64,0,21825, clones,2,0,1.0136566162109375,1.7355010509490967,15.464435577392578,0.4831805191934109,4.0916612640259755
step5000,5000,64,1,46808, trustworthy,3,1,1.0310591459274292,1.7573752403259277,15.566960334777832,0.5108869969844818,4.0916612640259755
step5000,5000,64,2,23778, motive,8,2,1.0224121809005737,2.231720447540283,15.148874282836914,0.5364868380129337,4.0916612640259755
step5000,5000,64,3,42548, generosity,8,3,1.0388803482055664,1.759813904762268,15.543238639831543,0.5461205542087555,4.0916612640259755
step5000,5000,64,4,29254, critique,18,4,1.0357619524002075,1.754124402999878,15.367501258850098,0.5561505891382694,4.0916612640259755
step5000,5000,64,5,19211, cabinet,33,5,1.0261443853378296,1.7174758911132812,15.144967079162598,0.5168132968246937,4.0916612640259755
step5000,5000,64,6,14290, documented,48,6,1.0116561651229858,2.0511577129364014,15.381250381469727,0.47804153338074684,4.0916612640259755
step5000,5000,64,7,6574, miles,404,7,1.0307443141937256,2.304094076156616,15.31855583190918,0.5392702221870422,4.0916612640259755
step5000,5000,128,0,21825, clones,2,0,0.9997180104255676,1.7313152551651,15.28375244140625,0.4599609673023224,4.0916612640259755
step5000,5000,128,1,46808, trustworthy,3,1,0.9728233814239502,1.8515923023223877,15.18679428100586,0.5285367220640182,4.0916612640259755
step5000,5000,128,2,23778, motive,8,2,1.0114325284957886,1.7468072175979614,15.3988618850708,0.5130252055823803,4.0916612640259755
step5000,5000,128,3,42548, generosity,8,3,1.007137417793274,1.7252501249313354,15.424269676208496,0.5713942423462868,4.0916612640259755
step5000,5000,128,4,29254, critique,18,4,0.9765203595161438,1.7600584030151367,15.228068351745605,0.5351614020764828,4.0916612640259755
step5000,5000,128,5,19211, cabinet,33,5,1.0127207040786743,1.7300440073013306,15.35400676727295,0.5582671836018562,4.0916612640259755
step5000,5000,128,6,14290, documented,48,6,1.013301968574524,1.7474597692489624,15.498259544372559,0.5413021668791771,4.0916612640259755
step5000,5000,128,7,6574, miles,404,7,0.9943740367889404,1.7480497360229492,15.475519180297852,0.5183570384979248,4.0916612640259755
step5000,5000,192,0,21825, clones,2,0,1.0059396028518677,1.7236204147338867,15.33084487915039,0.5349400900304317,4.0916612640259755
step5000,5000,192,1,46808, trustworthy,3,1,1.0304077863693237,1.7448264360427856,15.353355407714844,0.4969036690890789,4.0916612640259755
step5000,5000,192,2,23778, motive,8,2,1.0279088020324707,1.7611545324325562,15.287805557250977,0.5430737771093845,4.0916612640259755
step5000,5000,192,3,42548, generosity,8,3,1.0046863555908203,1.725696086883545,15.26930046081543,0.5340012535452843,4.0916612640259755
step5000,5000,192,4,29254, critique,18,4,1.0369213819503784,1.7454259395599365,15.407686233520508,0.47105586528778076,4.0916612640259755
step5000,5000,192,5,19211, cabinet,33,5,1.0140811204910278,1.742522120475769,15.399398803710938,0.5304561071097851,4.0916612640259755
step5000,5000,192,6,14290, documented,48,6,1.0342787504196167,2.0302140712738037,15.467500686645508,0.5162454321980476,4.0916612640259755
step5000,5000,192,7,6574, miles,404,7,1.0302852392196655,1.764535665512085,15.511244773864746,0.5224968232214451,4.0916612640259755
step5000,5000,256,0,21825, clones,2,0,1.0247737169265747,1.7416383028030396,15.429560661315918,0.5567343421280384,4.0916612640259755
step5000,5000,256,1,46808, trustworthy,3,1,1.0304216146469116,1.7615739107131958,15.534875869750977,0.4814794547855854,4.0916612640259755
step5000,5000,256,2,23778, motive,8,2,0.994088351726532,1.7435544729232788,15.402530670166016,0.525392223149538,4.0916612640259755
step5000,5000,256,3,42548, generosity,8,3,1.0052788257598877,1.730554223060608,15.330353736877441,0.5217665582895279,4.0916612640259755
step5000,5000,256,4,29254, critique,18,4,1.0261098146438599,1.7435376644134521,15.508691787719727,0.5200990699231625,4.0916612640259755
step5000,5000,256,5,19211, cabinet,33,5,1.0151169300079346,1.737174391746521,15.346352577209473,0.5252795815467834,4.0916612640259755
step5000,5000,256,6,14290, documented,48,6,1.0043516159057617,1.7295525074005127,15.338642120361328,0.56784563139081,4.0916612640259755
step5000,5000,256,7,6574, miles,404,7,1.009379506111145,1.7444143295288086,15.495332717895508,0.522546362131834,4.0916612640259755
step5000,5000,320,0,21825, clones,2,0,1.031259536743164,1.7590973377227783,15.481230735778809,0.5468196421861649,4.0916612640259755
step5000,5000,320,1,46808, trustworthy,3,1,1.0120960474014282,1.749630093574524,15.553038597106934,0.5365893431007862,4.0916612640259755
step5000,5000,320,2,23778, motive,8,2,1.024627685546875,1.7419639825820923,15.443623542785645,0.4931163005530834,4.0916612640259755
step5000,5000,320,3,42548, generosity,8,3,1.0331425666809082,1.75481379032135,15.52123737335205,0.4971604347229004,4.0916612640259755
step5000,5000,320,4,29254, critique,18,4,1.0127036571502686,1.7413558959960938,15.372949600219727,0.5141852982342243,4.0916612640259755
step5000,5000,320,5,19211, cabinet,33,5,0.996067225933075,1.7408545017242432,15.258857727050781,0.4726532846689224,4.0916612640259755
step5000,5000,320,6,14290, documented,48,6,0.9935736656188965,1.7248294353485107,15.291054725646973,0.5389163345098495,4.0916612640259755
step5000,5000,320,7,6574, miles,404,7,0.9940526485443115,1.7359505891799927,15.303177833557129,0.5346680879592896,4.0916612640259755
step5000,5000,384,0,21825, clones,2,0,0.9995980858802795,2.026109457015991,15.277580261230469,0.5485561452805996,4.0916612640259755
step5000,5000,384,1,46808, trustworthy,3,1,0.9997673034667969,1.7472357749938965,15.42028522491455,0.5503209158778191,4.0916612640259755
step5000,5000,384,2,23778, motive,8,2,1.0225863456726074,1.7602763175964355,15.500229835510254,0.5338101983070374,4.0916612640259755
step5000,5000,384,3,42548, generosity,8,3,1.036526083946228,1.7382878065109253,15.407365798950195,0.47514697536826134,4.0916612640259755
step5000,5000,384,4,29254, critique,18,4,0.987220823764801,1.7389062643051147,15.275169372558594,0.5218250341713428,4.0916612640259755
step5000,5000,384,5,19211, cabinet,33,5,1.0190997123718262,1.7354434728622437,15.378681182861328,0.5751278810203075,4.0916612640259755
step5000,5000,384,6,14290, documented,48,6,1.031084418296814,1.7457048892974854,15.386113166809082,0.5235120914876461,4.0916612640259755
step5000,5000,384,7,6574, miles,404,7,1.0293326377868652,1.740378737449646,15.468554496765137,0.5659930929541588,4.0916612640259755
step5000,5000,448,0,21825, clones,2,0,1.0156272649765015,1.7424465417861938,15.409826278686523,0.5385688543319702,4.0916612640259755
step5000,5000,448,1,46808, trustworthy,3,1,1.0233590602874756,1.7434550523757935,15.443741798400879,0.5430579483509064,4.0916612640259755
step5000,5000,448,2,23778, motive,8,2,1.0164903402328491,1.735534906387329,15.474603652954102,0.5476208217442036,4.0916612640259755
step5000,5000,448,3,42548, generosity,8,3,1.0190682411193848,1.763142466545105,15.396552085876465,0.5476988516747952,4.0916612640259755
step5000,5000,448,4,29254, critique,18,4,1.0242964029312134,1.7366669178009033,15.423210144042969,0.4841921329498291,4.0916612640259755
step5000,5000,448,5,19211, cabinet,33,5,1.0338867902755737,1.7592346668243408,15.484969139099121,0.5249131806194782,4.0916612640259755
step5000,5000,448,6,14290, documented,48,6,1.0322697162628174,1.7494646310806274,15.533255577087402,0.5576503463089466,4.0916612640259755
step5000,5000,448,7,6574, miles,404,7,1.0293290615081787,1.7348198890686035,15.43674373626709,0.5304332226514816,4.0916612640259755
step5000,5000,512,0,21825, clones,2,0,1.0002515316009521,1.7475987672805786,15.280498504638672,0.5728496424853802,4.0916612640259755
step5000,5000,512,1,46808, trustworthy,3,1,1.0264543294906616,1.7399171590805054,15.407060623168945,0.48957428708672523,4.0916612640259755
step5000,5000,512,2,23778, motive,8,2,0.9901896119117737,1.7213541269302368,15.264358520507812,0.5437308698892593,4.0916612640259755
step5000,5000,512,3,42548, generosity,8,3,1.0249582529067993,1.7472591400146484,15.442294120788574,0.5312410444021225,4.0916612640259755
step5000,5000,512,4,29254, critique,18,4,1.0249731540679932,1.756432294845581,15.496904373168945,0.5446590036153793,4.0916612640259755
step5000,5000,512,5,19211, cabinet,33,5,0.9857282042503357,2.121638298034668,15.284832954406738,0.5228816010057926,4.0916612640259755
step5000,5000,512,6,14290, documented,48,6,1.019452452659607,1.7340664863586426,15.414358139038086,0.5644961707293987,4.0916612640259755
step5000,5000,512,7,6574, miles,404,7,0.9950379133224487,1.8701889514923096,15.235649108886719,0.5154527015984058,4.0916612640259755
step5000,5000,576,0,21825, clones,2,0,1.0154517889022827,1.739998459815979,15.36761474609375,0.5486903116106987,4.0916612640259755
step5000,5000,576,1,46808, trustworthy,3,1,0.9925444722175598,1.8827929496765137,15.290078163146973,0.5316655747592449,4.0916612640259755
step5000,5000,576,2,23778, motive,8,2,1.03008234500885,1.73283052444458,15.431916236877441,0.54190843552351,4.0916612640259755
step5000,5000,576,3,42548, generosity,8,3,1.0109368562698364,1.719834566116333,15.347929000854492,0.5531171634793282,4.0916612640259755
step5000,5000,576,4,29254, critique,18,4,0.9838730692863464,1.8772186040878296,15.313873291015625,0.4891389422118664,4.0916612640259755
step5000,5000,576,5,19211, cabinet,33,5,1.0010933876037598,1.7425291538238525,15.386076927185059,0.4770353473722935,4.0916612640259755
step5000,5000,576,6,14290, documented,48,6,1.0027518272399902,1.7255494594573975,15.299232482910156,0.5017041675746441,4.0916612640259755
step5000,5000,576,7,6574, miles,404,7,1.0235648155212402,1.7393689155578613,15.466739654541016,0.521132055670023,4.0916612640259755
step5000,5000,640,0,21825, clones,2,0,1.0307728052139282,1.7483079433441162,15.436812400817871,0.48363097012043,4.0916612640259755
step5000,5000,640,1,46808, trustworthy,3,1,1.0115777254104614,1.72718346118927,15.39249038696289,0.5420425161719322,4.0916612640259755
step5000,5000,640,2,23778, motive,8,2,1.0176126956939697,1.7458773851394653,15.379682540893555,0.5222410149872303,4.0916612640259755
step5000,5000,640,3,42548, generosity,8,3,1.0255522727966309,1.7730227708816528,15.315909385681152,0.5398489832878113,4.0916612640259755
step5000,5000,640,4,29254, critique,18,4,1.008487343788147,1.7424331903457642,15.41291332244873,0.5047251656651497,4.0916612640259755
step5000,5000,640,5,19211, cabinet,33,5,1.0112066268920898,1.729506254196167,15.317512512207031,0.5431854166090488,4.0916612640259755
step5000,5000,640,6,14290, documented,48,6,1.016386866569519,1.7488517761230469,15.378090858459473,0.531184621155262,4.0916612640259755
step5000,5000,640,7,6574, miles,404,7,1.0006954669952393,1.7284340858459473,15.334622383117676,0.5464571602642536,4.0916612640259755
step5000,5000,704,0,21825, clones,2,0,0.9996797442436218,1.8295032978057861,15.321300506591797,0.5319557189941406,4.0916612640259755
step5000,5000,704,1,46808, trustworthy,3,1,1.0112675428390503,1.7435590028762817,15.375542640686035,0.5155688263475895,4.0916612640259755
step5000,5000,704,2,23778, motive,8,2,1.0132477283477783,1.7337982654571533,15.33185863494873,0.5862287953495979,4.0916612640259755
step5000,5000,704,3,42548, generosity,8,3,0.9920932054519653,1.7380865812301636,15.384318351745605,0.5527932122349739,4.0916612640259755
step5000,5000,704,4,29254, critique,18,4,1.0308151245117188,1.7538511753082275,15.467741012573242,0.5460962578654289,4.0916612640259755
step5000,5000,704,5,19211, cabinet,33,5,1.0094668865203857,1.7485294342041016,15.361920356750488,0.5381665080785751,4.0916612640259755
step5000,5000,704,6,14290, documented,48,6,1.0218843221664429,1.7472590208053589,15.449583053588867,0.5440488047897816,4.0916612640259755
step5000,5000,704,7,6574, miles,404,7,1.0197389125823975,1.731542706489563,15.3429536819458,0.47632430493831635,4.0916612640259755
step5000,5000,768,0,21825, clones,2,0,1.005615472793579,1.7328855991363525,15.39299488067627,0.535346332937479,4.0916612640259755
step5000,5000,768,1,46808, trustworthy,3,1,1.0188608169555664,1.7392680644989014,15.381526947021484,0.5993310064077377,4.0916612640259755
step5000,5000,768,2,23778, motive,8,2,0.9860702157020569,1.7693307399749756,15.260480880737305,0.5624065548181534,4.0916612640259755
step5000,5000,768,3,42548, generosity,8,3,1.0355610847473145,1.764242172241211,15.524365425109863,0.5520190335810184,4.0916612640259755
step5000,5000,768,4,29254, critique,18,4,1.0088704824447632,1.7523624897003174,15.361873626708984,0.5474712960422039,4.0916612640259755
step5000,5000,768,5,19211, cabinet,33,5,1.0134878158569336,1.7469671964645386,15.529848098754883,0.49158652499318123,4.0916612640259755
step5000,5000,768,6,14290, documented,48,6,1.0157383680343628,1.7260276079177856,15.32837200164795,0.5092740878462791,4.0916612640259755
step5000,5000,768,7,6574, miles,404,7,1.0083162784576416,1.7486320734024048,15.351066589355469,0.5043451525270939,4.0916612640259755
step5000,5000,832,0,21825, clones,2,0,1.0243209600448608,1.7430157661437988,15.442194938659668,0.5329883359372616,4.0916612640259755
step5000,5000,832,1,46808, trustworthy,3,1,1.0024582147598267,1.7362606525421143,15.282740592956543,0.5652341693639755,4.0916612640259755
step5000,5000,832,2,23778, motive,8,2,1.0471246242523193,1.9329092502593994,15.375226020812988,0.5625083670020103,4.0916612640259755
step5000,5000,832,3,42548, generosity,8,3,1.023459792137146,1.899069905281067,15.418301582336426,0.531833216547966,4.0916612640259755
step5000,5000,832,4,29254, critique,18,4,1.0070728063583374,1.738617181777954,15.42237663269043,0.5132762007415295,4.0916612640259755
step5000,5000,832,5,19211, cabinet,33,5,1.0165696144104004,1.7389947175979614,15.38621997833252,0.5475005134940147,4.0916612640259755
step5000,5000,832,6,14290, documented,48,6,0.9871929883956909,1.761592984199524,15.267599105834961,0.4940493255853653,4.0916612640259755
step5000,5000,832,7,6574, miles,404,7,0.9942222237586975,1.7389014959335327,15.35423755645752,0.5961561910808086,4.0916612640259755
step5000,5000,896,0,21825, clones,2,0,1.0212879180908203,1.7366306781768799,15.399544715881348,0.5441879704594612,4.0916612640259755
step5000,5000,896,1,46808, trustworthy,3,1,1.0083884000778198,1.7294939756393433,15.313166618347168,0.5651540346443653,4.0916612640259755
step5000,5000,896,2,23778, motive,8,2,1.0040538311004639,1.7507950067520142,15.507616996765137,0.49622901156544685,4.0916612640259755
step5000,5000,896,3,42548, generosity,8,3,1.0087748765945435,1.7402383089065552,15.45414924621582,0.571511372923851,4.0916612640259755
step5000,5000,896,4,29254, critique,18,4,1.0197198390960693,1.7413922548294067,15.411604881286621,0.5251251570880413,4.0916612640259755
step5000,5000,896,5,19211, cabinet,33,5,0.9918544292449951,1.7311439514160156,15.26421070098877,0.5478299222886562,4.0916612640259755
step5000,5000,896,6,14290, documented,48,6,1.0225090980529785,1.7514915466308594,15.409747123718262,0.48884033039212227,4.0916612640259755
step5000,5000,896,7,6574, miles,404,7,1.0083082914352417,1.7335749864578247,15.344019889831543,0.5372701995074749,4.0916612640259755
step5000,5000,960,0,21825, clones,2,0,0.9887270331382751,1.9165213108062744,15.259998321533203,0.539333950728178,4.0916612640259755
step5000,5000,960,1,46808, trustworthy,3,1,1.0322370529174805,1.7619014978408813,15.528368949890137,0.5238710269331932,4.0916612640259755
step5000,5000,960,2,23778, motive,8,2,0.9932690262794495,1.7337113618850708,15.362935066223145,0.5605429783463478,4.0916612640259755
step5000,5000,960,3,42548, generosity,8,3,1.0361970663070679,1.7571789026260376,15.507596969604492,0.4820907674729824,4.0916612640259755
step5000,5000,960,4,29254, critique,18,4,1.0251580476760864,1.7367089986801147,15.39714527130127,0.5416149459779263,4.0916612640259755
step5000,5000,960,5,19211, cabinet,33,5,1.0238933563232422,1.7340785264968872,15.414610862731934,0.5468190908432007,4.0916612640259755
step5000,5000,960,6,14290, documented,48,6,1.018409013748169,1.7344908714294434,15.387913703918457,0.5237424373626709,4.0916612640259755
step5000,5000,960,7,6574, miles,404,7,1.0320346355438232,1.762561321258545,15.522937774658203,0.5548509657382965,4.0916612640259755
step5000,5000,1024,0,21825, clones,2,0,1.0194891691207886,1.730857491493225,15.418794631958008,0.5263355411589146,4.0916612640259755
step5000,5000,1024,1,46808, trustworthy,3,1,1.0085997581481934,2.0042614936828613,15.3954496383667,0.5702288076281548,4.0916612640259755
step5000,5000,1024,2,23778, motive,8,2,1.0352487564086914,1.7647205591201782,15.54198932647705,0.4717675857245922,4.0916612640259755
step5000,5000,1024,3,42548, generosity,8,3,0.999920129776001,1.9270896911621094,15.300949096679688,0.5367431454360485,4.0916612640259755
step5000,5000,1024,4,29254, critique,18,4,0.9908024668693542,1.7600542306900024,15.304349899291992,0.5382887981832027,4.0916612640259755
step5000,5000,1024,5,19211, cabinet,33,5,1.0137101411819458,1.748266577720642,15.411462783813477,0.6274106465280056,4.0916612640259755
step5000,5000,1024,6,14290, documented,48,6,0.9877480864524841,1.7172555923461914,15.305171966552734,0.5198192894458771,4.0916612640259755
step5000,5000,1024,7,6574, miles,404,7,1.0078028440475464,1.9993908405303955,15.375398635864258,0.5680969767272472,4.0916612640259755
step7000,7000,0,0,21825, clones,2,0,11.875762939453125,83.41400909423828,254.02830505371094,0.4831516668200493,4.021608435918415
step7000,7000,0,1,46808, trustworthy,3,1,12.509178161621094,86.07652282714844,264.03289794921875,0.48532475531101227,4.021608435918415
step7000,7000,0,2,23778, motive,8,2,13.581558227539062,92.01851654052734,306.4279479980469,0.5056427083909512,4.021608435918415
step7000,7000,0,3,42548, generosity,8,3,18.5821533203125,123.9328384399414,350.68231201171875,0.5368590839207172,4.021608435918415
step7000,7000,0,4,29254, critique,18,4,11.379861831665039,74.03410339355469,243.77078247070312,0.5363788343966007,4.021608435918415
step7000,7000,0,5,19211, cabinet,33,5,12.701742172241211,80.7613754272461,273.6091613769531,0.512393806129694,4.021608435918415
step7000,7000,0,6,14290, documented,48,6,10.535186767578125,66.58824920654297,232.68336486816406,0.5596596337854862,4.021608435918415
step7000,7000,0,7,6574, miles,404,7,18.868587493896484,134.9006805419922,398.3280029296875,0.4967046156525612,4.021608435918415
step7000,7000,64,0,21825, clones,2,0,0.9886565804481506,2.046203374862671,15.352129936218262,0.5393128879368305,4.021608435918415
step7000,7000,64,1,46808, trustworthy,3,1,0.9833139777183533,2.02839994430542,15.430802345275879,0.5034402124583721,4.021608435918415
step7000,7000,64,2,23778, motive,8,2,1.038756012916565,2.0509707927703857,15.80342960357666,0.5414966084063053,4.021608435918415
step7000,7000,64,3,42548, generosity,8,3,1.0501962900161743,1.893271803855896,15.767394065856934,0.5020541772246361,4.021608435918415
step7000,7000,64,4,29254, critique,18,4,1.0082322359085083,1.9999842643737793,15.309198379516602,0.5439470037817955,4.021608435918415
step7000,7000,64,5,19211, cabinet,33,5,1.0470385551452637,2.0199851989746094,16.100248336791992,0.5126405917108059,4.021608435918415
step7000,7000,64,6,14290, documented,48,6,0.9971164464950562,1.8628180027008057,15.366433143615723,0.5766849927604198,4.021608435918415
step7000,7000,64,7,6574, miles,404,7,1.062198519706726,1.8475538492202759,16.218223571777344,0.5172974169254303,4.021608435918415
step7000,7000,128,0,21825, clones,2,0,1.0019781589508057,1.8032000064849854,15.567802429199219,0.6313212737441063,4.021608435918415
step7000,7000,128,1,46808, trustworthy,3,1,1.0428375005722046,1.857625961303711,16.064699172973633,0.5295408479869366,4.021608435918415
step7000,7000,128,2,23778, motive,8,2,1.0974891185760498,1.8923475742340088,16.345352172851562,0.5053834430873394,4.021608435918415
step7000,7000,128,3,42548, generosity,8,3,1.0539602041244507,1.792819619178772,16.10507583618164,0.5535856783390045,4.021608435918415
step7000,7000,128,4,29254, critique,18,4,1.0457007884979248,2.1688191890716553,15.848301887512207,0.53859056904912,4.021608435918415
step7000,7000,128,5,19211, cabinet,33,5,1.0399487018585205,2.1119234561920166,16.080976486206055,0.5717982426285744,4.021608435918415
step7000,7000,128,6,14290, documented,48,6,1.0519239902496338,1.85881507396698,15.920681953430176,0.576255701482296,4.021608435918415
step7000,7000,128,7,6574, miles,404,7,1.0132009983062744,1.741219162940979,15.606070518493652,0.652807030826807,4.021608435918415
step7000,7000,192,0,21825, clones,2,0,1.0405083894729614,2.1518356800079346,15.883475303649902,0.49724261090159416,4.021608435918415
step7000,7000,192,1,46808, trustworthy,3,1,0.9975408911705017,2.1081836223602295,15.602815628051758,0.5340058095753193,4.021608435918415
step7000,7000,192,2,23778, motive,8,2,1.0796526670455933,2.218830108642578,16.286405563354492,0.560724850744009,4.021608435918415
step7000,7000,192,3,42548, generosity,8,3,1.013659954071045,2.01839017868042,15.182145118713379,0.5488401427865028,4.021608435918415
step7000,7000,192,4,29254, critique,18,4,1.0430676937103271,2.08052134513855,15.599760055541992,0.5525974221527576,4.021608435918415
step7000,7000,192,5,19211, cabinet,33,5,1.010301113128662,2.0348410606384277,15.579974174499512,0.5681684166193008,4.021608435918415
step7000,7000,192,6,14290, documented,48,6,1.064452052116394,1.7992900609970093,15.875697135925293,0.4850107245147228,4.021608435918415
step7000,7000,192,7,6574, miles,404,7,1.0518856048583984,2.1645350456237793,15.911223411560059,0.5640503652393818,4.021608435918415
step7000,7000,256,0,21825, clones,2,0,0.9945040345191956,1.8903741836547852,15.099712371826172,0.5450721979141235,4.021608435918415
step7000,7000,256,1,46808, trustworthy,3,1,1.0163484811782837,1.776889443397522,15.567365646362305,0.5393305867910385,4.021608435918415
step7000,7000,256,2,23778, motive,8,2,1.0672078132629395,2.3173389434814453,16.491241455078125,0.5477583035826683,4.021608435918415
step7000,7000,256,3,42548, generosity,8,3,1.0114392042160034,2.1885459423065186,15.45851993560791,0.5030131340026855,4.021608435918415
step7000,7000,256,4,29254, critique,18,4,1.0436811447143555,1.9458144903182983,15.832472801208496,0.5491150058805943,4.021608435918415
step7000,7000,256,5,19211, cabinet,33,5,1.0764120817184448,2.160881757736206,16.35565757751465,0.5520299710333347,4.021608435918415
step7000,7000,256,6,14290, documented,48,6,1.06565260887146,1.8500194549560547,16.354780197143555,0.5751849338412285,4.021608435918415
step7000,7000,256,7,6574, miles,404,7,1.0677740573883057,1.9982013702392578,16.165029525756836,0.5703059658408165,4.021608435918415
step7000,7000,320,0,21825, clones,2,0,1.0016279220581055,2.1257805824279785,15.555932998657227,0.5034455507993698,4.021608435918415
step7000,7000,320,1,46808, trustworthy,3,1,0.9984986186027527,1.8820053339004517,15.72044849395752,0.5523150004446507,4.021608435918415
step7000,7000,320,2,23778, motive,8,2,1.0400270223617554,1.8391188383102417,15.958019256591797,0.540799405425787,4.021608435918415
step7000,7000,320,3,42548, generosity,8,3,1.0134286880493164,1.9409620761871338,15.64216136932373,0.5451735779643059,4.021608435918415
step7000,7000,320,4,29254, critique,18,4,0.9989317655563354,1.9075640439987183,15.805806159973145,0.5223973654210567,4.021608435918415
step7000,7000,320,5,19211, cabinet,33,5,1.0307276248931885,1.8898425102233887,16.024944305419922,0.5913921669125557,4.021608435918415
step7000,7000,320,6,14290, documented,48,6,1.069234013557434,2.079463481903076,16.37021255493164,0.5150103643536568,4.021608435918415
step7000,7000,320,7,6574, miles,404,7,1.0417149066925049,2.059929609298706,16.00311851501465,0.5369626171886921,4.021608435918415
step7000,7000,384,0,21825, clones,2,0,1.0269640684127808,1.8559587001800537,15.845243453979492,0.564006395637989,4.021608435918415
step7000,7000,384,1,46808, trustworthy,3,1,0.9878293871879578,1.992801308631897,15.565718650817871,0.5536479540169239,4.021608435918415
step7000,7000,384,2,23778, motive,8,2,1.031825065612793,1.7772074937820435,15.54034423828125,0.5240118354558945,4.021608435918415
step7000,7000,384,3,42548, generosity,8,3,1.0276950597763062,2.107858896255493,16.12322425842285,0.6152813769876957,4.021608435918415
step7000,7000,384,4,29254, critique,18,4,0.9992156028747559,1.8187243938446045,15.73914623260498,0.5745925158262253,4.021608435918415
step7000,7000,384,5,19211, cabinet,33,5,1.0126192569732666,1.7918514013290405,15.558388710021973,0.5193179249763489,4.021608435918415
step7000,7000,384,6,14290, documented,48,6,1.0039573907852173,1.795422911643982,15.604814529418945,0.5943533480167389,4.021608435918415
step7000,7000,384,7,6574, miles,404,7,1.0331510305404663,2.1512303352355957,15.839814186096191,0.6380615159869194,4.021608435918415
step7000,7000,448,0,21825, clones,2,0,1.079735279083252,1.9622553586959839,16.368385314941406,0.558792982250452,4.021608435918415
step7000,7000,448,1,46808, trustworthy,3,1,0.9974498748779297,1.8880971670150757,15.6693754196167,0.580862607806921,4.021608435918415
step7000,7000,448,2,23778, motive,8,2,1.0345492362976074,1.8060702085494995,15.821390151977539,0.5982235111296177,4.021608435918415
step7000,7000,448,3,42548, generosity,8,3,1.0252630710601807,1.8730626106262207,16.104368209838867,0.5081143341958523,4.021608435918415
step7000,7000,448,4,29254, critique,18,4,0.9986114501953125,1.8186739683151245,15.742826461791992,0.5953538045287132,4.021608435918415
step7000,7000,448,5,19211, cabinet,33,5,1.0401924848556519,2.0450589656829834,16.001773834228516,0.5472511500120163,4.021608435918415
step7000,7000,448,6,14290, documented,48,6,1.01979398727417,1.8460664749145508,15.834619522094727,0.5455733127892017,4.021608435918415
step7000,7000,448,7,6574, miles,404,7,1.0236760377883911,2.026015281677246,15.879354476928711,0.5419080145657063,4.021608435918415
step7000,7000,512,0,21825, clones,2,0,1.0321602821350098,1.8665330410003662,15.877079963684082,0.4925440177321434,4.021608435918415
step7000,7000,512,1,46808, trustworthy,3,1,0.9903939366340637,1.9608778953552246,15.604865074157715,0.546629760414362,4.021608435918415
step7000,7000,512,2,23778, motive,8,2,1.0313336849212646,1.8545037508010864,16.102937698364258,0.5507604740560055,4.021608435918415
step7000,7000,512,3,42548, generosity,8,3,1.058915376663208,1.9307385683059692,16.21681022644043,0.5672760307788849,4.021608435918415
step7000,7000,512,4,29254, critique,18,4,0.9991152882575989,1.8178850412368774,15.747437477111816,0.47627221420407295,4.021608435918415
step7000,7000,512,5,19211, cabinet,33,5,0.9836287498474121,1.8509467840194702,15.552783966064453,0.6284091547131538,4.021608435918415
step7000,7000,512,6,14290, documented,48,6,1.025901198387146,1.818503737449646,15.947019577026367,0.5422216728329659,4.021608435918415
step7000,7000,512,7,6574, miles,404,7,1.0194813013076782,1.932861089706421,15.35330867767334,0.515900332480669,4.021608435918415
step7000,7000,576,0,21825, clones,2,0,1.00033700466156,2.0533828735351562,15.235231399536133,0.5596624873578548,4.021608435918415
step7000,7000,576,1,46808, trustworthy,3,1,0.993401288986206,1.9246673583984375,15.631619453430176,0.5405398458242416,4.021608435918415
step7000,7000,576,2,23778, motive,8,2,1.0536696910858154,2.1411523818969727,16.24285125732422,0.6296791210770607,4.021608435918415
step7000,7000,576,3,42548, generosity,8,3,1.015588402748108,2.114738702774048,15.771438598632812,0.4997638761997223,4.021608435918415
step7000,7000,576,4,29254, critique,18,4,0.9988442063331604,1.8167939186096191,15.742286682128906,0.5507917702198029,4.021608435918415
step7000,7000,576,5,19211, cabinet,33,5,0.9951011538505554,1.9633240699768066,15.629873275756836,0.5472364202141762,4.021608435918415
step7000,7000,576,6,14290, documented,48,6,1.0409634113311768,2.2098681926727295,15.6574068069458,0.5531492307782173,4.021608435918415
step7000,7000,576,7,6574, miles,404,7,1.0531548261642456,2.0139715671539307,16.16478157043457,0.5405304357409477,4.021608435918415
step7000,7000,640,0,21825, clones,2,0,1.026572346687317,1.8885823488235474,16.11884117126465,0.5419519245624542,4.021608435918415
step7000,7000,640,1,46808, trustworthy,3,1,0.9923846125602722,1.941441297531128,15.624849319458008,0.5569061227142811,4.021608435918415
step7000,7000,640,2,23778, motive,8,2,1.0570071935653687,1.9565458297729492,16.266244888305664,0.5272188000380993,4.021608435918415
step7000,7000,640,3,42548, generosity,8,3,1.003004789352417,2.0034289360046387,15.794960975646973,0.4977882578969002,4.021608435918415
step7000,7000,640,4,29254, critique,18,4,0.9998592734336853,1.8178702592849731,15.752080917358398,0.5017400942742825,4.021608435918415
step7000,7000,640,5,19211, cabinet,33,5,0.9926599264144897,1.9228811264038086,15.639410018920898,0.5304747708141804,4.021608435918415
step7000,7000,640,6,14290, documented,48,6,1.015289545059204,2.0346128940582275,15.424336433410645,0.5330424644052982,4.021608435918415
step7000,7000,640,7,6574, miles,404,7,1.022239089012146,2.164271116256714,15.73071002960205,0.5416121855378151,4.021608435918415
step7000,7000,704,0,21825, clones,2,0,1.037441611289978,1.92557692527771,16.507722854614258,0.5230423510074615,4.021608435918415
step7000,7000,704,1,46808, trustworthy,3,1,0.9923171401023865,1.938534140586853,15.621831893920898,0.5430009178817272,4.021608435918415
step7000,7000,704,2,23778, motive,8,2,0.9695857763290405,2.0533063411712646,14.983968734741211,0.5432083159685135,4.021608435918415
step7000,7000,704,3,42548, generosity,8,3,1.0041111707687378,1.8676575422286987,15.846961975097656,0.5497074127197266,4.021608435918415
step7000,7000,704,4,29254, critique,18,4,0.9991685748100281,1.8155043125152588,15.744309425354004,0.5006437264382839,4.021608435918415
step7000,7000,704,5,19211, cabinet,33,5,0.9918572306632996,1.949495553970337,15.61257266998291,0.5427223369479179,4.021608435918415
step7000,7000,704,6,14290, documented,48,6,0.9600909352302551,1.9902609586715698,15.092103004455566,0.5084607638418674,4.021608435918415
step7000,7000,704,7,6574, miles,404,7,1.0400046110153198,2.0081026554107666,15.932756423950195,0.5511028692126274,4.021608435918415
step7000,7000,768,0,21825, clones,2,0,1.0157872438430786,1.9517948627471924,15.907496452331543,0.5393009893596172,4.021608435918415
step7000,7000,768,1,46808, trustworthy,3,1,0.9928017854690552,1.9358508586883545,15.62780475616455,0.6277661249041557,4.021608435918415
step7000,7000,768,2,23778, motive,8,2,1.029179334640503,2.086604356765747,15.663962364196777,0.5070262514054775,4.021608435918415
step7000,7000,768,3,42548, generosity,8,3,1.017893671989441,1.86366868019104,15.892829895019531,0.5574595481157303,4.021608435918415
step7000,7000,768,4,29254, critique,18,4,1.0002785921096802,1.8178627490997314,15.755531311035156,0.5610026121139526,4.021608435918415
step7000,7000,768,5,19211, cabinet,33,5,0.9931631088256836,1.9298300743103027,15.63293170928955,0.5371508784592152,4.021608435918415
step7000,7000,768,6,14290, documented,48,6,1.0129095315933228,1.8273367881774902,15.847317695617676,0.5845193602144718,4.021608435918415
step7000,7000,768,7,6574, miles,404,7,1.0676454305648804,2.0524847507476807,16.298734664916992,0.5341580398380756,4.021608435918415
step7000,7000,832,0,21825, clones,2,0,1.0214149951934814,1.832580804824829,15.78773307800293,0.5300452783703804,4.021608435918415
step7000,7000,832,1,46808, trustworthy,3,1,0.992297351360321,1.9399605989456177,15.622325897216797,0.5468979328870773,4.021608435918415
step7000,7000,832,2,23778, motive,8,2,1.0252175331115723,2.0768446922302246,15.626893043518066,0.5501979552209377,4.021608435918415
step7000,7000,832,3,42548, generosity,8,3,1.029708981513977,1.8618390560150146,15.859746932983398,0.5247756317257881,4.021608435918415
step7000,7000,832,4,29254, critique,18,4,0.9994683265686035,1.8148705959320068,15.746739387512207,0.550376895815134,4.021608435918415
step7000,7000,832,5,19211, cabinet,33,5,0.9921883344650269,1.9421989917755127,15.620919227600098,0.5523505285382271,4.021608435918415
step7000,7000,832,6,14290, documented,48,6,1.073548674583435,1.8863375186920166,16.446229934692383,0.47836004570126534,4.021608435918415
step7000,7000,832,7,6574, miles,404,7,1.0187435150146484,2.0022480487823486,15.831063270568848,0.5079432353377342,4.021608435918415
step7000,7000,896,0,21825, clones,2,0,1.0285804271697998,1.8285459280014038,15.840520858764648,0.5027410350739956,4.021608435918415
step7000,7000,896,1,46808, trustworthy,3,1,0.9926783442497253,1.9363430738449097,15.626163482666016,0.543997548520565,4.021608435918415
step7000,7000,896,2,23778, motive,8,2,1.0730736255645752,2.2015702724456787,16.246171951293945,0.5432930886745453,4.021608435918415
step7000,7000,896,3,42548, generosity,8,3,1.0940487384796143,1.8507061004638672,16.34251594543457,0.5703150257468224,4.021608435918415
step7000,7000,896,4,29254, critique,18,4,1.0004453659057617,1.8177722692489624,15.75731372833252,0.5792893096804619,4.021608435918415
step7000,7000,896,5,19211, cabinet,33,5,0.9926437139511108,1.9360485076904297,15.625804901123047,0.5530937723815441,4.021608435918415
step7000,7000,896,6,14290, documented,48,6,1.0547478199005127,1.8698060512542725,16.36747169494629,0.5537886321544647,4.021608435918415
step7000,7000,896,7,6574, miles,404,7,1.0548015832901,1.9317023754119873,16.21409797668457,0.554376520216465,4.021608435918415
step7000,7000,960,0,21825, clones,2,0,1.0669333934783936,2.2291243076324463,16.176815032958984,0.5385806262493134,4.021608435918415
step7000,7000,960,1,46808, trustworthy,3,1,0.9924430847167969,1.9388158321380615,15.623973846435547,0.5576865524053574,4.021608435918415
step7000,7000,960,2,23778, motive,8,2,1.0409871339797974,1.942400574684143,16.01190948486328,0.5779967084527016,4.021608435918415
step7000,7000,960,3,42548, generosity,8,3,1.0418442487716675,1.9428399801254272,16.280227661132812,0.5207296870648861,4.021608435918415
step7000,7000,960,4,29254, critique,18,4,0.9997661113739014,1.8146644830703735,15.749332427978516,0.5541740395128727,4.021608435918415
step7000,7000,960,5,19211, cabinet,33,5,0.9925305843353271,1.9382530450820923,15.624927520751953,0.5291603468358517,4.021608435918415
step7000,7000,960,6,14290, documented,48,6,1.0018740892410278,2.134420871734619,15.798227310180664,0.5623016990721226,4.021608435918415
step7000,7000,960,7,6574, miles,404,7,1.0039798021316528,1.8847888708114624,15.691961288452148,0.5226333104074001,4.021608435918415
step7000,7000,1024,0,21825, clones,2,0,1.075717568397522,2.02998685836792,15.895959854125977,0.4692622311413288,4.021608435918415
step7000,7000,1024,1,46808, trustworthy,3,1,0.9925569295883179,1.9374738931655884,15.624943733215332,0.5619282312691212,4.021608435918415
step7000,7000,1024,2,23778, motive,8,2,1.0860358476638794,2.1228537559509277,16.509340286254883,0.5112238936126232,4.021608435918415
step7000,7000,1024,3,42548, generosity,8,3,1.0490193367004395,2.0398061275482178,16.131305694580078,0.5390042960643768,4.021608435918415
step7000,7000,1024,4,29254, critique,18,4,1.0004433393478394,1.8176186084747314,15.75771427154541,0.46791619807481766,4.021608435918415
step7000,7000,1024,5,19211, cabinet,33,5,0.9924673438072205,1.9382609128952026,15.624014854431152,0.6092254370450974,4.021608435918415
step7000,7000,1024,6,14290, documented,48,6,1.008481502532959,2.0753366947174072,15.860486030578613,0.5618728138506413,4.021608435918415
step7000,7000,1024,7,6574, miles,404,7,0.9813899397850037,2.0184831619262695,15.23198413848877,0.5674013309180737,4.021608435918415
step8000,8000,0,0,21825, clones,2,0,11.317341804504395,68.62889862060547,235.43287658691406,0.5349318608641624,4.028237660725911
step8000,8000,0,1,46808, trustworthy,3,1,12.066054344177246,76.90272521972656,254.65447998046875,0.4930199384689331,4.028237660725911
step8000,8000,0,2,23778, motive,8,2,12.957819938659668,79.2202377319336,283.5421142578125,0.5654945112764835,4.028237660725911
step8000,8000,0,3,42548, generosity,8,3,15.138679504394531,108.52937316894531,337.70599365234375,0.5421688966453075,4.028237660725911
step8000,8000,0,4,29254, critique,18,4,12.07136058807373,79.8131332397461,257.21673583984375,0.5493131056427956,4.028237660725911
step8000,8000,0,5,19211, cabinet,33,5,12.800332069396973,67.46367645263672,267.6143798828125,0.485389169305563,4.028237660725911
step8000,8000,0,6,14290, documented,48,6,10.273787498474121,75.62251281738281,230.18692016601562,0.561942633241415,4.028237660725911
step8000,8000,0,7,6574, miles,404,7,19.451814651489258,138.91627502441406,411.4823303222656,0.5055004321038723,4.028237660725911
step8000,8000,64,0,21825, clones,2,0,1.0067486763000488,2.017313241958618,15.673821449279785,0.5891598388552666,4.028237660725911
step8000,8000,64,1,46808, trustworthy,3,1,1.0224971771240234,2.1253862380981445,15.95470142364502,0.536533035337925,4.028237660725911
step8000,8000,64,2,23778, motive,8,2,0.9973319172859192,2.023697853088379,15.704339027404785,0.5313389003276825,4.028237660725911
step8000,8000,64,3,42548, generosity,8,3,1.037951111793518,2.253955602645874,16.400222778320312,0.4923004135489464,4.028237660725911
step8000,8000,64,4,29254, critique,18,4,1.0160597562789917,2.0772321224212646,15.800369262695312,0.5471903197467327,4.028237660725911
step8000,8000,64,5,19211, cabinet,33,5,1.0300724506378174,2.2154040336608887,15.855535507202148,0.49430694803595543,4.028237660725911
step8000,8000,64,6,14290, documented,48,6,1.023414134979248,2.0294735431671143,15.889636039733887,0.5203470252454281,4.028237660725911
step8000,8000,64,7,6574, miles,404,7,1.0114555358886719,2.034916400909424,15.6593656539917,0.5520931407809258,4.028237660725911
step8000,8000,128,0,21825, clones,2,0,0.9890033602714539,2.124621629714966,15.617055892944336,0.5455890707671642,4.028237660725911
step8000,8000,128,1,46808, trustworthy,3,1,1.0224878787994385,1.9537245035171509,15.887239456176758,0.5168469399213791,4.028237660725911
step8000,8000,128,2,23778, motive,8,2,0.9755192995071411,1.9044997692108154,15.237035751342773,0.5259886011481285,4.028237660725911
step8000,8000,128,3,42548, generosity,8,3,1.0607967376708984,2.2742221355438232,16.42401695251465,0.5281512290239334,4.028237660725911
step8000,8000,128,4,29254, critique,18,4,1.0097955465316772,1.858002781867981,15.976770401000977,0.4763198494911194,4.028237660725911
step8000,8000,128,5,19211, cabinet,33,5,1.000478982925415,1.886831521987915,15.678462982177734,0.5267553888261318,4.028237660725911
step8000,8000,128,6,14290, documented,48,6,1.0029431581497192,2.063932418823242,15.685009956359863,0.5239215791225433,4.028237660725911
step8000,8000,128,7,6574, miles,404,7,1.013176679611206,1.9792619943618774,15.842743873596191,0.5443702414631844,4.028237660725911
step8000,8000,192,0,21825, clones,2,0,1.0233173370361328,2.0801517963409424,15.74399471282959,0.5406731441617012,4.028237660725911
step8000,8000,192,1,46808, trustworthy,3,1,1.0212469100952148,2.1386163234710693,15.906752586364746,0.46009770408272743,4.028237660725911
step8000,8000,192,2,23778, motive,8,2,1.0709466934204102,2.0981578826904297,15.947534561157227,0.5151172764599323,4.028237660725911
step8000,8000,192,3,42548, generosity,8,3,1.036446213722229,2.0897231101989746,16.012897491455078,0.524811252951622,4.028237660725911
step8000,8000,192,4,29254, critique,18,4,1.0446754693984985,2.2684097290039062,16.122953414916992,0.5272532664239407,4.028237660725911
step8000,8000,192,5,19211, cabinet,33,5,1.029820203781128,2.055838108062744,15.757867813110352,0.4871422201395035,4.028237660725911
step8000,8000,192,6,14290, documented,48,6,1.0776326656341553,2.292900323867798,16.307735443115234,0.5219991765916348,4.028237660725911
step8000,8000,192,7,6574, miles,404,7,1.0763499736785889,2.1434667110443115,16.012779235839844,0.5275236032903194,4.028237660725911
step8000,8000,256,0,21825, clones,2,0,1.07562255859375,2.2681100368499756,16.767333984375,0.5384418033063412,4.028237660725911
step8000,8000,256,1,46808, trustworthy,3,1,1.0826730728149414,2.0974044799804688,16.85800552368164,0.510742474347353,4.028237660725911
step8000,8000,256,2,23778, motive,8,2,0.9681211709976196,1.7624561786651611,15.455390930175781,0.5523390956223011,4.028237660725911
step8000,8000,256,3,42548, generosity,8,3,1.0352768898010254,2.1802940368652344,15.94317626953125,0.5230173654854298,4.028237660725911
step8000,8000,256,4,29254, critique,18,4,1.0065698623657227,2.0707266330718994,15.750950813293457,0.5335827134549618,4.028237660725911
step8000,8000,256,5,19211, cabinet,33,5,1.0087970495224,1.9521416425704956,15.399786949157715,0.5405560471117496,4.028237660725911
step8000,8000,256,6,14290, documented,48,6,1.0149433612823486,2.2022106647491455,15.545581817626953,0.5114944130182266,4.028237660725911
step8000,8000,256,7,6574, miles,404,7,1.060212254524231,1.885244369506836,16.601150512695312,0.5337764546275139,4.028237660725911
step8000,8000,320,0,21825, clones,2,0,1.0078147649765015,1.9849580526351929,15.626961708068848,0.5188908874988556,4.028237660725911
step8000,8000,320,1,46808, trustworthy,3,1,1.0057144165039062,2.032302141189575,15.590023040771484,0.5570990294218063,4.028237660725911
step8000,8000,320,2,23778, motive,8,2,1.1000092029571533,2.324437379837036,16.62872314453125,0.49296149238944054,4.028237660725911
step8000,8000,320,3,42548, generosity,8,3,1.048444390296936,2.1310319900512695,16.02884864807129,0.5554457120597363,4.028237660725911
step8000,8000,320,4,29254, critique,18,4,1.0716272592544556,2.1979196071624756,16.088699340820312,0.5259010456502438,4.028237660725911
step8000,8000,320,5,19211, cabinet,33,5,0.9876207113265991,2.000033140182495,15.422226905822754,0.48196951299905777,4.028237660725911
step8000,8000,320,6,14290, documented,48,6,1.0478856563568115,2.2571797370910645,16.225202560424805,0.5419849343597889,4.028237660725911
step8000,8000,320,7,6574, miles,404,7,1.0584454536437988,2.2557830810546875,16.387266159057617,0.5139648355543613,4.028237660725911
step8000,8000,384,0,21825, clones,2,0,0.9852232336997986,2.039062023162842,14.996427536010742,0.5370514132082462,4.028237660725911
step8000,8000,384,1,46808, trustworthy,3,1,1.1071217060089111,2.3852336406707764,16.99437713623047,0.5748578570783138,4.028237660725911
step8000,8000,384,2,23778, motive,8,2,1.001124382019043,1.9441661834716797,15.246550559997559,0.5608111992478371,4.028237660725911
step8000,8000,384,3,42548, generosity,8,3,0.9727303981781006,1.9456039667129517,15.2782564163208,1.3178579770028591,4.028237660725911
step8000,8000,384,4,29254, critique,18,4,1.078772783279419,2.0237696170806885,16.53810691833496,0.5398459993302822,4.028237660725911
step8000,8000,384,5,19211, cabinet,33,5,1.1016128063201904,2.4018824100494385,17.389102935791016,0.5572574064135551,4.028237660725911
step8000,8000,384,6,14290, documented,48,6,1.0285792350769043,1.843338131904602,15.322346687316895,0.48140161484479904,4.028237660725911
step8000,8000,384,7,6574, miles,404,7,1.047736644744873,1.8702905178070068,16.489320755004883,0.5164868868887424,4.028237660725911
step8000,8000,448,0,21825, clones,2,0,1.038249135017395,2.2369699478149414,15.99382209777832,0.5358918383717537,4.028237660725911
step8000,8000,448,1,46808, trustworthy,3,1,1.0187405347824097,1.9746806621551514,15.541656494140625,0.49217430502176285,4.028237660725911
step8000,8000,448,2,23778, motive,8,2,1.0366942882537842,2.1158573627471924,16.40802574157715,0.5071507357060909,4.028237660725911
step8000,8000,448,3,42548, generosity,8,3,1.0544852018356323,2.0764918327331543,16.69107437133789,0.5395461395382881,4.028237660725911
step8000,8000,448,4,29254, critique,18,4,1.0340367555618286,2.220946788787842,16.091753005981445,0.5363421514630318,4.028237660725911
step8000,8000,448,5,19211, cabinet,33,5,1.0076298713684082,2.0610527992248535,15.828476905822754,0.5835300199687481,4.028237660725911
step8000,8000,448,6,14290, documented,48,6,1.0487391948699951,2.1650564670562744,16.029094696044922,0.5388384945690632,4.028237660725911
step8000,8000,448,7,6574, miles,404,7,1.0126125812530518,1.9789619445800781,15.526987075805664,0.5570465922355652,4.028237660725911
step8000,8000,512,0,21825, clones,2,0,0.998511016368866,2.0133447647094727,15.836408615112305,0.6172048784792423,4.028237660725911
step8000,8000,512,1,46808, trustworthy,3,1,0.9911226034164429,1.7653316259384155,15.045618057250977,0.5776855126023293,4.028237660725911
step8000,8000,512,2,23778, motive,8,2,1.0217437744140625,2.077214241027832,15.906393051147461,0.5490462556481361,4.028237660725911
step8000,8000,512,3,42548, generosity,8,3,1.019676685333252,2.1286659240722656,15.88703441619873,0.5212071724236012,4.028237660725911
step8000,8000,512,4,29254, critique,18,4,0.9827251434326172,1.9081175327301025,15.740911483764648,0.5765150785446167,4.028237660725911
step8000,8000,512,5,19211, cabinet,33,5,1.0760802030563354,2.2381880283355713,16.200899124145508,0.5487652011215687,4.028237660725911
step8000,8000,512,6,14290, documented,48,6,1.0491083860397339,1.8675038814544678,16.547893524169922,0.5163228549063206,4.028237660725911
step8000,8000,512,7,6574, miles,404,7,1.1712266206741333,2.15511155128479,17.516080856323242,0.5046224631369114,4.028237660725911
step8000,8000,576,0,21825, clones,2,0,1.0498634576797485,2.181905508041382,16.297788619995117,0.5298903435468674,4.028237660725911
step8000,8000,576,1,46808, trustworthy,3,1,1.0009403228759766,2.081010341644287,15.697858810424805,0.5411571301519871,4.028237660725911
step8000,8000,576,2,23778, motive,8,2,1.022703766822815,1.9076637029647827,16.20398712158203,0.5785281509160995,4.028237660725911
step8000,8000,576,3,42548, generosity,8,3,1.045626163482666,1.87618088722229,15.861349105834961,0.5353534445166588,4.028237660725911
step8000,8000,576,4,29254, critique,18,4,1.0639162063598633,2.1098763942718506,15.899665832519531,0.48789845034480095,4.028237660725911
step8000,8000,576,5,19211, cabinet,33,5,0.9819291234016418,1.9701769351959229,15.22228717803955,0.4982263408601284,4.028237660725911
step8000,8000,576,6,14290, documented,48,6,1.0832685232162476,2.1479873657226562,16.242656707763672,0.5969357490539551,4.028237660725911
step8000,8000,576,7,6574, miles,404,7,1.0005728006362915,2.0897719860076904,15.770894050598145,0.5680410861968994,4.028237660725911
step8000,8000,640,0,21825, clones,2,0,0.9729810357093811,1.9755979776382446,15.28074836730957,0.5087526105344296,4.028237660725911
step8000,8000,640,1,46808, trustworthy,3,1,1.1113520860671997,2.018317699432373,17.186264038085938,0.5207465291023254,4.028237660725911
step8000,8000,640,2,23778, motive,8,2,1.038154125213623,2.0847628116607666,16.192773818969727,0.5333552323281765,4.028237660725911
step8000,8000,640,3,42548, generosity,8,3,0.9927886724472046,2.077084541320801,15.660496711730957,0.5364355370402336,4.028237660725911
step8000,8000,640,4,29254, critique,18,4,0.9887364506721497,1.9461930990219116,15.287101745605469,0.47811468690633774,4.028237660725911
step8000,8000,640,5,19211, cabinet,33,5,1.024767279624939,2.094099283218384,15.977824211120605,0.49336881935596466,4.028237660725911
step8000,8000,640,6,14290, documented,48,6,1.0546578168869019,1.9884908199310303,16.484878540039062,0.5134563967585564,4.028237660725911
step8000,8000,640,7,6574, miles,404,7,1.0704728364944458,2.2849364280700684,16.18730354309082,0.5303469263017178,4.028237660725911
step8000,8000,704,0,21825, clones,2,0,1.0193556547164917,2.1002414226531982,15.96470832824707,0.5882305167615414,4.028237660725911
step8000,8000,704,1,46808, trustworthy,3,1,1.0207343101501465,2.079617500305176,15.865781784057617,0.5941212065517902,4.028237660725911
step8000,8000,704,2,23778, motive,8,2,1.0164058208465576,2.0433366298675537,15.961928367614746,0.5340955443680286,4.028237660725911
step8000,8000,704,3,42548, generosity,8,3,1.1011309623718262,1.9945160150527954,17.516359329223633,0.5766179002821445,4.028237660725911
step8000,8000,704,4,29254, critique,18,4,1.0729026794433594,1.9902926683425903,17.049388885498047,0.5428939461708069,4.028237660725911
step8000,8000,704,5,19211, cabinet,33,5,1.011611819267273,2.079368829727173,15.712997436523438,0.5241441130638123,4.028237660725911
step8000,8000,704,6,14290, documented,48,6,1.0588818788528442,2.2055535316467285,16.308589935302734,0.565405759960413,4.028237660725911
step8000,8000,704,7,6574, miles,404,7,1.0275036096572876,2.1931838989257812,15.850873947143555,0.5449389889836311,4.028237660725911
step8000,8000,768,0,21825, clones,2,0,1.0142351388931274,2.0976803302764893,15.768037796020508,0.9224435165524483,4.028237660725911
step8000,8000,768,1,46808, trustworthy,3,1,1.0091272592544556,1.8063005208969116,15.687067985534668,0.5370184518396854,4.028237660725911
step8000,8000,768,2,23778, motive,8,2,1.0724207162857056,2.26047420501709,16.2291259765625,0.5478489398956299,4.028237660725911
step8000,8000,768,3,42548, generosity,8,3,1.0402525663375854,2.153895854949951,15.91765308380127,0.5491808988153934,4.028237660725911
step8000,8000,768,4,29254, critique,18,4,1.0225799083709717,2.1179630756378174,15.866793632507324,0.5222363583743572,4.028237660725911
step8000,8000,768,5,19211, cabinet,33,5,1.0673086643218994,2.204646110534668,16.080289840698242,0.49611207470297813,4.028237660725911
step8000,8000,768,6,14290, documented,48,6,0.9748882055282593,1.9631314277648926,15.180357933044434,0.5402739271521568,4.028237660725911
step8000,8000,768,7,6574, miles,404,7,0.9532153010368347,2.0031301975250244,15.142021179199219,0.5656909383833408,4.028237660725911
step8000,8000,832,0,21825, clones,2,0,1.0688505172729492,2.1844348907470703,16.051259994506836,0.5452736839652061,4.028237660725911
step8000,8000,832,1,46808, trustworthy,3,1,1.0137100219726562,2.23252010345459,15.925718307495117,0.5691810585558414,4.028237660725911
step8000,8000,832,2,23778, motive,8,2,1.0316734313964844,2.0689992904663086,15.973467826843262,0.5488398522138596,4.028237660725911
step8000,8000,832,3,42548, generosity,8,3,1.0665769577026367,2.325409412384033,16.274673461914062,0.5738650374114513,4.028237660725911
step8000,8000,832,4,29254, critique,18,4,1.0179418325424194,1.8513010740280151,15.53726577758789,0.5433512963354588,4.028237660725911
step8000,8000,832,5,19211, cabinet,33,5,1.007067322731018,1.8483213186264038,15.595574378967285,0.5361813008785248,4.028237660725911
step8000,8000,832,6,14290, documented,48,6,1.0260770320892334,2.1119065284729004,16.00735092163086,0.49023279547691345,4.028237660725911
step8000,8000,832,7,6574, miles,404,7,1.0260473489761353,2.1476387977600098,15.97064208984375,0.5220735780894756,4.028237660725911
step8000,8000,896,0,21825, clones,2,0,1.0023349523544312,1.844892144203186,15.50408935546875,0.5218952521681786,4.028237660725911
step8000,8000,896,1,46808, trustworthy,3,1,1.0065773725509644,2.1018452644348145,15.592022895812988,0.5372714661061764,4.028237660725911
step8000,8000,896,2,23778, motive,8,2,1.0284427404403687,2.2088887691497803,16.062883377075195,0.5289075821638107,4.028237660725911
step8000,8000,896,3,42548, generosity,8,3,0.9744784235954285,1.9738761186599731,15.23177433013916,0.5146362073719501,4.028237660725911
step8000,8000,896,4,29254, critique,18,4,0.9862249493598938,2.0521249771118164,15.627398490905762,0.5476110056042671,4.028237660725911
step8000,8000,896,5,19211, cabinet,33,5,1.0293049812316895,2.052600622177124,15.725646018981934,0.5637932829558849,4.028237660725911
step8000,8000,896,6,14290, documented,48,6,1.0200750827789307,2.1256043910980225,15.725984573364258,0.5573700554668903,4.028237660725911
step8000,8000,896,7,6574, miles,404,7,1.032604455947876,1.851388931274414,16.404163360595703,0.5496438108384609,4.028237660725911
step8000,8000,960,0,21825, clones,2,0,1.0243617296218872,2.051476001739502,15.730084419250488,0.5667920932173729,4.028237660725911
step8000,8000,960,1,46808, trustworthy,3,1,1.0638363361358643,2.242267370223999,16.071964263916016,0.5413011610507965,4.028237660725911
step8000,8000,960,2,23778, motive,8,2,1.0183149576187134,1.8980114459991455,15.900606155395508,0.5333822406828403,4.028237660725911
step8000,8000,960,3,42548, generosity,8,3,1.0225882530212402,2.0340230464935303,15.829940795898438,0.5589130967855453,4.028237660725911
step8000,8000,960,4,29254, critique,18,4,1.0569250583648682,1.9704442024230957,16.891511917114258,0.4976329393684864,4.028237660725911
step8000,8000,960,5,19211, cabinet,33,5,1.022985577583313,2.0456790924072266,15.485602378845215,0.5742397904396057,4.028237660725911
step8000,8000,960,6,14290, documented,48,6,1.0655313730239868,2.214545965194702,16.10126495361328,0.5184640437364578,4.028237660725911
step8000,8000,960,7,6574, miles,404,7,1.0904890298843384,2.1967597007751465,16.292774200439453,0.5379404574632645,4.028237660725911
step8000,8000,1024,0,21825, clones,2,0,1.0141937732696533,1.8745582103729248,15.48721694946289,0.5454384461045265,4.028237660725911
step8000,8000,1024,1,46808, trustworthy,3,1,0.9792213439941406,1.8810291290283203,15.28014087677002,0.5305685587227345,4.028237660725911
step8000,8000,1024,2,23778, motive,8,2,1.0561635494232178,2.081427812576294,15.788771629333496,0.5417093299329281,4.028237660725911
step8000,8000,1024,3,42548, generosity,8,3,0.9980160593986511,2.015181064605713,15.582015991210938,0.5608488619327545,4.028237660725911
step8000,8000,1024,4,29254, critique,18,4,1.0431779623031616,2.178784132003784,15.935239791870117,0.5557838566601276,4.028237660725911
step8000,8000,1024,5,19211, cabinet,33,5,0.9931857585906982,1.9988869428634644,15.457489013671875,0.5373127348721027,4.028237660725911
step8000,8000,1024,6,14290, documented,48,6,0.9983447194099426,1.9017575979232788,15.473343849182129,0.575653750449419,4.028237660725911
step8000,8000,1024,7,6574, miles,404,7,1.1040973663330078,2.148672103881836,16.54642677307129,0.5408369489014149,4.028237660725911
step9000,9000,0,0,21825, clones,2,0,10.51060676574707,70.87491607666016,230.1397705078125,0.5275197848677635,3.997703287336561
step9000,9000,0,1,46808, trustworthy,3,1,12.811391830444336,92.3369140625,266.1037902832031,0.5703890286386013,3.997703287336561
step9000,9000,0,2,23778, motive,8,2,13.695155143737793,73.24398040771484,284.48193359375,0.5500259064137936,3.997703287336561
step9000,9000,0,3,42548, generosity,8,3,13.61357307434082,75.70645141601562,300.0240478515625,0.5842724032700062,3.997703287336561
step9000,9000,0,4,29254, critique,18,4,10.514801979064941,64.88626098632812,231.614013671875,0.5205686315894127,3.997703287336561
step9000,9000,0,5,19211, cabinet,33,5,13.600142478942871,89.9997329711914,284.1993408203125,0.5356354787945747,3.997703287336561
step9000,9000,0,6,14290, documented,48,6,10.89648723602295,65.42445373535156,217.0972442626953,0.5232187397778034,3.997703287336561
step9000,9000,0,7,6574, miles,404,7,21.422388076782227,136.02114868164062,420.8398132324219,0.5836374498903751,3.997703287336561
step9000,9000,64,0,21825, clones,2,0,1.0021567344665527,2.1056301593780518,15.774147033691406,0.6640160791575909,3.997703287336561
step9000,9000,64,1,46808, trustworthy,3,1,0.9957704544067383,2.0970375537872314,15.675071716308594,0.5887808054685593,3.997703287336561
step9000,9000,64,2,23778, motive,8,2,0.958471417427063,1.9428870677947998,15.169934272766113,0.5275775231420994,3.997703287336561
step9000,9000,64,3,42548, generosity,8,3,0.9730139970779419,2.0042290687561035,15.37370491027832,0.5117884092032909,3.997703287336561
step9000,9000,64,4,29254, critique,18,4,0.9829427003860474,2.0077743530273438,15.416960716247559,0.48716193437576294,3.997703287336561
step9000,9000,64,5,19211, cabinet,33,5,1.004509449005127,1.9121347665786743,15.948542594909668,0.6037982888519764,3.997703287336561
step9000,9000,64,6,14290, documented,48,6,1.0248459577560425,1.9715442657470703,16.17552375793457,0.53221420571208,3.997703287336561
step9000,9000,64,7,6574, miles,404,7,1.0158121585845947,2.289872169494629,15.763137817382812,0.5503058880567551,3.997703287336561
step9000,9000,128,0,21825, clones,2,0,0.9794539213180542,2.0339126586914062,15.595256805419922,0.5106482207775116,3.997703287336561
step9000,9000,128,1,46808, trustworthy,3,1,0.9771246314048767,2.0122768878936768,15.498905181884766,0.5392114110291004,3.997703287336561
step9000,9000,128,2,23778, motive,8,2,0.9885781407356262,1.9781759977340698,15.450285911560059,0.5199746340513229,3.997703287336561
step9000,9000,128,3,42548, generosity,8,3,0.9812838435173035,1.9829014539718628,15.41218090057373,0.46556832641363144,3.997703287336561
step9000,9000,128,4,29254, critique,18,4,0.9918834567070007,1.974769115447998,15.50376033782959,0.5171932391822338,3.997703287336561
step9000,9000,128,5,19211, cabinet,33,5,1.003750205039978,1.9119606018066406,15.937363624572754,0.5516197718679905,3.997703287336561
step9000,9000,128,6,14290, documented,48,6,1.0086520910263062,1.900159239768982,16.04667854309082,0.5326329283416271,3.997703287336561
step9000,9000,128,7,6574, miles,404,7,0.9952380657196045,1.975431203842163,15.778178215026855,0.5195230133831501,3.997703287336561
step9000,9000,192,0,21825, clones,2,0,0.9801803231239319,2.0053961277008057,15.623636245727539,0.515101432800293,3.997703287336561
step9000,9000,192,1,46808, trustworthy,3,1,0.984833300113678,1.9969531297683716,15.54472541809082,0.5069550238549709,3.997703287336561
step9000,9000,192,2,23778, motive,8,2,1.00064218044281,1.9721438884735107,15.61229133605957,0.542499240487814,3.997703287336561
step9000,9000,192,3,42548, generosity,8,3,0.9931509494781494,1.9838720560073853,15.565086364746094,0.47879793867468834,3.997703287336561
step9000,9000,192,4,29254, critique,18,4,1.0015957355499268,1.9708398580551147,15.635172843933105,0.5192199796438217,3.997703287336561
step9000,9000,192,5,19211, cabinet,33,5,0.9969930648803711,1.9397374391555786,15.850934028625488,0.5417726822197437,3.997703287336561
step9000,9000,192,6,14290, documented,48,6,0.9954953193664551,1.9361686706542969,15.894887924194336,0.5175919868052006,3.997703287336561
step9000,9000,192,7,6574, miles,404,7,0.9910466074943542,1.9701532125473022,15.731334686279297,0.5127023458480835,3.997703287336561
step9000,9000,256,0,21825, clones,2,0,0.9807308912277222,1.9965782165527344,15.637340545654297,0.5371028631925583,3.997703287336561
step9000,9000,256,1,46808, trustworthy,3,1,0.988058865070343,1.9889158010482788,15.599674224853516,0.5503384135663509,3.997703287336561
step9000,9000,256,2,23778, motive,8,2,1.0036828517913818,1.960518717765808,15.689566612243652,0.8198548145592213,3.997703287336561
step9000,9000,256,3,42548, generosity,8,3,0.9968568086624146,1.9751830101013184,15.639347076416016,0.5609974749386311,3.997703287336561
step9000,9000,256,4,29254, critique,18,4,1.0031335353851318,1.9599180221557617,15.6964750289917,0.48175134882330894,3.997703287336561
step9000,9000,256,5,19211, cabinet,33,5,0.9938593506813049,1.9542137384414673,15.799680709838867,0.48645392060279846,3.997703287336561
step9000,9000,256,6,14290, documented,48,6,0.9914966225624084,1.9549165964126587,15.826956748962402,0.5450989492237568,3.997703287336561
step9000,9000,256,7,6574, miles,404,7,0.9917268753051758,1.969927430152893,15.724517822265625,0.5519548840820789,3.997703287336561
step9000,9000,320,0,21825, clones,2,0,0.985815167427063,1.987842082977295,15.652348518371582,0.5258614681661129,3.997703287336561
step9000,9000,320,1,46808, trustworthy,3,1,0.9919640421867371,1.9804884195327759,15.644017219543457,0.5555301457643509,3.997703287336561
step9000,9000,320,2,23778, motive,8,2,1.0033248662948608,1.9539916515350342,15.725147247314453,0.48256418481469154,3.997703287336561
step9000,9000,320,3,42548, generosity,8,3,0.9981774687767029,1.9680168628692627,15.681506156921387,0.5194376558065414,3.997703287336561
step9000,9000,320,4,29254, critique,18,4,1.002541184425354,1.9547690153121948,15.725793838500977,0.5202029682695866,3.997703287336561
step9000,9000,320,5,19211, cabinet,33,5,0.9924152493476868,1.962701678276062,15.764963150024414,0.5513549298048019,3.997703287336561
step9000,9000,320,6,14290, documented,48,6,0.9898930191993713,1.9658102989196777,15.775578498840332,0.5177264735102654,3.997703287336561
step9000,9000,320,7,6574, miles,404,7,0.9921719431877136,1.9704307317733765,15.718465805053711,0.5105623081326485,3.997703287336561
step9000,9000,384,0,21825, clones,2,0,0.9890841245651245,1.981799840927124,15.668478965759277,0.5407865941524506,3.997703287336561
step9000,9000,384,1,46808, trustworthy,3,1,0.993821382522583,1.9748129844665527,15.673089981079102,0.5322804972529411,3.997703287336561
step9000,9000,384,2,23778, motive,8,2,1.0019012689590454,1.9525346755981445,15.739768028259277,0.5714027397334576,3.997703287336561
step9000,9000,384,3,42548, generosity,8,3,0.9982495903968811,1.9640253782272339,15.70508861541748,0.5170706026256084,3.997703287336561
step9000,9000,384,4,29254, critique,18,4,1.001145601272583,1.9538041353225708,15.738128662109375,0.531870149075985,3.997703287336561
step9000,9000,384,5,19211, cabinet,33,5,0.9919757843017578,1.9669651985168457,15.742733001708984,0.5510590635240078,3.997703287336561
step9000,9000,384,6,14290, documented,48,6,0.9897492527961731,1.9704833030700684,15.745137214660645,0.535002276301384,3.997703287336561
step9000,9000,384,7,6574, miles,404,7,0.9926866888999939,1.970123291015625,15.715428352355957,0.5435872822999954,3.997703287336561
step9000,9000,448,0,21825, clones,2,0,0.99117511510849,1.9771395921707153,15.681986808776855,0.5685640014708042,3.997703287336561
step9000,9000,448,1,46808, trustworthy,3,1,0.9947681427001953,1.970721960067749,15.691977500915527,0.5436617769300938,3.997703287336561
step9000,9000,448,2,23778, motive,8,2,1.0002717971801758,1.9538750648498535,15.744102478027344,0.5206811651587486,3.997703287336561
step9000,9000,448,3,42548, generosity,8,3,0.9978172779083252,1.9622715711593628,15.717771530151367,0.5544169247150421,3.997703287336561
step9000,9000,448,4,29254, critique,18,4,0.9996500611305237,1.955282211303711,15.741654396057129,0.5463388077914715,3.997703287336561
step9000,9000,448,5,19211, cabinet,33,5,0.9920568466186523,1.9690320491790771,15.72919750213623,0.5355143882334232,3.997703287336561
step9000,9000,448,6,14290, documented,48,6,0.9902859926223755,1.9721193313598633,15.72740650177002,0.5339634157717228,3.997703287336561
step9000,9000,448,7,6574, miles,404,7,0.9931085109710693,1.9696636199951172,15.714335441589355,0.5452424436807632,3.997703287336561
step9000,9000,512,0,21825, clones,2,0,0.9925333261489868,1.9737327098846436,15.692831039428711,0.5289102606475353,3.997703287336561
step9000,9000,512,1,46808, trustworthy,3,1,0.9951794743537903,1.968353033065796,15.704195022583008,0.5575809143483639,3.997703287336561
step9000,9000,512,2,23778, motive,8,2,0.9987772107124329,1.9561388492584229,15.743287086486816,0.5199608281254768,3.997703287336561
step9000,9000,512,3,42548, generosity,8,3,0.9972045421600342,1.962042212486267,15.723993301391602,0.5327684953808784,3.997703287336561
step9000,9000,512,4,29254, critique,18,4,0.9982926845550537,1.9572298526763916,15.74075698852539,0.5862673595547676,3.997703287336561
step9000,9000,512,5,19211, cabinet,33,5,0.9923757910728455,1.9697086811065674,15.721430778503418,0.48675063624978065,3.997703287336561
step9000,9000,512,6,14290, documented,48,6,0.9910403490066528,1.9723320007324219,15.717874526977539,0.5362291261553764,3.997703287336561
step9000,9000,512,7,6574, miles,404,7,0.9934645295143127,1.9691696166992188,15.714330673217773,0.524737823754549,3.997703287336561
step9000,9000,576,0,21825, clones,2,0,0.9933891296386719,1.971360445022583,15.701075553894043,0.5311023406684399,3.997703287336561
step9000,9000,576,1,46808, trustworthy,3,1,0.9952912330627441,1.9668447971343994,15.711767196655273,0.5629274137318134,3.997703287336561
step9000,9000,576,2,23778, motive,8,2,0.997528612613678,1.9585375785827637,15.740131378173828,0.5295635610818863,3.997703287336561
step9000,9000,576,3,42548, generosity,8,3,0.9965832829475403,1.9625160694122314,15.72642707824707,0.5205221772193909,3.997703287336561
step9000,9000,576,4,29254, critique,18,4,0.9971741437911987,1.9594573974609375,15.737852096557617,0.5241710804402828,3.997703287336561
step9000,9000,576,5,19211, cabinet,33,5,0.9927641749382019,1.9697699546813965,15.717370986938477,0.5380785241723061,3.997703287336561
step9000,9000,576,6,14290, documented,48,6,0.9917935132980347,1.9718384742736816,15.71338176727295,0.5453107915818691,3.997703287336561
step9000,9000,576,7,6574, miles,404,7,0.9937425851821899,1.9686425924301147,15.714874267578125,0.500525888055563,3.997703287336561
step9000,9000,640,0,21825, clones,2,0,0.9939190149307251,1.9696717262268066,15.707122802734375,0.4813176319003105,3.997703287336561
step9000,9000,640,1,46808, trustworthy,3,1,0.9952430129051208,1.9662518501281738,15.716259956359863,0.47694429382681847,3.997703287336561
step9000,9000,640,2,23778, motive,8,2,0.9965502023696899,1.9607551097869873,15.736200332641602,0.5437564961612225,3.997703287336561
step9000,9000,640,3,42548, generosity,8,3,0.9960242509841919,1.9632184505462646,15.726763725280762,0.573956448584795,3.997703287336561
step9000,9000,640,4,29254, critique,18,4,0.9963008165359497,1.9614253044128418,15.73430061340332,0.5648046210408211,3.997703287336561
step9000,9000,640,5,19211, cabinet,33,5,0.9931384325027466,1.9694510698318481,15.715583801269531,0.5531590580940247,3.997703287336561
step9000,9000,640,6,14290, documented,48,6,0.9924577474594116,1.9710646867752075,15.711849212646484,0.5271558500826359,3.997703287336561
step9000,9000,640,7,6574, miles,404,7,0.9939508438110352,1.9682025909423828,15.715605735778809,0.523223277181387,3.997703287336561
step9000,9000,704,0,21825, clones,2,0,0.9942315816879272,1.9684996604919434,15.711413383483887,0.5527031905949116,3.997703287336561
step9000,9000,704,1,46808, trustworthy,3,1,0.9951215982437134,1.9660210609436035,15.718754768371582,0.4738187976181507,3.997703287336561
step9000,9000,704,2,23778, motive,8,2,0.9958226084709167,1.962528109550476,15.732332229614258,0.47987694293260574,3.997703287336561
step9000,9000,704,3,42548, generosity,8,3,0.9955647587776184,1.9639612436294556,15.726048469543457,0.5378836467862129,3.997703287336561
step9000,9000,704,4,29254, critique,18,4,0.9956495761871338,1.9630298614501953,15.730828285217285,0.5208948999643326,3.997703287336561
step9000,9000,704,5,19211, cabinet,33,5,0.9934625029563904,1.969010829925537,15.715104103088379,0.5912187285721302,3.997703287336561
step9000,9000,704,6,14290, documented,48,6,0.9929968118667603,1.9702637195587158,15.711926460266113,0.5577510967850685,3.997703287336561
step9000,9000,704,7,6574, miles,404,7,0.9941049814224243,1.9678478240966797,15.716348648071289,0.5614380016922951,3.997703287336561
step9000,9000,768,0,21825, clones,2,0,0.9943966269493103,1.9677871465682983,15.71436595916748,0.5886432714760303,3.997703287336561
step9000,9000,768,1,46808, trustworthy,3,1,0.9949801564216614,1.9660289287567139,15.719993591308594,0.9218348823487759,3.997703287336561
step9000,9000,768,2,23778, motive,8,2,0.9952979683876038,1.96390962600708,15.72893238067627,0.5521264523267746,3.997703287336561
step9000,9000,768,3,42548, generosity,8,3,0.9952065944671631,1.96465265750885,15.724896430969238,0.5308883488178253,3.997703287336561
step9000,9000,768,4,29254, critique,18,4,0.9951890707015991,1.9642438888549805,15.727790832519531,0.5295627936720848,3.997703287336561
step9000,9000,768,5,19211, cabinet,33,5,0.9937244653701782,1.968639612197876,15.715315818786621,0.47186779230833054,3.997703287336561
step9000,9000,768,6,14290, documented,48,6,0.9934176802635193,1.969506859779358,15.712777137756348,0.5168836489319801,3.997703287336561
step9000,9000,768,7,6574, miles,404,7,0.9942099452018738,1.9675933122634888,15.717010498046875,0.5842072293162346,3.997703287336561
step9000,9000,832,0,21825, clones,2,0,0.9944804310798645,1.9673490524291992,15.716325759887695,0.5329735353589058,3.997703287336561
step9000,9000,832,1,46808, trustworthy,3,1,0.9948462843894958,1.966067910194397,15.72048282623291,0.5309434458613396,3.997703287336561
step9000,9000,832,2,23778, motive,8,2,0.9949421286582947,1.964936375617981,15.726142883300781,0.5156847834587097,3.997703287336561
step9000,9000,832,3,42548, generosity,8,3,0.9949382543563843,1.96544349193573,15.723662376403809,0.5371825359761715,3.997703287336561
step9000,9000,832,4,29254, critique,18,4,0.9948718547821045,1.9651843309402466,15.725314140319824,0.5594477504491806,3.997703287336561
step9000,9000,832,5,19211, cabinet,33,5,0.9939311742782593,1.968173623085022,15.715841293334961,0.5518564358353615,3.997703287336561
step9000,9000,832,6,14290, documented,48,6,0.993733286857605,1.9688122272491455,15.713898658752441,0.5795153640210629,3.997703287336561
step9000,9000,832,7,6574, miles,404,7,0.9942856431007385,1.9674400091171265,15.717561721801758,0.48025206848978996,3.997703287336561
step9000,9000,896,0,21825, clones,2,0,0.9945118427276611,1.9670937061309814,15.717585563659668,0.5411440916359425,3.997703287336561
step9000,9000,896,1,46808, trustworthy,3,1,0.9947280883789062,1.9662659168243408,15.72055435180664,0.5125380009412766,3.997703287336561
step9000,9000,896,2,23778, motive,8,2,0.9947033524513245,1.9657467603683472,15.723969459533691,0.5124491602182388,3.997703287336561
step9000,9000,896,3,42548, generosity,8,3,0.9947441220283508,1.9659457206726074,15.722533226013184,0.5401046238839626,3.997703287336561
step9000,9000,896,4,29254, critique,18,4,0.9946656823158264,1.9658524990081787,15.723381042480469,0.5153859592974186,3.997703287336561
step9000,9000,896,5,19211, cabinet,33,5,0.9940841197967529,1.9679234027862549,15.71645450592041,0.5123983845114708,3.997703287336561
step9000,9000,896,6,14290, documented,48,6,0.9939615726470947,1.968303918838501,15.715030670166016,0.5174400545656681,3.997703287336561
step9000,9000,896,7,6574, miles,404,7,0.9943337440490723,1.967317819595337,15.71799087524414,0.5140076465904713,3.997703287336561
step9000,9000,960,0,21825, clones,2,0,0.9945143461227417,1.966962456703186,15.718361854553223,0.5356996133923531,3.997703287336561
step9000,9000,960,1,46808, trustworthy,3,1,0.9946321249008179,1.966394305229187,15.72040843963623,0.5432841405272484,3.997703287336561
step9000,9000,960,2,23778, motive,8,2,0.994550883769989,1.9662792682647705,15.722345352172852,0.5505452007055283,3.997703287336561
step9000,9000,960,3,42548, generosity,8,3,0.9946125149726868,1.9662562608718872,15.721578598022461,0.5303053110837936,3.997703287336561
step9000,9000,960,4,29254, critique,18,4,0.9945307970046997,1.9663326740264893,15.721942901611328,0.5139546655118465,3.997703287336561
step9000,9000,960,5,19211, cabinet,33,5,0.9941931962966919,1.9676226377487183,15.717042922973633,0.5284098386764526,3.997703287336561
step9000,9000,960,6,14290, documented,48,6,0.9941223859786987,1.9679298400878906,15.716031074523926,0.506501417607069,3.997703287336561
step9000,9000,960,7,6574, miles,404,7,0.9943663477897644,1.967158555984497,15.718314170837402,0.5194729529321194,3.997703287336561
step9000,9000,1024,0,21825, clones,2,0,0.9945012927055359,1.966881275177002,15.718810081481934,0.5421699248254299,3.997703287336561
step9000,9000,1024,1,46808, trustworthy,3,1,0.994558572769165,1.9665576219558716,15.720176696777344,0.5406183190643787,3.997703287336561
step9000,9000,1024,2,23778, motive,8,2,0.994460940361023,1.966512680053711,15.72116756439209,0.5072823613882065,3.997703287336561
step9000,9000,1024,3,42548, generosity,8,3,0.9945242404937744,1.966564655303955,15.720819473266602,0.5879353284835815,3.997703287336561
step9000,9000,1024,4,29254, critique,18,4,0.994450569152832,1.9666668176651,15.720903396606445,0.522515956312418,3.997703287336561
step9000,9000,1024,5,19211, cabinet,33,5,0.9942704439163208,1.9673733711242676,15.717551231384277,0.5386694632470608,3.997703287336561
step9000,9000,1024,6,14290, documented,48,6,0.9942311644554138,1.9676188230514526,15.716856956481934,0.5320464260876179,3.997703287336561
step9000,9000,1024,7,6574, miles,404,7,0.994383692741394,1.9671341180801392,15.718548774719238,0.5663432702422142,3.997703287336561
step10000,10000,0,0,21825, clones,2,0,11.079007148742676,74.63168334960938,236.82154846191406,0.5183794423937798,4.0096223089430065
step10000,10000,0,1,46808, trustworthy,3,1,12.178420066833496,71.45716094970703,248.65367126464844,0.4642418511211872,4.0096223089430065
step10000,10000,0,2,23778, motive,8,2,15.442622184753418,86.31649017333984,319.8399658203125,0.5158679857850075,4.0096223089430065
step10000,10000,0,3,42548, generosity,8,3,15.695582389831543,86.69588470458984,329.0720520019531,0.47271348163485527,4.0096223089430065
step10000,10000,0,4,29254, critique,18,4,12.167414665222168,75.53775024414062,254.34658813476562,0.5383817292749882,4.0096223089430065
step10000,10000,0,5,19211, cabinet,33,5,13.23663330078125,80.93873596191406,284.0622863769531,0.4985041506588459,4.0096223089430065
step10000,10000,0,6,14290, documented,48,6,10.526676177978516,63.79927062988281,217.15016174316406,0.5274570025503635,4.0096223089430065
step10000,10000,0,7,6574, miles,404,7,19.705530166625977,153.0851287841797,402.80255126953125,0.5012841448187828,4.0096223089430065
step10000,10000,64,0,21825, clones,2,0,1.0058064460754395,1.8311562538146973,15.655667304992676,0.5276336446404457,4.0096223089430065
step10000,10000,64,1,46808, trustworthy,3,1,1.03045654296875,1.8660236597061157,15.904882431030273,0.5255061984062195,4.0096223089430065
step10000,10000,64,2,23778, motive,8,2,0.9706754088401794,1.731642723083496,15.072394371032715,0.5332150980830193,4.0096223089430065
step10000,10000,64,3,42548, generosity,8,3,0.9823412299156189,1.7468262910842896,15.244868278503418,0.5103640630841255,4.0096223089430065
step10000,10000,64,4,29254, critique,18,4,0.9783273339271545,1.7386261224746704,15.158679962158203,0.5331417433917522,4.0096223089430065
step10000,10000,64,5,19211, cabinet,33,5,0.9852206110954285,1.7509105205535889,15.227080345153809,0.5122807882726192,4.0096223089430065
step10000,10000,64,6,14290, documented,48,6,0.9979543089866638,1.818759560585022,15.361220359802246,0.5972153954207897,4.0096223089430065
step10000,10000,64,7,6574, miles,404,7,0.9874997138977051,1.828931212425232,15.545299530029297,0.5331437289714813,4.0096223089430065
step10000,10000,128,0,21825, clones,2,0,1.034885287284851,1.824636697769165,15.754436492919922,0.5118874572217464,4.0096223089430065
step10000,10000,128,1,46808, trustworthy,3,1,1.039476752281189,1.8106365203857422,15.758877754211426,0.4671599306166172,4.0096223089430065
step10000,10000,128,2,23778, motive,8,2,0.9524849653244019,1.759690284729004,15.043232917785645,0.5305169485509396,4.0096223089430065
step10000,10000,128,3,42548, generosity,8,3,0.9634490609169006,1.7358671426773071,14.97407341003418,0.5178217887878418,4.0096223089430065
step10000,10000,128,4,29254, critique,18,4,0.9596995115280151,1.7456822395324707,14.99875259399414,0.47513050958514214,4.0096223089430065
step10000,10000,128,5,19211, cabinet,33,5,0.9614996314048767,1.7361384630203247,14.961516380310059,0.5388324931263924,4.0096223089430065
step10000,10000,128,6,14290, documented,48,6,1.0134559869766235,1.8771708011627197,15.864716529846191,0.6301685981452465,4.0096223089430065
step10000,10000,128,7,6574, miles,404,7,1.017898678779602,1.8781095743179321,15.89078426361084,0.5974908098578453,4.0096223089430065
step10000,10000,192,0,21825, clones,2,0,1.0306700468063354,1.792670726776123,15.611504554748535,0.5898535363376141,4.0096223089430065
step10000,10000,192,1,46808, trustworthy,3,1,0.9974559545516968,1.7533217668533325,15.305068016052246,0.5410930216312408,4.0096223089430065
step10000,10000,192,2,23778, motive,8,2,0.9866397976875305,1.8212326765060425,15.500033378601074,0.48274221271276474,4.0096223089430065
step10000,10000,192,3,42548, generosity,8,3,0.9682644009590149,1.7876676321029663,15.243733406066895,0.534288227558136,4.0096223089430065
step10000,10000,192,4,29254, critique,18,4,0.9764140248298645,1.8009753227233887,15.352468490600586,0.5450902692973614,4.0096223089430065
step10000,10000,192,5,19211, cabinet,33,5,0.9704557657241821,1.7912529706954956,15.268630981445312,0.560815904289484,4.0096223089430065
step10000,10000,192,6,14290, documented,48,6,1.0442579984664917,1.8324812650680542,15.867982864379883,0.5528624579310417,4.0096223089430065
step10000,10000,192,7,6574, miles,404,7,1.0437999963760376,1.826403021812439,15.841443061828613,0.5215729363262653,4.0096223089430065
step10000,10000,256,0,21825, clones,2,0,0.9931913018226624,1.7481216192245483,15.244181632995605,0.5517140962183475,4.0096223089430065
step10000,10000,256,1,46808, trustworthy,3,1,0.9676445126533508,1.734445333480835,15.000614166259766,0.5215975344181061,4.0096223089430065
step10000,10000,256,2,23778, motive,8,2,1.0233495235443115,1.8679405450820923,15.877177238464355,0.49900951981544495,4.0096223089430065
step10000,10000,256,3,42548, generosity,8,3,0.9987794160842896,1.8523470163345337,15.703737258911133,0.5043921209871769,4.0096223089430065
step10000,10000,256,4,29254, critique,18,4,1.0109611749649048,1.8629323244094849,15.790318489074707,0.5296335034072399,4.0096223089430065
step10000,10000,256,5,19211, cabinet,33,5,1.0023161172866821,1.8561357259750366,15.72966194152832,0.5225364603102207,4.0096223089430065
step10000,10000,256,6,14290, documented,48,6,1.0134631395339966,1.7707587480545044,15.459518432617188,0.5339329950511456,4.0096223089430065
step10000,10000,256,7,6574, miles,404,7,1.0093183517456055,1.7660853862762451,15.418896675109863,0.524611447006464,4.0096223089430065
step10000,10000,320,0,21825, clones,2,0,0.9659374952316284,1.7387458086013794,15.000627517700195,0.5472286529839039,4.0096223089430065
step10000,10000,320,1,46808, trustworthy,3,1,0.9636053442955017,1.7788249254226685,15.183879852294922,0.540105264633894,4.0096223089430065
step10000,10000,320,2,23778, motive,8,2,1.0422239303588867,1.818595051765442,15.797039031982422,0.5309796333312988,4.0096223089430065
step10000,10000,320,3,42548, generosity,8,3,1.0393517017364502,1.8516217470169067,15.906570434570312,0.5206758491694927,4.0096223089430065
step10000,10000,320,4,29254, critique,18,4,1.0433344841003418,1.837528109550476,15.878130912780762,0.4855462685227394,4.0096223089430065
step10000,10000,320,5,19211, cabinet,33,5,1.040797472000122,1.848122477531433,15.902749061584473,0.5298758968710899,4.0096223089430065
step10000,10000,320,6,14290, documented,48,6,0.975551962852478,1.7338676452636719,15.075760841369629,0.5453566387295723,4.0096223089430065
step10000,10000,320,7,6574, miles,404,7,0.97320157289505,1.7329652309417725,15.050658226013184,0.5773405022919178,4.0096223089430065
step10000,10000,384,0,21825, clones,2,0,0.9677459597587585,1.7868932485580444,15.24443531036377,0.5904485434293747,4.0096223089430065
step10000,10000,384,1,46808, trustworthy,3,1,0.9899975657463074,1.841988444328308,15.6371488571167,0.5248193889856339,4.0096223089430065
step10000,10000,384,2,23778, motive,8,2,1.005270004272461,1.7614667415618896,15.377248764038086,0.5443596839904785,4.0096223089430065
step10000,10000,384,3,42548, generosity,8,3,1.028955101966858,1.7907570600509644,15.616758346557617,0.5118775367736816,4.0096223089430065
step10000,10000,384,4,29254, critique,18,4,1.019051194190979,1.7773597240447998,15.513168334960938,0.5208436921238899,4.0096223089430065
step10000,10000,384,5,19211, cabinet,33,5,1.026411771774292,1.787052035331726,15.589278221130371,0.5565414130687714,4.0096223089430065
step10000,10000,384,6,14290, documented,48,6,0.9538110494613647,1.7583491802215576,15.058906555175781,0.5380441024899483,4.0096223089430065
step10000,10000,384,7,6574, miles,404,7,0.9546663165092468,1.763354778289795,15.085870742797852,0.5224989168345928,4.0096223089430065
step10000,10000,448,0,21825, clones,2,0,0.9982014894485474,1.850954532623291,15.696511268615723,0.531765516847372,4.0096223089430065
step10000,10000,448,1,46808, trustworthy,3,1,1.0347849130630493,1.8591302633285522,15.907221794128418,0.5279479548335075,4.0096223089430065
step10000,10000,448,2,23778, motive,8,2,0.9711843729019165,1.7328877449035645,15.02972412109375,0.5261685810983181,4.0096223089430065
step10000,10000,448,3,42548, generosity,8,3,0.9871979355812073,1.742810845375061,15.197284698486328,0.4835439436137676,4.0096223089430065
step10000,10000,448,4,29254, critique,18,4,0.9792549014091492,1.7361410856246948,15.114823341369629,0.5057015046477318,4.0096223089430065
step10000,10000,448,5,19211, cabinet,33,5,0.9849374294281006,1.740793228149414,15.174168586730957,0.519411738961935,4.0096223089430065
step10000,10000,448,6,14290, documented,48,6,0.9837661385536194,1.8154280185699463,15.467705726623535,0.5440968833863735,4.0096223089430065
step10000,10000,448,7,6574, miles,404,7,0.9858241677284241,1.8218961954116821,15.511683464050293,0.5017252936959267,4.0096223089430065
step10000,10000,512,0,21825, clones,2,0,1.0390024185180664,1.8521031141281128,15.905964851379395,0.5144310295581818,4.0096223089430065
step10000,10000,512,1,46808, trustworthy,3,1,1.0346708297729492,1.800158977508545,15.682961463928223,0.5018831491470337,4.0096223089430065
step10000,10000,512,2,23778, motive,8,2,0.9580680131912231,1.7685599327087402,15.117107391357422,0.52319610491395,4.0096223089430065
step10000,10000,512,3,42548, generosity,8,3,0.9629592895507812,1.742113709449768,14.997429847717285,0.5302736684679985,4.0096223089430065
step10000,10000,512,4,29254, critique,18,4,0.9575724005699158,1.7520478963851929,15.029402732849121,0.5132568925619125,4.0096223089430065
step10000,10000,512,5,19211, cabinet,33,5,0.9616832137107849,1.7445201873779297,15.002813339233398,0.46829521656036377,4.0096223089430065
step10000,10000,512,6,14290, documented,48,6,1.0208293199539185,1.8670059442520142,15.858160018920898,0.4686868116259575,4.0096223089430065
step10000,10000,512,7,6574, miles,404,7,1.0244851112365723,1.8666365146636963,15.877336502075195,0.5415385626256466,4.0096223089430065
step10000,10000,576,0,21825, clones,2,0,1.0295051336288452,1.7915840148925781,15.622706413269043,0.5130520239472389,4.0096223089430065
step10000,10000,576,1,46808, trustworthy,3,1,0.9930776953697205,1.7485443353652954,15.256583213806152,0.5400746464729309,4.0096223089430065
step10000,10000,576,2,23778, motive,8,2,0.9874724745750427,1.8288159370422363,15.555754661560059,0.4825783893465996,4.0096223089430065
step10000,10000,576,3,42548, generosity,8,3,0.972028911113739,1.7942849397659302,15.300532341003418,0.52053651958704,4.0096223089430065
step10000,10000,576,4,29254, critique,18,4,0.9801701903343201,1.807538628578186,15.408318519592285,0.5147075988352299,4.0096223089430065
step10000,10000,576,5,19211, cabinet,33,5,0.9742338061332703,1.7978062629699707,15.328940391540527,0.48962176218628883,4.0096223089430065
step10000,10000,576,6,14290, documented,48,6,1.0430887937545776,1.8227661848068237,15.818222999572754,0.5206335932016373,4.0096223089430065
step10000,10000,576,7,6574, miles,404,7,1.041806697845459,1.8171024322509766,15.788155555725098,0.5409703105688095,4.0096223089430065
step10000,10000,640,0,21825, clones,2,0,0.9877249598503113,1.7433626651763916,15.202592849731445,0.4948479197919369,4.0096223089430065
step10000,10000,640,1,46808, trustworthy,3,1,0.9657905697822571,1.7372127771377563,14.994546890258789,0.5282098576426506,4.0096223089430065
step10000,10000,640,2,23778, motive,8,2,1.0281858444213867,1.865033507347107,15.892169952392578,0.5117642357945442,4.0096223089430065
step10000,10000,640,3,42548, generosity,8,3,1.0054982900619507,1.8580025434494019,15.748201370239258,0.5193279460072517,4.0096223089430065
step10000,10000,640,4,29254, critique,18,4,1.0158826112747192,1.8657047748565674,15.825661659240723,0.9078175723552704,4.0096223089430065
step10000,10000,640,5,19211, cabinet,33,5,1.0085657835006714,1.8606958389282227,15.770917892456055,0.5348913036286831,4.0096223089430065
step10000,10000,640,6,14290, documented,48,6,1.0083577632904053,1.7648605108261108,15.407320976257324,0.5227069146931171,4.0096223089430065
step10000,10000,640,7,6574, miles,404,7,1.0043302774429321,1.7604299783706665,15.36783504486084,0.5513985641300678,4.0096223089430065
step10000,10000,704,0,21825, clones,2,0,0.9632384181022644,1.7416530847549438,14.996562004089355,0.5319159403443336,4.0096223089430065
step10000,10000,704,1,46808, trustworthy,3,1,0.9670448303222656,1.78546941280365,15.232707023620605,0.6078992709517479,4.0096223089430065
step10000,10000,704,2,23778, motive,8,2,1.0398751497268677,1.811264157295227,15.754384994506836,0.564122848212719,4.0096223089430065
step10000,10000,704,3,42548, generosity,8,3,1.041831612586975,1.844576358795166,15.895426750183105,0.5789383538067341,4.0096223089430065
step10000,10000,704,4,29254, critique,18,4,1.0437843799591064,1.8303544521331787,15.852727890014648,0.5194162018597126,4.0096223089430065
step10000,10000,704,5,19211, cabinet,33,5,1.0427592992782593,1.840810775756836,15.886858940124512,0.5621323101222515,4.0096223089430065
step10000,10000,704,6,14290, documented,48,6,0.9727410674095154,1.7329415082931519,15.045455932617188,0.5552690885961056,4.0096223089430065
step10000,10000,704,7,6574, miles,404,7,0.9707390666007996,1.732981562614441,15.02541446685791,0.5499213933944702,4.0096223089430065
step10000,10000,768,0,21825, clones,2,0,0.9715426564216614,1.7934575080871582,15.294173240661621,0.5393467098474503,4.0096223089430065
step10000,10000,768,1,46808, trustworthy,3,1,0.9966526031494141,1.8495690822601318,15.687084197998047,0.5381988361477852,4.0096223089430065
step10000,10000,768,2,23778, motive,8,2,1.0003457069396973,1.7560861110687256,15.328705787658691,0.5330794602632523,4.0096223089430065
step10000,10000,768,3,42548, generosity,8,3,1.0241236686706543,1.7838852405548096,15.564994812011719,0.5441202260553837,4.0096223089430065
step10000,10000,768,4,29254, critique,18,4,1.0139023065567017,1.7712339162826538,15.461788177490234,0.4840196669101715,4.0096223089430065
step10000,10000,768,5,19211, cabinet,33,5,1.021429181098938,1.7803393602371216,15.537199974060059,0.4796300679445267,4.0096223089430065
step10000,10000,768,6,14290, documented,48,6,0.9555543661117554,1.7646522521972656,15.09344482421875,0.557822197675705,4.0096223089430065
step10000,10000,768,7,6574, miles,404,7,0.9588015675544739,1.7698701620101929,15.124876022338867,0.5651706419885159,4.0096223089430065
step10000,10000,832,0,21825, clones,2,0,1.0047663450241089,1.8573659658432007,15.74288272857666,0.5053082704544067,4.0096223089430065
step10000,10000,832,1,46808, trustworthy,3,1,1.0383681058883667,1.8534356355667114,15.90719985961914,0.5253990478813648,4.0096223089430065
step10000,10000,832,2,23778, motive,8,2,0.9689316153526306,1.7337795495986938,15.009808540344238,0.5717421732842922,4.0096223089430065
step10000,10000,832,3,42548, generosity,8,3,0.9830614328384399,1.7391562461853027,15.154719352722168,0.5089619234204292,4.0096223089430065
step10000,10000,832,4,29254, critique,18,4,0.9758790135383606,1.7340534925460815,15.07879638671875,0.5375178828835487,4.0096223089430065
step10000,10000,832,5,19211, cabinet,33,5,0.9809795022010803,1.7374355792999268,15.132963180541992,0.5229453332722187,4.0096223089430065
step10000,10000,832,6,14290, documented,48,6,0.986255407333374,1.823522925376892,15.52255916595459,0.5325657427310944,4.0096223089430065
step10000,10000,832,7,6574, miles,404,7,0.9878097772598267,1.8304904699325562,15.565988540649414,0.4774988479912281,4.0096223089430065
step10000,10000,896,0,21825, clones,2,0,1.0415818691253662,1.8454786539077759,15.897064208984375,0.5294201858341694,4.0096223089430065
step10000,10000,896,1,46808, trustworthy,3,1,1.0304282903671265,1.7929755449295044,15.63306999206543,0.571169063448906,4.0096223089430065
step10000,10000,896,2,23778, motive,8,2,0.9617519378662109,1.775246262550354,15.159724235534668,0.5089240968227386,4.0096223089430065
step10000,10000,896,3,42548, generosity,8,3,0.960490882396698,1.7467546463012695,15.009417533874512,0.5629077963531017,4.0096223089430065
step10000,10000,896,4,29254, critique,18,4,0.9541455507278442,1.7578990459442139,15.056680679321289,0.5291139893233776,4.0096223089430065
step10000,10000,896,5,19211, cabinet,33,5,0.9589918255805969,1.7494792938232422,15.019158363342285,0.4901116266846657,4.0096223089430065
step10000,10000,896,6,14290, documented,48,6,1.0253957509994507,1.8663092851638794,15.88138484954834,0.5454655811190605,4.0096223089430065
step10000,10000,896,7,6574, miles,404,7,1.029045581817627,1.8645126819610596,15.89496898651123,0.5366077460348606,4.0096223089430065
step10000,10000,960,0,21825, clones,2,0,1.0247228145599365,1.7847225666046143,15.571282386779785,0.5206790007650852,4.0096223089430065
step10000,10000,960,1,46808, trustworthy,3,1,0.9886022210121155,1.7441312074661255,15.211514472961426,0.5098273493349552,4.0096223089430065
step10000,10000,960,2,23778, motive,8,2,0.9891472458839417,1.8374875783920288,15.609054565429688,0.5864986889064312,4.0096223089430065
step10000,10000,960,3,42548, generosity,8,3,0.9761776328086853,1.8008403778076172,15.353827476501465,0.49549705535173416,4.0096223089430065
step10000,10000,960,4,29254, critique,18,4,0.9835190773010254,1.8147988319396973,15.463239669799805,0.5260865762829781,4.0096223089430065
step10000,10000,960,5,19211, cabinet,33,5,0.9783712029457092,1.8044575452804565,15.382895469665527,0.4806442819535732,4.0096223089430065
step10000,10000,960,6,14290, documented,48,6,1.0413894653320312,1.8157001733779907,15.780147552490234,0.5253457836806774,4.0096223089430065
step10000,10000,960,7,6574, miles,404,7,1.039336085319519,1.8099045753479004,15.746040344238281,0.5029235519468784,4.0096223089430065
step10000,10000,1024,0,21825, clones,2,0,0.9835508465766907,1.739583134651184,15.159753799438477,0.5657149478793144,4.0096223089430065
step10000,10000,1024,1,46808, trustworthy,3,1,0.9636926651000977,1.7408002614974976,14.995357513427734,0.7916409373283386,4.0096223089430065
step10000,10000,1024,2,23778, motive,8,2,1.0325905084609985,1.861580729484558,15.90392017364502,0.5515665113925934,4.0096223089430065
step10000,10000,1024,3,42548, generosity,8,3,1.0110191106796265,1.8626809120178223,15.789457321166992,0.53365084156394,4.0096223089430065
step10000,10000,1024,4,29254, critique,18,4,1.0204594135284424,1.8669956922531128,15.85594367980957,0.5192841291427612,4.0096223089430065
step10000,10000,1024,5,19211, cabinet,33,5,1.0136805772781372,1.8645282983779907,15.809521675109863,0.5273048058152199,4.0096223089430065
step10000,10000,1024,6,14290, documented,48,6,1.0033413171768188,1.759355068206787,15.358155250549316,0.5428378991782665,4.0096223089430065
step10000,10000,1024,7,6574, miles,404,7,0.9994287490844727,1.7551478147506714,15.319649696350098,0.5631231218576431,4.0096223089430065
step13000,13000,0,0,21825, clones,2,0,10.679874420166016,64.02580261230469,226.51907348632812,0.5256054140627384,3.9707810916597883
step13000,13000,0,1,46808, trustworthy,3,1,11.247446060180664,64.51372528076172,234.33302307128906,0.4783674478530884,3.9707810916597883
step13000,13000,0,2,23778, motive,8,2,14.574211120605469,103.0241928100586,323.1640319824219,0.49147673323750496,3.9707810916597883
step13000,13000,0,3,42548, generosity,8,3,15.64790153503418,123.21185302734375,332.74481201171875,0.5044688135385513,3.9707810916597883
step13000,13000,0,4,29254, critique,18,4,11.64411735534668,76.89513397216797,247.46498107910156,0.5036287978291512,3.9707810916597883
step13000,13000,0,5,19211, cabinet,33,5,14.935354232788086,84.77399444580078,277.8968505859375,0.7214321233332157,3.9707810916597883
step13000,13000,0,6,14290, documented,48,6,10.357880592346191,65.0411148071289,221.0939483642578,0.5287875570356846,3.9707810916597883
step13000,13000,0,7,6574, miles,404,7,18.8076171875,171.60052490234375,415.0367736816406,0.47220586612820625,3.9707810916597883
step13000,13000,64,0,21825, clones,2,0,0.9403194785118103,1.8495500087738037,15.139907836914062,0.49055028706789017,3.9707810916597883
step13000,13000,64,1,46808, trustworthy,3,1,0.936608612537384,1.8576726913452148,15.158012390136719,0.5041121728718281,3.9707810916597883
step13000,13000,64,2,23778, motive,8,2,0.9479644298553467,1.8559799194335938,15.165876388549805,0.5074954703450203,3.9707810916597883
step13000,13000,64,3,42548, generosity,8,3,0.9494892358779907,1.8308666944503784,15.152556419372559,0.5415375269949436,3.9707810916597883
step13000,13000,64,4,29254, critique,18,4,0.9499579071998596,1.837278962135315,15.164263725280762,0.5402703993022442,3.9707810916597883
step13000,13000,64,5,19211, cabinet,33,5,0.9462978839874268,1.8398938179016113,15.14988899230957,0.515471950173378,3.9707810916597883
step13000,13000,64,6,14290, documented,48,6,0.9459864497184753,1.853728175163269,15.172110557556152,0.47284773364663124,3.9707810916597883
step13000,13000,64,7,6574, miles,404,7,0.9540106654167175,1.8389441967010498,15.20207405090332,0.5163151696324348,3.9707810916597883
step13000,13000,128,0,21825, clones,2,0,0.951292097568512,1.8366795778274536,15.171998023986816,0.5181615017354488,3.9707810916597883
step13000,13000,128,1,46808, trustworthy,3,1,0.9513736963272095,1.8365190029144287,15.172338485717773,0.5171429067850113,3.9707810916597883
step13000,13000,128,2,23778, motive,8,2,0.9512850046157837,1.8366601467132568,15.171856880187988,0.5426927767693996,3.9707810916597883
step13000,13000,128,3,42548, generosity,8,3,0.9515282511711121,1.8365163803100586,15.173680305480957,0.5500970110297203,3.9707810916597883
step13000,13000,128,4,29254, critique,18,4,0.9515717029571533,1.8363845348358154,15.173781394958496,0.4980681724846363,3.9707810916597883
step13000,13000,128,5,19211, cabinet,33,5,0.9515016674995422,1.8364882469177246,15.173333168029785,0.4629777669906616,3.9707810916597883
step13000,13000,128,6,14290, documented,48,6,0.9513944983482361,1.8364567756652832,15.172487258911133,0.5076979100704193,3.9707810916597883
step13000,13000,128,7,6574, miles,404,7,0.9515547752380371,1.8363603353500366,15.173651695251465,0.5399639755487442,3.9707810916597883
step13000,13000,192,0,21825, clones,2,0,0.9516267776489258,1.8363012075424194,15.174208641052246,0.5152208544313908,3.9707810916597883
step13000,13000,192,1,46808, trustworthy,3,1,0.9516308903694153,1.8363059759140015,15.174234390258789,0.5299860388040543,3.9707810916597883
step13000,13000,192,2,23778, motive,8,2,0.9516282081604004,1.8363165855407715,15.174210548400879,0.5001024939119816,3.9707810916597883
step13000,13000,192,3,42548, generosity,8,3,0.9516385793685913,1.8362946510314941,15.174287796020508,0.5159247554838657,3.9707810916597883
step13000,13000,192,4,29254, critique,18,4,0.9516391754150391,1.8363062143325806,15.174304962158203,0.5138998739421368,3.9707810916597883
step13000,13000,192,5,19211, cabinet,33,5,0.9516371488571167,1.836277723312378,15.17427921295166,0.5131334848701954,3.9707810916597883
step13000,13000,192,6,14290, documented,48,6,0.9516333341598511,1.8363673686981201,15.1742525100708,0.5416409596800804,3.9707810916597883
step13000,13000,192,7,6574, miles,404,7,0.9516414403915405,1.836315393447876,15.174315452575684,0.547741174697876,3.9707810916597883
step13000,13000,256,0,21825, clones,2,0,0.9516425132751465,1.8362948894500732,15.174323081970215,0.5308776646852493,3.9707810916597883
step13000,13000,256,1,46808, trustworthy,3,1,0.9516404271125793,1.836281418800354,15.174324035644531,0.5015920549631119,3.9707810916597883
step13000,13000,256,2,23778, motive,8,2,0.9516423940658569,1.836255669593811,15.174323081970215,0.4850745014846325,3.9707810916597883
step13000,13000,256,3,42548, generosity,8,3,0.9516410827636719,1.8363155126571655,15.17432689666748,0.5330563709139824,3.9707810916597883
step13000,13000,256,4,29254, critique,18,4,0.951643168926239,1.836295247077942,15.17432689666748,0.5407862216234207,3.9707810916597883
step13000,13000,256,5,19211, cabinet,33,5,0.9516448378562927,1.8362680673599243,15.174325942993164,0.5324063301086426,3.9707810916597883
step13000,13000,256,6,14290, documented,48,6,0.951643168926239,1.836320161819458,15.174324035644531,0.5315325856208801,3.9707810916597883
step13000,13000,256,7,6574, miles,404,7,0.9516395926475525,1.8363056182861328,15.17432689666748,0.5200804583728313,3.9707810916597883
step13000,13000,320,0,21825, clones,2,0,0.9516406059265137,1.8362975120544434,15.174327850341797,0.5142450481653214,3.9707810916597883
step13000,13000,320,1,46808, trustworthy,3,1,0.9516451954841614,1.8362582921981812,15.17432689666748,0.5286572352051735,3.9707810916597883
step13000,13000,320,2,23778, motive,8,2,0.9516456127166748,1.8362630605697632,15.17432689666748,0.523523960262537,3.9707810916597883
step13000,13000,320,3,42548, generosity,8,3,0.9516428112983704,1.8362987041473389,15.17432689666748,0.5209537371993065,3.9707810916597883
step13000,13000,320,4,29254, critique,18,4,0.9516429901123047,1.836307168006897,15.174327850341797,0.6106188595294952,3.9707810916597883
step13000,13000,320,5,19211, cabinet,33,5,0.9516448974609375,1.8362363576889038,15.174327850341797,0.5951870195567608,3.9707810916597883
step13000,13000,320,6,14290, documented,48,6,0.9516430497169495,1.8362921476364136,15.174327850341797,0.5520820915699005,3.9707810916597883
step13000,13000,320,7,6574, miles,404,7,0.9516450762748718,1.8363091945648193,15.174327850341797,0.5132378786802292,3.9707810916597883
step13000,13000,384,0,21825, clones,2,0,0.9516492486000061,1.836322546005249,15.174327850341797,0.5552275292575359,3.9707810916597883
step13000,13000,384,1,46808, trustworthy,3,1,0.9516425132751465,1.83628511428833,15.17432689666748,0.5034711807966232,3.9707810916597883
step13000,13000,384,2,23778, motive,8,2,0.951644778251648,1.8362849950790405,15.174328804016113,0.5188097767531872,3.9707810916597883
step13000,13000,384,3,42548, generosity,8,3,0.951642632484436,1.8362784385681152,15.17432689666748,0.5259651206433773,3.9707810916597883
step13000,13000,384,4,29254, critique,18,4,0.9516435861587524,1.8362882137298584,15.17432689666748,0.5319435559213161,3.9707810916597883
step13000,13000,384,5,19211, cabinet,33,5,0.9516457915306091,1.8363020420074463,15.174327850341797,0.5180611461400986,3.9707810916597883
step13000,13000,384,6,14290, documented,48,6,0.951644241809845,1.8363226652145386,15.174328804016113,0.5240885727107525,3.9707810916597883
step13000,13000,384,7,6574, miles,404,7,0.9516392946243286,1.8362634181976318,15.17432689666748,0.476960863918066,3.9707810916597883
step13000,13000,448,0,21825, clones,2,0,0.951640248298645,1.8363078832626343,15.17432689666748,0.5249324031174183,3.9707810916597883
step13000,13000,448,1,46808, trustworthy,3,1,0.951640248298645,1.8362618684768677,15.174327850341797,0.5748869553208351,3.9707810916597883
step13000,13000,448,2,23778, motive,8,2,0.9516444802284241,1.8362617492675781,15.174327850341797,0.45660387724637985,3.9707810916597883
step13000,13000,448,3,42548, generosity,8,3,0.951640784740448,1.8362632989883423,15.174328804016113,0.5428005456924438,3.9707810916597883
step13000,13000,448,4,29254, critique,18,4,0.9516419768333435,1.8363107442855835,15.174327850341797,0.6101949959993362,3.9707810916597883
step13000,13000,448,5,19211, cabinet,33,5,0.9516419172286987,1.8363091945648193,15.174328804016113,0.5366692394018173,3.9707810916597883
step13000,13000,448,6,14290, documented,48,6,0.9516416788101196,1.836295247077942,15.17432689666748,0.5700545907020569,3.9707810916597883
step13000,13000,448,7,6574, miles,404,7,0.9516412615776062,1.8362442255020142,15.174325942993164,0.5593236982822418,3.9707810916597883
step13000,13000,512,0,21825, clones,2,0,0.9516441226005554,1.8362953662872314,15.174327850341797,0.551253117620945,3.9707810916597883
step13000,13000,512,1,46808, trustworthy,3,1,0.9516441822052002,1.8362799882888794,15.17432689666748,0.5310003012418747,3.9707810916597883
step13000,13000,512,2,23778, motive,8,2,0.9516415596008301,1.8362479209899902,15.17432689666748,0.5066828206181526,3.9707810916597883
step13000,13000,512,3,42548, generosity,8,3,0.9516429901123047,1.836310625076294,15.174327850341797,0.5095934979617596,3.9707810916597883
step13000,13000,512,4,29254, critique,18,4,0.9516394138336182,1.8363105058670044,15.17432689666748,0.5535374917089939,3.9707810916597883
step13000,13000,512,5,19211, cabinet,33,5,0.9516444802284241,1.836273431777954,15.174327850341797,0.5390548333525658,3.9707810916597883
step13000,13000,512,6,14290, documented,48,6,0.9516435861587524,1.8363198041915894,15.174327850341797,0.520769014954567,3.9707810916597883
step13000,13000,512,7,6574, miles,404,7,0.9516445398330688,1.8362716436386108,15.17432689666748,0.5388470403850079,3.9707810916597883
step13000,13000,576,0,21825, clones,2,0,0.9516412019729614,1.8363040685653687,15.174327850341797,0.525513045489788,3.9707810916597883
step13000,13000,576,1,46808, trustworthy,3,1,0.9516441226005554,1.836254596710205,15.17432689666748,0.5182716771960258,3.9707810916597883
step13000,13000,576,2,23778, motive,8,2,0.9516435265541077,1.8362822532653809,15.174327850341797,0.6182123199105263,3.9707810916597883
step13000,13000,576,3,42548, generosity,8,3,0.951644778251648,1.8363226652145386,15.174327850341797,0.5446512438356876,3.9707810916597883
step13000,13000,576,4,29254, critique,18,4,0.9516425728797913,1.8362550735473633,15.174328804016113,0.5170621760189533,3.9707810916597883
step13000,13000,576,5,19211, cabinet,33,5,0.9516438841819763,1.8362561464309692,15.17432689666748,0.5664071403443813,3.9707810916597883
step13000,13000,576,6,14290, documented,48,6,0.9516453742980957,1.8362884521484375,15.174327850341797,0.5153374299407005,3.9707810916597883
step13000,13000,576,7,6574, miles,404,7,0.9516463279724121,1.8363088369369507,15.174327850341797,0.540585670620203,3.9707810916597883
step13000,13000,640,0,21825, clones,2,0,0.9516443610191345,1.8362767696380615,15.174327850341797,0.5636981949210167,3.9707810916597883
step13000,13000,640,1,46808, trustworthy,3,1,0.9516420364379883,1.8362956047058105,15.174327850341797,0.46221276745200157,3.9707810916597883
step13000,13000,640,2,23778, motive,8,2,0.9516439437866211,1.8362823724746704,15.174328804016113,0.5282701142132282,3.9707810916597883
step13000,13000,640,3,42548, generosity,8,3,0.9516423940658569,1.8363206386566162,15.17432689666748,0.5191467516124249,3.9707810916597883
step13000,13000,640,4,29254, critique,18,4,0.9516400098800659,1.8363044261932373,15.174325942993164,0.5049699656665325,3.9707810916597883
step13000,13000,640,5,19211, cabinet,33,5,0.9516386389732361,1.8362936973571777,15.174327850341797,0.5734589770436287,3.9707810916597883
step13000,13000,640,6,14290, documented,48,6,0.9516428709030151,1.8362993001937866,15.174328804016113,0.5506132207810879,3.9707810916597883
step13000,13000,640,7,6574, miles,404,7,0.9516458511352539,1.8362867832183838,15.17432689666748,0.5304413512349129,3.9707810916597883
step13000,13000,704,0,21825, clones,2,0,0.9516437649726868,1.836341142654419,15.174327850341797,0.586086131632328,3.9707810916597883
step13000,13000,704,1,46808, trustworthy,3,1,0.9516425132751465,1.8363076448440552,15.174327850341797,0.5171869061887264,3.9707810916597883
step13000,13000,704,2,23778, motive,8,2,0.951643705368042,1.8362632989883423,15.17432689666748,0.529339250177145,3.9707810916597883
step13000,13000,704,3,42548, generosity,8,3,0.9516429305076599,1.8363311290740967,15.174328804016113,0.5295834802091122,3.9707810916597883
step13000,13000,704,4,29254, critique,18,4,0.9516440033912659,1.8363053798675537,15.17432689666748,0.5272600799798965,3.9707810916597883
step13000,13000,704,5,19211, cabinet,33,5,0.9516445994377136,1.8363004922866821,15.174327850341797,0.5528469160199165,3.9707810916597883
step13000,13000,704,6,14290, documented,48,6,0.9516440629959106,1.8362667560577393,15.174327850341797,0.5447728745639324,3.9707810916597883
step13000,13000,704,7,6574, miles,404,7,0.9516443610191345,1.8363274335861206,15.174327850341797,0.5512855388224125,3.9707810916597883
step13000,13000,768,0,21825, clones,2,0,0.9516428709030151,1.8362888097763062,15.174328804016113,0.552330270409584,3.9707810916597883
step13000,13000,768,1,46808, trustworthy,3,1,0.9516423940658569,1.8362821340560913,15.174327850341797,0.6240011118352413,3.9707810916597883
step13000,13000,768,2,23778, motive,8,2,0.9516434073448181,1.8362802267074585,15.174328804016113,0.5537549518048763,3.9707810916597883
step13000,13000,768,3,42548, generosity,8,3,0.9516425728797913,1.8362480401992798,15.174327850341797,0.5262070707976818,3.9707810916597883
step13000,13000,768,4,29254, critique,18,4,0.9516425728797913,1.836302399635315,15.174328804016113,0.5446238107979298,3.9707810916597883
step13000,13000,768,5,19211, cabinet,33,5,0.9516435265541077,1.8363124132156372,15.174327850341797,0.5361492037773132,3.9707810916597883
step13000,13000,768,6,14290, documented,48,6,0.9516398906707764,1.8362582921981812,15.174327850341797,0.5250754803419113,3.9707810916597883
step13000,13000,768,7,6574, miles,404,7,0.951647937297821,1.8362904787063599,15.174327850341797,0.527077991515398,3.9707810916597883
step13000,13000,832,0,21825, clones,2,0,0.9516434669494629,1.8363059759140015,15.174327850341797,0.5123125836253166,3.9707810916597883
step13000,13000,832,1,46808, trustworthy,3,1,0.951643705368042,1.8362970352172852,15.174328804016113,0.5210495926439762,3.9707810916597883
step13000,13000,832,2,23778, motive,8,2,0.9516400694847107,1.8363181352615356,15.17432689666748,0.506518941372633,3.9707810916597883
step13000,13000,832,3,42548, generosity,8,3,0.9516428112983704,1.836275339126587,15.174327850341797,0.5296157523989677,3.9707810916597883
step13000,13000,832,4,29254, critique,18,4,0.9516429901123047,1.8362751007080078,15.17432689666748,0.5475972704589367,3.9707810916597883
step13000,13000,832,5,19211, cabinet,33,5,0.9516432881355286,1.8362547159194946,15.174328804016113,0.4917820878326893,3.9707810916597883
step13000,13000,832,6,14290, documented,48,6,0.9516465663909912,1.8362970352172852,15.174327850341797,0.5281549021601677,3.9707810916597883
step13000,13000,832,7,6574, miles,404,7,0.9516413807868958,1.8362687826156616,15.174328804016113,0.5171143561601639,3.9707810916597883
step13000,13000,896,0,21825, clones,2,0,0.9516409635543823,1.8363269567489624,15.174325942993164,0.5110058896243572,3.9707810916597883
step13000,13000,896,1,46808, trustworthy,3,1,0.951643168926239,1.8363298177719116,15.17432689666748,0.5460943281650543,3.9707810916597883
step13000,13000,896,2,23778, motive,8,2,0.9516425132751465,1.836328148841858,15.174328804016113,0.5477057211101055,3.9707810916597883
step13000,13000,896,3,42548, generosity,8,3,0.9516443014144897,1.8363319635391235,15.174327850341797,0.5376686751842499,3.9707810916597883
step13000,13000,896,4,29254, critique,18,4,0.9516419768333435,1.836295247077942,15.17432689666748,0.5192020162940025,3.9707810916597883
step13000,13000,896,5,19211, cabinet,33,5,0.9516429901123047,1.8363045454025269,15.174328804016113,0.4925158880650997,3.9707810916597883
step13000,13000,896,6,14290, documented,48,6,0.9516397714614868,1.8363001346588135,15.17432689666748,0.5589109063148499,3.9707810916597883
step13000,13000,896,7,6574, miles,404,7,0.9516425132751465,1.8363059759140015,15.174327850341797,0.5105685777962208,3.9707810916597883
step13000,13000,960,0,21825, clones,2,0,0.9516384601593018,1.8362584114074707,15.174327850341797,0.5404645651578903,3.9707810916597883
step13000,13000,960,1,46808, trustworthy,3,1,0.9516456127166748,1.8363051414489746,15.174325942993164,0.5656924098730087,3.9707810916597883
step13000,13000,960,2,23778, motive,8,2,0.9516453146934509,1.8363159894943237,15.174327850341797,0.5441076084971428,3.9707810916597883
step13000,13000,960,3,42548, generosity,8,3,0.9516417384147644,1.8362903594970703,15.174328804016113,0.5372550152242184,3.9707810916597883
step13000,13000,960,4,29254, critique,18,4,0.9516440033912659,1.8362879753112793,15.174328804016113,0.5143418945372105,3.9707810916597883
step13000,13000,960,5,19211, cabinet,33,5,0.951645016670227,1.8363091945648193,15.174328804016113,0.5011560469865799,3.9707810916597883
step13000,13000,960,6,14290, documented,48,6,0.9516429901123047,1.8363226652145386,15.174327850341797,0.5747673809528351,3.9707810916597883
step13000,13000,960,7,6574, miles,404,7,0.9516427516937256,1.836310625076294,15.174328804016113,0.5238324888050556,3.9707810916597883
step13000,13000,1024,0,21825, clones,2,0,0.9516436457633972,1.8363220691680908,15.174325942993164,0.5506860390305519,3.9707810916597883
step13000,13000,1024,1,46808, trustworthy,3,1,0.9516440629959106,1.836276650428772,15.174325942993164,0.5332397632300854,3.9707810916597883
step13000,13000,1024,2,23778, motive,8,2,0.9516437649726868,1.8362921476364136,15.174327850341797,0.5424979403614998,3.9707810916597883
step13000,13000,1024,3,42548, generosity,8,3,0.9516414403915405,1.8363157510757446,15.174327850341797,0.5320356227457523,3.9707810916597883
step13000,13000,1024,4,29254, critique,18,4,0.9516463875770569,1.8362821340560913,15.174328804016113,0.5777766108512878,3.9707810916597883
step13000,13000,1024,5,19211, cabinet,33,5,0.9516413807868958,1.8362666368484497,15.174325942993164,0.5338387489318848,3.9707810916597883
step13000,13000,1024,6,14290, documented,48,6,0.9516421556472778,1.8362900018692017,15.17432689666748,0.5418791882693768,3.9707810916597883
step13000,13000,1024,7,6574, miles,404,7,0.951642632484436,1.8362791538238525,15.174328804016113,0.7181564681231976,3.9707810916597883
step21000,21000,0,0,21825, clones,2,0,13.231226921081543,89.78746795654297,262.2481384277344,0.5722158923745155,3.882896642836313
step21000,21000,0,1,46808, trustworthy,3,1,11.38754940032959,57.227325439453125,220.16595458984375,0.5041880160570145,3.882896642836313
step21000,21000,0,2,23778, motive,8,2,14.987762451171875,98.38895416259766,314.3952331542969,0.5549699254333973,3.882896642836313
step21000,21000,0,3,42548, generosity,8,3,13.870878219604492,75.90310668945312,282.27899169921875,0.5166940167546272,3.882896642836313
step21000,21000,0,4,29254, critique,18,4,11.811776161193848,64.59210205078125,248.15211486816406,0.5563608631491661,3.882896642836313
step21000,21000,0,5,19211, cabinet,33,5,13.375840187072754,94.0768051147461,282.7345886230469,0.5639122389256954,3.882896642836313
step21000,21000,0,6,14290, documented,48,6,12.49945068359375,118.21780395507812,254.8093719482422,0.5640645623207092,3.882896642836313
step21000,21000,0,7,6574, miles,404,7,16.343305587768555,154.30516052246094,363.3591003417969,0.5610001347959042,3.882896642836313
step21000,21000,64,0,21825, clones,2,0,1.0834643840789795,2.7669506072998047,15.781129837036133,0.48977452516555786,3.882896642836313
step21000,21000,64,1,46808, trustworthy,3,1,1.0322613716125488,1.8536181449890137,15.805644035339355,0.5213810950517654,3.882896642836313
step21000,21000,64,2,23778, motive,8,2,1.085970163345337,1.8973618745803833,15.89284610748291,0.5417984649538994,3.882896642836313
step21000,21000,64,3,42548, generosity,8,3,1.056260108947754,2.9550137519836426,16.019744873046875,0.503705270588398,3.882896642836313
step21000,21000,64,4,29254, critique,18,4,1.098291277885437,1.880887508392334,16.039541244506836,0.5665721371769905,3.882896642836313
step21000,21000,64,5,19211, cabinet,33,5,1.0041019916534424,2.100003957748413,15.686288833618164,0.5524814650416374,3.882896642836313
step21000,21000,64,6,14290, documented,48,6,0.996801495552063,1.8996347188949585,15.75975513458252,0.5181858651340008,3.882896642836313
step21000,21000,64,7,6574, miles,404,7,1.0656832456588745,1.8974897861480713,16.375858306884766,0.5599504262208939,3.882896642836313
step21000,21000,128,0,21825, clones,2,0,1.065081000328064,1.7636628150939941,15.454565048217773,0.5580990202724934,3.882896642836313
step21000,21000,128,1,46808, trustworthy,3,1,1.0250294208526611,1.8620331287384033,15.715079307556152,0.47857101261615753,3.882896642836313
step21000,21000,128,2,23778, motive,8,2,1.03377366065979,1.9257408380508423,15.395882606506348,0.5322653762996197,3.882896642836313
step21000,21000,128,3,42548, generosity,8,3,1.0449986457824707,2.1060774326324463,15.982492446899414,0.5149114541709423,3.882896642836313
step21000,21000,128,4,29254, critique,18,4,1.1597950458526611,3.4504575729370117,16.7355899810791,0.5233629792928696,3.882896642836313
step21000,21000,128,5,19211, cabinet,33,5,1.0589258670806885,1.9536077976226807,16.05780601501465,0.5176194868981838,3.882896642836313
step21000,21000,128,6,14290, documented,48,6,1.0773299932479858,1.9108548164367676,16.184499740600586,0.5548618026077747,3.882896642836313
step21000,21000,128,7,6574, miles,404,7,1.0291309356689453,1.8089532852172852,15.605671882629395,0.5374144464731216,3.882896642836313
step21000,21000,192,0,21825, clones,2,0,1.0416502952575684,1.9376991987228394,16.205406188964844,0.5577947199344635,3.882896642836313
step21000,21000,192,1,46808, trustworthy,3,1,1.0376290082931519,1.897733449935913,15.86682415008545,0.5195098035037518,3.882896642836313
step21000,21000,192,2,23778, motive,8,2,1.0382874011993408,4.083485126495361,15.616044044494629,0.5351973511278629,3.882896642836313
step21000,21000,192,3,42548, generosity,8,3,1.045851230621338,1.9039716720581055,16.22982406616211,0.5057537779211998,3.882896642836313
step21000,21000,192,4,29254, critique,18,4,1.0138616561889648,1.871130108833313,15.482131004333496,0.5248427987098694,3.882896642836313
step21000,21000,192,5,19211, cabinet,33,5,1.0446116924285889,1.9012935161590576,16.024368286132812,0.4859824813902378,3.882896642836313
step21000,21000,192,6,14290, documented,48,6,1.0160237550735474,1.9110771417617798,15.909392356872559,0.5254939161241055,3.882896642836313
step21000,21000,192,7,6574, miles,404,7,1.0564428567886353,1.9639403820037842,15.986871719360352,0.542754739522934,3.882896642836313
step21000,21000,256,0,21825, clones,2,0,0.9987484812736511,1.8578569889068604,15.78960132598877,0.5143378637731075,3.882896642836313
step21000,21000,256,1,46808, trustworthy,3,1,1.0512412786483765,1.8957343101501465,15.754364967346191,0.5231937393546104,3.882896642836313
step21000,21000,256,2,23778, motive,8,2,1.1648112535476685,1.947521686553955,17.19159507751465,0.5425013117492199,3.882896642836313
step21000,21000,256,3,42548, generosity,8,3,1.054695963859558,1.8771541118621826,16.28404998779297,0.5415609404444695,3.882896642836313
step21000,21000,256,4,29254, critique,18,4,1.042435646057129,2.0883541107177734,15.713583946228027,0.4724634625017643,3.882896642836313
step21000,21000,256,5,19211, cabinet,33,5,1.0661453008651733,1.972340703010559,16.475112915039062,0.5666209310293198,3.882896642836313
step21000,21000,256,6,14290, documented,48,6,1.070103645324707,2.0405514240264893,16.83588981628418,0.502367377281189,3.882896642836313
step21000,21000,256,7,6574, miles,404,7,1.077913761138916,4.407249927520752,16.334135055541992,0.47967779263854027,3.882896642836313
step21000,21000,320,0,21825, clones,2,0,1.0480921268463135,1.8146947622299194,15.564751625061035,0.495616365224123,3.882896642836313
step21000,21000,320,1,46808, trustworthy,3,1,1.008408784866333,1.8002228736877441,15.639567375183105,0.5482448600232601,3.882896642836313
step21000,21000,320,2,23778, motive,8,2,1.0656883716583252,2.0847771167755127,16.050073623657227,0.5232544057071209,3.882896642836313
step21000,21000,320,3,42548, generosity,8,3,1.0254217386245728,1.8614792823791504,15.567811012268066,0.561128381639719,3.882896642836313
step21000,21000,320,4,29254, critique,18,4,1.033503770828247,1.8803205490112305,15.628561973571777,0.5364020392298698,3.882896642836313
step21000,21000,320,5,19211, cabinet,33,5,1.0779342651367188,1.9700819253921509,16.7898006439209,0.4994419105350971,3.882896642836313
step21000,21000,320,6,14290, documented,48,6,1.0584497451782227,1.8888248205184937,16.501203536987305,0.5267708413302898,3.882896642836313
step21000,21000,320,7,6574, miles,404,7,1.1304998397827148,2.101041793823242,17.34568977355957,0.5192784704267979,3.882896642836313
step21000,21000,384,0,21825, clones,2,0,1.039844036102295,3.666799306869507,15.468204498291016,0.6213346533477306,3.882896642836313
step21000,21000,384,1,46808, trustworthy,3,1,1.0248829126358032,1.8809449672698975,15.776238441467285,0.5915322192013264,3.882896642836313
step21000,21000,384,2,23778, motive,8,2,1.0371651649475098,1.9780796766281128,16.238262176513672,0.5693205520510674,3.882896642836313
step21000,21000,384,3,42548, generosity,8,3,1.0789010524749756,1.890246033668518,16.270357131958008,0.5287274196743965,3.882896642836313
step21000,21000,384,4,29254, critique,18,4,1.038183331489563,5.996540069580078,16.614946365356445,0.5591478496789932,3.882896642836313
step21000,21000,384,5,19211, cabinet,33,5,1.024720549583435,2.241328716278076,15.453394889831543,0.5367936566472054,3.882896642836313
step21000,21000,384,6,14290, documented,48,6,1.008567452430725,1.8697034120559692,15.410412788391113,0.5366530679166317,3.882896642836313
step21000,21000,384,7,6574, miles,404,7,1.0714893341064453,3.7120392322540283,16.19451332092285,0.5580048710107803,3.882896642836313
step21000,21000,448,0,21825, clones,2,0,1.1179159879684448,1.9948742389678955,17.146209716796875,0.5424734354019165,3.882896642836313
step21000,21000,448,1,46808, trustworthy,3,1,1.1780345439910889,2.5291051864624023,16.3907470703125,0.5381927900016308,3.882896642836313
step21000,21000,448,2,23778, motive,8,2,0.9950788617134094,1.8540573120117188,15.59170150756836,0.5626391693949699,3.882896642836313
step21000,21000,448,3,42548, generosity,8,3,1.1079931259155273,1.9226553440093994,16.435964584350586,0.5058045014739037,3.882896642836313
step21000,21000,448,4,29254, critique,18,4,1.0592373609542847,1.986722469329834,16.07615852355957,1.131219133734703,3.882896642836313
step21000,21000,448,5,19211, cabinet,33,5,1.1055341958999634,2.1031839847564697,16.671586990356445,0.5856105461716652,3.882896642836313
step21000,21000,448,6,14290, documented,48,6,1.0641937255859375,1.8858555555343628,15.900186538696289,0.5838948301970959,3.882896642836313
step21000,21000,448,7,6574, miles,404,7,1.0883285999298096,2.015432357788086,16.382068634033203,0.550232257694006,3.882896642836313
step21000,21000,512,0,21825, clones,2,0,0.9750782251358032,1.8545128107070923,15.29533863067627,0.5225763246417046,3.882896642836313
step21000,21000,512,1,46808, trustworthy,3,1,1.1055973768234253,3.245445728302002,16.239206314086914,0.5360987894237041,3.882896642836313
step21000,21000,512,2,23778, motive,8,2,1.0939610004425049,2.035853862762451,17.12523078918457,0.575880128890276,3.882896642836313
step21000,21000,512,3,42548, generosity,8,3,1.0397425889968872,2.069723606109619,15.803231239318848,0.5376297421753407,3.882896642836313
step21000,21000,512,4,29254, critique,18,4,1.062327265739441,1.9062150716781616,16.63742446899414,0.49807293713092804,3.882896642836313
step21000,21000,512,5,19211, cabinet,33,5,1.0566039085388184,2.8682706356048584,15.504043579101562,0.5070238970220089,3.882896642836313
step21000,21000,512,6,14290, documented,48,6,1.0022900104522705,1.8210657835006714,15.368815422058105,0.5244569033384323,3.882896642836313
step21000,21000,512,7,6574, miles,404,7,1.0321766138076782,2.2406342029571533,16.404394149780273,0.6266604103147984,3.882896642836313
step21000,21000,576,0,21825, clones,2,0,1.203675627708435,4.40479850769043,16.45891761779785,0.5578711703419685,3.882896642836313
step21000,21000,576,1,46808, trustworthy,3,1,0.9825191497802734,1.8206086158752441,15.378961563110352,0.5214935541152954,3.882896642836313
step21000,21000,576,2,23778, motive,8,2,1.080923080444336,1.9042980670928955,15.917939186096191,0.5258997119963169,3.882896642836313
step21000,21000,576,3,42548, generosity,8,3,1.0466575622558594,1.7429225444793701,15.196497917175293,0.49849213659763336,3.882896642836313
step21000,21000,576,4,29254, critique,18,4,1.1011978387832642,3.6145989894866943,16.80335235595703,0.529119461774826,3.882896642836313
step21000,21000,576,5,19211, cabinet,33,5,1.0468645095825195,3.1272428035736084,15.709863662719727,0.5309343189001083,3.882896642836313
step21000,21000,576,6,14290, documented,48,6,1.097921371459961,2.047297954559326,15.903325080871582,0.5564977712929249,3.882896642836313
step21000,21000,576,7,6574, miles,404,7,1.0718289613723755,1.8531041145324707,16.129941940307617,0.553796261548996,3.882896642836313
step21000,21000,640,0,21825, clones,2,0,1.0404503345489502,1.8501429557800293,15.675599098205566,0.4764205552637577,3.882896642836313
step21000,21000,640,1,46808, trustworthy,3,1,1.0665549039840698,1.9737812280654907,16.21493148803711,0.5060198716819286,3.882896642836313
step21000,21000,640,2,23778, motive,8,2,1.0256900787353516,1.861527919769287,15.868464469909668,0.5329934880137444,3.882896642836313
step21000,21000,640,3,42548, generosity,8,3,1.0355241298675537,1.9583176374435425,15.987116813659668,0.4798669219017029,3.882896642836313
step21000,21000,640,4,29254, critique,18,4,1.0211704969406128,2.7288637161254883,15.662286758422852,0.5148101858794689,3.882896642836313
step21000,21000,640,5,19211, cabinet,33,5,1.117879867553711,2.058377504348755,16.53988265991211,0.527797631919384,3.882896642836313
step21000,21000,640,6,14290, documented,48,6,1.0906414985656738,1.9368194341659546,16.266149520874023,0.49244800955057144,3.882896642836313
step21000,21000,640,7,6574, miles,404,7,1.0643625259399414,1.9813498258590698,16.575353622436523,0.5546769984066486,3.882896642836313
step21000,21000,704,0,21825, clones,2,0,1.0396473407745361,1.926908016204834,16.338165283203125,0.5268991328775883,3.882896642836313
step21000,21000,704,1,46808, trustworthy,3,1,1.137941837310791,4.376487731933594,16.664052963256836,0.5581679232418537,3.882896642836313
step21000,21000,704,2,23778, motive,8,2,1.079890251159668,3.090585947036743,16.173961639404297,0.4963614381849766,3.882896642836313
step21000,21000,704,3,42548, generosity,8,3,1.0639572143554688,2.6641740798950195,16.04773712158203,0.5244900286197662,3.882896642836313
step21000,21000,704,4,29254, critique,18,4,1.028887152671814,1.90880286693573,15.800198554992676,0.6966964490711689,3.882896642836313
step21000,21000,704,5,19211, cabinet,33,5,1.100954532623291,2.5060524940490723,15.91687297821045,0.541410569101572,3.882896642836313
step21000,21000,704,6,14290, documented,48,6,1.09742271900177,1.8142800331115723,15.66561508178711,0.5139231607317924,3.882896642836313
step21000,21000,704,7,6574, miles,404,7,1.0405672788619995,1.9098467826843262,15.966893196105957,0.5621672160923481,3.882896642836313
step21000,21000,768,0,21825, clones,2,0,1.0287150144577026,1.7306103706359863,15.198979377746582,0.5328844636678696,3.882896642836313
step21000,21000,768,1,46808, trustworthy,3,1,1.098427414894104,1.8920671939849854,16.05828285217285,0.5198854357004166,3.882896642836313
step21000,21000,768,2,23778, motive,8,2,1.112740397453308,1.9727940559387207,16.96954345703125,0.564888209104538,3.882896642836313
step21000,21000,768,3,42548, generosity,8,3,1.0020078420639038,1.8498848676681519,15.48209285736084,0.5425894036889076,3.882896642836313
step21000,21000,768,4,29254, critique,18,4,1.1055227518081665,1.9891425371170044,16.914501190185547,0.5259510613977909,3.882896642836313
step21000,21000,768,5,19211, cabinet,33,5,1.1200190782546997,1.9237481355667114,16.5035400390625,0.5149514339864254,3.882896642836313
step21000,21000,768,6,14290, documented,48,6,1.096745252609253,2.685487985610962,16.069448471069336,0.6084607131779194,3.882896642836313
step21000,21000,768,7,6574, miles,404,7,1.0974572896957397,1.856850266456604,16.00335693359375,0.5457848757505417,3.882896642836313
step21000,21000,832,0,21825, clones,2,0,1.0380562543869019,1.8926507234573364,15.934553146362305,0.508899599313736,3.882896642836313
step21000,21000,832,1,46808, trustworthy,3,1,1.0798388719558716,2.1049318313598633,16.712175369262695,0.4954034760594368,3.882896642836313
step21000,21000,832,2,23778, motive,8,2,0.9977464079856873,1.847260594367981,15.34000301361084,0.6337617449462414,3.882896642836313
step21000,21000,832,3,42548, generosity,8,3,1.0220296382904053,1.9537105560302734,16.409521102905273,0.5260349996387959,3.882896642836313
step21000,21000,832,4,29254, critique,18,4,1.1048749685287476,1.9543204307556152,16.094593048095703,0.5248919017612934,3.882896642836313
step21000,21000,832,5,19211, cabinet,33,5,1.046080470085144,1.8577306270599365,15.57236385345459,0.5285813212394714,3.882896642836313
step21000,21000,832,6,14290, documented,48,6,1.0317403078079224,1.8624937534332275,15.593260765075684,0.5118269398808479,3.882896642836313
step21000,21000,832,7,6574, miles,404,7,1.0303325653076172,1.9077361822128296,16.24044418334961,0.49633193388581276,3.882896642836313
step21000,21000,896,0,21825, clones,2,0,1.0671168565750122,2.932427406311035,15.701478004455566,0.5140075758099556,3.882896642836313
step21000,21000,896,1,46808, trustworthy,3,1,1.0107773542404175,1.7439886331558228,15.153757095336914,0.4979345463216305,3.882896642836313
step21000,21000,896,2,23778, motive,8,2,1.0296685695648193,1.7753093242645264,15.162759780883789,0.5405350960791111,3.882896642836313
step21000,21000,896,3,42548, generosity,8,3,1.1366652250289917,1.9721908569335938,17.007171630859375,0.5717722252011299,3.882896642836313
step21000,21000,896,4,29254, critique,18,4,1.0168561935424805,1.8590041399002075,15.815261840820312,0.5488133914768696,3.882896642836313
step21000,21000,896,5,19211, cabinet,33,5,1.0673037767410278,1.9311772584915161,16.163185119628906,0.5259162150323391,3.882896642836313
step21000,21000,896,6,14290, documented,48,6,1.1339010000228882,2.140859365463257,16.821046829223633,0.4942563846707344,3.882896642836313
step21000,21000,896,7,6574, miles,404,7,1.0122599601745605,1.9169118404388428,15.812891006469727,0.5215847156941891,3.882896642836313
step21000,21000,960,0,21825, clones,2,0,1.0082744359970093,1.8316620588302612,15.448174476623535,0.5247555039823055,3.882896642836313
step21000,21000,960,1,46808, trustworthy,3,1,1.0530309677124023,1.9832297563552856,15.9937744140625,0.5386748053133488,3.882896642836313
step21000,21000,960,2,23778, motive,8,2,1.0879192352294922,1.9216376543045044,16.1257381439209,0.5325965993106365,3.882896642836313
step21000,21000,960,3,42548, generosity,8,3,1.0053678750991821,2.087756872177124,15.860418319702148,0.5565542913973331,3.882896642836313
step21000,21000,960,4,29254, critique,18,4,1.0086547136306763,4.978938579559326,15.770891189575195,0.5450994335114956,3.882896642836313
step21000,21000,960,5,19211, cabinet,33,5,1.0760605335235596,1.8633586168289185,15.794487953186035,0.5275576934218407,3.882896642836313
step21000,21000,960,6,14290, documented,48,6,1.0618098974227905,2.924286127090454,15.687154769897461,0.5121843479573727,3.882896642836313
step21000,21000,960,7,6574, miles,404,7,1.0882376432418823,2.024817943572998,16.91910743713379,0.5115696340799332,3.882896642836313
step21000,21000,1024,0,21825, clones,2,0,1.024094581604004,1.9619578123092651,16.320768356323242,0.4741206243634224,3.882896642836313
step21000,21000,1024,1,46808, trustworthy,3,1,1.0587338209152222,3.110013008117676,16.25229263305664,0.5526255071163177,3.882896642836313
step21000,21000,1024,2,23778, motive,8,2,1.0278589725494385,1.845792293548584,15.855167388916016,0.530911959707737,3.882896642836313
step21000,21000,1024,3,42548, generosity,8,3,0.9940625429153442,1.7452082633972168,15.134416580200195,0.47638214752078056,3.882896642836313
step21000,21000,1024,4,29254, critique,18,4,1.0506172180175781,1.7934620380401611,15.288076400756836,0.47796907275915146,3.882896642836313
step21000,21000,1024,5,19211, cabinet,33,5,1.0571187734603882,1.9082884788513184,15.52217960357666,0.5320043787360191,3.882896642836313
step21000,21000,1024,6,14290, documented,48,6,1.016330599784851,1.8598023653030396,15.584685325622559,0.5053847283124924,3.882896642836313
step21000,21000,1024,7,6574, miles,404,7,1.0217702388763428,2.96380352973938,15.931991577148438,0.52156201004982,3.882896642836313
step25000,25000,0,0,21825, clones,2,0,15.525297164916992,198.6356201171875,337.5997619628906,0.5313280187547207,3.9027166215200273
step25000,25000,0,1,46808, trustworthy,3,1,11.59149169921875,108.62133026123047,232.14552307128906,0.5131583735346794,3.9027166215200273
step25000,25000,0,2,23778, motive,8,2,13.01132583618164,104.0011978149414,283.7702331542969,0.5220838189125061,3.9027166215200273
step25000,25000,0,3,42548, generosity,8,3,12.534703254699707,119.30878448486328,260.57965087890625,0.49537350609898567,3.9027166215200273
step25000,25000,0,4,29254, critique,18,4,12.49665641784668,91.15005493164062,240.64682006835938,0.533833384513855,3.9027166215200273
step25000,25000,0,5,19211, cabinet,33,5,13.361546516418457,108.08584594726562,296.88409423828125,0.5450844801962376,3.9027166215200273
step25000,25000,0,6,14290, documented,48,6,10.447225570678711,160.27468872070312,254.64553833007812,0.5523565374314785,3.9027166215200273
step25000,25000,0,7,6574, miles,404,7,18.2813720703125,236.9123992919922,380.0868225097656,0.5194492228329182,3.9027166215200273
step25000,25000,64,0,21825, clones,2,0,1.0767664909362793,1.9258110523223877,15.893168449401855,0.4987853392958641,3.9027166215200273
step25000,25000,64,1,46808, trustworthy,3,1,0.9957147240638733,1.7818219661712646,15.232789039611816,0.48865431547164917,3.9027166215200273
step25000,25000,64,2,23778, motive,8,2,1.013045310974121,1.813923954963684,15.349838256835938,0.5412861742079258,3.9027166215200273
step25000,25000,64,3,42548, generosity,8,3,1.0271743535995483,1.8371632099151611,15.396732330322266,0.5849390998482704,3.9027166215200273
step25000,25000,64,4,29254, critique,18,4,1.043091893196106,1.8321936130523682,15.49011516571045,0.5568828471004963,3.9027166215200273
step25000,25000,64,5,19211, cabinet,33,5,1.0324748754501343,2.7067794799804688,15.669447898864746,0.48457402363419533,3.9027166215200273
step25000,25000,64,6,14290, documented,48,6,1.1084074974060059,1.935031533241272,15.996726036071777,0.5525120310485363,3.9027166215200273
step25000,25000,64,7,6574, miles,404,7,1.0219565629959106,1.7862775325775146,15.372213363647461,0.543132271617651,3.9027166215200273
step25000,25000,128,0,21825, clones,2,0,1.0575811862945557,1.9910258054733276,16.25796890258789,0.5234062820672989,3.9027166215200273
step25000,25000,128,1,46808, trustworthy,3,1,1.0374863147735596,1.8167579174041748,15.575175285339355,0.5391703546047211,3.9027166215200273
step25000,25000,128,2,23778, motive,8,2,1.0453510284423828,1.876699447631836,15.740530967712402,0.5597137361764908,3.9027166215200273
step25000,25000,128,3,42548, generosity,8,3,1.045870065689087,1.857011318206787,15.64247989654541,0.5554389916360378,3.9027166215200273
step25000,25000,128,4,29254, critique,18,4,1.007211446762085,1.8571105003356934,15.86032772064209,0.5300218798220158,3.9027166215200273
step25000,25000,128,5,19211, cabinet,33,5,0.9940942525863647,1.8221956491470337,15.088081359863281,0.4987544007599354,3.9027166215200273
step25000,25000,128,6,14290, documented,48,6,1.0423901081085205,2.0707664489746094,16.11961555480957,0.5488939732313156,3.9027166215200273
step25000,25000,128,7,6574, miles,404,7,1.078967571258545,1.8915376663208008,15.981734275817871,0.5076563246548176,3.9027166215200273
step25000,25000,192,0,21825, clones,2,0,1.0092248916625977,1.8512269258499146,15.203044891357422,0.5570448413491249,3.9027166215200273
step25000,25000,192,1,46808, trustworthy,3,1,1.0694835186004639,1.9339516162872314,16.082672119140625,0.5329100303351879,3.9027166215200273
step25000,25000,192,2,23778, motive,8,2,1.032144546508789,1.8813045024871826,16.002700805664062,0.5290285497903824,3.9027166215200273
step25000,25000,192,3,42548, generosity,8,3,1.0374435186386108,1.9244606494903564,15.816292762756348,0.5815785899758339,3.9027166215200273
step25000,25000,192,4,29254, critique,18,4,1.0137838125228882,1.814011573791504,15.286675453186035,0.5779899135231972,3.9027166215200273
step25000,25000,192,5,19211, cabinet,33,5,1.0090899467468262,2.372183084487915,15.369447708129883,0.5185930840671062,3.9027166215200273
step25000,25000,192,6,14290, documented,48,6,1.0089749097824097,2.261624336242676,15.202253341674805,0.4915989749133587,3.9027166215200273
step25000,25000,192,7,6574, miles,404,7,1.055874228477478,1.75373375415802,15.535025596618652,0.5269401222467422,3.9027166215200273
step25000,25000,256,0,21825, clones,2,0,1.0414252281188965,1.814935564994812,15.5851411819458,0.5346493981778622,3.9027166215200273
step25000,25000,256,1,46808, trustworthy,3,1,1.0022172927856445,1.8401762247085571,15.612367630004883,0.5254275985062122,3.9027166215200273
step25000,25000,256,2,23778, motive,8,2,1.0308588743209839,1.9718410968780518,16.0424861907959,0.5466020032763481,3.9027166215200273
step25000,25000,256,3,42548, generosity,8,3,1.017612338066101,3.164191961288452,15.645669937133789,0.5353516153991222,3.9027166215200273
step25000,25000,256,4,29254, critique,18,4,1.0087363719940186,1.8003605604171753,15.397546768188477,0.5499049872159958,3.9027166215200273
step25000,25000,256,5,19211, cabinet,33,5,1.007195234298706,1.8743464946746826,15.68026351928711,0.5266803279519081,3.9027166215200273
step25000,25000,256,6,14290, documented,48,6,1.0543826818466187,2.9317233562469482,16.094188690185547,0.5170805715024471,3.9027166215200273
step25000,25000,256,7,6574, miles,404,7,0.9896851778030396,1.8598597049713135,15.45276165008545,0.5413506627082825,3.9027166215200273
step25000,25000,320,0,21825, clones,2,0,1.0257047414779663,1.886735200881958,15.556644439697266,0.4682250954210758,3.9027166215200273
step25000,25000,320,1,46808, trustworthy,3,1,1.0630481243133545,2.0105741024017334,16.19060516357422,0.5114294998347759,3.9027166215200273
step25000,25000,320,2,23778, motive,8,2,1.085714340209961,1.8680915832519531,16.129470825195312,0.5391163975000381,3.9027166215200273
step25000,25000,320,3,42548, generosity,8,3,0.9943154454231262,1.8233786821365356,14.894943237304688,0.5225003510713577,3.9027166215200273
step25000,25000,320,4,29254, critique,18,4,1.12420654296875,1.9851815700531006,16.82408332824707,0.5210322216153145,3.9027166215200273
step25000,25000,320,5,19211, cabinet,33,5,0.994917094707489,1.7737771272659302,15.005168914794922,0.5364265106618404,3.9027166215200273
step25000,25000,320,6,14290, documented,48,6,0.998938798904419,1.9072551727294922,15.664472579956055,0.5220750160515308,3.9027166215200273
step25000,25000,320,7,6574, miles,404,7,1.0606166124343872,1.88593327999115,16.327295303344727,0.5091229751706123,3.9027166215200273
step25000,25000,384,0,21825, clones,2,0,1.0072749853134155,3.036594867706299,15.702529907226562,0.5097821243107319,3.9027166215200273
step25000,25000,384,1,46808, trustworthy,3,1,1.071962594985962,1.9484634399414062,15.987029075622559,0.5044338591396809,3.9027166215200273
step25000,25000,384,2,23778, motive,8,2,1.0326838493347168,1.8879036903381348,15.29751968383789,0.5561622940003872,3.9027166215200273
step25000,25000,384,3,42548, generosity,8,3,1.003418207168579,1.8047597408294678,15.375576972961426,0.49721209704875946,3.9027166215200273
step25000,25000,384,4,29254, critique,18,4,1.1283950805664062,2.0656235218048096,16.935365676879883,0.5248776488006115,3.9027166215200273
step25000,25000,384,5,19211, cabinet,33,5,1.0001620054244995,1.832651972770691,14.954504013061523,0.5345077104866505,3.9027166215200273
step25000,25000,384,6,14290, documented,48,6,0.9807333946228027,1.72020423412323,14.816181182861328,0.7240594923496246,3.9027166215200273
step25000,25000,384,7,6574, miles,404,7,1.0166261196136475,1.8302347660064697,15.512337684631348,0.562920592725277,3.9027166215200273
step25000,25000,448,0,21825, clones,2,0,1.0095959901809692,2.1966450214385986,15.137287139892578,0.5675354525446892,3.9027166215200273
step25000,25000,448,1,46808, trustworthy,3,1,1.0645506381988525,1.8738995790481567,15.823962211608887,0.7110300920903683,3.9027166215200273
step25000,25000,448,2,23778, motive,8,2,1.0565438270568848,1.8835649490356445,16.03175926208496,0.5620424374938011,3.9027166215200273
step25000,25000,448,3,42548, generosity,8,3,1.0280143022537231,2.4135069847106934,15.986952781677246,0.5597281344234943,3.9027166215200273
step25000,25000,448,4,29254, critique,18,4,1.0233657360076904,1.8178232908248901,15.569646835327148,0.5797255411744118,3.9027166215200273
step25000,25000,448,5,19211, cabinet,33,5,1.0146920680999756,1.8176769018173218,15.667259216308594,0.5759977661073208,3.9027166215200273
step25000,25000,448,6,14290, documented,48,6,1.0068740844726562,1.8099875450134277,15.53990364074707,0.5191787071526051,3.9027166215200273
step25000,25000,448,7,6574, miles,404,7,0.985828161239624,1.8095165491104126,15.408610343933105,0.5894741341471672,3.9027166215200273
step25000,25000,512,0,21825, clones,2,0,1.060579776763916,2.181159019470215,16.463476181030273,0.6958600133657455,3.9027166215200273
step25000,25000,512,1,46808, trustworthy,3,1,1.0223270654678345,1.8494327068328857,15.847460746765137,0.6098943799734116,3.9027166215200273
step25000,25000,512,2,23778, motive,8,2,0.9906005859375,1.8568447828292847,15.538249969482422,0.6114733256399632,3.9027166215200273
step25000,25000,512,3,42548, generosity,8,3,1.0261870622634888,2.038691759109497,15.565576553344727,0.5489911548793316,3.9027166215200273
step25000,25000,512,4,29254, critique,18,4,1.0466758012771606,1.869483232498169,15.335840225219727,0.6216036602854729,3.9027166215200273
step25000,25000,512,5,19211, cabinet,33,5,1.0432910919189453,2.9774768352508545,15.87991714477539,0.5797285474836826,3.9027166215200273
step25000,25000,512,6,14290, documented,48,6,1.0334270000457764,2.9416069984436035,15.899835586547852,0.6057334952056408,3.9027166215200273
step25000,25000,512,7,6574, miles,404,7,1.0757683515548706,1.906864881515503,16.298276901245117,0.5665798299014568,3.9027166215200273
step25000,25000,576,0,21825, clones,2,0,1.0155454874038696,2.9103596210479736,15.613203048706055,0.5462500005960464,3.9027166215200273
step25000,25000,576,1,46808, trustworthy,3,1,1.0859124660491943,1.9967494010925293,16.92552947998047,0.49469010159373283,3.9027166215200273
step25000,25000,576,2,23778, motive,8,2,1.008958101272583,1.7865036725997925,15.189618110656738,0.6090067960321903,3.9027166215200273
step25000,25000,576,3,42548, generosity,8,3,1.0046814680099487,1.944090485572815,15.00551986694336,0.5768466629087925,3.9027166215200273
step25000,25000,576,4,29254, critique,18,4,1.0672475099563599,2.00107479095459,16.71682357788086,0.6765885800123215,3.9027166215200273
step25000,25000,576,5,19211, cabinet,33,5,1.024146556854248,2.127206802368164,15.739270210266113,0.5683974027633667,3.9027166215200273
step25000,25000,576,6,14290, documented,48,6,0.9970112442970276,2.1053175926208496,15.351968765258789,0.6204835921525955,3.9027166215200273
step25000,25000,576,7,6574, miles,404,7,1.0307438373565674,3.0723657608032227,15.813957214355469,0.5548164360225201,3.9027166215200273
step25000,25000,640,0,21825, clones,2,0,0.9979833364486694,1.8090461492538452,14.905524253845215,0.6366938650608063,3.9027166215200273
step25000,25000,640,1,46808, trustworthy,3,1,1.0062962770462036,1.7921929359436035,15.584453582763672,0.5718591511249542,3.9027166215200273
step25000,25000,640,2,23778, motive,8,2,1.0830148458480835,3.1705613136291504,16.768207550048828,0.5329493209719658,3.9027166215200273
step25000,25000,640,3,42548, generosity,8,3,1.0022732019424438,1.8238860368728638,15.677746772766113,0.555338878184557,3.9027166215200273
step25000,25000,640,4,29254, critique,18,4,1.1085141897201538,2.01352596282959,16.40415382385254,0.6216403767466545,3.9027166215200273
step25000,25000,640,5,19211, cabinet,33,5,1.0024819374084473,2.0336363315582275,15.068687438964844,0.6818048767745495,3.9027166215200273
step25000,25000,640,6,14290, documented,48,6,1.0030012130737305,2.2064974308013916,15.206565856933594,0.5388864278793335,3.9027166215200273
step25000,25000,640,7,6574, miles,404,7,0.9893189072608948,1.7328474521636963,14.836699485778809,0.5357605367898941,3.9027166215200273
step25000,25000,704,0,21825, clones,2,0,0.9837801456451416,1.827764630317688,15.531928062438965,0.5879177153110504,3.9027166215200273
step25000,25000,704,1,46808, trustworthy,3,1,1.0156017541885376,1.8297593593597412,15.576485633850098,0.5682612545788288,3.9027166215200273
step25000,25000,704,2,23778, motive,8,2,0.9951275587081909,2.0124268531799316,15.557095527648926,0.5481746233999729,3.9027166215200273
step25000,25000,704,3,42548, generosity,8,3,0.9939136505126953,1.937633752822876,15.26819133758545,0.6083735600113869,3.9027166215200273
step25000,25000,704,4,29254, critique,18,4,1.0529686212539673,1.851745843887329,15.66464900970459,0.5023113563656807,3.9027166215200273
step25000,25000,704,5,19211, cabinet,33,5,1.099104881286621,2.502990245819092,16.856277465820312,0.5889313407242298,3.9027166215200273
step25000,25000,704,6,14290, documented,48,6,1.0028398036956787,1.799560546875,15.34587574005127,0.5735210627317429,3.9027166215200273
step25000,25000,704,7,6574, miles,404,7,1.0148712396621704,1.8204014301300049,15.735322952270508,0.5958514735102654,3.9027166215200273
step25000,25000,768,0,21825, clones,2,0,1.0157902240753174,2.2726588249206543,15.837993621826172,0.5455558896064758,3.9027166215200273
step25000,25000,768,1,46808, trustworthy,3,1,1.0114331245422363,1.7925903797149658,15.297147750854492,0.5029632560908794,3.9027166215200273
step25000,25000,768,2,23778, motive,8,2,0.9888883233070374,1.7258402109146118,14.833876609802246,0.5586347356438637,3.9027166215200273
step25000,25000,768,3,42548, generosity,8,3,1.0060292482376099,2.8657288551330566,15.713360786437988,0.5652469173073769,3.9027166215200273
step25000,25000,768,4,29254, critique,18,4,1.0518264770507812,1.8706377744674683,15.719162940979004,0.4910613000392914,3.9027166215200273
step25000,25000,768,5,19211, cabinet,33,5,1.0254188776016235,3.008043050765991,15.728343963623047,0.47828182205557823,3.9027166215200273
step25000,25000,768,6,14290, documented,48,6,1.0177607536315918,1.82412588596344,15.474767684936523,0.5314285270869732,3.9027166215200273
step25000,25000,768,7,6574, miles,404,7,1.0438960790634155,2.8485755920410156,15.797290802001953,0.5379642434418201,3.9027166215200273
step25000,25000,832,0,21825, clones,2,0,0.999913215637207,2.130986452102661,15.240057945251465,0.4863349124789238,3.9027166215200273
step25000,25000,832,1,46808, trustworthy,3,1,1.021168828010559,1.8339660167694092,15.748932838439941,0.546169750392437,3.9027166215200273
step25000,25000,832,2,23778, motive,8,2,1.0079474449157715,1.8199900388717651,15.626420974731445,0.5319038219749928,3.9027166215200273
step25000,25000,832,3,42548, generosity,8,3,1.0080031156539917,1.8227437734603882,15.512945175170898,0.48681533709168434,3.9027166215200273
step25000,25000,832,4,29254, critique,18,4,1.0202934741973877,1.920864224433899,16.033113479614258,0.6437236815690994,3.9027166215200273
step25000,25000,832,5,19211, cabinet,33,5,1.0000485181808472,1.8780869245529175,14.991815567016602,0.8574777618050575,3.9027166215200273
step25000,25000,832,6,14290, documented,48,6,0.9930855631828308,1.7708052396774292,14.999346733093262,0.8848636001348495,3.9027166215200273
step25000,25000,832,7,6574, miles,404,7,1.024287223815918,1.948380947113037,15.820566177368164,0.5945333205163479,3.9027166215200273
step25000,25000,896,0,21825, clones,2,0,1.0129207372665405,2.9701664447784424,15.671630859375,0.5585636757314205,3.9027166215200273
step25000,25000,896,1,46808, trustworthy,3,1,0.9910450577735901,1.826629400253296,15.303431510925293,0.49372176080942154,3.9027166215200273
step25000,25000,896,2,23778, motive,8,2,0.9938919544219971,1.9133663177490234,15.310667991638184,0.5855156295001507,3.9027166215200273
step25000,25000,896,3,42548, generosity,8,3,1.0046722888946533,1.804369330406189,15.260031700134277,0.5863653309643269,3.9027166215200273
step25000,25000,896,4,29254, critique,18,4,1.0012115240097046,1.8844655752182007,15.537365913391113,0.5369912683963776,3.9027166215200273
step25000,25000,896,5,19211, cabinet,33,5,1.0635638236999512,3.0745818614959717,16.237960815429688,0.4900106228888035,3.9027166215200273
step25000,25000,896,6,14290, documented,48,6,1.084555983543396,3.119203567504883,16.86363410949707,0.5565892271697521,3.9027166215200273
step25000,25000,896,7,6574, miles,404,7,1.0024354457855225,2.959864377975464,15.560473442077637,1.0462037399411201,3.9027166215200273
step25000,25000,960,0,21825, clones,2,0,1.0018975734710693,1.803049921989441,15.458182334899902,0.5223472714424133,3.9027166215200273
step25000,25000,960,1,46808, trustworthy,3,1,0.9846565127372742,1.8801584243774414,15.207263946533203,0.5763350874185562,3.9027166215200273
step25000,25000,960,2,23778, motive,8,2,1.0127922296524048,2.715745687484741,15.49123477935791,0.5385169684886932,3.9027166215200273
step25000,25000,960,3,42548, generosity,8,3,1.0022920370101929,1.7433580160140991,14.85807991027832,0.4945530295372009,3.9027166215200273
step25000,25000,960,4,29254, critique,18,4,1.0304352045059204,1.8855842351913452,15.93115520477295,0.542951088398695,3.9027166215200273
step25000,25000,960,5,19211, cabinet,33,5,1.0184357166290283,2.017202615737915,15.238422393798828,0.5401708483695984,3.9027166215200273
step25000,25000,960,6,14290, documented,48,6,1.0010900497436523,2.075404644012451,15.34006404876709,0.5454678907990456,3.9027166215200273
step25000,25000,960,7,6574, miles,404,7,0.9961447715759277,1.865438461303711,14.912796974182129,0.5178202725946903,3.9027166215200273
step25000,25000,1024,0,21825, clones,2,0,1.0070042610168457,1.802965521812439,15.280797004699707,0.5270390100777149,3.9027166215200273
step25000,25000,1024,1,46808, trustworthy,3,1,1.0384975671768188,2.842064142227173,15.923500061035156,0.538978811353445,3.9027166215200273
step25000,25000,1024,2,23778, motive,8,2,1.0095360279083252,1.8753979206085205,15.677608489990234,0.5557112023234367,3.9027166215200273
step25000,25000,1024,3,42548, generosity,8,3,1.113275170326233,2.3912153244018555,16.93935203552246,0.5604087188839912,3.9027166215200273
step25000,25000,1024,4,29254, critique,18,4,1.0272548198699951,1.9007701873779297,15.964775085449219,0.5448765195906162,3.9027166215200273
step25000,25000,1024,5,19211, cabinet,33,5,0.9875128865242004,1.7276594638824463,14.815739631652832,0.5002182610332966,3.9027166215200273
step25000,25000,1024,6,14290, documented,48,6,0.9923009276390076,1.7887629270553589,15.22692584991455,0.5376390144228935,3.9027166215200273
step25000,25000,1024,7,6574, miles,404,7,1.004226565361023,1.8068466186523438,15.36947250366211,0.5292239338159561,3.9027166215200273
step29000,29000,0,0,21825, clones,2,0,12.828605651855469,88.65434265136719,250.5749969482422,0.5163710825145245,3.8585372425260998
step29000,29000,0,1,46808, trustworthy,3,1,12.90527057647705,75.67034149169922,267.2895202636719,0.5184141248464584,3.8585372425260998
step29000,29000,0,2,23778, motive,8,2,14.843092918395996,136.73629760742188,304.3218078613281,0.5052978880703449,3.8585372425260998
step29000,29000,0,3,42548, generosity,8,3,13.806564331054688,103.86837768554688,275.3623046875,0.512521144002676,3.8585372425260998
step29000,29000,0,4,29254, critique,18,4,13.687932968139648,99.41091918945312,252.86280822753906,0.5128217749297619,3.8585372425260998
step29000,29000,0,5,19211, cabinet,33,5,15.226700782775879,163.1805877685547,337.13800048828125,0.5094803459942341,3.8585372425260998
step29000,29000,0,6,14290, documented,48,6,11.779169082641602,115.08675384521484,203.03533935546875,0.5166000388562679,3.8585372425260998
step29000,29000,0,7,6574, miles,404,7,15.68380355834961,124.05232238769531,329.0148010253906,0.5232844650745392,3.8585372425260998
step29000,29000,64,0,21825, clones,2,0,1.035046935081482,1.82900869846344,15.521390914916992,0.5200216807425022,3.8585372425260998
step29000,29000,64,1,46808, trustworthy,3,1,0.9938188195228577,1.785217523574829,15.067914962768555,0.536679670214653,3.8585372425260998
step29000,29000,64,2,23778, motive,8,2,1.0034244060516357,1.8323150873184204,15.4605131149292,0.5333017855882645,3.8585372425260998
step29000,29000,64,3,42548, generosity,8,3,0.9909246563911438,1.8280383348464966,15.408222198486328,0.530412096530199,3.8585372425260998
step29000,29000,64,4,29254, critique,18,4,0.9880064129829407,1.8346219062805176,15.445809364318848,0.5632971003651619,3.8585372425260998
step29000,29000,64,5,19211, cabinet,33,5,1.031904697418213,1.8386069536209106,15.542265892028809,0.538833811879158,3.8585372425260998
step29000,29000,64,6,14290, documented,48,6,1.0165756940841675,1.833611249923706,15.484929084777832,0.48597031086683273,3.8585372425260998
step29000,29000,64,7,6574, miles,404,7,0.9951593279838562,1.8234236240386963,15.398101806640625,0.4950680360198021,3.8585372425260998
step29000,29000,128,0,21825, clones,2,0,1.0322699546813965,1.8704158067703247,15.709091186523438,0.5283555909991264,3.8585372425260998
step29000,29000,128,1,46808, trustworthy,3,1,0.9901984333992004,1.8025873899459839,15.26174545288086,0.5652760677039623,3.8585372425260998
step29000,29000,128,2,23778, motive,8,2,1.016542673110962,1.8616567850112915,15.642393112182617,0.5246273875236511,3.8585372425260998
step29000,29000,128,3,42548, generosity,8,3,1.0055650472640991,1.8489208221435547,15.540027618408203,0.4888695813715458,3.8585372425260998
step29000,29000,128,4,29254, critique,18,4,0.9862223863601685,1.8294953107833862,15.449853897094727,0.5916650742292404,3.8585372425260998
step29000,29000,128,5,19211, cabinet,33,5,1.0313020944595337,1.8709704875946045,15.7120943069458,0.5413286797702312,3.8585372425260998
step29000,29000,128,6,14290, documented,48,6,1.0226329565048218,1.8676013946533203,15.69303035736084,0.5345171801745892,3.8585372425260998
step29000,29000,128,7,6574, miles,404,7,1.0113221406936646,1.855446219444275,15.590204238891602,0.5450478680431843,3.8585372425260998
step29000,29000,192,0,21825, clones,2,0,1.0263603925704956,1.8701677322387695,15.714336395263672,0.5262628011405468,3.8585372425260998
step29000,29000,192,1,46808, trustworthy,3,1,0.9851623773574829,1.774186372756958,15.11727523803711,0.5577103421092033,3.8585372425260998
step29000,29000,192,2,23778, motive,8,2,1.0010502338409424,1.8413691520690918,15.522107124328613,0.5382253304123878,3.8585372425260998
step29000,29000,192,3,42548, generosity,8,3,0.9872145056724548,1.8247904777526855,15.425986289978027,0.5259539000689983,3.8585372425260998
step29000,29000,192,4,29254, critique,18,4,0.9914973378181458,1.7952603101730347,15.265809059143066,0.5402615964412689,3.8585372425260998
step29000,29000,192,5,19211, cabinet,33,5,1.0255591869354248,1.8694703578948975,15.710429191589355,0.523330558091402,3.8585372425260998
step29000,29000,192,6,14290, documented,48,6,1.0144760608673096,1.8569798469543457,15.618269920349121,0.5758299268782139,3.8585372425260998
step29000,29000,192,7,6574, miles,404,7,0.9936140775680542,1.833983302116394,15.47801685333252,0.7009978704154491,3.8585372425260998
step29000,29000,256,0,21825, clones,2,0,1.0182732343673706,1.8615565299987793,15.651358604431152,0.6353466920554638,3.8585372425260998
step29000,29000,256,1,46808, trustworthy,3,1,0.9643510580062866,1.7542550563812256,14.922183990478516,0.6402290463447571,3.8585372425260998
step29000,29000,256,2,23778, motive,8,2,0.9921785593032837,1.8091357946395874,15.346176147460938,0.8327408246695995,3.8585372425260998
step29000,29000,256,3,42548, generosity,8,3,0.990894079208374,1.7918791770935059,15.244161605834961,0.5566502884030342,3.8585372425260998
step29000,29000,256,4,29254, critique,18,4,0.979256272315979,1.7672078609466553,15.060433387756348,0.5105319395661354,3.8585372425260998
step29000,29000,256,5,19211, cabinet,33,5,1.016597867012024,1.8595820665359497,15.637423515319824,0.5144134238362312,3.8585372425260998
step29000,29000,256,6,14290, documented,48,6,0.9899394512176514,1.8309797048568726,15.46574592590332,0.5130448117852211,3.8585372425260998
step29000,29000,256,7,6574, miles,404,7,0.9921534657478333,1.8011173009872437,15.30013656616211,0.5699618272483349,3.8585372425260998
step29000,29000,320,0,21825, clones,2,0,0.9987355470657349,1.839061975479126,15.5110445022583,0.5508369579911232,3.8585372425260998
step29000,29000,320,1,46808, trustworthy,3,1,0.9402384161949158,1.7442326545715332,14.789142608642578,0.5276386253535748,3.8585372425260998
step29000,29000,320,2,23778, motive,8,2,0.9858735203742981,1.7774816751480103,15.146479606628418,0.5798641704022884,3.8585372425260998
step29000,29000,320,3,42548, generosity,8,3,0.9771443009376526,1.764844298362732,15.037864685058594,0.512594360858202,3.8585372425260998
step29000,29000,320,4,29254, critique,18,4,0.9556776285171509,1.7500998973846436,14.86613941192627,0.5695484392344952,3.8585372425260998
step29000,29000,320,5,19211, cabinet,33,5,0.9948053956031799,1.8351937532424927,15.489429473876953,0.5700813345611095,3.8585372425260998
step29000,29000,320,6,14290, documented,48,6,0.9916869401931763,1.7973191738128662,15.27881908416748,0.49729516729712486,3.8585372425260998
step29000,29000,320,7,6574, miles,404,7,0.9823299646377563,1.771335482597351,15.097064018249512,0.5510823056101799,3.8585372425260998
step29000,29000,384,0,21825, clones,2,0,0.992217481136322,1.8059920072555542,15.329169273376465,0.5190156400203705,3.8585372425260998
step29000,29000,384,1,46808, trustworthy,3,1,0.9410688877105713,1.7502727508544922,14.84067153930664,0.5126712545752525,3.8585372425260998
step29000,29000,384,2,23778, motive,8,2,0.9660726189613342,1.7557954788208008,14.93904972076416,0.5437525808811188,3.8585372425260998
step29000,29000,384,3,42548, generosity,8,3,0.9529069662094116,1.7488662004470825,14.849532127380371,0.5276323333382607,3.8585372425260998
step29000,29000,384,4,29254, critique,18,4,0.9400245547294617,1.7437933683395386,14.780896186828613,0.5496407635509968,3.8585372425260998
step29000,29000,384,5,19211, cabinet,33,5,0.9920921921730042,1.801695466041565,15.304563522338867,0.48461704328656197,3.8585372425260998
step29000,29000,384,6,14290, documented,48,6,0.980231523513794,1.7684952020645142,15.072389602661133,0.5384088233113289,3.8585372425260998
step29000,29000,384,7,6574, miles,404,7,0.9601570963859558,1.7523127794265747,14.89551067352295,0.6812856383621693,3.8585372425260998
step29000,29000,448,0,21825, clones,2,0,0.9845122694969177,1.7749528884887695,15.126778602600098,0.5660613402724266,3.8585372425260998
step29000,29000,448,1,46808, trustworthy,3,1,0.9690045714378357,1.7764719724655151,15.059898376464844,0.5634608380496502,3.8585372425260998
step29000,29000,448,2,23778, motive,8,2,0.9416056275367737,1.7447015047073364,14.793981552124023,0.5181594789028168,3.8585372425260998
step29000,29000,448,3,42548, generosity,8,3,0.9400686621665955,1.7441086769104004,14.783440589904785,0.49758926406502724,3.8585372425260998
step29000,29000,448,4,29254, critique,18,4,0.947184145450592,1.7567965984344482,14.897672653198242,0.5579864457249641,3.8585372425260998
step29000,29000,448,5,19211, cabinet,33,5,0.9825049638748169,1.771647572517395,15.099966049194336,0.5760682821273804,3.8585372425260998
step29000,29000,448,6,14290, documented,48,6,0.9570866227149963,1.7508091926574707,14.875157356262207,0.5600312501192093,3.8585372425260998
step29000,29000,448,7,6574, miles,404,7,0.9396265745162964,1.7438035011291504,14.782195091247559,0.5639945268630981,3.8585372425260998
step29000,29000,512,0,21825, clones,2,0,0.9636969566345215,1.7543389797210693,14.920958518981934,0.5796808935701847,3.8585372425260998
step29000,29000,512,1,46808, trustworthy,3,1,1.011139154434204,1.8108692169189453,15.358663558959961,0.5496821328997612,3.8585372425260998
step29000,29000,512,2,23778, motive,8,2,0.9394999742507935,1.7487804889678955,14.826863288879395,0.502303771674633,3.8585372425260998
step29000,29000,512,3,42548, generosity,8,3,0.9488678574562073,1.7594681978225708,14.920159339904785,0.49404748156666756,3.8585372425260998
step29000,29000,512,4,29254, critique,18,4,0.9799642562866211,1.7868962287902832,15.147804260253906,0.48044775053858757,3.8585372425260998
step29000,29000,512,5,19211, cabinet,33,5,0.9604570865631104,1.7525238990783691,14.897662162780762,0.5607570298016071,3.8585372425260998
step29000,29000,512,6,14290, documented,48,6,0.9399464130401611,1.7437126636505127,14.780563354492188,0.5113248080015182,3.8585372425260998
step29000,29000,512,7,6574, miles,404,7,0.9433239102363586,1.7529408931732178,14.86442756652832,0.5402408875524998,3.8585372425260998
step29000,29000,576,0,21825, clones,2,0,0.9399207234382629,1.744197130203247,14.787859916687012,0.5552585832774639,3.8585372425260998
step29000,29000,576,1,46808, trustworthy,3,1,1.0435681343078613,1.8481372594833374,15.614537239074707,0.546593613922596,3.8585372425260998
step29000,29000,576,2,23778, motive,8,2,0.9652894139289856,1.7735605239868164,15.036087989807129,0.4984641931951046,3.8585372425260998
step29000,29000,576,3,42548, generosity,8,3,0.982991635799408,1.7905296087265015,15.17937183380127,0.5113986991345882,3.8585372425260998
step29000,29000,576,4,29254, critique,18,4,1.0232712030410767,1.8227320909500122,15.453910827636719,0.5451609417796135,3.8585372425260998
step29000,29000,576,5,19211, cabinet,33,5,0.939593493938446,1.7438398599624634,14.782500267028809,0.5474367067217827,3.8585372425260998
step29000,29000,576,6,14290, documented,48,6,0.9460334777832031,1.7555261850357056,14.886662483215332,0.5222541801631451,3.8585372425260998
step29000,29000,576,7,6574, miles,404,7,0.9743157625198364,1.7811256647109985,15.098682403564453,0.5369192473590374,3.8585372425260998
step29000,29000,640,0,21825, clones,2,0,0.9411416053771973,1.7503221035003662,14.840946197509766,0.5317046232521534,3.8585372425260998
step29000,29000,640,1,46808, trustworthy,3,1,1.0392217636108398,1.870579719543457,15.71785831451416,0.5232509933412075,3.8585372425260998
step29000,29000,640,2,23778, motive,8,2,1.006869912147522,1.8075815439224243,15.33027172088623,0.5445549860596657,3.8585372425260998
step29000,29000,640,3,42548, generosity,8,3,1.0263314247131348,1.8268601894378662,15.483857154846191,0.5233310908079147,3.8585372425260998
step29000,29000,640,4,29254, critique,18,4,1.0454154014587402,1.8576688766479492,15.662321090698242,0.6173657104372978,3.8585372425260998
step29000,29000,640,5,19211, cabinet,33,5,0.9431490302085876,1.7527399063110352,14.862253189086914,0.5282723791897297,3.8585372425260998
step29000,29000,640,6,14290, documented,48,6,0.9782641530036926,1.785018801689148,15.131939888000488,0.534942090511322,3.8585372425260998
step29000,29000,640,7,6574, miles,404,7,1.017194390296936,1.8161630630493164,15.402798652648926,0.5281893275678158,3.8585372425260998
step29000,29000,704,0,21825, clones,2,0,0.9691532254219055,1.776598334312439,15.060937881469727,0.6007165499031544,3.8585372425260998
step29000,29000,704,1,46808, trustworthy,3,1,1.0327469110488892,1.874062418937683,15.733702659606934,0.4867496006190777,3.8585372425260998
step29000,29000,704,2,23778, motive,8,2,1.0422056913375854,1.8449885845184326,15.597768783569336,0.519144993275404,3.8585372425260998
step29000,29000,704,3,42548, generosity,8,3,1.04518461227417,1.860398769378662,15.67494010925293,0.535908903926611,3.8585372425260998
step29000,29000,704,4,29254, critique,18,4,1.0360535383224487,1.8731944561004639,15.728201866149902,0.48243699967861176,3.8585372425260998
step29000,29000,704,5,19211, cabinet,33,5,0.973894476890564,1.7807270288467407,15.095338821411133,0.5490189641714096,3.8585372425260998
step29000,29000,704,6,14290, documented,48,6,1.0214906930923462,1.8206102848052979,15.438003540039062,0.5252224318683147,3.8585372425260998
step29000,29000,704,7,6574, miles,404,7,1.044922113418579,1.8527002334594727,15.638215065002441,0.5310649946331978,3.8585372425260998
step29000,29000,768,0,21825, clones,2,0,1.011326789855957,1.8110238313674927,15.35997486114502,0.5174685455858707,3.8585372425260998
step29000,29000,768,1,46808, trustworthy,3,1,1.0251636505126953,1.8694630861282349,15.711737632751465,0.5271802693605423,3.8585372425260998
step29000,29000,768,2,23778, motive,8,2,1.0404118299484253,1.869438886642456,15.71347713470459,0.49729684740304947,3.8585372425260998
step29000,29000,768,3,42548, generosity,8,3,1.0354427099227905,1.873752236366272,15.730302810668945,0.5052086785435677,3.8585372425260998
step29000,29000,768,4,29254, critique,18,4,1.0303086042404175,1.8730695247650146,15.731257438659668,0.5472252294421196,3.8585372425260998
step29000,29000,768,5,19211, cabinet,33,5,1.016720175743103,1.815730094909668,15.399127960205078,0.49084072560071945,3.8585372425260998
step29000,29000,768,6,14290, documented,48,6,1.0453827381134033,1.8561376333236694,15.655174255371094,0.501825325191021,3.8585372425260998
step29000,29000,768,7,6574, miles,404,7,1.0375341176986694,1.8719956874847412,15.723414421081543,0.5408653430640697,3.8585372425260998
step29000,29000,832,0,21825, clones,2,0,1.043625831604004,1.8482766151428223,15.615288734436035,0.5353634022176266,3.8585372425260998
step29000,29000,832,1,46808, trustworthy,3,1,1.0148597955703735,1.8575743436813354,15.62402629852295,0.5533534660935402,3.8585372425260998
step29000,29000,832,2,23778, motive,8,2,1.0333034992218018,1.8742166757583618,15.733870506286621,0.5544166751205921,3.8585372425260998
step29000,29000,832,3,42548, generosity,8,3,1.0294032096862793,1.8726170063018799,15.729681968688965,0.5447953604161739,3.8585372425260998
step29000,29000,832,4,29254, critique,18,4,1.022847294807434,1.8669393062591553,15.692692756652832,0.5247512944042683,3.8585372425260998
step29000,29000,832,5,19211, cabinet,33,5,1.0448437929153442,1.8523398637771606,15.636350631713867,0.5299005769193172,3.8585372425260998
step29000,29000,832,6,14290, documented,48,6,1.0364508628845215,1.87286376953125,15.726885795593262,0.5345731526613235,3.8585372425260998
step29000,29000,832,7,6574, miles,404,7,1.0317200422286987,1.8736577033996582,15.732970237731934,0.5066340677440166,3.8585372425260998
step29000,29000,896,0,21825, clones,2,0,1.0391671657562256,1.870606780052185,15.718048095703125,0.5595976486802101,3.8585372425260998
step29000,29000,896,1,46808, trustworthy,3,1,0.9903220534324646,1.8312995433807373,15.468083381652832,0.5459806732833385,3.8585372425260998
step29000,29000,896,2,23778, motive,8,2,1.0257704257965088,1.870060920715332,15.71584701538086,0.5466420911252499,3.8585372425260998
step29000,29000,896,3,42548, generosity,8,3,1.0219166278839111,1.8658753633499146,15.684455871582031,0.5220637395977974,3.8585372425260998
step29000,29000,896,4,29254, critique,18,4,1.0092062950134277,1.8508228063583374,15.580370903015137,0.503409668803215,3.8585372425260998
step29000,29000,896,5,19211, cabinet,33,5,1.0376620292663574,1.871885061264038,15.723005294799805,0.5394543595612049,3.8585372425260998
step29000,29000,896,6,14290, documented,48,6,1.030768871307373,1.8732916116714478,15.731905937194824,0.534886073321104,3.8585372425260998
step29000,29000,896,7,6574, miles,404,7,1.0241738557815552,1.8683799505233765,15.704055786132812,0.5451435558497906,3.8585372425260998
step29000,29000,960,0,21825, clones,2,0,1.0327175855636597,1.8740596771240234,15.733689308166504,0.48701825737953186,3.8585372425260998
step29000,29000,960,1,46808, trustworthy,3,1,0.9917047619819641,1.7975481748580933,15.280314445495605,0.5047931373119354,3.8585372425260998
step29000,29000,960,2,23778, motive,8,2,1.016228437423706,1.8592149019241333,15.635250091552734,0.5229082889854908,3.8585372425260998
step29000,29000,960,3,42548, generosity,8,3,1.0069535970687866,1.8481478691101074,15.564186096191406,0.5332765802741051,3.8585372425260998
step29000,29000,960,4,29254, critique,18,4,0.9895419478416443,1.8207918405532837,15.410927772521973,0.5367082133889198,3.8585372425260998
step29000,29000,960,5,19211, cabinet,33,5,1.0318104028701782,1.8737138509750366,15.733054161071777,0.5300251953303814,3.8585372425260998
step29000,29000,960,6,14290, documented,48,6,1.0232890844345093,1.8674184083938599,15.696557998657227,0.4797098860144615,3.8585372425260998
step29000,29000,960,7,6574, miles,404,7,1.0124742984771729,1.854720950126648,15.605072021484375,0.5495268404483795,3.8585372425260998
step29000,29000,1024,0,21825, clones,2,0,1.0251379013061523,1.8694075345993042,15.711533546447754,0.5515795685350895,3.8585372425260998
step29000,29000,1024,1,46808, trustworthy,3,1,0.9803454279899597,1.7686717510223389,15.073776245117188,0.5283278301358223,3.8585372425260998
step29000,29000,1024,2,23778, motive,8,2,0.9936985373497009,1.834177017211914,15.483967781066895,0.5408903546631336,3.8585372425260998
step29000,29000,1024,3,42548, generosity,8,3,0.9908286929130554,1.8171718120574951,15.391068458557129,0.5270273238420486,3.8585372425260998
step29000,29000,1024,4,29254, critique,18,4,0.9896627068519592,1.7874116897583008,15.216795921325684,0.4720122329890728,3.8585372425260998
step29000,29000,1024,5,19211, cabinet,33,5,1.0242621898651123,1.8685024976730347,15.70476245880127,0.5581783689558506,3.8585372425260998
step29000,29000,1024,6,14290, documented,48,6,1.0102920532226562,1.8520872592926025,15.588419914245605,0.5087331347167492,3.8585372425260998
step29000,29000,1024,7,6574, miles,404,7,0.9868592023849487,1.8266255855560303,15.442488670349121,0.5371040217578411,3.8585372425260998
step33000,33000,0,0,21825, clones,2,0,12.482213020324707,80.99249267578125,268.657470703125,0.541723944246769,3.8664497042459156
step33000,33000,0,1,46808, trustworthy,3,1,12.613948822021484,75.06915283203125,272.5127868652344,0.5304154083132744,3.8664497042459156
step33000,33000,0,2,23778, motive,8,2,17.886075973510742,105.73899841308594,363.0818786621094,0.5313443690538406,3.8664497042459156
step33000,33000,0,3,42548, generosity,8,3,13.523256301879883,111.44831848144531,284.9775695800781,0.5000393055379391,3.8664497042459156
step33000,33000,0,4,29254, critique,18,4,12.734719276428223,107.50424194335938,280.8862609863281,0.5047386661171913,3.8664497042459156
step33000,33000,0,5,19211, cabinet,33,5,15.610709190368652,91.31941223144531,332.714599609375,0.5106631815433502,3.8664497042459156
step33000,33000,0,6,14290, documented,48,6,12.00053882598877,189.69955444335938,288.8518371582031,0.5205317512154579,3.8664497042459156
step33000,33000,0,7,6574, miles,404,7,17.496702194213867,140.6161346435547,391.7677917480469,0.5500694923102856,3.8664497042459156
step33000,33000,64,0,21825, clones,2,0,1.0978251695632935,2.562091588973999,16.511096954345703,0.48508548364043236,3.8664497042459156
step33000,33000,64,1,46808, trustworthy,3,1,1.0588172674179077,2.16990327835083,15.923491477966309,0.5264550186693668,3.8664497042459156
step33000,33000,64,2,23778, motive,8,2,1.0622889995574951,2.2179458141326904,16.231788635253906,0.6517212390899658,3.8664497042459156
step33000,33000,64,3,42548, generosity,8,3,1.075213074684143,2.107403039932251,16.096315383911133,0.582147978246212,3.8664497042459156
step33000,33000,64,4,29254, critique,18,4,1.0492063760757446,2.2227935791015625,15.790270805358887,0.5378389172255993,3.8664497042459156
step33000,33000,64,5,19211, cabinet,33,5,0.999631404876709,2.2152280807495117,15.569294929504395,0.5665147714316845,3.8664497042459156
step33000,33000,64,6,14290, documented,48,6,1.0414633750915527,1.9889768362045288,15.440086364746094,0.5336668416857719,3.8664497042459156
step33000,33000,64,7,6574, miles,404,7,1.0835880041122437,2.360994815826416,16.448020935058594,0.55223348736763,3.8664497042459156
step33000,33000,128,0,21825, clones,2,0,1.2303498983383179,7.411116123199463,17.664737701416016,0.5688411518931389,3.8664497042459156
step33000,33000,128,1,46808, trustworthy,3,1,1.0265625715255737,2.229036331176758,15.755471229553223,0.529047217220068,3.8664497042459156
step33000,33000,128,2,23778, motive,8,2,1.0188606977462769,1.9611351490020752,15.320328712463379,0.5420847907662392,3.8664497042459156
step33000,33000,128,3,42548, generosity,8,3,1.061221957206726,2.11740779876709,15.523155212402344,0.5025222599506378,3.8664497042459156
step33000,33000,128,4,29254, critique,18,4,1.0163843631744385,2.9363203048706055,15.71007251739502,0.48599423468112946,3.8664497042459156
step33000,33000,128,5,19211, cabinet,33,5,1.0620630979537964,2.420081615447998,16.32008171081543,0.5318809412419796,3.8664497042459156
step33000,33000,128,6,14290, documented,48,6,1.0731173753738403,2.0886433124542236,15.971264839172363,0.5146732926368713,3.8664497042459156
step33000,33000,128,7,6574, miles,404,7,1.0100737810134888,2.0547633171081543,15.723163604736328,0.5378228388726711,3.8664497042459156
step33000,33000,192,0,21825, clones,2,0,1.0324844121932983,2.147947072982788,15.971996307373047,0.5672780498862267,3.8664497042459156
step33000,33000,192,1,46808, trustworthy,3,1,1.041727066040039,2.13752818107605,15.998051643371582,0.5285731442272663,3.8664497042459156
step33000,33000,192,2,23778, motive,8,2,1.066648244857788,2.1478466987609863,16.104806900024414,0.5544770248234272,3.8664497042459156
step33000,33000,192,3,42548, generosity,8,3,1.047706127166748,2.0951132774353027,15.908428192138672,0.5940156243741512,3.8664497042459156
step33000,33000,192,4,29254, critique,18,4,1.025341272354126,1.8745964765548706,15.029966354370117,0.5398230813443661,3.8664497042459156
step33000,33000,192,5,19211, cabinet,33,5,1.0608291625976562,1.977043628692627,15.555439949035645,0.5496789291501045,3.8664497042459156
step33000,33000,192,6,14290, documented,48,6,1.0734020471572876,2.2872843742370605,16.185815811157227,0.5427935421466827,3.8664497042459156
step33000,33000,192,7,6574, miles,404,7,1.0665645599365234,1.9953163862228394,15.651102066040039,0.5803216621279716,3.8664497042459156
step33000,33000,256,0,21825, clones,2,0,0.9888635277748108,2.053516387939453,15.397278785705566,0.47815726324915886,3.8664497042459156
step33000,33000,256,1,46808, trustworthy,3,1,1.042520523071289,2.1604068279266357,15.953720092773438,0.530461709946394,3.8664497042459156
step33000,33000,256,2,23778, motive,8,2,1.0998501777648926,2.3772144317626953,16.630884170532227,0.5187484137713909,3.8664497042459156
step33000,33000,256,3,42548, generosity,8,3,0.9734213948249817,1.832247257232666,14.954888343811035,0.5218881443142891,3.8664497042459156
step33000,33000,256,4,29254, critique,18,4,0.9738807082176208,1.824632167816162,14.969545364379883,0.5656651817262173,3.8664497042459156
step33000,33000,256,5,19211, cabinet,33,5,1.0387184619903564,2.1500964164733887,16.036115646362305,0.5377588272094727,3.8664497042459156
step33000,33000,256,6,14290, documented,48,6,1.0905580520629883,2.095891237258911,15.972651481628418,0.5347193777561188,3.8664497042459156
step33000,33000,256,7,6574, miles,404,7,1.0373082160949707,2.070112943649292,15.918783187866211,0.47326019033789635,3.8664497042459156
step33000,33000,320,0,21825, clones,2,0,0.9698616862297058,2.043027877807617,15.251153945922852,0.8524047359824181,3.8664497042459156
step33000,33000,320,1,46808, trustworthy,3,1,0.971161961555481,2.116377592086792,15.443989753723145,0.5556672438979149,3.8664497042459156
step33000,33000,320,2,23778, motive,8,2,1.0943434238433838,2.505892276763916,16.343791961669922,0.5310824140906334,3.8664497042459156
step33000,33000,320,3,42548, generosity,8,3,0.9923474192619324,1.8327566385269165,14.839765548706055,0.5575182028114796,3.8664497042459156
step33000,33000,320,4,29254, critique,18,4,0.983799934387207,1.8336180448532104,14.80937385559082,0.5728644840419292,3.8664497042459156
step33000,33000,320,5,19211, cabinet,33,5,1.1118888854980469,2.1995248794555664,16.332426071166992,0.5391755998134613,3.8664497042459156
step33000,33000,320,6,14290, documented,48,6,1.0130507946014404,2.0766329765319824,15.775083541870117,1.0152332969009876,3.8664497042459156
step33000,33000,320,7,6574, miles,404,7,1.0368413925170898,1.898539662361145,15.319084167480469,0.5002396479249,3.8664497042459156
step33000,33000,384,0,21825, clones,2,0,1.076187252998352,2.3071413040161133,16.235754013061523,0.4724780060350895,3.8664497042459156
step33000,33000,384,1,46808, trustworthy,3,1,1.0630019903182983,2.3354694843292236,15.981311798095703,0.5561006478965282,3.8664497042459156
step33000,33000,384,2,23778, motive,8,2,1.110787034034729,2.116154670715332,15.980228424072266,0.5635499507188797,3.8664497042459156
step33000,33000,384,3,42548, generosity,8,3,0.9868104457855225,1.8159348964691162,15.071029663085938,0.5505046509206295,3.8664497042459156
step33000,33000,384,4,29254, critique,18,4,0.9891707897186279,1.8764039278030396,15.092493057250977,0.5434956774115562,3.8664497042459156
step33000,33000,384,5,19211, cabinet,33,5,1.0302060842514038,2.218454599380493,15.628989219665527,0.5525796115398407,3.8664497042459156
step33000,33000,384,6,14290, documented,48,6,1.041690468788147,1.9414002895355225,15.448906898498535,0.529388103634119,3.8664497042459156
step33000,33000,384,7,6574, miles,404,7,1.0631953477859497,2.2450807094573975,15.893964767456055,0.5326380841434002,3.8664497042459156
step33000,33000,448,0,21825, clones,2,0,1.031816840171814,1.8346391916275024,14.998912811279297,0.5292563065886497,3.8664497042459156
step33000,33000,448,1,46808, trustworthy,3,1,1.0561975240707397,2.178529739379883,15.970643997192383,0.5540868304669857,3.8664497042459156
step33000,33000,448,2,23778, motive,8,2,1.0282316207885742,1.9852728843688965,15.443609237670898,0.5300447642803192,3.8664497042459156
step33000,33000,448,3,42548, generosity,8,3,1.0211405754089355,1.8688393831253052,15.156227111816406,0.4936046786606312,3.8664497042459156
step33000,33000,448,4,29254, critique,18,4,1.0292960405349731,1.9146497249603271,15.335533142089844,0.5362275466322899,3.8664497042459156
step33000,33000,448,5,19211, cabinet,33,5,1.0683519840240479,2.284419298171997,16.077877044677734,0.5203748941421509,3.8664497042459156
step33000,33000,448,6,14290, documented,48,6,1.0645864009857178,2.377340078353882,15.987799644470215,0.5321828238666058,3.8664497042459156
step33000,33000,448,7,6574, miles,404,7,1.0796629190444946,2.3385376930236816,16.218048095703125,0.553938589990139,3.8664497042459156
step33000,33000,512,0,21825, clones,2,0,0.9911550879478455,1.8550812005996704,15.32155704498291,0.5335967503488064,3.8664497042459156
step33000,33000,512,1,46808, trustworthy,3,1,1.0342766046524048,2.067952871322632,15.68442153930664,0.5253345221281052,3.8664497042459156
step33000,33000,512,2,23778, motive,8,2,1.0272856950759888,1.9919495582580566,15.662240982055664,0.5026054494082928,3.8664497042459156
step33000,33000,512,3,42548, generosity,8,3,0.9990782737731934,1.8752223253250122,15.148543357849121,0.5340988636016846,3.8664497042459156
step33000,33000,512,4,29254, critique,18,4,1.053421974182129,2.334895610809326,16.27481460571289,0.5363773964345455,3.8664497042459156
step33000,33000,512,5,19211, cabinet,33,5,1.0624960660934448,2.1530487537384033,15.732876777648926,0.5227708257734776,3.8664497042459156
step33000,33000,512,6,14290, documented,48,6,1.0500123500823975,2.093925952911377,15.669951438903809,0.7135798260569572,3.8664497042459156
step33000,33000,512,7,6574, miles,404,7,1.0977131128311157,2.130856513977051,16.271621704101562,0.5580281428992748,3.8664497042459156
step33000,33000,576,0,21825, clones,2,0,1.072966456413269,1.8167115449905396,15.06199836730957,0.5413571819663048,3.8664497042459156
step33000,33000,576,1,46808, trustworthy,3,1,1.0459614992141724,2.1056015491485596,15.642021179199219,0.5421875566244125,3.8664497042459156
step33000,33000,576,2,23778, motive,8,2,1.0332123041152954,2.1269781589508057,15.954264640808105,0.5428967177867889,3.8664497042459156
step33000,33000,576,3,42548, generosity,8,3,1.0251810550689697,1.9107576608657837,15.307836532592773,0.5679445154964924,3.8664497042459156
step33000,33000,576,4,29254, critique,18,4,1.0492186546325684,2.203094482421875,15.911599159240723,0.5322693586349487,3.8664497042459156
step33000,33000,576,5,19211, cabinet,33,5,1.0445128679275513,1.9463533163070679,15.53078556060791,0.5482668951153755,3.8664497042459156
step33000,33000,576,6,14290, documented,48,6,1.1017025709152222,2.205474853515625,16.371225357055664,0.48846733570098877,3.8664497042459156
step33000,33000,576,7,6574, miles,404,7,1.082302451133728,2.1728715896606445,16.153125762939453,0.4824935086071491,3.8664497042459156
step33000,33000,640,0,21825, clones,2,0,1.0217969417572021,1.8454046249389648,15.369844436645508,0.5558182969689369,3.8664497042459156
step33000,33000,640,1,46808, trustworthy,3,1,1.029816746711731,2.288451671600342,15.881465911865234,0.5150454342365265,3.8664497042459156
step33000,33000,640,2,23778, motive,8,2,1.0756360292434692,2.2421059608459473,16.53510856628418,0.5312619581818581,3.8664497042459156
step33000,33000,640,3,42548, generosity,8,3,1.039792776107788,2.2316536903381348,16.178625106811523,0.5508401431143284,3.8664497042459156
step33000,33000,640,4,29254, critique,18,4,1.0623855590820312,2.359469175338745,16.38528060913086,0.534702692180872,3.8664497042459156
step33000,33000,640,5,19211, cabinet,33,5,1.0346962213516235,2.2086849212646484,15.856484413146973,0.5252623073756695,3.8664497042459156
step33000,33000,640,6,14290, documented,48,6,1.0244008302688599,2.0058035850524902,15.440956115722656,0.5382573045790195,3.8664497042459156
step33000,33000,640,7,6574, miles,404,7,1.0970369577407837,2.3739688396453857,16.542438507080078,0.5260356403887272,3.8664497042459156
step33000,33000,704,0,21825, clones,2,0,1.0300109386444092,1.8746566772460938,15.245168685913086,0.5541424788534641,3.8664497042459156
step33000,33000,704,1,46808, trustworthy,3,1,1.0440785884857178,1.97581946849823,15.610029220581055,0.5559224970638752,3.8664497042459156
step33000,33000,704,2,23778, motive,8,2,1.0485503673553467,2.1958935260772705,15.741962432861328,0.5360538251698017,3.8664497042459156
step33000,33000,704,3,42548, generosity,8,3,0.992659866809845,2.0399742126464844,15.45510196685791,0.5502329394221306,3.8664497042459156
step33000,33000,704,4,29254, critique,18,4,1.0911513566970825,2.271519660949707,16.553272247314453,0.5565643683075905,3.8664497042459156
step33000,33000,704,5,19211, cabinet,33,5,1.1005280017852783,2.1275994777679443,16.419702529907227,0.5348488055169582,3.8664497042459156
step33000,33000,704,6,14290, documented,48,6,1.0983948707580566,2.134016990661621,16.32124900817871,0.5464714951813221,3.8664497042459156
step33000,33000,704,7,6574, miles,404,7,1.0891351699829102,2.1052958965301514,15.86845874786377,0.48435304313898087,3.8664497042459156
step33000,33000,768,0,21825, clones,2,0,1.0118690729141235,1.9003136157989502,15.236361503601074,0.5221735946834087,3.8664497042459156
step33000,33000,768,1,46808, trustworthy,3,1,1.0287514925003052,2.1110074520111084,16.028108596801758,0.476798877120018,3.8664497042459156
step33000,33000,768,2,23778, motive,8,2,1.0237432718276978,2.147799253463745,15.658015251159668,0.5516416057944298,3.8664497042459156
step33000,33000,768,3,42548, generosity,8,3,1.0547809600830078,2.41489839553833,16.438772201538086,0.5539628751575947,3.8664497042459156
step33000,33000,768,4,29254, critique,18,4,1.0301809310913086,2.1433684825897217,15.72424030303955,0.518852774053812,3.8664497042459156
step33000,33000,768,5,19211, cabinet,33,5,0.9816864132881165,2.0633833408355713,15.338473320007324,0.5032517649233341,3.8664497042459156
step33000,33000,768,6,14290, documented,48,6,1.03066086769104,2.1654295921325684,15.6221923828125,0.5144310891628265,3.8664497042459156
step33000,33000,768,7,6574, miles,404,7,1.0468289852142334,2.037925958633423,15.472494125366211,0.5257589966058731,3.8664497042459156
step33000,33000,832,0,21825, clones,2,0,1.0471580028533936,1.960504174232483,15.72120475769043,0.5294673591852188,3.8664497042459156
step33000,33000,832,1,46808, trustworthy,3,1,1.103925347328186,2.158353328704834,16.560344696044922,0.5487776398658752,3.8664497042459156
step33000,33000,832,2,23778, motive,8,2,1.019187092781067,1.992812991142273,15.330414772033691,0.5336663275957108,3.8664497042459156
step33000,33000,832,3,42548, generosity,8,3,1.2063032388687134,6.669867515563965,17.354785919189453,0.5445741191506386,3.8664497042459156
step33000,33000,832,4,29254, critique,18,4,1.0705416202545166,2.3494949340820312,16.329898834228516,0.5503796488046646,3.8664497042459156
step33000,33000,832,5,19211, cabinet,33,5,0.9826527237892151,1.904209852218628,15.102619171142578,0.665894940495491,3.8664497042459156
step33000,33000,832,6,14290, documented,48,6,1.0320013761520386,4.1029438972473145,15.80543327331543,0.52485366538167,3.8664497042459156
step33000,33000,832,7,6574, miles,404,7,1.0045512914657593,1.9420042037963867,15.52855396270752,0.5361916236579418,3.8664497042459156
step33000,33000,896,0,21825, clones,2,0,1.0402663946151733,2.154860258102417,16.146352767944336,0.5375177338719368,3.8664497042459156
step33000,33000,896,1,46808, trustworthy,3,1,1.0538498163223267,2.0986533164978027,15.46427059173584,0.529318030923605,3.8664497042459156
step33000,33000,896,2,23778, motive,8,2,1.0814850330352783,2.356415271759033,16.21982192993164,0.542185977101326,3.8664497042459156
step33000,33000,896,3,42548, generosity,8,3,1.0281901359558105,2.2253305912017822,15.73468017578125,0.525578185915947,3.8664497042459156
step33000,33000,896,4,29254, critique,18,4,1.0336166620254517,7.232814788818359,16.47049331665039,0.5747545063495636,3.8664497042459156
step33000,33000,896,5,19211, cabinet,33,5,1.0487529039382935,1.9657155275344849,15.778314590454102,0.5414447821676731,3.8664497042459156
step33000,33000,896,6,14290, documented,48,6,1.0624094009399414,1.850644588470459,15.223721504211426,0.5308086983859539,3.8664497042459156
step33000,33000,896,7,6574, miles,404,7,1.0530037879943848,2.1218037605285645,16.025346755981445,0.5438528805971146,3.8664497042459156
step33000,33000,960,0,21825, clones,2,0,0.980353832244873,2.04372501373291,15.229872703552246,0.523108322173357,3.8664497042459156
step33000,33000,960,1,46808, trustworthy,3,1,1.0535885095596313,2.0592589378356934,15.760271072387695,0.5532647743821144,3.8664497042459156
step33000,33000,960,2,23778, motive,8,2,1.0960729122161865,2.4633748531341553,16.48491096496582,0.5331589579582214,3.8664497042459156
step33000,33000,960,3,42548, generosity,8,3,0.9743965268135071,2.014387607574463,15.403226852416992,0.5538235791027546,3.8664497042459156
step33000,33000,960,4,29254, critique,18,4,1.0197919607162476,1.9642096757888794,15.638753890991211,0.5203104428946972,3.8664497042459156
step33000,33000,960,5,19211, cabinet,33,5,1.0039533376693726,2.113748550415039,15.295694351196289,0.516789186745882,3.8664497042459156
step33000,33000,960,6,14290, documented,48,6,1.001929759979248,1.8512277603149414,15.30003833770752,0.5494913943111897,3.8664497042459156
step33000,33000,960,7,6574, miles,404,7,0.980685830116272,1.9392269849777222,15.483067512512207,0.526900589466095,3.8664497042459156
step33000,33000,1024,0,21825, clones,2,0,1.0001078844070435,1.9632651805877686,15.619089126586914,0.5342445038259029,3.8664497042459156
step33000,33000,1024,1,46808, trustworthy,3,1,1.0760045051574707,2.0791995525360107,15.810258865356445,0.519477479159832,3.8664497042459156
step33000,33000,1024,2,23778, motive,8,2,1.0788116455078125,2.0221049785614014,15.7433500289917,0.5401352941989899,3.8664497042459156
step33000,33000,1024,3,42548, generosity,8,3,1.0403639078140259,1.9583896398544312,15.31801986694336,0.524396937340498,3.8664497042459156
step33000,33000,1024,4,29254, critique,18,4,1.0654422044754028,2.1489179134368896,15.962896347045898,0.5464321672916412,3.8664497042459156
step33000,33000,1024,5,19211, cabinet,33,5,1.0491446256637573,2.2409491539001465,15.887742042541504,0.5365191474556923,3.8664497042459156
step33000,33000,1024,6,14290, documented,48,6,1.036387324333191,1.852133870124817,15.181831359863281,0.5212601386010647,3.8664497042459156
step33000,33000,1024,7,6574, miles,404,7,1.0162349939346313,2.190502882003784,15.551276206970215,0.5416083820164204,3.8664497042459156
step37000,37000,0,0,21825, clones,2,0,13.071123123168945,77.35874938964844,272.1037292480469,0.5148543752729893,3.8441898406498014
step37000,37000,0,1,46808, trustworthy,3,1,14.635635375976562,73.41206359863281,276.2261962890625,0.4680022969841957,3.8441898406498014
step37000,37000,0,2,23778, motive,8,2,15.809344291687012,129.50697326660156,330.2974548339844,0.5091043896973133,3.8441898406498014
step37000,37000,0,3,42548, generosity,8,3,11.181014060974121,101.03166961669922,235.99554443359375,0.521462943404913,3.8441898406498014
step37000,37000,0,4,29254, critique,18,4,13.862722396850586,115.49109649658203,290.068603515625,0.5048340000212193,3.8441898406498014
step37000,37000,0,5,19211, cabinet,33,5,15.622098922729492,102.19953155517578,316.6597595214844,0.5367884784936905,3.8441898406498014
step37000,37000,0,6,14290, documented,48,6,10.190884590148926,110.84062194824219,241.56504821777344,0.5017808824777603,3.8441898406498014
step37000,37000,0,7,6574, miles,404,7,18.541349411010742,206.48439025878906,402.5957946777344,0.474746759980917,3.8441898406498014
step37000,37000,64,0,21825, clones,2,0,0.9734359383583069,2.2299439907073975,15.392446517944336,0.5318350866436958,3.8441898406498014
step37000,37000,64,1,46808, trustworthy,3,1,1.01072096824646,2.1389191150665283,15.874238967895508,0.48770928010344505,3.8441898406498014
step37000,37000,64,2,23778, motive,8,2,1.0069736242294312,2.110377311706543,15.45461368560791,0.5371581427752972,3.8441898406498014
step37000,37000,64,3,42548, generosity,8,3,1.017123818397522,2.1463370323181152,15.549921035766602,0.5417763777077198,3.8441898406498014
step37000,37000,64,4,29254, critique,18,4,1.0199863910675049,2.25099515914917,15.834769248962402,0.527574572712183,3.8441898406498014
step37000,37000,64,5,19211, cabinet,33,5,1.0271540880203247,2.2649760246276855,15.568299293518066,0.6959787607192993,3.8441898406498014
step37000,37000,64,6,14290, documented,48,6,1.021926760673523,2.2607479095458984,15.612526893615723,0.5538652241230011,3.8441898406498014
step37000,37000,64,7,6574, miles,404,7,1.015720009803772,2.1112046241760254,15.521293640136719,0.530437808483839,3.8441898406498014
step37000,37000,128,0,21825, clones,2,0,1.0123430490493774,2.250185012817383,15.53786563873291,0.5506153143942356,3.8441898406498014
step37000,37000,128,1,46808, trustworthy,3,1,1.0242595672607422,2.250657796859741,15.648714065551758,0.5091431736946106,3.8441898406498014
step37000,37000,128,2,23778, motive,8,2,0.9666176438331604,2.2084336280822754,15.348719596862793,0.535585206001997,3.8441898406498014
step37000,37000,128,3,42548, generosity,8,3,0.9888885617256165,2.2321343421936035,15.504892349243164,0.5365559011697769,3.8441898406498014
step37000,37000,128,4,29254, critique,18,4,0.9909813404083252,2.2173354625701904,15.39442253112793,0.5194294676184654,3.8441898406498014
step37000,37000,128,5,19211, cabinet,33,5,1.0071983337402344,2.2476139068603516,15.530945777893066,0.5367875546216965,3.8441898406498014
step37000,37000,128,6,14290, documented,48,6,0.9970487356185913,2.222994565963745,15.474571228027344,0.5325249508023262,3.8441898406498014
step37000,37000,128,7,6574, miles,404,7,1.0052119493484497,2.239763021469116,15.517072677612305,0.48801758885383606,3.8441898406498014
step37000,37000,192,0,21825, clones,2,0,1.018127679824829,2.371469736099243,15.965559959411621,0.5274328924715519,3.8441898406498014
step37000,37000,192,1,46808, trustworthy,3,1,1.020371437072754,2.344240188598633,16.185279846191406,0.5314445644617081,3.8441898406498014
step37000,37000,192,2,23778, motive,8,2,1.01556396484375,2.250991106033325,15.581511497497559,0.5526238977909088,3.8441898406498014
step37000,37000,192,3,42548, generosity,8,3,1.0197749137878418,2.2543246746063232,15.608040809631348,0.551803894340992,3.8441898406498014
step37000,37000,192,4,29254, critique,18,4,1.0205821990966797,2.2644476890563965,15.539608001708984,0.5283583290874958,3.8441898406498014
step37000,37000,192,5,19211, cabinet,33,5,1.0302115678787231,2.3195579051971436,15.829890251159668,0.5393698178231716,3.8441898406498014
step37000,37000,192,6,14290, documented,48,6,1.0203303098678589,2.270589590072632,15.536898612976074,0.5389452092349529,3.8441898406498014
step37000,37000,192,7,6574, miles,404,7,1.039239764213562,2.285660743713379,15.814310073852539,0.5603736490011215,3.8441898406498014
step37000,37000,256,0,21825, clones,2,0,1.0066205263137817,2.17274808883667,15.506407737731934,0.5496207848191261,3.8441898406498014
step37000,37000,256,1,46808, trustworthy,3,1,0.9782833456993103,2.214035749435425,15.357514381408691,0.5420422703027725,3.8441898406498014
step37000,37000,256,2,23778, motive,8,2,1.0120315551757812,2.3824350833892822,15.938158988952637,0.541546180844307,3.8441898406498014
step37000,37000,256,3,42548, generosity,8,3,1.0064181089401245,2.3824915885925293,15.999029159545898,0.5478366538882256,3.8441898406498014
step37000,37000,256,4,29254, critique,18,4,1.0484925508499146,2.276092290878296,16.25650978088379,0.545158464461565,3.8441898406498014
step37000,37000,256,5,19211, cabinet,33,5,0.9844529032707214,2.1484272480010986,15.394613265991211,0.5358887426555157,3.8441898406498014
step37000,37000,256,6,14290, documented,48,6,1.040651559829712,2.303844690322876,16.20987319946289,0.5520644448697567,3.8441898406498014
step37000,37000,256,7,6574, miles,404,7,1.0376882553100586,2.3276522159576416,16.183317184448242,0.5395981296896935,3.8441898406498014
step37000,37000,320,0,21825, clones,2,0,1.041261076927185,2.273498296737671,15.847114562988281,0.542213924229145,3.8441898406498014
step37000,37000,320,1,46808, trustworthy,3,1,1.025360107421875,2.27400541305542,15.560136795043945,0.5488391257822514,3.8441898406498014
step37000,37000,320,2,23778, motive,8,2,0.9864439368247986,2.1737241744995117,15.356551170349121,0.5479577593505383,3.8441898406498014
step37000,37000,320,3,42548, generosity,8,3,0.9704229831695557,2.2159903049468994,15.318929672241211,0.5496716350317001,3.8441898406498014
step37000,37000,320,4,29254, critique,18,4,1.0211941003799438,2.23575496673584,15.769156455993652,0.4721335731446743,3.8441898406498014
step37000,37000,320,5,19211, cabinet,33,5,1.020348310470581,2.2550230026245117,15.556853294372559,0.5163883902132511,3.8441898406498014
step37000,37000,320,6,14290, documented,48,6,1.0252912044525146,2.235003709793091,15.740885734558105,0.5614989958703518,3.8441898406498014
step37000,37000,320,7,6574, miles,404,7,0.9941905736923218,2.251598358154297,15.382420539855957,0.5425807423889637,3.8441898406498014
step37000,37000,384,0,21825, clones,2,0,1.0500744581222534,2.314603567123413,16.309600830078125,0.5180996544659138,3.8441898406498014
step37000,37000,384,1,46808, trustworthy,3,1,1.0864417552947998,2.2394211292266846,16.606592178344727,0.5177842974662781,3.8441898406498014
step37000,37000,384,2,23778, motive,8,2,1.0427186489105225,2.2618002891540527,15.811891555786133,0.5224678218364716,3.8441898406498014
step37000,37000,384,3,42548, generosity,8,3,1.036372423171997,2.259218215942383,15.696513175964355,0.5216212533414364,3.8441898406498014
step37000,37000,384,4,29254, critique,18,4,1.0255883932113647,2.2727038860321045,15.642013549804688,0.541942298412323,3.8441898406498014
step37000,37000,384,5,19211, cabinet,33,5,1.0230594873428345,2.280334234237671,16.32476806640625,0.5318685546517372,3.8441898406498014
step37000,37000,384,6,14290, documented,48,6,1.035139560699463,2.283616781234741,15.773581504821777,0.5380447842180729,3.8441898406498014
step37000,37000,384,7,6574, miles,404,7,1.0333232879638672,2.316681146621704,15.847650527954102,0.48990045860409737,3.8441898406498014
step37000,37000,448,0,21825, clones,2,0,0.9845376014709473,2.2167787551879883,15.296537399291992,0.5321795903146267,3.8441898406498014
step37000,37000,448,1,46808, trustworthy,3,1,1.033013105392456,2.2866199016571045,15.78256607055664,0.4804023876786232,3.8441898406498014
step37000,37000,448,2,23778, motive,8,2,1.0705592632293701,2.3229072093963623,16.554363250732422,0.5218996703624725,3.8441898406498014
step37000,37000,448,3,42548, generosity,8,3,1.0641043186187744,2.2993056774139404,16.530847549438477,0.5285209231078625,3.8441898406498014
step37000,37000,448,4,29254, critique,18,4,1.0520731210708618,2.353940010070801,16.054365158081055,0.5362796299159527,3.8441898406498014
step37000,37000,448,5,19211, cabinet,33,5,1.0120428800582886,2.244921922683716,15.620614051818848,0.5282168239355087,3.8441898406498014
step37000,37000,448,6,14290, documented,48,6,1.0503474473953247,2.368629217147827,16.085512161254883,0.5164448022842407,3.8441898406498014
step37000,37000,448,7,6574, miles,404,7,1.0427508354187012,2.2797303199768066,15.936027526855469,0.48621300980448723,3.8441898406498014
step37000,37000,512,0,21825, clones,2,0,1.0236618518829346,2.268401861190796,15.557499885559082,0.49137258902192116,3.8441898406498014
step37000,37000,512,1,46808, trustworthy,3,1,1.0606287717819214,2.3469619750976562,15.96887493133545,0.5343536026775837,3.8441898406498014
step37000,37000,512,2,23778, motive,8,2,1.0016075372695923,2.252758264541626,15.371642112731934,0.7089681588113308,3.8441898406498014
step37000,37000,512,3,42548, generosity,8,3,1.0011060237884521,2.225431203842163,15.412647247314453,0.5351832322776318,3.8441898406498014
step37000,37000,512,4,29254, critique,18,4,0.9858075976371765,2.238037109375,15.376662254333496,0.5834761299192905,3.8441898406498014
step37000,37000,512,5,19211, cabinet,33,5,1.0179443359375,2.2690086364746094,15.530993461608887,0.5465727038681507,3.8441898406498014
step37000,37000,512,6,14290, documented,48,6,0.9859716296195984,2.2504401206970215,15.352812767028809,0.7187417931854725,3.8441898406498014
step37000,37000,512,7,6574, miles,404,7,1.0039067268371582,2.344421863555908,15.693340301513672,0.5525027252733707,3.8441898406498014
step37000,37000,576,0,21825, clones,2,0,1.0532323122024536,2.2718276977539062,16.402908325195312,0.5366421788930893,3.8441898406498014
step37000,37000,576,1,46808, trustworthy,3,1,0.9776030778884888,2.2324342727661133,15.267889976501465,0.5629149191081524,3.8441898406498014
step37000,37000,576,2,23778, motive,8,2,1.0322197675704956,2.2969799041748047,15.95921802520752,0.5332978069782257,3.8441898406498014
step37000,37000,576,3,42548, generosity,8,3,1.0254980325698853,2.2914066314697266,15.58395004272461,0.689690962433815,3.8441898406498014
step37000,37000,576,4,29254, critique,18,4,1.0372601747512817,2.262328863143921,15.717432975769043,0.5405118800699711,3.8441898406498014
step37000,37000,576,5,19211, cabinet,33,5,1.0541174411773682,2.3372323513031006,16.06621551513672,0.4898899160325527,3.8441898406498014
step37000,37000,576,6,14290, documented,48,6,1.0408203601837158,2.2803289890289307,15.763626098632812,0.5320421867072582,3.8441898406498014
step37000,37000,576,7,6574, miles,404,7,1.0236406326293945,2.0182440280914307,15.264707565307617,0.5373094081878662,3.8441898406498014
step37000,37000,640,0,21825, clones,2,0,1.020753264427185,2.24318265914917,15.747228622436523,0.5457137823104858,3.8441898406498014
step37000,37000,640,1,46808, trustworthy,3,1,1.0450447797775269,2.273653507232666,15.80839729309082,0.47349341213703156,3.8441898406498014
step37000,37000,640,2,23778, motive,8,2,1.0162184238433838,2.199028730392456,15.688333511352539,0.5361405499279499,3.8441898406498014
step37000,37000,640,3,42548, generosity,8,3,1.045966625213623,2.0509889125823975,15.99049186706543,0.5394218415021896,3.8441898406498014
step37000,37000,640,4,29254, critique,18,4,1.0677449703216553,2.3114140033721924,16.513385772705078,0.543321967124939,3.8441898406498014
step37000,37000,640,5,19211, cabinet,33,5,1.0071595907211304,2.225729465484619,15.561211585998535,0.5236947536468506,3.8441898406498014
step37000,37000,640,6,14290, documented,48,6,1.0763412714004517,2.19600248336792,16.588159561157227,0.5504463315010071,3.8441898406498014
step37000,37000,640,7,6574, miles,404,7,1.0336017608642578,2.2447798252105713,15.71137523651123,0.5562054291367531,3.8441898406498014
step37000,37000,704,0,21825, clones,2,0,1.0253562927246094,2.282357931137085,15.633234977722168,0.5264285281300545,3.8441898406498014
step37000,37000,704,1,46808, trustworthy,3,1,1.0808213949203491,2.2217516899108887,16.669198989868164,0.5315922200679779,3.8441898406498014
step37000,37000,704,2,23778, motive,8,2,1.0324510335922241,2.261091709136963,15.752002716064453,0.5687626898288727,3.8441898406498014
step37000,37000,704,3,42548, generosity,8,3,1.0188798904418945,2.239776611328125,15.703718185424805,0.5418407395482063,3.8441898406498014
step37000,37000,704,4,29254, critique,18,4,1.0061607360839844,2.243288993835449,15.408049583435059,0.5124556496739388,3.8441898406498014
step37000,37000,704,5,19211, cabinet,33,5,1.0351659059524536,2.261906147003174,15.744593620300293,0.5475980490446091,3.8441898406498014
step37000,37000,704,6,14290, documented,48,6,0.9999683499336243,2.2384872436523438,15.51418685913086,0.5415437370538712,3.8441898406498014
step37000,37000,704,7,6574, miles,404,7,1.032834529876709,2.3032236099243164,16.364303588867188,0.5038008242845535,3.8441898406498014
step37000,37000,768,0,21825, clones,2,0,1.0484318733215332,2.33608341217041,16.016834259033203,0.5443061850965023,3.8441898406498014
step37000,37000,768,1,46808, trustworthy,3,1,0.9983866214752197,2.230649471282959,15.496391296386719,0.5429713875055313,3.8441898406498014
step37000,37000,768,2,23778, motive,8,2,1.030089259147644,2.3497185707092285,16.107213973999023,0.5510565526783466,3.8441898406498014
step37000,37000,768,3,42548, generosity,8,3,1.0333319902420044,2.30027174949646,15.798382759094238,0.5392838157713413,3.8441898406498014
step37000,37000,768,4,29254, critique,18,4,1.0046502351760864,2.3878257274627686,15.867886543273926,0.5138678774237633,3.8441898406498014
step37000,37000,768,5,19211, cabinet,33,5,1.04423189163208,2.3294079303741455,16.263172149658203,0.5251070410013199,3.8441898406498014
step37000,37000,768,6,14290, documented,48,6,1.0244100093841553,2.2825160026550293,15.59314250946045,0.534768208861351,3.8441898406498014
step37000,37000,768,7,6574, miles,404,7,0.9846416711807251,2.2232253551483154,15.501502990722656,0.5024289786815643,3.8441898406498014
step37000,37000,832,0,21825, clones,2,0,1.0136823654174805,2.2476277351379395,15.559496879577637,0.5270075052976608,3.8441898406498014
step37000,37000,832,1,46808, trustworthy,3,1,1.0210120677947998,2.2729854583740234,15.553278923034668,0.6819412894546986,3.8441898406498014
step37000,37000,832,2,23778, motive,8,2,0.9824443459510803,2.2271482944488525,15.296669006347656,0.5779048539698124,3.8441898406498014
step37000,37000,832,3,42548, generosity,8,3,1.0139546394348145,2.1258983612060547,15.43893051147461,0.5350183472037315,3.8441898406498014
step37000,37000,832,4,29254, critique,18,4,0.9988079071044922,2.167729616165161,15.439950942993164,0.46541663631796837,3.8441898406498014
step37000,37000,832,5,19211, cabinet,33,5,0.9988952875137329,2.2387285232543945,15.355873107910156,0.5339052453637123,3.8441898406498014
step37000,37000,832,6,14290, documented,48,6,1.0452450513839722,2.2218918800354004,16.104658126831055,0.5109616033732891,3.8441898406498014
step37000,37000,832,7,6574, miles,404,7,1.0068931579589844,2.254016876220703,15.447542190551758,0.5370456874370575,3.8441898406498014
step37000,37000,896,0,21825, clones,2,0,1.0391464233398438,2.305894613265991,16.00770378112793,0.5505379252135754,3.8441898406498014
step37000,37000,896,1,46808, trustworthy,3,1,1.0383193492889404,2.3299646377563477,16.156742095947266,0.512450635433197,3.8441898406498014
step37000,37000,896,2,23778, motive,8,2,1.0413002967834473,2.2734756469726562,15.741328239440918,0.5401685684919357,3.8441898406498014
step37000,37000,896,3,42548, generosity,8,3,1.0400954484939575,2.2840349674224854,15.760153770446777,0.555033341050148,3.8441898406498014
step37000,37000,896,4,29254, critique,18,4,1.0224075317382812,2.243624448776245,15.69039535522461,0.5201438441872597,3.8441898406498014
step37000,37000,896,5,19211, cabinet,33,5,1.0327218770980835,2.3209052085876465,15.894113540649414,0.5310725271701813,3.8441898406498014
step37000,37000,896,6,14290, documented,48,6,1.045944333076477,2.2650012969970703,15.889853477478027,0.547088086605072,3.8441898406498014
step37000,37000,896,7,6574, miles,404,7,1.0118542909622192,2.3604135513305664,16.025339126586914,0.5146608240902424,3.8441898406498014
step37000,37000,960,0,21825, clones,2,0,0.9967107176780701,2.244544506072998,15.64913558959961,0.5141707323491573,3.8441898406498014
step37000,37000,960,1,46808, trustworthy,3,1,1.0212719440460205,2.238443613052368,15.662378311157227,0.47867852821946144,3.8441898406498014
step37000,37000,960,2,23778, motive,8,2,1.0898061990737915,2.2298858165740967,16.717975616455078,0.5077037923038006,3.8441898406498014
step37000,37000,960,3,42548, generosity,8,3,1.0551519393920898,2.177579641342163,16.56416130065918,0.5288736373186111,3.8441898406498014
step37000,37000,960,4,29254, critique,18,4,1.0250943899154663,2.3431544303894043,15.923123359680176,0.5304322279989719,3.8441898406498014
step37000,37000,960,5,19211, cabinet,33,5,1.0448131561279297,2.2451038360595703,15.87077522277832,0.5223903693258762,3.8441898406498014
step37000,37000,960,6,14290, documented,48,6,1.0559735298156738,2.3407185077667236,16.379018783569336,0.5339282266795635,3.8441898406498014
step37000,37000,960,7,6574, miles,404,7,1.0224252939224243,2.2207391262054443,15.717951774597168,0.5366806760430336,3.8441898406498014
step37000,37000,1024,0,21825, clones,2,0,1.0013110637664795,2.254194498062134,15.401753425598145,0.5010759644210339,3.8441898406498014
step37000,37000,1024,1,46808, trustworthy,3,1,1.0388513803482056,2.285677909851074,15.829904556274414,0.5548041090369225,3.8441898406498014
step37000,37000,1024,2,23778, motive,8,2,1.0008082389831543,2.2334585189819336,15.51504898071289,0.5333932377398014,3.8441898406498014
step37000,37000,1024,3,42548, generosity,8,3,1.0024878978729248,2.2362799644470215,15.527677536010742,0.5627763941884041,3.8441898406498014
step37000,37000,1024,4,29254, critique,18,4,0.9706710577011108,2.210440158843994,15.366849899291992,0.4932499788701534,3.8441898406498014
step37000,37000,1024,5,19211, cabinet,33,5,1.0195040702819824,2.2656795978546143,15.621463775634766,0.5487108454108238,3.8441898406498014
step37000,37000,1024,6,14290, documented,48,6,1.0098782777786255,2.288580894470215,15.40494155883789,0.567435409873724,3.8441898406498014
step37000,37000,1024,7,6574, miles,404,7,1.0264577865600586,2.263193130493164,15.680533409118652,0.5799274556338787,3.8441898406498014
step41000,41000,0,0,21825, clones,2,0,14.316996574401855,90.5458984375,292.3954162597656,0.5240977630019188,3.8669490814208984
step41000,41000,0,1,46808, trustworthy,3,1,17.532634735107422,180.94313049316406,348.6103515625,0.4673110544681549,3.8669490814208984
step41000,41000,0,2,23778, motive,8,2,18.5443172454834,125.30229949951172,386.5885314941406,0.5289505235850811,3.8669490814208984
step41000,41000,0,3,42548, generosity,8,3,15.024123191833496,91.61431884765625,314.16973876953125,0.5094986744225025,3.8669490814208984
step41000,41000,0,4,29254, critique,18,4,14.488022804260254,110.37821197509766,310.5251159667969,0.4971267841756344,3.8669490814208984
step41000,41000,0,5,19211, cabinet,33,5,17.804622650146484,135.07615661621094,369.5717468261719,0.5495220944285393,3.8669490814208984
step41000,41000,0,6,14290, documented,48,6,11.010245323181152,120.08483123779297,210.0915985107422,0.5305878557264805,3.8669490814208984
step41000,41000,0,7,6574, miles,404,7,18.80634307861328,213.12030029296875,411.14306640625,0.5286230258643627,3.8669490814208984
step41000,41000,64,0,21825, clones,2,0,0.9968217611312866,1.921016812324524,15.093440055847168,0.5347460433840752,3.8669490814208984
step41000,41000,64,1,46808, trustworthy,3,1,1.0339974164962769,1.8518787622451782,15.214964866638184,0.5446889773011208,3.8669490814208984
step41000,41000,64,2,23778, motive,8,2,1.0446751117706299,4.014535903930664,15.666707992553711,0.5494935363531113,3.8669490814208984
step41000,41000,64,3,42548, generosity,8,3,1.06364905834198,4.479974746704102,15.852804183959961,0.5424426905810833,3.8669490814208984
step41000,41000,64,4,29254, critique,18,4,1.0004349946975708,2.224551200866699,15.239242553710938,0.5507067777216434,3.8669490814208984
step41000,41000,64,5,19211, cabinet,33,5,0.9843763113021851,2.133650541305542,14.9444580078125,0.5443019717931747,3.8669490814208984
step41000,41000,64,6,14290, documented,48,6,0.9894229769706726,1.8595799207687378,15.0399169921875,0.545920230448246,3.8669490814208984
step41000,41000,64,7,6574, miles,404,7,0.9995625019073486,1.9832714796066284,15.171833038330078,0.5345095880329609,3.8669490814208984
step41000,41000,128,0,21825, clones,2,0,1.0269100666046143,1.868360996246338,15.259246826171875,0.5621358379721642,3.8669490814208984
step41000,41000,128,1,46808, trustworthy,3,1,1.0036487579345703,1.91817307472229,15.011655807495117,0.5599006600677967,3.8669490814208984
step41000,41000,128,2,23778, motive,8,2,1.0228930711746216,1.9267879724502563,15.393966674804688,0.5457017198204994,3.8669490814208984
step41000,41000,128,3,42548, generosity,8,3,1.068280816078186,2.5325376987457275,15.854679107666016,0.5356999598443508,3.8669490814208984
step41000,41000,128,4,29254, critique,18,4,1.0560939311981201,2.238457679748535,15.74228572845459,0.5306118167936802,3.8669490814208984
step41000,41000,128,5,19211, cabinet,33,5,0.9794316291809082,2.0920796394348145,14.821484565734863,0.5500854775309563,3.8669490814208984
step41000,41000,128,6,14290, documented,48,6,1.0163252353668213,1.8609511852264404,15.162495613098145,0.5310518071055412,3.8669490814208984
step41000,41000,128,7,6574, miles,404,7,1.0641616582870483,4.315201282501221,15.903430938720703,0.534178651869297,3.8669490814208984
step41000,41000,192,0,21825, clones,2,0,0.9982094168663025,1.9580539464950562,15.112759590148926,0.5317125916481018,3.8669490814208984
step41000,41000,192,1,46808, trustworthy,3,1,1.0604759454727173,2.215461492538452,15.463483810424805,0.5449330471456051,3.8669490814208984
step41000,41000,192,2,23778, motive,8,2,1.0245074033737183,1.8487149477005005,15.106281280517578,0.5494805835187435,3.8669490814208984
step41000,41000,192,3,42548, generosity,8,3,1.0136123895645142,1.8713747262954712,15.224977493286133,0.5099596306681633,3.8669490814208984
step41000,41000,192,4,29254, critique,18,4,0.9933637380599976,2.1689980030059814,15.213005065917969,0.5164097510278225,3.8669490814208984
step41000,41000,192,5,19211, cabinet,33,5,0.997917890548706,1.9615474939346313,15.126291275024414,0.5378440506756306,3.8669490814208984
step41000,41000,192,6,14290, documented,48,6,1.0003670454025269,2.0004754066467285,15.226675033569336,0.5360650755465031,3.8669490814208984
step41000,41000,192,7,6574, miles,404,7,1.1739422082901,4.919734477996826,16.186277389526367,0.5392572730779648,3.8669490814208984
step41000,41000,256,0,21825, clones,2,0,1.0694166421890259,2.238184690475464,15.370745658874512,0.5030774362385273,3.8669490814208984
step41000,41000,256,1,46808, trustworthy,3,1,0.9886640906333923,2.1726291179656982,14.836590766906738,0.5248100832104683,3.8669490814208984
step41000,41000,256,2,23778, motive,8,2,1.0213881731033325,2.050245523452759,15.354927062988281,0.5470527708530426,3.8669490814208984
step41000,41000,256,3,42548, generosity,8,3,1.0028882026672363,1.9607503414154053,15.14022445678711,0.5242274403572083,3.8669490814208984
step41000,41000,256,4,29254, critique,18,4,0.9831268787384033,2.2070603370666504,15.168600082397461,0.5367521196603775,3.8669490814208984
step41000,41000,256,5,19211, cabinet,33,5,1.0780940055847168,4.402805805206299,16.091976165771484,0.5009540766477585,3.8669490814208984
step41000,41000,256,6,14290, documented,48,6,1.0646824836730957,2.24418568611145,15.299878120422363,0.5094375014305115,3.8669490814208984
step41000,41000,256,7,6574, miles,404,7,0.9975676536560059,1.8758950233459473,15.197677612304688,0.5241891443729401,3.8669490814208984
step41000,41000,320,0,21825, clones,2,0,0.9787209630012512,2.132577657699585,14.774323463439941,0.49845079705119133,3.8669490814208984
step41000,41000,320,1,46808, trustworthy,3,1,0.9794578552246094,2.0975544452667236,14.821320533752441,0.5058528780937195,3.8669490814208984
step41000,41000,320,2,23778, motive,8,2,1.0316572189331055,2.2442879676818848,15.169506072998047,0.5337883457541466,3.8669490814208984
step41000,41000,320,3,42548, generosity,8,3,1.0709692239761353,2.2344350814819336,15.377007484436035,0.5409177020192146,3.8669490814208984
step41000,41000,320,4,29254, critique,18,4,1.012999176979065,2.2080225944519043,15.32302188873291,0.6690681576728821,3.8669490814208984
step41000,41000,320,5,19211, cabinet,33,5,1.0191668272018433,2.0311949253082275,15.450098037719727,0.5206058323383331,3.8669490814208984
step41000,41000,320,6,14290, documented,48,6,0.9675998091697693,2.101278305053711,14.76172161102295,0.5418911129236221,3.8669490814208984
step41000,41000,320,7,6574, miles,404,7,1.02628493309021,1.915725588798523,15.056629180908203,0.5429826639592648,3.8669490814208984
step41000,41000,384,0,21825, clones,2,0,0.9780387282371521,2.083153247833252,14.853619575500488,0.5486587360501289,3.8669490814208984
step41000,41000,384,1,46808, trustworthy,3,1,0.9993525743484497,1.9666271209716797,15.142618179321289,0.47428563982248306,3.8669490814208984
step41000,41000,384,2,23778, motive,8,2,0.9709713459014893,2.0519957542419434,14.760002136230469,0.5650766976177692,3.8669490814208984
step41000,41000,384,3,42548, generosity,8,3,0.9787304997444153,2.1364223957061768,14.781747817993164,0.5589548237621784,3.8669490814208984
step41000,41000,384,4,29254, critique,18,4,1.0247976779937744,2.182177782058716,15.418344497680664,0.5449512638151646,3.8669490814208984
step41000,41000,384,5,19211, cabinet,33,5,0.9975349307060242,1.8692799806594849,15.18493366241455,0.514012549072504,3.8669490814208984
step41000,41000,384,6,14290, documented,48,6,0.9925835132598877,2.0606894493103027,14.882444381713867,0.5535826534032822,3.8669490814208984
step41000,41000,384,7,6574, miles,404,7,1.065050482749939,2.2119321823120117,15.46182632446289,0.5627286843955517,3.8669490814208984
step41000,41000,448,0,21825, clones,2,0,1.0181050300598145,1.973774790763855,15.270310401916504,0.550019308924675,3.8669490814208984
step41000,41000,448,1,46808, trustworthy,3,1,1.0798768997192383,4.412595748901367,16.106359481811523,0.5383477620780468,3.8669490814208984
step41000,41000,448,2,23778, motive,8,2,0.9982657432556152,2.0191617012023926,14.930850982666016,0.5279291272163391,3.8669490814208984
step41000,41000,448,3,42548, generosity,8,3,0.9738736152648926,2.085057020187378,14.851066589355469,0.5517236217856407,3.8669490814208984
step41000,41000,448,4,29254, critique,18,4,0.9846457839012146,2.159902334213257,15.172029495239258,0.636753112077713,3.8669490814208984
step41000,41000,448,5,19211, cabinet,33,5,1.018986701965332,1.939942479133606,15.096004486083984,0.5966752804815769,3.8669490814208984
step41000,41000,448,6,14290, documented,48,6,1.0328357219696045,1.9810408353805542,15.365964889526367,0.5515661798417568,3.8669490814208984
step41000,41000,448,7,6574, miles,404,7,0.9885411858558655,2.1729896068573,14.839406967163086,0.5466098263859749,3.8669490814208984
step41000,41000,512,0,21825, clones,2,0,1.1131870746612549,4.4550580978393555,16.091432571411133,0.5764086283743382,3.8669490814208984
step41000,41000,512,1,46808, trustworthy,3,1,1.0336151123046875,2.1359496116638184,15.533854484558105,0.5383513905107975,3.8669490814208984
step41000,41000,512,2,23778, motive,8,2,1.0537152290344238,1.9994059801101685,15.518314361572266,0.5300656333565712,3.8669490814208984
step41000,41000,512,3,42548, generosity,8,3,1.016721248626709,1.973156213760376,15.26155948638916,0.5559213906526566,3.8669490814208984
step41000,41000,512,4,29254, critique,18,4,0.9864057898521423,2.2045016288757324,15.176667213439941,0.6933698654174805,3.8669490814208984
step41000,41000,512,5,19211, cabinet,33,5,1.0701615810394287,2.225027084350586,15.426863670349121,0.5711959339678288,3.8669490814208984
step41000,41000,512,6,14290, documented,48,6,1.1385276317596436,4.4623894691467285,16.087766647338867,0.548723042011261,3.8669490814208984
step41000,41000,512,7,6574, miles,404,7,0.9794812798500061,2.0972959995269775,14.820999145507812,0.5373906120657921,3.8669490814208984
step41000,41000,576,0,21825, clones,2,0,1.0051710605621338,1.9404406547546387,15.242009162902832,0.5450239405035973,3.8669490814208984
step41000,41000,576,1,46808, trustworthy,3,1,0.9937179088592529,1.8713024854660034,15.191725730895996,0.49233243241906166,3.8669490814208984
step41000,41000,576,2,23778, motive,8,2,1.1707279682159424,4.446013927459717,16.048391342163086,0.519703920930624,3.8669490814208984
step41000,41000,576,3,42548, generosity,8,3,1.1106714010238647,4.452796936035156,16.0918025970459,0.5038536749780178,3.8669490814208984
step41000,41000,576,4,29254, critique,18,4,1.0151997804641724,2.2093069553375244,15.341341018676758,0.5427789613604546,3.8669490814208984
step41000,41000,576,5,19211, cabinet,33,5,0.98467618227005,2.157322406768799,14.808652877807617,0.5438964031636715,3.8669490814208984
step41000,41000,576,6,14290, documented,48,6,1.0049107074737549,1.9197802543640137,15.173990249633789,0.5524824410676956,3.8669490814208984
step41000,41000,576,7,6574, miles,404,7,0.9991335272789001,1.966519832611084,15.140583038330078,0.5642756707966328,3.8669490814208984
step41000,41000,640,0,21825, clones,2,0,1.0115028619766235,1.8603874444961548,15.13982105255127,0.5771082974970341,3.8669490814208984
step41000,41000,640,1,46808, trustworthy,3,1,1.0217124223709106,1.931383728981018,15.081149101257324,0.4770561121404171,3.8669490814208984
step41000,41000,640,2,23778, motive,8,2,0.9915913939476013,1.9085743427276611,15.152387619018555,0.5666529126465321,3.8669490814208984
step41000,41000,640,3,42548, generosity,8,3,1.0050362348556519,1.9435663223266602,15.251646041870117,0.5433806590735912,3.8669490814208984
step41000,41000,640,4,29254, critique,18,4,1.0235118865966797,2.17924427986145,15.402856826782227,0.5596042759716511,3.8669490814208984
step41000,41000,640,5,19211, cabinet,33,5,0.9763780832290649,2.0954859256744385,14.832843780517578,0.5255724638700485,3.8669490814208984
step41000,41000,640,6,14290, documented,48,6,1.0092686414718628,1.85392427444458,15.094942092895508,0.559611652046442,3.8669490814208984
step41000,41000,640,7,6574, miles,404,7,1.0813004970550537,4.4124603271484375,16.107236862182617,0.49303070455789566,3.8669490814208984
step41000,41000,704,0,21825, clones,2,0,1.0031111240386963,1.984107494354248,15.187335014343262,0.5281277149915695,3.8669490814208984
step41000,41000,704,1,46808, trustworthy,3,1,1.0687965154647827,2.2210445404052734,15.43992805480957,0.48469334840774536,3.8669490814208984
step41000,41000,704,2,23778, motive,8,2,1.037672519683838,1.8444786071777344,15.021944999694824,0.5357870422303677,3.8669490814208984
step41000,41000,704,3,42548, generosity,8,3,1.0111379623413086,1.860999584197998,15.143848419189453,0.5509508773684502,3.8669490814208984
step41000,41000,704,4,29254, critique,18,4,0.982573390007019,2.1632473468780518,15.158198356628418,0.5561362020671368,3.8669490814208984
step41000,41000,704,5,19211, cabinet,33,5,1.0062201023101807,1.9689993858337402,15.194397926330566,0.52623276039958,3.8669490814208984
step41000,41000,704,6,14290, documented,48,6,1.0105617046356201,2.0159952640533447,15.266430854797363,0.5316674076020718,3.8669490814208984
step41000,41000,704,7,6574, miles,404,7,1.0347213745117188,2.150822162628174,15.540831565856934,0.5492047667503357,3.8669490814208984
step41000,41000,768,0,21825, clones,2,0,1.069239854812622,2.2405128479003906,15.34156608581543,0.5701527930796146,3.8669490814208984
step41000,41000,768,1,46808, trustworthy,3,1,0.986137866973877,2.163037061691284,14.818765640258789,0.5113712213933468,3.8669490814208984
step41000,41000,768,2,23778, motive,8,2,1.0238027572631836,2.0669002532958984,15.390856742858887,0.5442025773227215,3.8669490814208984
step41000,41000,768,3,42548, generosity,8,3,1.0042362213134766,1.981070637702942,15.180289268493652,0.5489307306706905,3.8669490814208984
step41000,41000,768,4,29254, critique,18,4,0.9896512627601624,2.2034494876861572,15.184378623962402,0.5416377261281013,3.8669490814208984
step41000,41000,768,5,19211, cabinet,33,5,1.0915852785110474,4.428869247436523,16.093994140625,0.5497353598475456,3.8669490814208984
step41000,41000,768,6,14290, documented,48,6,1.059281349182129,2.245986223220825,15.265484809875488,0.544029600918293,3.8669490814208984
step41000,41000,768,7,6574, miles,404,7,0.9940376281738281,1.8714860677719116,15.192292213439941,0.49833888933062553,3.8669490814208984
step41000,41000,832,0,21825, clones,2,0,0.9756405353546143,2.1204357147216797,14.770468711853027,0.5790583454072475,3.8669490814208984
step41000,41000,832,1,46808, trustworthy,3,1,0.9783022403717041,2.0970916748046875,14.828157424926758,0.5058810152113438,3.8669490814208984
step41000,41000,832,2,23778, motive,8,2,1.0120211839675903,2.2435052394866943,15.137188911437988,0.6155935563147068,3.8669490814208984
step41000,41000,832,3,42548, generosity,8,3,1.0697427988052368,2.2398531436920166,15.348163604736328,0.49290401861071587,3.8669490814208984
step41000,41000,832,4,29254, critique,18,4,1.0170115232467651,2.2107510566711426,15.35892391204834,0.5418720506131649,3.8669490814208984
step41000,41000,832,5,19211, cabinet,33,5,1.0045884847640991,1.9815685749053955,15.35881233215332,0.5464864373207092,3.8669490814208984
step41000,41000,832,6,14290, documented,48,6,0.9672166705131531,2.0859477519989014,14.758570671081543,0.5651001743972301,3.8669490814208984
step41000,41000,832,7,6574, miles,404,7,1.0219519138336182,1.9305016994476318,15.0797119140625,0.5208910256624222,3.8669490814208984
step41000,41000,896,0,21825, clones,2,0,0.9867734313011169,2.0742950439453125,14.865801811218262,0.4819796234369278,3.8669490814208984
step41000,41000,896,1,46808, trustworthy,3,1,1.0032391548156738,1.9679343700408936,15.173624038696289,0.5169001072645187,3.8669490814208984
step41000,41000,896,2,23778, motive,8,2,0.9693841934204102,2.0449118614196777,14.763640403747559,0.5223434902727604,3.8669490814208984
step41000,41000,896,3,42548, generosity,8,3,0.9764161705970764,2.1235251426696777,14.772356986999512,0.5303595662117004,3.8669490814208984
step41000,41000,896,4,29254, critique,18,4,1.021977424621582,2.176518201828003,15.387775421142578,0.573467243462801,3.8669490814208984
step41000,41000,896,5,19211, cabinet,33,5,1.0041862726211548,1.8663052320480347,15.172378540039062,0.5667547918856144,3.8669490814208984
step41000,41000,896,6,14290, documented,48,6,0.9952438473701477,2.0496459007263184,14.895740509033203,0.5098612159490585,3.8669490814208984
step41000,41000,896,7,6574, miles,404,7,1.068635106086731,2.220639228820801,15.441171646118164,0.5308566391468048,3.8669490814208984
step41000,41000,960,0,21825, clones,2,0,1.024852991104126,1.976921558380127,15.31353759765625,0.5678000934422016,3.8669490814208984
step41000,41000,960,1,46808, trustworthy,3,1,1.0854740142822266,4.420877933502197,16.096908569335938,0.559605848044157,3.8669490814208984
step41000,41000,960,2,23778, motive,8,2,0.9983643293380737,2.008786201477051,14.943470001220703,0.576232835650444,3.8669490814208984
step41000,41000,960,3,42548, generosity,8,3,0.985305666923523,2.076449155807495,14.863030433654785,0.5877246521413326,3.8669490814208984
step41000,41000,960,4,29254, critique,18,4,0.9806245565414429,2.167217493057251,15.146379470825195,0.5726112686097622,3.8669490814208984
step41000,41000,960,5,19211, cabinet,33,5,1.0114576816558838,1.9543190002441406,15.12349796295166,0.5888667702674866,3.8669490814208984
step41000,41000,960,6,14290, documented,48,6,1.0388779640197754,1.9847687482833862,15.407299995422363,0.49937325716018677,3.8669490814208984
step41000,41000,960,7,6574, miles,404,7,0.9862751364707947,2.1636030673980713,14.819795608520508,0.5264125987887383,3.8669490814208984
step41000,41000,1024,0,21825, clones,2,0,1.1251857280731201,4.462395668029785,16.090917587280273,0.5421571470797062,3.8669490814208984
step41000,41000,1024,1,46808, trustworthy,3,1,1.0126962661743164,2.0064964294433594,15.412869453430176,0.5691717229783535,3.8669490814208984
step41000,41000,1024,2,23778, motive,8,2,1.0593382120132446,2.013540506362915,15.565764427185059,0.5528189539909363,3.8669490814208984
step41000,41000,1024,3,42548, generosity,8,3,1.0233620405197144,1.976196527481079,15.303901672363281,0.5509301833808422,3.8669490814208984
step41000,41000,1024,4,29254, critique,18,4,0.9927372336387634,2.2022411823272705,15.19171142578125,0.5220690481364727,3.8669490814208984
step41000,41000,1024,5,19211, cabinet,33,5,1.0713474750518799,2.231436014175415,15.400984764099121,0.5588009133934975,3.8669490814208984
step41000,41000,1024,6,14290, documented,48,6,1.1487928628921509,4.4565205574035645,16.079397201538086,0.540493406355381,3.8669490814208984
step41000,41000,1024,7,6574, miles,404,7,0.9784327745437622,2.0971434116363525,14.827733993530273,0.5194280482828617,3.8669490814208984
step53000,53000,0,0,21825, clones,2,0,17.270130157470703,138.80650329589844,354.555908203125,0.5157411880791187,3.863184270404634
step53000,53000,0,1,46808, trustworthy,3,1,18.249269485473633,175.2810516357422,387.73419189453125,0.528794951736927,3.863184270404634
step53000,53000,0,2,23778, motive,8,2,18.282188415527344,163.39382934570312,406.0830078125,0.5424174331128597,3.863184270404634
step53000,53000,0,3,42548, generosity,8,3,15.06744384765625,143.6816864013672,319.4752502441406,0.5254639536142349,3.863184270404634
step53000,53000,0,4,29254, critique,18,4,16.017126083374023,136.5174560546875,338.4309387207031,0.5462192185223103,3.863184270404634
step53000,53000,0,5,19211, cabinet,33,5,17.94116973876953,146.67025756835938,381.1256103515625,0.5269044488668442,3.863184270404634
step53000,53000,0,6,14290, documented,48,6,15.60433292388916,179.8096923828125,344.1672668457031,0.5028787329792976,3.863184270404634
step53000,53000,0,7,6574, miles,404,7,18.990694046020508,274.6219787597656,470.5690002441406,0.5525858886539936,3.863184270404634
step53000,53000,64,0,21825, clones,2,0,0.9986936450004578,6.18058443069458,15.306821823120117,0.5682824067771435,3.863184270404634
step53000,53000,64,1,46808, trustworthy,3,1,1.1117585897445679,5.390356540679932,15.490906715393066,0.5340058021247387,3.863184270404634
step53000,53000,64,2,23778, motive,8,2,1.096854567527771,5.15880823135376,15.836785316467285,0.5415575541555882,3.863184270404634
step53000,53000,64,3,42548, generosity,8,3,1.0950387716293335,6.351708889007568,16.153865814208984,0.5639778934419155,3.863184270404634
step53000,53000,64,4,29254, critique,18,4,1.0107781887054443,1.937376856803894,14.146858215332031,0.5399217121303082,3.863184270404634
step53000,53000,64,5,19211, cabinet,33,5,1.0932127237319946,6.089561939239502,16.114463806152344,0.5741899311542511,3.863184270404634
step53000,53000,64,6,14290, documented,48,6,1.0728964805603027,6.562992095947266,15.93588638305664,0.5506470054388046,3.863184270404634
step53000,53000,64,7,6574, miles,404,7,0.975302517414093,2.29986310005188,14.560039520263672,0.5349809490144253,3.863184270404634
step53000,53000,128,0,21825, clones,2,0,1.1109732389450073,4.517126560211182,15.229055404663086,0.5471497103571892,3.863184270404634
step53000,53000,128,1,46808, trustworthy,3,1,1.1260076761245728,5.474272727966309,15.574363708496094,0.5033006556332111,3.863184270404634
step53000,53000,128,2,23778, motive,8,2,0.9882596731185913,5.245885848999023,14.999445915222168,0.5479241721332073,3.863184270404634
step53000,53000,128,3,42548, generosity,8,3,1.1234232187271118,5.1646294593811035,15.41667652130127,0.5365525707602501,3.863184270404634
step53000,53000,128,4,29254, critique,18,4,0.9698371291160583,5.3187575340271,15.079804420471191,0.5691530518233776,3.863184270404634
step53000,53000,128,5,19211, cabinet,33,5,1.1131646633148193,4.81381368637085,15.15918254852295,0.5265355706214905,3.863184270404634
step53000,53000,128,6,14290, documented,48,6,1.1159073114395142,4.302308082580566,15.233968734741211,0.5556050091981888,3.863184270404634
step53000,53000,128,7,6574, miles,404,7,1.0025745630264282,1.8439759016036987,14.154892921447754,0.4957844279706478,3.863184270404634
step53000,53000,192,0,21825, clones,2,0,1.0438706874847412,5.325838565826416,15.496865272521973,0.5392401553690434,3.863184270404634
step53000,53000,192,1,46808, trustworthy,3,1,1.0183004140853882,1.9815740585327148,14.288318634033203,0.5486993193626404,3.863184270404634
step53000,53000,192,2,23778, motive,8,2,1.1265543699264526,4.886378288269043,15.444475173950195,0.5607955306768417,3.863184270404634
step53000,53000,192,3,42548, generosity,8,3,1.0207226276397705,5.45039176940918,15.729792594909668,0.5483004301786423,3.863184270404634
step53000,53000,192,4,29254, critique,18,4,1.0729464292526245,4.11863374710083,15.533707618713379,0.5403579361736774,3.863184270404634
step53000,53000,192,5,19211, cabinet,33,5,1.0875903367996216,5.139148712158203,15.381932258605957,0.5438086315989494,3.863184270404634
step53000,53000,192,6,14290, documented,48,6,1.0482282638549805,5.162759304046631,15.577972412109375,0.554112508893013,3.863184270404634
step53000,53000,192,7,6574, miles,404,7,0.9277679920196533,2.1142964363098145,14.128463745117188,0.5292327478528023,3.863184270404634
step53000,53000,256,0,21825, clones,2,0,0.9766531586647034,2.333264112472534,14.590941429138184,0.5544806532561779,3.863184270404634
step53000,53000,256,1,46808, trustworthy,3,1,0.9636250138282776,1.8095104694366455,14.24170970916748,0.4978601038455963,3.863184270404634
step53000,53000,256,2,23778, motive,8,2,1.0015027523040771,2.9285950660705566,14.893256187438965,0.5632811933755875,3.863184270404634
step53000,53000,256,3,42548, generosity,8,3,0.9750903248786926,2.462419271469116,14.849771499633789,0.5813147947192192,3.863184270404634
step53000,53000,256,4,29254, critique,18,4,1.0325446128845215,5.045232772827148,15.073708534240723,0.5457366108894348,3.863184270404634
step53000,53000,256,5,19211, cabinet,33,5,0.9735942482948303,2.441190004348755,14.748577117919922,0.5486239232122898,3.863184270404634
step53000,53000,256,6,14290, documented,48,6,0.9695115089416504,2.4482967853546143,14.821884155273438,0.5446422137320042,3.863184270404634
step53000,53000,256,7,6574, miles,404,7,1.094614863395691,4.110530853271484,15.599946975708008,0.5290818102657795,3.863184270404634
step53000,53000,320,0,21825, clones,2,0,1.0146684646606445,1.877194881439209,14.248425483703613,0.5403394624590874,3.863184270404634
step53000,53000,320,1,46808, trustworthy,3,1,1.059980869293213,3.8447539806365967,14.696019172668457,0.5167417973279953,3.863184270404634
step53000,53000,320,2,23778, motive,8,2,0.9778540134429932,2.343400716781616,14.595396995544434,0.4787197932600975,3.863184270404634
step53000,53000,320,3,42548, generosity,8,3,0.9733626842498779,2.2510180473327637,14.447704315185547,0.559433676302433,3.863184270404634
step53000,53000,320,4,29254, critique,18,4,1.1166584491729736,4.969350814819336,15.407549858093262,0.5123607814311981,3.863184270404634
step53000,53000,320,5,19211, cabinet,33,5,1.0032047033309937,2.108001470565796,14.410380363464355,0.5248669385910034,3.863184270404634
step53000,53000,320,6,14290, documented,48,6,0.9927579760551453,2.0901567935943604,14.354284286499023,0.5492753349244595,3.863184270404634
step53000,53000,320,7,6574, miles,404,7,1.0576452016830444,4.637301445007324,15.05323314666748,0.5712532326579094,3.863184270404634
step53000,53000,384,0,21825, clones,2,0,0.9108394980430603,1.6940722465515137,13.894131660461426,0.5628318600356579,3.863184270404634
step53000,53000,384,1,46808, trustworthy,3,1,1.050405740737915,5.4462738037109375,15.562115669250488,0.5473661534488201,3.863184270404634
step53000,53000,384,2,23778, motive,8,2,1.007431983947754,1.9917712211608887,14.262330055236816,0.4998270645737648,3.863184270404634
step53000,53000,384,3,42548, generosity,8,3,1.0305064916610718,1.8436886072158813,14.244872093200684,0.6179657094180584,3.863184270404634
step53000,53000,384,4,29254, critique,18,4,0.9931754469871521,2.54258131980896,14.924423217773438,0.5916696228086948,3.863184270404634
step53000,53000,384,5,19211, cabinet,33,5,0.9752508401870728,1.791811466217041,13.978226661682129,0.4800948426127434,3.863184270404634
step53000,53000,384,6,14290, documented,48,6,0.9466402530670166,1.7614315748214722,14.088998794555664,0.5512463711202145,3.863184270404634
step53000,53000,384,7,6574, miles,404,7,1.1172329187393188,4.938842296600342,15.399038314819336,0.551823366433382,3.863184270404634
step53000,53000,448,0,21825, clones,2,0,1.1161844730377197,4.069915294647217,15.319340705871582,0.536443505436182,3.863184270404634
step53000,53000,448,1,46808, trustworthy,3,1,1.127902865409851,4.668460369110107,15.293174743652344,0.5673172920942307,3.863184270404634
step53000,53000,448,2,23778, motive,8,2,0.9758288860321045,1.8370587825775146,14.305869102478027,0.5632491409778595,3.863184270404634
step53000,53000,448,3,42548, generosity,8,3,0.908199667930603,1.7424678802490234,13.819644927978516,0.5401325859129429,3.863184270404634
step53000,53000,448,4,29254, critique,18,4,0.9736282229423523,2.203902244567871,14.432975769042969,0.5376001261174679,3.863184270404634
step53000,53000,448,5,19211, cabinet,33,5,0.9997883439064026,4.570844650268555,14.786636352539062,0.5347706228494644,3.863184270404634
step53000,53000,448,6,14290, documented,48,6,0.962200939655304,4.168790817260742,14.307113647460938,0.5346957519650459,3.863184270404634
step53000,53000,448,7,6574, miles,404,7,0.9938262701034546,2.5468392372131348,14.92805290222168,0.56277996301651,3.863184270404634
step53000,53000,512,0,21825, clones,2,0,1.0507968664169312,4.932779312133789,15.223437309265137,0.4975125305354595,3.863184270404634
step53000,53000,512,1,46808, trustworthy,3,1,1.0516523122787476,5.300080299377441,15.488534927368164,0.5481609478592873,3.863184270404634
step53000,53000,512,2,23778, motive,8,2,0.9894788265228271,4.1197662353515625,14.73531723022461,0.5453622825443745,3.863184270404634
step53000,53000,512,3,42548, generosity,8,3,1.1089125871658325,4.869961738586426,15.98889446258545,0.5555390678346157,3.863184270404634
step53000,53000,512,4,29254, critique,18,4,0.9901771545410156,1.7961076498031616,14.090882301330566,0.5466443933546543,3.863184270404634
step53000,53000,512,5,19211, cabinet,33,5,1.0810017585754395,4.509086608886719,15.769075393676758,0.567147746682167,3.863184270404634
step53000,53000,512,6,14290, documented,48,6,1.0638419389724731,5.221670627593994,15.82143783569336,0.5509581491351128,3.863184270404634
step53000,53000,512,7,6574, miles,404,7,0.9737534523010254,2.211848735809326,14.438444137573242,0.4972607046365738,3.863184270404634
step53000,53000,576,0,21825, clones,2,0,1.1256500482559204,4.815197944641113,15.346420288085938,0.5969381406903267,3.863184270404634
step53000,53000,576,1,46808, trustworthy,3,1,0.9764534831047058,2.341719627380371,14.608420372009277,0.5875921547412872,3.863184270404634
step53000,53000,576,2,23778, motive,8,2,1.0432093143463135,5.878567695617676,15.621411323547363,0.5399433523416519,3.863184270404634
step53000,53000,576,3,42548, generosity,8,3,1.0686368942260742,4.655111789703369,15.124981880187988,0.5698353424668312,3.863184270404634
step53000,53000,576,4,29254, critique,18,4,0.9786658883094788,4.841298580169678,14.722325325012207,0.582320187240839,3.863184270404634
step53000,53000,576,5,19211, cabinet,33,5,1.0675290822982788,4.485158920288086,15.043670654296875,0.6096838153898716,3.863184270404634
step53000,53000,576,6,14290, documented,48,6,1.0911214351654053,4.421857833862305,15.147930145263672,0.5329473428428173,3.863184270404634
step53000,53000,576,7,6574, miles,404,7,0.9922118186950684,1.7992162704467773,14.097851753234863,0.5329181179404259,3.863184270404634
step53000,53000,640,0,21825, clones,2,0,0.9903556108474731,3.3525655269622803,15.024221420288086,0.5576723963022232,3.863184270404634
step53000,53000,640,1,46808, trustworthy,3,1,1.0140721797943115,1.896128535270691,14.266263008117676,0.48539888113737106,3.863184270404634
step53000,53000,640,2,23778, motive,8,2,1.1284388303756714,4.690056324005127,15.294289588928223,0.49928269162774086,3.863184270404634
step53000,53000,640,3,42548, generosity,8,3,1.1137018203735352,4.8936567306518555,15.373128890991211,0.5173859633505344,3.863184270404634
step53000,53000,640,4,29254, critique,18,4,1.084998607635498,4.2819504737854,15.719572067260742,0.5446986220777035,3.863184270404634
step53000,53000,640,5,19211, cabinet,33,5,1.0980333089828491,4.889069080352783,15.38370132446289,0.5408370606601238,3.863184270404634
step53000,53000,640,6,14290, documented,48,6,1.0831700563430786,5.0988898277282715,15.446575164794922,0.523387435823679,3.863184270404634
step53000,53000,640,7,6574, miles,404,7,0.9590975046157837,2.7016749382019043,14.176294326782227,0.5415841192007065,3.863184270404634
step53000,53000,704,0,21825, clones,2,0,0.9763553142547607,2.2879369258880615,14.514233589172363,0.5195227973163128,3.863184270404634
step53000,53000,704,1,46808, trustworthy,3,1,0.9123974442481995,1.696857213973999,13.921035766601562,0.527452640235424,3.863184270404634
step53000,53000,704,2,23778, motive,8,2,1.0583734512329102,5.281433582305908,15.479959487915039,0.5524086654186249,3.863184270404634
step53000,53000,704,3,42548, generosity,8,3,0.9937637448310852,2.623480796813965,14.935853004455566,0.5888295657932758,3.863184270404634
step53000,53000,704,4,29254, critique,18,4,1.0701141357421875,4.4299635887146,15.018481254577637,0.4875284843146801,3.863184270404634
step53000,53000,704,5,19211, cabinet,33,5,0.9755668640136719,2.462498664855957,14.843669891357422,0.5247476175427437,3.863184270404634
step53000,53000,704,6,14290, documented,48,6,0.9720589518547058,2.414621591567993,14.75894832611084,0.5771104618906975,3.863184270404634
step53000,53000,704,7,6574, miles,404,7,1.0831935405731201,4.254180908203125,15.711932182312012,0.5579410940408707,3.863184270404634
step53000,53000,768,0,21825, clones,2,0,1.0086766481399536,1.8397736549377441,14.182878494262695,0.5736824981868267,3.863184270404634
step53000,53000,768,1,46808, trustworthy,3,1,1.12005615234375,3.9827184677124023,15.13801097869873,0.5250902213156223,3.863184270404634
step53000,53000,768,2,23778, motive,8,2,0.9752211570739746,2.3514792919158936,14.628684997558594,0.5611812248826027,3.863184270404634
step53000,53000,768,3,42548, generosity,8,3,0.9743801355361938,2.239731788635254,14.460453987121582,0.5366959609091282,3.863184270404634
step53000,53000,768,4,29254, critique,18,4,1.1073074340820312,4.817441463470459,15.378290176391602,0.5364704243838787,3.863184270404634
step53000,53000,768,5,19211, cabinet,33,5,0.9952907562255859,2.0559680461883545,14.365290641784668,0.528394278138876,3.863184270404634
step53000,53000,768,6,14290, documented,48,6,1.0089824199676514,1.983499526977539,14.334941864013672,0.5462876744568348,3.863184270404634
step53000,53000,768,7,6574, miles,404,7,1.0692713260650635,4.4396653175354,15.017173767089844,0.5351259186863899,3.863184270404634
step53000,53000,832,0,21825, clones,2,0,0.919502854347229,1.719646692276001,13.826752662658691,0.5575195625424385,3.863184270404634
step53000,53000,832,1,46808, trustworthy,3,1,1.0466772317886353,5.132205009460449,15.319153785705566,0.5621684417128563,3.863184270404634
step53000,53000,832,2,23778, motive,8,2,1.0147467851638794,1.9015393257141113,14.275693893432617,0.5352462716400623,3.863184270404634
step53000,53000,832,3,42548, generosity,8,3,0.9985828399658203,1.811002254486084,14.12267780303955,0.5484161674976349,3.863184270404634
step53000,53000,832,4,29254, critique,18,4,0.985312283039093,2.5001070499420166,14.894461631774902,0.537562895566225,3.863184270404634
step53000,53000,832,5,19211, cabinet,33,5,0.9498209953308105,1.740325927734375,13.985612869262695,0.5627136155962944,3.863184270404634
step53000,53000,832,6,14290, documented,48,6,0.9395416378974915,1.7161628007888794,13.9507417678833,0.5677690468728542,3.863184270404634
step53000,53000,832,7,6574, miles,404,7,1.1072629690170288,4.831514358520508,15.381728172302246,0.5492302887141705,3.863184270404634
step53000,53000,896,0,21825, clones,2,0,1.121551275253296,4.102074146270752,15.55923080444336,0.5679317265748978,3.863184270404634
step53000,53000,896,1,46808, trustworthy,3,1,1.1289114952087402,4.785778999328613,15.339205741882324,0.5447295606136322,3.863184270404634
step53000,53000,896,2,23778, motive,8,2,0.9114404320716858,1.695731282234192,13.919177055358887,0.5601359456777573,3.863184270404634
step53000,53000,896,3,42548, generosity,8,3,0.9401955008506775,2.3219187259674072,14.054129600524902,0.5418186187744141,3.863184270404634
step53000,53000,896,4,29254, critique,18,4,0.9730079770088196,2.1287424564361572,14.393071174621582,0.48314549028873444,3.863184270404634
step53000,53000,896,5,19211, cabinet,33,5,0.9634954333305359,4.1534833908081055,14.312697410583496,0.5307511128485203,3.863184270404634
step53000,53000,896,6,14290, documented,48,6,1.016653299331665,3.894763946533203,14.487374305725098,0.5426357835531235,3.863184270404634
step53000,53000,896,7,6574, miles,404,7,0.9860334396362305,2.5035619735717773,14.89796257019043,0.5420535802841187,3.863184270404634
step53000,53000,960,0,21825, clones,2,0,1.0574527978897095,4.661856651306152,15.074200630187988,0.5542649291455746,3.863184270404634
step53000,53000,960,1,46808, trustworthy,3,1,1.0010937452316284,5.708011150360107,15.667984008789062,0.4846504107117653,3.863184270404634
step53000,53000,960,2,23778, motive,8,2,1.1180089712142944,3.980194568634033,15.093841552734375,0.5368974581360817,3.863184270404634
step53000,53000,960,3,42548, generosity,8,3,1.0948615074157715,4.179563999176025,15.681695938110352,0.572098333388567,3.863184270404634
step53000,53000,960,4,29254, critique,18,4,0.9468870759010315,1.7639474868774414,14.029411315917969,0.5552904270589352,3.863184270404634
step53000,53000,960,5,19211, cabinet,33,5,1.0628819465637207,5.189940452575684,15.812726020812988,0.5776722729206085,3.863184270404634
step53000,53000,960,6,14290, documented,48,6,1.057969570159912,5.429580211639404,15.693941116333008,0.5421663448214531,3.863184270404634
step53000,53000,960,7,6574, miles,404,7,0.9729845523834229,2.1351537704467773,14.395768165588379,0.5539311952888966,3.863184270404634
step53000,53000,1024,0,21825, clones,2,0,1.118572473526001,4.908957004547119,15.387510299682617,0.5089885294437408,3.863184270404634
step53000,53000,1024,1,46808, trustworthy,3,1,0.9771559238433838,2.300964832305908,14.53384017944336,0.5719211585819721,3.863184270404634
step53000,53000,1024,2,23778, motive,8,2,1.0478538274765015,5.144776821136475,15.346108436584473,0.5549376495182514,3.863184270404634
step53000,53000,1024,3,42548, generosity,8,3,1.0658390522003174,4.486074447631836,15.018976211547852,0.5180356614291668,3.863184270404634
step53000,53000,1024,4,29254, critique,18,4,0.9739076495170593,4.375904560089111,14.374838829040527,0.5632893070578575,3.863184270404634
step53000,53000,1024,5,19211, cabinet,33,5,1.0900318622589111,4.423524379730225,15.14452075958252,0.5710302218794823,3.863184270404634
step53000,53000,1024,6,14290, documented,48,6,1.116758108139038,4.55941915512085,15.236218452453613,0.5758172906935215,3.863184270404634
step53000,53000,1024,7,6574, miles,404,7,0.9513878226280212,1.7661981582641602,14.033947944641113,0.532219935208559,3.863184270404634
step57000,57000,0,0,21825, clones,2,0,20.153135299682617,121.00786590576172,387.4645690917969,0.505355641245842,3.8563605490184965
step57000,57000,0,1,46808, trustworthy,3,1,18.247783660888672,182.10189819335938,401.2471008300781,0.4758298173546791,3.8563605490184965
step57000,57000,0,2,23778, motive,8,2,21.56064224243164,151.00071716308594,433.2641906738281,0.5100883468985558,3.8563605490184965
step57000,57000,0,3,42548, generosity,8,3,16.19438934326172,131.99766540527344,348.8876037597656,0.5205695144832134,3.8563605490184965
step57000,57000,0,4,29254, critique,18,4,17.86736297607422,163.25918579101562,369.20367431640625,0.4719138778746128,3.8563605490184965
step57000,57000,0,5,19211, cabinet,33,5,21.253219604492188,119.91635131835938,440.5393981933594,0.5057897418737411,3.8563605490184965
step57000,57000,0,6,14290, documented,48,6,15.278556823730469,149.54856872558594,324.8710021972656,0.5319915823638439,3.8563605490184965
step57000,57000,0,7,6574, miles,404,7,21.025381088256836,162.2655792236328,461.7184753417969,0.5059299133718014,3.8563605490184965
step57000,57000,64,0,21825, clones,2,0,0.9844096302986145,2.4478182792663574,14.777546882629395,0.5563270710408688,3.8563605490184965
step57000,57000,64,1,46808, trustworthy,3,1,0.9853967428207397,2.3873825073242188,14.771408081054688,0.489407766610384,3.8563605490184965
step57000,57000,64,2,23778, motive,8,2,1.1437879800796509,4.6477556228637695,15.068198204040527,0.5039323829114437,3.8563605490184965
step57000,57000,64,3,42548, generosity,8,3,0.9964717030525208,6.096065998077393,15.464118003845215,0.49632980301976204,3.8563605490184965
step57000,57000,64,4,29254, critique,18,4,1.1814279556274414,5.7289605140686035,15.446311950683594,0.5547892712056637,3.8563605490184965
step57000,57000,64,5,19211, cabinet,33,5,1.1476179361343384,4.642683029174805,15.059393882751465,0.5706489682197571,3.8563605490184965
step57000,57000,64,6,14290, documented,48,6,1.1049593687057495,4.680330753326416,15.12999153137207,0.5417560301721096,3.8563605490184965
step57000,57000,64,7,6574, miles,404,7,0.999480128288269,6.190741539001465,15.51490306854248,0.566425871104002,3.8563605490184965
step57000,57000,128,0,21825, clones,2,0,0.9850209951400757,1.9300447702407837,13.979174613952637,0.4990871623158455,3.8563605490184965
step57000,57000,128,1,46808, trustworthy,3,1,0.9806434512138367,1.8984296321868896,13.940252304077148,0.5606541000306606,3.8563605490184965
step57000,57000,128,2,23778, motive,8,2,0.998784065246582,2.089409351348877,14.190635681152344,0.5419365614652634,3.8563605490184965
step57000,57000,128,3,42548, generosity,8,3,0.9776071906089783,2.1723785400390625,14.410017013549805,0.5554042868316174,3.8563605490184965
step57000,57000,128,4,29254, critique,18,4,0.999241828918457,2.071579933166504,14.172649383544922,0.5332102067768574,3.8563605490184965
step57000,57000,128,5,19211, cabinet,33,5,0.9962559938430786,2.108905792236328,14.226040840148926,0.5018603652715683,3.8563605490184965
step57000,57000,128,6,14290, documented,48,6,0.9963265657424927,2.013904333114624,14.0881929397583,0.5261140614748001,3.8563605490184965
step57000,57000,128,7,6574, miles,404,7,0.9736857414245605,2.192180871963501,14.46093463897705,0.5514287948608398,3.8563605490184965
step57000,57000,192,0,21825, clones,2,0,1.1823819875717163,5.201728343963623,15.945542335510254,0.5013623461127281,3.8563605490184965
step57000,57000,192,1,46808, trustworthy,3,1,1.1770612001419067,5.819471836090088,15.83090877532959,0.566591203212738,3.8563605490184965
step57000,57000,192,2,23778, motive,8,2,1.2606749534606934,4.014787197113037,15.128789901733398,0.5510153919458389,3.8563605490184965
step57000,57000,192,3,42548, generosity,8,3,0.9205759763717651,4.745754241943359,13.230510711669922,0.5447863452136517,3.8563605490184965
step57000,57000,192,4,29254, critique,18,4,1.262545108795166,3.8699288368225098,15.214693069458008,0.5285575650632381,3.8563605490184965
step57000,57000,192,5,19211, cabinet,33,5,1.0808014869689941,3.503488540649414,14.283709526062012,0.5683020576834679,3.8563605490184965
step57000,57000,192,6,14290, documented,48,6,1.2833671569824219,4.122049331665039,15.45089054107666,0.5147848576307297,3.8563605490184965
step57000,57000,192,7,6574, miles,404,7,0.9463984966278076,1.748566746711731,13.275274276733398,0.548306867480278,3.8563605490184965
step57000,57000,256,0,21825, clones,2,0,0.9997397661209106,2.2750566005706787,14.65207290649414,0.5383587628602982,3.8563605490184965
step57000,57000,256,1,46808, trustworthy,3,1,0.9986491203308105,2.257814645767212,14.626688003540039,0.5339285954833031,3.8563605490184965
step57000,57000,256,2,23778, motive,8,2,0.9867181777954102,2.3597047328948975,14.76029109954834,0.5391996502876282,3.8563605490184965
step57000,57000,256,3,42548, generosity,8,3,1.1295140981674194,4.649884223937988,15.096846580505371,0.5804061889648438,3.8563605490184965
step57000,57000,256,4,29254, critique,18,4,0.986836850643158,2.3453187942504883,14.754327774047852,0.4876250959932804,3.8563605490184965
step57000,57000,256,5,19211, cabinet,33,5,0.9840959906578064,2.4788424968719482,14.775986671447754,0.5723048485815525,3.8563605490184965
step57000,57000,256,6,14290, documented,48,6,0.9910888075828552,2.303375720977783,14.702164649963379,0.5402682721614838,3.8563605490184965
step57000,57000,256,7,6574, miles,404,7,1.1498337984085083,4.711370944976807,15.096478462219238,0.5564862303435802,3.8563605490184965
step57000,57000,320,0,21825, clones,2,0,0.9680085778236389,1.8147000074386597,13.885435104370117,0.5531934499740601,3.8563605490184965
step57000,57000,320,1,46808, trustworthy,3,1,0.9650465846061707,1.7902979850769043,13.873458862304688,0.5704383514821529,3.8563605490184965
step57000,57000,320,2,23778, motive,8,2,0.9781943559646606,1.8867048025131226,13.924524307250977,0.5596363134682178,3.8563605490184965
step57000,57000,320,3,42548, generosity,8,3,0.9985986948013306,2.037351608276367,14.117769241333008,0.5623582191765308,3.8563605490184965
step57000,57000,320,4,29254, critique,18,4,0.976097047328949,1.8784230947494507,13.911150932312012,0.5632200464606285,3.8563605490184965
step57000,57000,320,5,19211, cabinet,33,5,0.9829471111297607,1.9106532335281372,13.956974983215332,0.5737701132893562,3.8563605490184965
step57000,57000,320,6,14290, documented,48,6,0.9656641483306885,1.8439414501190186,13.863932609558105,0.4953259266912937,3.8563605490184965
step57000,57000,320,7,6574, miles,404,7,0.9999053478240967,2.058840751647949,14.1471586227417,0.582297258079052,3.8563605490184965
step57000,57000,384,0,21825, clones,2,0,1.0457144975662231,6.298419952392578,15.57209300994873,0.5656887367367744,3.8563605490184965
step57000,57000,384,1,46808, trustworthy,3,1,1.1216233968734741,6.464659690856934,15.671725273132324,0.5608127601444721,3.8563605490184965
step57000,57000,384,2,23778, motive,8,2,1.1533113718032837,5.987787246704102,15.76220417022705,0.5343994572758675,3.8563605490184965
step57000,57000,384,3,42548, generosity,8,3,1.284600853919983,3.7592241764068604,15.229875564575195,0.5038165487349033,3.8563605490184965
step57000,57000,384,4,29254, critique,18,4,1.121936321258545,6.115368366241455,15.687061309814453,0.5026207230985165,3.8563605490184965
step57000,57000,384,5,19211, cabinet,33,5,1.1916499137878418,5.623646259307861,15.887076377868652,0.533356562256813,3.8563605490184965
step57000,57000,384,6,14290, documented,48,6,0.9767005443572998,6.067338943481445,15.39808177947998,0.5533640272915363,3.8563605490184965
step57000,57000,384,7,6574, miles,404,7,1.2829854488372803,3.7897872924804688,15.209981918334961,0.5501898117363453,3.8563605490184965
step57000,57000,448,0,21825, clones,2,0,0.9768478274345398,2.175168514251709,14.411663055419922,0.5567839816212654,3.8563605490184965
step57000,57000,448,1,46808, trustworthy,3,1,0.9789052605628967,2.153207302093506,14.3464937210083,0.5443520918488503,3.8563605490184965
step57000,57000,448,2,23778, motive,8,2,0.9968571662902832,2.250839948654175,14.614599227905273,0.5404741689562798,3.8563605490184965
step57000,57000,448,3,42548, generosity,8,3,0.988788902759552,2.312323808670044,14.719459533691406,0.5440899319946766,3.8563605490184965
step57000,57000,448,4,29254, critique,18,4,0.9949455857276917,2.245239019393921,14.604231834411621,0.5305896699428558,3.8563605490184965
step57000,57000,448,5,19211, cabinet,33,5,0.999733567237854,2.264594316482544,14.637557983398438,0.5551843866705894,3.8563605490184965
step57000,57000,448,6,14290, documented,48,6,0.977643609046936,2.211421251296997,14.520498275756836,0.5585550107061863,3.8563605490184965
step57000,57000,448,7,6574, miles,404,7,0.9875607490539551,2.323991298675537,14.73721981048584,0.4939154423773289,3.8563605490184965
step57000,57000,512,0,21825, clones,2,0,0.9606562852859497,4.66286563873291,13.089716911315918,0.5562431775033474,3.8563605490184965
step57000,57000,512,1,46808, trustworthy,3,1,1.2484581470489502,4.2743659019470215,13.408831596374512,0.5470249280333519,3.8563605490184965
step57000,57000,512,2,23778, motive,8,2,0.961979329586029,1.7796036005020142,13.855101585388184,0.5383034721016884,3.8563605490184965
step57000,57000,512,3,42548, generosity,8,3,0.9678829312324524,1.8531547784805298,13.873693466186523,0.562871940433979,3.8563605490184965
step57000,57000,512,4,29254, critique,18,4,0.958320677280426,1.7697803974151611,13.832191467285156,0.5264199823141098,3.8563605490184965
step57000,57000,512,5,19211, cabinet,33,5,0.9669813513755798,1.8000768423080444,13.88377571105957,0.5379648879170418,3.8563605490184965
step57000,57000,512,6,14290, documented,48,6,0.929527997970581,1.7185471057891846,13.520261764526367,0.5358297228813171,3.8563605490184965
step57000,57000,512,7,6574, miles,404,7,0.9716585874557495,1.8642691373825073,13.889891624450684,0.5490067042410374,3.8563605490184965
step57000,57000,576,0,21825, clones,2,0,1.123646855354309,4.652095317840576,15.103471755981445,0.5537208989262581,3.8563605490184965
step57000,57000,576,1,46808, trustworthy,3,1,1.0688440799713135,4.776917457580566,15.202380180358887,0.5068709850311279,3.8563605490184965
step57000,57000,576,2,23778, motive,8,2,1.1403710842132568,6.465743064880371,15.680412292480469,0.5201214216649532,3.8563605490184965
step57000,57000,576,3,42548, generosity,8,3,0.9924777746200562,6.127450942993164,15.445099830627441,0.5860950797796249,3.8563605490184965
step57000,57000,576,4,29254, critique,18,4,1.1557601690292358,6.423708438873291,15.669076919555664,0.6136957220733166,3.8563605490184965
step57000,57000,576,5,19211, cabinet,33,5,1.101179838180542,6.430220603942871,15.647811889648438,0.5552361719310284,3.8563605490184965
step57000,57000,576,6,14290, documented,48,6,1.1782517433166504,5.357112407684326,15.289271354675293,0.5415572710335255,3.8563605490184965
step57000,57000,576,7,6574, miles,404,7,1.0611517429351807,6.174860000610352,15.554718971252441,0.569859828799963,3.8563605490184965
step57000,57000,640,0,21825, clones,2,0,0.9980637431144714,2.032249927520752,14.110885620117188,0.5446908958256245,3.8563605490184965
step57000,57000,640,1,46808, trustworthy,3,1,0.9934567213058472,1.9896240234375,14.057570457458496,0.5566519051790237,3.8563605490184965
step57000,57000,640,2,23778, motive,8,2,0.9805843830108643,2.1448869705200195,14.323371887207031,0.522613774985075,3.8563605490184965
step57000,57000,640,3,42548, generosity,8,3,0.9840138554573059,2.2221899032592773,14.550581932067871,0.5404123924672604,3.8563605490184965
step57000,57000,640,4,29254, critique,18,4,0.9829239845275879,2.137861967086792,14.303503036499023,0.5591080822050571,3.8563605490184965
step57000,57000,640,5,19211, cabinet,33,5,0.9778872728347778,2.1617469787597656,14.370296478271484,0.5468984097242355,3.8563605490184965
step57000,57000,640,6,14290, documented,48,6,0.9980940818786621,2.091762065887451,14.20083999633789,0.5437438413500786,3.8563605490184965
step57000,57000,640,7,6574, miles,404,7,0.9899364709854126,2.2335145473480225,14.578740119934082,0.5395258776843548,3.8563605490184965
step57000,57000,704,0,21825, clones,2,0,1.2835876941680908,3.815877676010132,15.26723575592041,0.5670943632721901,3.8563605490184965
step57000,57000,704,1,46808, trustworthy,3,1,1.279091715812683,4.583152770996094,15.707465171813965,0.5303912572562695,3.8563605490184965
step57000,57000,704,2,23778, motive,8,2,1.150234341621399,3.8644332885742188,13.529858589172363,0.5836579538881779,3.8563605490184965
step57000,57000,704,3,42548, generosity,8,3,0.9416376352310181,1.7326751947402954,13.654767036437988,0.5547226741909981,3.8563605490184965
step57000,57000,704,4,29254, critique,18,4,1.0765143632888794,3.734039306640625,13.686384201049805,0.6041058078408241,3.8563605490184965
step57000,57000,704,5,19211, cabinet,33,5,1.2534270286560059,4.69536828994751,13.275129318237305,0.5469364337623119,3.8563605490184965
step57000,57000,704,6,14290, documented,48,6,1.2847057580947876,4.096612453460693,15.170297622680664,0.5283125750720501,3.8563605490184965
step57000,57000,704,7,6574, miles,404,7,0.9501985311508179,1.7508617639541626,13.76228141784668,0.5540713667869568,3.8563605490184965
step57000,57000,768,0,21825, clones,2,0,0.9891147613525391,2.310506820678711,14.71621036529541,0.5408739782869816,3.8563605490184965
step57000,57000,768,1,46808, trustworthy,3,1,0.9942888617515564,2.2951672077178955,14.68580436706543,0.5603843480348587,3.8563605490184965
step57000,57000,768,2,23778, motive,8,2,1.0446664094924927,4.793790817260742,15.233316421508789,0.5631853714585304,3.8563605490184965
step57000,57000,768,3,42548, generosity,8,3,1.1820554733276367,5.903972148895264,15.48198127746582,0.5675332620739937,3.8563605490184965
step57000,57000,768,4,29254, critique,18,4,1.0242316722869873,4.979206085205078,15.323224067687988,0.5237470343708992,3.8563605490184965
step57000,57000,768,5,19211, cabinet,33,5,1.088443636894226,4.729832649230957,15.166068077087402,0.5754500217735767,3.8563605490184965
step57000,57000,768,6,14290, documented,48,6,0.9862710237503052,2.3783133029937744,14.764355659484863,0.5095682702958584,3.8563605490184965
step57000,57000,768,7,6574, miles,404,7,1.1738810539245605,6.256269454956055,15.611407279968262,0.5688390955328941,3.8563605490184965
step57000,57000,832,0,21825, clones,2,0,0.9672561883926392,1.851163387298584,13.869840621948242,0.5208837166428566,3.8563605490184965
step57000,57000,832,1,46808, trustworthy,3,1,0.9655089378356934,1.8356868028640747,13.864327430725098,0.49825863912701607,3.8563605490184965
step57000,57000,832,2,23778, motive,8,2,0.9915504455566406,1.9734200239181519,14.037675857543945,0.5165086500346661,3.8563605490184965
step57000,57000,832,3,42548, generosity,8,3,0.9942995309829712,2.10766863822937,14.232725143432617,0.5609733276069164,3.8563605490184965
step57000,57000,832,4,29254, critique,18,4,0.9899429082870483,1.958602786064148,14.01999568939209,0.5501251593232155,3.8563605490184965
step57000,57000,832,5,19211, cabinet,33,5,0.9952665567398071,2.0048093795776367,14.076347351074219,0.5349403582513332,3.8563605490184965
step57000,57000,832,6,14290, documented,48,6,0.9792964458465576,1.8912373781204224,13.930421829223633,0.5331240817904472,3.8563605490184965
step57000,57000,832,7,6574, miles,404,7,0.9888937473297119,2.1227993965148926,14.266536712646484,0.5677950792014599,3.8563605490184965
step57000,57000,896,0,21825, clones,2,0,0.9765639901161194,6.111698150634766,15.42746639251709,0.5733920447528362,3.8563605490184965
step57000,57000,896,1,46808, trustworthy,3,1,0.9879531860351562,6.074131488800049,15.420239448547363,0.5721222683787346,3.8563605490184965
step57000,57000,896,2,23778, motive,8,2,1.257533311843872,4.8453545570373535,15.84755802154541,0.7722536623477936,3.8563605490184965
step57000,57000,896,3,42548, generosity,8,3,1.122767448425293,3.621220588684082,14.615691184997559,0.5804344527423382,3.8563605490184965
step57000,57000,896,4,29254, critique,18,4,1.2158229351043701,5.012523174285889,15.9214506149292,0.5543604381382465,3.8563605490184965
step57000,57000,896,5,19211, cabinet,33,5,1.284436821937561,4.2777299880981445,15.538585662841797,0.5336035154759884,3.8563605490184965
step57000,57000,896,6,14290, documented,48,6,1.1612430810928345,5.947174072265625,15.785128593444824,0.5037087723612785,3.8563605490184965
step57000,57000,896,7,6574, miles,404,7,1.0729016065597534,3.5142436027526855,14.037431716918945,0.553886204957962,3.8563605490184965
step57000,57000,960,0,21825, clones,2,0,0.9828459024429321,2.2203989028930664,14.545404434204102,0.548757653683424,3.8563605490184965
step57000,57000,960,1,46808, trustworthy,3,1,0.9717466235160828,2.200968027114868,14.489198684692383,0.5516970232129097,3.8563605490184965
step57000,57000,960,2,23778, motive,8,2,0.9965509176254272,2.2893123626708984,14.675015449523926,0.5256272219121456,3.8563605490184965
step57000,57000,960,3,42548, generosity,8,3,0.9834120869636536,2.5014898777008057,14.777558326721191,0.5355200171470642,3.8563605490184965
step57000,57000,960,4,29254, critique,18,4,0.9982017278671265,2.2840278148651123,14.666048049926758,0.5308235548436642,3.8563605490184965
step57000,57000,960,5,19211, cabinet,33,5,0.9924062490463257,2.2999002933502197,14.694936752319336,0.5402854084968567,3.8563605490184965
step57000,57000,960,6,14290, documented,48,6,0.9976785182952881,2.2537484169006348,14.620026588439941,0.5468785129487514,3.8563605490184965
step57000,57000,960,7,6574, miles,404,7,0.9799649715423584,2.6530983448028564,14.788914680480957,0.5543241240084171,3.8563605490184965
step57000,57000,1024,0,21825, clones,2,0,0.9393618106842041,1.7290308475494385,13.632380485534668,0.5533179119229317,3.8563605490184965
step57000,57000,1024,1,46808, trustworthy,3,1,0.9312519431114197,1.7210973501205444,13.386361122131348,0.6041294559836388,3.8563605490184965
step57000,57000,1024,2,23778, motive,8,2,0.9661741256713867,1.8298012018203735,13.869476318359375,0.5500145554542542,3.8563605490184965
step57000,57000,1024,3,42548, generosity,8,3,0.9831585884094238,1.9113954305648804,13.958393096923828,0.5615590438246727,3.8563605490184965
step57000,57000,1024,4,29254, critique,18,4,0.9671171307563782,1.824576497077942,13.877795219421387,0.5610871613025665,3.8563605490184965
step57000,57000,1024,5,19211, cabinet,33,5,0.9655445218086243,1.8406661748886108,13.864436149597168,0.49171170964837074,3.8563605490184965
step57000,57000,1024,6,14290, documented,48,6,0.9634213447570801,1.783760905265808,13.864775657653809,0.5477648600935936,3.8563605490184965
step57000,57000,1024,7,6574, miles,404,7,0.9865286946296692,1.9333350658416748,13.987593650817871,0.5606173649430275,3.8563605490184965
step61000,61000,0,0,21825, clones,2,0,20.649471282958984,130.82705688476562,410.6582336425781,0.5513876937329769,3.8676920315575978
step61000,61000,0,1,46808, trustworthy,3,1,22.91571807861328,193.55393981933594,442.7857360839844,0.4818417802453041,3.8676920315575978
step61000,61000,0,2,23778, motive,8,2,21.817689895629883,161.3324737548828,477.7065734863281,0.4970886558294296,3.8676920315575978
step61000,61000,0,3,42548, generosity,8,3,18.615177154541016,154.70217895507812,387.9454650878906,0.5222985632717609,3.8676920315575978
step61000,61000,0,4,29254, critique,18,4,18.359220504760742,148.77052307128906,377.8731994628906,0.5302616991102695,3.8676920315575978
step61000,61000,0,5,19211, cabinet,33,5,19.58026885986328,133.51943969726562,421.0939636230469,0.4792073629796505,3.8676920315575978
step61000,61000,0,6,14290, documented,48,6,19.324115753173828,192.12408447265625,385.5671081542969,0.5234973169863224,3.8676920315575978
step61000,61000,0,7,6574, miles,404,7,21.841251373291016,150.5022735595703,458.5011901855469,0.49518880993127823,3.8676920315575978
step61000,61000,64,0,21825, clones,2,0,0.8999870419502258,1.9083466529846191,13.383358001708984,0.5050244256854057,3.8676920315575978
step61000,61000,64,1,46808, trustworthy,3,1,0.9000530242919922,1.9080790281295776,13.383035659790039,0.5138154327869415,3.8676920315575978
step61000,61000,64,2,23778, motive,8,2,0.8999786972999573,1.9082281589508057,13.383247375488281,0.49334294348955154,3.8676920315575978
step61000,61000,64,3,42548, generosity,8,3,0.8998932838439941,1.908682942390442,13.38366985321045,0.5406083576381207,3.8676920315575978
step61000,61000,64,4,29254, critique,18,4,0.8999927043914795,1.9082404375076294,13.38318157196045,0.5321196354925632,3.8676920315575978
step61000,61000,64,5,19211, cabinet,33,5,0.8999390006065369,1.9083470106124878,13.383288383483887,0.5435060113668442,3.8676920315575978
step61000,61000,64,6,14290, documented,48,6,0.9000630378723145,1.9079608917236328,13.382734298706055,0.5611377209424973,3.8676920315575978
step61000,61000,64,7,6574, miles,404,7,0.9001032710075378,1.9079309701919556,13.382671356201172,0.5580018199980259,3.8676920315575978
step61000,61000,128,0,21825, clones,2,0,0.8999045491218567,1.90824556350708,13.383194923400879,0.5410072132945061,3.8676920315575978
step61000,61000,128,1,46808, trustworthy,3,1,0.8999079465866089,1.9082727432250977,13.383194923400879,0.5307394117116928,3.8676920315575978
step61000,61000,128,2,23778, motive,8,2,0.8999048471450806,1.9082452058792114,13.383195877075195,0.5320683605968952,3.8676920315575978
step61000,61000,128,3,42548, generosity,8,3,0.8999058604240417,1.908260464668274,13.383194923400879,0.5406033508479595,3.8676920315575978
step61000,61000,128,4,29254, critique,18,4,0.8999036550521851,1.908260703086853,13.383195877075195,0.5430158860981464,3.8676920315575978
step61000,61000,128,5,19211, cabinet,33,5,0.8999057412147522,1.9082506895065308,13.383195877075195,0.5441515035927296,3.8676920315575978
step61000,61000,128,6,14290, documented,48,6,0.8999056220054626,1.9082590341567993,13.383194923400879,0.5574101284146309,3.8676920315575978
step61000,61000,128,7,6574, miles,404,7,0.8999100923538208,1.9082564115524292,13.383194923400879,0.5536249950528145,3.8676920315575978
step61000,61000,192,0,21825, clones,2,0,0.8999043703079224,1.9082506895065308,13.383195877075195,0.5501087754964828,3.8676920315575978
step61000,61000,192,1,46808, trustworthy,3,1,0.899905800819397,1.9082592725753784,13.383196830749512,0.5628783069550991,3.8676920315575978
step61000,61000,192,2,23778, motive,8,2,0.8999055624008179,1.9082672595977783,13.383195877075195,0.5410628095269203,3.8676920315575978
step61000,61000,192,3,42548, generosity,8,3,0.8999049067497253,1.9082788228988647,13.383195877075195,0.5494537465274334,3.8676920315575978
step61000,61000,192,4,29254, critique,18,4,0.899907648563385,1.9082640409469604,13.383195877075195,0.553425058722496,3.8676920315575978
step61000,61000,192,5,19211, cabinet,33,5,0.8999050259590149,1.908240556716919,13.383195877075195,0.5543718673288822,3.8676920315575978
step61000,61000,192,6,14290, documented,48,6,0.899907648563385,1.9082882404327393,13.383195877075195,0.48688463866710663,3.8676920315575978
step61000,61000,192,7,6574, miles,404,7,0.8999021053314209,1.9083000421524048,13.383194923400879,0.545848123729229,3.8676920315575978
step61000,61000,256,0,21825, clones,2,0,0.899904191493988,1.908250093460083,13.383195877075195,0.5291329436004162,3.8676920315575978
step61000,61000,256,1,46808, trustworthy,3,1,0.8999032974243164,1.9082632064819336,13.383195877075195,0.5589457079768181,3.8676920315575978
step61000,61000,256,2,23778, motive,8,2,0.8999061584472656,1.9082430601119995,13.383196830749512,0.5431482680141926,3.8676920315575978
step61000,61000,256,3,42548, generosity,8,3,0.8999044895172119,1.908260703086853,13.383195877075195,0.5243639349937439,3.8676920315575978
step61000,61000,256,4,29254, critique,18,4,0.8999060988426208,1.9082406759262085,13.383195877075195,0.5296635366976261,3.8676920315575978
step61000,61000,256,5,19211, cabinet,33,5,0.8999056816101074,1.9082850217819214,13.383196830749512,0.5224111415445805,3.8676920315575978
step61000,61000,256,6,14290, documented,48,6,0.8999032974243164,1.9082531929016113,13.383194923400879,0.4933961555361748,3.8676920315575978
step61000,61000,256,7,6574, miles,404,7,0.8999037742614746,1.9082748889923096,13.383195877075195,0.5402907319366932,3.8676920315575978
step61000,61000,320,0,21825, clones,2,0,0.8999049067497253,1.9082635641098022,13.383194923400879,0.5362970158457756,3.8676920315575978
step61000,61000,320,1,46808, trustworthy,3,1,0.8999029397964478,1.908254861831665,13.383194923400879,0.551505122333765,3.8676920315575978
step61000,61000,320,2,23778, motive,8,2,0.8999037742614746,1.9082533121109009,13.383195877075195,0.5155688188970089,3.8676920315575978
step61000,61000,320,3,42548, generosity,8,3,0.8999029397964478,1.9082697629928589,13.383194923400879,0.5434556305408478,3.8676920315575978
step61000,61000,320,4,29254, critique,18,4,0.8999058604240417,1.9082560539245605,13.383195877075195,0.5389867387712002,3.8676920315575978
step61000,61000,320,5,19211, cabinet,33,5,0.8999043107032776,1.90828275680542,13.383196830749512,0.547734446823597,3.8676920315575978
step61000,61000,320,6,14290, documented,48,6,0.8999048471450806,1.9082494974136353,13.383195877075195,0.5287782363593578,3.8676920315575978
step61000,61000,320,7,6574, miles,404,7,0.8999029994010925,1.9082612991333008,13.383195877075195,0.5269158072769642,3.8676920315575978
step61000,61000,384,0,21825, clones,2,0,0.8999037742614746,1.9082627296447754,13.383194923400879,0.5259581916034222,3.8676920315575978
step61000,61000,384,1,46808, trustworthy,3,1,0.8999063968658447,1.9082533121109009,13.383195877075195,0.5305188372731209,3.8676920315575978
step61000,61000,384,2,23778, motive,8,2,0.8999028205871582,1.9082533121109009,13.383195877075195,0.5539519116282463,3.8676920315575978
step61000,61000,384,3,42548, generosity,8,3,0.8999070525169373,1.9083003997802734,13.383195877075195,0.533047292381525,3.8676920315575978
step61000,61000,384,4,29254, critique,18,4,0.8999031782150269,1.9082506895065308,13.383195877075195,0.5380200855433941,3.8676920315575978
step61000,61000,384,5,19211, cabinet,33,5,0.8999042510986328,1.9082566499710083,13.383195877075195,0.5405746810138226,3.8676920315575978
step61000,61000,384,6,14290, documented,48,6,0.8999069333076477,1.9082844257354736,13.383195877075195,0.5408238768577576,3.8676920315575978
step61000,61000,384,7,6574, miles,404,7,0.8999060392379761,1.908260703086853,13.383196830749512,0.5433697812259197,3.8676920315575978
step61000,61000,448,0,21825, clones,2,0,0.8999071717262268,1.908270239830017,13.383196830749512,0.56214889138937,3.8676920315575978
step61000,61000,448,1,46808, trustworthy,3,1,0.8999077677726746,1.9082348346710205,13.383195877075195,0.5397922582924366,3.8676920315575978
step61000,61000,448,2,23778, motive,8,2,0.899904191493988,1.9082611799240112,13.383194923400879,0.5228289403021336,3.8676920315575978
step61000,61000,448,3,42548, generosity,8,3,0.8999042510986328,1.9082728624343872,13.383195877075195,0.5492479838430882,3.8676920315575978
step61000,61000,448,4,29254, critique,18,4,0.8999066948890686,1.9082435369491577,13.383196830749512,0.4972592256963253,3.8676920315575978
step61000,61000,448,5,19211, cabinet,33,5,0.8999070525169373,1.9082814455032349,13.383195877075195,0.5571269206702709,3.8676920315575978
step61000,61000,448,6,14290, documented,48,6,0.8999040722846985,1.908260703086853,13.383195877075195,0.5392752587795258,3.8676920315575978
step61000,61000,448,7,6574, miles,404,7,0.8999040722846985,1.9082798957824707,13.383195877075195,0.48901038989424706,3.8676920315575978
step61000,61000,512,0,21825, clones,2,0,0.8999044895172119,1.908259630203247,13.383194923400879,0.5505921691656113,3.8676920315575978
step61000,61000,512,1,46808, trustworthy,3,1,0.8999045491218567,1.908274531364441,13.383194923400879,0.4877488315105438,3.8676920315575978
step61000,61000,512,2,23778, motive,8,2,0.8999060392379761,1.9082324504852295,13.383195877075195,0.48234809190034866,3.8676920315575978
step61000,61000,512,3,42548, generosity,8,3,0.8999047875404358,1.9082378149032593,13.383194923400879,0.5529303662478924,3.8676920315575978
step61000,61000,512,4,29254, critique,18,4,0.899904191493988,1.9082802534103394,13.383195877075195,0.5189585611224174,3.8676920315575978
step61000,61000,512,5,19211, cabinet,33,5,0.899904727935791,1.908248782157898,13.383194923400879,0.49340518563985825,3.8676920315575978
step61000,61000,512,6,14290, documented,48,6,0.8999043703079224,1.908255696296692,13.383195877075195,0.5520138703286648,3.8676920315575978
step61000,61000,512,7,6574, miles,404,7,0.8999048471450806,1.908276915550232,13.383194923400879,0.4835277460515499,3.8676920315575978
step61000,61000,576,0,21825, clones,2,0,0.8999055027961731,1.9082509279251099,13.383196830749512,0.5269603133201599,3.8676920315575978
step61000,61000,576,1,46808, trustworthy,3,1,0.8999062776565552,1.908225417137146,13.383195877075195,0.47515686973929405,3.8676920315575978
step61000,61000,576,2,23778, motive,8,2,0.8999045491218567,1.9082762002944946,13.383196830749512,0.6244755610823631,3.8676920315575978
step61000,61000,576,3,42548, generosity,8,3,0.8999058604240417,1.9082601070404053,13.383195877075195,0.5524158291518688,3.8676920315575978
step61000,61000,576,4,29254, critique,18,4,0.8999038934707642,1.9082417488098145,13.383195877075195,0.5666381940245628,3.8676920315575978
step61000,61000,576,5,19211, cabinet,33,5,0.8999053835868835,1.908267617225647,13.383195877075195,0.5536388047039509,3.8676920315575978
step61000,61000,576,6,14290, documented,48,6,0.899904727935791,1.908262014389038,13.383195877075195,0.684470146894455,3.8676920315575978
step61000,61000,576,7,6574, miles,404,7,0.8999038338661194,1.9082616567611694,13.383195877075195,0.5395340844988823,3.8676920315575978
step61000,61000,640,0,21825, clones,2,0,0.8999053239822388,1.9082666635513306,13.383195877075195,0.5351028479635715,3.8676920315575978
step61000,61000,640,1,46808, trustworthy,3,1,0.8999058604240417,1.908290147781372,13.383195877075195,0.538230050355196,3.8676920315575978
step61000,61000,640,2,23778, motive,8,2,0.8999040722846985,1.9082428216934204,13.383194923400879,0.5291579961776733,3.8676920315575978
step61000,61000,640,3,42548, generosity,8,3,0.899906575679779,1.908284306526184,13.383195877075195,0.5681439749896526,3.8676920315575978
step61000,61000,640,4,29254, critique,18,4,0.8999052047729492,1.90828275680542,13.383195877075195,0.5361627116799355,3.8676920315575978
step61000,61000,640,5,19211, cabinet,33,5,0.8999058604240417,1.9082646369934082,13.383195877075195,0.604277677834034,3.8676920315575978
step61000,61000,640,6,14290, documented,48,6,0.8999059796333313,1.9082560539245605,13.383196830749512,0.5449758060276508,3.8676920315575978
step61000,61000,640,7,6574, miles,404,7,0.899905800819397,1.90827476978302,13.383195877075195,0.5004259906709194,3.8676920315575978
step61000,61000,704,0,21825, clones,2,0,0.899904191493988,1.908254623413086,13.383195877075195,0.5745786391198635,3.8676920315575978
step61000,61000,704,1,46808, trustworthy,3,1,0.8999046087265015,1.908260703086853,13.383195877075195,0.5883943699300289,3.8676920315575978
step61000,61000,704,2,23778, motive,8,2,0.8999051451683044,1.9082765579223633,13.383195877075195,0.5695832334458828,3.8676920315575978
step61000,61000,704,3,42548, generosity,8,3,0.8999059796333313,1.908264398574829,13.383195877075195,0.5092991851270199,3.8676920315575978
step61000,61000,704,4,29254, critique,18,4,0.8999046683311462,1.908286213874817,13.383195877075195,0.6230203211307526,3.8676920315575978
step61000,61000,704,5,19211, cabinet,33,5,0.8999021649360657,1.9082854986190796,13.383194923400879,0.5780207701027393,3.8676920315575978
step61000,61000,704,6,14290, documented,48,6,0.899905264377594,1.9082632064819336,13.383196830749512,0.4974963441491127,3.8676920315575978
step61000,61000,704,7,6574, miles,404,7,0.8999051451683044,1.9082298278808594,13.383195877075195,0.5545085966587067,3.8676920315575978
step61000,61000,768,0,21825, clones,2,0,0.8999044299125671,1.9082504510879517,13.383195877075195,0.5504100099205971,3.8676920315575978
step61000,61000,768,1,46808, trustworthy,3,1,0.8999053239822388,1.9082623720169067,13.383194923400879,0.5382563211023808,3.8676920315575978
step61000,61000,768,2,23778, motive,8,2,0.8999048471450806,1.9082943201065063,13.383195877075195,0.5843239612877369,3.8676920315575978
step61000,61000,768,3,42548, generosity,8,3,0.8999039530754089,1.9082682132720947,13.383195877075195,0.5361639820039272,3.8676920315575978
step61000,61000,768,4,29254, critique,18,4,0.8999049067497253,1.9082635641098022,13.383195877075195,0.5020278207957745,3.8676920315575978
step61000,61000,768,5,19211, cabinet,33,5,0.8999038338661194,1.9082828760147095,13.383194923400879,0.6223438456654549,3.8676920315575978
step61000,61000,768,6,14290, documented,48,6,0.8999035954475403,1.9082399606704712,13.383195877075195,0.5551615953445435,3.8676920315575978
step61000,61000,768,7,6574, miles,404,7,0.8999038338661194,1.9082856178283691,13.383195877075195,0.5899346508085728,3.8676920315575978
step61000,61000,832,0,21825, clones,2,0,0.8999035358428955,1.9082527160644531,13.383195877075195,0.5326063483953476,3.8676920315575978
step61000,61000,832,1,46808, trustworthy,3,1,0.8999022841453552,1.908254623413086,13.383195877075195,0.5502312146127224,3.8676920315575978
step61000,61000,832,2,23778, motive,8,2,0.8999083042144775,1.9082516431808472,13.383195877075195,0.4963257759809494,3.8676920315575978
step61000,61000,832,3,42548, generosity,8,3,0.8999035358428955,1.9082422256469727,13.383195877075195,0.5309499576687813,3.8676920315575978
step61000,61000,832,4,29254, critique,18,4,0.8999048471450806,1.908275842666626,13.383195877075195,0.548607099801302,3.8676920315575978
step61000,61000,832,5,19211, cabinet,33,5,0.8999078869819641,1.9082468748092651,13.383195877075195,0.5331480465829372,3.8676920315575978
step61000,61000,832,6,14290, documented,48,6,0.8999029994010925,1.9082543849945068,13.383194923400879,0.5329235456883907,3.8676920315575978
step61000,61000,832,7,6574, miles,404,7,0.899902880191803,1.9082776308059692,13.383195877075195,0.5270980261266232,3.8676920315575978
step61000,61000,896,0,21825, clones,2,0,0.8999027609825134,1.9082611799240112,13.383195877075195,0.4998403489589691,3.8676920315575978
step61000,61000,896,1,46808, trustworthy,3,1,0.8999068737030029,1.9082732200622559,13.383195877075195,0.4928698278963566,3.8676920315575978
step61000,61000,896,2,23778, motive,8,2,0.8999040722846985,1.9082869291305542,13.383195877075195,0.5364664047956467,3.8676920315575978
step61000,61000,896,3,42548, generosity,8,3,0.8999042510986328,1.9082869291305542,13.383195877075195,0.5441114008426666,3.8676920315575978
step61000,61000,896,4,29254, critique,18,4,0.8999055027961731,1.9082343578338623,13.383196830749512,0.5344687215983868,3.8676920315575978
step61000,61000,896,5,19211, cabinet,33,5,0.899904191493988,1.9082648754119873,13.383195877075195,0.5135852806270123,3.8676920315575978
step61000,61000,896,6,14290, documented,48,6,0.8999040126800537,1.9082542657852173,13.383195877075195,0.527407068759203,3.8676920315575978
step61000,61000,896,7,6574, miles,404,7,0.8999059796333313,1.9082683324813843,13.383194923400879,0.549223430454731,3.8676920315575978
step61000,61000,960,0,21825, clones,2,0,0.8999045491218567,1.9082555770874023,13.383195877075195,0.5474798418581486,3.8676920315575978
step61000,61000,960,1,46808, trustworthy,3,1,0.8999079465866089,1.908257246017456,13.383195877075195,0.5563941635191441,3.8676920315575978
step61000,61000,960,2,23778, motive,8,2,0.89990234375,1.9082847833633423,13.383195877075195,0.5511869415640831,3.8676920315575978
step61000,61000,960,3,42548, generosity,8,3,0.8999066948890686,1.9082856178283691,13.383195877075195,0.5284575819969177,3.8676920315575978
step61000,61000,960,4,29254, critique,18,4,0.8999061584472656,1.9082674980163574,13.383195877075195,0.5516803152859211,3.8676920315575978
step61000,61000,960,5,19211, cabinet,33,5,0.8999037146568298,1.9082427024841309,13.383196830749512,0.5339551791548729,3.8676920315575978
step61000,61000,960,6,14290, documented,48,6,0.8999046683311462,1.9082350730895996,13.383195877075195,0.5376031398773193,3.8676920315575978
step61000,61000,960,7,6574, miles,404,7,0.8999049663543701,1.9082809686660767,13.383194923400879,0.5077823363244534,3.8676920315575978
step61000,61000,1024,0,21825, clones,2,0,0.8999057412147522,1.9082622528076172,13.383195877075195,0.4846200831234455,3.8676920315575978
step61000,61000,1024,1,46808, trustworthy,3,1,0.8999046087265015,1.9082869291305542,13.383194923400879,0.5315947383642197,3.8676920315575978
step61000,61000,1024,2,23778, motive,8,2,0.899903416633606,1.908267855644226,13.383195877075195,0.5018870458006859,3.8676920315575978
step61000,61000,1024,3,42548, generosity,8,3,0.8999020457267761,1.9082701206207275,13.383195877075195,0.5113891065120697,3.8676920315575978
step61000,61000,1024,4,29254, critique,18,4,0.8999040722846985,1.9082677364349365,13.383195877075195,0.534266110509634,3.8676920315575978
step61000,61000,1024,5,19211, cabinet,33,5,0.8999067544937134,1.9082673788070679,13.383195877075195,0.5258673839271069,3.8676920315575978
step61000,61000,1024,6,14290, documented,48,6,0.8999066352844238,1.9082661867141724,13.383195877075195,0.6662442237138748,3.8676920315575978
step61000,61000,1024,7,6574, miles,404,7,0.8999046087265015,1.9082497358322144,13.383195877075195,0.5557287707924843,3.8676920315575978
