active_dim,actual_eval_states,batch_index,burn_in_steps,checkpoint,dataset,dataset_config,dataset_split,device,dtype,eval_steps,experiment,git_commit,input_shape,input_space,method,model,nearby_distance,operator_update,projection_mode,projection_next,projection_value,residual_alpha,sample_index,sequence_length,state_norm,step_delta,step_index,target,timestamp,token_mode,tokenizer
3584,64,0,16,main,wikitext,wikitext-2-raw-v1,validation,cuda,float32,64,pythia_dynamical_edge_residual_alpha01_probe,9801caeb1bc8252573781682c3403ed9a63b90dd,"[1, 128, 512]",inputs_embeds,paper_style_feedback_dynamics,EleutherAI/pythia-70m,0.00311810034327209,residual,fixed_random,31.247419357299805,30.638099670410156,0.1,0,128,969.4149169921875,22.901765823364258,0,final_hidden,2026-07-10T15:35:22.758197+00:00,nonpad_flattened,EleutherAI/pythia-70m
3584,64,0,16,main,wikitext,wikitext-2-raw-v1,validation,cuda,float32,64,pythia_dynamical_edge_residual_alpha01_probe,9801caeb1bc8252573781682c3403ed9a63b90dd,"[1, 128, 512]",inputs_embeds,paper_style_feedback_dynamics,EleutherAI/pythia-70m,0.0030074729584157467,residual,fixed_random,31.79214859008789,31.247419357299805,0.1,0,128,989.8638305664062,20.754234313964844,1,final_hidden,2026-07-10T15:35:22.758197+00:00,nonpad_flattened,EleutherAI/pythia-70m
3584,64,0,16,main,wikitext,wikitext-2-raw-v1,validation,cuda,float32,64,pythia_dynamical_edge_residual_alpha01_probe,9801caeb1bc8252573781682c3403ed9a63b90dd,"[1, 128, 512]",inputs_embeds,paper_style_feedback_dynamics,EleutherAI/pythia-70m,0.002898467006161809,residual,fixed_random,32.278865814208984,31.79214859008789,0.1,0,128,1008.3567504882812,18.816755294799805,2,final_hidden,2026-07-10T15:35:22.758197+00:00,nonpad_flattened,EleutherAI/pythia-70m
3584,64,0,16,main,wikitext,wikitext-2-raw-v1,validation,cuda,float32,64,pythia_dynamical_edge_residual_alpha01_probe,9801caeb1bc8252573781682c3403ed9a63b90dd,"[1, 128, 512]",inputs_embeds,paper_style_feedback_dynamics,EleutherAI/pythia-70m,0.0027933528181165457,residual,fixed_random,32.71346664428711,32.278865814208984,0.1,0,128,1025.08349609375,17.0689697265625,3,final_hidden,2026-07-10T15:35:22.758197+00:00,nonpad_flattened,EleutherAI/pythia-70m
3584,64,0,16,main,wikitext,wikitext-2-raw-v1,validation,cuda,float32,64,pythia_dynamical_edge_residual_alpha01_probe,9801caeb1bc8252573781682c3403ed9a63b90dd,"[1, 128, 512]",inputs_embeds,paper_style_feedback_dynamics,EleutherAI/pythia-70m,0.002689158311113715,residual,fixed_random,33.10127258300781,32.71346664428711,0.1,0,128,1040.215576171875,15.492453575134277,4,final_hidden,2026-07-10T15:35:22.758197+00:00,nonpad_flattened,EleutherAI/pythia-70m
3584,64,0,16,main,wikitext,wikitext-2-raw-v1,validation,cuda,float32,64,pythia_dynamical_edge_residual_alpha01_probe,9801caeb1bc8252573781682c3403ed9a63b90dd,"[1, 128, 512]",inputs_embeds,paper_style_feedback_dynamics,EleutherAI/pythia-70m,0.0025862634647637606,residual,fixed_random,33.447052001953125,33.10127258300781,0.1,0,128,1053.9075927734375,14.070525169372559,5,final_hidden,2026-07-10T15:35:22.758197+00:00,nonpad_flattened,EleutherAI/pythia-70m
3584,64,0,16,main,wikitext,wikitext-2-raw-v1,validation,cuda,float32,64,pythia_dynamical_edge_residual_alpha01_probe,9801caeb1bc8252573781682c3403ed9a63b90dd,"[1, 128, 512]",inputs_embeds,paper_style_feedback_dynamics,EleutherAI/pythia-70m,0.0024861423298716545,residual,fixed_random,33.75511932373047,33.447052001953125,0.1,0,128,1066.29931640625,12.788125991821289,6,final_hidden,2026-07-10T15:35:22.758197+00:00,nonpad_flattened,EleutherAI/pythia-70m
3584,64,0,16,main,wikitext,wikitext-2-raw-v1,validation,cuda,float32,64,pythia_dynamical_edge_residual_alpha01_probe,9801caeb1bc8252573781682c3403ed9a63b90dd,"[1, 128, 512]",inputs_embeds,paper_style_feedback_dynamics,EleutherAI/pythia-70m,0.0023896037600934505,residual,fixed_random,34.02933120727539,33.75511932373047,0.1,0,128,1077.516845703125,11.63162612915039,7,final_hidden,2026-07-10T15:35:22.758197+00:00,nonpad_flattened,EleutherAI/pythia-70m
3584,64,0,16,main,wikitext,wikitext-2-raw-v1,validation,cuda,float32,64,pythia_dynamical_edge_residual_alpha01_probe,9801caeb1bc8252573781682c3403ed9a63b90dd,"[1, 128, 512]",inputs_embeds,paper_style_feedback_dynamics,EleutherAI/pythia-70m,0.0022955636959522963,residual,fixed_random,34.273170471191406,34.02933120727539,0.1,0,128,1087.6739501953125,10.588711738586426,8,final_hidden,2026-07-10T15:35:22.758197+00:00,nonpad_flattened,EleutherAI/pythia-70m
3584,64,0,16,main,wikitext,wikitext-2-raw-v1,validation,cuda,float32,64,pythia_dynamical_edge_residual_alpha01_probe,9801caeb1bc8252573781682c3403ed9a63b90dd,"[1, 128, 512]",inputs_embeds,paper_style_feedback_dynamics,EleutherAI/pythia-70m,0.0022047339007258415,residual,fixed_random,34.48975372314453,34.273170471191406,0.1,0,128,1096.8734130859375,9.648277282714844,9,final_hidden,2026-07-10T15:35:22.758197+00:00,nonpad_flattened,EleutherAI/pythia-70m
3584,64,0,16,main,wikitext,wikitext-2-raw-v1,validation,cuda,float32,64,pythia_dynamical_edge_residual_alpha01_probe,9801caeb1bc8252573781682c3403ed9a63b90dd,"[1, 128, 512]",inputs_embeds,paper_style_feedback_dynamics,EleutherAI/pythia-70m,0.002118500182405114,residual,fixed_random,34.681907653808594,34.48975372314453,0.1,0,128,1105.2078857421875,8.800253868103027,10,final_hidden,2026-07-10T15:35:22.758197+00:00,nonpad_flattened,EleutherAI/pythia-70m
3584,64,0,16,main,wikitext,wikitext-2-raw-v1,validation,cuda,float32,64,pythia_dynamical_edge_residual_alpha01_probe,9801caeb1bc8252573781682c3403ed9a63b90dd,"[1, 128, 512]",inputs_embeds,paper_style_feedback_dynamics,EleutherAI/pythia-70m,0.002034649485722184,residual,fixed_random,34.852149963378906,34.681907653808594,0.1,0,128,1112.7608642578125,8.035574913024902,11,final_hidden,2026-07-10T15:35:22.758197+00:00,nonpad_flattened,EleutherAI/pythia-70m
3584,64,0,16,main,wikitext,wikitext-2-raw-v1,validation,cuda,float32,64,pythia_dynamical_edge_residual_alpha01_probe,9801caeb1bc8252573781682c3403ed9a63b90dd,"[1, 128, 512]",inputs_embeds,paper_style_feedback_dynamics,EleutherAI/pythia-70m,0.0019546938128769398,residual,fixed_random,35.00274658203125,34.852149963378906,0.1,0,128,1119.6080322265625,7.346045970916748,12,final_hidden,2026-07-10T15:35:22.758197+00:00,nonpad_flattened,EleutherAI/pythia-70m
3584,64,0,16,main,wikitext,wikitext-2-raw-v1,validation,cuda,float32,64,pythia_dynamical_edge_residual_alpha01_probe,9801caeb1bc8252573781682c3403ed9a63b90dd,"[1, 128, 512]",inputs_embeds,paper_style_feedback_dynamics,EleutherAI/pythia-70m,0.0018759183585643768,residual,fixed_random,35.13575744628906,35.00274658203125,0.1,0,128,1125.8173828125,6.724255084991455,13,final_hidden,2026-07-10T15:35:22.758197+00:00,nonpad_flattened,EleutherAI/pythia-70m
3584,64,0,16,main,wikitext,wikitext-2-raw-v1,validation,cuda,float32,64,pythia_dynamical_edge_residual_alpha01_probe,9801caeb1bc8252573781682c3403ed9a63b90dd,"[1, 128, 512]",inputs_embeds,paper_style_feedback_dynamics,EleutherAI/pythia-70m,0.0018009244231507182,residual,fixed_random,35.25300598144531,35.13575744628906,0.1,0,128,1131.450439453125,6.163518905639648,14,final_hidden,2026-07-10T15:35:22.758197+00:00,nonpad_flattened,EleutherAI/pythia-70m
3584,64,0,16,main,wikitext,wikitext-2-raw-v1,validation,cuda,float32,64,pythia_dynamical_edge_residual_alpha01_probe,9801caeb1bc8252573781682c3403ed9a63b90dd,"[1, 128, 512]",inputs_embeds,paper_style_feedback_dynamics,EleutherAI/pythia-70m,0.0017286082729697227,residual,fixed_random,35.356143951416016,35.25300598144531,0.1,0,128,1136.5625,5.657792091369629,15,final_hidden,2026-07-10T15:35:22.758197+00:00,nonpad_flattened,EleutherAI/pythia-70m
3584,64,0,16,main,wikitext,wikitext-2-raw-v1,validation,cuda,float32,64,pythia_dynamical_edge_residual_alpha01_probe,9801caeb1bc8252573781682c3403ed9a63b90dd,"[1, 128, 512]",inputs_embeds,paper_style_feedback_dynamics,EleutherAI/pythia-70m,0.0016606925055384636,residual,fixed_random,35.4466552734375,35.356143951416016,0.1,0,128,1141.2037353515625,5.20161247253418,16,final_hidden,2026-07-10T15:35:22.758197+00:00,nonpad_flattened,EleutherAI/pythia-70m
3584,64,0,16,main,wikitext,wikitext-2-raw-v1,validation,cuda,float32,64,pythia_dynamical_edge_residual_alpha01_probe,9801caeb1bc8252573781682c3403ed9a63b90dd,"[1, 128, 512]",inputs_embeds,paper_style_feedback_dynamics,EleutherAI/pythia-70m,0.0015926355263218284,residual,fixed_random,35.525875091552734,35.4466552734375,0.1,0,128,1145.41943359375,4.790042877197266,17,final_hidden,2026-07-10T15:35:22.758197+00:00,nonpad_flattened,EleutherAI/pythia-70m
3584,64,0,16,main,wikitext,wikitext-2-raw-v1,validation,cuda,float32,64,pythia_dynamical_edge_residual_alpha01_probe,9801caeb1bc8252573781682c3403ed9a63b90dd,"[1, 128, 512]",inputs_embeds,paper_style_feedback_dynamics,EleutherAI/pythia-70m,0.001528517110273242,residual,fixed_random,35.594993591308594,35.525875091552734,0.1,0,128,1149.250244140625,4.418643474578857,18,final_hidden,2026-07-10T15:35:22.758197+00:00,nonpad_flattened,EleutherAI/pythia-70m
3584,64,0,16,main,wikitext,wikitext-2-raw-v1,validation,cuda,float32,64,pythia_dynamical_edge_residual_alpha01_probe,9801caeb1bc8252573781682c3403ed9a63b90dd,"[1, 128, 512]",inputs_embeds,paper_style_feedback_dynamics,EleutherAI/pythia-70m,0.0014702545013278723,residual,fixed_random,35.65509033203125,35.594993591308594,0.1,0,128,1152.7327880859375,4.083367347717285,19,final_hidden,2026-07-10T15:35:22.758197+00:00,nonpad_flattened,EleutherAI/pythia-70m
3584,64,0,16,main,wikitext,wikitext-2-raw-v1,validation,cuda,float32,64,pythia_dynamical_edge_residual_alpha01_probe,9801caeb1bc8252573781682c3403ed9a63b90dd,"[1, 128, 512]",inputs_embeds,paper_style_feedback_dynamics,EleutherAI/pythia-70m,0.0014088512398302555,residual,fixed_random,35.70711898803711,35.65509033203125,0.1,0,128,1155.900634765625,3.780583143234253,20,final_hidden,2026-07-10T15:35:22.758197+00:00,nonpad_flattened,EleutherAI/pythia-70m
3584,64,0,16,main,wikitext,wikitext-2-raw-v1,validation,cuda,float32,64,pythia_dynamical_edge_residual_alpha01_probe,9801caeb1bc8252573781682c3403ed9a63b90dd,"[1, 128, 512]",inputs_embeds,paper_style_feedback_dynamics,EleutherAI/pythia-70m,0.0013538063503801823,residual,fixed_random,35.7519645690918,35.70711898803711,0.1,0,128,1158.7835693359375,3.5070154666900635,21,final_hidden,2026-07-10T15:35:22.758197+00:00,nonpad_flattened,EleutherAI/pythia-70m
3584,64,0,16,main,wikitext,wikitext-2-raw-v1,validation,cuda,float32,64,pythia_dynamical_edge_residual_alpha01_probe,9801caeb1bc8252573781682c3403ed9a63b90dd,"[1, 128, 512]",inputs_embeds,paper_style_feedback_dynamics,EleutherAI/pythia-70m,0.0013026469387114048,residual,fixed_random,35.790382385253906,35.7519645690918,0.1,0,128,1161.4085693359375,3.25968337059021,22,final_hidden,2026-07-10T15:35:22.758197+00:00,nonpad_flattened,EleutherAI/pythia-70m
3584,64,0,16,main,wikitext,wikitext-2-raw-v1,validation,cuda,float32,64,pythia_dynamical_edge_residual_alpha01_probe,9801caeb1bc8252573781682c3403ed9a63b90dd,"[1, 128, 512]",inputs_embeds,paper_style_feedback_dynamics,EleutherAI/pythia-70m,0.0012518955627456307,residual,fixed_random,35.823089599609375,35.790382385253906,0.1,0,128,1163.80029296875,3.035905599594116,23,final_hidden,2026-07-10T15:35:22.758197+00:00,nonpad_flattened,EleutherAI/pythia-70m
3584,64,0,16,main,wikitext,wikitext-2-raw-v1,validation,cuda,float32,64,pythia_dynamical_edge_residual_alpha01_probe,9801caeb1bc8252573781682c3403ed9a63b90dd,"[1, 128, 512]",inputs_embeds,paper_style_feedback_dynamics,EleutherAI/pythia-70m,0.0012019346468150616,residual,fixed_random,35.85071563720703,35.823089599609375,0.1,0,128,1165.9805908203125,2.8332788944244385,24,final_hidden,2026-07-10T15:35:22.758197+00:00,nonpad_flattened,EleutherAI/pythia-70m
3584,64,0,16,main,wikitext,wikitext-2-raw-v1,validation,cuda,float32,64,pythia_dynamical_edge_residual_alpha01_probe,9801caeb1bc8252573781682c3403ed9a63b90dd,"[1, 128, 512]",inputs_embeds,paper_style_feedback_dynamics,EleutherAI/pythia-70m,0.0011547703761607409,residual,fixed_random,35.87379837036133,35.85071563720703,0.1,0,128,1167.9696044921875,2.649617910385132,25,final_hidden,2026-07-10T15:35:22.758197+00:00,nonpad_flattened,EleutherAI/pythia-70m
3584,64,0,16,main,wikitext,wikitext-2-raw-v1,validation,cuda,float32,64,pythia_dynamical_edge_residual_alpha01_probe,9801caeb1bc8252573781682c3403ed9a63b90dd,"[1, 128, 512]",inputs_embeds,paper_style_feedback_dynamics,EleutherAI/pythia-70m,0.0011100347619503736,residual,fixed_random,35.892860412597656,35.87379837036133,0.1,0,128,1169.78515625,2.4829564094543457,26,final_hidden,2026-07-10T15:35:22.758197+00:00,nonpad_flattened,EleutherAI/pythia-70m
3584,64,0,16,main,wikitext,wikitext-2-raw-v1,validation,cuda,float32,64,pythia_dynamical_edge_residual_alpha01_probe,9801caeb1bc8252573781682c3403ed9a63b90dd,"[1, 128, 512]",inputs_embeds,paper_style_feedback_dynamics,EleutherAI/pythia-70m,0.001068089623004198,residual,fixed_random,35.908355712890625,35.892860412597656,0.1,0,128,1171.443603515625,2.3315277099609375,27,final_hidden,2026-07-10T15:35:22.758197+00:00,nonpad_flattened,EleutherAI/pythia-70m
3584,64,0,16,main,wikitext,wikitext-2-raw-v1,validation,cuda,float32,64,pythia_dynamical_edge_residual_alpha01_probe,9801caeb1bc8252573781682c3403ed9a63b90dd,"[1, 128, 512]",inputs_embeds,paper_style_feedback_dynamics,EleutherAI/pythia-70m,0.0010278356494382024,residual,fixed_random,35.92068099975586,35.908355712890625,0.1,0,128,1172.9595947265625,2.1937408447265625,28,final_hidden,2026-07-10T15:35:22.758197+00:00,nonpad_flattened,EleutherAI/pythia-70m
3584,64,0,16,main,wikitext,wikitext-2-raw-v1,validation,cuda,float32,64,pythia_dynamical_edge_residual_alpha01_probe,9801caeb1bc8252573781682c3403ed9a63b90dd,"[1, 128, 512]",inputs_embeds,paper_style_feedback_dynamics,EleutherAI/pythia-70m,0.0009912927635014057,residual,fixed_random,35.930206298828125,35.92068099975586,0.1,0,128,1174.346435546875,2.0681777000427246,29,final_hidden,2026-07-10T15:35:22.758197+00:00,nonpad_flattened,EleutherAI/pythia-70m
3584,64,0,16,main,wikitext,wikitext-2-raw-v1,validation,cuda,float32,64,pythia_dynamical_edge_residual_alpha01_probe,9801caeb1bc8252573781682c3403ed9a63b90dd,"[1, 128, 512]",inputs_embeds,paper_style_feedback_dynamics,EleutherAI/pythia-70m,0.0009550346876494586,residual,fixed_random,35.937255859375,35.930206298828125,0.1,0,128,1175.6160888671875,1.9535454511642456,30,final_hidden,2026-07-10T15:35:22.758197+00:00,nonpad_flattened,EleutherAI/pythia-70m
3584,64,0,16,main,wikitext,wikitext-2-raw-v1,validation,cuda,float32,64,pythia_dynamical_edge_residual_alpha01_probe,9801caeb1bc8252573781682c3403ed9a63b90dd,"[1, 128, 512]",inputs_embeds,paper_style_feedback_dynamics,EleutherAI/pythia-70m,0.0009182452922686934,residual,fixed_random,35.942115783691406,35.937255859375,0.1,0,128,1176.779296875,1.8487143516540527,31,final_hidden,2026-07-10T15:35:22.758197+00:00,nonpad_flattened,EleutherAI/pythia-70m
3584,64,0,16,main,wikitext,wikitext-2-raw-v1,validation,cuda,float32,64,pythia_dynamical_edge_residual_alpha01_probe,9801caeb1bc8252573781682c3403ed9a63b90dd,"[1, 128, 512]",inputs_embeds,paper_style_feedback_dynamics,EleutherAI/pythia-70m,0.0008862175163812935,residual,fixed_random,35.94504928588867,35.942115783691406,0.1,0,128,1177.8460693359375,1.7526462078094482,32,final_hidden,2026-07-10T15:35:22.758197+00:00,nonpad_flattened,EleutherAI/pythia-70m
3584,64,0,16,main,wikitext,wikitext-2-raw-v1,validation,cuda,float32,64,pythia_dynamical_edge_residual_alpha01_probe,9801caeb1bc8252573781682c3403ed9a63b90dd,"[1, 128, 512]",inputs_embeds,paper_style_feedback_dynamics,EleutherAI/pythia-70m,0.0008511680061928928,residual,fixed_random,35.94629669189453,35.94504928588867,0.1,0,128,1178.8251953125,1.664434790611267,33,final_hidden,2026-07-10T15:35:22.758197+00:00,nonpad_flattened,EleutherAI/pythia-70m
3584,64,0,16,main,wikitext,wikitext-2-raw-v1,validation,cuda,float32,64,pythia_dynamical_edge_residual_alpha01_probe,9801caeb1bc8252573781682c3403ed9a63b90dd,"[1, 128, 512]",inputs_embeds,paper_style_feedback_dynamics,EleutherAI/pythia-70m,0.0008201865130104125,residual,fixed_random,35.94606018066406,35.94629669189453,0.1,0,128,1179.7244873046875,1.583253026008606,34,final_hidden,2026-07-10T15:35:22.758197+00:00,nonpad_flattened,EleutherAI/pythia-70m
3584,64,0,16,main,wikitext,wikitext-2-raw-v1,validation,cuda,float32,64,pythia_dynamical_edge_residual_alpha01_probe,9801caeb1bc8252573781682c3403ed9a63b90dd,"[1, 128, 512]",inputs_embeds,paper_style_feedback_dynamics,EleutherAI/pythia-70m,0.0007889329572208226,residual,fixed_random,35.94453048706055,35.94606018066406,0.1,0,128,1180.5513916015625,1.508385419845581,35,final_hidden,2026-07-10T15:35:22.758197+00:00,nonpad_flattened,EleutherAI/pythia-70m
3584,64,0,16,main,wikitext,wikitext-2-raw-v1,validation,cuda,float32,64,pythia_dynamical_edge_residual_alpha01_probe,9801caeb1bc8252573781682c3403ed9a63b90dd,"[1, 128, 512]",inputs_embeds,paper_style_feedback_dynamics,EleutherAI/pythia-70m,0.000760940311010927,residual,fixed_random,35.941871643066406,35.94453048706055,0.1,0,128,1181.3123779296875,1.4391777515411377,36,final_hidden,2026-07-10T15:35:22.758197+00:00,nonpad_flattened,EleutherAI/pythia-70m
3584,64,0,16,main,wikitext,wikitext-2-raw-v1,validation,cuda,float32,64,pythia_dynamical_edge_residual_alpha01_probe,9801caeb1bc8252573781682c3403ed9a63b90dd,"[1, 128, 512]",inputs_embeds,paper_style_feedback_dynamics,EleutherAI/pythia-70m,0.0007306275656446815,residual,fixed_random,35.938232421875,35.941871643066406,0.1,0,128,1182.0135498046875,1.3750625848770142,37,final_hidden,2026-07-10T15:35:22.758197+00:00,nonpad_flattened,EleutherAI/pythia-70m
3584,64,0,16,main,wikitext,wikitext-2-raw-v1,validation,cuda,float32,64,pythia_dynamical_edge_residual_alpha01_probe,9801caeb1bc8252573781682c3403ed9a63b90dd,"[1, 128, 512]",inputs_embeds,paper_style_feedback_dynamics,EleutherAI/pythia-70m,0.0007064577657729387,residual,fixed_random,35.93375015258789,35.938232421875,0.1,0,128,1182.6600341796875,1.3155227899551392,38,final_hidden,2026-07-10T15:35:22.758197+00:00,nonpad_flattened,EleutherAI/pythia-70m
3584,64,0,16,main,wikitext,wikitext-2-raw-v1,validation,cuda,float32,64,pythia_dynamical_edge_residual_alpha01_probe,9801caeb1bc8252573781682c3403ed9a63b90dd,"[1, 128, 512]",inputs_embeds,paper_style_feedback_dynamics,EleutherAI/pythia-70m,0.000680803379509598,residual,fixed_random,35.92854309082031,35.93375015258789,0.1,0,128,1183.2568359375,1.2601016759872437,39,final_hidden,2026-07-10T15:35:22.758197+00:00,nonpad_flattened,EleutherAI/pythia-70m
3584,64,0,16,main,wikitext,wikitext-2-raw-v1,validation,cuda,float32,64,pythia_dynamical_edge_residual_alpha01_probe,9801caeb1bc8252573781682c3403ed9a63b90dd,"[1, 128, 512]",inputs_embeds,paper_style_feedback_dynamics,EleutherAI/pythia-70m,0.0006543642957694829,residual,fixed_random,35.922698974609375,35.92854309082031,0.1,0,128,1183.808349609375,1.208406686782837,40,final_hidden,2026-07-10T15:35:22.758197+00:00,nonpad_flattened,EleutherAI/pythia-70m
3584,64,0,16,main,wikitext,wikitext-2-raw-v1,validation,cuda,float32,64,pythia_dynamical_edge_residual_alpha01_probe,9801caeb1bc8252573781682c3403ed9a63b90dd,"[1, 128, 512]",inputs_embeds,paper_style_feedback_dynamics,EleutherAI/pythia-70m,0.0006294817430898547,residual,fixed_random,35.91633987426758,35.922698974609375,0.1,0,128,1184.318359375,1.1600673198699951,41,final_hidden,2026-07-10T15:35:22.758197+00:00,nonpad_flattened,EleutherAI/pythia-70m
3584,64,0,16,main,wikitext,wikitext-2-raw-v1,validation,cuda,float32,64,pythia_dynamical_edge_residual_alpha01_probe,9801caeb1bc8252573781682c3403ed9a63b90dd,"[1, 128, 512]",inputs_embeds,paper_style_feedback_dynamics,EleutherAI/pythia-70m,0.0006048039067536592,residual,fixed_random,35.90953826904297,35.91633987426758,0.1,0,128,1184.790771484375,1.1147855520248413,42,final_hidden,2026-07-10T15:35:22.758197+00:00,nonpad_flattened,EleutherAI/pythia-70m
3584,64,0,16,main,wikitext,wikitext-2-raw-v1,validation,cuda,float32,64,pythia_dynamical_edge_residual_alpha01_probe,9801caeb1bc8252573781682c3403ed9a63b90dd,"[1, 128, 512]",inputs_embeds,paper_style_feedback_dynamics,EleutherAI/pythia-70m,0.0005808583809994161,residual,fixed_random,35.90235900878906,35.90953826904297,0.1,0,128,1185.228759765625,1.0722689628601074,43,final_hidden,2026-07-10T15:35:22.758197+00:00,nonpad_flattened,EleutherAI/pythia-70m
3584,64,0,16,main,wikitext,wikitext-2-raw-v1,validation,cuda,float32,64,pythia_dynamical_edge_residual_alpha01_probe,9801caeb1bc8252573781682c3403ed9a63b90dd,"[1, 128, 512]",inputs_embeds,paper_style_feedback_dynamics,EleutherAI/pythia-70m,0.0005603246972896159,residual,fixed_random,35.89488220214844,35.90235900878906,0.1,0,128,1185.63525390625,1.0322623252868652,44,final_hidden,2026-07-10T15:35:22.758197+00:00,nonpad_flattened,EleutherAI/pythia-70m
3584,64,0,16,main,wikitext,wikitext-2-raw-v1,validation,cuda,float32,64,pythia_dynamical_edge_residual_alpha01_probe,9801caeb1bc8252573781682c3403ed9a63b90dd,"[1, 128, 512]",inputs_embeds,paper_style_feedback_dynamics,EleutherAI/pythia-70m,0.0005427004653029144,residual,fixed_random,35.88715744018555,35.89488220214844,0.1,0,128,1186.012939453125,0.9945521950721741,45,final_hidden,2026-07-10T15:35:22.758197+00:00,nonpad_flattened,EleutherAI/pythia-70m
3584,64,0,16,main,wikitext,wikitext-2-raw-v1,validation,cuda,float32,64,pythia_dynamical_edge_residual_alpha01_probe,9801caeb1bc8252573781682c3403ed9a63b90dd,"[1, 128, 512]",inputs_embeds,paper_style_feedback_dynamics,EleutherAI/pythia-70m,0.0005240134778432548,residual,fixed_random,35.879241943359375,35.88715744018555,0.1,0,128,1186.3642578125,0.9589464068412781,46,final_hidden,2026-07-10T15:35:22.758197+00:00,nonpad_flattened,EleutherAI/pythia-70m
3584,64,0,16,main,wikitext,wikitext-2-raw-v1,validation,cuda,float32,64,pythia_dynamical_edge_residual_alpha01_probe,9801caeb1bc8252573781682c3403ed9a63b90dd,"[1, 128, 512]",inputs_embeds,paper_style_feedback_dynamics,EleutherAI/pythia-70m,0.0005064606666564941,residual,fixed_random,35.871177673339844,35.879241943359375,0.1,0,128,1186.6915283203125,0.9252604246139526,47,final_hidden,2026-07-10T15:35:22.758197+00:00,nonpad_flattened,EleutherAI/pythia-70m
3584,64,0,16,main,wikitext,wikitext-2-raw-v1,validation,cuda,float32,64,pythia_dynamical_edge_residual_alpha01_probe,9801caeb1bc8252573781682c3403ed9a63b90dd,"[1, 128, 512]",inputs_embeds,paper_style_feedback_dynamics,EleutherAI/pythia-70m,0.0004899749765172601,residual,fixed_random,35.863006591796875,35.871177673339844,0.1,0,128,1186.99658203125,0.8933324217796326,48,final_hidden,2026-07-10T15:35:22.758197+00:00,nonpad_flattened,EleutherAI/pythia-70m
3584,64,0,16,main,wikitext,wikitext-2-raw-v1,validation,cuda,float32,64,pythia_dynamical_edge_residual_alpha01_probe,9801caeb1bc8252573781682c3403ed9a63b90dd,"[1, 128, 512]",inputs_embeds,paper_style_feedback_dynamics,EleutherAI/pythia-70m,0.00047232783981598914,residual,fixed_random,35.85476303100586,35.863006591796875,0.1,0,128,1187.281494140625,0.8630395531654358,49,final_hidden,2026-07-10T15:35:22.758197+00:00,nonpad_flattened,EleutherAI/pythia-70m
3584,64,0,16,main,wikitext,wikitext-2-raw-v1,validation,cuda,float32,64,pythia_dynamical_edge_residual_alpha01_probe,9801caeb1bc8252573781682c3403ed9a63b90dd,"[1, 128, 512]",inputs_embeds,paper_style_feedback_dynamics,EleutherAI/pythia-70m,0.0004578540101647377,residual,fixed_random,35.84648132324219,35.85476303100586,0.1,0,128,1187.5477294921875,0.8342503309249878,50,final_hidden,2026-07-10T15:35:22.758197+00:00,nonpad_flattened,EleutherAI/pythia-70m
3584,64,0,16,main,wikitext,wikitext-2-raw-v1,validation,cuda,float32,64,pythia_dynamical_edge_residual_alpha01_probe,9801caeb1bc8252573781682c3403ed9a63b90dd,"[1, 128, 512]",inputs_embeds,paper_style_feedback_dynamics,EleutherAI/pythia-70m,0.00044134899508208036,residual,fixed_random,35.83818817138672,35.84648132324219,0.1,0,128,1187.7967529296875,0.8068369030952454,51,final_hidden,2026-07-10T15:35:22.758197+00:00,nonpad_flattened,EleutherAI/pythia-70m
3584,64,0,16,main,wikitext,wikitext-2-raw-v1,validation,cuda,float32,64,pythia_dynamical_edge_residual_alpha01_probe,9801caeb1bc8252573781682c3403ed9a63b90dd,"[1, 128, 512]",inputs_embeds,paper_style_feedback_dynamics,EleutherAI/pythia-70m,0.00042975079850293696,residual,fixed_random,35.82990264892578,35.83818817138672,0.1,0,128,1188.0301513671875,0.7807182669639587,52,final_hidden,2026-07-10T15:35:22.758197+00:00,nonpad_flattened,EleutherAI/pythia-70m
3584,64,0,16,main,wikitext,wikitext-2-raw-v1,validation,cuda,float32,64,pythia_dynamical_edge_residual_alpha01_probe,9801caeb1bc8252573781682c3403ed9a63b90dd,"[1, 128, 512]",inputs_embeds,paper_style_feedback_dynamics,EleutherAI/pythia-70m,0.00041715530096553266,residual,fixed_random,35.8216552734375,35.82990264892578,0.1,0,128,1188.2490234375,0.7557944655418396,53,final_hidden,2026-07-10T15:35:22.758197+00:00,nonpad_flattened,EleutherAI/pythia-70m
3584,64,0,16,main,wikitext,wikitext-2-raw-v1,validation,cuda,float32,64,pythia_dynamical_edge_residual_alpha01_probe,9801caeb1bc8252573781682c3403ed9a63b90dd,"[1, 128, 512]",inputs_embeds,paper_style_feedback_dynamics,EleutherAI/pythia-70m,0.00040492787957191467,residual,fixed_random,35.813453674316406,35.8216552734375,0.1,0,128,1188.45458984375,0.7319838404655457,54,final_hidden,2026-07-10T15:35:22.758197+00:00,nonpad_flattened,EleutherAI/pythia-70m
3584,64,0,16,main,wikitext,wikitext-2-raw-v1,validation,cuda,float32,64,pythia_dynamical_edge_residual_alpha01_probe,9801caeb1bc8252573781682c3403ed9a63b90dd,"[1, 128, 512]",inputs_embeds,paper_style_feedback_dynamics,EleutherAI/pythia-70m,0.00038993029738776386,residual,fixed_random,35.80531692504883,35.813453674316406,0.1,0,128,1188.647705078125,0.7092066407203674,55,final_hidden,2026-07-10T15:35:22.758197+00:00,nonpad_flattened,EleutherAI/pythia-70m
3584,64,0,16,main,wikitext,wikitext-2-raw-v1,validation,cuda,float32,64,pythia_dynamical_edge_residual_alpha01_probe,9801caeb1bc8252573781682c3403ed9a63b90dd,"[1, 128, 512]",inputs_embeds,paper_style_feedback_dynamics,EleutherAI/pythia-70m,0.000378695986000821,residual,fixed_random,35.79726791381836,35.80531692504883,0.1,0,128,1188.8297119140625,0.6874114871025085,56,final_hidden,2026-07-10T15:35:22.758197+00:00,nonpad_flattened,EleutherAI/pythia-70m
3584,64,0,16,main,wikitext,wikitext-2-raw-v1,validation,cuda,float32,64,pythia_dynamical_edge_residual_alpha01_probe,9801caeb1bc8252573781682c3403ed9a63b90dd,"[1, 128, 512]",inputs_embeds,paper_style_feedback_dynamics,EleutherAI/pythia-70m,0.00037079700268805027,residual,fixed_random,35.78929901123047,35.79726791381836,0.1,0,128,1189.0010986328125,0.6665217280387878,57,final_hidden,2026-07-10T15:35:22.758197+00:00,nonpad_flattened,EleutherAI/pythia-70m
3584,64,0,16,main,wikitext,wikitext-2-raw-v1,validation,cuda,float32,64,pythia_dynamical_edge_residual_alpha01_probe,9801caeb1bc8252573781682c3403ed9a63b90dd,"[1, 128, 512]",inputs_embeds,paper_style_feedback_dynamics,EleutherAI/pythia-70m,0.0003578938776627183,residual,fixed_random,35.78144073486328,35.78929901123047,0.1,0,128,1189.1627197265625,0.6464938521385193,58,final_hidden,2026-07-10T15:35:22.758197+00:00,nonpad_flattened,EleutherAI/pythia-70m
3584,64,0,16,main,wikitext,wikitext-2-raw-v1,validation,cuda,float32,64,pythia_dynamical_edge_residual_alpha01_probe,9801caeb1bc8252573781682c3403ed9a63b90dd,"[1, 128, 512]",inputs_embeds,paper_style_feedback_dynamics,EleutherAI/pythia-70m,0.0003476536658126861,residual,fixed_random,35.773685455322266,35.78144073486328,0.1,0,128,1189.3154296875,0.6272724270820618,59,final_hidden,2026-07-10T15:35:22.758197+00:00,nonpad_flattened,EleutherAI/pythia-70m
3584,64,0,16,main,wikitext,wikitext-2-raw-v1,validation,cuda,float32,64,pythia_dynamical_edge_residual_alpha01_probe,9801caeb1bc8252573781682c3403ed9a63b90dd,"[1, 128, 512]",inputs_embeds,paper_style_feedback_dynamics,EleutherAI/pythia-70m,0.0003344044671393931,residual,fixed_random,35.76605224609375,35.773685455322266,0.1,0,128,1189.459716796875,0.6088049411773682,60,final_hidden,2026-07-10T15:35:22.758197+00:00,nonpad_flattened,EleutherAI/pythia-70m
3584,64,0,16,main,wikitext,wikitext-2-raw-v1,validation,cuda,float32,64,pythia_dynamical_edge_residual_alpha01_probe,9801caeb1bc8252573781682c3403ed9a63b90dd,"[1, 128, 512]",inputs_embeds,paper_style_feedback_dynamics,EleutherAI/pythia-70m,0.0003265095583628863,residual,fixed_random,35.75853729248047,35.76605224609375,0.1,0,128,1189.5963134765625,0.5910546183586121,61,final_hidden,2026-07-10T15:35:22.758197+00:00,nonpad_flattened,EleutherAI/pythia-70m
3584,64,0,16,main,wikitext,wikitext-2-raw-v1,validation,cuda,float32,64,pythia_dynamical_edge_residual_alpha01_probe,9801caeb1bc8252573781682c3403ed9a63b90dd,"[1, 128, 512]",inputs_embeds,paper_style_feedback_dynamics,EleutherAI/pythia-70m,0.00031743827275931835,residual,fixed_random,35.75115203857422,35.75853729248047,0.1,0,128,1189.7257080078125,0.5739697813987732,62,final_hidden,2026-07-10T15:35:22.758197+00:00,nonpad_flattened,EleutherAI/pythia-70m
65536,64,1,16,main,wikitext,wikitext-2-raw-v1,validation,cuda,float32,64,pythia_dynamical_edge_residual_alpha01_probe,9801caeb1bc8252573781682c3403ed9a63b90dd,"[1, 128, 512]",inputs_embeds,paper_style_feedback_dynamics,EleutherAI/pythia-70m,0.02039467543363571,residual,fixed_random,30.232322692871094,29.541250228881836,0.1,1,128,4144.626953125,98.00991821289062,0,final_hidden,2026-07-10T15:35:22.758197+00:00,nonpad_flattened,EleutherAI/pythia-70m
65536,64,1,16,main,wikitext,wikitext-2-raw-v1,validation,cuda,float32,64,pythia_dynamical_edge_residual_alpha01_probe,9801caeb1bc8252573781682c3403ed9a63b90dd,"[1, 128, 512]",inputs_embeds,paper_style_feedback_dynamics,EleutherAI/pythia-70m,0.019646933302283287,residual,fixed_random,30.862171173095703,30.232322692871094,0.1,1,128,4232.1083984375,88.82479858398438,1,final_hidden,2026-07-10T15:35:22.758197+00:00,nonpad_flattened,EleutherAI/pythia-70m
65536,64,1,16,main,wikitext,wikitext-2-raw-v1,validation,cuda,float32,64,pythia_dynamical_edge_residual_alpha01_probe,9801caeb1bc8252573781682c3403ed9a63b90dd,"[1, 128, 512]",inputs_embeds,paper_style_feedback_dynamics,EleutherAI/pythia-70m,0.018912285566329956,residual,fixed_random,31.436351776123047,30.862171173095703,0.1,1,128,4311.2236328125,80.53792572021484,2,final_hidden,2026-07-10T15:35:22.758197+00:00,nonpad_flattened,EleutherAI/pythia-70m
65536,64,1,16,main,wikitext,wikitext-2-raw-v1,validation,cuda,float32,64,pythia_dynamical_edge_residual_alpha01_probe,9801caeb1bc8252573781682c3403ed9a63b90dd,"[1, 128, 512]",inputs_embeds,paper_style_feedback_dynamics,EleutherAI/pythia-70m,0.018190668895840645,residual,fixed_random,31.959959030151367,31.436351776123047,0.1,1,128,4382.7841796875,73.062255859375,3,final_hidden,2026-07-10T15:35:22.758197+00:00,nonpad_flattened,EleutherAI/pythia-70m
65536,64,1,16,main,wikitext,wikitext-2-raw-v1,validation,cuda,float32,64,pythia_dynamical_edge_residual_alpha01_probe,9801caeb1bc8252573781682c3403ed9a63b90dd,"[1, 128, 512]",inputs_embeds,paper_style_feedback_dynamics,EleutherAI/pythia-70m,0.017484890297055244,residual,fixed_random,32.43757629394531,31.959959030151367,0.1,1,128,4447.5234375,66.31901550292969,4,final_hidden,2026-07-10T15:35:22.758197+00:00,nonpad_flattened,EleutherAI/pythia-70m
65536,64,1,16,main,wikitext,wikitext-2-raw-v1,validation,cuda,float32,64,pythia_dynamical_edge_residual_alpha01_probe,9801caeb1bc8252573781682c3403ed9a63b90dd,"[1, 128, 512]",inputs_embeds,paper_style_feedback_dynamics,EleutherAI/pythia-70m,0.016798963770270348,residual,fixed_random,32.8734016418457,32.43757629394531,0.1,1,128,4506.10302734375,60.236907958984375,5,final_hidden,2026-07-10T15:35:22.758197+00:00,nonpad_flattened,EleutherAI/pythia-70m
65536,64,1,16,main,wikitext,wikitext-2-raw-v1,validation,cuda,float32,64,pythia_dynamical_edge_residual_alpha01_probe,9801caeb1bc8252573781682c3403ed9a63b90dd,"[1, 128, 512]",inputs_embeds,paper_style_feedback_dynamics,EleutherAI/pythia-70m,0.016132742166519165,residual,fixed_random,33.2712516784668,32.8734016418457,0.1,1,128,4559.12109375,54.751522064208984,6,final_hidden,2026-07-10T15:35:22.758197+00:00,nonpad_flattened,EleutherAI/pythia-70m
65536,64,1,16,main,wikitext,wikitext-2-raw-v1,validation,cuda,float32,64,pythia_dynamical_edge_residual_alpha01_probe,9801caeb1bc8252573781682c3403ed9a63b90dd,"[1, 128, 512]",inputs_embeds,paper_style_feedback_dynamics,EleutherAI/pythia-70m,0.015487372875213623,residual,fixed_random,33.63458251953125,33.2712516784668,0.1,1,128,4607.1162109375,49.80459976196289,7,final_hidden,2026-07-10T15:35:22.758197+00:00,nonpad_flattened,EleutherAI/pythia-70m
65536,64,1,16,main,wikitext,wikitext-2-raw-v1,validation,cuda,float32,64,pythia_dynamical_edge_residual_alpha01_probe,9801caeb1bc8252573781682c3403ed9a63b90dd,"[1, 128, 512]",inputs_embeds,paper_style_feedback_dynamics,EleutherAI/pythia-70m,0.014864603988826275,residual,fixed_random,33.966529846191406,33.63458251953125,0.1,1,128,4650.5751953125,45.3434944152832,8,final_hidden,2026-07-10T15:35:22.758197+00:00,nonpad_flattened,EleutherAI/pythia-70m
65536,64,1,16,main,wikitext,wikitext-2-raw-v1,validation,cuda,float32,64,pythia_dynamical_edge_residual_alpha01_probe,9801caeb1bc8252573781682c3403ed9a63b90dd,"[1, 128, 512]",inputs_embeds,paper_style_feedback_dynamics,EleutherAI/pythia-70m,0.014263457618653774,residual,fixed_random,34.269954681396484,33.966529846191406,0.1,1,128,4689.93701171875,41.3206787109375,9,final_hidden,2026-07-10T15:35:22.758197+00:00,nonpad_flattened,EleutherAI/pythia-70m
65536,64,1,16,main,wikitext,wikitext-2-raw-v1,validation,cuda,float32,64,pythia_dynamical_edge_residual_alpha01_probe,9801caeb1bc8252573781682c3403ed9a63b90dd,"[1, 128, 512]",inputs_embeds,paper_style_feedback_dynamics,EleutherAI/pythia-70m,0.013684399425983429,residual,fixed_random,34.54744338989258,34.269954681396484,0.1,1,128,4725.5986328125,37.693145751953125,10,final_hidden,2026-07-10T15:35:22.758197+00:00,nonpad_flattened,EleutherAI/pythia-70m
65536,64,1,16,main,wikitext,wikitext-2-raw-v1,validation,cuda,float32,64,pythia_dynamical_edge_residual_alpha01_probe,9801caeb1bc8252573781682c3403ed9a63b90dd,"[1, 128, 512]",inputs_embeds,paper_style_feedback_dynamics,EleutherAI/pythia-70m,0.013125840574502945,residual,fixed_random,34.80134963989258,34.54744338989258,0.1,1,128,4757.91748046875,34.422088623046875,11,final_hidden,2026-07-10T15:35:22.758197+00:00,nonpad_flattened,EleutherAI/pythia-70m
65536,64,1,16,main,wikitext,wikitext-2-raw-v1,validation,cuda,float32,64,pythia_dynamical_edge_residual_alpha01_probe,9801caeb1bc8252573781682c3403ed9a63b90dd,"[1, 128, 512]",inputs_embeds,paper_style_feedback_dynamics,EleutherAI/pythia-70m,0.01258719153702259,residual,fixed_random,35.033809661865234,34.80134963989258,0.1,1,128,4787.216796875,31.47248077392578,12,final_hidden,2026-07-10T15:35:22.758197+00:00,nonpad_flattened,EleutherAI/pythia-70m
65536,64,1,16,main,wikitext,wikitext-2-raw-v1,validation,cuda,float32,64,pythia_dynamical_edge_residual_alpha01_probe,9801caeb1bc8252573781682c3403ed9a63b90dd,"[1, 128, 512]",inputs_embeds,paper_style_feedback_dynamics,EleutherAI/pythia-70m,0.0120700029656291,residual,fixed_random,35.24674987792969,35.033809661865234,0.1,1,128,4813.787109375,28.812620162963867,13,final_hidden,2026-07-10T15:35:22.758197+00:00,nonpad_flattened,EleutherAI/pythia-70m
65536,64,1,16,main,wikitext,wikitext-2-raw-v1,validation,cuda,float32,64,pythia_dynamical_edge_residual_alpha01_probe,9801caeb1bc8252573781682c3403ed9a63b90dd,"[1, 128, 512]",inputs_embeds,paper_style_feedback_dynamics,EleutherAI/pythia-70m,0.011573039926588535,residual,fixed_random,35.44194412231445,35.24674987792969,0.1,1,128,4837.89208984375,26.41390609741211,14,final_hidden,2026-07-10T15:35:22.758197+00:00,nonpad_flattened,EleutherAI/pythia-70m
65536,64,1,16,main,wikitext,wikitext-2-raw-v1,validation,cuda,float32,64,pythia_dynamical_edge_residual_alpha01_probe,9801caeb1bc8252573781682c3403ed9a63b90dd,"[1, 128, 512]",inputs_embeds,paper_style_feedback_dynamics,EleutherAI/pythia-70m,0.011097464710474014,residual,fixed_random,35.6209716796875,35.44194412231445,0.1,1,128,4859.76806640625,24.2504940032959,15,final_hidden,2026-07-10T15:35:22.758197+00:00,nonpad_flattened,EleutherAI/pythia-70m
65536,64,1,16,main,wikitext,wikitext-2-raw-v1,validation,cuda,float32,64,pythia_dynamical_edge_residual_alpha01_probe,9801caeb1bc8252573781682c3403ed9a63b90dd,"[1, 128, 512]",inputs_embeds,paper_style_feedback_dynamics,EleutherAI/pythia-70m,0.010641589760780334,residual,fixed_random,35.7852897644043,35.6209716796875,0.1,1,128,4879.63037109375,22.299020767211914,16,final_hidden,2026-07-10T15:35:22.758197+00:00,nonpad_flattened,EleutherAI/pythia-70m
65536,64,1,16,main,wikitext,wikitext-2-raw-v1,validation,cuda,float32,64,pythia_dynamical_edge_residual_alpha01_probe,9801caeb1bc8252573781682c3403ed9a63b90dd,"[1, 128, 512]",inputs_embeds,paper_style_feedback_dynamics,EleutherAI/pythia-70m,0.010205904953181744,residual,fixed_random,35.93621063232422,35.7852897644043,0.1,1,128,4897.67138671875,20.538389205932617,17,final_hidden,2026-07-10T15:35:22.758197+00:00,nonpad_flattened,EleutherAI/pythia-70m
65536,64,1,16,main,wikitext,wikitext-2-raw-v1,validation,cuda,float32,64,pythia_dynamical_edge_residual_alpha01_probe,9801caeb1bc8252573781682c3403ed9a63b90dd,"[1, 128, 512]",inputs_embeds,paper_style_feedback_dynamics,EleutherAI/pythia-70m,0.009788359515368938,residual,fixed_random,36.07493591308594,35.93621063232422,0.1,1,128,4914.0654296875,18.94955825805664,18,final_hidden,2026-07-10T15:35:22.758197+00:00,nonpad_flattened,EleutherAI/pythia-70m
65536,64,1,16,main,wikitext,wikitext-2-raw-v1,validation,cuda,float32,64,pythia_dynamical_edge_residual_alpha01_probe,9801caeb1bc8252573781682c3403ed9a63b90dd,"[1, 128, 512]",inputs_embeds,paper_style_feedback_dynamics,EleutherAI/pythia-70m,0.009385665878653526,residual,fixed_random,36.20254135131836,36.07493591308594,0.1,1,128,4928.970703125,17.515230178833008,19,final_hidden,2026-07-10T15:35:22.758197+00:00,nonpad_flattened,EleutherAI/pythia-70m
65536,64,1,16,main,wikitext,wikitext-2-raw-v1,validation,cuda,float32,64,pythia_dynamical_edge_residual_alpha01_probe,9801caeb1bc8252573781682c3403ed9a63b90dd,"[1, 128, 512]",inputs_embeds,paper_style_feedback_dynamics,EleutherAI/pythia-70m,0.009001249447464943,residual,fixed_random,36.32000732421875,36.20254135131836,0.1,1,128,4942.52783203125,16.219913482666016,20,final_hidden,2026-07-10T15:35:22.758197+00:00,nonpad_flattened,EleutherAI/pythia-70m
65536,64,1,16,main,wikitext,wikitext-2-raw-v1,validation,cuda,float32,64,pythia_dynamical_edge_residual_alpha01_probe,9801caeb1bc8252573781682c3403ed9a63b90dd,"[1, 128, 512]",inputs_embeds,paper_style_feedback_dynamics,EleutherAI/pythia-70m,0.008632932789623737,residual,fixed_random,36.4282341003418,36.32000732421875,0.1,1,128,4954.86669921875,15.049534797668457,21,final_hidden,2026-07-10T15:35:22.758197+00:00,nonpad_flattened,EleutherAI/pythia-70m
65536,64,1,16,main,wikitext,wikitext-2-raw-v1,validation,cuda,float32,64,pythia_dynamical_edge_residual_alpha01_probe,9801caeb1bc8252573781682c3403ed9a63b90dd,"[1, 128, 512]",inputs_embeds,paper_style_feedback_dynamics,EleutherAI/pythia-70m,0.008282735012471676,residual,fixed_random,36.52803039550781,36.4282341003418,0.1,1,128,4966.10205078125,13.991353988647461,22,final_hidden,2026-07-10T15:35:22.758197+00:00,nonpad_flattened,EleutherAI/pythia-70m
65536,64,1,16,main,wikitext,wikitext-2-raw-v1,validation,cuda,float32,64,pythia_dynamical_edge_residual_alpha01_probe,9801caeb1bc8252573781682c3403ed9a63b90dd,"[1, 128, 512]",inputs_embeds,paper_style_feedback_dynamics,EleutherAI/pythia-70m,0.007942442782223225,residual,fixed_random,36.62013244628906,36.52803039550781,0.1,1,128,4976.33935546875,13.033943176269531,23,final_hidden,2026-07-10T15:35:22.758197+00:00,nonpad_flattened,EleutherAI/pythia-70m
65536,64,1,16,main,wikitext,wikitext-2-raw-v1,validation,cuda,float32,64,pythia_dynamical_edge_residual_alpha01_probe,9801caeb1bc8252573781682c3403ed9a63b90dd,"[1, 128, 512]",inputs_embeds,paper_style_feedback_dynamics,EleutherAI/pythia-70m,0.007621283642947674,residual,fixed_random,36.7052116394043,36.62013244628906,0.1,1,128,4985.671875,12.16696548461914,24,final_hidden,2026-07-10T15:35:22.758197+00:00,nonpad_flattened,EleutherAI/pythia-70m
65536,64,1,16,main,wikitext,wikitext-2-raw-v1,validation,cuda,float32,64,pythia_dynamical_edge_residual_alpha01_probe,9801caeb1bc8252573781682c3403ed9a63b90dd,"[1, 128, 512]",inputs_embeds,paper_style_feedback_dynamics,EleutherAI/pythia-70m,0.00731277372688055,residual,fixed_random,36.78387451171875,36.7052116394043,0.1,1,128,4994.18603515625,11.381084442138672,25,final_hidden,2026-07-10T15:35:22.758197+00:00,nonpad_flattened,EleutherAI/pythia-70m
65536,64,1,16,main,wikitext,wikitext-2-raw-v1,validation,cuda,float32,64,pythia_dynamical_edge_residual_alpha01_probe,9801caeb1bc8252573781682c3403ed9a63b90dd,"[1, 128, 512]",inputs_embeds,paper_style_feedback_dynamics,EleutherAI/pythia-70m,0.0070190043188631535,residual,fixed_random,36.85667419433594,36.78387451171875,0.1,1,128,5001.95751953125,10.667888641357422,26,final_hidden,2026-07-10T15:35:22.758197+00:00,nonpad_flattened,EleutherAI/pythia-70m
65536,64,1,16,main,wikitext,wikitext-2-raw-v1,validation,cuda,float32,64,pythia_dynamical_edge_residual_alpha01_probe,9801caeb1bc8252573781682c3403ed9a63b90dd,"[1, 128, 512]",inputs_embeds,paper_style_feedback_dynamics,EleutherAI/pythia-70m,0.006738139782100916,residual,fixed_random,36.92411804199219,36.85667419433594,0.1,1,128,5009.05712890625,10.019835472106934,27,final_hidden,2026-07-10T15:35:22.758197+00:00,nonpad_flattened,EleutherAI/pythia-70m
65536,64,1,16,main,wikitext,wikitext-2-raw-v1,validation,cuda,float32,64,pythia_dynamical_edge_residual_alpha01_probe,9801caeb1bc8252573781682c3403ed9a63b90dd,"[1, 128, 512]",inputs_embeds,paper_style_feedback_dynamics,EleutherAI/pythia-70m,0.00646921107545495,residual,fixed_random,36.98664855957031,36.92411804199219,0.1,1,128,5015.546875,9.43012809753418,28,final_hidden,2026-07-10T15:35:22.758197+00:00,nonpad_flattened,EleutherAI/pythia-70m
65536,64,1,16,main,wikitext,wikitext-2-raw-v1,validation,cuda,float32,64,pythia_dynamical_edge_residual_alpha01_probe,9801caeb1bc8252573781682c3403ed9a63b90dd,"[1, 128, 512]",inputs_embeds,paper_style_feedback_dynamics,EleutherAI/pythia-70m,0.006212540436536074,residual,fixed_random,37.044708251953125,36.98664855957031,0.1,1,128,5021.484375,8.89266586303711,29,final_hidden,2026-07-10T15:35:22.758197+00:00,nonpad_flattened,EleutherAI/pythia-70m
65536,64,1,16,main,wikitext,wikitext-2-raw-v1,validation,cuda,float32,64,pythia_dynamical_edge_residual_alpha01_probe,9801caeb1bc8252573781682c3403ed9a63b90dd,"[1, 128, 512]",inputs_embeds,paper_style_feedback_dynamics,EleutherAI/pythia-70m,0.005968871526420116,residual,fixed_random,37.09865188598633,37.044708251953125,0.1,1,128,5026.919921875,8.401931762695312,30,final_hidden,2026-07-10T15:35:22.758197+00:00,nonpad_flattened,EleutherAI/pythia-70m
65536,64,1,16,main,wikitext,wikitext-2-raw-v1,validation,cuda,float32,64,pythia_dynamical_edge_residual_alpha01_probe,9801caeb1bc8252573781682c3403ed9a63b90dd,"[1, 128, 512]",inputs_embeds,paper_style_feedback_dynamics,EleutherAI/pythia-70m,0.005735874176025391,residual,fixed_random,37.148834228515625,37.09865188598633,0.1,1,128,5031.90087890625,7.95308256149292,31,final_hidden,2026-07-10T15:35:22.758197+00:00,nonpad_flattened,EleutherAI/pythia-70m
65536,64,1,16,main,wikitext,wikitext-2-raw-v1,validation,cuda,float32,64,pythia_dynamical_edge_residual_alpha01_probe,9801caeb1bc8252573781682c3403ed9a63b90dd,"[1, 128, 512]",inputs_embeds,paper_style_feedback_dynamics,EleutherAI/pythia-70m,0.005511694587767124,residual,fixed_random,37.1955680847168,37.148834228515625,0.1,1,128,5036.46826171875,7.541711330413818,32,final_hidden,2026-07-10T15:35:22.758197+00:00,nonpad_flattened,EleutherAI/pythia-70m
65536,64,1,16,main,wikitext,wikitext-2-raw-v1,validation,cuda,float32,64,pythia_dynamical_edge_residual_alpha01_probe,9801caeb1bc8252573781682c3403ed9a63b90dd,"[1, 128, 512]",inputs_embeds,paper_style_feedback_dynamics,EleutherAI/pythia-70m,0.005298511125147343,residual,fixed_random,37.2391357421875,37.1955680847168,0.1,1,128,5040.66015625,7.163899898529053,33,final_hidden,2026-07-10T15:35:22.758197+00:00,nonpad_flattened,EleutherAI/pythia-70m
65536,64,1,16,main,wikitext,wikitext-2-raw-v1,validation,cuda,float32,64,pythia_dynamical_edge_residual_alpha01_probe,9801caeb1bc8252573781682c3403ed9a63b90dd,"[1, 128, 512]",inputs_embeds,paper_style_feedback_dynamics,EleutherAI/pythia-70m,0.0051000104285776615,residual,fixed_random,37.27980041503906,37.2391357421875,0.1,1,128,5044.51123046875,6.816164493560791,34,final_hidden,2026-07-10T15:35:22.758197+00:00,nonpad_flattened,EleutherAI/pythia-70m
65536,64,1,16,main,wikitext,wikitext-2-raw-v1,validation,cuda,float32,64,pythia_dynamical_edge_residual_alpha01_probe,9801caeb1bc8252573781682c3403ed9a63b90dd,"[1, 128, 512]",inputs_embeds,paper_style_feedback_dynamics,EleutherAI/pythia-70m,0.004904472269117832,residual,fixed_random,37.31780242919922,37.27980041503906,0.1,1,128,5048.05224609375,6.495405673980713,35,final_hidden,2026-07-10T15:35:22.758197+00:00,nonpad_flattened,EleutherAI/pythia-70m
65536,64,1,16,main,wikitext,wikitext-2-raw-v1,validation,cuda,float32,64,pythia_dynamical_edge_residual_alpha01_probe,9801caeb1bc8252573781682c3403ed9a63b90dd,"[1, 128, 512]",inputs_embeds,paper_style_feedback_dynamics,EleutherAI/pythia-70m,0.004717859905213118,residual,fixed_random,37.35334014892578,37.31780242919922,0.1,1,128,5051.3115234375,6.198841571807861,36,final_hidden,2026-07-10T15:35:22.758197+00:00,nonpad_flattened,EleutherAI/pythia-70m
65536,64,1,16,main,wikitext,wikitext-2-raw-v1,validation,cuda,float32,64,pythia_dynamical_edge_residual_alpha01_probe,9801caeb1bc8252573781682c3403ed9a63b90dd,"[1, 128, 512]",inputs_embeds,paper_style_feedback_dynamics,EleutherAI/pythia-70m,0.004539718385785818,residual,fixed_random,37.386634826660156,37.35334014892578,0.1,1,128,5054.31396484375,5.9240241050720215,37,final_hidden,2026-07-10T15:35:22.758197+00:00,nonpad_flattened,EleutherAI/pythia-70m
65536,64,1,16,main,wikitext,wikitext-2-raw-v1,validation,cuda,float32,64,pythia_dynamical_edge_residual_alpha01_probe,9801caeb1bc8252573781682c3403ed9a63b90dd,"[1, 128, 512]",inputs_embeds,paper_style_feedback_dynamics,EleutherAI/pythia-70m,0.004373685456812382,residual,fixed_random,37.41786193847656,37.386634826660156,0.1,1,128,5057.0830078125,5.668765068054199,38,final_hidden,2026-07-10T15:35:22.758197+00:00,nonpad_flattened,EleutherAI/pythia-70m
65536,64,1,16,main,wikitext,wikitext-2-raw-v1,validation,cuda,float32,64,pythia_dynamical_edge_residual_alpha01_probe,9801caeb1bc8252573781682c3403ed9a63b90dd,"[1, 128, 512]",inputs_embeds,paper_style_feedback_dynamics,EleutherAI/pythia-70m,0.004211698193103075,residual,fixed_random,37.44715881347656,37.41786193847656,0.1,1,128,5059.6396484375,5.431131839752197,39,final_hidden,2026-07-10T15:35:22.758197+00:00,nonpad_flattened,EleutherAI/pythia-70m
65536,64,1,16,main,wikitext,wikitext-2-raw-v1,validation,cuda,float32,64,pythia_dynamical_edge_residual_alpha01_probe,9801caeb1bc8252573781682c3403ed9a63b90dd,"[1, 128, 512]",inputs_embeds,paper_style_feedback_dynamics,EleutherAI/pythia-70m,0.004055445548146963,residual,fixed_random,37.47471237182617,37.44715881347656,0.1,1,128,5062.001953125,5.209406852722168,40,final_hidden,2026-07-10T15:35:22.758197+00:00,nonpad_flattened,EleutherAI/pythia-70m
65536,64,1,16,main,wikitext,wikitext-2-raw-v1,validation,cuda,float32,64,pythia_dynamical_edge_residual_alpha01_probe,9801caeb1bc8252573781682c3403ed9a63b90dd,"[1, 128, 512]",inputs_embeds,paper_style_feedback_dynamics,EleutherAI/pythia-70m,0.003904106095433235,residual,fixed_random,37.50063705444336,37.47471237182617,0.1,1,128,5064.18701171875,5.0020527839660645,41,final_hidden,2026-07-10T15:35:22.758197+00:00,nonpad_flattened,EleutherAI/pythia-70m
65536,64,1,16,main,wikitext,wikitext-2-raw-v1,validation,cuda,float32,64,pythia_dynamical_edge_residual_alpha01_probe,9801caeb1bc8252573781682c3403ed9a63b90dd,"[1, 128, 512]",inputs_embeds,paper_style_feedback_dynamics,EleutherAI/pythia-70m,0.0037593648303300142,residual,fixed_random,37.525062561035156,37.50063705444336,0.1,1,128,5066.2109375,4.807738780975342,42,final_hidden,2026-07-10T15:35:22.758197+00:00,nonpad_flattened,EleutherAI/pythia-70m
65536,64,1,16,main,wikitext,wikitext-2-raw-v1,validation,cuda,float32,64,pythia_dynamical_edge_residual_alpha01_probe,9801caeb1bc8252573781682c3403ed9a63b90dd,"[1, 128, 512]",inputs_embeds,paper_style_feedback_dynamics,EleutherAI/pythia-70m,0.0036217577289789915,residual,fixed_random,37.54810333251953,37.525062561035156,0.1,1,128,5068.08740234375,4.625240802764893,43,final_hidden,2026-07-10T15:35:22.758197+00:00,nonpad_flattened,EleutherAI/pythia-70m
65536,64,1,16,main,wikitext,wikitext-2-raw-v1,validation,cuda,float32,64,pythia_dynamical_edge_residual_alpha01_probe,9801caeb1bc8252573781682c3403ed9a63b90dd,"[1, 128, 512]",inputs_embeds,paper_style_feedback_dynamics,EleutherAI/pythia-70m,0.003491620998829603,residual,fixed_random,37.569862365722656,37.54810333251953,0.1,1,128,5069.8291015625,4.453514099121094,44,final_hidden,2026-07-10T15:35:22.758197+00:00,nonpad_flattened,EleutherAI/pythia-70m
65536,64,1,16,main,wikitext,wikitext-2-raw-v1,validation,cuda,float32,64,pythia_dynamical_edge_residual_alpha01_probe,9801caeb1bc8252573781682c3403ed9a63b90dd,"[1, 128, 512]",inputs_embeds,paper_style_feedback_dynamics,EleutherAI/pythia-70m,0.0033662677742540836,residual,fixed_random,37.59043884277344,37.569862365722656,0.1,1,128,5071.44775390625,4.291597843170166,45,final_hidden,2026-07-10T15:35:22.758197+00:00,nonpad_flattened,EleutherAI/pythia-70m
65536,64,1,16,main,wikitext,wikitext-2-raw-v1,validation,cuda,float32,64,pythia_dynamical_edge_residual_alpha01_probe,9801caeb1bc8252573781682c3403ed9a63b90dd,"[1, 128, 512]",inputs_embeds,paper_style_feedback_dynamics,EleutherAI/pythia-70m,0.003244986990466714,residual,fixed_random,37.60992431640625,37.59043884277344,0.1,1,128,5072.95361328125,4.1386494636535645,46,final_hidden,2026-07-10T15:35:22.758197+00:00,nonpad_flattened,EleutherAI/pythia-70m
65536,64,1,16,main,wikitext,wikitext-2-raw-v1,validation,cuda,float32,64,pythia_dynamical_edge_residual_alpha01_probe,9801caeb1bc8252573781682c3403ed9a63b90dd,"[1, 128, 512]",inputs_embeds,paper_style_feedback_dynamics,EleutherAI/pythia-70m,0.0031330392230302095,residual,fixed_random,37.62839126586914,37.60992431640625,0.1,1,128,5074.35595703125,3.9939260482788086,47,final_hidden,2026-07-10T15:35:22.758197+00:00,nonpad_flattened,EleutherAI/pythia-70m
65536,64,1,16,main,wikitext,wikitext-2-raw-v1,validation,cuda,float32,64,pythia_dynamical_edge_residual_alpha01_probe,9801caeb1bc8252573781682c3403ed9a63b90dd,"[1, 128, 512]",inputs_embeds,paper_style_feedback_dynamics,EleutherAI/pythia-70m,0.0030277117621153593,residual,fixed_random,37.64591598510742,37.62839126586914,0.1,1,128,5075.6640625,3.856757402420044,48,final_hidden,2026-07-10T15:35:22.758197+00:00,nonpad_flattened,EleutherAI/pythia-70m
65536,64,1,16,main,wikitext,wikitext-2-raw-v1,validation,cuda,float32,64,pythia_dynamical_edge_residual_alpha01_probe,9801caeb1bc8252573781682c3403ed9a63b90dd,"[1, 128, 512]",inputs_embeds,paper_style_feedback_dynamics,EleutherAI/pythia-70m,0.002925775945186615,residual,fixed_random,37.66256332397461,37.64591598510742,0.1,1,128,5076.884765625,3.726539373397827,49,final_hidden,2026-07-10T15:35:22.758197+00:00,nonpad_flattened,EleutherAI/pythia-70m
65536,64,1,16,main,wikitext,wikitext-2-raw-v1,validation,cuda,float32,64,pythia_dynamical_edge_residual_alpha01_probe,9801caeb1bc8252573781682c3403ed9a63b90dd,"[1, 128, 512]",inputs_embeds,paper_style_feedback_dynamics,EleutherAI/pythia-70m,0.002826112322509289,residual,fixed_random,37.67839813232422,37.66256332397461,0.1,1,128,5078.0263671875,3.602743625640869,50,final_hidden,2026-07-10T15:35:22.758197+00:00,nonpad_flattened,EleutherAI/pythia-70m
65536,64,1,16,main,wikitext,wikitext-2-raw-v1,validation,cuda,float32,64,pythia_dynamical_edge_residual_alpha01_probe,9801caeb1bc8252573781682c3403ed9a63b90dd,"[1, 128, 512]",inputs_embeds,paper_style_feedback_dynamics,EleutherAI/pythia-70m,0.002730886684730649,residual,fixed_random,37.6934814453125,37.67839813232422,0.1,1,128,5079.09423828125,3.484880208969116,51,final_hidden,2026-07-10T15:35:22.758197+00:00,nonpad_flattened,EleutherAI/pythia-70m
65536,64,1,16,main,wikitext,wikitext-2-raw-v1,validation,cuda,float32,64,pythia_dynamical_edge_residual_alpha01_probe,9801caeb1bc8252573781682c3403ed9a63b90dd,"[1, 128, 512]",inputs_embeds,paper_style_feedback_dynamics,EleutherAI/pythia-70m,0.002640761435031891,residual,fixed_random,37.707855224609375,37.6934814453125,0.1,1,128,5080.0947265625,3.372540235519409,52,final_hidden,2026-07-10T15:35:22.758197+00:00,nonpad_flattened,EleutherAI/pythia-70m
65536,64,1,16,main,wikitext,wikitext-2-raw-v1,validation,cuda,float32,64,pythia_dynamical_edge_residual_alpha01_probe,9801caeb1bc8252573781682c3403ed9a63b90dd,"[1, 128, 512]",inputs_embeds,paper_style_feedback_dynamics,EleutherAI/pythia-70m,0.0025533558800816536,residual,fixed_random,37.72157287597656,37.707855224609375,0.1,1,128,5081.03369140625,3.26531720161438,53,final_hidden,2026-07-10T15:35:22.758197+00:00,nonpad_flattened,EleutherAI/pythia-70m
65536,64,1,16,main,wikitext,wikitext-2-raw-v1,validation,cuda,float32,64,pythia_dynamical_edge_residual_alpha01_probe,9801caeb1bc8252573781682c3403ed9a63b90dd,"[1, 128, 512]",inputs_embeds,paper_style_feedback_dynamics,EleutherAI/pythia-70m,0.002471471903845668,residual,fixed_random,37.734676361083984,37.72157287597656,0.1,1,128,5081.91552734375,3.1628565788269043,54,final_hidden,2026-07-10T15:35:22.758197+00:00,nonpad_flattened,EleutherAI/pythia-70m
65536,64,1,16,main,wikitext,wikitext-2-raw-v1,validation,cuda,float32,64,pythia_dynamical_edge_residual_alpha01_probe,9801caeb1bc8252573781682c3403ed9a63b90dd,"[1, 128, 512]",inputs_embeds,paper_style_feedback_dynamics,EleutherAI/pythia-70m,0.002389519242569804,residual,fixed_random,37.747215270996094,37.734676361083984,0.1,1,128,5082.744140625,3.06485652923584,55,final_hidden,2026-07-10T15:35:22.758197+00:00,nonpad_flattened,EleutherAI/pythia-70m
65536,64,1,16,main,wikitext,wikitext-2-raw-v1,validation,cuda,float32,64,pythia_dynamical_edge_residual_alpha01_probe,9801caeb1bc8252573781682c3403ed9a63b90dd,"[1, 128, 512]",inputs_embeds,paper_style_feedback_dynamics,EleutherAI/pythia-70m,0.002315978053957224,residual,fixed_random,37.75920867919922,37.747215270996094,0.1,1,128,5083.52490234375,2.9710230827331543,56,final_hidden,2026-07-10T15:35:22.758197+00:00,nonpad_flattened,EleutherAI/pythia-70m
65536,64,1,16,main,wikitext,wikitext-2-raw-v1,validation,cuda,float32,64,pythia_dynamical_edge_residual_alpha01_probe,9801caeb1bc8252573781682c3403ed9a63b90dd,"[1, 128, 512]",inputs_embeds,paper_style_feedback_dynamics,EleutherAI/pythia-70m,0.002242277842015028,residual,fixed_random,37.77070617675781,37.75920867919922,0.1,1,128,5084.259765625,2.881089925765991,57,final_hidden,2026-07-10T15:35:22.758197+00:00,nonpad_flattened,EleutherAI/pythia-70m
65536,64,1,16,main,wikitext,wikitext-2-raw-v1,validation,cuda,float32,64,pythia_dynamical_edge_residual_alpha01_probe,9801caeb1bc8252573781682c3403ed9a63b90dd,"[1, 128, 512]",inputs_embeds,paper_style_feedback_dynamics,EleutherAI/pythia-70m,0.0021713681053370237,residual,fixed_random,37.78174591064453,37.77070617675781,0.1,1,128,5084.95361328125,2.7948262691497803,58,final_hidden,2026-07-10T15:35:22.758197+00:00,nonpad_flattened,EleutherAI/pythia-70m
65536,64,1,16,main,wikitext,wikitext-2-raw-v1,validation,cuda,float32,64,pythia_dynamical_edge_residual_alpha01_probe,9801caeb1bc8252573781682c3403ed9a63b90dd,"[1, 128, 512]",inputs_embeds,paper_style_feedback_dynamics,EleutherAI/pythia-70m,0.0020999647676944733,residual,fixed_random,37.792335510253906,37.78174591064453,0.1,1,128,5085.60888671875,2.7120113372802734,59,final_hidden,2026-07-10T15:35:22.758197+00:00,nonpad_flattened,EleutherAI/pythia-70m
65536,64,1,16,main,wikitext,wikitext-2-raw-v1,validation,cuda,float32,64,pythia_dynamical_edge_residual_alpha01_probe,9801caeb1bc8252573781682c3403ed9a63b90dd,"[1, 128, 512]",inputs_embeds,paper_style_feedback_dynamics,EleutherAI/pythia-70m,0.0020315295550972223,residual,fixed_random,37.80251693725586,37.792335510253906,0.1,1,128,5086.228515625,2.6324522495269775,60,final_hidden,2026-07-10T15:35:22.758197+00:00,nonpad_flattened,EleutherAI/pythia-70m
65536,64,1,16,main,wikitext,wikitext-2-raw-v1,validation,cuda,float32,64,pythia_dynamical_edge_residual_alpha01_probe,9801caeb1bc8252573781682c3403ed9a63b90dd,"[1, 128, 512]",inputs_embeds,paper_style_feedback_dynamics,EleutherAI/pythia-70m,0.001972511410713196,residual,fixed_random,37.81230926513672,37.80251693725586,0.1,1,128,5086.81494140625,2.555950164794922,61,final_hidden,2026-07-10T15:35:22.758197+00:00,nonpad_flattened,EleutherAI/pythia-70m
65536,64,1,16,main,wikitext,wikitext-2-raw-v1,validation,cuda,float32,64,pythia_dynamical_edge_residual_alpha01_probe,9801caeb1bc8252573781682c3403ed9a63b90dd,"[1, 128, 512]",inputs_embeds,paper_style_feedback_dynamics,EleutherAI/pythia-70m,0.0019154440378770232,residual,fixed_random,37.821739196777344,37.81230926513672,0.1,1,128,5087.37060546875,2.482347011566162,62,final_hidden,2026-07-10T15:35:22.758197+00:00,nonpad_flattened,EleutherAI/pythia-70m
2560,64,2,16,main,wikitext,wikitext-2-raw-v1,validation,cuda,float32,64,pythia_dynamical_edge_residual_alpha01_probe,9801caeb1bc8252573781682c3403ed9a63b90dd,"[1, 128, 512]",inputs_embeds,paper_style_feedback_dynamics,EleutherAI/pythia-70m,0.0016419264720752835,residual,fixed_random,27.702505111694336,27.205495834350586,0.1,2,128,819.5436401367188,19.338529586791992,0,final_hidden,2026-07-10T15:35:22.758197+00:00,nonpad_flattened,EleutherAI/pythia-70m
2560,64,2,16,main,wikitext,wikitext-2-raw-v1,validation,cuda,float32,64,pythia_dynamical_edge_residual_alpha01_probe,9801caeb1bc8252573781682c3403ed9a63b90dd,"[1, 128, 512]",inputs_embeds,paper_style_feedback_dynamics,EleutherAI/pythia-70m,0.0015836753882467747,residual,fixed_random,28.14602279663086,27.702505111694336,0.1,2,128,836.8181762695312,17.523574829101562,1,final_hidden,2026-07-10T15:35:22.758197+00:00,nonpad_flattened,EleutherAI/pythia-70m
2560,64,2,16,main,wikitext,wikitext-2-raw-v1,validation,cuda,float32,64,pythia_dynamical_edge_residual_alpha01_probe,9801caeb1bc8252573781682c3403ed9a63b90dd,"[1, 128, 512]",inputs_embeds,paper_style_feedback_dynamics,EleutherAI/pythia-70m,0.0015263893874362111,residual,fixed_random,28.541635513305664,28.14602279663086,0.1,2,128,852.4398193359375,15.886137008666992,2,final_hidden,2026-07-10T15:35:22.758197+00:00,nonpad_flattened,EleutherAI/pythia-70m
2560,64,2,16,main,wikitext,wikitext-2-raw-v1,validation,cuda,float32,64,pythia_dynamical_edge_residual_alpha01_probe,9801caeb1bc8252573781682c3403ed9a63b90dd,"[1, 128, 512]",inputs_embeds,paper_style_feedback_dynamics,EleutherAI/pythia-70m,0.0014702571788802743,residual,fixed_random,28.89435577392578,28.541635513305664,0.1,2,128,866.569091796875,14.409000396728516,3,final_hidden,2026-07-10T15:35:22.758197+00:00,nonpad_flattened,EleutherAI/pythia-70m
2560,64,2,16,main,wikitext,wikitext-2-raw-v1,validation,cuda,float32,64,pythia_dynamical_edge_residual_alpha01_probe,9801caeb1bc8252573781682c3403ed9a63b90dd,"[1, 128, 512]",inputs_embeds,paper_style_feedback_dynamics,EleutherAI/pythia-70m,0.0014159014681354165,residual,fixed_random,29.20867156982422,28.89435577392578,0.1,2,128,879.3508911132812,13.0765962600708,4,final_hidden,2026-07-10T15:35:22.758197+00:00,nonpad_flattened,EleutherAI/pythia-70m
2560,64,2,16,main,wikitext,wikitext-2-raw-v1,validation,cuda,float32,64,pythia_dynamical_edge_residual_alpha01_probe,9801caeb1bc8252573781682c3403ed9a63b90dd,"[1, 128, 512]",inputs_embeds,paper_style_feedback_dynamics,EleutherAI/pythia-70m,0.0013628557790070772,residual,fixed_random,29.488624572753906,29.20867156982422,0.1,2,128,890.9158935546875,11.874829292297363,5,final_hidden,2026-07-10T15:35:22.758197+00:00,nonpad_flattened,EleutherAI/pythia-70m
2560,64,2,16,main,wikitext,wikitext-2-raw-v1,validation,cuda,float32,64,pythia_dynamical_edge_residual_alpha01_probe,9801caeb1bc8252573781682c3403ed9a63b90dd,"[1, 128, 512]",inputs_embeds,paper_style_feedback_dynamics,EleutherAI/pythia-70m,0.0013105046236887574,residual,fixed_random,29.737812042236328,29.488624572753906,0.1,2,128,901.3822021484375,10.79096508026123,6,final_hidden,2026-07-10T15:35:22.758197+00:00,nonpad_flattened,EleutherAI/pythia-70m
2560,64,2,16,main,wikitext,wikitext-2-raw-v1,validation,cuda,float32,64,pythia_dynamical_edge_residual_alpha01_probe,9801caeb1bc8252573781682c3403ed9a63b90dd,"[1, 128, 512]",inputs_embeds,paper_style_feedback_dynamics,EleutherAI/pythia-70m,0.001260506920516491,residual,fixed_random,29.95947265625,29.737812042236328,0.1,2,128,910.8563842773438,9.813498497009277,7,final_hidden,2026-07-10T15:35:22.758197+00:00,nonpad_flattened,EleutherAI/pythia-70m
2560,64,2,16,main,wikitext,wikitext-2-raw-v1,validation,cuda,float32,64,pythia_dynamical_edge_residual_alpha01_probe,9801caeb1bc8252573781682c3403ed9a63b90dd,"[1, 128, 512]",inputs_embeds,paper_style_feedback_dynamics,EleutherAI/pythia-70m,0.001210300950333476,residual,fixed_random,30.15650749206543,29.95947265625,0.1,2,128,919.4345703125,8.932014465332031,8,final_hidden,2026-07-10T15:35:22.758197+00:00,nonpad_flattened,EleutherAI/pythia-70m
2560,64,2,16,main,wikitext,wikitext-2-raw-v1,validation,cuda,float32,64,pythia_dynamical_edge_residual_alpha01_probe,9801caeb1bc8252573781682c3403ed9a63b90dd,"[1, 128, 512]",inputs_embeds,paper_style_feedback_dynamics,EleutherAI/pythia-70m,0.001162881962954998,residual,fixed_random,30.331523895263672,30.15650749206543,0.1,2,128,927.2036743164062,8.137126922607422,9,final_hidden,2026-07-10T15:35:22.758197+00:00,nonpad_flattened,EleutherAI/pythia-70m
2560,64,2,16,main,wikitext,wikitext-2-raw-v1,validation,cuda,float32,64,pythia_dynamical_edge_residual_alpha01_probe,9801caeb1bc8252573781682c3403ed9a63b90dd,"[1, 128, 512]",inputs_embeds,paper_style_feedback_dynamics,EleutherAI/pythia-70m,0.0011172995436936617,residual,fixed_random,30.486845016479492,30.331523895263672,0.1,2,128,934.2418823242188,7.4203338623046875,10,final_hidden,2026-07-10T15:35:22.758197+00:00,nonpad_flattened,EleutherAI/pythia-70m
2560,64,2,16,main,wikitext,wikitext-2-raw-v1,validation,cuda,float32,64,pythia_dynamical_edge_residual_alpha01_probe,9801caeb1bc8252573781682c3403ed9a63b90dd,"[1, 128, 512]",inputs_embeds,paper_style_feedback_dynamics,EleutherAI/pythia-70m,0.001073653344064951,residual,fixed_random,30.62456512451172,30.486845016479492,0.1,2,128,940.6199340820312,6.773970127105713,11,final_hidden,2026-07-10T15:35:22.758197+00:00,nonpad_flattened,EleutherAI/pythia-70m
2560,64,2,16,main,wikitext,wikitext-2-raw-v1,validation,cuda,float32,64,pythia_dynamical_edge_residual_alpha01_probe,9801caeb1bc8252573781682c3403ed9a63b90dd,"[1, 128, 512]",inputs_embeds,paper_style_feedback_dynamics,EleutherAI/pythia-70m,0.0010318235727027059,residual,fixed_random,30.74656105041504,30.62456512451172,0.1,2,128,946.401611328125,6.1911115646362305,12,final_hidden,2026-07-10T15:35:22.758197+00:00,nonpad_flattened,EleutherAI/pythia-70m
2560,64,2,16,main,wikitext,wikitext-2-raw-v1,validation,cuda,float32,64,pythia_dynamical_edge_residual_alpha01_probe,9801caeb1bc8252573781682c3403ed9a63b90dd,"[1, 128, 512]",inputs_embeds,paper_style_feedback_dynamics,EleutherAI/pythia-70m,0.0009897814597934484,residual,fixed_random,30.85450553894043,30.74656105041504,0.1,2,128,951.6444091796875,5.665502071380615,13,final_hidden,2026-07-10T15:35:22.758197+00:00,nonpad_flattened,EleutherAI/pythia-70m
2560,64,2,16,main,wikitext,wikitext-2-raw-v1,validation,cuda,float32,64,pythia_dynamical_edge_residual_alpha01_probe,9801caeb1bc8252573781682c3403ed9a63b90dd,"[1, 128, 512]",inputs_embeds,paper_style_feedback_dynamics,EleutherAI/pythia-70m,0.0009516869904473424,residual,fixed_random,30.949905395507812,30.85450553894043,0.1,2,128,956.4003295898438,5.1914873123168945,14,final_hidden,2026-07-10T15:35:22.758197+00:00,nonpad_flattened,EleutherAI/pythia-70m
2560,64,2,16,main,wikitext,wikitext-2-raw-v1,validation,cuda,float32,64,pythia_dynamical_edge_residual_alpha01_probe,9801caeb1bc8252573781682c3403ed9a63b90dd,"[1, 128, 512]",inputs_embeds,paper_style_feedback_dynamics,EleutherAI/pythia-70m,0.0009155464940704405,residual,fixed_random,31.03411293029785,30.949905395507812,0.1,2,128,960.7161865234375,4.763975620269775,15,final_hidden,2026-07-10T15:35:22.758197+00:00,nonpad_flattened,EleutherAI/pythia-70m
2560,64,2,16,main,wikitext,wikitext-2-raw-v1,validation,cuda,float32,64,pythia_dynamical_edge_residual_alpha01_probe,9801caeb1bc8252573781682c3403ed9a63b90dd,"[1, 128, 512]",inputs_embeds,paper_style_feedback_dynamics,EleutherAI/pythia-70m,0.0008805632824078202,residual,fixed_random,31.108333587646484,31.03411293029785,0.1,2,128,964.6343383789062,4.3783369064331055,16,final_hidden,2026-07-10T15:35:22.758197+00:00,nonpad_flattened,EleutherAI/pythia-70m
2560,64,2,16,main,wikitext,wikitext-2-raw-v1,validation,cuda,float32,64,pythia_dynamical_edge_residual_alpha01_probe,9801caeb1bc8252573781682c3403ed9a63b90dd,"[1, 128, 512]",inputs_embeds,paper_style_feedback_dynamics,EleutherAI/pythia-70m,0.0008438742952421308,residual,fixed_random,31.173648834228516,31.108333587646484,0.1,2,128,968.1929321289062,4.030414581298828,17,final_hidden,2026-07-10T15:35:22.758197+00:00,nonpad_flattened,EleutherAI/pythia-70m
2560,64,2,16,main,wikitext,wikitext-2-raw-v1,validation,cuda,float32,64,pythia_dynamical_edge_residual_alpha01_probe,9801caeb1bc8252573781682c3403ed9a63b90dd,"[1, 128, 512]",inputs_embeds,paper_style_feedback_dynamics,EleutherAI/pythia-70m,0.0008120487327687442,residual,fixed_random,31.231033325195312,31.173648834228516,0.1,2,128,971.4263305664062,3.716444492340088,18,final_hidden,2026-07-10T15:35:22.758197+00:00,nonpad_flattened,EleutherAI/pythia-70m
2560,64,2,16,main,wikitext,wikitext-2-raw-v1,validation,cuda,float32,64,pythia_dynamical_edge_residual_alpha01_probe,9801caeb1bc8252573781682c3403ed9a63b90dd,"[1, 128, 512]",inputs_embeds,paper_style_feedback_dynamics,EleutherAI/pythia-70m,0.0007793125114403665,residual,fixed_random,31.281349182128906,31.231033325195312,0.1,2,128,974.3657836914062,3.4330203533172607,19,final_hidden,2026-07-10T15:35:22.758197+00:00,nonpad_flattened,EleutherAI/pythia-70m
2560,64,2,16,main,wikitext,wikitext-2-raw-v1,validation,cuda,float32,64,pythia_dynamical_edge_residual_alpha01_probe,9801caeb1bc8252573781682c3403ed9a63b90dd,"[1, 128, 512]",inputs_embeds,paper_style_feedback_dynamics,EleutherAI/pythia-70m,0.0007495617610402405,residual,fixed_random,31.325376510620117,31.281349182128906,0.1,2,128,977.0391235351562,3.177075147628784,20,final_hidden,2026-07-10T15:35:22.758197+00:00,nonpad_flattened,EleutherAI/pythia-70m
2560,64,2,16,main,wikitext,wikitext-2-raw-v1,validation,cuda,float32,64,pythia_dynamical_edge_residual_alpha01_probe,9801caeb1bc8252573781682c3403ed9a63b90dd,"[1, 128, 512]",inputs_embeds,paper_style_feedback_dynamics,EleutherAI/pythia-70m,0.0007158455555327237,residual,fixed_random,31.363807678222656,31.325376510620117,0.1,2,128,979.471923828125,2.945838212966919,21,final_hidden,2026-07-10T15:35:22.758197+00:00,nonpad_flattened,EleutherAI/pythia-70m
2560,64,2,16,main,wikitext,wikitext-2-raw-v1,validation,cuda,float32,64,pythia_dynamical_edge_residual_alpha01_probe,9801caeb1bc8252573781682c3403ed9a63b90dd,"[1, 128, 512]",inputs_embeds,paper_style_feedback_dynamics,EleutherAI/pythia-70m,0.0006858815322630107,residual,fixed_random,31.397268295288086,31.363807678222656,0.1,2,128,981.6869506835938,2.7367894649505615,22,final_hidden,2026-07-10T15:35:22.758197+00:00,nonpad_flattened,EleutherAI/pythia-70m
2560,64,2,16,main,wikitext,wikitext-2-raw-v1,validation,cuda,float32,64,pythia_dynamical_edge_residual_alpha01_probe,9801caeb1bc8252573781682c3403ed9a63b90dd,"[1, 128, 512]",inputs_embeds,paper_style_feedback_dynamics,EleutherAI/pythia-70m,0.000658258912153542,residual,fixed_random,31.42631721496582,31.397268295288086,0.1,2,128,983.7047729492188,2.5476722717285156,23,final_hidden,2026-07-10T15:35:22.758197+00:00,nonpad_flattened,EleutherAI/pythia-70m
2560,64,2,16,main,wikitext,wikitext-2-raw-v1,validation,cuda,float32,64,pythia_dynamical_edge_residual_alpha01_probe,9801caeb1bc8252573781682c3403ed9a63b90dd,"[1, 128, 512]",inputs_embeds,paper_style_feedback_dynamics,EleutherAI/pythia-70m,0.0006324216374196112,residual,fixed_random,31.451452255249023,31.42631721496582,0.1,2,128,985.544189453125,2.376453161239624,24,final_hidden,2026-07-10T15:35:22.758197+00:00,nonpad_flattened,EleutherAI/pythia-70m
2560,64,2,16,main,wikitext,wikitext-2-raw-v1,validation,cuda,float32,64,pythia_dynamical_edge_residual_alpha01_probe,9801caeb1bc8252573781682c3403ed9a63b90dd,"[1, 128, 512]",inputs_embeds,paper_style_feedback_dynamics,EleutherAI/pythia-70m,0.0006087704095989466,residual,fixed_random,31.47311019897461,31.451452255249023,0.1,2,128,987.2219848632812,2.2212841510772705,25,final_hidden,2026-07-10T15:35:22.758197+00:00,nonpad_flattened,EleutherAI/pythia-70m
2560,64,2,16,main,wikitext,wikitext-2-raw-v1,validation,cuda,float32,64,pythia_dynamical_edge_residual_alpha01_probe,9801caeb1bc8252573781682c3403ed9a63b90dd,"[1, 128, 512]",inputs_embeds,paper_style_feedback_dynamics,EleutherAI/pythia-70m,0.0005854622577317059,residual,fixed_random,31.49169921875,31.47311019897461,0.1,2,128,988.7532958984375,2.0805039405822754,26,final_hidden,2026-07-10T15:35:22.758197+00:00,nonpad_flattened,EleutherAI/pythia-70m
2560,64,2,16,main,wikitext,wikitext-2-raw-v1,validation,cuda,float32,64,pythia_dynamical_edge_residual_alpha01_probe,9801caeb1bc8252573781682c3403ed9a63b90dd,"[1, 128, 512]",inputs_embeds,paper_style_feedback_dynamics,EleutherAI/pythia-70m,0.0005617958959192038,residual,fixed_random,31.507570266723633,31.49169921875,0.1,2,128,990.1519165039062,1.9526214599609375,27,final_hidden,2026-07-10T15:35:22.758197+00:00,nonpad_flattened,EleutherAI/pythia-70m
2560,64,2,16,main,wikitext,wikitext-2-raw-v1,validation,cuda,float32,64,pythia_dynamical_edge_residual_alpha01_probe,9801caeb1bc8252573781682c3403ed9a63b90dd,"[1, 128, 512]",inputs_embeds,paper_style_feedback_dynamics,EleutherAI/pythia-70m,0.0005395945045165718,residual,fixed_random,31.521038055419922,31.507570266723633,0.1,2,128,991.4302978515625,1.8362940549850464,28,final_hidden,2026-07-10T15:35:22.758197+00:00,nonpad_flattened,EleutherAI/pythia-70m
2560,64,2,16,main,wikitext,wikitext-2-raw-v1,validation,cuda,float32,64,pythia_dynamical_edge_residual_alpha01_probe,9801caeb1bc8252573781682c3403ed9a63b90dd,"[1, 128, 512]",inputs_embeds,paper_style_feedback_dynamics,EleutherAI/pythia-70m,0.0005209886585362256,residual,fixed_random,31.532392501831055,31.521038055419922,0.1,2,128,992.5995483398438,1.730320930480957,29,final_hidden,2026-07-10T15:35:22.758197+00:00,nonpad_flattened,EleutherAI/pythia-70m
2560,64,2,16,main,wikitext,wikitext-2-raw-v1,validation,cuda,float32,64,pythia_dynamical_edge_residual_alpha01_probe,9801caeb1bc8252573781682c3403ed9a63b90dd,"[1, 128, 512]",inputs_embeds,paper_style_feedback_dynamics,EleutherAI/pythia-70m,0.0005024601705372334,residual,fixed_random,31.54188346862793,31.532392501831055,0.1,2,128,993.669921875,1.633609652519226,30,final_hidden,2026-07-10T15:35:22.758197+00:00,nonpad_flattened,EleutherAI/pythia-70m
2560,64,2,16,main,wikitext,wikitext-2-raw-v1,validation,cuda,float32,64,pythia_dynamical_edge_residual_alpha01_probe,9801caeb1bc8252573781682c3403ed9a63b90dd,"[1, 128, 512]",inputs_embeds,paper_style_feedback_dynamics,EleutherAI/pythia-70m,0.00048426009016111493,residual,fixed_random,31.54973602294922,31.54188346862793,0.1,2,128,994.6504516601562,1.5451911687850952,31,final_hidden,2026-07-10T15:35:22.758197+00:00,nonpad_flattened,EleutherAI/pythia-70m
2560,64,2,16,main,wikitext,wikitext-2-raw-v1,validation,cuda,float32,64,pythia_dynamical_edge_residual_alpha01_probe,9801caeb1bc8252573781682c3403ed9a63b90dd,"[1, 128, 512]",inputs_embeds,paper_style_feedback_dynamics,EleutherAI/pythia-70m,0.0004659185360651463,residual,fixed_random,31.55615234375,31.54973602294922,0.1,2,128,995.5494384765625,1.4642046689987183,32,final_hidden,2026-07-10T15:35:22.758197+00:00,nonpad_flattened,EleutherAI/pythia-70m
2560,64,2,16,main,wikitext,wikitext-2-raw-v1,validation,cuda,float32,64,pythia_dynamical_edge_residual_alpha01_probe,9801caeb1bc8252573781682c3403ed9a63b90dd,"[1, 128, 512]",inputs_embeds,paper_style_feedback_dynamics,EleutherAI/pythia-70m,0.0004531823506113142,residual,fixed_random,31.56131362915039,31.55615234375,0.1,2,128,996.3744506835938,1.389878511428833,33,final_hidden,2026-07-10T15:35:22.758197+00:00,nonpad_flattened,EleutherAI/pythia-70m
2560,64,2,16,main,wikitext,wikitext-2-raw-v1,validation,cuda,float32,64,pythia_dynamical_edge_residual_alpha01_probe,9801caeb1bc8252573781682c3403ed9a63b90dd,"[1, 128, 512]",inputs_embeds,paper_style_feedback_dynamics,EleutherAI/pythia-70m,0.0004365260829217732,residual,fixed_random,31.565364837646484,31.56131362915039,0.1,2,128,997.1321411132812,1.3215068578720093,34,final_hidden,2026-07-10T15:35:22.758197+00:00,nonpad_flattened,EleutherAI/pythia-70m
2560,64,2,16,main,wikitext,wikitext-2-raw-v1,validation,cuda,float32,64,pythia_dynamical_edge_residual_alpha01_probe,9801caeb1bc8252573781682c3403ed9a63b90dd,"[1, 128, 512]",inputs_embeds,paper_style_feedback_dynamics,EleutherAI/pythia-70m,0.00041705038165673614,residual,fixed_random,31.568470001220703,31.565364837646484,0.1,2,128,997.8287353515625,1.2584834098815918,35,final_hidden,2026-07-10T15:35:22.758197+00:00,nonpad_flattened,EleutherAI/pythia-70m
2560,64,2,16,main,wikitext,wikitext-2-raw-v1,validation,cuda,float32,64,pythia_dynamical_edge_residual_alpha01_probe,9801caeb1bc8252573781682c3403ed9a63b90dd,"[1, 128, 512]",inputs_embeds,paper_style_feedback_dynamics,EleutherAI/pythia-70m,0.00039979233406484127,residual,fixed_random,31.570735931396484,31.568470001220703,0.1,2,128,998.4696655273438,1.200257658958435,36,final_hidden,2026-07-10T15:35:22.758197+00:00,nonpad_flattened,EleutherAI/pythia-70m
2560,64,2,16,main,wikitext,wikitext-2-raw-v1,validation,cuda,float32,64,pythia_dynamical_edge_residual_alpha01_probe,9801caeb1bc8252573781682c3403ed9a63b90dd,"[1, 128, 512]",inputs_embeds,paper_style_feedback_dynamics,EleutherAI/pythia-70m,0.00038925273111090064,residual,fixed_random,31.572288513183594,31.570735931396484,0.1,2,128,999.0599975585938,1.1463451385498047,37,final_hidden,2026-07-10T15:35:22.758197+00:00,nonpad_flattened,EleutherAI/pythia-70m
2560,64,2,16,main,wikitext,wikitext-2-raw-v1,validation,cuda,float32,64,pythia_dynamical_edge_residual_alpha01_probe,9801caeb1bc8252573781682c3403ed9a63b90dd,"[1, 128, 512]",inputs_embeds,paper_style_feedback_dynamics,EleutherAI/pythia-70m,0.00037545213126577437,residual,fixed_random,31.573219299316406,31.572288513183594,0.1,2,128,999.6043701171875,1.0963078737258911,38,final_hidden,2026-07-10T15:35:22.758197+00:00,nonpad_flattened,EleutherAI/pythia-70m
2560,64,2,16,main,wikitext,wikitext-2-raw-v1,validation,cuda,float32,64,pythia_dynamical_edge_residual_alpha01_probe,9801caeb1bc8252573781682c3403ed9a63b90dd,"[1, 128, 512]",inputs_embeds,paper_style_feedback_dynamics,EleutherAI/pythia-70m,0.00036228212411515415,residual,fixed_random,31.57361602783203,31.573219299316406,0.1,2,128,1000.106689453125,1.0497626066207886,39,final_hidden,2026-07-10T15:35:22.758197+00:00,nonpad_flattened,EleutherAI/pythia-70m
2560,64,2,16,main,wikitext,wikitext-2-raw-v1,validation,cuda,float32,64,pythia_dynamical_edge_residual_alpha01_probe,9801caeb1bc8252573781682c3403ed9a63b90dd,"[1, 128, 512]",inputs_embeds,paper_style_feedback_dynamics,EleutherAI/pythia-70m,0.0003494602278806269,residual,fixed_random,31.573566436767578,31.57361602783203,0.1,2,128,1000.57080078125,1.0063631534576416,40,final_hidden,2026-07-10T15:35:22.758197+00:00,nonpad_flattened,EleutherAI/pythia-70m
2560,64,2,16,main,wikitext,wikitext-2-raw-v1,validation,cuda,float32,64,pythia_dynamical_edge_residual_alpha01_probe,9801caeb1bc8252573781682c3403ed9a63b90dd,"[1, 128, 512]",inputs_embeds,paper_style_feedback_dynamics,EleutherAI/pythia-70m,0.0003378658730071038,residual,fixed_random,31.573122024536133,31.573566436767578,0.1,2,128,1001.0000610351562,0.9658110737800598,41,final_hidden,2026-07-10T15:35:22.758197+00:00,nonpad_flattened,EleutherAI/pythia-70m
2560,64,2,16,main,wikitext,wikitext-2-raw-v1,validation,cuda,float32,64,pythia_dynamical_edge_residual_alpha01_probe,9801caeb1bc8252573781682c3403ed9a63b90dd,"[1, 128, 512]",inputs_embeds,paper_style_feedback_dynamics,EleutherAI/pythia-70m,0.0003281185054220259,residual,fixed_random,31.57235336303711,31.573122024536133,0.1,2,128,1001.3973999023438,0.9278397560119629,42,final_hidden,2026-07-10T15:35:22.758197+00:00,nonpad_flattened,EleutherAI/pythia-70m
2560,64,2,16,main,wikitext,wikitext-2-raw-v1,validation,cuda,float32,64,pythia_dynamical_edge_residual_alpha01_probe,9801caeb1bc8252573781682c3403ed9a63b90dd,"[1, 128, 512]",inputs_embeds,paper_style_feedback_dynamics,EleutherAI/pythia-70m,0.0003149024269077927,residual,fixed_random,31.571317672729492,31.57235336303711,0.1,2,128,1001.7658081054688,0.8922103643417358,43,final_hidden,2026-07-10T15:35:22.758197+00:00,nonpad_flattened,EleutherAI/pythia-70m
2560,64,2,16,main,wikitext,wikitext-2-raw-v1,validation,cuda,float32,64,pythia_dynamical_edge_residual_alpha01_probe,9801caeb1bc8252573781682c3403ed9a63b90dd,"[1, 128, 512]",inputs_embeds,paper_style_feedback_dynamics,EleutherAI/pythia-70m,0.00030457484535872936,residual,fixed_random,31.57005500793457,31.571317672729492,0.1,2,128,1002.1076049804688,0.8587042093276978,44,final_hidden,2026-07-10T15:35:22.758197+00:00,nonpad_flattened,EleutherAI/pythia-70m
2560,64,2,16,main,wikitext,wikitext-2-raw-v1,validation,cuda,float32,64,pythia_dynamical_edge_residual_alpha01_probe,9801caeb1bc8252573781682c3403ed9a63b90dd,"[1, 128, 512]",inputs_embeds,paper_style_feedback_dynamics,EleutherAI/pythia-70m,0.00029371713753789663,residual,fixed_random,31.568613052368164,31.57005500793457,0.1,2,128,1002.4251098632812,0.8271338939666748,45,final_hidden,2026-07-10T15:35:22.758197+00:00,nonpad_flattened,EleutherAI/pythia-70m
2560,64,2,16,main,wikitext,wikitext-2-raw-v1,validation,cuda,float32,64,pythia_dynamical_edge_residual_alpha01_probe,9801caeb1bc8252573781682c3403ed9a63b90dd,"[1, 128, 512]",inputs_embeds,paper_style_feedback_dynamics,EleutherAI/pythia-70m,0.00028313093935139477,residual,fixed_random,31.567020416259766,31.568613052368164,0.1,2,128,1002.7203979492188,0.7973456978797913,46,final_hidden,2026-07-10T15:35:22.758197+00:00,nonpad_flattened,EleutherAI/pythia-70m
2560,64,2,16,main,wikitext,wikitext-2-raw-v1,validation,cuda,float32,64,pythia_dynamical_edge_residual_alpha01_probe,9801caeb1bc8252573781682c3403ed9a63b90dd,"[1, 128, 512]",inputs_embeds,paper_style_feedback_dynamics,EleutherAI/pythia-70m,0.00027389911701902747,residual,fixed_random,31.565319061279297,31.567020416259766,0.1,2,128,1002.995361328125,0.7691693902015686,47,final_hidden,2026-07-10T15:35:22.758197+00:00,nonpad_flattened,EleutherAI/pythia-70m
2560,64,2,16,main,wikitext,wikitext-2-raw-v1,validation,cuda,float32,64,pythia_dynamical_edge_residual_alpha01_probe,9801caeb1bc8252573781682c3403ed9a63b90dd,"[1, 128, 512]",inputs_embeds,paper_style_feedback_dynamics,EleutherAI/pythia-70m,0.00026457320200279355,residual,fixed_random,31.56352996826172,31.565319061279297,0.1,2,128,1003.251708984375,0.7424879670143127,48,final_hidden,2026-07-10T15:35:22.758197+00:00,nonpad_flattened,EleutherAI/pythia-70m
2560,64,2,16,main,wikitext,wikitext-2-raw-v1,validation,cuda,float32,64,pythia_dynamical_edge_residual_alpha01_probe,9801caeb1bc8252573781682c3403ed9a63b90dd,"[1, 128, 512]",inputs_embeds,paper_style_feedback_dynamics,EleutherAI/pythia-70m,0.00025527647812850773,residual,fixed_random,31.56167984008789,31.56352996826172,0.1,2,128,1003.490966796875,0.7171738147735596,49,final_hidden,2026-07-10T15:35:22.758197+00:00,nonpad_flattened,EleutherAI/pythia-70m
2560,64,2,16,main,wikitext,wikitext-2-raw-v1,validation,cuda,float32,64,pythia_dynamical_edge_residual_alpha01_probe,9801caeb1bc8252573781682c3403ed9a63b90dd,"[1, 128, 512]",inputs_embeds,paper_style_feedback_dynamics,EleutherAI/pythia-70m,0.0002498333342373371,residual,fixed_random,31.55978775024414,31.56167984008789,0.1,2,128,1003.7144775390625,0.6931160688400269,50,final_hidden,2026-07-10T15:35:22.758197+00:00,nonpad_flattened,EleutherAI/pythia-70m
2560,64,2,16,main,wikitext,wikitext-2-raw-v1,validation,cuda,float32,64,pythia_dynamical_edge_residual_alpha01_probe,9801caeb1bc8252573781682c3403ed9a63b90dd,"[1, 128, 512]",inputs_embeds,paper_style_feedback_dynamics,EleutherAI/pythia-70m,0.00024453524383716285,residual,fixed_random,31.557870864868164,31.55978775024414,0.1,2,128,1003.9236450195312,0.6702404618263245,51,final_hidden,2026-07-10T15:35:22.758197+00:00,nonpad_flattened,EleutherAI/pythia-70m
2560,64,2,16,main,wikitext,wikitext-2-raw-v1,validation,cuda,float32,64,pythia_dynamical_edge_residual_alpha01_probe,9801caeb1bc8252573781682c3403ed9a63b90dd,"[1, 128, 512]",inputs_embeds,paper_style_feedback_dynamics,EleutherAI/pythia-70m,0.00023823870287742466,residual,fixed_random,31.55594825744629,31.557870864868164,0.1,2,128,1004.1194458007812,0.6484427452087402,52,final_hidden,2026-07-10T15:35:22.758197+00:00,nonpad_flattened,EleutherAI/pythia-70m
2560,64,2,16,main,wikitext,wikitext-2-raw-v1,validation,cuda,float32,64,pythia_dynamical_edge_residual_alpha01_probe,9801caeb1bc8252573781682c3403ed9a63b90dd,"[1, 128, 512]",inputs_embeds,paper_style_feedback_dynamics,EleutherAI/pythia-70m,0.00023324028006754816,residual,fixed_random,31.554033279418945,31.55594825744629,0.1,2,128,1004.3031005859375,0.6276570558547974,53,final_hidden,2026-07-10T15:35:22.758197+00:00,nonpad_flattened,EleutherAI/pythia-70m
2560,64,2,16,main,wikitext,wikitext-2-raw-v1,validation,cuda,float32,64,pythia_dynamical_edge_residual_alpha01_probe,9801caeb1bc8252573781682c3403ed9a63b90dd,"[1, 128, 512]",inputs_embeds,paper_style_feedback_dynamics,EleutherAI/pythia-70m,0.0002282711793668568,residual,fixed_random,31.552135467529297,31.554033279418945,0.1,2,128,1004.4755249023438,0.6077984571456909,54,final_hidden,2026-07-10T15:35:22.758197+00:00,nonpad_flattened,EleutherAI/pythia-70m
2560,64,2,16,main,wikitext,wikitext-2-raw-v1,validation,cuda,float32,64,pythia_dynamical_edge_residual_alpha01_probe,9801caeb1bc8252573781682c3403ed9a63b90dd,"[1, 128, 512]",inputs_embeds,paper_style_feedback_dynamics,EleutherAI/pythia-70m,0.00022517082106787711,residual,fixed_random,31.550262451171875,31.552135467529297,0.1,2,128,1004.6375732421875,0.5888103246688843,55,final_hidden,2026-07-10T15:35:22.758197+00:00,nonpad_flattened,EleutherAI/pythia-70m
2560,64,2,16,main,wikitext,wikitext-2-raw-v1,validation,cuda,float32,64,pythia_dynamical_edge_residual_alpha01_probe,9801caeb1bc8252573781682c3403ed9a63b90dd,"[1, 128, 512]",inputs_embeds,paper_style_feedback_dynamics,EleutherAI/pythia-70m,0.00022065905795898288,residual,fixed_random,31.54842758178711,31.550262451171875,0.1,2,128,1004.7901000976562,0.5706484913825989,56,final_hidden,2026-07-10T15:35:22.758197+00:00,nonpad_flattened,EleutherAI/pythia-70m
2560,64,2,16,main,wikitext,wikitext-2-raw-v1,validation,cuda,float32,64,pythia_dynamical_edge_residual_alpha01_probe,9801caeb1bc8252573781682c3403ed9a63b90dd,"[1, 128, 512]",inputs_embeds,paper_style_feedback_dynamics,EleutherAI/pythia-70m,0.00021952626411803067,residual,fixed_random,31.546627044677734,31.54842758178711,0.1,2,128,1004.9337768554688,0.5532439351081848,57,final_hidden,2026-07-10T15:35:22.758197+00:00,nonpad_flattened,EleutherAI/pythia-70m
2560,64,2,16,main,wikitext,wikitext-2-raw-v1,validation,cuda,float32,64,pythia_dynamical_edge_residual_alpha01_probe,9801caeb1bc8252573781682c3403ed9a63b90dd,"[1, 128, 512]",inputs_embeds,paper_style_feedback_dynamics,EleutherAI/pythia-70m,0.00021426321472972631,residual,fixed_random,31.544885635375977,31.546627044677734,0.1,2,128,1005.0692749023438,0.5365602970123291,58,final_hidden,2026-07-10T15:35:22.758197+00:00,nonpad_flattened,EleutherAI/pythia-70m
2560,64,2,16,main,wikitext,wikitext-2-raw-v1,validation,cuda,float32,64,pythia_dynamical_edge_residual_alpha01_probe,9801caeb1bc8252573781682c3403ed9a63b90dd,"[1, 128, 512]",inputs_embeds,paper_style_feedback_dynamics,EleutherAI/pythia-70m,0.00021056893456261605,residual,fixed_random,31.543195724487305,31.544885635375977,0.1,2,128,1005.1971435546875,0.5205554366111755,59,final_hidden,2026-07-10T15:35:22.758197+00:00,nonpad_flattened,EleutherAI/pythia-70m
2560,64,2,16,main,wikitext,wikitext-2-raw-v1,validation,cuda,float32,64,pythia_dynamical_edge_residual_alpha01_probe,9801caeb1bc8252573781682c3403ed9a63b90dd,"[1, 128, 512]",inputs_embeds,paper_style_feedback_dynamics,EleutherAI/pythia-70m,0.0002087797474814579,residual,fixed_random,31.541561126708984,31.543195724487305,0.1,2,128,1005.3180541992188,0.5051778554916382,60,final_hidden,2026-07-10T15:35:22.758197+00:00,nonpad_flattened,EleutherAI/pythia-70m
2560,64,2,16,main,wikitext,wikitext-2-raw-v1,validation,cuda,float32,64,pythia_dynamical_edge_residual_alpha01_probe,9801caeb1bc8252573781682c3403ed9a63b90dd,"[1, 128, 512]",inputs_embeds,paper_style_feedback_dynamics,EleutherAI/pythia-70m,0.0002009261806961149,residual,fixed_random,31.53998565673828,31.541561126708984,0.1,2,128,1005.4324340820312,0.4904084801673889,61,final_hidden,2026-07-10T15:35:22.758197+00:00,nonpad_flattened,EleutherAI/pythia-70m
2560,64,2,16,main,wikitext,wikitext-2-raw-v1,validation,cuda,float32,64,pythia_dynamical_edge_residual_alpha01_probe,9801caeb1bc8252573781682c3403ed9a63b90dd,"[1, 128, 512]",inputs_embeds,paper_style_feedback_dynamics,EleutherAI/pythia-70m,0.0001963284594239667,residual,fixed_random,31.538469314575195,31.53998565673828,0.1,2,128,1005.540771484375,0.47619178891181946,62,final_hidden,2026-07-10T15:35:22.758197+00:00,nonpad_flattened,EleutherAI/pythia-70m
65536,64,3,16,main,wikitext,wikitext-2-raw-v1,validation,cuda,float32,64,pythia_dynamical_edge_residual_alpha01_probe,9801caeb1bc8252573781682c3403ed9a63b90dd,"[1, 128, 512]",inputs_embeds,paper_style_feedback_dynamics,EleutherAI/pythia-70m,0.020630909129977226,residual,fixed_random,-6.434327125549316,-6.261733055114746,0.1,3,128,4144.16259765625,98.0165023803711,0,final_hidden,2026-07-10T15:35:22.758197+00:00,nonpad_flattened,EleutherAI/pythia-70m
65536,64,3,16,main,wikitext,wikitext-2-raw-v1,validation,cuda,float32,64,pythia_dynamical_edge_residual_alpha01_probe,9801caeb1bc8252573781682c3403ed9a63b90dd,"[1, 128, 512]",inputs_embeds,paper_style_feedback_dynamics,EleutherAI/pythia-70m,0.01988118141889572,residual,fixed_random,-6.593000411987305,-6.434327125549316,0.1,3,128,4231.65087890625,88.83305358886719,1,final_hidden,2026-07-10T15:35:22.758197+00:00,nonpad_flattened,EleutherAI/pythia-70m
65536,64,3,16,main,wikitext,wikitext-2-raw-v1,validation,cuda,float32,64,pythia_dynamical_edge_residual_alpha01_probe,9801caeb1bc8252573781682c3403ed9a63b90dd,"[1, 128, 512]",inputs_embeds,paper_style_feedback_dynamics,EleutherAI/pythia-70m,0.019142717123031616,residual,fixed_random,-6.738941192626953,-6.593000411987305,0.1,3,128,4310.77392578125,80.54762268066406,2,final_hidden,2026-07-10T15:35:22.758197+00:00,nonpad_flattened,EleutherAI/pythia-70m
65536,64,3,16,main,wikitext,wikitext-2-raw-v1,validation,cuda,float32,64,pythia_dynamical_edge_residual_alpha01_probe,9801caeb1bc8252573781682c3403ed9a63b90dd,"[1, 128, 512]",inputs_embeds,paper_style_feedback_dynamics,EleutherAI/pythia-70m,0.0184157881885767,residual,fixed_random,-6.873230934143066,-6.738941192626953,0.1,3,128,4382.34326171875,73.07320404052734,3,final_hidden,2026-07-10T15:35:22.758197+00:00,nonpad_flattened,EleutherAI/pythia-70m
65536,64,3,16,main,wikitext,wikitext-2-raw-v1,validation,cuda,float32,64,pythia_dynamical_edge_residual_alpha01_probe,9801caeb1bc8252573781682c3403ed9a63b90dd,"[1, 128, 512]",inputs_embeds,paper_style_feedback_dynamics,EleutherAI/pythia-70m,0.017706872895359993,residual,fixed_random,-6.996854305267334,-6.873230934143066,0.1,3,128,4447.09228515625,66.33103942871094,4,final_hidden,2026-07-10T15:35:22.758197+00:00,nonpad_flattened,EleutherAI/pythia-70m
65536,64,3,16,main,wikitext,wikitext-2-raw-v1,validation,cuda,float32,64,pythia_dynamical_edge_residual_alpha01_probe,9801caeb1bc8252573781682c3403ed9a63b90dd,"[1, 128, 512]",inputs_embeds,paper_style_feedback_dynamics,EleutherAI/pythia-70m,0.017016036435961723,residual,fixed_random,-7.110743522644043,-6.996854305267334,0.1,3,128,4505.681640625,60.249855041503906,5,final_hidden,2026-07-10T15:35:22.758197+00:00,nonpad_flattened,EleutherAI/pythia-70m
65536,64,3,16,main,wikitext,wikitext-2-raw-v1,validation,cuda,float32,64,pythia_dynamical_edge_residual_alpha01_probe,9801caeb1bc8252573781682c3403ed9a63b90dd,"[1, 128, 512]",inputs_embeds,paper_style_feedback_dynamics,EleutherAI/pythia-70m,0.016346553340554237,residual,fixed_random,-7.215709686279297,-7.110743522644043,0.1,3,128,4558.70947265625,54.765254974365234,6,final_hidden,2026-07-10T15:35:22.758197+00:00,nonpad_flattened,EleutherAI/pythia-70m
65536,64,3,16,main,wikitext,wikitext-2-raw-v1,validation,cuda,float32,64,pythia_dynamical_edge_residual_alpha01_probe,9801caeb1bc8252573781682c3403ed9a63b90dd,"[1, 128, 512]",inputs_embeds,paper_style_feedback_dynamics,EleutherAI/pythia-70m,0.015697088092565536,residual,fixed_random,-7.312530517578125,-7.215709686279297,0.1,3,128,4606.71484375,49.819000244140625,7,final_hidden,2026-07-10T15:35:22.758197+00:00,nonpad_flattened,EleutherAI/pythia-70m
65536,64,3,16,main,wikitext,wikitext-2-raw-v1,validation,cuda,float32,64,pythia_dynamical_edge_residual_alpha01_probe,9801caeb1bc8252573781682c3403ed9a63b90dd,"[1, 128, 512]",inputs_embeds,paper_style_feedback_dynamics,EleutherAI/pythia-70m,0.015069259330630302,residual,fixed_random,-7.401895523071289,-7.312530517578125,0.1,3,128,4650.1845703125,45.35844802856445,8,final_hidden,2026-07-10T15:35:22.758197+00:00,nonpad_flattened,EleutherAI/pythia-70m
65536,64,3,16,main,wikitext,wikitext-2-raw-v1,validation,cuda,float32,64,pythia_dynamical_edge_residual_alpha01_probe,9801caeb1bc8252573781682c3403ed9a63b90dd,"[1, 128, 512]",inputs_embeds,paper_style_feedback_dynamics,EleutherAI/pythia-70m,0.014463171362876892,residual,fixed_random,-7.484431266784668,-7.401895523071289,0.1,3,128,4689.55712890625,41.33608627319336,9,final_hidden,2026-07-10T15:35:22.758197+00:00,nonpad_flattened,EleutherAI/pythia-70m
65536,64,3,16,main,wikitext,wikitext-2-raw-v1,validation,cuda,float32,64,pythia_dynamical_edge_residual_alpha01_probe,9801caeb1bc8252573781682c3403ed9a63b90dd,"[1, 128, 512]",inputs_embeds,paper_style_feedback_dynamics,EleutherAI/pythia-70m,0.013877242803573608,residual,fixed_random,-7.5607194900512695,-7.484431266784668,0.1,3,128,4725.22998046875,37.70893478393555,10,final_hidden,2026-07-10T15:35:22.758197+00:00,nonpad_flattened,EleutherAI/pythia-70m
65536,64,3,16,main,wikitext,wikitext-2-raw-v1,validation,cuda,float32,64,pythia_dynamical_edge_residual_alpha01_probe,9801caeb1bc8252573781682c3403ed9a63b90dd,"[1, 128, 512]",inputs_embeds,paper_style_feedback_dynamics,EleutherAI/pythia-70m,0.013311968185007572,residual,fixed_random,-7.6312947273254395,-7.5607194900512695,0.1,3,128,4757.56005859375,34.438167572021484,11,final_hidden,2026-07-10T15:35:22.758197+00:00,nonpad_flattened,EleutherAI/pythia-70m
65536,64,3,16,main,wikitext,wikitext-2-raw-v1,validation,cuda,float32,64,pythia_dynamical_edge_residual_alpha01_probe,9801caeb1bc8252573781682c3403ed9a63b90dd,"[1, 128, 512]",inputs_embeds,paper_style_feedback_dynamics,EleutherAI/pythia-70m,0.012770535424351692,residual,fixed_random,-7.696637153625488,-7.6312947273254395,0.1,3,128,4786.86962890625,31.488780975341797,12,final_hidden,2026-07-10T15:35:22.758197+00:00,nonpad_flattened,EleutherAI/pythia-70m
65536,64,3,16,main,wikitext,wikitext-2-raw-v1,validation,cuda,float32,64,pythia_dynamical_edge_residual_alpha01_probe,9801caeb1bc8252573781682c3403ed9a63b90dd,"[1, 128, 512]",inputs_embeds,paper_style_feedback_dynamics,EleutherAI/pythia-70m,0.012249129824340343,residual,fixed_random,-7.757184028625488,-7.696637153625488,0.1,3,128,4813.451171875,28.82907485961914,13,final_hidden,2026-07-10T15:35:22.758197+00:00,nonpad_flattened,EleutherAI/pythia-70m
65536,64,3,16,main,wikitext,wikitext-2-raw-v1,validation,cuda,float32,64,pythia_dynamical_edge_residual_alpha01_probe,9801caeb1bc8252573781682c3403ed9a63b90dd,"[1, 128, 512]",inputs_embeds,paper_style_feedback_dynamics,EleutherAI/pythia-70m,0.011748714372515678,residual,fixed_random,-7.813345432281494,-7.757184028625488,0.1,3,128,4837.56689453125,26.430456161499023,14,final_hidden,2026-07-10T15:35:22.758197+00:00,nonpad_flattened,EleutherAI/pythia-70m
65536,64,3,16,main,wikitext,wikitext-2-raw-v1,validation,cuda,float32,64,pythia_dynamical_edge_residual_alpha01_probe,9801caeb1bc8252573781682c3403ed9a63b90dd,"[1, 128, 512]",inputs_embeds,paper_style_feedback_dynamics,EleutherAI/pythia-70m,0.011267287656664848,residual,fixed_random,-7.865478515625,-7.813345432281494,0.1,3,128,4859.45361328125,24.267086029052734,15,final_hidden,2026-07-10T15:35:22.758197+00:00,nonpad_flattened,EleutherAI/pythia-70m
65536,64,3,16,main,wikitext,wikitext-2-raw-v1,validation,cuda,float32,64,pythia_dynamical_edge_residual_alpha01_probe,9801caeb1bc8252573781682c3403ed9a63b90dd,"[1, 128, 512]",inputs_embeds,paper_style_feedback_dynamics,EleutherAI/pythia-70m,0.010808357037603855,residual,fixed_random,-7.913912773132324,-7.865478515625,0.1,3,128,4879.326171875,22.315597534179688,16,final_hidden,2026-07-10T15:35:22.758197+00:00,nonpad_flattened,EleutherAI/pythia-70m
65536,64,3,16,main,wikitext,wikitext-2-raw-v1,validation,cuda,float32,64,pythia_dynamical_edge_residual_alpha01_probe,9801caeb1bc8252573781682c3403ed9a63b90dd,"[1, 128, 512]",inputs_embeds,paper_style_feedback_dynamics,EleutherAI/pythia-70m,0.010368967428803444,residual,fixed_random,-7.958974838256836,-7.913912773132324,0.1,3,128,4897.37744140625,20.554908752441406,17,final_hidden,2026-07-10T15:35:22.758197+00:00,nonpad_flattened,EleutherAI/pythia-70m
65536,64,3,16,main,wikitext,wikitext-2-raw-v1,validation,cuda,float32,64,pythia_dynamical_edge_residual_alpha01_probe,9801caeb1bc8252573781682c3403ed9a63b90dd,"[1, 128, 512]",inputs_embeds,paper_style_feedback_dynamics,EleutherAI/pythia-70m,0.009947195649147034,residual,fixed_random,-8.000917434692383,-7.958974838256836,0.1,3,128,4913.78125,18.965972900390625,18,final_hidden,2026-07-10T15:35:22.758197+00:00,nonpad_flattened,EleutherAI/pythia-70m
65536,64,3,16,main,wikitext,wikitext-2-raw-v1,validation,cuda,float32,64,pythia_dynamical_edge_residual_alpha01_probe,9801caeb1bc8252573781682c3403ed9a63b90dd,"[1, 128, 512]",inputs_embeds,paper_style_feedback_dynamics,EleutherAI/pythia-70m,0.009543723426759243,residual,fixed_random,-8.040014266967773,-8.000917434692383,0.1,3,128,4928.6962890625,17.5314998626709,19,final_hidden,2026-07-10T15:35:22.758197+00:00,nonpad_flattened,EleutherAI/pythia-70m
65536,64,3,16,main,wikitext,wikitext-2-raw-v1,validation,cuda,float32,64,pythia_dynamical_edge_residual_alpha01_probe,9801caeb1bc8252573781682c3403ed9a63b90dd,"[1, 128, 512]",inputs_embeds,paper_style_feedback_dynamics,EleutherAI/pythia-70m,0.009158890694379807,residual,fixed_random,-8.0764799118042,-8.040014266967773,0.1,3,128,4942.263671875,16.23599624633789,20,final_hidden,2026-07-10T15:35:22.758197+00:00,nonpad_flattened,EleutherAI/pythia-70m
65536,64,3,16,main,wikitext,wikitext-2-raw-v1,validation,cuda,float32,64,pythia_dynamical_edge_residual_alpha01_probe,9801caeb1bc8252573781682c3403ed9a63b90dd,"[1, 128, 512]",inputs_embeds,paper_style_feedback_dynamics,EleutherAI/pythia-70m,0.008787175640463829,residual,fixed_random,-8.110540390014648,-8.0764799118042,0.1,3,128,4954.61181640625,15.065398216247559,21,final_hidden,2026-07-10T15:35:22.758197+00:00,nonpad_flattened,EleutherAI/pythia-70m
65536,64,3,16,main,wikitext,wikitext-2-raw-v1,validation,cuda,float32,64,pythia_dynamical_edge_residual_alpha01_probe,9801caeb1bc8252573781682c3403ed9a63b90dd,"[1, 128, 512]",inputs_embeds,paper_style_feedback_dynamics,EleutherAI/pythia-70m,0.008433109149336815,residual,fixed_random,-8.142385482788086,-8.110540390014648,0.1,3,128,4965.8564453125,14.006964683532715,22,final_hidden,2026-07-10T15:35:22.758197+00:00,nonpad_flattened,EleutherAI/pythia-70m
65536,64,3,16,main,wikitext,wikitext-2-raw-v1,validation,cuda,float32,64,pythia_dynamical_edge_residual_alpha01_probe,9801caeb1bc8252573781682c3403ed9a63b90dd,"[1, 128, 512]",inputs_embeds,paper_style_feedback_dynamics,EleutherAI/pythia-70m,0.008092589676380157,residual,fixed_random,-8.172188758850098,-8.142385482788086,0.1,3,128,4976.10205078125,13.049271583557129,23,final_hidden,2026-07-10T15:35:22.758197+00:00,nonpad_flattened,EleutherAI/pythia-70m
65536,64,3,16,main,wikitext,wikitext-2-raw-v1,validation,cuda,float32,64,pythia_dynamical_edge_residual_alpha01_probe,9801caeb1bc8252573781682c3403ed9a63b90dd,"[1, 128, 512]",inputs_embeds,paper_style_feedback_dynamics,EleutherAI/pythia-70m,0.007768161129206419,residual,fixed_random,-8.200115203857422,-8.172188758850098,0.1,3,128,4985.44384765625,12.181979179382324,24,final_hidden,2026-07-10T15:35:22.758197+00:00,nonpad_flattened,EleutherAI/pythia-70m
65536,64,3,16,main,wikitext,wikitext-2-raw-v1,validation,cuda,float32,64,pythia_dynamical_edge_residual_alpha01_probe,9801caeb1bc8252573781682c3403ed9a63b90dd,"[1, 128, 512]",inputs_embeds,paper_style_feedback_dynamics,EleutherAI/pythia-70m,0.00745738111436367,residual,fixed_random,-8.226312637329102,-8.200115203857422,0.1,3,128,4993.9658203125,11.395766258239746,25,final_hidden,2026-07-10T15:35:22.758197+00:00,nonpad_flattened,EleutherAI/pythia-70m
65536,64,3,16,main,wikitext,wikitext-2-raw-v1,validation,cuda,float32,64,pythia_dynamical_edge_residual_alpha01_probe,9801caeb1bc8252573781682c3403ed9a63b90dd,"[1, 128, 512]",inputs_embeds,paper_style_feedback_dynamics,EleutherAI/pythia-70m,0.007161280140280724,residual,fixed_random,-8.250903129577637,-8.226312637329102,0.1,3,128,5001.74609375,10.682212829589844,26,final_hidden,2026-07-10T15:35:22.758197+00:00,nonpad_flattened,EleutherAI/pythia-70m
65536,64,3,16,main,wikitext,wikitext-2-raw-v1,validation,cuda,float32,64,pythia_dynamical_edge_residual_alpha01_probe,9801caeb1bc8252573781682c3403ed9a63b90dd,"[1, 128, 512]",inputs_embeds,paper_style_feedback_dynamics,EleutherAI/pythia-70m,0.0068754046224057674,residual,fixed_random,-8.274028778076172,-8.250903129577637,0.1,3,128,5008.853515625,10.033782958984375,27,final_hidden,2026-07-10T15:35:22.758197+00:00,nonpad_flattened,EleutherAI/pythia-70m
65536,64,3,16,main,wikitext,wikitext-2-raw-v1,validation,cuda,float32,64,pythia_dynamical_edge_residual_alpha01_probe,9801caeb1bc8252573781682c3403ed9a63b90dd,"[1, 128, 512]",inputs_embeds,paper_style_feedback_dynamics,EleutherAI/pythia-70m,0.006606748793274164,residual,fixed_random,-8.295794486999512,-8.274028778076172,0.1,3,128,5015.35107421875,9.443681716918945,28,final_hidden,2026-07-10T15:35:22.758197+00:00,nonpad_flattened,EleutherAI/pythia-70m
65536,64,3,16,main,wikitext,wikitext-2-raw-v1,validation,cuda,float32,64,pythia_dynamical_edge_residual_alpha01_probe,9801caeb1bc8252573781682c3403ed9a63b90dd,"[1, 128, 512]",inputs_embeds,paper_style_feedback_dynamics,EleutherAI/pythia-70m,0.006348154973238707,residual,fixed_random,-8.316298484802246,-8.295794486999512,0.1,3,128,5021.29541015625,8.905813217163086,29,final_hidden,2026-07-10T15:35:22.758197+00:00,nonpad_flattened,EleutherAI/pythia-70m
65536,64,3,16,main,wikitext,wikitext-2-raw-v1,validation,cuda,float32,64,pythia_dynamical_edge_residual_alpha01_probe,9801caeb1bc8252573781682c3403ed9a63b90dd,"[1, 128, 512]",inputs_embeds,paper_style_feedback_dynamics,EleutherAI/pythia-70m,0.00610176008194685,residual,fixed_random,-8.335630416870117,-8.316298484802246,0.1,3,128,5026.73828125,8.414661407470703,30,final_hidden,2026-07-10T15:35:22.758197+00:00,nonpad_flattened,EleutherAI/pythia-70m
65536,64,3,16,main,wikitext,wikitext-2-raw-v1,validation,cuda,float32,64,pythia_dynamical_edge_residual_alpha01_probe,9801caeb1bc8252573781682c3403ed9a63b90dd,"[1, 128, 512]",inputs_embeds,paper_style_feedback_dynamics,EleutherAI/pythia-70m,0.005865777377039194,residual,fixed_random,-8.353893280029297,-8.335630416870117,0.1,3,128,5031.72607421875,7.965393543243408,31,final_hidden,2026-07-10T15:35:22.758197+00:00,nonpad_flattened,EleutherAI/pythia-70m
65536,64,3,16,main,wikitext,wikitext-2-raw-v1,validation,cuda,float32,64,pythia_dynamical_edge_residual_alpha01_probe,9801caeb1bc8252573781682c3403ed9a63b90dd,"[1, 128, 512]",inputs_embeds,paper_style_feedback_dynamics,EleutherAI/pythia-70m,0.0056396229192614555,residual,fixed_random,-8.371161460876465,-8.353893280029297,0.1,3,128,5036.30029296875,7.553584575653076,32,final_hidden,2026-07-10T15:35:22.758197+00:00,nonpad_flattened,EleutherAI/pythia-70m
65536,64,3,16,main,wikitext,wikitext-2-raw-v1,validation,cuda,float32,64,pythia_dynamical_edge_residual_alpha01_probe,9801caeb1bc8252573781682c3403ed9a63b90dd,"[1, 128, 512]",inputs_embeds,paper_style_feedback_dynamics,EleutherAI/pythia-70m,0.005429479759186506,residual,fixed_random,-8.387496948242188,-8.371161460876465,0.1,3,128,5040.4990234375,7.1753458976745605,33,final_hidden,2026-07-10T15:35:22.758197+00:00,nonpad_flattened,EleutherAI/pythia-70m
65536,64,3,16,main,wikitext,wikitext-2-raw-v1,validation,cuda,float32,64,pythia_dynamical_edge_residual_alpha01_probe,9801caeb1bc8252573781682c3403ed9a63b90dd,"[1, 128, 512]",inputs_embeds,paper_style_feedback_dynamics,EleutherAI/pythia-70m,0.005223231390118599,residual,fixed_random,-8.402972221374512,-8.387496948242188,0.1,3,128,5044.3564453125,6.827185153961182,34,final_hidden,2026-07-10T15:35:22.758197+00:00,nonpad_flattened,EleutherAI/pythia-70m
65536,64,3,16,main,wikitext,wikitext-2-raw-v1,validation,cuda,float32,64,pythia_dynamical_edge_residual_alpha01_probe,9801caeb1bc8252573781682c3403ed9a63b90dd,"[1, 128, 512]",inputs_embeds,paper_style_feedback_dynamics,EleutherAI/pythia-70m,0.005026743281632662,residual,fixed_random,-8.417657852172852,-8.402972221374512,0.1,3,128,5047.9033203125,6.505982875823975,35,final_hidden,2026-07-10T15:35:22.758197+00:00,nonpad_flattened,EleutherAI/pythia-70m
65536,64,3,16,main,wikitext,wikitext-2-raw-v1,validation,cuda,float32,64,pythia_dynamical_edge_residual_alpha01_probe,9801caeb1bc8252573781682c3403ed9a63b90dd,"[1, 128, 512]",inputs_embeds,paper_style_feedback_dynamics,EleutherAI/pythia-70m,0.004836631007492542,residual,fixed_random,-8.431598663330078,-8.417657852172852,0.1,3,128,5051.16845703125,6.208994388580322,36,final_hidden,2026-07-10T15:35:22.758197+00:00,nonpad_flattened,EleutherAI/pythia-70m
65536,64,3,16,main,wikitext,wikitext-2-raw-v1,validation,cuda,float32,64,pythia_dynamical_edge_residual_alpha01_probe,9801caeb1bc8252573781682c3403ed9a63b90dd,"[1, 128, 512]",inputs_embeds,paper_style_feedback_dynamics,EleutherAI/pythia-70m,0.004657189827412367,residual,fixed_random,-8.444849014282227,-8.431598663330078,0.1,3,128,5054.1767578125,5.933754920959473,37,final_hidden,2026-07-10T15:35:22.758197+00:00,nonpad_flattened,EleutherAI/pythia-70m
65536,64,3,16,main,wikitext,wikitext-2-raw-v1,validation,cuda,float32,64,pythia_dynamical_edge_residual_alpha01_probe,9801caeb1bc8252573781682c3403ed9a63b90dd,"[1, 128, 512]",inputs_embeds,paper_style_feedback_dynamics,EleutherAI/pythia-70m,0.0044844928197562695,residual,fixed_random,-8.457449913024902,-8.444849014282227,0.1,3,128,5056.95166015625,5.678080081939697,38,final_hidden,2026-07-10T15:35:22.758197+00:00,nonpad_flattened,EleutherAI/pythia-70m
65536,64,3,16,main,wikitext,wikitext-2-raw-v1,validation,cuda,float32,64,pythia_dynamical_edge_residual_alpha01_probe,9801caeb1bc8252573781682c3403ed9a63b90dd,"[1, 128, 512]",inputs_embeds,paper_style_feedback_dynamics,EleutherAI/pythia-70m,0.0043182228691875935,residual,fixed_random,-8.469447135925293,-8.457449913024902,0.1,3,128,5059.51318359375,5.440047740936279,39,final_hidden,2026-07-10T15:35:22.758197+00:00,nonpad_flattened,EleutherAI/pythia-70m
65536,64,3,16,main,wikitext,wikitext-2-raw-v1,validation,cuda,float32,64,pythia_dynamical_edge_residual_alpha01_probe,9801caeb1bc8252573781682c3403ed9a63b90dd,"[1, 128, 512]",inputs_embeds,paper_style_feedback_dynamics,EleutherAI/pythia-70m,0.0041638631373643875,residual,fixed_random,-8.48089599609375,-8.469447135925293,0.1,3,128,5061.88037109375,5.217922687530518,40,final_hidden,2026-07-10T15:35:22.758197+00:00,nonpad_flattened,EleutherAI/pythia-70m
65536,64,3,16,main,wikitext,wikitext-2-raw-v1,validation,cuda,float32,64,pythia_dynamical_edge_residual_alpha01_probe,9801caeb1bc8252573781682c3403ed9a63b90dd,"[1, 128, 512]",inputs_embeds,paper_style_feedback_dynamics,EleutherAI/pythia-70m,0.004014441277831793,residual,fixed_random,-8.491804122924805,-8.48089599609375,0.1,3,128,5064.0703125,5.010179042816162,41,final_hidden,2026-07-10T15:35:22.758197+00:00,nonpad_flattened,EleutherAI/pythia-70m
65536,64,3,16,main,wikitext,wikitext-2-raw-v1,validation,cuda,float32,64,pythia_dynamical_edge_residual_alpha01_probe,9801caeb1bc8252573781682c3403ed9a63b90dd,"[1, 128, 512]",inputs_embeds,paper_style_feedback_dynamics,EleutherAI/pythia-70m,0.0038752220571041107,residual,fixed_random,-8.502228736877441,-8.491804122924805,0.1,3,128,5066.09912109375,4.815474033355713,42,final_hidden,2026-07-10T15:35:22.758197+00:00,nonpad_flattened,EleutherAI/pythia-70m
65536,64,3,16,main,wikitext,wikitext-2-raw-v1,validation,cuda,float32,64,pythia_dynamical_edge_residual_alpha01_probe,9801caeb1bc8252573781682c3403ed9a63b90dd,"[1, 128, 512]",inputs_embeds,paper_style_feedback_dynamics,EleutherAI/pythia-70m,0.0037372505757957697,residual,fixed_random,-8.512199401855469,-8.502228736877441,0.1,3,128,5067.97998046875,4.632616996765137,43,final_hidden,2026-07-10T15:35:22.758197+00:00,nonpad_flattened,EleutherAI/pythia-70m
65536,64,3,16,main,wikitext,wikitext-2-raw-v1,validation,cuda,float32,64,pythia_dynamical_edge_residual_alpha01_probe,9801caeb1bc8252573781682c3403ed9a63b90dd,"[1, 128, 512]",inputs_embeds,paper_style_feedback_dynamics,EleutherAI/pythia-70m,0.0036040968261659145,residual,fixed_random,-8.521736145019531,-8.512199401855469,0.1,3,128,5069.72607421875,4.460531234741211,44,final_hidden,2026-07-10T15:35:22.758197+00:00,nonpad_flattened,EleutherAI/pythia-70m
65536,64,3,16,main,wikitext,wikitext-2-raw-v1,validation,cuda,float32,64,pythia_dynamical_edge_residual_alpha01_probe,9801caeb1bc8252573781682c3403ed9a63b90dd,"[1, 128, 512]",inputs_embeds,paper_style_feedback_dynamics,EleutherAI/pythia-70m,0.003480566432699561,residual,fixed_random,-8.530866622924805,-8.521736145019531,0.1,3,128,5071.34912109375,4.298269271850586,45,final_hidden,2026-07-10T15:35:22.758197+00:00,nonpad_flattened,EleutherAI/pythia-70m
65536,64,3,16,main,wikitext,wikitext-2-raw-v1,validation,cuda,float32,64,pythia_dynamical_edge_residual_alpha01_probe,9801caeb1bc8252573781682c3403ed9a63b90dd,"[1, 128, 512]",inputs_embeds,paper_style_feedback_dynamics,EleutherAI/pythia-70m,0.0033624626230448484,residual,fixed_random,-8.539617538452148,-8.530866622924805,0.1,3,128,5072.85888671875,4.144991874694824,46,final_hidden,2026-07-10T15:35:22.758197+00:00,nonpad_flattened,EleutherAI/pythia-70m
65536,64,3,16,main,wikitext,wikitext-2-raw-v1,validation,cuda,float32,64,pythia_dynamical_edge_residual_alpha01_probe,9801caeb1bc8252573781682c3403ed9a63b90dd,"[1, 128, 512]",inputs_embeds,paper_style_feedback_dynamics,EleutherAI/pythia-70m,0.0032469071447849274,residual,fixed_random,-8.548011779785156,-8.539617538452148,0.1,3,128,5074.26513671875,3.9999489784240723,47,final_hidden,2026-07-10T15:35:22.758197+00:00,nonpad_flattened,EleutherAI/pythia-70m
65536,64,3,16,main,wikitext,wikitext-2-raw-v1,validation,cuda,float32,64,pythia_dynamical_edge_residual_alpha01_probe,9801caeb1bc8252573781682c3403ed9a63b90dd,"[1, 128, 512]",inputs_embeds,paper_style_feedback_dynamics,EleutherAI/pythia-70m,0.00313511467538774,residual,fixed_random,-8.55606746673584,-8.548011779785156,0.1,3,128,5075.57666015625,3.8624649047851562,48,final_hidden,2026-07-10T15:35:22.758197+00:00,nonpad_flattened,EleutherAI/pythia-70m
65536,64,3,16,main,wikitext,wikitext-2-raw-v1,validation,cuda,float32,64,pythia_dynamical_edge_residual_alpha01_probe,9801caeb1bc8252573781682c3403ed9a63b90dd,"[1, 128, 512]",inputs_embeds,paper_style_feedback_dynamics,EleutherAI/pythia-70m,0.0030319513753056526,residual,fixed_random,-8.563811302185059,-8.55606746673584,0.1,3,128,5076.80126953125,3.73195219039917,49,final_hidden,2026-07-10T15:35:22.758197+00:00,nonpad_flattened,EleutherAI/pythia-70m
65536,64,3,16,main,wikitext,wikitext-2-raw-v1,validation,cuda,float32,64,pythia_dynamical_edge_residual_alpha01_probe,9801caeb1bc8252573781682c3403ed9a63b90dd,"[1, 128, 512]",inputs_embeds,paper_style_feedback_dynamics,EleutherAI/pythia-70m,0.002930125454440713,residual,fixed_random,-8.571252822875977,-8.563811302185059,0.1,3,128,5077.9462890625,3.607868194580078,50,final_hidden,2026-07-10T15:35:22.758197+00:00,nonpad_flattened,EleutherAI/pythia-70m
65536,64,3,16,main,wikitext,wikitext-2-raw-v1,validation,cuda,float32,64,pythia_dynamical_edge_residual_alpha01_probe,9801caeb1bc8252573781682c3403ed9a63b90dd,"[1, 128, 512]",inputs_embeds,paper_style_feedback_dynamics,EleutherAI/pythia-70m,0.0028336932882666588,residual,fixed_random,-8.578413963317871,-8.571252822875977,0.1,3,128,5079.017578125,3.4897279739379883,51,final_hidden,2026-07-10T15:35:22.758197+00:00,nonpad_flattened,EleutherAI/pythia-70m
65536,64,3,16,main,wikitext,wikitext-2-raw-v1,validation,cuda,float32,64,pythia_dynamical_edge_residual_alpha01_probe,9801caeb1bc8252573781682c3403ed9a63b90dd,"[1, 128, 512]",inputs_embeds,paper_style_feedback_dynamics,EleutherAI/pythia-70m,0.0027402022387832403,residual,fixed_random,-8.585305213928223,-8.578413963317871,0.1,3,128,5080.021484375,3.377117395401001,52,final_hidden,2026-07-10T15:35:22.758197+00:00,nonpad_flattened,EleutherAI/pythia-70m
65536,64,3,16,main,wikitext,wikitext-2-raw-v1,validation,cuda,float32,64,pythia_dynamical_edge_residual_alpha01_probe,9801caeb1bc8252573781682c3403ed9a63b90dd,"[1, 128, 512]",inputs_embeds,paper_style_feedback_dynamics,EleutherAI/pythia-70m,0.002648059744387865,residual,fixed_random,-8.591938018798828,-8.585305213928223,0.1,3,128,5080.96337890625,3.269641876220703,53,final_hidden,2026-07-10T15:35:22.758197+00:00,nonpad_flattened,EleutherAI/pythia-70m
65536,64,3,16,main,wikitext,wikitext-2-raw-v1,validation,cuda,float32,64,pythia_dynamical_edge_residual_alpha01_probe,9801caeb1bc8252573781682c3403ed9a63b90dd,"[1, 128, 512]",inputs_embeds,paper_style_feedback_dynamics,EleutherAI/pythia-70m,0.002563233720138669,residual,fixed_random,-8.5983304977417,-8.591938018798828,0.1,3,128,5081.84765625,3.166943311691284,54,final_hidden,2026-07-10T15:35:22.758197+00:00,nonpad_flattened,EleutherAI/pythia-70m
65536,64,3,16,main,wikitext,wikitext-2-raw-v1,validation,cuda,float32,64,pythia_dynamical_edge_residual_alpha01_probe,9801caeb1bc8252573781682c3403ed9a63b90dd,"[1, 128, 512]",inputs_embeds,paper_style_feedback_dynamics,EleutherAI/pythia-70m,0.0024832142516970634,residual,fixed_random,-8.604501724243164,-8.5983304977417,0.1,3,128,5082.6796875,3.068702459335327,55,final_hidden,2026-07-10T15:35:22.758197+00:00,nonpad_flattened,EleutherAI/pythia-70m
65536,64,3,16,main,wikitext,wikitext-2-raw-v1,validation,cuda,float32,64,pythia_dynamical_edge_residual_alpha01_probe,9801caeb1bc8252573781682c3403ed9a63b90dd,"[1, 128, 512]",inputs_embeds,paper_style_feedback_dynamics,EleutherAI/pythia-70m,0.002409105421975255,residual,fixed_random,-8.610452651977539,-8.604501724243164,0.1,3,128,5083.46240234375,2.9746453762054443,56,final_hidden,2026-07-10T15:35:22.758197+00:00,nonpad_flattened,EleutherAI/pythia-70m
65536,64,3,16,main,wikitext,wikitext-2-raw-v1,validation,cuda,float32,64,pythia_dynamical_edge_residual_alpha01_probe,9801caeb1bc8252573781682c3403ed9a63b90dd,"[1, 128, 512]",inputs_embeds,paper_style_feedback_dynamics,EleutherAI/pythia-70m,0.0023305751383304596,residual,fixed_random,-8.616194725036621,-8.610452651977539,0.1,3,128,5084.20068359375,2.8845012187957764,57,final_hidden,2026-07-10T15:35:22.758197+00:00,nonpad_flattened,EleutherAI/pythia-70m
65536,64,3,16,main,wikitext,wikitext-2-raw-v1,validation,cuda,float32,64,pythia_dynamical_edge_residual_alpha01_probe,9801caeb1bc8252573781682c3403ed9a63b90dd,"[1, 128, 512]",inputs_embeds,paper_style_feedback_dynamics,EleutherAI/pythia-70m,0.002256868639960885,residual,fixed_random,-8.621749877929688,-8.616194725036621,0.1,3,128,5084.89697265625,2.7980258464813232,58,final_hidden,2026-07-10T15:35:22.758197+00:00,nonpad_flattened,EleutherAI/pythia-70m
65536,64,3,16,main,wikitext,wikitext-2-raw-v1,validation,cuda,float32,64,pythia_dynamical_edge_residual_alpha01_probe,9801caeb1bc8252573781682c3403ed9a63b90dd,"[1, 128, 512]",inputs_embeds,paper_style_feedback_dynamics,EleutherAI/pythia-70m,0.0021863162983208895,residual,fixed_random,-8.627104759216309,-8.621749877929688,0.1,3,128,5085.5546875,2.7150208950042725,59,final_hidden,2026-07-10T15:35:22.758197+00:00,nonpad_flattened,EleutherAI/pythia-70m
65536,64,3,16,main,wikitext,wikitext-2-raw-v1,validation,cuda,float32,64,pythia_dynamical_edge_residual_alpha01_probe,9801caeb1bc8252573781682c3403ed9a63b90dd,"[1, 128, 512]",inputs_embeds,paper_style_feedback_dynamics,EleutherAI/pythia-70m,0.0021196003071963787,residual,fixed_random,-8.632296562194824,-8.627104759216309,0.1,3,128,5086.17626953125,2.635265588760376,60,final_hidden,2026-07-10T15:35:22.758197+00:00,nonpad_flattened,EleutherAI/pythia-70m
65536,64,3,16,main,wikitext,wikitext-2-raw-v1,validation,cuda,float32,64,pythia_dynamical_edge_residual_alpha01_probe,9801caeb1bc8252573781682c3403ed9a63b90dd,"[1, 128, 512]",inputs_embeds,paper_style_feedback_dynamics,EleutherAI/pythia-70m,0.0020538736134767532,residual,fixed_random,-8.637311935424805,-8.632296562194824,0.1,3,128,5086.76513671875,2.558591365814209,61,final_hidden,2026-07-10T15:35:22.758197+00:00,nonpad_flattened,EleutherAI/pythia-70m
65536,64,3,16,main,wikitext,wikitext-2-raw-v1,validation,cuda,float32,64,pythia_dynamical_edge_residual_alpha01_probe,9801caeb1bc8252573781682c3403ed9a63b90dd,"[1, 128, 512]",inputs_embeds,paper_style_feedback_dynamics,EleutherAI/pythia-70m,0.001990954391658306,residual,fixed_random,-8.642169952392578,-8.637311935424805,0.1,3,128,5087.3232421875,2.48481822013855,62,final_hidden,2026-07-10T15:35:22.758197+00:00,nonpad_flattened,EleutherAI/pythia-70m
