checkpoint,window_start,window_end,dynamic_step,selection_index,token_id,token,wikitext_train_count,jacobian_lambda1_abs,jacobian_lambda1_real,jacobian_lambda1_imag,jacobian_lambda2_abs,hidden_state_norm,cosine_token_id,cosine_token,cosine_wikitext_count,cosine_similarity,cosine_distance,cosine_margin,cosine_top5,euclidean_token_id,euclidean_token,euclidean_wikitext_count,euclidean_distance,euclidean_absolute_margin,euclidean_relative_margin,euclidean_top5,lm_head_token_id,lm_head_token,lm_head_wikitext_count,lm_head_probability,lm_head_probability_margin,lm_head_logit_margin,lm_head_normalized_entropy,lm_head_top5,cosine_equals_euclidean,cosine_equals_lm_head,euclidean_equals_lm_head,jacobian_runtime_seconds
step5000,0,256,256,0,29104, repetitive,16,1.0056779384613037,1.0013175010681152,0.09354861080646515,1.0056779384613037,37.64751434326172,37906,GAA,0,0.20128688216209412,0.7987131178379059,0.01615859568119049,"[{""token_id"": 37906, ""token"": ""GAA"", ""value"": 0.20128688216209412}, {""token_id"": 31275, ""token"": ""GTT"", ""value"": 0.18512828648090363}, {""token_id"": 8751, ""token"": ""sensors"", ""value"": 0.182477205991745}, {""token_id"": 32649, ""token"": ""hospital"", ""value"": 0.1737556755542755}, {""token_id"": 3072, ""token"": "" population"", ""value"": 0.16859295964241028}]",37906,GAA,0,37.42438888549805,0.02051544189453125,0.000548183751438116,"[{""token_id"": 37906, ""token"": ""GAA"", ""value"": 37.42438888549805}, {""token_id"": 31275, ""token"": ""GTT"", ""value"": 37.44490432739258}, {""token_id"": 8751, ""token"": ""sensors"", ""value"": 37.4476203918457}, {""token_id"": 32649, ""token"": ""hospital"", ""value"": 37.453975677490234}, {""token_id"": 39465, ""token"": ""它"", ""value"": 37.46553039550781}]",187,"
",1,0.08198726922273636,0.026879120618104935,0.3972663879394531,0.5875973105430603,"[{""token_id"": 187, ""token"": ""\n"", ""value"": 0.08198726922273636}, {""token_id"": 15, ""token"": ""."", ""value"": 0.055108148604631424}, {""token_id"": 1794, ""token"": "" bi"", ""value"": 0.0487762950360775}, {""token_id"": 13, ""token"": "","", ""value"": 0.042200010269880295}, {""token_id"": 281, ""token"": "" to"", ""value"": 0.031074639409780502}]",True,False,False,0.9465723149478436
step5000,0,256,256,1,10020, semi,112,0.9919649362564087,0.9902470111846924,0.05835510790348053,0.9919649362564087,37.82322311401367,11850, maintaining,42,0.1956872195005417,0.8043127804994583,0.011595338582992554,"[{""token_id"": 11850, ""token"": "" maintaining"", ""value"": 0.1956872195005417}, {""token_id"": 37906, ""token"": ""GAA"", ""value"": 0.18409188091754913}, {""token_id"": 6478, ""token"": "" elev"", ""value"": 0.17828188836574554}, {""token_id"": 7092, ""token"": "" implementation"", ""value"": 0.1719457358121872}, {""token_id"": 32649, ""token"": ""hospital"", ""value"": 0.1693764328956604}]",11850, maintaining,42,37.60493087768555,0.015834808349609375,0.0004210832989193345,"[{""token_id"": 11850, ""token"": "" maintaining"", ""value"": 37.60493087768555}, {""token_id"": 37906, ""token"": ""GAA"", ""value"": 37.620765686035156}, {""token_id"": 6478, ""token"": "" elev"", ""value"": 37.62174987792969}, {""token_id"": 32649, ""token"": ""hospital"", ""value"": 37.634986877441406}, {""token_id"": 27676, ""token"": ""encoding"", ""value"": 37.636104583740234}]",281, to,39263,0.05588218569755554,0.0028444677591323853,0.052242279052734375,0.6142894625663757,"[{""token_id"": 281, ""token"": "" to"", ""value"": 0.05588218569755554}, {""token_id"": 13, ""token"": "","", ""value"": 0.05303771793842316}, {""token_id"": 187, ""token"": ""\n"", ""value"": 0.041159071028232574}, {""token_id"": 15, ""token"": ""."", ""value"": 0.03691130876541138}, {""token_id"": 209, ""token"": "" "", ""value"": 0.02401391603052616}]",True,False,False,0.6735008656978607
step5000,0,256,256,2,1941, evidence,284,1.0181798934936523,1.0040833950042725,0.16883942484855652,1.0181798934936523,37.50600814819336,37906,GAA,0,0.205403670668602,0.794596329331398,0.018383130431175232,"[{""token_id"": 37906, ""token"": ""GAA"", ""value"": 0.205403670668602}, {""token_id"": 38231, ""token"": ""GAC"", ""value"": 0.18702054023742676}, {""token_id"": 31275, ""token"": ""GTT"", ""value"": 0.18371038138866425}, {""token_id"": 14054, ""token"": ""atom"", ""value"": 0.1792876124382019}, {""token_id"": 11850, ""token"": "" maintaining"", ""value"": 0.17427991330623627}]",37906,GAA,0,37.277976989746094,0.021251678466796875,0.0005700866887879267,"[{""token_id"": 37906, ""token"": ""GAA"", ""value"": 37.277976989746094}, {""token_id"": 38231, ""token"": ""GAC"", ""value"": 37.29922866821289}, {""token_id"": 31275, ""token"": ""GTT"", ""value"": 37.30516815185547}, {""token_id"": 14054, ""token"": ""atom"", ""value"": 37.30607223510742}, {""token_id"": 32649, ""token"": ""hospital"", ""value"": 37.31190872192383}]",187,"
",1,0.06939110904932022,0.0004512369632720947,0.006524085998535156,0.5900373458862305,"[{""token_id"": 187, ""token"": ""\n"", ""value"": 0.06939110904932022}, {""token_id"": 15, ""token"": ""."", ""value"": 0.06893987208604813}, {""token_id"": 281, ""token"": "" to"", ""value"": 0.04548501968383789}, {""token_id"": 209, ""token"": "" "", ""value"": 0.04164370149374008}, {""token_id"": 13, ""token"": "","", ""value"": 0.041268471628427505}]",True,False,False,0.5543402284383774
step5000,0,256,256,3,38730, orientations,4,0.993905246257782,0.9802975654602051,0.16390332579612732,0.993905246257782,37.61456298828125,37906,GAA,0,0.2044876515865326,0.7955123484134674,0.016222596168518066,"[{""token_id"": 37906, ""token"": ""GAA"", ""value"": 0.2044876515865326}, {""token_id"": 31275, ""token"": ""GTT"", ""value"": 0.18826505541801453}, {""token_id"": 8751, ""token"": ""sensors"", ""value"": 0.18148137629032135}, {""token_id"": 32649, ""token"": ""hospital"", ""value"": 0.17541378736495972}, {""token_id"": 3072, ""token"": "" population"", ""value"": 0.17003223299980164}]",37906,GAA,0,37.3875846862793,0.020618438720703125,0.0005514782218138257,"[{""token_id"": 37906, ""token"": ""GAA"", ""value"": 37.3875846862793}, {""token_id"": 31275, ""token"": ""GTT"", ""value"": 37.408203125}, {""token_id"": 8751, ""token"": ""sensors"", ""value"": 37.4158821105957}, {""token_id"": 32649, ""token"": ""hospital"", ""value"": 37.41899490356445}, {""token_id"": 11850, ""token"": "" maintaining"", ""value"": 37.42942428588867}]",187,"
",1,0.08221414685249329,0.026795644313097,0.39441394805908203,0.5896564722061157,"[{""token_id"": 187, ""token"": ""\n"", ""value"": 0.08221414685249329}, {""token_id"": 15, ""token"": ""."", ""value"": 0.055418502539396286}, {""token_id"": 1794, ""token"": "" bi"", ""value"": 0.04107378423213959}, {""token_id"": 13, ""token"": "","", ""value"": 0.03956617787480354}, {""token_id"": 281, ""token"": "" to"", ""value"": 0.032271914184093475}]",True,False,False,0.5867171809077263
step5000,256,512,512,0,29104, repetitive,16,0.9984251856803894,0.9872362613677979,0.14905522763729095,0.9984251856803894,37.49421691894531,37906,GAA,0,0.2014930248260498,0.7985069751739502,0.01999637484550476,"[{""token_id"": 37906, ""token"": ""GAA"", ""value"": 0.2014930248260498}, {""token_id"": 11850, ""token"": "" maintaining"", ""value"": 0.18149664998054504}, {""token_id"": 31275, ""token"": ""GTT"", ""value"": 0.1813252568244934}, {""token_id"": 38231, ""token"": ""GAC"", ""value"": 0.17944082617759705}, {""token_id"": 8751, ""token"": ""sensors"", ""value"": 0.17478978633880615}]",37906,GAA,0,37.27091598510742,0.022464752197265625,0.0006027421543984057,"[{""token_id"": 37906, ""token"": ""GAA"", ""value"": 37.27091598510742}, {""token_id"": 11850, ""token"": "" maintaining"", ""value"": 37.29338073730469}, {""token_id"": 31275, ""token"": ""GTT"", ""value"": 37.29624557495117}, {""token_id"": 38231, ""token"": ""GAC"", ""value"": 37.29663848876953}, {""token_id"": 32649, ""token"": ""hospital"", ""value"": 37.30113983154297}]",187,"
",1,0.06669381260871887,0.002046652138233185,0.031167984008789062,0.5971354246139526,"[{""token_id"": 187, ""token"": ""\n"", ""value"": 0.06669381260871887}, {""token_id"": 15, ""token"": ""."", ""value"": 0.06464716047048569}, {""token_id"": 13, ""token"": "","", ""value"": 0.04580499231815338}, {""token_id"": 281, ""token"": "" to"", ""value"": 0.043117716908454895}, {""token_id"": 209, ""token"": "" "", ""value"": 0.0314507931470871}]",True,False,False,0.6246070303022861
step5000,256,512,512,1,10020, semi,112,0.9911733269691467,0.9825243949890137,0.13065367937088013,0.9911733269691467,37.65250778198242,37906,GAA,0,0.19161799550056458,0.8083820044994354,0.0006023645401000977,"[{""token_id"": 37906, ""token"": ""GAA"", ""value"": 0.19161799550056458}, {""token_id"": 11850, ""token"": "" maintaining"", ""value"": 0.19101563096046448}, {""token_id"": 32649, ""token"": ""hospital"", ""value"": 0.17388948798179626}, {""token_id"": 31275, ""token"": ""GTT"", ""value"": 0.17319771647453308}, {""token_id"": 6478, ""token"": "" elev"", ""value"": 0.172162726521492}]",11850, maintaining,42,37.43999481201172,0.001056671142578125,2.82230579326661e-05,"[{""token_id"": 11850, ""token"": "" maintaining"", ""value"": 37.43999481201172}, {""token_id"": 37906, ""token"": ""GAA"", ""value"": 37.4410514831543}, {""token_id"": 6478, ""token"": "" elev"", ""value"": 37.458763122558594}, {""token_id"": 32649, ""token"": ""hospital"", ""value"": 37.45880126953125}, {""token_id"": 38231, ""token"": ""GAC"", ""value"": 37.46377182006836}]",187,"
",1,0.05435265600681305,0.001490224152803421,0.027800559997558594,0.6058407425880432,"[{""token_id"": 187, ""token"": ""\n"", ""value"": 0.05435265600681305}, {""token_id"": 281, ""token"": "" to"", ""value"": 0.05286243185400963}, {""token_id"": 13, ""token"": "","", ""value"": 0.04838002473115921}, {""token_id"": 15, ""token"": ""."", ""value"": 0.04633961245417595}, {""token_id"": 209, ""token"": "" "", ""value"": 0.0315210334956646}]",False,False,False,0.6404027603566647
step5000,256,512,512,2,1941, evidence,284,1.0089539289474487,1.0089539289474487,0.0,1.0068508386611938,37.67905807495117,37906,GAA,0,0.20865190029144287,0.7913480997085571,0.00914628803730011,"[{""token_id"": 37906, ""token"": ""GAA"", ""value"": 0.20865190029144287}, {""token_id"": 25978, ""token"": "" governance"", ""value"": 0.19950561225414276}, {""token_id"": 31275, ""token"": ""GTT"", ""value"": 0.19523338973522186}, {""token_id"": 3072, ""token"": "" population"", ""value"": 0.18777334690093994}, {""token_id"": 19914, ""token"": ""ementia"", ""value"": 0.1865531951189041}]",37906,GAA,0,37.447017669677734,0.009899139404296875,0.0002643505416537505,"[{""token_id"": 37906, ""token"": ""GAA"", ""value"": 37.447017669677734}, {""token_id"": 25978, ""token"": "" governance"", ""value"": 37.45691680908203}, {""token_id"": 31275, ""token"": ""GTT"", ""value"": 37.464298248291016}, {""token_id"": 19914, ""token"": ""ementia"", ""value"": 37.47055435180664}, {""token_id"": 8751, ""token"": ""sensors"", ""value"": 37.479095458984375}]",187,"
",1,0.07373417168855667,0.024175133556127548,0.39730167388916016,0.6004136204719543,"[{""token_id"": 187, ""token"": ""\n"", ""value"": 0.07373417168855667}, {""token_id"": 966, ""token"": "" class"", ""value"": 0.04955903813242912}, {""token_id"": 209, ""token"": "" "", ""value"": 0.0423392653465271}, {""token_id"": 15, ""token"": ""."", ""value"": 0.040453191846609116}, {""token_id"": 13, ""token"": "","", ""value"": 0.024725817143917084}]",True,False,False,0.5728027708828449
step5000,256,512,512,3,38730, orientations,4,1.0111390352249146,1.0064635276794434,0.09712458401918411,1.0111390352249146,37.65498733520508,37906,GAA,0,0.2096812129020691,0.7903187870979309,0.02540433406829834,"[{""token_id"": 37906, ""token"": ""GAA"", ""value"": 0.2096812129020691}, {""token_id"": 8751, ""token"": ""sensors"", ""value"": 0.18427687883377075}, {""token_id"": 31275, ""token"": ""GTT"", ""value"": 0.18396171927452087}, {""token_id"": 32649, ""token"": ""hospital"", ""value"": 0.17157459259033203}, {""token_id"": 3072, ""token"": "" population"", ""value"": 0.1690230667591095}]",37906,GAA,0,37.42171859741211,0.0312042236328125,0.0008338533023699885,"[{""token_id"": 37906, ""token"": ""GAA"", ""value"": 37.42171859741211}, {""token_id"": 8751, ""token"": ""sensors"", ""value"": 37.45292282104492}, {""token_id"": 31275, ""token"": ""GTT"", ""value"": 37.453773498535156}, {""token_id"": 32649, ""token"": ""hospital"", ""value"": 37.46413040161133}, {""token_id"": 39465, ""token"": ""它"", ""value"": 37.47435760498047}]",187,"
",1,0.09307444840669632,0.030492156744003296,0.39691734313964844,0.5784331560134888,"[{""token_id"": 187, ""token"": ""\n"", ""value"": 0.09307444840669632}, {""token_id"": 1794, ""token"": "" bi"", ""value"": 0.06258229166269302}, {""token_id"": 15, ""token"": ""."", ""value"": 0.04626055434346199}, {""token_id"": 13, ""token"": "","", ""value"": 0.036443643271923065}, {""token_id"": 281, ""token"": "" to"", ""value"": 0.0353248193860054}]",True,False,False,0.5672973282635212
step5000,512,768,768,0,29104, repetitive,16,1.0158568620681763,1.0011365413665771,0.17231054604053497,1.0158568620681763,37.46158218383789,37906,GAA,0,0.20780283212661743,0.7921971678733826,0.01739022135734558,"[{""token_id"": 37906, ""token"": ""GAA"", ""value"": 0.20780283212661743}, {""token_id"": 31275, ""token"": ""GTT"", ""value"": 0.19041261076927185}, {""token_id"": 38231, ""token"": ""GAC"", ""value"": 0.1862017959356308}, {""token_id"": 8751, ""token"": ""sensors"", ""value"": 0.17870934307575226}, {""token_id"": 11850, ""token"": "" maintaining"", ""value"": 0.171946719288826}]",37906,GAA,0,37.23067855834961,0.02204132080078125,0.0005920203889444854,"[{""token_id"": 37906, ""token"": ""GAA"", ""value"": 37.23067855834961}, {""token_id"": 31275, ""token"": ""GTT"", ""value"": 37.25271987915039}, {""token_id"": 38231, ""token"": ""GAC"", ""value"": 37.25581741333008}, {""token_id"": 8751, ""token"": ""sensors"", ""value"": 37.26631164550781}, {""token_id"": 32649, ""token"": ""hospital"", ""value"": 37.2718391418457}]",187,"
",1,0.07685838639736176,0.0004681125283241272,0.0061092376708984375,0.5889188647270203,"[{""token_id"": 187, ""token"": ""\n"", ""value"": 0.07685838639736176}, {""token_id"": 15, ""token"": ""."", ""value"": 0.07639027386903763}, {""token_id"": 13, ""token"": "","", ""value"": 0.04114333167672157}, {""token_id"": 281, ""token"": "" to"", ""value"": 0.03950183466076851}, {""token_id"": 209, ""token"": "" "", ""value"": 0.038618918508291245}]",True,False,False,0.6313933208584785
step5000,512,768,768,1,10020, semi,112,1.009285569190979,1.0044472217559814,0.09870801866054535,1.009285569190979,37.39955139160156,37906,GAA,0,0.21004296839237213,0.7899570316076279,0.021543845534324646,"[{""token_id"": 37906, ""token"": ""GAA"", ""value"": 0.21004296839237213}, {""token_id"": 31275, ""token"": ""GTT"", ""value"": 0.18849912285804749}, {""token_id"": 8751, ""token"": ""sensors"", ""value"": 0.18385806679725647}, {""token_id"": 38231, ""token"": ""GAC"", ""value"": 0.17775826156139374}, {""token_id"": 32649, ""token"": ""hospital"", ""value"": 0.1687837541103363}]",37906,GAA,0,37.16596984863281,0.027042388916015625,0.0007276115496555624,"[{""token_id"": 37906, ""token"": ""GAA"", ""value"": 37.16596984863281}, {""token_id"": 31275, ""token"": ""GTT"", ""value"": 37.19301223754883}, {""token_id"": 8751, ""token"": ""sensors"", ""value"": 37.198116302490234}, {""token_id"": 38231, ""token"": ""GAC"", ""value"": 37.20405960083008}, {""token_id"": 32649, ""token"": ""hospital"", ""value"": 37.21226501464844}]",187,"
",1,0.08391706645488739,0.0010757595300674438,0.012902259826660156,0.5828054547309875,"[{""token_id"": 187, ""token"": ""\n"", ""value"": 0.08391706645488739}, {""token_id"": 15, ""token"": ""."", ""value"": 0.08284130692481995}, {""token_id"": 13, ""token"": "","", ""value"": 0.04380309581756592}, {""token_id"": 281, ""token"": "" to"", ""value"": 0.03534622862935066}, {""token_id"": 1794, ""token"": "" bi"", ""value"": 0.0317823588848114}]",True,False,False,0.561076246201992
step5000,512,768,768,2,1941, evidence,284,1.0109480619430542,1.0062534809112549,0.09731337428092957,1.0109480619430542,37.60125732421875,37906,GAA,0,0.20564934611320496,0.794350653886795,0.019550755620002747,"[{""token_id"": 37906, ""token"": ""GAA"", ""value"": 0.20564934611320496}, {""token_id"": 31275, ""token"": ""GTT"", ""value"": 0.1860985904932022}, {""token_id"": 8751, ""token"": ""sensors"", ""value"": 0.18336550891399384}, {""token_id"": 32649, ""token"": ""hospital"", ""value"": 0.17307469248771667}, {""token_id"": 3072, ""token"": "" population"", ""value"": 0.16661345958709717}]",37906,GAA,0,37.37288284301758,0.02462005615234375,0.0006587679161856134,"[{""token_id"": 37906, ""token"": ""GAA"", ""value"": 37.37288284301758}, {""token_id"": 31275, ""token"": ""GTT"", ""value"": 37.39750289916992}, {""token_id"": 8751, ""token"": ""sensors"", ""value"": 37.40031433105469}, {""token_id"": 32649, ""token"": ""hospital"", ""value"": 37.40857696533203}, {""token_id"": 39465, ""token"": ""它"", ""value"": 37.422367095947266}]",187,"
",1,0.08815224468708038,0.0315806120634079,0.4435577392578125,0.5804223418235779,"[{""token_id"": 187, ""token"": ""\n"", ""value"": 0.08815224468708038}, {""token_id"": 15, ""token"": ""."", ""value"": 0.056571632623672485}, {""token_id"": 1794, ""token"": "" bi"", ""value"": 0.05641544610261917}, {""token_id"": 13, ""token"": "","", ""value"": 0.039989665150642395}, {""token_id"": 281, ""token"": "" to"", ""value"": 0.031484633684158325}]",True,False,False,0.6055087596178055
step5000,512,768,768,3,38730, orientations,4,1.025754690170288,1.0215497016906738,0.09278447926044464,1.025754690170288,37.70305252075195,37906,GAA,0,0.20274125039577484,0.7972587496042252,0.012697979807853699,"[{""token_id"": 37906, ""token"": ""GAA"", ""value"": 0.20274125039577484}, {""token_id"": 8751, ""token"": ""sensors"", ""value"": 0.19004327058792114}, {""token_id"": 31275, ""token"": ""GTT"", ""value"": 0.18469072878360748}, {""token_id"": 3072, ""token"": "" population"", ""value"": 0.1831665337085724}, {""token_id"": 19914, ""token"": ""ementia"", ""value"": 0.18105687201023102}]",37906,GAA,0,37.47814178466797,0.0158843994140625,0.00042383102943915673,"[{""token_id"": 37906, ""token"": ""GAA"", ""value"": 37.47814178466797}, {""token_id"": 8751, ""token"": ""sensors"", ""value"": 37.49402618408203}, {""token_id"": 31275, ""token"": ""GTT"", ""value"": 37.500938415527344}, {""token_id"": 19914, ""token"": ""ementia"", ""value"": 37.501285552978516}, {""token_id"": 46089, ""token"": ""introduction"", ""value"": 37.50848388671875}]",187,"
",1,0.05198673531413078,0.0017205066978931427,0.03365516662597656,0.5963811874389648,"[{""token_id"": 187, ""token"": ""\n"", ""value"": 0.05198673531413078}, {""token_id"": 13, ""token"": "","", ""value"": 0.05026622861623764}, {""token_id"": 15, ""token"": ""."", ""value"": 0.04867636784911156}, {""token_id"": 281, ""token"": "" to"", ""value"": 0.046191729605197906}, {""token_id"": 1794, ""token"": "" bi"", ""value"": 0.030919773504137993}]",True,False,False,0.6003265604376793
step5000,768,1024,1024,0,29104, repetitive,16,1.0207104682922363,1.0054504871368408,0.1758388876914978,1.0207104682922363,37.478416442871094,37906,GAA,0,0.2082860767841339,0.7917139232158661,0.016122251749038696,"[{""token_id"": 37906, ""token"": ""GAA"", ""value"": 0.2082860767841339}, {""token_id"": 31275, ""token"": ""GTT"", ""value"": 0.19216382503509521}, {""token_id"": 38231, ""token"": ""GAC"", ""value"": 0.1866534799337387}, {""token_id"": 8751, ""token"": ""sensors"", ""value"": 0.17966228723526}, {""token_id"": 14054, ""token"": ""atom"", ""value"": 0.17565281689167023}]",37906,GAA,0,37.246917724609375,0.0205230712890625,0.0005510005268302436,"[{""token_id"": 37906, ""token"": ""GAA"", ""value"": 37.246917724609375}, {""token_id"": 31275, ""token"": ""GTT"", ""value"": 37.26744079589844}, {""token_id"": 38231, ""token"": ""GAC"", ""value"": 37.2720947265625}, {""token_id"": 8751, ""token"": ""sensors"", ""value"": 37.28199005126953}, {""token_id"": 14054, ""token"": ""atom"", ""value"": 37.282962799072266}]",187,"
",1,0.07598006725311279,0.0025521814823150635,0.03416728973388672,0.5901992321014404,"[{""token_id"": 187, ""token"": ""\n"", ""value"": 0.07598006725311279}, {""token_id"": 15, ""token"": ""."", ""value"": 0.07342788577079773}, {""token_id"": 209, ""token"": "" "", ""value"": 0.0418313629925251}, {""token_id"": 281, ""token"": "" to"", ""value"": 0.0395808219909668}, {""token_id"": 13, ""token"": "","", ""value"": 0.039064906537532806}]",True,False,False,0.627217810600996
step5000,768,1024,1024,1,10020, semi,112,1.016379475593567,1.011603832244873,0.09841141849756241,1.016379475593567,37.441436767578125,37906,GAA,0,0.2102883905172348,0.7897116094827652,0.02365395426750183,"[{""token_id"": 37906, ""token"": ""GAA"", ""value"": 0.2102883905172348}, {""token_id"": 31275, ""token"": ""GTT"", ""value"": 0.18663443624973297}, {""token_id"": 8751, ""token"": ""sensors"", ""value"": 0.18318670988082886}, {""token_id"": 38231, ""token"": ""GAC"", ""value"": 0.17129094898700714}, {""token_id"": 32649, ""token"": ""hospital"", ""value"": 0.16881908476352692}]",37906,GAA,0,37.20753860473633,0.029575347900390625,0.000794875151903379,"[{""token_id"": 37906, ""token"": ""GAA"", ""value"": 37.20753860473633}, {""token_id"": 31275, ""token"": ""GTT"", ""value"": 37.23711395263672}, {""token_id"": 8751, ""token"": ""sensors"", ""value"": 37.240787506103516}, {""token_id"": 38231, ""token"": ""GAC"", ""value"": 37.25376510620117}, {""token_id"": 32649, ""token"": ""hospital"", ""value"": 37.254085540771484}]",187,"
",1,0.0847657173871994,0.010363638401031494,0.13040733337402344,0.5820248126983643,"[{""token_id"": 187, ""token"": ""\n"", ""value"": 0.0847657173871994}, {""token_id"": 15, ""token"": ""."", ""value"": 0.07440207898616791}, {""token_id"": 13, ""token"": "","", ""value"": 0.043262891471385956}, {""token_id"": 1794, ""token"": "" bi"", ""value"": 0.04082437977194786}, {""token_id"": 281, ""token"": "" to"", ""value"": 0.035384319722652435}]",True,False,False,0.5720951817929745
step5000,768,1024,1024,2,1941, evidence,284,0.9835057258605957,0.9774657487869263,0.10883094370365143,0.9835057258605957,37.497276306152344,37906,GAA,0,0.20398357510566711,0.7960164248943329,0.021287232637405396,"[{""token_id"": 37906, ""token"": ""GAA"", ""value"": 0.20398357510566711}, {""token_id"": 11850, ""token"": "" maintaining"", ""value"": 0.18269634246826172}, {""token_id"": 31275, ""token"": ""GTT"", ""value"": 0.1797850877046585}, {""token_id"": 8751, ""token"": ""sensors"", ""value"": 0.17866535484790802}, {""token_id"": 32649, ""token"": ""hospital"", ""value"": 0.17622964084148407}]",37906,GAA,0,37.270965576171875,0.02400970458984375,0.0006441932538821497,"[{""token_id"": 37906, ""token"": ""GAA"", ""value"": 37.270965576171875}, {""token_id"": 11850, ""token"": "" maintaining"", ""value"": 37.29497528076172}, {""token_id"": 32649, ""token"": ""hospital"", ""value"": 37.30076599121094}, {""token_id"": 31275, ""token"": ""GTT"", ""value"": 37.3011474609375}, {""token_id"": 8751, ""token"": ""sensors"", ""value"": 37.302040100097656}]",187,"
",1,0.07567889988422394,0.02016986906528473,0.3099536895751953,0.5976771116256714,"[{""token_id"": 187, ""token"": ""\n"", ""value"": 0.07567889988422394}, {""token_id"": 15, ""token"": ""."", ""value"": 0.05550903081893921}, {""token_id"": 13, ""token"": "","", ""value"": 0.041795652359724045}, {""token_id"": 281, ""token"": "" to"", ""value"": 0.03896210715174675}, {""token_id"": 209, ""token"": "" "", ""value"": 0.028916098177433014}]",True,False,False,0.6409218050539494
step5000,768,1024,1024,3,38730, orientations,4,0.9927704930305481,0.9927704930305481,0.0,0.992444634437561,37.50332260131836,37906,GAA,0,0.19478686153888702,0.805213138461113,0.01433977484703064,"[{""token_id"": 37906, ""token"": ""GAA"", ""value"": 0.19478686153888702}, {""token_id"": 11850, ""token"": "" maintaining"", ""value"": 0.18044708669185638}, {""token_id"": 7092, ""token"": "" implementation"", ""value"": 0.17888243496418}, {""token_id"": 38914, ""token"": ""icile"", ""value"": 0.17272822558879852}, {""token_id"": 23839, ""token"": ""CLC"", ""value"": 0.1721898466348648}]",37906,GAA,0,37.28811264038086,0.01564788818359375,0.00041964816869406247,"[{""token_id"": 37906, ""token"": ""GAA"", ""value"": 37.28811264038086}, {""token_id"": 11850, ""token"": "" maintaining"", ""value"": 37.30376052856445}, {""token_id"": 7092, ""token"": "" implementation"", ""value"": 37.311492919921875}, {""token_id"": 32649, ""token"": ""hospital"", ""value"": 37.31230545043945}, {""token_id"": 46089, ""token"": ""introduction"", ""value"": 37.31230545043945}]",13,",",2711,0.06354750692844391,0.00586947426199913,0.09691143035888672,0.6085330247879028,"[{""token_id"": 13, ""token"": "","", ""value"": 0.06354750692844391}, {""token_id"": 281, ""token"": "" to"", ""value"": 0.05767803266644478}, {""token_id"": 15, ""token"": ""."", ""value"": 0.04548041522502899}, {""token_id"": 187, ""token"": ""\n"", ""value"": 0.03657752275466919}, {""token_id"": 310, ""token"": "" is"", ""value"": 0.024703960865736008}]",True,False,False,0.6419813893735409
step5000,1024,1280,1280,0,29104, repetitive,16,1.011872410774231,1.0066187381744385,0.1029786467552185,1.011872410774231,37.67677307128906,37906,GAA,0,0.21488595008850098,0.785114049911499,0.02442052960395813,"[{""token_id"": 37906, ""token"": ""GAA"", ""value"": 0.21488595008850098}, {""token_id"": 31275, ""token"": ""GTT"", ""value"": 0.19046542048454285}, {""token_id"": 8751, ""token"": ""sensors"", ""value"": 0.1860256791114807}, {""token_id"": 3072, ""token"": "" population"", ""value"": 0.17235910892486572}, {""token_id"": 32649, ""token"": ""hospital"", ""value"": 0.16843274235725403}]",37906,GAA,0,37.43720626831055,0.0305328369140625,0.0008155746637512216,"[{""token_id"": 37906, ""token"": ""GAA"", ""value"": 37.43720626831055}, {""token_id"": 31275, ""token"": ""GTT"", ""value"": 37.46773910522461}, {""token_id"": 8751, ""token"": ""sensors"", ""value"": 37.47259521484375}, {""token_id"": 32649, ""token"": ""hospital"", ""value"": 37.489776611328125}, {""token_id"": 39465, ""token"": ""它"", ""value"": 37.49090576171875}]",187,"
",1,0.09825952351093292,0.044036123901605606,0.5944995880126953,0.5781832337379456,"[{""token_id"": 187, ""token"": ""\n"", ""value"": 0.09825952351093292}, {""token_id"": 1794, ""token"": "" bi"", ""value"": 0.054223399609327316}, {""token_id"": 15, ""token"": ""."", ""value"": 0.05002354457974434}, {""token_id"": 281, ""token"": "" to"", ""value"": 0.034059878438711166}, {""token_id"": 13, ""token"": "","", ""value"": 0.033080603927373886}]",True,False,False,0.6249171681702137
step5000,1024,1280,1280,1,10020, semi,112,0.9864713549613953,0.9832867980003357,0.07920069992542267,0.9864713549613953,37.79554748535156,37906,GAA,0,0.18799924850463867,0.8120007514953613,0.0028494596481323242,"[{""token_id"": 37906, ""token"": ""GAA"", ""value"": 0.18799924850463867}, {""token_id"": 11850, ""token"": "" maintaining"", ""value"": 0.18514978885650635}, {""token_id"": 8751, ""token"": ""sensors"", ""value"": 0.1789051592350006}, {""token_id"": 32649, ""token"": ""hospital"", ""value"": 0.1766088604927063}, {""token_id"": 7092, ""token"": "" implementation"", ""value"": 0.1746903359889984}]",37906,GAA,0,37.58838653564453,0.001720428466796875,4.5770213232361466e-05,"[{""token_id"": 37906, ""token"": ""GAA"", ""value"": 37.58838653564453}, {""token_id"": 11850, ""token"": "" maintaining"", ""value"": 37.59010696411133}, {""token_id"": 32649, ""token"": ""hospital"", ""value"": 37.59841537475586}, {""token_id"": 8751, ""token"": ""sensors"", ""value"": 37.599876403808594}, {""token_id"": 6478, ""token"": "" elev"", ""value"": 37.600196838378906}]",13,",",2711,0.053500205278396606,0.005746431648731232,0.11362743377685547,0.6124380230903625,"[{""token_id"": 13, ""token"": "","", ""value"": 0.053500205278396606}, {""token_id"": 281, ""token"": "" to"", ""value"": 0.047753773629665375}, {""token_id"": 187, ""token"": ""\n"", ""value"": 0.04260022193193436}, {""token_id"": 15, ""token"": ""."", ""value"": 0.04182927682995796}, {""token_id"": 310, ""token"": "" is"", ""value"": 0.021667717024683952}]",True,False,False,0.6096386350691319
step5000,1024,1280,1280,2,1941, evidence,284,1.027123212814331,1.012222170829773,0.1743229478597641,1.027123212814331,37.41636657714844,37906,GAA,0,0.22135618329048157,0.7786438167095184,0.028857722878456116,"[{""token_id"": 37906, ""token"": ""GAA"", ""value"": 0.22135618329048157}, {""token_id"": 31275, ""token"": ""GTT"", ""value"": 0.19249846041202545}, {""token_id"": 8751, ""token"": ""sensors"", ""value"": 0.1861366331577301}, {""token_id"": 38231, ""token"": ""GAC"", ""value"": 0.17967639863491058}, {""token_id"": 21294, ""token"": ""entity"", ""value"": 0.17622719705104828}]",37906,GAA,0,37.16910934448242,0.03591156005859375,0.0009661668167984943,"[{""token_id"": 37906, ""token"": ""GAA"", ""value"": 37.16910934448242}, {""token_id"": 31275, ""token"": ""GTT"", ""value"": 37.205020904541016}, {""token_id"": 8751, ""token"": ""sensors"", ""value"": 37.212181091308594}, {""token_id"": 38231, ""token"": ""GAC"", ""value"": 37.21854019165039}, {""token_id"": 21294, ""token"": ""entity"", ""value"": 37.21995544433594}]",187,"
",1,0.0933079943060875,0.005417861044406891,0.059818267822265625,0.5770877003669739,"[{""token_id"": 187, ""token"": ""\n"", ""value"": 0.0933079943060875}, {""token_id"": 15, ""token"": ""."", ""value"": 0.0878901332616806}, {""token_id"": 281, ""token"": "" to"", ""value"": 0.035571951419115067}, {""token_id"": 13, ""token"": "","", ""value"": 0.03521319478750229}, {""token_id"": 209, ""token"": "" "", ""value"": 0.03245091438293457}]",True,False,False,0.6112425178289413
step5000,1024,1280,1280,3,38730, orientations,4,1.0184165239334106,1.0159351825714111,0.07104931026697159,1.0184165239334106,37.57044982910156,37906,GAA,0,0.19817084074020386,0.8018291592597961,0.012617498636245728,"[{""token_id"": 37906, ""token"": ""GAA"", ""value"": 0.19817084074020386}, {""token_id"": 3072, ""token"": "" population"", ""value"": 0.18555334210395813}, {""token_id"": 31275, ""token"": ""GTT"", ""value"": 0.18073874711990356}, {""token_id"": 14054, ""token"": ""atom"", ""value"": 0.18040987849235535}, {""token_id"": 11850, ""token"": "" maintaining"", ""value"": 0.17486798763275146}]",37906,GAA,0,37.35112380981445,0.017978668212890625,0.0004813420957408118,"[{""token_id"": 37906, ""token"": ""GAA"", ""value"": 37.35112380981445}, {""token_id"": 14054, ""token"": ""atom"", ""value"": 37.369102478027344}, {""token_id"": 31275, ""token"": ""GTT"", ""value"": 37.373146057128906}, {""token_id"": 8206, ""token"": ""life"", ""value"": 37.373939514160156}, {""token_id"": 11850, ""token"": "" maintaining"", ""value"": 37.37764358520508}]",966, class,348,0.06335895508527756,0.007954128086566925,0.13414955139160156,0.6056135296821594,"[{""token_id"": 966, ""token"": "" class"", ""value"": 0.06335895508527756}, {""token_id"": 187, ""token"": ""\n"", ""value"": 0.05540482699871063}, {""token_id"": 209, ""token"": "" "", ""value"": 0.041541729122400284}, {""token_id"": 281, ""token"": "" to"", ""value"": 0.0322258323431015}, {""token_id"": 15, ""token"": ""."", ""value"": 0.03174534812569618}]",True,False,False,0.6578893773257732
step5000,1280,1536,1536,0,29104, repetitive,16,0.9896397590637207,0.9846322536468506,0.0994289368391037,0.9896397590637207,37.64216232299805,37906,GAA,0,0.1944143921136856,0.8055856078863144,0.008527413010597229,"[{""token_id"": 37906, ""token"": ""GAA"", ""value"": 0.1944143921136856}, {""token_id"": 11850, ""token"": "" maintaining"", ""value"": 0.18588697910308838}, {""token_id"": 8751, ""token"": ""sensors"", ""value"": 0.17778122425079346}, {""token_id"": 32649, ""token"": ""hospital"", ""value"": 0.17741133272647858}, {""token_id"": 31275, ""token"": ""GTT"", ""value"": 0.17532560229301453}]",37906,GAA,0,37.42733383178711,0.00856781005859375,0.0002289185250838544,"[{""token_id"": 37906, ""token"": ""GAA"", ""value"": 37.42733383178711}, {""token_id"": 11850, ""token"": "" maintaining"", ""value"": 37.4359016418457}, {""token_id"": 32649, ""token"": ""hospital"", ""value"": 37.444122314453125}, {""token_id"": 8751, ""token"": ""sensors"", ""value"": 37.44792175292969}, {""token_id"": 31275, ""token"": ""GTT"", ""value"": 37.451316833496094}]",187,"
",1,0.06377003341913223,0.015162013471126556,0.27149486541748047,0.6051813364028931,"[{""token_id"": 187, ""token"": ""\n"", ""value"": 0.06377003341913223}, {""token_id"": 15, ""token"": ""."", ""value"": 0.048608019948005676}, {""token_id"": 13, ""token"": "","", ""value"": 0.045430272817611694}, {""token_id"": 281, ""token"": "" to"", ""value"": 0.03866422548890114}, {""token_id"": 1794, ""token"": "" bi"", ""value"": 0.02611703798174858}]",True,False,False,0.5657689534127712
step5000,1280,1536,1536,1,10020, semi,112,1.02901291847229,1.013691782951355,0.1769084483385086,1.02901291847229,37.57879638671875,37906,GAA,0,0.1997699737548828,0.8002300262451172,0.008413776755332947,"[{""token_id"": 37906, ""token"": ""GAA"", ""value"": 0.1997699737548828}, {""token_id"": 14054, ""token"": ""atom"", ""value"": 0.19135619699954987}, {""token_id"": 31275, ""token"": ""GTT"", ""value"": 0.18535852432250977}, {""token_id"": 38231, ""token"": ""GAC"", ""value"": 0.17938454449176788}, {""token_id"": 11850, ""token"": "" maintaining"", ""value"": 0.1758764088153839}]",37906,GAA,0,37.35753631591797,0.006439208984375,0.00017236706751540428,"[{""token_id"": 37906, ""token"": ""GAA"", ""value"": 37.35753631591797}, {""token_id"": 14054, ""token"": ""atom"", ""value"": 37.363975524902344}, {""token_id"": 31275, ""token"": ""GTT"", ""value"": 37.37594223022461}, {""token_id"": 38231, ""token"": ""GAC"", ""value"": 37.38124084472656}, {""token_id"": 32649, ""token"": ""hospital"", ""value"": 37.38381576538086}]",187,"
",1,0.06518447399139404,0.01159212738275528,0.1958150863647461,0.5915525555610657,"[{""token_id"": 187, ""token"": ""\n"", ""value"": 0.06518447399139404}, {""token_id"": 15, ""token"": ""."", ""value"": 0.05359234660863876}, {""token_id"": 209, ""token"": "" "", ""value"": 0.05032983794808388}, {""token_id"": 281, ""token"": "" to"", ""value"": 0.0413842536509037}, {""token_id"": 13, ""token"": "","", ""value"": 0.03520433232188225}]",True,False,False,0.5676098167896271
step5000,1280,1536,1536,2,1941, evidence,284,1.0270678997039795,1.0117024183273315,0.1769937425851822,1.0270678997039795,37.45893859863281,37906,GAA,0,0.2205732762813568,0.7794267237186432,0.024485260248184204,"[{""token_id"": 37906, ""token"": ""GAA"", ""value"": 0.2205732762813568}, {""token_id"": 31275, ""token"": ""GTT"", ""value"": 0.1960880160331726}, {""token_id"": 8751, ""token"": ""sensors"", ""value"": 0.18939590454101562}, {""token_id"": 38231, ""token"": ""GAC"", ""value"": 0.18006078898906708}, {""token_id"": 3072, ""token"": "" population"", ""value"": 0.177040696144104}]",37906,GAA,0,37.212608337402344,0.0306549072265625,0.0008237774398563535,"[{""token_id"": 37906, ""token"": ""GAA"", ""value"": 37.212608337402344}, {""token_id"": 31275, ""token"": ""GTT"", ""value"": 37.243263244628906}, {""token_id"": 8751, ""token"": ""sensors"", ""value"": 37.25081253051758}, {""token_id"": 38231, ""token"": ""GAC"", ""value"": 37.260623931884766}, {""token_id"": 21294, ""token"": ""entity"", ""value"": 37.264549255371094}]",187,"
",1,0.09169951826334,0.008070841431617737,0.09213066101074219,0.5822083950042725,"[{""token_id"": 187, ""token"": ""\n"", ""value"": 0.09169951826334}, {""token_id"": 15, ""token"": ""."", ""value"": 0.08362867683172226}, {""token_id"": 209, ""token"": "" "", ""value"": 0.037757303565740585}, {""token_id"": 281, ""token"": "" to"", ""value"": 0.03398897871375084}, {""token_id"": 13, ""token"": "","", ""value"": 0.033594004809856415}]",True,False,False,0.5790448524057865
step5000,1280,1536,1536,3,38730, orientations,4,1.033065676689148,1.033065676689148,0.0,1.0264748334884644,37.5367431640625,37906,GAA,0,0.21841752529144287,0.7815824747085571,0.02489641308784485,"[{""token_id"": 37906, ""token"": ""GAA"", ""value"": 0.21841752529144287}, {""token_id"": 31275, ""token"": ""GTT"", ""value"": 0.19352111220359802}, {""token_id"": 14054, ""token"": ""atom"", ""value"": 0.18209782242774963}, {""token_id"": 25978, ""token"": "" governance"", ""value"": 0.18140655755996704}, {""token_id"": 8751, ""token"": ""sensors"", ""value"": 0.1797468066215515}]",37906,GAA,0,37.2929801940918,0.031131744384765625,0.0008347883227014859,"[{""token_id"": 37906, ""token"": ""GAA"", ""value"": 37.2929801940918}, {""token_id"": 31275, ""token"": ""GTT"", ""value"": 37.32411193847656}, {""token_id"": 14054, ""token"": ""atom"", ""value"": 37.333335876464844}, {""token_id"": 25978, ""token"": "" governance"", ""value"": 37.336647033691406}, {""token_id"": 8751, ""token"": ""sensors"", ""value"": 37.34019088745117}]",187,"
",1,0.06789959222078323,0.010429929941892624,0.16677284240722656,0.5968672037124634,"[{""token_id"": 187, ""token"": ""\n"", ""value"": 0.06789959222078323}, {""token_id"": 15, ""token"": ""."", ""value"": 0.05746966227889061}, {""token_id"": 209, ""token"": "" "", ""value"": 0.04247305914759636}, {""token_id"": 966, ""token"": "" class"", ""value"": 0.03666394576430321}, {""token_id"": 281, ""token"": "" to"", ""value"": 0.027493201196193695}]",True,False,False,0.6509659290313721
step5000,1536,1792,1792,0,29104, repetitive,16,0.9803281426429749,0.9744004011154175,0.10764355212450027,0.9803281426429749,37.57651138305664,37906,GAA,0,0.19385847449302673,0.8061415255069733,0.005183190107345581,"[{""token_id"": 37906, ""token"": ""GAA"", ""value"": 0.19385847449302673}, {""token_id"": 11850, ""token"": "" maintaining"", ""value"": 0.18867528438568115}, {""token_id"": 31275, ""token"": ""GTT"", ""value"": 0.17410503327846527}, {""token_id"": 32649, ""token"": ""hospital"", ""value"": 0.17406201362609863}, {""token_id"": 8751, ""token"": ""sensors"", ""value"": 0.17276638746261597}]",37906,GAA,0,37.36238479614258,0.0045013427734375,0.00012047792982160588,"[{""token_id"": 37906, ""token"": ""GAA"", ""value"": 37.36238479614258}, {""token_id"": 11850, ""token"": "" maintaining"", ""value"": 37.366886138916016}, {""token_id"": 32649, ""token"": ""hospital"", ""value"": 37.38262939453125}, {""token_id"": 31275, ""token"": ""GTT"", ""value"": 37.38715744018555}, {""token_id"": 6478, ""token"": "" elev"", ""value"": 37.38766098022461}]",187,"
",1,0.058456018567085266,0.007851783186197281,0.1442394256591797,0.6086208820343018,"[{""token_id"": 187, ""token"": ""\n"", ""value"": 0.058456018567085266}, {""token_id"": 15, ""token"": ""."", ""value"": 0.050604235380887985}, {""token_id"": 13, ""token"": "","", ""value"": 0.04724008962512016}, {""token_id"": 281, ""token"": "" to"", ""value"": 0.04584608972072601}, {""token_id"": 209, ""token"": "" "", ""value"": 0.027168866246938705}]",True,False,False,0.7060661241412163
step5000,1536,1792,1792,1,10020, semi,112,1.0353387594223022,1.0215332508087158,0.16851140558719635,1.0353387594223022,37.58818435668945,37906,GAA,0,0.2238350212574005,0.7761649787425995,0.031092345714569092,"[{""token_id"": 37906, ""token"": ""GAA"", ""value"": 0.2238350212574005}, {""token_id"": 31275, ""token"": ""GTT"", ""value"": 0.19274267554283142}, {""token_id"": 25978, ""token"": "" governance"", ""value"": 0.19188983738422394}, {""token_id"": 19914, ""token"": ""ementia"", ""value"": 0.1883811056613922}, {""token_id"": 8751, ""token"": ""sensors"", ""value"": 0.18638955056667328}]",37906,GAA,0,37.337852478027344,0.037487030029296875,0.0010039953436357199,"[{""token_id"": 37906, ""token"": ""GAA"", ""value"": 37.337852478027344}, {""token_id"": 25978, ""token"": "" governance"", ""value"": 37.37533950805664}, {""token_id"": 31275, ""token"": ""GTT"", ""value"": 37.376461029052734}, {""token_id"": 19914, ""token"": ""ementia"", ""value"": 37.37748718261719}, {""token_id"": 8751, ""token"": ""sensors"", ""value"": 37.38361358642578}]",187,"
",1,0.08281383663415909,0.019156567752361298,0.26308155059814453,0.5916926264762878,"[{""token_id"": 187, ""token"": ""\n"", ""value"": 0.08281383663415909}, {""token_id"": 15, ""token"": ""."", ""value"": 0.06365726888179779}, {""token_id"": 281, ""token"": "" to"", ""value"": 0.03676231577992439}, {""token_id"": 209, ""token"": "" "", ""value"": 0.036141786724328995}, {""token_id"": 13, ""token"": "","", ""value"": 0.030150027945637703}]",True,False,False,0.6193094961345196
step5000,1536,1792,1792,2,1941, evidence,284,0.9927693605422974,0.9883638620376587,0.09342348575592041,0.9927693605422974,37.67918014526367,37906,GAA,0,0.20141808688640594,0.798581913113594,0.016458138823509216,"[{""token_id"": 37906, ""token"": ""GAA"", ""value"": 0.20141808688640594}, {""token_id"": 31275, ""token"": ""GTT"", ""value"": 0.18495994806289673}, {""token_id"": 8751, ""token"": ""sensors"", ""value"": 0.18399935960769653}, {""token_id"": 32649, ""token"": ""hospital"", ""value"": 0.1778733730316162}, {""token_id"": 11850, ""token"": "" maintaining"", ""value"": 0.1721878945827484}]",37906,GAA,0,37.45587921142578,0.0208740234375,0.0005572963144096336,"[{""token_id"": 37906, ""token"": ""GAA"", ""value"": 37.45587921142578}, {""token_id"": 31275, ""token"": ""GTT"", ""value"": 37.47675323486328}, {""token_id"": 8751, ""token"": ""sensors"", ""value"": 37.47743606567383}, {""token_id"": 32649, ""token"": ""hospital"", ""value"": 37.48054885864258}, {""token_id"": 11850, ""token"": "" maintaining"", ""value"": 37.48958206176758}]",187,"
",1,0.08227701485157013,0.03286560997366905,0.5099105834960938,0.591076135635376,"[{""token_id"": 187, ""token"": ""\n"", ""value"": 0.08227701485157013}, {""token_id"": 15, ""token"": ""."", ""value"": 0.04941140487790108}, {""token_id"": 1794, ""token"": "" bi"", ""value"": 0.041432131081819534}, {""token_id"": 13, ""token"": "","", ""value"": 0.038654476404190063}, {""token_id"": 281, ""token"": "" to"", ""value"": 0.03127085417509079}]",True,False,False,0.6358921490609646
step5000,1536,1792,1792,3,38730, orientations,4,0.9923603534698486,0.9882851839065552,0.08984127640724182,0.9923603534698486,37.71078109741211,37906,GAA,0,0.19123806059360504,0.808761939406395,0.01036006212234497,"[{""token_id"": 37906, ""token"": ""GAA"", ""value"": 0.19123806059360504}, {""token_id"": 11850, ""token"": "" maintaining"", ""value"": 0.18087799847126007}, {""token_id"": 8751, ""token"": ""sensors"", ""value"": 0.17965127527713776}, {""token_id"": 32649, ""token"": ""hospital"", ""value"": 0.17683051526546478}, {""token_id"": 31275, ""token"": ""GTT"", ""value"": 0.17521288990974426}]",37906,GAA,0,37.499752044677734,0.010833740234375,0.0002889016498420451,"[{""token_id"": 37906, ""token"": ""GAA"", ""value"": 37.499752044677734}, {""token_id"": 11850, ""token"": "" maintaining"", ""value"": 37.51058578491211}, {""token_id"": 32649, ""token"": ""hospital"", ""value"": 37.51342010498047}, {""token_id"": 8751, ""token"": ""sensors"", ""value"": 37.51425552368164}, {""token_id"": 31275, ""token"": ""GTT"", ""value"": 37.52003479003906}]",187,"
",1,0.06097329780459404,0.01354680210351944,0.2512550354003906,0.6055390238761902,"[{""token_id"": 187, ""token"": ""\n"", ""value"": 0.06097329780459404}, {""token_id"": 15, ""token"": ""."", ""value"": 0.0474264957010746}, {""token_id"": 13, ""token"": "","", ""value"": 0.04689399152994156}, {""token_id"": 281, ""token"": "" to"", ""value"": 0.0367288812994957}, {""token_id"": 1794, ""token"": "" bi"", ""value"": 0.03179631009697914}]",True,False,False,0.6179621703922749
step5000,1792,2048,2048,0,29104, repetitive,16,0.9902734160423279,0.9806849956512451,0.13747122883796692,0.9902734160423279,37.612918853759766,11850, maintaining,42,0.1919519007205963,0.8080480992794037,0.001135215163230896,"[{""token_id"": 11850, ""token"": "" maintaining"", ""value"": 0.1919519007205963}, {""token_id"": 37906, ""token"": ""GAA"", ""value"": 0.19081668555736542}, {""token_id"": 31275, ""token"": ""GTT"", ""value"": 0.17308174073696136}, {""token_id"": 32649, ""token"": ""hospital"", ""value"": 0.17296507954597473}, {""token_id"": 14054, ""token"": ""atom"", ""value"": 0.1721877008676529}]",11850, maintaining,42,37.39928436279297,0.003162384033203125,8.455734079097119e-05,"[{""token_id"": 11850, ""token"": "" maintaining"", ""value"": 37.39928436279297}, {""token_id"": 37906, ""token"": ""GAA"", ""value"": 37.40244674682617}, {""token_id"": 6478, ""token"": "" elev"", ""value"": 37.419925689697266}, {""token_id"": 32649, ""token"": ""hospital"", ""value"": 37.420372009277344}, {""token_id"": 14054, ""token"": ""atom"", ""value"": 37.42165756225586}]",187,"
",1,0.05530431494116783,0.004211954772472382,0.07921600341796875,0.6087035536766052,"[{""token_id"": 187, ""token"": ""\n"", ""value"": 0.05530431494116783}, {""token_id"": 281, ""token"": "" to"", ""value"": 0.05109236016869545}, {""token_id"": 13, ""token"": "","", ""value"": 0.04650579392910004}, {""token_id"": 15, ""token"": ""."", ""value"": 0.0459759496152401}, {""token_id"": 209, ""token"": "" "", ""value"": 0.03175001218914986}]",True,False,False,0.6251209601759911
step5000,1792,2048,2048,1,10020, semi,112,1.0171947479248047,1.005481481552124,0.1539224237203598,1.0171947479248047,37.599281311035156,37906,GAA,0,0.21995559334754944,0.7800444066524506,0.03506976366043091,"[{""token_id"": 37906, ""token"": ""GAA"", ""value"": 0.21995559334754944}, {""token_id"": 31275, ""token"": ""GTT"", ""value"": 0.18488582968711853}, {""token_id"": 8751, ""token"": ""sensors"", ""value"": 0.18210822343826294}, {""token_id"": 3072, ""token"": "" population"", ""value"": 0.17752525210380554}, {""token_id"": 19914, ""token"": ""ementia"", ""value"": 0.17690551280975342}]",37906,GAA,0,37.35363006591797,0.043354034423828125,0.0011606377839937173,"[{""token_id"": 37906, ""token"": ""GAA"", ""value"": 37.35363006591797}, {""token_id"": 31275, ""token"": ""GTT"", ""value"": 37.3969841003418}, {""token_id"": 8751, ""token"": ""sensors"", ""value"": 37.39985275268555}, {""token_id"": 19914, ""token"": ""ementia"", ""value"": 37.40266036987305}, {""token_id"": 25978, ""token"": "" governance"", ""value"": 37.41033172607422}]",187,"
",1,0.08292528241872787,0.023821264505386353,0.3386411666870117,0.5865063667297363,"[{""token_id"": 187, ""token"": ""\n"", ""value"": 0.08292528241872787}, {""token_id"": 15, ""token"": ""."", ""value"": 0.05910401791334152}, {""token_id"": 281, ""token"": "" to"", ""value"": 0.042829155921936035}, {""token_id"": 13, ""token"": "","", ""value"": 0.03744564205408096}, {""token_id"": 1794, ""token"": "" bi"", ""value"": 0.036042436957359314}]",True,False,False,0.6232561506330967
step5000,1792,2048,2048,2,1941, evidence,284,0.9948430061340332,0.9900031685829163,0.09801193326711655,0.9948430061340332,37.5057258605957,37906,GAA,0,0.20452900230884552,0.7954709976911545,0.018012791872024536,"[{""token_id"": 37906, ""token"": ""GAA"", ""value"": 0.20452900230884552}, {""token_id"": 31275, ""token"": ""GTT"", ""value"": 0.18651621043682098}, {""token_id"": 8751, ""token"": ""sensors"", ""value"": 0.18217790126800537}, {""token_id"": 32649, ""token"": ""hospital"", ""value"": 0.17384245991706848}, {""token_id"": 11850, ""token"": "" maintaining"", ""value"": 0.17225857079029083}]",37906,GAA,0,37.278751373291016,0.02276611328125,0.0006106994586079716,"[{""token_id"": 37906, ""token"": ""GAA"", ""value"": 37.278751373291016}, {""token_id"": 31275, ""token"": ""GTT"", ""value"": 37.301517486572266}, {""token_id"": 8751, ""token"": ""sensors"", ""value"": 37.30625915527344}, {""token_id"": 32649, ""token"": ""hospital"", ""value"": 37.31215286254883}, {""token_id"": 11850, ""token"": "" maintaining"", ""value"": 37.316131591796875}]",187,"
",1,0.08199595659971237,0.016693182289600372,0.22763538360595703,0.5851982235908508,"[{""token_id"": 187, ""token"": ""\n"", ""value"": 0.08199595659971237}, {""token_id"": 15, ""token"": ""."", ""value"": 0.065302774310112}, {""token_id"": 1794, ""token"": "" bi"", ""value"": 0.04372554272413254}, {""token_id"": 13, ""token"": "","", ""value"": 0.041907522827386856}, {""token_id"": 281, ""token"": "" to"", ""value"": 0.03228724002838135}]",True,False,False,0.6435417272150517
step5000,1792,2048,2048,3,38730, orientations,4,1.0101813077926636,1.005692481994629,0.09512561559677124,1.0101813077926636,37.613624572753906,37906,GAA,0,0.20144087076187134,0.7985591292381287,0.01911512017250061,"[{""token_id"": 37906, ""token"": ""GAA"", ""value"": 0.20144087076187134}, {""token_id"": 8751, ""token"": ""sensors"", ""value"": 0.18232575058937073}, {""token_id"": 31275, ""token"": ""GTT"", ""value"": 0.18231450021266937}, {""token_id"": 32649, ""token"": ""hospital"", ""value"": 0.17299358546733856}, {""token_id"": 3072, ""token"": "" population"", ""value"": 0.1685827523469925}]",37906,GAA,0,37.39032745361328,0.023601531982421875,0.0006312202537327899,"[{""token_id"": 37906, ""token"": ""GAA"", ""value"": 37.39032745361328}, {""token_id"": 8751, ""token"": ""sensors"", ""value"": 37.4139289855957}, {""token_id"": 31275, ""token"": ""GTT"", ""value"": 37.414405822753906}, {""token_id"": 32649, ""token"": ""hospital"", ""value"": 37.421043395996094}, {""token_id"": 11850, ""token"": "" maintaining"", ""value"": 37.433231353759766}]",187,"
",1,0.08241721242666245,0.027454793453216553,0.40514469146728516,0.5886085033416748,"[{""token_id"": 187, ""token"": ""\n"", ""value"": 0.08241721242666245}, {""token_id"": 15, ""token"": ""."", ""value"": 0.05496241897344589}, {""token_id"": 1794, ""token"": "" bi"", ""value"": 0.046560969203710556}, {""token_id"": 13, ""token"": "","", ""value"": 0.042801469564437866}, {""token_id"": 281, ""token"": "" to"", ""value"": 0.032391294836997986}]",True,False,False,0.6246528886258602
step9000,0,256,256,0,29104, repetitive,16,0.9772390127182007,0.9442018270492554,0.25195029377937317,0.9772390127182007,38.56663131713867,14054,atom,15,0.16154994070529938,0.8384500592947006,0.00021575391292572021,"[{""token_id"": 14054, ""token"": ""atom"", ""value"": 0.16154994070529938}, {""token_id"": 46474, ""token"": "" NAC"", ""value"": 0.16133418679237366}, {""token_id"": 50080, ""token"": "" foraging"", ""value"": 0.16079410910606384}, {""token_id"": 21752, ""token"": ""ervation"", ""value"": 0.16064602136611938}, {""token_id"": 36213, ""token"": ""因"", ""value"": 0.1590551882982254}]",21752,ervation,8,38.363826751708984,0.001743316650390625,4.5441677694808326e-05,"[{""token_id"": 21752, ""token"": ""ervation"", ""value"": 38.363826751708984}, {""token_id"": 14054, ""token"": ""atom"", ""value"": 38.365570068359375}, {""token_id"": 50080, ""token"": "" foraging"", ""value"": 38.36851501464844}, {""token_id"": 36213, ""token"": ""因"", ""value"": 38.36851501464844}, {""token_id"": 46474, ""token"": "" NAC"", ""value"": 38.369842529296875}]",187,"
",1,0.21766412258148193,0.17982444167137146,1.7495946884155273,0.5286019444465637,"[{""token_id"": 187, ""token"": ""\n"", ""value"": 0.21766412258148193}, {""token_id"": 15, ""token"": ""."", ""value"": 0.03783968463540077}, {""token_id"": 209, ""token"": "" "", ""value"": 0.031441785395145416}, {""token_id"": 424, ""token"": ""**"", ""value"": 0.030472619459033012}, {""token_id"": 61, ""token"": ""\\"", ""value"": 0.03016497567296028}]",False,False,False,0.6091558150947094
step9000,0,256,256,1,10020, semi,112,0.9851144552230835,0.953097939491272,0.24910807609558105,0.9851144552230835,38.60616683959961,46474, NAC,2,0.16139142215251923,0.8386085778474808,2.187490463256836e-05,"[{""token_id"": 46474, ""token"": "" NAC"", ""value"": 0.16139142215251923}, {""token_id"": 14054, ""token"": ""atom"", ""value"": 0.16136954724788666}, {""token_id"": 36213, ""token"": ""因"", ""value"": 0.1605045050382614}, {""token_id"": 21752, ""token"": ""ervation"", ""value"": 0.1602267026901245}, {""token_id"": 50080, ""token"": "" foraging"", ""value"": 0.1591690629720688}]",21752,ervation,8,38.403934478759766,0.001399993896484375,3.6454439251756245e-05,"[{""token_id"": 21752, ""token"": ""ervation"", ""value"": 38.403934478759766}, {""token_id"": 14054, ""token"": ""atom"", ""value"": 38.40533447265625}, {""token_id"": 36213, ""token"": ""因"", ""value"": 38.405982971191406}, {""token_id"": 26003, ""token"": ""コ"", ""value"": 38.40827941894531}, {""token_id"": 46474, ""token"": "" NAC"", ""value"": 38.40927505493164}]",187,"
",1,0.21122469007968903,0.17247256636619568,1.6957368850708008,0.527827262878418,"[{""token_id"": 187, ""token"": ""\n"", ""value"": 0.21122469007968903}, {""token_id"": 15, ""token"": ""."", ""value"": 0.038752127438783646}, {""token_id"": 209, ""token"": "" "", ""value"": 0.03666647523641586}, {""token_id"": 424, ""token"": ""**"", ""value"": 0.03355182334780693}, {""token_id"": 61, ""token"": ""\\"", ""value"": 0.029039228335022926}]",False,False,False,0.5656213983893394
step9000,0,256,256,2,1941, evidence,284,0.9968752264976501,0.9541846513748169,0.2886033356189728,0.9968752264976501,38.857933044433594,14054,atom,15,0.1633097231388092,0.8366902768611908,0.000718533992767334,"[{""token_id"": 14054, ""token"": ""atom"", ""value"": 0.1633097231388092}, {""token_id"": 21752, ""token"": ""ervation"", ""value"": 0.16259118914604187}, {""token_id"": 36213, ""token"": ""因"", ""value"": 0.1600465178489685}, {""token_id"": 46474, ""token"": "" NAC"", ""value"": 0.15911439061164856}, {""token_id"": 26003, ""token"": ""コ"", ""value"": 0.15776723623275757}]",21752,ervation,8,38.65215301513672,0.0020599365234375,5.329422458383626e-05,"[{""token_id"": 21752, ""token"": ""ervation"", ""value"": 38.65215301513672}, {""token_id"": 14054, ""token"": ""atom"", ""value"": 38.654212951660156}, {""token_id"": 36213, ""token"": ""因"", ""value"": 38.658233642578125}, {""token_id"": 26003, ""token"": ""コ"", ""value"": 38.66073226928711}, {""token_id"": 46474, ""token"": "" NAC"", ""value"": 38.66401672363281}]",187,"
",1,0.21326109766960144,0.17289623618125916,1.6645574569702148,0.5204259157180786,"[{""token_id"": 187, ""token"": ""\n"", ""value"": 0.21326109766960144}, {""token_id"": 15, ""token"": ""."", ""value"": 0.040364865213632584}, {""token_id"": 209, ""token"": "" "", ""value"": 0.03789715841412544}, {""token_id"": 424, ""token"": ""**"", ""value"": 0.03396473452448845}, {""token_id"": 61, ""token"": ""\\"", ""value"": 0.02763291820883751}]",False,False,False,0.5964752063155174
step9000,0,256,256,3,38730, orientations,4,1.0048158168792725,0.9615099430084229,0.2918107509613037,1.0048158168792725,38.9694938659668,14054,atom,15,0.16456003487110138,0.8354399651288986,8.974969387054443e-05,"[{""token_id"": 14054, ""token"": ""atom"", ""value"": 0.16456003487110138}, {""token_id"": 21752, ""token"": ""ervation"", ""value"": 0.16447028517723083}, {""token_id"": 36213, ""token"": ""因"", ""value"": 0.15789467096328735}, {""token_id"": 46474, ""token"": "" NAC"", ""value"": 0.1574425846338272}, {""token_id"": 26003, ""token"": ""コ"", ""value"": 0.15557239949703217}]",21752,ervation,8,38.760955810546875,0.00299072265625,7.715812455368355e-05,"[{""token_id"": 21752, ""token"": ""ervation"", ""value"": 38.760955810546875}, {""token_id"": 14054, ""token"": ""atom"", ""value"": 38.763946533203125}, {""token_id"": 36213, ""token"": ""因"", ""value"": 38.77275848388672}, {""token_id"": 26003, ""token"": ""コ"", ""value"": 38.775325775146484}, {""token_id"": 46474, ""token"": "" NAC"", ""value"": 38.77780532836914}]",187,"
",1,0.220703586935997,0.1807226836681366,1.708418846130371,0.5168576240539551,"[{""token_id"": 187, ""token"": ""\n"", ""value"": 0.220703586935997}, {""token_id"": 15, ""token"": ""."", ""value"": 0.039980895817279816}, {""token_id"": 209, ""token"": "" "", ""value"": 0.03384660556912422}, {""token_id"": 424, ""token"": ""**"", ""value"": 0.031272076070308685}, {""token_id"": 61, ""token"": ""\\"", ""value"": 0.027573997154831886}]",False,False,False,0.6367216520011425
step9000,256,512,512,0,29104, repetitive,16,0.9919331669807434,0.9503626823425293,0.28415173292160034,0.9919331669807434,38.78825378417969,14054,atom,15,0.1634192168712616,0.8365807831287384,0.0004496574401855469,"[{""token_id"": 14054, ""token"": ""atom"", ""value"": 0.1634192168712616}, {""token_id"": 21752, ""token"": ""ervation"", ""value"": 0.16296955943107605}, {""token_id"": 46474, ""token"": "" NAC"", ""value"": 0.15956217050552368}, {""token_id"": 36213, ""token"": ""因"", ""value"": 0.15855123102664948}, {""token_id"": 26003, ""token"": ""コ"", ""value"": 0.15578825771808624}]",21752,ervation,8,38.58197784423828,0.002445220947265625,6.337728348550143e-05,"[{""token_id"": 21752, ""token"": ""ervation"", ""value"": 38.58197784423828}, {""token_id"": 14054, ""token"": ""atom"", ""value"": 38.58442306518555}, {""token_id"": 36213, ""token"": ""因"", ""value"": 38.59070587158203}, {""token_id"": 46474, ""token"": "" NAC"", ""value"": 38.5937614440918}, {""token_id"": 26003, ""token"": ""コ"", ""value"": 38.59389877319336}]",187,"
",1,0.22068989276885986,0.18214000761508942,1.7448053359985352,0.5222558975219727,"[{""token_id"": 187, ""token"": ""\n"", ""value"": 0.22068989276885986}, {""token_id"": 15, ""token"": ""."", ""value"": 0.03854988515377045}, {""token_id"": 209, ""token"": "" "", ""value"": 0.032197657972574234}, {""token_id"": 424, ""token"": ""**"", ""value"": 0.030917562544345856}, {""token_id"": 61, ""token"": ""\\"", ""value"": 0.029112445190548897}]",False,False,False,0.5775550566613674
step9000,256,512,512,1,10020, semi,112,0.9896528124809265,0.948236346244812,0.2833028733730316,0.9896528124809265,38.7614860534668,14054,atom,15,0.1631462723016739,0.8368537276983261,0.000555083155632019,"[{""token_id"": 14054, ""token"": ""atom"", ""value"": 0.1631462723016739}, {""token_id"": 21752, ""token"": ""ervation"", ""value"": 0.16259118914604187}, {""token_id"": 46474, ""token"": "" NAC"", ""value"": 0.15988706052303314}, {""token_id"": 36213, ""token"": ""因"", ""value"": 0.15902218222618103}, {""token_id"": 26003, ""token"": ""コ"", ""value"": 0.15624988079071045}]",21752,ervation,8,38.55577087402344,0.002285003662109375,5.9264893693225916e-05,"[{""token_id"": 21752, ""token"": ""ervation"", ""value"": 38.55577087402344}, {""token_id"": 14054, ""token"": ""atom"", ""value"": 38.55805587768555}, {""token_id"": 36213, ""token"": ""因"", ""value"": 38.56329345703125}, {""token_id"": 26003, ""token"": ""コ"", ""value"": 38.56649398803711}, {""token_id"": 46474, ""token"": "" NAC"", ""value"": 38.566566467285156}]",187,"
",1,0.21914395689964294,0.18058231472969055,1.7374706268310547,0.5230895280838013,"[{""token_id"": 187, ""token"": ""\n"", ""value"": 0.21914395689964294}, {""token_id"": 15, ""token"": ""."", ""value"": 0.03856164962053299}, {""token_id"": 209, ""token"": "" "", ""value"": 0.033044859766960144}, {""token_id"": 424, ""token"": ""**"", ""value"": 0.03142876923084259}, {""token_id"": 61, ""token"": ""\\"", ""value"": 0.029123907908797264}]",False,False,False,0.6147416904568672
step9000,256,512,512,2,1941, evidence,284,0.9928392767906189,0.950920581817627,0.2854469120502472,0.9928392767906189,38.803749084472656,14054,atom,15,0.16338469088077545,0.8366153091192245,0.00051899254322052,"[{""token_id"": 14054, ""token"": ""atom"", ""value"": 0.16338469088077545}, {""token_id"": 21752, ""token"": ""ervation"", ""value"": 0.16286569833755493}, {""token_id"": 46474, ""token"": "" NAC"", ""value"": 0.15952996909618378}, {""token_id"": 36213, ""token"": ""因"", ""value"": 0.15923459827899933}, {""token_id"": 26003, ""token"": ""コ"", ""value"": 0.1565292477607727}]",21752,ervation,8,38.59761047363281,0.002346038818359375,6.0781970426952324e-05,"[{""token_id"": 21752, ""token"": ""ervation"", ""value"": 38.59761047363281}, {""token_id"": 14054, ""token"": ""atom"", ""value"": 38.59995651245117}, {""token_id"": 36213, ""token"": ""因"", ""value"": 38.605228424072266}, {""token_id"": 26003, ""token"": ""コ"", ""value"": 38.608333587646484}, {""token_id"": 46474, ""token"": "" NAC"", ""value"": 38.60929489135742}]",187,"
",1,0.218156099319458,0.17919163405895233,1.7225608825683594,0.5219154357910156,"[{""token_id"": 187, ""token"": ""\n"", ""value"": 0.218156099319458}, {""token_id"": 15, ""token"": ""."", ""value"": 0.03896446153521538}, {""token_id"": 209, ""token"": "" "", ""value"": 0.03420006111264229}, {""token_id"": 424, ""token"": ""**"", ""value"": 0.03202403709292412}, {""token_id"": 61, ""token"": ""\\"", ""value"": 0.02868914045393467}]",False,False,False,0.6271899789571762
step9000,256,512,512,3,38730, orientations,4,0.9966763257980347,0.9543237686157227,0.2874540090560913,0.9966763257980347,38.85389709472656,14054,atom,15,0.163774773478508,0.836225226521492,0.00040678679943084717,"[{""token_id"": 14054, ""token"": ""atom"", ""value"": 0.163774773478508}, {""token_id"": 21752, ""token"": ""ervation"", ""value"": 0.16336798667907715}, {""token_id"": 46474, ""token"": "" NAC"", ""value"": 0.1589815467596054}, {""token_id"": 36213, ""token"": ""因"", ""value"": 0.1589289903640747}, {""token_id"": 26003, ""token"": ""コ"", ""value"": 0.15626879036426544}]",21752,ervation,8,38.64700698852539,0.0025177001953125,6.514605894474637e-05,"[{""token_id"": 21752, ""token"": ""ervation"", ""value"": 38.64700698852539}, {""token_id"": 14054, ""token"": ""atom"", ""value"": 38.6495246887207}, {""token_id"": 36213, ""token"": ""因"", ""value"": 38.6557731628418}, {""token_id"": 26003, ""token"": ""コ"", ""value"": 38.658817291259766}, {""token_id"": 46474, ""token"": "" NAC"", ""value"": 38.66016387939453}]",187,"
",1,0.21892374753952026,0.1797001212835312,1.7194442749023438,0.5204143524169922,"[{""token_id"": 187, ""token"": ""\n"", ""value"": 0.21892374753952026}, {""token_id"": 15, ""token"": ""."", ""value"": 0.039223622530698776}, {""token_id"": 209, ""token"": "" "", ""value"": 0.03415834158658981}, {""token_id"": 424, ""token"": ""**"", ""value"": 0.03188161924481392}, {""token_id"": 61, ""token"": ""\\"", ""value"": 0.028390245512127876}]",False,False,False,0.8119625300168991
step9000,512,768,768,0,29104, repetitive,16,0.9944828748703003,0.9525009393692017,0.2858988642692566,0.9944828748703003,38.823429107666016,14054,atom,15,0.1636304259300232,0.8363695740699768,0.00041243433952331543,"[{""token_id"": 14054, ""token"": ""atom"", ""value"": 0.1636304259300232}, {""token_id"": 21752, ""token"": ""ervation"", ""value"": 0.16321799159049988}, {""token_id"": 46474, ""token"": "" NAC"", ""value"": 0.1592574119567871}, {""token_id"": 36213, ""token"": ""因"", ""value"": 0.15872624516487122}, {""token_id"": 26003, ""token"": ""コ"", ""value"": 0.15600143373012543}]",21752,ervation,8,38.61677551269531,0.002506256103515625,6.49007088303292e-05,"[{""token_id"": 21752, ""token"": ""ervation"", ""value"": 38.61677551269531}, {""token_id"": 14054, ""token"": ""atom"", ""value"": 38.61928176879883}, {""token_id"": 36213, ""token"": ""因"", ""value"": 38.625614166259766}, {""token_id"": 26003, ""token"": ""コ"", ""value"": 38.62874984741211}, {""token_id"": 46474, ""token"": "" NAC"", ""value"": 38.629337310791016}]",187,"
",1,0.21995341777801514,0.18109896779060364,1.7335929870605469,0.521271288394928,"[{""token_id"": 187, ""token"": ""\n"", ""value"": 0.21995341777801514}, {""token_id"": 15, ""token"": ""."", ""value"": 0.038854457437992096}, {""token_id"": 209, ""token"": "" "", ""value"": 0.03313027694821358}, {""token_id"": 424, ""token"": ""**"", ""value"": 0.03138069808483124}, {""token_id"": 61, ""token"": ""\\"", ""value"": 0.02875637263059616}]",False,False,False,0.6210156157612801
step9000,512,768,768,1,10020, semi,112,0.9936472773551941,0.9517633318901062,0.28544965386390686,0.9936472773551941,38.81245422363281,14054,atom,15,0.16354459524154663,0.8364554047584534,0.00043813884258270264,"[{""token_id"": 14054, ""token"": ""atom"", ""value"": 0.16354459524154663}, {""token_id"": 21752, ""token"": ""ervation"", ""value"": 0.16310645639896393}, {""token_id"": 46474, ""token"": "" NAC"", ""value"": 0.1593756079673767}, {""token_id"": 36213, ""token"": ""因"", ""value"": 0.15879522264003754}, {""token_id"": 26003, ""token"": ""コ"", ""value"": 0.15605776011943817}]",21752,ervation,8,38.60596466064453,0.00246429443359375,6.383196107791828e-05,"[{""token_id"": 21752, ""token"": ""ervation"", ""value"": 38.60596466064453}, {""token_id"": 14054, ""token"": ""atom"", ""value"": 38.608428955078125}, {""token_id"": 36213, ""token"": ""因"", ""value"": 38.61454391479492}, {""token_id"": 26003, ""token"": ""コ"", ""value"": 38.617698669433594}, {""token_id"": 46474, ""token"": "" NAC"", ""value"": 38.61820602416992}]",187,"
",1,0.21978117525577545,0.1809786558151245,1.734147071838379,0.5215960144996643,"[{""token_id"": 187, ""token"": ""\n"", ""value"": 0.21978117525577545}, {""token_id"": 15, ""token"": ""."", ""value"": 0.03880252316594124}, {""token_id"": 209, ""token"": "" "", ""value"": 0.033141668885946274}, {""token_id"": 424, ""token"": ""**"", ""value"": 0.0314093716442585}, {""token_id"": 61, ""token"": ""\\"", ""value"": 0.028821099549531937}]",False,False,False,0.6338974684476852
step9000,512,768,768,2,1941, evidence,284,0.9937271475791931,0.9517954587936401,0.28562042117118835,0.9937271475791931,38.814022064208984,14054,atom,15,0.1635301262140274,0.8364698737859726,0.00045265257358551025,"[{""token_id"": 14054, ""token"": ""atom"", ""value"": 0.1635301262140274}, {""token_id"": 21752, ""token"": ""ervation"", ""value"": 0.1630774736404419}, {""token_id"": 46474, ""token"": "" NAC"", ""value"": 0.15937979519367218}, {""token_id"": 36213, ""token"": ""因"", ""value"": 0.15891458094120026}, {""token_id"": 26003, ""token"": ""コ"", ""value"": 0.15618541836738586}]",21752,ervation,8,38.607574462890625,0.00244140625,6.323645771496641e-05,"[{""token_id"": 21752, ""token"": ""ervation"", ""value"": 38.607574462890625}, {""token_id"": 14054, ""token"": ""atom"", ""value"": 38.610015869140625}, {""token_id"": 36213, ""token"": ""因"", ""value"": 38.615943908691406}, {""token_id"": 26003, ""token"": ""コ"", ""value"": 38.619083404541016}, {""token_id"": 46474, ""token"": "" NAC"", ""value"": 38.61976623535156}]",187,"
",1,0.219341441988945,0.1804712861776352,1.730402946472168,0.5215676426887512,"[{""token_id"": 187, ""token"": ""\n"", ""value"": 0.219341441988945}, {""token_id"": 15, ""token"": ""."", ""value"": 0.038870152086019516}, {""token_id"": 209, ""token"": "" "", ""value"": 0.03347504511475563}, {""token_id"": 424, ""token"": ""**"", ""value"": 0.03159409761428833}, {""token_id"": 61, ""token"": ""\\"", ""value"": 0.02875605784356594}]",False,False,False,0.5659962631762028
step9000,512,768,768,3,38730, orientations,4,0.994554340839386,0.9525031447410583,0.2861400842666626,0.994554340839386,38.82515335083008,14054,atom,15,0.1635991632938385,0.8364008367061615,0.0004390925168991089,"[{""token_id"": 14054, ""token"": ""atom"", ""value"": 0.1635991632938385}, {""token_id"": 21752, ""token"": ""ervation"", ""value"": 0.1631600707769394}, {""token_id"": 46474, ""token"": "" NAC"", ""value"": 0.15927256643772125}, {""token_id"": 36213, ""token"": ""因"", ""value"": 0.1589268445968628}, {""token_id"": 26003, ""token"": ""コ"", ""value"": 0.15621469914913177}]",21752,ervation,8,38.61857986450195,0.00246429443359375,6.381110963272163e-05,"[{""token_id"": 21752, ""token"": ""ervation"", ""value"": 38.61857986450195}, {""token_id"": 14054, ""token"": ""atom"", ""value"": 38.62104415893555}, {""token_id"": 36213, ""token"": ""因"", ""value"": 38.627052307128906}, {""token_id"": 26003, ""token"": ""コ"", ""value"": 38.63016891479492}, {""token_id"": 46474, ""token"": "" NAC"", ""value"": 38.631038665771484}]",187,"
",1,0.21921515464782715,0.18025001883506775,1.727386474609375,0.5212488770484924,"[{""token_id"": 187, ""token"": ""\n"", ""value"": 0.21921515464782715}, {""token_id"": 15, ""token"": ""."", ""value"": 0.0389651320874691}, {""token_id"": 209, ""token"": "" "", ""value"": 0.03367716073989868}, {""token_id"": 424, ""token"": ""**"", ""value"": 0.03168455883860588}, {""token_id"": 61, ""token"": ""\\"", ""value"": 0.028654413297772408}]",False,False,False,0.5657362230122089
step9000,768,1024,1024,0,29104, repetitive,16,0.99456387758255,0.9525418281555176,0.2860443890094757,0.99456387758255,38.82490539550781,14054,atom,15,0.16362012922763824,0.8363798707723618,0.00042410194873809814,"[{""token_id"": 14054, ""token"": ""atom"", ""value"": 0.16362012922763824}, {""token_id"": 21752, ""token"": ""ervation"", ""value"": 0.16319602727890015}, {""token_id"": 46474, ""token"": "" NAC"", ""value"": 0.15925873816013336}, {""token_id"": 36213, ""token"": ""因"", ""value"": 0.15882465243339539}, {""token_id"": 26003, ""token"": ""コ"", ""value"": 0.15610551834106445}]",21752,ervation,8,38.618282318115234,0.0024871826171875,6.44042786962796e-05,"[{""token_id"": 21752, ""token"": ""ervation"", ""value"": 38.618282318115234}, {""token_id"": 14054, ""token"": ""atom"", ""value"": 38.62076950073242}, {""token_id"": 36213, ""token"": ""因"", ""value"": 38.62694549560547}, {""token_id"": 26003, ""token"": ""コ"", ""value"": 38.63007354736328}, {""token_id"": 46474, ""token"": "" NAC"", ""value"": 38.63080978393555}]",187,"
",1,0.21959412097930908,0.1806824952363968,1.7304878234863281,0.5212416648864746,"[{""token_id"": 187, ""token"": ""\n"", ""value"": 0.21959412097930908}, {""token_id"": 15, ""token"": ""."", ""value"": 0.03891162574291229}, {""token_id"": 209, ""token"": "" "", ""value"": 0.033405084162950516}, {""token_id"": 424, ""token"": ""**"", ""value"": 0.03153194859623909}, {""token_id"": 61, ""token"": ""\\"", ""value"": 0.02870192565023899}]",False,False,False,0.6212510168552399
step9000,768,1024,1024,1,10020, semi,112,0.9943844079971313,0.9523884057998657,0.28593122959136963,0.9943844079971313,38.82248306274414,14054,atom,15,0.1636049598455429,0.8363950401544571,0.0004271268844604492,"[{""token_id"": 14054, ""token"": ""atom"", ""value"": 0.1636049598455429}, {""token_id"": 21752, ""token"": ""ervation"", ""value"": 0.16317783296108246}, {""token_id"": 46474, ""token"": "" NAC"", ""value"": 0.15928223729133606}, {""token_id"": 36213, ""token"": ""因"", ""value"": 0.15882207453250885}, {""token_id"": 26003, ""token"": ""コ"", ""value"": 0.15609927475452423}]",21752,ervation,8,38.61589050292969,0.00247955322265625,6.421069643514067e-05,"[{""token_id"": 21752, ""token"": ""ervation"", ""value"": 38.61589050292969}, {""token_id"": 14054, ""token"": ""atom"", ""value"": 38.618370056152344}, {""token_id"": 36213, ""token"": ""因"", ""value"": 38.62453079223633}, {""token_id"": 26003, ""token"": ""コ"", ""value"": 38.62766647338867}, {""token_id"": 46474, ""token"": "" NAC"", ""value"": 38.62835693359375}]",187,"
",1,0.2196209877729416,0.18072979152202606,1.731135368347168,0.5213112831115723,"[{""token_id"": 187, ""token"": ""\n"", ""value"": 0.2196209877729416}, {""token_id"": 15, ""token"": ""."", ""value"": 0.03889119625091553}, {""token_id"": 209, ""token"": "" "", ""value"": 0.033361125737428665}, {""token_id"": 424, ""token"": ""**"", ""value"": 0.03151247650384903}, {""token_id"": 61, ""token"": ""\\"", ""value"": 0.02872411347925663}]",False,False,False,0.6636321805417538
step9000,768,1024,1024,2,1941, evidence,284,0.9942426681518555,0.9522569179534912,0.28587621450424194,0.9942426681518555,38.82071304321289,14054,atom,15,0.1635870486497879,0.8364129513502121,0.0004340708255767822,"[{""token_id"": 14054, ""token"": ""atom"", ""value"": 0.1635870486497879}, {""token_id"": 21752, ""token"": ""ervation"", ""value"": 0.16315297782421112}, {""token_id"": 46474, ""token"": "" NAC"", ""value"": 0.15930452942848206}, {""token_id"": 36213, ""token"": ""因"", ""value"": 0.1588529497385025}, {""token_id"": 26003, ""token"": ""コ"", ""value"": 0.15612922608852386}]",21752,ervation,8,38.61415481567383,0.002471923828125,6.401600241996296e-05,"[{""token_id"": 21752, ""token"": ""ervation"", ""value"": 38.61415481567383}, {""token_id"": 14054, ""token"": ""atom"", ""value"": 38.61662673950195}, {""token_id"": 36213, ""token"": ""因"", ""value"": 38.622718811035156}, {""token_id"": 26003, ""token"": ""コ"", ""value"": 38.6258544921875}, {""token_id"": 46474, ""token"": "" NAC"", ""value"": 38.626556396484375}]",187,"
",1,0.21952146291732788,0.18062934279441833,1.7306585311889648,0.5213664770126343,"[{""token_id"": 187, ""token"": ""\n"", ""value"": 0.21952146291732788}, {""token_id"": 15, ""token"": ""."", ""value"": 0.03889211267232895}, {""token_id"": 209, ""token"": "" "", ""value"": 0.03341435641050339}, {""token_id"": 424, ""token"": ""**"", ""value"": 0.031546179205179214}, {""token_id"": 61, ""token"": ""\\"", ""value"": 0.028725996613502502}]",False,False,False,0.7027661055326462
step9000,768,1024,1024,3,38730, orientations,4,0.9943233132362366,0.9523204565048218,0.2859451472759247,0.9943233132362366,38.821842193603516,14054,atom,15,0.16358967125415802,0.836410328745842,0.00043570995330810547,"[{""token_id"": 14054, ""token"": ""atom"", ""value"": 0.16358967125415802}, {""token_id"": 21752, ""token"": ""ervation"", ""value"": 0.16315396130084991}, {""token_id"": 46474, ""token"": "" NAC"", ""value"": 0.1592969447374344}, {""token_id"": 36213, ""token"": ""因"", ""value"": 0.15887489914894104}, {""token_id"": 26003, ""token"": ""コ"", ""value"": 0.15615405142307281}]",21752,ervation,8,38.61528396606445,0.002468109130859375,6.391534328812335e-05,"[{""token_id"": 21752, ""token"": ""ervation"", ""value"": 38.61528396606445}, {""token_id"": 14054, ""token"": ""atom"", ""value"": 38.61775207519531}, {""token_id"": 36213, ""token"": ""因"", ""value"": 38.623817443847656}, {""token_id"": 26003, ""token"": ""コ"", ""value"": 38.62694549560547}, {""token_id"": 46474, ""token"": "" NAC"", ""value"": 38.6276969909668}]",187,"
",1,0.21943338215351105,0.18052160739898682,1.7297515869140625,0.5213369131088257,"[{""token_id"": 187, ""token"": ""\n"", ""value"": 0.21943338215351105}, {""token_id"": 15, ""token"": ""."", ""value"": 0.03891178220510483}, {""token_id"": 209, ""token"": "" "", ""value"": 0.033488914370536804}, {""token_id"": 424, ""token"": ""**"", ""value"": 0.03158579766750336}, {""token_id"": 61, ""token"": ""\\"", ""value"": 0.028706582263112068}]",False,False,False,0.6718333885073662
step9000,1024,1280,1280,0,29104, repetitive,16,0.9944491982460022,0.952435314655304,0.28600019216537476,0.9944491982460022,38.823490142822266,14054,atom,15,0.16360560059547424,0.8363943994045258,0.0004297792911529541,"[{""token_id"": 14054, ""token"": ""atom"", ""value"": 0.16360560059547424}, {""token_id"": 21752, ""token"": ""ervation"", ""value"": 0.1631758213043213}, {""token_id"": 46474, ""token"": "" NAC"", ""value"": 0.15927675366401672}, {""token_id"": 36213, ""token"": ""因"", ""value"": 0.15885011851787567}, {""token_id"": 26003, ""token"": ""コ"", ""value"": 0.15613029897212982}]",21752,ervation,8,38.61689758300781,0.002475738525390625,6.411023879038896e-05,"[{""token_id"": 21752, ""token"": ""ervation"", ""value"": 38.61689758300781}, {""token_id"": 14054, ""token"": ""atom"", ""value"": 38.6193733215332}, {""token_id"": 36213, ""token"": ""因"", ""value"": 38.62549591064453}, {""token_id"": 26003, ""token"": ""コ"", ""value"": 38.628623962402344}, {""token_id"": 46474, ""token"": "" NAC"", ""value"": 38.62936782836914}]",187,"
",1,0.21951183676719666,0.18059909343719482,1.7300844192504883,0.5212859511375427,"[{""token_id"": 187, ""token"": ""\n"", ""value"": 0.21951183676719666}, {""token_id"": 15, ""token"": ""."", ""value"": 0.03891273960471153}, {""token_id"": 209, ""token"": "" "", ""value"": 0.03344958275556564}, {""token_id"": 424, ""token"": ""**"", ""value"": 0.03156013786792755}, {""token_id"": 61, ""token"": ""\\"", ""value"": 0.028703102841973305}]",False,False,False,0.6314326152205467
step9000,1024,1280,1280,1,10020, semi,112,0.9944348335266113,0.9524247050285339,0.2859856188297272,0.9944348335266113,38.82324981689453,14054,atom,15,0.16360503435134888,0.8363949656486511,0.0004294365644454956,"[{""token_id"": 14054, ""token"": ""atom"", ""value"": 0.16360503435134888}, {""token_id"": 21752, ""token"": ""ervation"", ""value"": 0.16317559778690338}, {""token_id"": 46474, ""token"": "" NAC"", ""value"": 0.15927836298942566}, {""token_id"": 36213, ""token"": ""因"", ""value"": 0.15884536504745483}, {""token_id"": 26003, ""token"": ""コ"", ""value"": 0.15612491965293884}]",21752,ervation,8,38.61665725708008,0.002475738525390625,6.411063777242699e-05,"[{""token_id"": 21752, ""token"": ""ervation"", ""value"": 38.61665725708008}, {""token_id"": 14054, ""token"": ""atom"", ""value"": 38.61913299560547}, {""token_id"": 36213, ""token"": ""因"", ""value"": 38.62526321411133}, {""token_id"": 26003, ""token"": ""コ"", ""value"": 38.62839126586914}, {""token_id"": 46474, ""token"": "" NAC"", ""value"": 38.629127502441406}]",187,"
",1,0.21953098475933075,0.18062248826026917,1.730280876159668,0.5212922692298889,"[{""token_id"": 187, ""token"": ""\n"", ""value"": 0.21953098475933075}, {""token_id"": 15, ""token"": ""."", ""value"": 0.03890848904848099}, {""token_id"": 209, ""token"": "" "", ""value"": 0.0334334634244442}, {""token_id"": 424, ""token"": ""**"", ""value"": 0.03155157342553139}, {""token_id"": 61, ""token"": ""\\"", ""value"": 0.02870732918381691}]",False,False,False,0.6251206807792187
step9000,1024,1280,1280,2,1941, evidence,284,0.9943795204162598,0.9523757696151733,0.28595638275146484,0.9943795204162598,38.822532653808594,14054,atom,15,0.16359955072402954,0.8364004492759705,0.00043107569217681885,"[{""token_id"": 14054, ""token"": ""atom"", ""value"": 0.16359955072402954}, {""token_id"": 21752, ""token"": ""ervation"", ""value"": 0.16316847503185272}, {""token_id"": 46474, ""token"": "" NAC"", ""value"": 0.15928612649440765}, {""token_id"": 36213, ""token"": ""因"", ""value"": 0.15884970128536224}, {""token_id"": 26003, ""token"": ""コ"", ""value"": 0.1561284065246582}]",21752,ervation,8,38.61595153808594,0.002475738525390625,6.411180941505136e-05,"[{""token_id"": 21752, ""token"": ""ervation"", ""value"": 38.61595153808594}, {""token_id"": 14054, ""token"": ""atom"", ""value"": 38.61842727661133}, {""token_id"": 36213, ""token"": ""因"", ""value"": 38.624542236328125}, {""token_id"": 26003, ""token"": ""コ"", ""value"": 38.6276741027832}, {""token_id"": 46474, ""token"": "" NAC"", ""value"": 38.62840270996094}]",187,"
",1,0.21952053904533386,0.1806156039237976,1.7303247451782227,0.5213135480880737,"[{""token_id"": 187, ""token"": ""\n"", ""value"": 0.21952053904533386}, {""token_id"": 15, ""token"": ""."", ""value"": 0.038904931396245956}, {""token_id"": 209, ""token"": "" "", ""value"": 0.033433593809604645}, {""token_id"": 424, ""token"": ""**"", ""value"": 0.031553201377391815}, {""token_id"": 61, ""token"": ""\\"", ""value"": 0.028711659833788872}]",False,False,False,0.6182477809488773
step9000,1024,1280,1280,3,38730, orientations,4,0.9943604469299316,0.9523571729660034,0.28595197200775146,0.9943604469299316,38.82230758666992,14054,atom,15,0.16359646618366241,0.8364035338163376,0.00043235719203948975,"[{""token_id"": 14054, ""token"": ""atom"", ""value"": 0.16359646618366241}, {""token_id"": 21752, ""token"": ""ervation"", ""value"": 0.16316410899162292}, {""token_id"": 46474, ""token"": "" NAC"", ""value"": 0.15928949415683746}, {""token_id"": 36213, ""token"": ""因"", ""value"": 0.15885679423809052}, {""token_id"": 26003, ""token"": ""コ"", ""value"": 0.15613558888435364}]",21752,ervation,8,38.61573028564453,0.002475738525390625,6.411217674966478e-05,"[{""token_id"": 21752, ""token"": ""ervation"", ""value"": 38.61573028564453}, {""token_id"": 14054, ""token"": ""atom"", ""value"": 38.61820602416992}, {""token_id"": 36213, ""token"": ""因"", ""value"": 38.624305725097656}, {""token_id"": 26003, ""token"": ""コ"", ""value"": 38.627437591552734}, {""token_id"": 46474, ""token"": "" NAC"", ""value"": 38.628170013427734}]",187,"
",1,0.21949635446071625,0.18058976531028748,1.7301721572875977,0.5213210582733154,"[{""token_id"": 187, ""token"": ""\n"", ""value"": 0.21949635446071625}, {""token_id"": 15, ""token"": ""."", ""value"": 0.038906581699848175}, {""token_id"": 209, ""token"": "" "", ""value"": 0.033448725938797}, {""token_id"": 424, ""token"": ""**"", ""value"": 0.03156215697526932}, {""token_id"": 61, ""token"": ""\\"", ""value"": 0.028710493817925453}]",False,False,False,0.6392817124724388
step9000,1280,1536,1536,0,29104, repetitive,16,0.9944085478782654,0.9523999094963074,0.2859768867492676,0.9944085478782654,38.82291030883789,14054,atom,15,0.1636010855436325,0.8363989144563675,0.0004311203956604004,"[{""token_id"": 14054, ""token"": ""atom"", ""value"": 0.1636010855436325}, {""token_id"": 21752, ""token"": ""ervation"", ""value"": 0.1631699651479721}, {""token_id"": 46474, ""token"": "" NAC"", ""value"": 0.15928307175636292}, {""token_id"": 36213, ""token"": ""因"", ""value"": 0.15885379910469055}, {""token_id"": 26003, ""token"": ""コ"", ""value"": 0.156133234500885}]",21752,ervation,8,38.61632537841797,0.002475738525390625,6.411118875578655e-05,"[{""token_id"": 21752, ""token"": ""ervation"", ""value"": 38.61632537841797}, {""token_id"": 14054, ""token"": ""atom"", ""value"": 38.61880111694336}, {""token_id"": 36213, ""token"": ""因"", ""value"": 38.624916076660156}, {""token_id"": 26003, ""token"": ""コ"", ""value"": 38.62804412841797}, {""token_id"": 46474, ""token"": "" NAC"", ""value"": 38.6287841796875}]",187,"
",1,0.2195027619600296,0.18059292435646057,1.7301177978515625,0.5213034152984619,"[{""token_id"": 187, ""token"": ""\n"", ""value"": 0.2195027619600296}, {""token_id"": 15, ""token"": ""."", ""value"": 0.038909830152988434}, {""token_id"": 209, ""token"": "" "", ""value"": 0.033450085669755936}, {""token_id"": 424, ""token"": ""**"", ""value"": 0.03156166151165962}, {""token_id"": 61, ""token"": ""\\"", ""value"": 0.028706597164273262}]",False,False,False,0.6009223647415638
step9000,1280,1536,1536,1,10020, semi,112,0.9944095611572266,0.9524005651473999,0.28597819805145264,0.9944095611572266,38.822959899902344,14054,atom,15,0.16360169649124146,0.8363983035087585,0.00043079257011413574,"[{""token_id"": 14054, ""token"": ""atom"", ""value"": 0.16360169649124146}, {""token_id"": 21752, ""token"": ""ervation"", ""value"": 0.16317090392112732}, {""token_id"": 46474, ""token"": "" NAC"", ""value"": 0.1592823565006256}, {""token_id"": 36213, ""token"": ""因"", ""value"": 0.15885226428508759}, {""token_id"": 26003, ""token"": ""コ"", ""value"": 0.15613166987895966}]",21752,ervation,8,38.616371154785156,0.00247955322265625,6.420989721477223e-05,"[{""token_id"": 21752, ""token"": ""ervation"", ""value"": 38.616371154785156}, {""token_id"": 14054, ""token"": ""atom"", ""value"": 38.61885070800781}, {""token_id"": 36213, ""token"": ""因"", ""value"": 38.62496566772461}, {""token_id"": 26003, ""token"": ""コ"", ""value"": 38.62809371948242}, {""token_id"": 46474, ""token"": "" NAC"", ""value"": 38.62882995605469}]",187,"
",1,0.21950839459896088,0.1805988997220993,1.7301521301269531,0.5213015079498291,"[{""token_id"": 187, ""token"": ""\n"", ""value"": 0.21950839459896088}, {""token_id"": 15, ""token"": ""."", ""value"": 0.03890949487686157}, {""token_id"": 209, ""token"": "" "", ""value"": 0.03344679996371269}, {""token_id"": 424, ""token"": ""**"", ""value"": 0.03155970573425293}, {""token_id"": 61, ""token"": ""\\"", ""value"": 0.02870684303343296}]",False,False,False,0.6147916167974472
step9000,1280,1536,1536,2,1941, evidence,284,0.994402289390564,0.9523954391479492,0.28596991300582886,0.994402289390564,38.82279968261719,14054,atom,15,0.16360071301460266,0.8363992869853973,0.00043098628520965576,"[{""token_id"": 14054, ""token"": ""atom"", ""value"": 0.16360071301460266}, {""token_id"": 21752, ""token"": ""ervation"", ""value"": 0.163169726729393}, {""token_id"": 46474, ""token"": "" NAC"", ""value"": 0.159283846616745}, {""token_id"": 36213, ""token"": ""因"", ""value"": 0.1588520109653473}, {""token_id"": 26003, ""token"": ""コ"", ""value"": 0.15613117814064026}]",21752,ervation,8,38.616214752197266,0.002475738525390625,6.411137241901099e-05,"[{""token_id"": 21752, ""token"": ""ervation"", ""value"": 38.616214752197266}, {""token_id"": 14054, ""token"": ""atom"", ""value"": 38.618690490722656}, {""token_id"": 36213, ""token"": ""因"", ""value"": 38.62480545043945}, {""token_id"": 26003, ""token"": ""コ"", ""value"": 38.627933502197266}, {""token_id"": 46474, ""token"": "" NAC"", ""value"": 38.62866973876953}]",187,"
",1,0.21951010823249817,0.18060193955898285,1.730194091796875,0.5213060975074768,"[{""token_id"": 187, ""token"": ""\n"", ""value"": 0.21951010823249817}, {""token_id"": 15, ""token"": ""."", ""value"": 0.03890816867351532}, {""token_id"": 209, ""token"": "" "", ""value"": 0.033443745225667953}, {""token_id"": 424, ""token"": ""**"", ""value"": 0.0315583273768425}, {""token_id"": 61, ""token"": ""\\"", ""value"": 0.028708327561616898}]",False,False,False,0.6632713191211224
step9000,1280,1536,1536,3,38730, orientations,4,0.9943881034851074,0.95238196849823,0.28596562147140503,0.9943881034851074,38.82265853881836,14054,atom,15,0.16359955072402954,0.8364004492759705,0.0004314035177230835,"[{""token_id"": 14054, ""token"": ""atom"", ""value"": 0.16359955072402954}, {""token_id"": 21752, ""token"": ""ervation"", ""value"": 0.16316814720630646}, {""token_id"": 46474, ""token"": "" NAC"", ""value"": 0.15928548574447632}, {""token_id"": 36213, ""token"": ""因"", ""value"": 0.15885332226753235}, {""token_id"": 26003, ""token"": ""コ"", ""value"": 0.15613237023353577}]",21752,ervation,8,38.6160774230957,0.002471923828125,6.401281520754822e-05,"[{""token_id"": 21752, ""token"": ""ervation"", ""value"": 38.6160774230957}, {""token_id"": 14054, ""token"": ""atom"", ""value"": 38.61854934692383}, {""token_id"": 36213, ""token"": ""因"", ""value"": 38.62466049194336}, {""token_id"": 26003, ""token"": ""コ"", ""value"": 38.62779235839844}, {""token_id"": 46474, ""token"": "" NAC"", ""value"": 38.6285285949707}]",187,"
",1,0.2195064127445221,0.18059879541397095,1.7301912307739258,0.5213104486465454,"[{""token_id"": 187, ""token"": ""\n"", ""value"": 0.2195064127445221}, {""token_id"": 15, ""token"": ""."", ""value"": 0.038907621055841446}, {""token_id"": 209, ""token"": "" "", ""value"": 0.033444929867982864}, {""token_id"": 424, ""token"": ""**"", ""value"": 0.0315592996776104}, {""token_id"": 61, ""token"": ""\\"", ""value"": 0.028708990663290024}]",False,False,False,0.6471566334366798
step9000,1536,1792,1792,0,29104, repetitive,16,0.9943962693214417,0.952389121055603,0.2859700918197632,0.9943962693214417,38.822784423828125,14054,atom,15,0.16360025107860565,0.8363997489213943,0.00043129920959472656,"[{""token_id"": 14054, ""token"": ""atom"", ""value"": 0.16360025107860565}, {""token_id"": 21752, ""token"": ""ervation"", ""value"": 0.16316895186901093}, {""token_id"": 46474, ""token"": "" NAC"", ""value"": 0.159284308552742}, {""token_id"": 36213, ""token"": ""因"", ""value"": 0.15885359048843384}, {""token_id"": 26003, ""token"": ""コ"", ""value"": 0.15613287687301636}]",21752,ervation,8,38.6161994934082,0.002475738525390625,6.411139775195211e-05,"[{""token_id"": 21752, ""token"": ""ervation"", ""value"": 38.6161994934082}, {""token_id"": 14054, ""token"": ""atom"", ""value"": 38.618675231933594}, {""token_id"": 36213, ""token"": ""因"", ""value"": 38.624786376953125}, {""token_id"": 26003, ""token"": ""コ"", ""value"": 38.6279182434082}, {""token_id"": 46474, ""token"": "" NAC"", ""value"": 38.62865447998047}]",187,"
",1,0.21950453519821167,0.18059572577476501,1.7301521301269531,0.5213068127632141,"[{""token_id"": 187, ""token"": ""\n"", ""value"": 0.21950453519821167}, {""token_id"": 15, ""token"": ""."", ""value"": 0.038908809423446655}, {""token_id"": 209, ""token"": "" "", ""value"": 0.033447641879320145}, {""token_id"": 424, ""token"": ""**"", ""value"": 0.03156053274869919}, {""token_id"": 61, ""token"": ""\\"", ""value"": 0.02870778553187847}]",False,False,False,0.6128890663385391
step9000,1536,1792,1792,1,10020, semi,112,0.9944000244140625,0.9523924589157104,0.28597211837768555,0.9944000244140625,38.822811126708984,14054,atom,15,0.16360054910182953,0.8363994508981705,0.0004312247037887573,"[{""token_id"": 14054, ""token"": ""atom"", ""value"": 0.16360054910182953}, {""token_id"": 21752, ""token"": ""ervation"", ""value"": 0.16316932439804077}, {""token_id"": 46474, ""token"": "" NAC"", ""value"": 0.15928395092487335}, {""token_id"": 36213, ""token"": ""因"", ""value"": 0.15885330736637115}, {""token_id"": 26003, ""token"": ""コ"", ""value"": 0.15613262355327606}]",21752,ervation,8,38.61622619628906,0.002475738525390625,6.411135341931828e-05,"[{""token_id"": 21752, ""token"": ""ervation"", ""value"": 38.61622619628906}, {""token_id"": 14054, ""token"": ""atom"", ""value"": 38.61870193481445}, {""token_id"": 36213, ""token"": ""因"", ""value"": 38.624813079833984}, {""token_id"": 26003, ""token"": ""コ"", ""value"": 38.62794494628906}, {""token_id"": 46474, ""token"": "" NAC"", ""value"": 38.62868118286133}]",187,"
",1,0.21950525045394897,0.18059638142585754,1.730154037475586,0.5213060975074768,"[{""token_id"": 187, ""token"": ""\n"", ""value"": 0.21950525045394897}, {""token_id"": 15, ""token"": ""."", ""value"": 0.03890886530280113}, {""token_id"": 209, ""token"": "" "", ""value"": 0.03344736993312836}, {""token_id"": 424, ""token"": ""**"", ""value"": 0.03156030550599098}, {""token_id"": 61, ""token"": ""\\"", ""value"": 0.028707634657621384}]",False,False,False,0.6060990542173386
step9000,1536,1792,1792,2,1941, evidence,284,0.9943989515304565,0.9523918628692627,0.2859703004360199,0.9943989515304565,38.82279586791992,14054,atom,15,0.16360045969486237,0.8363995403051376,0.0004311501979827881,"[{""token_id"": 14054, ""token"": ""atom"", ""value"": 0.16360045969486237}, {""token_id"": 21752, ""token"": ""ervation"", ""value"": 0.16316930949687958}, {""token_id"": 46474, ""token"": "" NAC"", ""value"": 0.1592840701341629}, {""token_id"": 36213, ""token"": ""因"", ""value"": 0.15885305404663086}, {""token_id"": 26003, ""token"": ""コ"", ""value"": 0.15613232553005219}]",21752,ervation,8,38.6162109375,0.002475738525390625,6.41113787522444e-05,"[{""token_id"": 21752, ""token"": ""ervation"", ""value"": 38.6162109375}, {""token_id"": 14054, ""token"": ""atom"", ""value"": 38.61868667602539}, {""token_id"": 36213, ""token"": ""因"", ""value"": 38.62480163574219}, {""token_id"": 26003, ""token"": ""コ"", ""value"": 38.6279296875}, {""token_id"": 46474, ""token"": "" NAC"", ""value"": 38.628665924072266}]",187,"
",1,0.21950632333755493,0.180597722530365,1.7301654815673828,0.5213064551353455,"[{""token_id"": 187, ""token"": ""\n"", ""value"": 0.21950632333755493}, {""token_id"": 15, ""token"": ""."", ""value"": 0.03890860825777054}, {""token_id"": 209, ""token"": "" "", ""value"": 0.03344638645648956}, {""token_id"": 424, ""token"": ""**"", ""value"": 0.03155982494354248}, {""token_id"": 61, ""token"": ""\\"", ""value"": 0.02870791032910347}]",False,False,False,0.5835910923779011
step9000,1536,1792,1792,3,38730, orientations,4,0.9943971037864685,0.9523903131484985,0.2859690487384796,0.9943971037864685,38.822757720947266,14054,atom,15,0.16360022127628326,0.8363997787237167,0.0004312247037887573,"[{""token_id"": 14054, ""token"": ""atom"", ""value"": 0.16360022127628326}, {""token_id"": 21752, ""token"": ""ervation"", ""value"": 0.1631689965724945}, {""token_id"": 46474, ""token"": "" NAC"", ""value"": 0.15928445756435394}, {""token_id"": 36213, ""token"": ""因"", ""value"": 0.15885309875011444}, {""token_id"": 26003, ""token"": ""コ"", ""value"": 0.15613232553005219}]",21752,ervation,8,38.61617660522461,0.002471923828125,6.401265079646851e-05,"[{""token_id"": 21752, ""token"": ""ervation"", ""value"": 38.61617660522461}, {""token_id"": 14054, ""token"": ""atom"", ""value"": 38.618648529052734}, {""token_id"": 36213, ""token"": ""因"", ""value"": 38.62476348876953}, {""token_id"": 26003, ""token"": ""コ"", ""value"": 38.627891540527344}, {""token_id"": 46474, ""token"": "" NAC"", ""value"": 38.62862777709961}]",187,"
",1,0.21950682997703552,0.18059858679771423,1.7301769256591797,0.5213072299957275,"[{""token_id"": 187, ""token"": ""\n"", ""value"": 0.21950682997703552}, {""token_id"": 15, ""token"": ""."", ""value"": 0.038908250629901886}, {""token_id"": 209, ""token"": "" "", ""value"": 0.033446017652750015}, {""token_id"": 424, ""token"": ""**"", ""value"": 0.03155963122844696}, {""token_id"": 61, ""token"": ""\\"", ""value"": 0.02870825119316578}]",False,False,False,0.6313937343657017
step9000,1792,2048,2048,0,29104, repetitive,16,0.9943971037864685,0.9523900747299194,0.28596991300582886,0.9943971037864685,38.82276916503906,14054,atom,15,0.16360022127628326,0.8363997787237167,0.00043123960494995117,"[{""token_id"": 14054, ""token"": ""atom"", ""value"": 0.16360022127628326}, {""token_id"": 21752, ""token"": ""ervation"", ""value"": 0.1631689816713333}, {""token_id"": 46474, ""token"": "" NAC"", ""value"": 0.15928444266319275}, {""token_id"": 36213, ""token"": ""因"", ""value"": 0.15885332226753235}, {""token_id"": 26003, ""token"": ""コ"", ""value"": 0.15613257884979248}]",21752,ervation,8,38.616188049316406,0.002475738525390625,6.411141675167109e-05,"[{""token_id"": 21752, ""token"": ""ervation"", ""value"": 38.616188049316406}, {""token_id"": 14054, ""token"": ""atom"", ""value"": 38.6186637878418}, {""token_id"": 36213, ""token"": ""因"", ""value"": 38.62477493286133}, {""token_id"": 26003, ""token"": ""コ"", ""value"": 38.62790298461914}, {""token_id"": 46474, ""token"": "" NAC"", ""value"": 38.628639221191406}]",187,"
",1,0.2195056825876236,0.18059711158275604,1.73016357421875,0.5213070511817932,"[{""token_id"": 187, ""token"": ""\n"", ""value"": 0.2195056825876236}, {""token_id"": 15, ""token"": ""."", ""value"": 0.038908567279577255}, {""token_id"": 209, ""token"": "" "", ""value"": 0.03344689682126045}, {""token_id"": 424, ""token"": ""**"", ""value"": 0.03156009688973427}, {""token_id"": 61, ""token"": ""\\"", ""value"": 0.028708018362522125}]",False,False,False,0.7504421323537827
step9000,1792,2048,2048,1,10020, semi,112,0.9943970441818237,0.9523898959159851,0.2859703004360199,0.9943970441818237,38.822776794433594,14054,atom,15,0.16360032558441162,0.8363996744155884,0.0004312098026275635,"[{""token_id"": 14054, ""token"": ""atom"", ""value"": 0.16360032558441162}, {""token_id"": 21752, ""token"": ""ervation"", ""value"": 0.16316911578178406}, {""token_id"": 46474, ""token"": "" NAC"", ""value"": 0.159284308552742}, {""token_id"": 36213, ""token"": ""因"", ""value"": 0.15885329246520996}, {""token_id"": 26003, ""token"": ""コ"", ""value"": 0.1561325341463089}]",21752,ervation,8,38.61619567871094,0.002471923828125,6.401261917905002e-05,"[{""token_id"": 21752, ""token"": ""ervation"", ""value"": 38.61619567871094}, {""token_id"": 14054, ""token"": ""atom"", ""value"": 38.61866760253906}, {""token_id"": 36213, ""token"": ""因"", ""value"": 38.62478256225586}, {""token_id"": 26003, ""token"": ""コ"", ""value"": 38.62791061401367}, {""token_id"": 46474, ""token"": "" NAC"", ""value"": 38.62864685058594}]",187,"
",1,0.21950572729110718,0.1805972307920456,1.7301654815673828,0.5213069915771484,"[{""token_id"": 187, ""token"": ""\n"", ""value"": 0.21950572729110718}, {""token_id"": 15, ""token"": ""."", ""value"": 0.03890850022435188}, {""token_id"": 209, ""token"": "" "", ""value"": 0.03344687074422836}, {""token_id"": 424, ""token"": ""**"", ""value"": 0.03156013414263725}, {""token_id"": 61, ""token"": ""\\"", ""value"": 0.028707997873425484}]",False,False,False,0.6686847396194935
step9000,1792,2048,2048,2,1941, evidence,284,0.9943986535072327,0.9523912072181702,0.28597137331962585,0.9943986535072327,38.822776794433594,14054,atom,15,0.16360031068325043,0.8363996893167496,0.00043116509914398193,"[{""token_id"": 14054, ""token"": ""atom"", ""value"": 0.16360031068325043}, {""token_id"": 21752, ""token"": ""ervation"", ""value"": 0.16316914558410645}, {""token_id"": 46474, ""token"": "" NAC"", ""value"": 0.1592842936515808}, {""token_id"": 36213, ""token"": ""因"", ""value"": 0.158853217959404}, {""token_id"": 26003, ""token"": ""コ"", ""value"": 0.15613247454166412}]",21752,ervation,8,38.61619567871094,0.002471923828125,6.401261917905002e-05,"[{""token_id"": 21752, ""token"": ""ervation"", ""value"": 38.61619567871094}, {""token_id"": 14054, ""token"": ""atom"", ""value"": 38.61866760253906}, {""token_id"": 36213, ""token"": ""因"", ""value"": 38.62478256225586}, {""token_id"": 26003, ""token"": ""コ"", ""value"": 38.62791061401367}, {""token_id"": 46474, ""token"": "" NAC"", ""value"": 38.62864685058594}]",187,"
",1,0.21950623393058777,0.18059775233268738,1.730168342590332,0.5213068127632141,"[{""token_id"": 187, ""token"": ""\n"", ""value"": 0.21950623393058777}, {""token_id"": 15, ""token"": ""."", ""value"": 0.03890848159790039}, {""token_id"": 209, ""token"": "" "", ""value"": 0.03344659507274628}, {""token_id"": 424, ""token"": ""**"", ""value"": 0.031559936702251434}, {""token_id"": 61, ""token"": ""\\"", ""value"": 0.02870800904929638}]",False,False,False,0.6697861701250076
step9000,1792,2048,2048,3,38730, orientations,4,0.9943966865539551,0.9523895382881165,0.2859700620174408,0.9943966865539551,38.82276916503906,14054,atom,15,0.16360026597976685,0.8363997340202332,0.000431254506111145,"[{""token_id"": 14054, ""token"": ""atom"", ""value"": 0.16360026597976685}, {""token_id"": 21752, ""token"": ""ervation"", ""value"": 0.1631690114736557}, {""token_id"": 46474, ""token"": "" NAC"", ""value"": 0.15928438305854797}, {""token_id"": 36213, ""token"": ""因"", ""value"": 0.15885324776172638}, {""token_id"": 26003, ""token"": ""コ"", ""value"": 0.15613244473934174}]",21752,ervation,8,38.616188049316406,0.002475738525390625,6.411141675167109e-05,"[{""token_id"": 21752, ""token"": ""ervation"", ""value"": 38.616188049316406}, {""token_id"": 14054, ""token"": ""atom"", ""value"": 38.6186637878418}, {""token_id"": 36213, ""token"": ""因"", ""value"": 38.62477493286133}, {""token_id"": 26003, ""token"": ""コ"", ""value"": 38.62790298461914}, {""token_id"": 46474, ""token"": "" NAC"", ""value"": 38.628639221191406}]",187,"
",1,0.21950595080852509,0.1805974841117859,1.7301673889160156,0.5213071703910828,"[{""token_id"": 187, ""token"": ""\n"", ""value"": 0.21950595080852509}, {""token_id"": 15, ""token"": ""."", ""value"": 0.038908470422029495}, {""token_id"": 209, ""token"": "" "", ""value"": 0.03344649076461792}, {""token_id"": 424, ""token"": ""**"", ""value"": 0.031559865921735764}, {""token_id"": 61, ""token"": ""\\"", ""value"": 0.02870808355510235}]",False,False,False,0.6163602396845818
step13000,0,256,256,0,29104, repetitive,16,0.9516436457633972,0.9516436457633972,0.0,0.9339935779571533,41.21992492675781,41741,escap,1,0.18877297639846802,0.811227023601532,0.01983107626438141,"[{""token_id"": 41741, ""token"": ""escap"", ""value"": 0.18877297639846802}, {""token_id"": 5113, ""token"": "" objects"", ""value"": 0.1689419001340866}, {""token_id"": 34458, ""token"": ""540"", ""value"": 0.16790810227394104}, {""token_id"": 42429, ""token"": ""dataset"", ""value"": 0.16601866483688354}, {""token_id"": 15500, ""token"": ""¯"", ""value"": 0.16453073918819427}]",41741,escap,1,40.96491241455078,0.034778594970703125,0.0008489849708149194,"[{""token_id"": 41741, ""token"": ""escap"", ""value"": 40.96491241455078}, {""token_id"": 5113, ""token"": "" objects"", ""value"": 40.999691009521484}, {""token_id"": 34458, ""token"": ""540"", ""value"": 41.00025177001953}, {""token_id"": 42429, ""token"": ""dataset"", ""value"": 41.00311279296875}, {""token_id"": 15500, ""token"": ""¯"", ""value"": 41.00713348388672}]",187,"
",1,0.0857873484492302,0.0014889389276504517,0.017508506774902344,0.5448954701423645,"[{""token_id"": 187, ""token"": ""\n"", ""value"": 0.0857873484492302}, {""token_id"": 13, ""token"": "","", ""value"": 0.08429840952157974}, {""token_id"": 15, ""token"": ""."", ""value"": 0.04797913506627083}, {""token_id"": 310, ""token"": "" is"", ""value"": 0.033254656940698624}, {""token_id"": 313, ""token"": "" ("", ""value"": 0.027125047519803047}]",True,False,False,0.5944353714585304
step13000,0,256,256,1,10020, semi,112,0.9516429305076599,0.9516429305076599,0.0,0.933992862701416,41.21993637084961,41741,escap,1,0.18877273797988892,0.8112272620201111,0.01983068883419037,"[{""token_id"": 41741, ""token"": ""escap"", ""value"": 0.18877273797988892}, {""token_id"": 5113, ""token"": "" objects"", ""value"": 0.16894204914569855}, {""token_id"": 34458, ""token"": ""540"", ""value"": 0.16790811717510223}, {""token_id"": 42429, ""token"": ""dataset"", ""value"": 0.16601844131946564}, {""token_id"": 15500, ""token"": ""¯"", ""value"": 0.16453076899051666}]",41741,escap,1,40.96492385864258,0.034778594970703125,0.0008489847336397699,"[{""token_id"": 41741, ""token"": ""escap"", ""value"": 40.96492385864258}, {""token_id"": 5113, ""token"": "" objects"", ""value"": 40.99970245361328}, {""token_id"": 34458, ""token"": ""540"", ""value"": 41.00026321411133}, {""token_id"": 42429, ""token"": ""dataset"", ""value"": 41.00312423706055}, {""token_id"": 15500, ""token"": ""¯"", ""value"": 41.007144927978516}]",187,"
",1,0.08578646183013916,0.00148763507604599,0.017493247985839844,0.5448951125144958,"[{""token_id"": 187, ""token"": ""\n"", ""value"": 0.08578646183013916}, {""token_id"": 13, ""token"": "","", ""value"": 0.08429882675409317}, {""token_id"": 15, ""token"": ""."", ""value"": 0.04797933250665665}, {""token_id"": 310, ""token"": "" is"", ""value"": 0.03325469791889191}, {""token_id"": 313, ""token"": "" ("", ""value"": 0.027125000953674316}]",True,False,False,0.587970919907093
step13000,0,256,256,2,1941, evidence,284,0.9516446590423584,0.9516446590423584,0.0,0.9339938759803772,41.21992492675781,41741,escap,1,0.18877296149730682,0.8112270385026932,0.019831106066703796,"[{""token_id"": 41741, ""token"": ""escap"", ""value"": 0.18877296149730682}, {""token_id"": 5113, ""token"": "" objects"", ""value"": 0.16894185543060303}, {""token_id"": 34458, ""token"": ""540"", ""value"": 0.16790810227394104}, {""token_id"": 42429, ""token"": ""dataset"", ""value"": 0.16601866483688354}, {""token_id"": 15500, ""token"": ""¯"", ""value"": 0.1645307093858719}]",41741,escap,1,40.96491241455078,0.034778594970703125,0.0008489849708149194,"[{""token_id"": 41741, ""token"": ""escap"", ""value"": 40.96491241455078}, {""token_id"": 5113, ""token"": "" objects"", ""value"": 40.999691009521484}, {""token_id"": 34458, ""token"": ""540"", ""value"": 41.00025177001953}, {""token_id"": 42429, ""token"": ""dataset"", ""value"": 41.00311279296875}, {""token_id"": 15500, ""token"": ""¯"", ""value"": 41.00713348388672}]",187,"
",1,0.08578751236200333,0.0014891698956489563,0.017511367797851562,0.544895589351654,"[{""token_id"": 187, ""token"": ""\n"", ""value"": 0.08578751236200333}, {""token_id"": 13, ""token"": "","", ""value"": 0.08429834246635437}, {""token_id"": 15, ""token"": ""."", ""value"": 0.04797909036278725}, {""token_id"": 310, ""token"": "" is"", ""value"": 0.03325466066598892}, {""token_id"": 313, ""token"": "" ("", ""value"": 0.027125075459480286}]",True,False,False,0.6278184577822685
step13000,0,256,256,3,38730, orientations,4,0.951641857624054,0.951641857624054,0.0,0.9339927434921265,41.21993637084961,41741,escap,1,0.1887727826833725,0.8112272173166275,0.01983073353767395,"[{""token_id"": 41741, ""token"": ""escap"", ""value"": 0.1887727826833725}, {""token_id"": 5113, ""token"": "" objects"", ""value"": 0.16894204914569855}, {""token_id"": 34458, ""token"": ""540"", ""value"": 0.16790813207626343}, {""token_id"": 42429, ""token"": ""dataset"", ""value"": 0.1660185009241104}, {""token_id"": 15500, ""token"": ""¯"", ""value"": 0.16453073918819427}]",41741,escap,1,40.96492004394531,0.034778594970703125,0.0008489848126981384,"[{""token_id"": 41741, ""token"": ""escap"", ""value"": 40.96492004394531}, {""token_id"": 5113, ""token"": "" objects"", ""value"": 40.999698638916016}, {""token_id"": 34458, ""token"": ""540"", ""value"": 41.00025939941406}, {""token_id"": 42429, ""token"": ""dataset"", ""value"": 41.00312423706055}, {""token_id"": 15500, ""token"": ""¯"", ""value"": 41.007144927978516}]",187,"
",1,0.08578673750162125,0.0014880448579788208,0.017498016357421875,0.5448952317237854,"[{""token_id"": 187, ""token"": ""\n"", ""value"": 0.08578673750162125}, {""token_id"": 13, ""token"": "","", ""value"": 0.08429869264364243}, {""token_id"": 15, ""token"": ""."", ""value"": 0.04797925427556038}, {""token_id"": 310, ""token"": "" is"", ""value"": 0.0332547090947628}, {""token_id"": 313, ""token"": "" ("", ""value"": 0.027125010266900063}]",True,False,False,0.6163812093436718
step13000,256,512,512,0,29104, repetitive,16,0.9516468048095703,0.9516468048095703,0.0,0.9339922070503235,41.21994400024414,41741,escap,1,0.18877267837524414,0.8112273216247559,0.019830510020256042,"[{""token_id"": 41741, ""token"": ""escap"", ""value"": 0.18877267837524414}, {""token_id"": 5113, ""token"": "" objects"", ""value"": 0.1689421683549881}, {""token_id"": 34458, ""token"": ""540"", ""value"": 0.1679081916809082}, {""token_id"": 42429, ""token"": ""dataset"", ""value"": 0.16601833701133728}, {""token_id"": 15500, ""token"": ""¯"", ""value"": 0.16453081369400024}]",41741,escap,1,40.964927673339844,0.03478240966796875,0.0008490777756359935,"[{""token_id"": 41741, ""token"": ""escap"", ""value"": 40.964927673339844}, {""token_id"": 5113, ""token"": "" objects"", ""value"": 40.99971008300781}, {""token_id"": 34458, ""token"": ""540"", ""value"": 41.00027084350586}, {""token_id"": 42429, ""token"": ""dataset"", ""value"": 41.00313186645508}, {""token_id"": 15500, ""token"": ""¯"", ""value"": 41.00715255737305}]",187,"
",1,0.08578614145517349,0.0014872252941131592,0.017488479614257812,0.5448949337005615,"[{""token_id"": 187, ""token"": ""\n"", ""value"": 0.08578614145517349}, {""token_id"": 13, ""token"": "","", ""value"": 0.08429891616106033}, {""token_id"": 15, ""token"": ""."", ""value"": 0.04797932878136635}, {""token_id"": 310, ""token"": "" is"", ""value"": 0.03325476124882698}, {""token_id"": 313, ""token"": "" ("", ""value"": 0.027124950662255287}]",True,False,False,0.6058528497815132
step13000,256,512,512,1,10020, semi,112,0.9516420364379883,0.9516420364379883,0.0,0.9339947700500488,41.219940185546875,41741,escap,1,0.18877266347408295,0.811227336525917,0.019830480217933655,"[{""token_id"": 41741, ""token"": ""escap"", ""value"": 0.18877266347408295}, {""token_id"": 5113, ""token"": "" objects"", ""value"": 0.1689421832561493}, {""token_id"": 34458, ""token"": ""540"", ""value"": 0.167908176779747}, {""token_id"": 42429, ""token"": ""dataset"", ""value"": 0.16601838171482086}, {""token_id"": 15500, ""token"": ""¯"", ""value"": 0.16453082859516144}]",41741,escap,1,40.96492385864258,0.03478240966796875,0.0008490778547030188,"[{""token_id"": 41741, ""token"": ""escap"", ""value"": 40.96492385864258}, {""token_id"": 5113, ""token"": "" objects"", ""value"": 40.99970626831055}, {""token_id"": 34458, ""token"": ""540"", ""value"": 41.000267028808594}, {""token_id"": 42429, ""token"": ""dataset"", ""value"": 41.00312805175781}, {""token_id"": 15500, ""token"": ""¯"", ""value"": 41.00714874267578}]",187,"
",1,0.0857861340045929,0.00148715078830719,0.017487525939941406,0.5448949337005615,"[{""token_id"": 187, ""token"": ""\n"", ""value"": 0.0857861340045929}, {""token_id"": 13, ""token"": "","", ""value"": 0.0842989832162857}, {""token_id"": 15, ""token"": ""."", ""value"": 0.04797937721014023}, {""token_id"": 310, ""token"": "" is"", ""value"": 0.03325473144650459}, {""token_id"": 313, ""token"": "" ("", ""value"": 0.027124976739287376}]",True,False,False,0.5900411009788513
step13000,256,512,512,2,1941, evidence,284,0.9516425132751465,0.9516425132751465,0.0,0.9339931011199951,41.21994400024414,41741,escap,1,0.18877267837524414,0.8112273216247559,0.019830524921417236,"[{""token_id"": 41741, ""token"": ""escap"", ""value"": 0.18877267837524414}, {""token_id"": 5113, ""token"": "" objects"", ""value"": 0.1689421534538269}, {""token_id"": 34458, ""token"": ""540"", ""value"": 0.16790816187858582}, {""token_id"": 42429, ""token"": ""dataset"", ""value"": 0.16601835191249847}, {""token_id"": 15500, ""token"": ""¯"", ""value"": 0.16453081369400024}]",41741,escap,1,40.964927673339844,0.03478240966796875,0.0008490777756359935,"[{""token_id"": 41741, ""token"": ""escap"", ""value"": 40.964927673339844}, {""token_id"": 5113, ""token"": "" objects"", ""value"": 40.99971008300781}, {""token_id"": 34458, ""token"": ""540"", ""value"": 41.00027084350586}, {""token_id"": 42429, ""token"": ""dataset"", ""value"": 41.00313186645508}, {""token_id"": 15500, ""token"": ""¯"", ""value"": 41.00715255737305}]",187,"
",1,0.0857861265540123,0.00148715078830719,0.017487525939941406,0.5448949337005615,"[{""token_id"": 187, ""token"": ""\n"", ""value"": 0.0857861265540123}, {""token_id"": 13, ""token"": "","", ""value"": 0.08429897576570511}, {""token_id"": 15, ""token"": ""."", ""value"": 0.04797937348484993}, {""token_id"": 310, ""token"": "" is"", ""value"": 0.03325475752353668}, {""token_id"": 313, ""token"": "" ("", ""value"": 0.027124973013997078}]",True,False,False,0.5641448572278023
step13000,256,512,512,3,38730, orientations,4,0.9516419768333435,0.9516419768333435,0.0,0.9339908957481384,41.219940185546875,41741,escap,1,0.18877270817756653,0.8112272918224335,0.019830510020256042,"[{""token_id"": 41741, ""token"": ""escap"", ""value"": 0.18877270817756653}, {""token_id"": 5113, ""token"": "" objects"", ""value"": 0.16894219815731049}, {""token_id"": 34458, ""token"": ""540"", ""value"": 0.1679081916809082}, {""token_id"": 42429, ""token"": ""dataset"", ""value"": 0.16601836681365967}, {""token_id"": 15500, ""token"": ""¯"", ""value"": 0.16453081369400024}]",41741,escap,1,40.964927673339844,0.034778594970703125,0.0008489846545814162,"[{""token_id"": 41741, ""token"": ""escap"", ""value"": 40.964927673339844}, {""token_id"": 5113, ""token"": "" objects"", ""value"": 40.99970626831055}, {""token_id"": 34458, ""token"": ""540"", ""value"": 41.000267028808594}, {""token_id"": 42429, ""token"": ""dataset"", ""value"": 41.00313186645508}, {""token_id"": 15500, ""token"": ""¯"", ""value"": 41.00715255737305}]",187,"
",1,0.08578623086214066,0.0014872252941131592,0.017488479614257812,0.5448949933052063,"[{""token_id"": 187, ""token"": ""\n"", ""value"": 0.08578623086214066}, {""token_id"": 13, ""token"": "","", ""value"": 0.0842990055680275}, {""token_id"": 15, ""token"": ""."", ""value"": 0.047979339957237244}, {""token_id"": 310, ""token"": "" is"", ""value"": 0.033254705369472504}, {""token_id"": 313, ""token"": "" ("", ""value"": 0.027124956250190735}]",True,False,False,0.6340563744306564
step13000,512,768,768,0,29104, repetitive,16,0.9516430497169495,0.9516430497169495,0.0,0.9339928030967712,41.21994400024414,41741,escap,1,0.18877266347408295,0.811227336525917,0.019830524921417236,"[{""token_id"": 41741, ""token"": ""escap"", ""value"": 0.18877266347408295}, {""token_id"": 5113, ""token"": "" objects"", ""value"": 0.1689421385526657}, {""token_id"": 34458, ""token"": ""540"", ""value"": 0.1679081916809082}, {""token_id"": 42429, ""token"": ""dataset"", ""value"": 0.16601839661598206}, {""token_id"": 15500, ""token"": ""¯"", ""value"": 0.16453079879283905}]",41741,escap,1,40.96493148803711,0.034778594970703125,0.0008489845755230772,"[{""token_id"": 41741, ""token"": ""escap"", ""value"": 40.96493148803711}, {""token_id"": 5113, ""token"": "" objects"", ""value"": 40.99971008300781}, {""token_id"": 34458, ""token"": ""540"", ""value"": 41.00027084350586}, {""token_id"": 42429, ""token"": ""dataset"", ""value"": 41.00313186645508}, {""token_id"": 15500, ""token"": ""¯"", ""value"": 41.00715255737305}]",187,"
",1,0.0857861265540123,0.00148715078830719,0.017487525939941406,0.5448950529098511,"[{""token_id"": 187, ""token"": ""\n"", ""value"": 0.0857861265540123}, {""token_id"": 13, ""token"": "","", ""value"": 0.08429897576570511}, {""token_id"": 15, ""token"": ""."", ""value"": 0.04797928035259247}, {""token_id"": 310, ""token"": "" is"", ""value"": 0.033254727721214294}, {""token_id"": 313, ""token"": "" ("", ""value"": 0.02712494507431984}]",True,False,False,0.5785007253289223
step13000,512,768,768,1,10020, semi,112,0.9516425728797913,0.9516425728797913,0.0,0.9339945912361145,41.219940185546875,41741,escap,1,0.18877266347408295,0.811227336525917,0.01983049511909485,"[{""token_id"": 41741, ""token"": ""escap"", ""value"": 0.18877266347408295}, {""token_id"": 5113, ""token"": "" objects"", ""value"": 0.1689421683549881}, {""token_id"": 34458, ""token"": ""540"", ""value"": 0.16790814697742462}, {""token_id"": 42429, ""token"": ""dataset"", ""value"": 0.16601833701133728}, {""token_id"": 15500, ""token"": ""¯"", ""value"": 0.16453079879283905}]",41741,escap,1,40.96492385864258,0.03478240966796875,0.0008490778547030188,"[{""token_id"": 41741, ""token"": ""escap"", ""value"": 40.96492385864258}, {""token_id"": 5113, ""token"": "" objects"", ""value"": 40.99970626831055}, {""token_id"": 34458, ""token"": ""540"", ""value"": 41.000267028808594}, {""token_id"": 42429, ""token"": ""dataset"", ""value"": 41.00312805175781}, {""token_id"": 15500, ""token"": ""¯"", ""value"": 41.00714874267578}]",187,"
",1,0.08578615635633469,0.00148715078830719,0.017487525939941406,0.5448949933052063,"[{""token_id"": 187, ""token"": ""\n"", ""value"": 0.08578615635633469}, {""token_id"": 13, ""token"": "","", ""value"": 0.0842990055680275}, {""token_id"": 15, ""token"": ""."", ""value"": 0.04797929525375366}, {""token_id"": 310, ""token"": "" is"", ""value"": 0.03325473889708519}, {""token_id"": 313, ""token"": "" ("", ""value"": 0.027124982327222824}]",True,False,False,0.6051005609333515
step13000,512,768,768,2,1941, evidence,284,0.9516448378562927,0.9516448378562927,0.0,0.9339926838874817,41.21994400024414,41741,escap,1,0.18877264857292175,0.8112273514270782,0.019830480217933655,"[{""token_id"": 41741, ""token"": ""escap"", ""value"": 0.18877264857292175}, {""token_id"": 5113, ""token"": "" objects"", ""value"": 0.1689421683549881}, {""token_id"": 34458, ""token"": ""540"", ""value"": 0.16790816187858582}, {""token_id"": 42429, ""token"": ""dataset"", ""value"": 0.16601835191249847}, {""token_id"": 15500, ""token"": ""¯"", ""value"": 0.16453081369400024}]",41741,escap,1,40.964927673339844,0.03478240966796875,0.0008490777756359935,"[{""token_id"": 41741, ""token"": ""escap"", ""value"": 40.964927673339844}, {""token_id"": 5113, ""token"": "" objects"", ""value"": 40.99971008300781}, {""token_id"": 34458, ""token"": ""540"", ""value"": 41.00027084350586}, {""token_id"": 42429, ""token"": ""dataset"", ""value"": 41.00313186645508}, {""token_id"": 15500, ""token"": ""¯"", ""value"": 41.00715255737305}]",187,"
",1,0.08578605949878693,0.00148715078830719,0.017487525939941406,0.5448949933052063,"[{""token_id"": 187, ""token"": ""\n"", ""value"": 0.08578605949878693}, {""token_id"": 13, ""token"": "","", ""value"": 0.08429890871047974}, {""token_id"": 15, ""token"": ""."", ""value"": 0.04797942191362381}, {""token_id"": 310, ""token"": "" is"", ""value"": 0.03325469791889191}, {""token_id"": 313, ""token"": "" ("", ""value"": 0.027124950662255287}]",True,False,False,0.6116517372429371
step13000,512,768,768,3,38730, orientations,4,0.9516416788101196,0.9516416788101196,0.0,0.9339948892593384,41.21994400024414,41741,escap,1,0.18877263367176056,0.8112273663282394,0.01983046531677246,"[{""token_id"": 41741, ""token"": ""escap"", ""value"": 0.18877263367176056}, {""token_id"": 5113, ""token"": "" objects"", ""value"": 0.1689421683549881}, {""token_id"": 34458, ""token"": ""540"", ""value"": 0.16790816187858582}, {""token_id"": 42429, ""token"": ""dataset"", ""value"": 0.1660183221101761}, {""token_id"": 15500, ""token"": ""¯"", ""value"": 0.16453076899051666}]",41741,escap,1,40.964927673339844,0.03478240966796875,0.0008490777756359935,"[{""token_id"": 41741, ""token"": ""escap"", ""value"": 40.964927673339844}, {""token_id"": 5113, ""token"": "" objects"", ""value"": 40.99971008300781}, {""token_id"": 34458, ""token"": ""540"", ""value"": 41.00027084350586}, {""token_id"": 42429, ""token"": ""dataset"", ""value"": 41.00313186645508}, {""token_id"": 15500, ""token"": ""¯"", ""value"": 41.00715255737305}]",187,"
",1,0.08578615635633469,0.0014872252941131592,0.017488479614257812,0.5448949933052063,"[{""token_id"": 187, ""token"": ""\n"", ""value"": 0.08578615635633469}, {""token_id"": 13, ""token"": "","", ""value"": 0.08429893106222153}, {""token_id"": 15, ""token"": ""."", ""value"": 0.047979336231946945}, {""token_id"": 310, ""token"": "" is"", ""value"": 0.033254705369472504}, {""token_id"": 313, ""token"": "" ("", ""value"": 0.027124932035803795}]",True,False,False,0.5936633050441742
step13000,768,1024,1024,0,29104, repetitive,16,0.9516423344612122,0.9516423344612122,0.0,0.9339936375617981,41.219940185546875,41741,escap,1,0.18877264857292175,0.8112273514270782,0.019830480217933655,"[{""token_id"": 41741, ""token"": ""escap"", ""value"": 0.18877264857292175}, {""token_id"": 5113, ""token"": "" objects"", ""value"": 0.1689421683549881}, {""token_id"": 34458, ""token"": ""540"", ""value"": 0.1679081916809082}, {""token_id"": 42429, ""token"": ""dataset"", ""value"": 0.16601835191249847}, {""token_id"": 15500, ""token"": ""¯"", ""value"": 0.16453078389167786}]",41741,escap,1,40.96492385864258,0.03478240966796875,0.0008490778547030188,"[{""token_id"": 41741, ""token"": ""escap"", ""value"": 40.96492385864258}, {""token_id"": 5113, ""token"": "" objects"", ""value"": 40.99970626831055}, {""token_id"": 34458, ""token"": ""540"", ""value"": 41.000267028808594}, {""token_id"": 42429, ""token"": ""dataset"", ""value"": 41.00312805175781}, {""token_id"": 15500, ""token"": ""¯"", ""value"": 41.00714874267578}]",187,"
",1,0.08578616380691528,0.0014872252941131592,0.017488479614257812,0.5448949933052063,"[{""token_id"": 187, ""token"": ""\n"", ""value"": 0.08578616380691528}, {""token_id"": 13, ""token"": "","", ""value"": 0.08429893851280212}, {""token_id"": 15, ""token"": ""."", ""value"": 0.04797929897904396}, {""token_id"": 310, ""token"": "" is"", ""value"": 0.0332547090947628}, {""token_id"": 313, ""token"": "" ("", ""value"": 0.027124956250190735}]",True,False,False,0.5546234510838985
step13000,768,1024,1024,1,10020, semi,112,0.951642632484436,0.951642632484436,0.0,0.9339948892593384,41.21994400024414,41741,escap,1,0.18877264857292175,0.8112273514270782,0.01983049511909485,"[{""token_id"": 41741, ""token"": ""escap"", ""value"": 0.18877264857292175}, {""token_id"": 5113, ""token"": "" objects"", ""value"": 0.1689421534538269}, {""token_id"": 34458, ""token"": ""540"", ""value"": 0.167908176779747}, {""token_id"": 42429, ""token"": ""dataset"", ""value"": 0.16601838171482086}, {""token_id"": 15500, ""token"": ""¯"", ""value"": 0.16453078389167786}]",41741,escap,1,40.964927673339844,0.03478240966796875,0.0008490777756359935,"[{""token_id"": 41741, ""token"": ""escap"", ""value"": 40.964927673339844}, {""token_id"": 5113, ""token"": "" objects"", ""value"": 40.99971008300781}, {""token_id"": 34458, ""token"": ""540"", ""value"": 41.00027084350586}, {""token_id"": 42429, ""token"": ""dataset"", ""value"": 41.00313186645508}, {""token_id"": 15500, ""token"": ""¯"", ""value"": 41.00715255737305}]",187,"
",1,0.08578605949878693,0.0014870688319206238,0.017486572265625,0.5448949337005615,"[{""token_id"": 187, ""token"": ""\n"", ""value"": 0.08578605949878693}, {""token_id"": 13, ""token"": "","", ""value"": 0.0842989906668663}, {""token_id"": 15, ""token"": ""."", ""value"": 0.04797937348484993}, {""token_id"": 310, ""token"": "" is"", ""value"": 0.03325469791889191}, {""token_id"": 313, ""token"": "" ("", ""value"": 0.027124950662255287}]",True,False,False,0.5921962410211563
step13000,768,1024,1024,2,1941, evidence,284,0.9516456723213196,0.9516456723213196,0.0,0.933992862701416,41.219940185546875,41741,escap,1,0.18877267837524414,0.8112273216247559,0.019830510020256042,"[{""token_id"": 41741, ""token"": ""escap"", ""value"": 0.18877267837524414}, {""token_id"": 5113, ""token"": "" objects"", ""value"": 0.1689421683549881}, {""token_id"": 34458, ""token"": ""540"", ""value"": 0.16790816187858582}, {""token_id"": 42429, ""token"": ""dataset"", ""value"": 0.16601835191249847}, {""token_id"": 15500, ""token"": ""¯"", ""value"": 0.16453079879283905}]",41741,escap,1,40.96492385864258,0.03478240966796875,0.0008490778547030188,"[{""token_id"": 41741, ""token"": ""escap"", ""value"": 40.96492385864258}, {""token_id"": 5113, ""token"": "" objects"", ""value"": 40.99970626831055}, {""token_id"": 34458, ""token"": ""540"", ""value"": 41.000267028808594}, {""token_id"": 42429, ""token"": ""dataset"", ""value"": 41.00312805175781}, {""token_id"": 15500, ""token"": ""¯"", ""value"": 41.00714874267578}]",187,"
",1,0.08578621596097946,0.0014872252941131592,0.017488479614257812,0.5448949337005615,"[{""token_id"": 187, ""token"": ""\n"", ""value"": 0.08578621596097946}, {""token_id"": 13, ""token"": "","", ""value"": 0.0842989906668663}, {""token_id"": 15, ""token"": ""."", ""value"": 0.04797937348484993}, {""token_id"": 310, ""token"": "" is"", ""value"": 0.033254727721214294}, {""token_id"": 313, ""token"": "" ("", ""value"": 0.027124950662255287}]",True,False,False,0.5804190561175346
step13000,768,1024,1024,3,38730, orientations,4,0.9516469240188599,0.9516469240188599,0.0,0.9339935779571533,41.21994400024414,41741,escap,1,0.18877267837524414,0.8112273216247559,0.019830524921417236,"[{""token_id"": 41741, ""token"": ""escap"", ""value"": 0.18877267837524414}, {""token_id"": 5113, ""token"": "" objects"", ""value"": 0.1689421534538269}, {""token_id"": 34458, ""token"": ""540"", ""value"": 0.16790813207626343}, {""token_id"": 42429, ""token"": ""dataset"", ""value"": 0.16601835191249847}, {""token_id"": 15500, ""token"": ""¯"", ""value"": 0.16453078389167786}]",41741,escap,1,40.964927673339844,0.03478240966796875,0.0008490777756359935,"[{""token_id"": 41741, ""token"": ""escap"", ""value"": 40.964927673339844}, {""token_id"": 5113, ""token"": "" objects"", ""value"": 40.99971008300781}, {""token_id"": 34458, ""token"": ""540"", ""value"": 41.00027084350586}, {""token_id"": 42429, ""token"": ""dataset"", ""value"": 41.00313186645508}, {""token_id"": 15500, ""token"": ""¯"", ""value"": 41.00715255737305}]",187,"
",1,0.08578622341156006,0.0014872252941131592,0.017488479614257812,0.5448950529098511,"[{""token_id"": 187, ""token"": ""\n"", ""value"": 0.08578622341156006}, {""token_id"": 13, ""token"": "","", ""value"": 0.0842989981174469}, {""token_id"": 15, ""token"": ""."", ""value"": 0.047979336231946945}, {""token_id"": 310, ""token"": "" is"", ""value"": 0.03325473144650459}, {""token_id"": 313, ""token"": "" ("", ""value"": 0.027124926447868347}]",True,False,False,0.6027048155665398
step13000,1024,1280,1280,0,29104, repetitive,16,0.9516428709030151,0.9516428709030151,0.0,0.9339938163757324,41.219940185546875,41741,escap,1,0.18877264857292175,0.8112273514270782,0.019830480217933655,"[{""token_id"": 41741, ""token"": ""escap"", ""value"": 0.18877264857292175}, {""token_id"": 5113, ""token"": "" objects"", ""value"": 0.1689421683549881}, {""token_id"": 34458, ""token"": ""540"", ""value"": 0.167908176779747}, {""token_id"": 42429, ""token"": ""dataset"", ""value"": 0.16601835191249847}, {""token_id"": 15500, ""token"": ""¯"", ""value"": 0.16453081369400024}]",41741,escap,1,40.96492385864258,0.03478240966796875,0.0008490778547030188,"[{""token_id"": 41741, ""token"": ""escap"", ""value"": 40.96492385864258}, {""token_id"": 5113, ""token"": "" objects"", ""value"": 40.99970626831055}, {""token_id"": 34458, ""token"": ""540"", ""value"": 41.000267028808594}, {""token_id"": 42429, ""token"": ""dataset"", ""value"": 41.00312805175781}, {""token_id"": 15500, ""token"": ""¯"", ""value"": 41.00714874267578}]",187,"
",1,0.08578624576330185,0.0014872252941131592,0.017488479614257812,0.5448949337005615,"[{""token_id"": 187, ""token"": ""\n"", ""value"": 0.08578624576330185}, {""token_id"": 13, ""token"": "","", ""value"": 0.08429902046918869}, {""token_id"": 15, ""token"": ""."", ""value"": 0.04797929525375366}, {""token_id"": 310, ""token"": "" is"", ""value"": 0.033254675567150116}, {""token_id"": 313, ""token"": "" ("", ""value"": 0.027124959975481033}]",True,False,False,0.5684836246073246
step13000,1024,1280,1280,1,10020, semi,112,0.9516426920890808,0.9516426920890808,0.0,0.9339969754219055,41.21994400024414,41741,escap,1,0.18877270817756653,0.8112272918224335,0.019830524921417236,"[{""token_id"": 41741, ""token"": ""escap"", ""value"": 0.18877270817756653}, {""token_id"": 5113, ""token"": "" objects"", ""value"": 0.1689421832561493}, {""token_id"": 34458, ""token"": ""540"", ""value"": 0.1679081916809082}, {""token_id"": 42429, ""token"": ""dataset"", ""value"": 0.16601838171482086}, {""token_id"": 15500, ""token"": ""¯"", ""value"": 0.16453081369400024}]",41741,escap,1,40.964927673339844,0.03478240966796875,0.0008490777756359935,"[{""token_id"": 41741, ""token"": ""escap"", ""value"": 40.964927673339844}, {""token_id"": 5113, ""token"": "" objects"", ""value"": 40.99971008300781}, {""token_id"": 34458, ""token"": ""540"", ""value"": 41.00027084350586}, {""token_id"": 42429, ""token"": ""dataset"", ""value"": 41.00313186645508}, {""token_id"": 15500, ""token"": ""¯"", ""value"": 41.00715255737305}]",187,"
",1,0.08578618615865707,0.001487143337726593,0.017487525939941406,0.5448949337005615,"[{""token_id"": 187, ""token"": ""\n"", ""value"": 0.08578618615865707}, {""token_id"": 13, ""token"": "","", ""value"": 0.08429904282093048}, {""token_id"": 15, ""token"": ""."", ""value"": 0.047979358583688736}, {""token_id"": 310, ""token"": "" is"", ""value"": 0.03325468674302101}, {""token_id"": 313, ""token"": "" ("", ""value"": 0.02712494321167469}]",True,False,False,0.6020916812121868
step13000,1024,1280,1280,2,1941, evidence,284,0.9516417980194092,0.9516417980194092,0.0,0.9339936971664429,41.219940185546875,41741,escap,1,0.18877264857292175,0.8112273514270782,0.019830510020256042,"[{""token_id"": 41741, ""token"": ""escap"", ""value"": 0.18877264857292175}, {""token_id"": 5113, ""token"": "" objects"", ""value"": 0.1689421385526657}, {""token_id"": 34458, ""token"": ""540"", ""value"": 0.167908176779747}, {""token_id"": 42429, ""token"": ""dataset"", ""value"": 0.16601836681365967}, {""token_id"": 15500, ""token"": ""¯"", ""value"": 0.16453079879283905}]",41741,escap,1,40.96492385864258,0.03478240966796875,0.0008490778547030188,"[{""token_id"": 41741, ""token"": ""escap"", ""value"": 40.96492385864258}, {""token_id"": 5113, ""token"": "" objects"", ""value"": 40.99970626831055}, {""token_id"": 34458, ""token"": ""540"", ""value"": 41.000267028808594}, {""token_id"": 42429, ""token"": ""dataset"", ""value"": 41.00312805175781}, {""token_id"": 15500, ""token"": ""¯"", ""value"": 41.00714874267578}]",187,"
",1,0.08578629791736603,0.001487232744693756,0.017488479614257812,0.5448948740959167,"[{""token_id"": 187, ""token"": ""\n"", ""value"": 0.08578629791736603}, {""token_id"": 13, ""token"": "","", ""value"": 0.08429906517267227}, {""token_id"": 15, ""token"": ""."", ""value"": 0.04797928407788277}, {""token_id"": 310, ""token"": "" is"", ""value"": 0.033254727721214294}, {""token_id"": 313, ""token"": "" ("", ""value"": 0.02712494693696499}]",True,False,False,0.6037632375955582
step13000,1024,1280,1280,3,38730, orientations,4,0.9516463279724121,0.9516463279724121,0.0,0.933994710445404,41.219940185546875,41741,escap,1,0.18877266347408295,0.811227336525917,0.01983049511909485,"[{""token_id"": 41741, ""token"": ""escap"", ""value"": 0.18877266347408295}, {""token_id"": 5113, ""token"": "" objects"", ""value"": 0.1689421683549881}, {""token_id"": 34458, ""token"": ""540"", ""value"": 0.16790816187858582}, {""token_id"": 42429, ""token"": ""dataset"", ""value"": 0.16601835191249847}, {""token_id"": 15500, ""token"": ""¯"", ""value"": 0.16453076899051666}]",41741,escap,1,40.96492385864258,0.03478240966796875,0.0008490778547030188,"[{""token_id"": 41741, ""token"": ""escap"", ""value"": 40.96492385864258}, {""token_id"": 5113, ""token"": "" objects"", ""value"": 40.99970626831055}, {""token_id"": 34458, ""token"": ""540"", ""value"": 41.000267028808594}, {""token_id"": 42429, ""token"": ""dataset"", ""value"": 41.00312805175781}, {""token_id"": 15500, ""token"": ""¯"", ""value"": 41.00714874267578}]",187,"
",1,0.08578620851039886,0.0014872252941131592,0.017488479614257812,0.5448949337005615,"[{""token_id"": 187, ""token"": ""\n"", ""value"": 0.08578620851039886}, {""token_id"": 13, ""token"": "","", ""value"": 0.0842989832162857}, {""token_id"": 15, ""token"": ""."", ""value"": 0.04797936975955963}, {""token_id"": 310, ""token"": "" is"", ""value"": 0.033254727721214294}, {""token_id"": 313, ""token"": "" ("", ""value"": 0.027124948799610138}]",True,False,False,0.6049797423183918
step13000,1280,1536,1536,0,29104, repetitive,16,0.9516457319259644,0.9516457319259644,0.0,0.93399578332901,41.21994400024414,41741,escap,1,0.18877266347408295,0.811227336525917,0.019830510020256042,"[{""token_id"": 41741, ""token"": ""escap"", ""value"": 0.18877266347408295}, {""token_id"": 5113, ""token"": "" objects"", ""value"": 0.1689421534538269}, {""token_id"": 34458, ""token"": ""540"", ""value"": 0.16790816187858582}, {""token_id"": 42429, ""token"": ""dataset"", ""value"": 0.16601835191249847}, {""token_id"": 15500, ""token"": ""¯"", ""value"": 0.16453076899051666}]",41741,escap,1,40.964927673339844,0.03478240966796875,0.0008490777756359935,"[{""token_id"": 41741, ""token"": ""escap"", ""value"": 40.964927673339844}, {""token_id"": 5113, ""token"": "" objects"", ""value"": 40.99971008300781}, {""token_id"": 34458, ""token"": ""540"", ""value"": 41.00027084350586}, {""token_id"": 42429, ""token"": ""dataset"", ""value"": 41.00313186645508}, {""token_id"": 15500, ""token"": ""¯"", ""value"": 41.00715255737305}]",187,"
",1,0.0857861265540123,0.0014869868755340576,0.017485618591308594,0.5448949337005615,"[{""token_id"": 187, ""token"": ""\n"", ""value"": 0.0857861265540123}, {""token_id"": 13, ""token"": "","", ""value"": 0.08429913967847824}, {""token_id"": 15, ""token"": ""."", ""value"": 0.04797928035259247}, {""token_id"": 310, ""token"": "" is"", ""value"": 0.033254727721214294}, {""token_id"": 313, ""token"": "" ("", ""value"": 0.02712494507431984}]",True,False,False,0.5931248515844345
step13000,1280,1536,1536,1,10020, semi,112,0.9516417384147644,0.9516417384147644,0.0,0.9339919090270996,41.21994400024414,41741,escap,1,0.18877269327640533,0.8112273067235947,0.019830554723739624,"[{""token_id"": 41741, ""token"": ""escap"", ""value"": 0.18877269327640533}, {""token_id"": 5113, ""token"": "" objects"", ""value"": 0.1689421385526657}, {""token_id"": 34458, ""token"": ""540"", ""value"": 0.16790816187858582}, {""token_id"": 42429, ""token"": ""dataset"", ""value"": 0.16601836681365967}, {""token_id"": 15500, ""token"": ""¯"", ""value"": 0.16453079879283905}]",41741,escap,1,40.964927673339844,0.03478240966796875,0.0008490777756359935,"[{""token_id"": 41741, ""token"": ""escap"", ""value"": 40.964927673339844}, {""token_id"": 5113, ""token"": "" objects"", ""value"": 40.99971008300781}, {""token_id"": 34458, ""token"": ""540"", ""value"": 41.00027084350586}, {""token_id"": 42429, ""token"": ""dataset"", ""value"": 41.00313186645508}, {""token_id"": 15500, ""token"": ""¯"", ""value"": 41.00715255737305}]",187,"
",1,0.0857861265540123,0.00148715078830719,0.017487525939941406,0.5448949337005615,"[{""token_id"": 187, ""token"": ""\n"", ""value"": 0.0857861265540123}, {""token_id"": 13, ""token"": "","", ""value"": 0.08429897576570511}, {""token_id"": 15, ""token"": ""."", ""value"": 0.04797937348484993}, {""token_id"": 310, ""token"": "" is"", ""value"": 0.033254727721214294}, {""token_id"": 313, ""token"": "" ("", ""value"": 0.02712494507431984}]",True,False,False,0.645009845495224
step13000,1280,1536,1536,2,1941, evidence,284,0.9516416192054749,0.9516416192054749,0.0,0.9339951872825623,41.219940185546875,41741,escap,1,0.18877267837524414,0.8112273216247559,0.019830524921417236,"[{""token_id"": 41741, ""token"": ""escap"", ""value"": 0.18877267837524414}, {""token_id"": 5113, ""token"": "" objects"", ""value"": 0.1689421534538269}, {""token_id"": 34458, ""token"": ""540"", ""value"": 0.167908176779747}, {""token_id"": 42429, ""token"": ""dataset"", ""value"": 0.16601836681365967}, {""token_id"": 15500, ""token"": ""¯"", ""value"": 0.16453079879283905}]",41741,escap,1,40.96492385864258,0.03478240966796875,0.0008490778547030188,"[{""token_id"": 41741, ""token"": ""escap"", ""value"": 40.96492385864258}, {""token_id"": 5113, ""token"": "" objects"", ""value"": 40.99970626831055}, {""token_id"": 34458, ""token"": ""540"", ""value"": 41.000267028808594}, {""token_id"": 42429, ""token"": ""dataset"", ""value"": 41.00312805175781}, {""token_id"": 15500, ""token"": ""¯"", ""value"": 41.00714874267578}]",187,"
",1,0.08578621596097946,0.0014872252941131592,0.017488479614257812,0.5448949337005615,"[{""token_id"": 187, ""token"": ""\n"", ""value"": 0.08578621596097946}, {""token_id"": 13, ""token"": "","", ""value"": 0.0842989906668663}, {""token_id"": 15, ""token"": ""."", ""value"": 0.04797937348484993}, {""token_id"": 310, ""token"": "" is"", ""value"": 0.03325469791889191}, {""token_id"": 313, ""token"": "" ("", ""value"": 0.027124950662255287}]",True,False,False,0.581710934638977
step13000,1280,1536,1536,3,38730, orientations,4,0.9516468644142151,0.9516468644142151,0.0,0.9339950084686279,41.219940185546875,41741,escap,1,0.18877267837524414,0.8112273216247559,0.01983049511909485,"[{""token_id"": 41741, ""token"": ""escap"", ""value"": 0.18877267837524414}, {""token_id"": 5113, ""token"": "" objects"", ""value"": 0.1689421832561493}, {""token_id"": 34458, ""token"": ""540"", ""value"": 0.167908176779747}, {""token_id"": 42429, ""token"": ""dataset"", ""value"": 0.16601839661598206}, {""token_id"": 15500, ""token"": ""¯"", ""value"": 0.16453081369400024}]",41741,escap,1,40.964927673339844,0.034778594970703125,0.0008489846545814162,"[{""token_id"": 41741, ""token"": ""escap"", ""value"": 40.964927673339844}, {""token_id"": 5113, ""token"": "" objects"", ""value"": 40.99970626831055}, {""token_id"": 34458, ""token"": ""540"", ""value"": 41.000267028808594}, {""token_id"": 42429, ""token"": ""dataset"", ""value"": 41.00313186645508}, {""token_id"": 15500, ""token"": ""¯"", ""value"": 41.00715255737305}]",187,"
",1,0.08578614145517349,0.00148715078830719,0.017487525939941406,0.5448949337005615,"[{""token_id"": 187, ""token"": ""\n"", ""value"": 0.08578614145517349}, {""token_id"": 13, ""token"": "","", ""value"": 0.0842989906668663}, {""token_id"": 15, ""token"": ""."", ""value"": 0.04797932878136635}, {""token_id"": 310, ""token"": "" is"", ""value"": 0.03325469791889191}, {""token_id"": 313, ""token"": "" ("", ""value"": 0.027124950662255287}]",True,False,False,0.5948535650968552
step13000,1536,1792,1792,0,29104, repetitive,16,0.9516440033912659,0.9516440033912659,0.0,0.933993399143219,41.21994400024414,41741,escap,1,0.18877267837524414,0.8112273216247559,0.01983053982257843,"[{""token_id"": 41741, ""token"": ""escap"", ""value"": 0.18877267837524414}, {""token_id"": 5113, ""token"": "" objects"", ""value"": 0.1689421385526657}, {""token_id"": 34458, ""token"": ""540"", ""value"": 0.167908176779747}, {""token_id"": 42429, ""token"": ""dataset"", ""value"": 0.16601836681365967}, {""token_id"": 15500, ""token"": ""¯"", ""value"": 0.16453079879283905}]",41741,escap,1,40.96493148803711,0.034778594970703125,0.0008489845755230772,"[{""token_id"": 41741, ""token"": ""escap"", ""value"": 40.96493148803711}, {""token_id"": 5113, ""token"": "" objects"", ""value"": 40.99971008300781}, {""token_id"": 34458, ""token"": ""540"", ""value"": 41.00027084350586}, {""token_id"": 42429, ""token"": ""dataset"", ""value"": 41.00313186645508}, {""token_id"": 15500, ""token"": ""¯"", ""value"": 41.00715255737305}]",187,"
",1,0.08578619360923767,0.001487143337726593,0.017487525939941406,0.5448949337005615,"[{""token_id"": 187, ""token"": ""\n"", ""value"": 0.08578619360923767}, {""token_id"": 13, ""token"": "","", ""value"": 0.08429905027151108}, {""token_id"": 15, ""token"": ""."", ""value"": 0.047979362308979034}, {""token_id"": 310, ""token"": "" is"", ""value"": 0.03325469046831131}, {""token_id"": 313, ""token"": "" ("", ""value"": 0.02712496742606163}]",True,False,False,0.5628998540341854
step13000,1536,1792,1792,1,10020, semi,112,0.9516421556472778,0.9516421556472778,0.0,0.933993399143219,41.21994400024414,41741,escap,1,0.18877267837524414,0.8112273216247559,0.019830510020256042,"[{""token_id"": 41741, ""token"": ""escap"", ""value"": 0.18877267837524414}, {""token_id"": 5113, ""token"": "" objects"", ""value"": 0.1689421683549881}, {""token_id"": 34458, ""token"": ""540"", ""value"": 0.16790813207626343}, {""token_id"": 42429, ""token"": ""dataset"", ""value"": 0.16601835191249847}, {""token_id"": 15500, ""token"": ""¯"", ""value"": 0.16453079879283905}]",41741,escap,1,40.96493148803711,0.034778594970703125,0.0008489845755230772,"[{""token_id"": 41741, ""token"": ""escap"", ""value"": 40.96493148803711}, {""token_id"": 5113, ""token"": "" objects"", ""value"": 40.99971008300781}, {""token_id"": 34458, ""token"": ""540"", ""value"": 41.00027084350586}, {""token_id"": 42429, ""token"": ""dataset"", ""value"": 41.00313186645508}, {""token_id"": 15500, ""token"": ""¯"", ""value"": 41.00715255737305}]",187,"
",1,0.08578619360923767,0.0014872252941131592,0.017488479614257812,0.5448949337005615,"[{""token_id"": 187, ""token"": ""\n"", ""value"": 0.08578619360923767}, {""token_id"": 13, ""token"": "","", ""value"": 0.08429896831512451}, {""token_id"": 15, ""token"": ""."", ""value"": 0.047979410737752914}, {""token_id"": 310, ""token"": "" is"", ""value"": 0.0332547202706337}, {""token_id"": 313, ""token"": "" ("", ""value"": 0.02712494507431984}]",True,False,False,0.5724288262426853
step13000,1536,1792,1792,2,1941, evidence,284,0.9516417980194092,0.9516417980194092,0.0,0.9339936375617981,41.219940185546875,41741,escap,1,0.18877264857292175,0.8112273514270782,0.019830480217933655,"[{""token_id"": 41741, ""token"": ""escap"", ""value"": 0.18877264857292175}, {""token_id"": 5113, ""token"": "" objects"", ""value"": 0.1689421683549881}, {""token_id"": 34458, ""token"": ""540"", ""value"": 0.167908176779747}, {""token_id"": 42429, ""token"": ""dataset"", ""value"": 0.16601836681365967}, {""token_id"": 15500, ""token"": ""¯"", ""value"": 0.16453081369400024}]",41741,escap,1,40.964927673339844,0.034778594970703125,0.0008489846545814162,"[{""token_id"": 41741, ""token"": ""escap"", ""value"": 40.964927673339844}, {""token_id"": 5113, ""token"": "" objects"", ""value"": 40.99970626831055}, {""token_id"": 34458, ""token"": ""540"", ""value"": 41.000267028808594}, {""token_id"": 42429, ""token"": ""dataset"", ""value"": 41.00313186645508}, {""token_id"": 15500, ""token"": ""¯"", ""value"": 41.00715255737305}]",187,"
",1,0.08578620105981827,0.0014870688319206238,0.017486572265625,0.5448948740959167,"[{""token_id"": 187, ""token"": ""\n"", ""value"": 0.08578620105981827}, {""token_id"": 13, ""token"": "","", ""value"": 0.08429913222789764}, {""token_id"": 15, ""token"": ""."", ""value"": 0.04797932505607605}, {""token_id"": 310, ""token"": "" is"", ""value"": 0.03325469419360161}, {""token_id"": 313, ""token"": "" ("", ""value"": 0.02712491899728775}]",True,False,False,0.5851858891546726
step13000,1536,1792,1792,3,38730, orientations,4,0.9516435265541077,0.9516435265541077,0.0,0.9339931607246399,41.21994400024414,41741,escap,1,0.18877264857292175,0.8112273514270782,0.01983049511909485,"[{""token_id"": 41741, ""token"": ""escap"", ""value"": 0.18877264857292175}, {""token_id"": 5113, ""token"": "" objects"", ""value"": 0.1689421534538269}, {""token_id"": 34458, ""token"": ""540"", ""value"": 0.167908176779747}, {""token_id"": 42429, ""token"": ""dataset"", ""value"": 0.16601838171482086}, {""token_id"": 15500, ""token"": ""¯"", ""value"": 0.16453081369400024}]",41741,escap,1,40.964927673339844,0.03478240966796875,0.0008490777756359935,"[{""token_id"": 41741, ""token"": ""escap"", ""value"": 40.964927673339844}, {""token_id"": 5113, ""token"": "" objects"", ""value"": 40.99971008300781}, {""token_id"": 34458, ""token"": ""540"", ""value"": 41.00027084350586}, {""token_id"": 42429, ""token"": ""dataset"", ""value"": 41.00313186645508}, {""token_id"": 15500, ""token"": ""¯"", ""value"": 41.00715255737305}]",187,"
",1,0.0857861116528511,0.0014870688319206238,0.017486572265625,0.5448949337005615,"[{""token_id"": 187, ""token"": ""\n"", ""value"": 0.0857861116528511}, {""token_id"": 13, ""token"": "","", ""value"": 0.08429904282093048}, {""token_id"": 15, ""token"": ""."", ""value"": 0.047979313880205154}, {""token_id"": 310, ""token"": "" is"", ""value"": 0.033254753798246384}, {""token_id"": 313, ""token"": "" ("", ""value"": 0.02712494134902954}]",True,False,False,0.6670796349644661
step13000,1792,2048,2048,0,29104, repetitive,16,0.9516444802284241,0.9516444802284241,0.0,0.9339941143989563,41.21994400024414,41741,escap,1,0.18877267837524414,0.8112273216247559,0.019830510020256042,"[{""token_id"": 41741, ""token"": ""escap"", ""value"": 0.18877267837524414}, {""token_id"": 5113, ""token"": "" objects"", ""value"": 0.1689421683549881}, {""token_id"": 34458, ""token"": ""540"", ""value"": 0.16790816187858582}, {""token_id"": 42429, ""token"": ""dataset"", ""value"": 0.16601835191249847}, {""token_id"": 15500, ""token"": ""¯"", ""value"": 0.16453081369400024}]",41741,escap,1,40.964927673339844,0.03478240966796875,0.0008490777756359935,"[{""token_id"": 41741, ""token"": ""escap"", ""value"": 40.964927673339844}, {""token_id"": 5113, ""token"": "" objects"", ""value"": 40.99971008300781}, {""token_id"": 34458, ""token"": ""540"", ""value"": 41.00027084350586}, {""token_id"": 42429, ""token"": ""dataset"", ""value"": 41.00313186645508}, {""token_id"": 15500, ""token"": ""¯"", ""value"": 41.00715255737305}]",187,"
",1,0.08578626811504364,0.0014873147010803223,0.01748943328857422,0.5448948740959167,"[{""token_id"": 187, ""token"": ""\n"", ""value"": 0.08578626811504364}, {""token_id"": 13, ""token"": "","", ""value"": 0.08429895341396332}, {""token_id"": 15, ""token"": ""."", ""value"": 0.04797939956188202}, {""token_id"": 310, ""token"": "" is"", ""value"": 0.03325477987527847}, {""token_id"": 313, ""token"": "" ("", ""value"": 0.02712496742606163}]",True,False,False,0.6095435954630375
step13000,1792,2048,2048,1,10020, semi,112,0.9516440629959106,0.9516440629959106,0.0,0.9339931607246399,41.21994400024414,41741,escap,1,0.18877264857292175,0.8112273514270782,0.019830480217933655,"[{""token_id"": 41741, ""token"": ""escap"", ""value"": 0.18877264857292175}, {""token_id"": 5113, ""token"": "" objects"", ""value"": 0.1689421683549881}, {""token_id"": 34458, ""token"": ""540"", ""value"": 0.16790816187858582}, {""token_id"": 42429, ""token"": ""dataset"", ""value"": 0.16601838171482086}, {""token_id"": 15500, ""token"": ""¯"", ""value"": 0.16453078389167786}]",41741,escap,1,40.964927673339844,0.03478240966796875,0.0008490777756359935,"[{""token_id"": 41741, ""token"": ""escap"", ""value"": 40.964927673339844}, {""token_id"": 5113, ""token"": "" objects"", ""value"": 40.99971008300781}, {""token_id"": 34458, ""token"": ""540"", ""value"": 41.00027084350586}, {""token_id"": 42429, ""token"": ""dataset"", ""value"": 41.00313186645508}, {""token_id"": 15500, ""token"": ""¯"", ""value"": 41.00715255737305}]",187,"
",1,0.08578620851039886,0.0014872252941131592,0.017488479614257812,0.5448949337005615,"[{""token_id"": 187, ""token"": ""\n"", ""value"": 0.08578620851039886}, {""token_id"": 13, ""token"": "","", ""value"": 0.0842989832162857}, {""token_id"": 15, ""token"": ""."", ""value"": 0.04797932878136635}, {""token_id"": 310, ""token"": "" is"", ""value"": 0.03325469419360161}, {""token_id"": 313, ""token"": "" ("", ""value"": 0.027124973013997078}]",True,False,False,0.5698813833296299
step13000,1792,2048,2048,2,1941, evidence,284,0.9516433477401733,0.9516433477401733,0.0,0.9339937567710876,41.21994400024414,41741,escap,1,0.18877264857292175,0.8112273514270782,0.019830510020256042,"[{""token_id"": 41741, ""token"": ""escap"", ""value"": 0.18877264857292175}, {""token_id"": 5113, ""token"": "" objects"", ""value"": 0.1689421385526657}, {""token_id"": 34458, ""token"": ""540"", ""value"": 0.16790814697742462}, {""token_id"": 42429, ""token"": ""dataset"", ""value"": 0.16601836681365967}, {""token_id"": 15500, ""token"": ""¯"", ""value"": 0.16453079879283905}]",41741,escap,1,40.964927673339844,0.03478240966796875,0.0008490777756359935,"[{""token_id"": 41741, ""token"": ""escap"", ""value"": 40.964927673339844}, {""token_id"": 5113, ""token"": "" objects"", ""value"": 40.99971008300781}, {""token_id"": 34458, ""token"": ""540"", ""value"": 41.00027084350586}, {""token_id"": 42429, ""token"": ""dataset"", ""value"": 41.00313186645508}, {""token_id"": 15500, ""token"": ""¯"", ""value"": 41.00715255737305}]",187,"
",1,0.08578620851039886,0.00148715078830719,0.017487525939941406,0.5448949337005615,"[{""token_id"": 187, ""token"": ""\n"", ""value"": 0.08578620851039886}, {""token_id"": 13, ""token"": "","", ""value"": 0.08429905772209167}, {""token_id"": 15, ""token"": ""."", ""value"": 0.04797927662730217}, {""token_id"": 310, ""token"": "" is"", ""value"": 0.033254727721214294}, {""token_id"": 313, ""token"": "" ("", ""value"": 0.027124973013997078}]",True,False,False,0.5772394202649593
step13000,1792,2048,2048,3,38730, orientations,4,0.9516425132751465,0.9516425132751465,0.0,0.933992326259613,41.219940185546875,41741,escap,1,0.18877267837524414,0.8112273216247559,0.019830510020256042,"[{""token_id"": 41741, ""token"": ""escap"", ""value"": 0.18877267837524414}, {""token_id"": 5113, ""token"": "" objects"", ""value"": 0.1689421683549881}, {""token_id"": 34458, ""token"": ""540"", ""value"": 0.167908176779747}, {""token_id"": 42429, ""token"": ""dataset"", ""value"": 0.16601839661598206}, {""token_id"": 15500, ""token"": ""¯"", ""value"": 0.16453081369400024}]",41741,escap,1,40.96492385864258,0.03478240966796875,0.0008490778547030188,"[{""token_id"": 41741, ""token"": ""escap"", ""value"": 40.96492385864258}, {""token_id"": 5113, ""token"": "" objects"", ""value"": 40.99970626831055}, {""token_id"": 34458, ""token"": ""540"", ""value"": 41.000267028808594}, {""token_id"": 42429, ""token"": ""dataset"", ""value"": 41.00312805175781}, {""token_id"": 15500, ""token"": ""¯"", ""value"": 41.00714874267578}]",187,"
",1,0.0857861340045929,0.00148715078830719,0.017487525939941406,0.5448949337005615,"[{""token_id"": 187, ""token"": ""\n"", ""value"": 0.0857861340045929}, {""token_id"": 13, ""token"": "","", ""value"": 0.0842989832162857}, {""token_id"": 15, ""token"": ""."", ""value"": 0.04797941818833351}, {""token_id"": 310, ""token"": "" is"", ""value"": 0.03325473144650459}, {""token_id"": 313, ""token"": "" ("", ""value"": 0.027124948799610138}]",True,False,False,0.5894341692328453
step21000,0,256,256,0,29104, repetitive,16,1.1570230722427368,1.1570230722427368,0.0,1.1254310607910156,46.13520812988281,20192, pathogen,1,0.1930106282234192,0.8069893717765808,0.007609054446220398,"[{""token_id"": 20192, ""token"": "" pathogen"", ""value"": 0.1930106282234192}, {""token_id"": 14106, ""token"": ""）"", ""value"": 0.1854015737771988}, {""token_id"": 8770, ""token"": "" behaviour"", ""value"": 0.18134601414203644}, {""token_id"": 49801, ""token"": "" creeping"", ""value"": 0.17984166741371155}, {""token_id"": 21734, ""token"": ""性"", ""value"": 0.1692204475402832}]",20192, pathogen,1,45.8671875,0.015979766845703125,0.00034839212336058595,"[{""token_id"": 20192, ""token"": "" pathogen"", ""value"": 45.8671875}, {""token_id"": 14106, ""token"": ""）"", ""value"": 45.8831672668457}, {""token_id"": 49801, ""token"": "" creeping"", ""value"": 45.88762283325195}, {""token_id"": 8770, ""token"": "" behaviour"", ""value"": 45.89145278930664}, {""token_id"": 21734, ""token"": ""性"", ""value"": 45.904823303222656}]",15,.,8666,0.15330103039741516,0.0825701653957367,0.7735214233398438,0.5187778472900391,"[{""token_id"": 15, ""token"": ""."", ""value"": 0.15330103039741516}, {""token_id"": 13, ""token"": "","", ""value"": 0.07073086500167847}, {""token_id"": 309, ""token"": "" I"", ""value"": 0.04178788140416145}, {""token_id"": 187, ""token"": ""\n"", ""value"": 0.030370790511369705}, {""token_id"": 3048, ""token"": "" link"", ""value"": 0.02459058351814747}]",True,False,False,0.5749085359275341
step21000,0,256,256,1,10020, semi,112,0.9958977103233337,0.9856123924255371,0.14276021718978882,0.9958977103233337,48.59510040283203,29780, beaches,23,0.16927044093608856,0.8307295590639114,0.0023728907108306885,"[{""token_id"": 29780, ""token"": "" beaches"", ""value"": 0.16927044093608856}, {""token_id"": 9420, ""token"": "" Academ"", ""value"": 0.16689755022525787}, {""token_id"": 44277, ""token"": ""80211"", ""value"": 0.16309085488319397}, {""token_id"": 34507, ""token"": "" aeros"", ""value"": 0.16126179695129395}, {""token_id"": 34415, ""token"": ""POINT"", ""value"": 0.15983887016773224}]",29780, beaches,23,48.360836029052734,0.0042724609375,8.834547307935955e-05,"[{""token_id"": 29780, ""token"": "" beaches"", ""value"": 48.360836029052734}, {""token_id"": 9420, ""token"": "" Academ"", ""value"": 48.365108489990234}, {""token_id"": 44277, ""token"": ""80211"", ""value"": 48.37592697143555}, {""token_id"": 14525, ""token"": "" overex"", ""value"": 48.37873840332031}, {""token_id"": 34507, ""token"": "" aeros"", ""value"": 48.38025665283203}]",13,",",2711,0.04545825719833374,0.0037335455417633057,0.08570098876953125,0.5920677185058594,"[{""token_id"": 13, ""token"": "","", ""value"": 0.04545825719833374}, {""token_id"": 209, ""token"": "" "", ""value"": 0.041724711656570435}, {""token_id"": 16974, ""token"": ""iste"", ""value"": 0.03554803133010864}, {""token_id"": 187, ""token"": ""\n"", ""value"": 0.030225206166505814}, {""token_id"": 86, ""token"": ""u"", ""value"": 0.023316171020269394}]",True,False,False,0.6187979057431221
step21000,0,256,256,2,1941, evidence,284,1.0385570526123047,1.0385570526123047,0.0,0.96809321641922,48.25090408325195,23748,ña,9,0.17688360810279846,0.8231163918972015,0.003085300326347351,"[{""token_id"": 23748, ""token"": ""ña"", ""value"": 0.17688360810279846}, {""token_id"": 12402, ""token"": ""¿"", ""value"": 0.1737983077764511}, {""token_id"": 37340, ""token"": ""mixed"", ""value"": 0.1704271286725998}, {""token_id"": 27356, ""token"": ""uras"", ""value"": 0.16969293355941772}, {""token_id"": 49921, ""token"": "" 636"", ""value"": 0.16202127933502197}]",23748,ña,9,48.0051383972168,0.00630950927734375,0.00013143403993830704,"[{""token_id"": 23748, ""token"": ""ña"", ""value"": 48.0051383972168}, {""token_id"": 12402, ""token"": ""¿"", ""value"": 48.01144790649414}, {""token_id"": 37340, ""token"": ""mixed"", ""value"": 48.016788482666016}, {""token_id"": 27356, ""token"": ""uras"", ""value"": 48.02030944824219}, {""token_id"": 26912, ""token"": ""Render"", ""value"": 48.03123092651367}]",187,"
",1,0.08231890201568604,0.0037649422883987427,0.046814918518066406,0.5116599798202515,"[{""token_id"": 187, ""token"": ""\n"", ""value"": 0.08231890201568604}, {""token_id"": 6273, ""token"": "" vote"", ""value"": 0.07855395972728729}, {""token_id"": 4327, ""token"": "" choice"", ""value"": 0.05974298343062401}, {""token_id"": 48957, ""token"": "" moderator"", ""value"": 0.048203565180301666}, {""token_id"": 313, ""token"": "" ("", ""value"": 0.03846702352166176}]",True,False,False,0.6030418686568737
step21000,0,256,256,3,38730, orientations,4,1.097908616065979,1.0972678661346436,0.03750276193022728,1.097908616065979,48.546546936035156,44114,元,0,0.18287838995456696,0.817121610045433,0.01000124216079712,"[{""token_id"": 44114, ""token"": ""元"", ""value"": 0.18287838995456696}, {""token_id"": 6700, ""token"": "" Mem"", ""value"": 0.17287714779376984}, {""token_id"": 18846, ""token"": ""obby"", ""value"": 0.1695072501897812}, {""token_id"": 24182, ""token"": ""esp"", ""value"": 0.16747167706489563}, {""token_id"": 20353, ""token"": ""タ"", ""value"": 0.16568386554718018}]",44114,元,0,48.292579650878906,0.012420654296875,0.00025719591677784704,"[{""token_id"": 44114, ""token"": ""元"", ""value"": 48.292579650878906}, {""token_id"": 6700, ""token"": "" Mem"", ""value"": 48.30500030517578}, {""token_id"": 18846, ""token"": ""obby"", ""value"": 48.311981201171875}, {""token_id"": 24182, ""token"": ""esp"", ""value"": 48.31644821166992}, {""token_id"": 20353, ""token"": ""タ"", ""value"": 48.31722640991211}]",187,"
",1,0.10431357473134995,0.036994874477386475,0.43796348571777344,0.523587703704834,"[{""token_id"": 187, ""token"": ""\n"", ""value"": 0.10431357473134995}, {""token_id"": 346, ""token"": "" \"""", ""value"": 0.06731870025396347}, {""token_id"": 15, ""token"": ""."", ""value"": 0.046542689204216}, {""token_id"": 13, ""token"": "","", ""value"": 0.033401377499103546}, {""token_id"": 278, ""token"": "" m"", ""value"": 0.027706272900104523}]",True,False,False,0.5788906626403332
step21000,256,512,512,0,29104, repetitive,16,1.0198460817337036,1.0189619064331055,0.04245764762163162,1.0198460817337036,45.127620697021484,5362, scen,1,0.19573889672756195,0.804261103272438,0.02981261909008026,"[{""token_id"": 5362, ""token"": "" scen"", ""value"": 0.19573889672756195}, {""token_id"": 28759, ""token"": ""ochrom"", ""value"": 0.1659262776374817}, {""token_id"": 3318, ""token"": "" $$"", ""value"": 0.16430020332336426}, {""token_id"": 45631, ""token"": "" év"", ""value"": 0.16292166709899902}, {""token_id"": 49153, ""token"": ""Evidence"", ""value"": 0.16072474420070648}]",5362, scen,1,44.86088562011719,0.042621612548828125,0.0009500840645400702,"[{""token_id"": 5362, ""token"": "" scen"", ""value"": 44.86088562011719}, {""token_id"": 28759, ""token"": ""ochrom"", ""value"": 44.903507232666016}, {""token_id"": 49153, ""token"": ""Evidence"", ""value"": 44.907962799072266}, {""token_id"": 45631, ""token"": "" év"", ""value"": 44.90803527832031}, {""token_id"": 256, ""token"": "" s"", ""value"": 44.92205810546875}]",13,",",2711,0.09050297737121582,0.03577892482280731,0.5030794143676758,0.5781729221343994,"[{""token_id"": 13, ""token"": "","", ""value"": 0.09050297737121582}, {""token_id"": 387, ""token"": "" at"", ""value"": 0.05472405254840851}, {""token_id"": 187, ""token"": ""\n"", ""value"": 0.03492872789502144}, {""token_id"": 390, ""token"": "" or"", ""value"": 0.023292548954486847}, {""token_id"": 407, ""token"": "" by"", ""value"": 0.02145206555724144}]",True,False,False,0.5738296955823898
step21000,256,512,512,1,10020, semi,112,1.0017385482788086,0.9990934133529663,0.07274904102087021,1.0017385482788086,44.873146057128906,2573,DE,2,0.18450362980365753,0.8154963701963425,0.0015647858381271362,"[{""token_id"": 2573, ""token"": ""DE"", ""value"": 0.18450362980365753}, {""token_id"": 28968, ""token"": ""Volume"", ""value"": 0.1829388439655304}, {""token_id"": 14203, ""token"": "" hanging"", ""value"": 0.18055979907512665}, {""token_id"": 18600, ""token"": "" declar"", ""value"": 0.17751646041870117}, {""token_id"": 41677, ""token"": ""selective"", ""value"": 0.164554163813591}]",2573,DE,2,44.61720657348633,0.005290985107421875,0.00011858620280737232,"[{""token_id"": 2573, ""token"": ""DE"", ""value"": 44.61720657348633}, {""token_id"": 28968, ""token"": ""Volume"", ""value"": 44.62249755859375}, {""token_id"": 14203, ""token"": "" hanging"", ""value"": 44.62699890136719}, {""token_id"": 18600, ""token"": "" declar"", ""value"": 44.63229751586914}, {""token_id"": 41677, ""token"": ""selective"", ""value"": 44.65068817138672}]",187,"
",1,0.07088002562522888,0.03408315032720566,0.6555757522583008,0.5949023962020874,"[{""token_id"": 187, ""token"": ""\n"", ""value"": 0.07088002562522888}, {""token_id"": 1040, ""token"": "" |"", ""value"": 0.036796875298023224}, {""token_id"": 15, ""token"": ""."", ""value"": 0.03223145380616188}, {""token_id"": 686, ""token"": "" '"", ""value"": 0.03170032426714897}, {""token_id"": 13, ""token"": "","", ""value"": 0.018695879727602005}]",True,False,False,0.604363214224577
step21000,256,512,512,2,1941, evidence,284,1.0500587224960327,1.049804925918579,0.023084565997123718,1.0500587224960327,45.860965728759766,21734,性,0,0.19208958745002747,0.8079104125499725,0.02081148326396942,"[{""token_id"": 21734, ""token"": ""性"", ""value"": 0.19208958745002747}, {""token_id"": 48288, ""token"": "" FIR"", ""value"": 0.17127810418605804}, {""token_id"": 1609, ""token"": "" occ"", ""value"": 0.170882448554039}, {""token_id"": 42770, ""token"": "" Charge"", ""value"": 0.16109156608581543}, {""token_id"": 20837, ""token"": ""assium"", ""value"": 0.1586938202381134}]",21734,性,0,45.59617233276367,0.029254913330078125,0.0006416089735904577,"[{""token_id"": 21734, ""token"": ""性"", ""value"": 45.59617233276367}, {""token_id"": 1609, ""token"": "" occ"", ""value"": 45.62542724609375}, {""token_id"": 48288, ""token"": "" FIR"", ""value"": 45.6284294128418}, {""token_id"": 42770, ""token"": "" Charge"", ""value"": 45.64311599731445}, {""token_id"": 39218, ""token"": "" Tissue"", ""value"": 45.64570236206055}]",187,"
",1,0.1105857789516449,0.03833302855491638,0.42562103271484375,0.4950941205024719,"[{""token_id"": 187, ""token"": ""\n"", ""value"": 0.1105857789516449}, {""token_id"": 15, ""token"": ""."", ""value"": 0.07225275039672852}, {""token_id"": 273, ""token"": "" of"", ""value"": 0.0541815310716629}, {""token_id"": 85, ""token"": ""t"", ""value"": 0.048969801515340805}, {""token_id"": 289, ""token"": "" th"", ""value"": 0.027828067541122437}]",True,False,False,0.6074411235749722
step21000,256,512,512,3,38730, orientations,4,1.0533945560455322,1.0533945560455322,0.0,0.9869848489761353,45.28272247314453,24326,theme,0,0.19139818847179413,0.8086018115282059,0.018719077110290527,"[{""token_id"": 24326, ""token"": ""theme"", ""value"": 0.19139818847179413}, {""token_id"": 13157, ""token"": "" modul"", ""value"": 0.1726791113615036}, {""token_id"": 12722, ""token"": ""disc"", ""value"": 0.1721881926059723}, {""token_id"": 26676, ""token"": "" GABA"", ""value"": 0.16581358015537262}, {""token_id"": 39843, ""token"": "" violently"", ""value"": 0.1647515743970871}]",24326,theme,0,45.018943786621094,0.02506256103515625,0.0005567114402760475,"[{""token_id"": 24326, ""token"": ""theme"", ""value"": 45.018943786621094}, {""token_id"": 13157, ""token"": "" modul"", ""value"": 45.04400634765625}, {""token_id"": 12722, ""token"": ""disc"", ""value"": 45.045902252197266}, {""token_id"": 39843, ""token"": "" violently"", ""value"": 45.058677673339844}, {""token_id"": 15673, ""token"": "" modulation"", ""value"": 45.05916976928711}]",13,",",2711,0.034177955240011215,0.004111276939511299,0.12816333770751953,0.621124804019928,"[{""token_id"": 13, ""token"": "","", ""value"": 0.034177955240011215}, {""token_id"": 187, ""token"": ""\n"", ""value"": 0.030066678300499916}, {""token_id"": 31249, ""token"": ""IRT"", ""value"": 0.020475827157497406}, {""token_id"": 19976, ""token"": ""ETHOD"", ""value"": 0.01833571121096611}, {""token_id"": 15, ""token"": ""."", ""value"": 0.016975007951259613}]",True,False,False,0.5945543274283409
step21000,512,768,768,0,29104, repetitive,16,1.001457691192627,0.9937444925308228,0.12405384331941605,1.001457691192627,44.448734283447266,15673, modulation,2,0.1737571805715561,0.8262428194284439,0.009426474571228027,"[{""token_id"": 15673, ""token"": "" modulation"", ""value"": 0.1737571805715561}, {""token_id"": 4367, ""token"": "" files"", ""value"": 0.16433070600032806}, {""token_id"": 18049, ""token"": ""vid"", ""value"": 0.16405241191387177}, {""token_id"": 4039, ""token"": ""cho"", ""value"": 0.16375276446342468}, {""token_id"": 24326, ""token"": ""theme"", ""value"": 0.1612969934940338}]",15673, modulation,2,44.2090950012207,0.01367950439453125,0.00030942737900772525,"[{""token_id"": 15673, ""token"": "" modulation"", ""value"": 44.2090950012207}, {""token_id"": 18049, ""token"": ""vid"", ""value"": 44.222774505615234}, {""token_id"": 4039, ""token"": ""cho"", ""value"": 44.22358322143555}, {""token_id"": 21970, ""token"": ""volume"", ""value"": 44.23084259033203}, {""token_id"": 24326, ""token"": ""theme"", ""value"": 44.23095703125}]",187,"
",1,0.0764831006526947,0.03437856584787369,0.5969142913818359,0.5868270993232727,"[{""token_id"": 187, ""token"": ""\n"", ""value"": 0.0764831006526947}, {""token_id"": 3, ""token"": ""\"""", ""value"": 0.042104534804821014}, {""token_id"": 47503, ""token"": ""CAS"", ""value"": 0.01643557660281658}, {""token_id"": 50276, ""token"": ""  "", ""value"": 0.014636128209531307}, {""token_id"": 15, ""token"": ""."", ""value"": 0.013973737135529518}]",True,False,False,0.6087468639016151
step21000,512,768,768,1,10020, semi,112,1.0804816484451294,1.075722336769104,0.10130169987678528,1.0804816484451294,46.06367111206055,49667, atherosclerotic,0,0.18907810747623444,0.8109218925237656,0.0027317553758621216,"[{""token_id"": 49667, ""token"": "" atherosclerotic"", ""value"": 0.18907810747623444}, {""token_id"": 17494, ""token"": ""settings"", ""value"": 0.18634635210037231}, {""token_id"": 20192, ""token"": "" pathogen"", ""value"": 0.16949817538261414}, {""token_id"": 44213, ""token"": "" shack"", ""value"": 0.16827717423439026}, {""token_id"": 3634, ""token"": "" context"", ""value"": 0.16585470736026764}]",49667, atherosclerotic,0,45.80226516723633,0.005367279052734375,0.0001171837033198468,"[{""token_id"": 49667, ""token"": "" atherosclerotic"", ""value"": 45.80226516723633}, {""token_id"": 17494, ""token"": ""settings"", ""value"": 45.80763244628906}, {""token_id"": 20192, ""token"": "" pathogen"", ""value"": 45.831459045410156}, {""token_id"": 44213, ""token"": "" shack"", ""value"": 45.832332611083984}, {""token_id"": 3634, ""token"": "" context"", ""value"": 45.837852478027344}]",15,.,8666,0.1191527470946312,0.03535124659538269,0.3519554138183594,0.5456467866897583,"[{""token_id"": 15, ""token"": ""."", ""value"": 0.1191527470946312}, {""token_id"": 187, ""token"": ""\n"", ""value"": 0.0838015004992485}, {""token_id"": 309, ""token"": "" I"", ""value"": 0.04221973568201065}, {""token_id"": 13, ""token"": "","", ""value"": 0.02713257074356079}, {""token_id"": 864, ""token"": ""hen"", ""value"": 0.017841925844550133}]",True,False,False,0.5992883108556271
step21000,512,768,768,2,1941, evidence,284,1.0278056859970093,1.0223734378814697,0.10553258657455444,1.0278056859970093,45.83877182006836,8104, attacks,173,0.16783441603183746,0.8321655839681625,0.0031360238790512085,"[{""token_id"": 8104, ""token"": "" attacks"", ""value"": 0.16783441603183746}, {""token_id"": 42972, ""token"": ""FV"", ""value"": 0.16469839215278625}, {""token_id"": 23369, ""token"": ""VERT"", ""value"": 0.1577790379524231}, {""token_id"": 18278, ""token"": ""FM"", ""value"": 0.157224640250206}, {""token_id"": 12426, ""token"": ""session"", ""value"": 0.15164141356945038}]",8104, attacks,173,45.61143493652344,0.008029937744140625,0.00017605097834163155,"[{""token_id"": 8104, ""token"": "" attacks"", ""value"": 45.61143493652344}, {""token_id"": 42972, ""token"": ""FV"", ""value"": 45.61946487426758}, {""token_id"": 23369, ""token"": ""VERT"", ""value"": 45.62549591064453}, {""token_id"": 18278, ""token"": ""FM"", ""value"": 45.62691116333008}, {""token_id"": 31876, ""token"": ""broad"", ""value"": 45.63505554199219}]",32,?,0,0.05261215940117836,0.011880610138177872,0.25594425201416016,0.5761111378669739,"[{""token_id"": 32, ""token"": ""?"", ""value"": 0.05261215940117836}, {""token_id"": 13348, ""token"": """", ""value"": 0.04073154926300049}, {""token_id"": 1051, ""token"": ""..."", ""value"": 0.035804782062768936}, {""token_id"": 187, ""token"": ""\n"", ""value"": 0.02879105508327484}, {""token_id"": 313, ""token"": "" ("", ""value"": 0.02690856344997883}]",True,False,False,0.615796398371458
step21000,512,768,768,3,38730, orientations,4,1.0389808416366577,1.0389808416366577,0.0,1.0178409814834595,46.41024398803711,24326,theme,0,0.21201294660568237,0.7879870533943176,0.04030708968639374,"[{""token_id"": 24326, ""token"": ""theme"", ""value"": 0.21201294660568237}, {""token_id"": 20969, ""token"": ""events"", ""value"": 0.17170585691928864}, {""token_id"": 5281, ""token"": "" shape"", ""value"": 0.1695989966392517}, {""token_id"": 4367, ""token"": "" files"", ""value"": 0.16855397820472717}, {""token_id"": 2670, ""token"": "" site"", ""value"": 0.16225822269916534}]",24326,theme,0,46.11466598510742,0.06128692626953125,0.0013290116053171384,"[{""token_id"": 24326, ""token"": ""theme"", ""value"": 46.11466598510742}, {""token_id"": 20969, ""token"": ""events"", ""value"": 46.17595291137695}, {""token_id"": 5281, ""token"": "" shape"", ""value"": 46.17793273925781}, {""token_id"": 4367, ""token"": "" files"", ""value"": 46.18856430053711}, {""token_id"": 17370, ""token"": "" SV"", ""value"": 46.18857192993164}]",187,"
",1,0.09298474341630936,0.027075722813606262,0.3441600799560547,0.5692332983016968,"[{""token_id"": 187, ""token"": ""\n"", ""value"": 0.09298474341630936}, {""token_id"": 209, ""token"": "" "", ""value"": 0.0659090206027031}, {""token_id"": 313, ""token"": "" ("", ""value"": 0.031388863921165466}, {""token_id"": 32, ""token"": ""?"", ""value"": 0.02525472827255726}, {""token_id"": 13, ""token"": "","", ""value"": 0.02058904804289341}]",True,False,False,0.6491866558790207
step21000,768,1024,1024,0,29104, repetitive,16,0.9935550093650818,0.9898655414581299,0.08554396778345108,0.9935550093650818,46.66886901855469,21734,性,0,0.1877184957265854,0.8122815042734146,0.013766169548034668,"[{""token_id"": 21734, ""token"": ""性"", ""value"": 0.1877184957265854}, {""token_id"": 48288, ""token"": "" FIR"", ""value"": 0.17395232617855072}, {""token_id"": 14497, ""token"": "" adip"", ""value"": 0.16843335330486298}, {""token_id"": 20837, ""token"": ""assium"", ""value"": 0.1619347631931305}, {""token_id"": 22281, ""token"": "" electroly"", ""value"": 0.15964169800281525}]",21734,性,0,46.4102668762207,0.02162933349609375,0.0004660463072487955,"[{""token_id"": 21734, ""token"": ""性"", ""value"": 46.4102668762207}, {""token_id"": 48288, ""token"": "" FIR"", ""value"": 46.4318962097168}, {""token_id"": 14497, ""token"": "" adip"", ""value"": 46.439971923828125}, {""token_id"": 20837, ""token"": ""assium"", ""value"": 46.451255798339844}, {""token_id"": 28019, ""token"": "" superficial"", ""value"": 46.453582763671875}]",15,.,8666,0.12123837321996689,0.0631432980298996,0.7356777191162109,0.4915093779563904,"[{""token_id"": 15, ""token"": ""."", ""value"": 0.12123837321996689}, {""token_id"": 273, ""token"": "" of"", ""value"": 0.05809507891535759}, {""token_id"": 289, ""token"": "" th"", ""value"": 0.055612679570913315}, {""token_id"": 187, ""token"": ""\n"", ""value"": 0.04077745974063873}, {""token_id"": 428, ""token"": "" -"", ""value"": 0.03450258448719978}]",True,False,False,0.6276560872793198
step21000,768,1024,1024,1,10020, semi,112,1.024532437324524,0.991804838180542,0.25688475370407104,1.024532437324524,45.9030647277832,40009, sigma,0,0.16295118629932404,0.837048813700676,0.00423721969127655,"[{""token_id"": 40009, ""token"": "" sigma"", ""value"": 0.16295118629932404}, {""token_id"": 32935, ""token"": ""ド"", ""value"": 0.15871396660804749}, {""token_id"": 39681, ""token"": ""travel"", ""value"": 0.15867310762405396}, {""token_id"": 1262, ""token"": "" disc"", ""value"": 0.15432146191596985}, {""token_id"": 10359, ""token"": "" substance"", ""value"": 0.15371061861515045}]",40009, sigma,0,45.680667877197266,0.006038665771484375,0.0001321930272061267,"[{""token_id"": 40009, ""token"": "" sigma"", ""value"": 45.680667877197266}, {""token_id"": 32935, ""token"": ""ド"", ""value"": 45.68670654296875}, {""token_id"": 39681, ""token"": ""travel"", ""value"": 45.68802261352539}, {""token_id"": 12722, ""token"": ""disc"", ""value"": 45.69416809082031}, {""token_id"": 1262, ""token"": "" disc"", ""value"": 45.694522857666016}]",864,hen,119,0.06410213559865952,0.026810437440872192,0.5417070388793945,0.6260314583778381,"[{""token_id"": 864, ""token"": ""hen"", ""value"": 0.06410213559865952}, {""token_id"": 8259, ""token"": ""conf"", ""value"": 0.03729169815778732}, {""token_id"": 266, ""token"": ""an"", ""value"": 0.019424714148044586}, {""token_id"": 187, ""token"": ""\n"", ""value"": 0.018165510147809982}, {""token_id"": 15, ""token"": ""."", ""value"": 0.013351097702980042}]",True,False,False,0.6351086646318436
step21000,768,1024,1024,2,1941, evidence,284,1.109531044960022,1.109531044960022,0.0,1.079598069190979,47.52545166015625,14106,）,0,0.17322753369808197,0.826772466301918,0.0017360150814056396,"[{""token_id"": 14106, ""token"": ""）"", ""value"": 0.17322753369808197}, {""token_id"": 14525, ""token"": "" overex"", ""value"": 0.17149151861667633}, {""token_id"": 44082, ""token"": ""]\"","", ""value"": 0.1704203337430954}, {""token_id"": 49257, ""token"": ""прав"", ""value"": 0.1608673334121704}, {""token_id"": 20192, ""token"": "" pathogen"", ""value"": 0.15918982028961182}]",14525, overex,2,47.28861618041992,0.002277374267578125,4.815903808411892e-05,"[{""token_id"": 14525, ""token"": "" overex"", ""value"": 47.28861618041992}, {""token_id"": 14106, ""token"": ""）"", ""value"": 47.2908935546875}, {""token_id"": 44082, ""token"": ""]\"","", ""value"": 47.29506301879883}, {""token_id"": 49257, ""token"": ""прав"", ""value"": 47.30730438232422}, {""token_id"": 20192, ""token"": "" pathogen"", ""value"": 47.30815887451172}]",15,.,8666,0.15070220828056335,0.06117373704910278,0.5207490921020508,0.4875485599040985,"[{""token_id"": 15, ""token"": ""."", ""value"": 0.15070220828056335}, {""token_id"": 309, ""token"": "" I"", ""value"": 0.08952847123146057}, {""token_id"": 13, ""token"": "","", ""value"": 0.07273367047309875}, {""token_id"": 187, ""token"": ""\n"", ""value"": 0.07261522114276886}, {""token_id"": 273, ""token"": "" of"", ""value"": 0.021584635600447655}]",False,False,False,0.603147815912962
step21000,768,1024,1024,3,38730, orientations,4,1.066387414932251,1.063377857208252,0.08006071299314499,1.066387414932251,45.23788833618164,34397,情,0,0.18979638814926147,0.8102036118507385,0.0009681582450866699,"[{""token_id"": 34397, ""token"": ""情"", ""value"": 0.18979638814926147}, {""token_id"": 6028, ""token"": ""UE"", ""value"": 0.1888282299041748}, {""token_id"": 24182, ""token"": ""esp"", ""value"": 0.18185582756996155}, {""token_id"": 20353, ""token"": ""タ"", ""value"": 0.17559614777565002}, {""token_id"": 19758, ""token"": ""abc"", ""value"": 0.16330640017986298}]",6028,UE,1,44.972694396972656,0.0030059814453125,6.684014568437439e-05,"[{""token_id"": 6028, ""token"": ""UE"", ""value"": 44.972694396972656}, {""token_id"": 34397, ""token"": ""情"", ""value"": 44.97570037841797}, {""token_id"": 24182, ""token"": ""esp"", ""value"": 44.98762512207031}, {""token_id"": 20353, ""token"": ""タ"", ""value"": 44.99509048461914}, {""token_id"": 19758, ""token"": ""abc"", ""value"": 45.015159606933594}]",2462, %,881,0.13873974978923798,0.10665637254714966,1.4642620086669922,0.5648286938667297,"[{""token_id"": 2462, ""token"": "" %"", ""value"": 0.13873974978923798}, {""token_id"": 187, ""token"": ""\n"", ""value"": 0.03208337351679802}, {""token_id"": 1227, ""token"": "" /"", ""value"": 0.030507730320096016}, {""token_id"": 6, ""token"": ""%"", ""value"": 0.02254868671298027}, {""token_id"": 13, ""token"": "","", ""value"": 0.021170513704419136}]",False,False,False,0.5877114050090313
step21000,1024,1280,1280,0,29104, repetitive,16,1.1809533834457397,1.1809533834457397,0.0,1.0854532718658447,47.70814895629883,21383, intimate,20,0.18274401128292084,0.8172559887170792,0.006838813424110413,"[{""token_id"": 21383, ""token"": "" intimate"", ""value"": 0.18274401128292084}, {""token_id"": 3147, ""token"": ""ν"", ""value"": 0.17590519785881042}, {""token_id"": 2000, ""token"": ""}_"", ""value"": 0.16710864007472992}, {""token_id"": 21241, ""token"": ""ай"", ""value"": 0.16437211632728577}, {""token_id"": 41662, ""token"": ""セ"", ""value"": 0.15970906615257263}]",21383, intimate,20,47.451114654541016,0.01584625244140625,0.000333949003237794,"[{""token_id"": 21383, ""token"": "" intimate"", ""value"": 47.451114654541016}, {""token_id"": 3147, ""token"": ""ν"", ""value"": 47.46696090698242}, {""token_id"": 21241, ""token"": ""ай"", ""value"": 47.47758865356445}, {""token_id"": 10874, ""token"": "" riv"", ""value"": 47.489952087402344}, {""token_id"": 41662, ""token"": ""セ"", ""value"": 47.490264892578125}]",1040, |,3,0.08538739383220673,0.0009003356099128723,0.010600090026855469,0.5147028565406799,"[{""token_id"": 1040, ""token"": "" |"", ""value"": 0.08538739383220673}, {""token_id"": 13, ""token"": "","", ""value"": 0.08448705822229385}, {""token_id"": 16, ""token"": ""/"", ""value"": 0.06445790827274323}, {""token_id"": 187, ""token"": ""\n"", ""value"": 0.038279417902231216}, {""token_id"": 209, ""token"": "" "", ""value"": 0.02696516178548336}]",True,False,False,0.5810339339077473
step21000,1024,1280,1280,1,10020, semi,112,1.0163516998291016,1.0112990140914917,0.10121774673461914,1.0163516998291016,46.855079650878906,41873,被,0,0.15701258182525635,0.8429874181747437,0.001988619565963745,"[{""token_id"": 41873, ""token"": ""被"", ""value"": 0.15701258182525635}, {""token_id"": 2896, ""token"": "" By"", ""value"": 0.1550239622592926}, {""token_id"": 30243, ""token"": "" CVD"", ""value"": 0.15373988449573517}, {""token_id"": 45594, ""token"": "" Gest"", ""value"": 0.15296141803264618}, {""token_id"": 26676, ""token"": "" GABA"", ""value"": 0.15226617455482483}]",41873,被,0,46.644107818603516,0.003688812255859375,7.908420652411173e-05,"[{""token_id"": 41873, ""token"": ""被"", ""value"": 46.644107818603516}, {""token_id"": 30243, ""token"": "" CVD"", ""value"": 46.647796630859375}, {""token_id"": 45594, ""token"": "" Gest"", ""value"": 46.64838790893555}, {""token_id"": 2896, ""token"": "" By"", ""value"": 46.651527404785156}, {""token_id"": 26676, ""token"": "" GABA"", ""value"": 46.65210723876953}]",13,",",2711,0.09048114717006683,0.03789081051945686,0.5426092147827148,0.5704819560050964,"[{""token_id"": 13, ""token"": "","", ""value"": 0.09048114717006683}, {""token_id"": 187, ""token"": ""\n"", ""value"": 0.05259033665060997}, {""token_id"": 50254, ""token"": ""                        "", ""value"": 0.04062316194176674}, {""token_id"": 309, ""token"": "" I"", ""value"": 0.04021000862121582}, {""token_id"": 15, ""token"": ""."", ""value"": 0.032268695533275604}]",True,False,False,0.605739664286375
step21000,1024,1280,1280,2,1941, evidence,284,1.010344386100769,0.9922765493392944,0.1902182251214981,1.010344386100769,45.00708770751953,12722,disc,1,0.17149019241333008,0.8285098075866699,0.0059960633516311646,"[{""token_id"": 12722, ""token"": ""disc"", ""value"": 0.17149019241333008}, {""token_id"": 18049, ""token"": ""vid"", ""value"": 0.1654941290616989}, {""token_id"": 1491, ""token"": "" information"", ""value"": 0.16387607157230377}, {""token_id"": 1262, ""token"": "" disc"", ""value"": 0.16095280647277832}, {""token_id"": 15673, ""token"": "" modulation"", ""value"": 0.15935847163200378}]",12722,disc,1,44.771484375,0.0070953369140625,0.00015847892945949484,"[{""token_id"": 12722, ""token"": ""disc"", ""value"": 44.771484375}, {""token_id"": 18049, ""token"": ""vid"", ""value"": 44.77857971191406}, {""token_id"": 1262, ""token"": "" disc"", ""value"": 44.788978576660156}, {""token_id"": 15673, ""token"": "" modulation"", ""value"": 44.78921890258789}, {""token_id"": 14096, ""token"": ""ù"", ""value"": 44.79951858520508}]",187,"
",1,0.06268628686666489,0.016513701528310776,0.3057565689086914,0.5772764086723328,"[{""token_id"": 187, ""token"": ""\n"", ""value"": 0.06268628686666489}, {""token_id"": 3, ""token"": ""\"""", ""value"": 0.04617258533835411}, {""token_id"": 11342, ""token"": ""fire"", ""value"": 0.03894013911485672}, {""token_id"": 864, ""token"": ""hen"", ""value"": 0.03495851531624794}, {""token_id"": 8259, ""token"": ""conf"", ""value"": 0.03326762095093727}]",True,False,False,0.8313406705856323
step21000,1024,1280,1280,3,38730, orientations,4,1.0240908861160278,1.021531105041504,0.07236182689666748,1.0240908861160278,45.91477966308594,19625, cannabis,3,0.1772727519273758,0.8227272480726242,0.0005106031894683838,"[{""token_id"": 19625, ""token"": "" cannabis"", ""value"": 0.1772727519273758}, {""token_id"": 49667, ""token"": "" atherosclerotic"", ""value"": 0.1767621487379074}, {""token_id"": 17494, ""token"": ""settings"", ""value"": 0.1756991446018219}, {""token_id"": 30243, ""token"": "" CVD"", ""value"": 0.17212438583374023}, {""token_id"": 3634, ""token"": "" context"", ""value"": 0.17135488986968994}]",49667, atherosclerotic,0,45.67214584350586,0.000888824462890625,1.9460974440223444e-05,"[{""token_id"": 49667, ""token"": "" atherosclerotic"", ""value"": 45.67214584350586}, {""token_id"": 19625, ""token"": "" cannabis"", ""value"": 45.67303466796875}, {""token_id"": 17494, ""token"": ""settings"", ""value"": 45.674888610839844}, {""token_id"": 30243, ""token"": "" CVD"", ""value"": 45.68024444580078}, {""token_id"": 3634, ""token"": "" context"", ""value"": 45.68071365356445}]",15,.,8666,0.0981687605381012,0.036304548382759094,0.4617462158203125,0.5520607233047485,"[{""token_id"": 15, ""token"": ""."", ""value"": 0.0981687605381012}, {""token_id"": 187, ""token"": ""\n"", ""value"": 0.0618642121553421}, {""token_id"": 13, ""token"": "","", ""value"": 0.054742831736803055}, {""token_id"": 309, ""token"": "" I"", ""value"": 0.045166004449129105}, {""token_id"": 424, ""token"": ""**"", ""value"": 0.022459667176008224}]",False,False,False,0.6583332531154156
step21000,1280,1536,1536,0,29104, repetitive,16,0.9793469309806824,0.9793283939361572,0.006029339507222176,0.9793469309806824,47.92449188232422,44213, shack,3,0.19193683564662933,0.8080631643533707,0.00432036817073822,"[{""token_id"": 44213, ""token"": "" shack"", ""value"": 0.19193683564662933}, {""token_id"": 26000, ""token"": ""stroke"", ""value"": 0.1876164674758911}, {""token_id"": 35738, ""token"": "" disconnect"", ""value"": 0.18747566640377045}, {""token_id"": 20668, ""token"": ""trace"", ""value"": 0.16835547983646393}, {""token_id"": 44082, ""token"": ""]\"","", ""value"": 0.16399306058883667}]",44213, shack,3,47.65603256225586,0.004261016845703125,8.941190897787619e-05,"[{""token_id"": 44213, ""token"": "" shack"", ""value"": 47.65603256225586}, {""token_id"": 35738, ""token"": "" disconnect"", ""value"": 47.66029357910156}, {""token_id"": 26000, ""token"": ""stroke"", ""value"": 47.6674690246582}, {""token_id"": 20668, ""token"": ""trace"", ""value"": 47.693546295166016}, {""token_id"": 14453, ""token"": ""phys"", ""value"": 47.7017822265625}]",209, ,12180,0.05479646846652031,0.0037357360124588013,0.07061004638671875,0.5578050017356873,"[{""token_id"": 209, ""token"": "" "", ""value"": 0.05479646846652031}, {""token_id"": 2289, ""token"": "" access"", ""value"": 0.05106073245406151}, {""token_id"": 4802, ""token"": "" connected"", ""value"": 0.030886340886354446}, {""token_id"": 187, ""token"": ""\n"", ""value"": 0.02941438928246498}, {""token_id"": 1959, ""token"": "" free"", ""value"": 0.027540074661374092}]",True,False,False,0.6265858225524426
step21000,1280,1536,1536,1,10020, semi,112,1.0321333408355713,1.0231313705444336,0.13601985573768616,1.0321333408355713,45.685325622558594,25732, ove,0,0.17226728796958923,0.8277327120304108,0.003887876868247986,"[{""token_id"": 25732, ""token"": "" ove"", ""value"": 0.17226728796958923}, {""token_id"": 34507, ""token"": "" aeros"", ""value"": 0.16837941110134125}, {""token_id"": 29780, ""token"": "" beaches"", ""value"": 0.15643423795700073}, {""token_id"": 41569, ""token"": "" %)"", ""value"": 0.15471301972866058}, {""token_id"": 2281, ""token"": "" rate"", ""value"": 0.15406139194965363}]",25732, ove,0,45.45073699951172,0.01064300537109375,0.0002341657379771001,"[{""token_id"": 25732, ""token"": "" ove"", ""value"": 45.45073699951172}, {""token_id"": 34507, ""token"": "" aeros"", ""value"": 45.46138000488281}, {""token_id"": 29780, ""token"": "" beaches"", ""value"": 45.472171783447266}, {""token_id"": 41569, ""token"": "" %)"", ""value"": 45.476318359375}, {""token_id"": 26347, ""token"": "" seizures"", ""value"": 45.48185729980469}]",273, of,56891,0.07614153623580933,0.012978479266166687,0.1868743896484375,0.5282179713249207,"[{""token_id"": 273, ""token"": "" of"", ""value"": 0.07614153623580933}, {""token_id"": 15, ""token"": ""."", ""value"": 0.06316305696964264}, {""token_id"": 187, ""token"": ""\n"", ""value"": 0.05867500975728035}, {""token_id"": 209, ""token"": "" "", ""value"": 0.03790818527340889}, {""token_id"": 475, ""token"": "" *"", ""value"": 0.036132629960775375}]",True,False,False,0.6362913735210896
step21000,1280,1536,1536,2,1941, evidence,284,1.0539100170135498,1.0539100170135498,0.0,1.0040470361709595,49.14421844482422,34408, nud,7,0.16382452845573425,0.8361754715442657,0.002866119146347046,"[{""token_id"": 34408, ""token"": "" nud"", ""value"": 0.16382452845573425}, {""token_id"": 3394, ""token"": "" events"", ""value"": 0.1609584093093872}, {""token_id"": 2362, ""token"": "" event"", ""value"": 0.15890027582645416}, {""token_id"": 46442, ""token"": ""abit"", ""value"": 0.1587662696838379}, {""token_id"": 11177, ""token"": ""ele"", ""value"": 0.1578817367553711}]",34408, nud,7,48.921966552734375,0.00417327880859375,8.530480482822076e-05,"[{""token_id"": 34408, ""token"": "" nud"", ""value"": 48.921966552734375}, {""token_id"": 46442, ""token"": ""abit"", ""value"": 48.92613983154297}, {""token_id"": 11177, ""token"": ""ele"", ""value"": 48.926815032958984}, {""token_id"": 41868, ""token"": "" sensations"", ""value"": 48.93144607543945}, {""token_id"": 3394, ""token"": "" events"", ""value"": 48.93208312988281}]",86,u,819,0.15247945487499237,0.10486282408237457,1.1638479232788086,0.5154321789741516,"[{""token_id"": 86, ""token"": ""u"", ""value"": 0.15247945487499237}, {""token_id"": 13, ""token"": "","", ""value"": 0.0476166270673275}, {""token_id"": 16974, ""token"": ""iste"", ""value"": 0.04052204266190529}, {""token_id"": 565, ""token"": ""int"", ""value"": 0.030158748850226402}, {""token_id"": 540, ""token"": "" int"", ""value"": 0.026372846215963364}]",True,False,False,0.5845849849283695
step21000,1280,1536,1536,3,38730, orientations,4,1.1020781993865967,1.1020781993865967,0.0,1.0076452493667603,47.84335708618164,17089,mys,0,0.18694117665290833,0.8130588233470917,0.0036889463663101196,"[{""token_id"": 17089, ""token"": ""mys"", ""value"": 0.18694117665290833}, {""token_id"": 9220, ""token"": ""\n\t\t\t\t\t\t"", ""value"": 0.1832522302865982}, {""token_id"": 29946, ""token"": "" AE"", ""value"": 0.16511750221252441}, {""token_id"": 2362, ""token"": "" event"", ""value"": 0.1631874293088913}, {""token_id"": 8071, ""token"": "" react"", ""value"": 0.15996339917182922}]",17089,mys,0,47.58115005493164,0.01433563232421875,0.00030128805856244545,"[{""token_id"": 17089, ""token"": ""mys"", ""value"": 47.58115005493164}, {""token_id"": 9220, ""token"": ""\n\t\t\t\t\t\t"", ""value"": 47.59548568725586}, {""token_id"": 29946, ""token"": "" AE"", ""value"": 47.61867141723633}, {""token_id"": 8071, ""token"": "" react"", ""value"": 47.622398376464844}, {""token_id"": 2362, ""token"": "" event"", ""value"": 47.626708984375}]",2866,…,0,0.05307367816567421,0.02121344953775406,0.5103225708007812,0.6028130054473877,"[{""token_id"": 2866, ""token"": ""…"", ""value"": 0.05307367816567421}, {""token_id"": 209, ""token"": "" "", ""value"": 0.03186022862792015}, {""token_id"": 78, ""token"": ""m"", ""value"": 0.0279192253947258}, {""token_id"": 457, ""token"": ""’"", ""value"": 0.024121234193444252}, {""token_id"": 12426, ""token"": ""session"", ""value"": 0.019932622089982033}]",True,False,False,0.609632819890976
step21000,1536,1792,1792,0,29104, repetitive,16,1.0151842832565308,1.0151842832565308,0.0,0.9936304092407227,45.8775749206543,4367, files,5,0.18623296916484833,0.8137670308351517,0.009125933051109314,"[{""token_id"": 4367, ""token"": "" files"", ""value"": 0.18623296916484833}, {""token_id"": 17494, ""token"": ""settings"", ""value"": 0.177107036113739}, {""token_id"": 2165, ""token"": "" game"", ""value"": 0.17520935833454132}, {""token_id"": 37406, ""token"": ""medscimonit"", ""value"": 0.1693524569272995}, {""token_id"": 1873, ""token"": "" file"", ""value"": 0.16792675852775574}]",4367, files,5,45.63046646118164,0.005115509033203125,0.00011210731403666336,"[{""token_id"": 4367, ""token"": "" files"", ""value"": 45.63046646118164}, {""token_id"": 17494, ""token"": ""settings"", ""value"": 45.635581970214844}, {""token_id"": 41167, ""token"": "" elucidated"", ""value"": 45.6477165222168}, {""token_id"": 12135, ""token"": ""activity"", ""value"": 45.649932861328125}, {""token_id"": 44213, ""token"": "" shack"", ""value"": 45.65190505981445}]",187,"
",1,0.09849133342504501,0.04236533120274544,0.5623693466186523,0.5427165627479553,"[{""token_id"": 187, ""token"": ""\n"", ""value"": 0.09849133342504501}, {""token_id"": 15, ""token"": ""."", ""value"": 0.056126002222299576}, {""token_id"": 61, ""token"": ""\\"", ""value"": 0.05611059069633484}, {""token_id"": 209, ""token"": "" "", ""value"": 0.031808510422706604}, {""token_id"": 13, ""token"": "","", ""value"": 0.028677349910140038}]",True,False,False,0.6260614432394505
step21000,1536,1792,1792,1,10020, semi,112,1.1784940958023071,1.1784940958023071,0.0,1.0799366235733032,47.32833480834961,20192, pathogen,1,0.18217536807060242,0.8178246319293976,0.008353248238563538,"[{""token_id"": 20192, ""token"": "" pathogen"", ""value"": 0.18217536807060242}, {""token_id"": 14525, ""token"": "" overex"", ""value"": 0.17382211983203888}, {""token_id"": 49801, ""token"": "" creeping"", ""value"": 0.17219378054141998}, {""token_id"": 14596, ""token"": "" staying"", ""value"": 0.1692359298467636}, {""token_id"": 8770, ""token"": "" behaviour"", ""value"": 0.16913241147994995}]",20192, pathogen,1,47.07618713378906,0.011852264404296875,0.0002517677221949413,"[{""token_id"": 20192, ""token"": "" pathogen"", ""value"": 47.07618713378906}, {""token_id"": 14525, ""token"": "" overex"", ""value"": 47.08803939819336}, {""token_id"": 49801, ""token"": "" creeping"", ""value"": 47.09174728393555}, {""token_id"": 14596, ""token"": "" staying"", ""value"": 47.09281921386719}, {""token_id"": 19099, ""token"": "" elevation"", ""value"": 47.10201644897461}]",13,",",2711,0.07567671686410904,0.0029610171914100647,0.039913177490234375,0.5233160853385925,"[{""token_id"": 13, ""token"": "","", ""value"": 0.07567671686410904}, {""token_id"": 309, ""token"": "" I"", ""value"": 0.07271569967269897}, {""token_id"": 187, ""token"": ""\n"", ""value"": 0.07236213237047195}, {""token_id"": 15, ""token"": ""."", ""value"": 0.07229170948266983}, {""token_id"": 273, ""token"": "" of"", ""value"": 0.03499721735715866}]",True,False,False,0.5670243129134178
step21000,1536,1792,1792,2,1941, evidence,284,1.0510598421096802,1.050874948501587,0.019715256989002228,1.0510598421096802,47.82051086425781,49257,прав,0,0.19029970467090607,0.8097002953290939,0.024133965373039246,"[{""token_id"": 49257, ""token"": ""прав"", ""value"": 0.19029970467090607}, {""token_id"": 26000, ""token"": ""stroke"", ""value"": 0.16616573929786682}, {""token_id"": 35851, ""token"": "" subclass"", ""value"": 0.16552585363388062}, {""token_id"": 8351, ""token"": "" terminal"", ""value"": 0.16337992250919342}, {""token_id"": 46976, ""token"": ""'):"", ""value"": 0.16297318041324615}]",49257,прав,0,47.55784225463867,0.0348968505859375,0.0007337769951607455,"[{""token_id"": 49257, ""token"": ""прав"", ""value"": 47.55784225463867}, {""token_id"": 35851, ""token"": "" subclass"", ""value"": 47.59273910522461}, {""token_id"": 26000, ""token"": ""stroke"", ""value"": 47.59565734863281}, {""token_id"": 8351, ""token"": "" terminal"", ""value"": 47.59748077392578}, {""token_id"": 22749, ""token"": "" sinus"", ""value"": 47.59880447387695}]",187,"
",1,0.08298768848180771,0.0017890185117721558,0.021793365478515625,0.49710482358932495,"[{""token_id"": 187, ""token"": ""\n"", ""value"": 0.08298768848180771}, {""token_id"": 209, ""token"": "" "", ""value"": 0.08119866997003555}, {""token_id"": 273, ""token"": "" of"", ""value"": 0.0700974315404892}, {""token_id"": 479, ""token"": "" me"", ""value"": 0.04051132872700691}, {""token_id"": 811, ""token"": "" trans"", ""value"": 0.0378074087202549}]",True,False,False,0.6022489108145237
step21000,1536,1792,1792,3,38730, orientations,4,1.0372198820114136,1.0372198820114136,0.0,1.0080773830413818,49.551517486572266,15105, bother,2,0.16072404384613037,0.8392759561538696,0.002606630325317383,"[{""token_id"": 15105, ""token"": "" bother"", ""value"": 0.16072404384613037}, {""token_id"": 14453, ""token"": ""phys"", ""value"": 0.158117413520813}, {""token_id"": 3579, ""token"": "" forward"", ""value"": 0.15365777909755707}, {""token_id"": 44213, ""token"": "" shack"", ""value"": 0.1501387506723404}, {""token_id"": 50263, ""token"": ""               "", ""value"": 0.149872288107872}]",15105, bother,2,49.33019256591797,0.00432586669921875,8.769206999219123e-05,"[{""token_id"": 15105, ""token"": "" bother"", ""value"": 49.33019256591797}, {""token_id"": 14453, ""token"": ""phys"", ""value"": 49.33451843261719}, {""token_id"": 3579, ""token"": "" forward"", ""value"": 49.34370040893555}, {""token_id"": 44213, ""token"": "" shack"", ""value"": 49.34614562988281}, {""token_id"": 4551, ""token"": ""aught"", ""value"": 49.34748458862305}]",309, I,2877,0.05787680298089981,0.021359600126743317,0.46053314208984375,0.5866783857345581,"[{""token_id"": 309, ""token"": "" I"", ""value"": 0.05787680298089981}, {""token_id"": 187, ""token"": ""\n"", ""value"": 0.036517202854156494}, {""token_id"": 15, ""token"": ""."", ""value"": 0.025672731921076775}, {""token_id"": 278, ""token"": "" m"", ""value"": 0.01548109669238329}, {""token_id"": 13, ""token"": "","", ""value"": 0.015413888730108738}]",True,False,False,0.6054728291928768
step21000,1792,2048,2048,0,29104, repetitive,16,1.0786381959915161,1.0786381959915161,0.0,1.067587971687317,47.444522857666016,2855,struct,1,0.18800842761993408,0.8119915723800659,0.008683115243911743,"[{""token_id"": 2855, ""token"": ""struct"", ""value"": 0.18800842761993408}, {""token_id"": 47082, ""token"": ""970"", ""value"": 0.17932531237602234}, {""token_id"": 41473, ""token"": "" propriet"", ""value"": 0.16530072689056396}, {""token_id"": 32436, ""token"": "" Napoleon"", ""value"": 0.16323629021644592}, {""token_id"": 8225, ""token"": "" tit"", ""value"": 0.1613086462020874}]",2855,struct,1,47.19639587402344,0.00409698486328125,8.68071552373812e-05,"[{""token_id"": 2855, ""token"": ""struct"", ""value"": 47.19639587402344}, {""token_id"": 47082, ""token"": ""970"", ""value"": 47.20049285888672}, {""token_id"": 41473, ""token"": "" propriet"", ""value"": 47.2163200378418}, {""token_id"": 8225, ""token"": "" tit"", ""value"": 47.22079086303711}, {""token_id"": 32436, ""token"": "" Napoleon"", ""value"": 47.22153091430664}]",13,",",2711,0.04551531746983528,0.0074210502207279205,0.17798519134521484,0.5658711791038513,"[{""token_id"": 13, ""token"": "","", ""value"": 0.04551531746983528}, {""token_id"": 187, ""token"": ""\n"", ""value"": 0.03809426724910736}, {""token_id"": 64, ""token"": ""_"", ""value"": 0.02792024053633213}, {""token_id"": 273, ""token"": "" of"", ""value"": 0.027854789048433304}, {""token_id"": 540, ""token"": "" int"", ""value"": 0.023844216018915176}]",True,False,False,0.5937249697744846
step21000,1792,2048,2048,1,10020, semi,112,1.098838210105896,1.0946686267852783,0.09563548117876053,1.098838210105896,47.065223693847656,14106,）,0,0.19206729531288147,0.8079327046871185,0.009759470820426941,"[{""token_id"": 14106, ""token"": ""）"", ""value"": 0.19206729531288147}, {""token_id"": 44082, ""token"": ""]\"","", ""value"": 0.18230782449245453}, {""token_id"": 26347, ""token"": "" seizures"", ""value"": 0.17204919457435608}, {""token_id"": 20192, ""token"": "" pathogen"", ""value"": 0.16858260333538055}, {""token_id"": 2262, ""token"": ""):"", ""value"": 0.16751711070537567}]",14106,）,0,46.802772521972656,0.014545440673828125,0.00031078160309839397,"[{""token_id"": 14106, ""token"": ""）"", ""value"": 46.802772521972656}, {""token_id"": 44082, ""token"": ""]\"","", ""value"": 46.817317962646484}, {""token_id"": 26347, ""token"": "" seizures"", ""value"": 46.82809829711914}, {""token_id"": 20192, ""token"": "" pathogen"", ""value"": 46.833885192871094}, {""token_id"": 14525, ""token"": "" overex"", ""value"": 46.84022903442383}]",187,"
",1,0.1294042468070984,0.03658682107925415,0.3323068618774414,0.4848119020462036,"[{""token_id"": 187, ""token"": ""\n"", ""value"": 0.1294042468070984}, {""token_id"": 15, ""token"": ""."", ""value"": 0.09281742572784424}, {""token_id"": 13, ""token"": "","", ""value"": 0.0786512941122055}, {""token_id"": 309, ""token"": "" I"", ""value"": 0.03628126159310341}, {""token_id"": 273, ""token"": "" of"", ""value"": 0.0308613870292902}]",True,False,False,0.5847798697650433
step21000,1792,2048,2048,2,1941, evidence,284,1.0490316152572632,1.0478332042694092,0.05012838914990425,1.0490316152572632,46.03410720825195,44213, shack,3,0.20655813813209534,0.7934418618679047,0.0163363516330719,"[{""token_id"": 44213, ""token"": "" shack"", ""value"": 0.20655813813209534}, {""token_id"": 17494, ""token"": ""settings"", ""value"": 0.19022178649902344}, {""token_id"": 3268, ""token"": "" distribution"", ""value"": 0.17963214218616486}, {""token_id"": 37102, ""token"": "" occurrences"", ""value"": 0.17873618006706238}, {""token_id"": 46011, ""token"": "" overturn"", ""value"": 0.17009185254573822}]",44213, shack,3,45.7442512512207,0.027980804443359375,0.0006116791438927027,"[{""token_id"": 44213, ""token"": "" shack"", ""value"": 45.7442512512207}, {""token_id"": 17494, ""token"": ""settings"", ""value"": 45.77223205566406}, {""token_id"": 37102, ""token"": "" occurrences"", ""value"": 45.79005432128906}, {""token_id"": 3268, ""token"": "" distribution"", ""value"": 45.79544448852539}, {""token_id"": 46011, ""token"": "" overturn"", ""value"": 45.80156326293945}]",187,"
",1,0.10539895296096802,0.03273832052946091,0.37195301055908203,0.5795642733573914,"[{""token_id"": 187, ""token"": ""\n"", ""value"": 0.10539895296096802}, {""token_id"": 15, ""token"": ""."", ""value"": 0.07266063243150711}, {""token_id"": 13, ""token"": "","", ""value"": 0.02129325456917286}, {""token_id"": 773, ""token"": "" “"", ""value"": 0.018935976549983025}, {""token_id"": 0, ""token"": ""<|endoftext|>"", ""value"": 0.015111423097550869}]",True,False,False,0.5877241119742393
step21000,1792,2048,2048,3,38730, orientations,4,0.9558836221694946,0.953300952911377,0.07021923363208771,0.9558836221694946,45.589149475097656,14203, hanging,23,0.18636153638362885,0.8136384636163712,0.010734319686889648,"[{""token_id"": 14203, ""token"": "" hanging"", ""value"": 0.18636153638362885}, {""token_id"": 18600, ""token"": "" declar"", ""value"": 0.1756272166967392}, {""token_id"": 15673, ""token"": "" modulation"", ""value"": 0.16921435296535492}, {""token_id"": 27577, ""token"": "" modulated"", ""value"": 0.1658540964126587}, {""token_id"": 28968, ""token"": ""Volume"", ""value"": 0.16252489387989044}]",14203, hanging,23,45.33388137817383,0.016872406005859375,0.00037218092722108415,"[{""token_id"": 14203, ""token"": "" hanging"", ""value"": 45.33388137817383}, {""token_id"": 18600, ""token"": "" declar"", ""value"": 45.35075378417969}, {""token_id"": 15673, ""token"": "" modulation"", ""value"": 45.355838775634766}, {""token_id"": 27577, ""token"": "" modulated"", ""value"": 45.35865783691406}, {""token_id"": 28968, ""token"": ""Volume"", ""value"": 45.36897659301758}]",864,hen,119,0.04698268324136734,0.0013574771583080292,0.029318809509277344,0.595744788646698,"[{""token_id"": 864, ""token"": ""hen"", ""value"": 0.04698268324136734}, {""token_id"": 187, ""token"": ""\n"", ""value"": 0.04562520608305931}, {""token_id"": 15, ""token"": ""."", ""value"": 0.04085996374487877}, {""token_id"": 0, ""token"": ""<|endoftext|>"", ""value"": 0.03918447345495224}, {""token_id"": 1040, ""token"": "" |"", ""value"": 0.03901529684662819}]",True,False,False,0.5983033701777458
step29000,0,256,256,0,29104, repetitive,16,0.9919158816337585,0.9715437889099121,0.19999948143959045,0.9919158816337585,51.36162185668945,7730, committed,64,0.17069514095783234,0.8293048590421677,0.004214882850646973,"[{""token_id"": 7730, ""token"": "" committed"", ""value"": 0.17069514095783234}, {""token_id"": 15059, ""token"": ""aptic"", ""value"": 0.16648025810718536}, {""token_id"": 12246, ""token"": "" bid"", ""value"": 0.16376562416553497}, {""token_id"": 43449, ""token"": "" apache"", ""value"": 0.16331477463245392}, {""token_id"": 12132, ""token"": ""dp"", ""value"": 0.1613176017999649}]",7730, committed,64,51.128273010253906,0.00611114501953125,0.00011952574690535009,"[{""token_id"": 7730, ""token"": "" committed"", ""value"": 51.128273010253906}, {""token_id"": 12246, ""token"": "" bid"", ""value"": 51.13438415527344}, {""token_id"": 15059, ""token"": ""aptic"", ""value"": 51.135765075683594}, {""token_id"": 19742, ""token"": ""vic"", ""value"": 51.139373779296875}, {""token_id"": 12132, ""token"": ""dp"", ""value"": 51.13941192626953}]",10,),0,0.0541253499686718,0.020053546875715256,0.4628324508666992,0.5311464071273804,"[{""token_id"": 10, ""token"": "")"", ""value"": 0.0541253499686718}, {""token_id"": 209, ""token"": "" "", ""value"": 0.03407180309295654}, {""token_id"": 309, ""token"": "" I"", ""value"": 0.03368799015879631}, {""token_id"": 3944, ""token"": "" http"", ""value"": 0.032558050006628036}, {""token_id"": 313, ""token"": "" ("", ""value"": 0.028482584282755852}]",True,False,False,0.6341604515910149
step29000,0,256,256,1,10020, semi,112,1.0207401514053345,1.0056277513504028,0.1749953180551529,1.0207401514053345,51.29058837890625,678,eth,95,0.16080476343631744,0.8391952365636826,0.0009128153324127197,"[{""token_id"": 678, ""token"": ""eth"", ""value"": 0.16080476343631744}, {""token_id"": 2600, ""token"": "" content"", ""value"": 0.15989194810390472}, {""token_id"": 18951, ""token"": ""με"", ""value"": 0.15959686040878296}, {""token_id"": 31549, ""token"": ""undefined"", ""value"": 0.15934456884860992}, {""token_id"": 7730, ""token"": "" committed"", ""value"": 0.15806977450847626}]",678,eth,95,51.067909240722656,0.003993988037109375,7.820935096995282e-05,"[{""token_id"": 678, ""token"": ""eth"", ""value"": 51.067909240722656}, {""token_id"": 11421, ""token"": ""idal"", ""value"": 51.071903228759766}, {""token_id"": 18951, ""token"": ""με"", ""value"": 51.073787689208984}, {""token_id"": 31549, ""token"": ""undefined"", ""value"": 51.075801849365234}, {""token_id"": 7730, ""token"": "" committed"", ""value"": 51.076171875}]",309, I,2877,0.08282047510147095,0.03655199334025383,0.58221435546875,0.5084117650985718,"[{""token_id"": 309, ""token"": "" I"", ""value"": 0.08282047510147095}, {""token_id"": 10, ""token"": "")"", ""value"": 0.04626848176121712}, {""token_id"": 32, ""token"": ""?"", ""value"": 0.04431898519396782}, {""token_id"": 3944, ""token"": "" http"", ""value"": 0.042459115386009216}, {""token_id"": 313, ""token"": "" ("", ""value"": 0.034353990107774734}]",True,False,False,0.6252700760960579
step29000,0,256,256,2,1941, evidence,284,1.0336329936981201,1.0195086002349854,0.17029209434986115,1.0336329936981201,51.427791595458984,2165, game,1850,0.1634366512298584,0.8365633487701416,0.00040280818939208984,"[{""token_id"": 2165, ""token"": "" game"", ""value"": 0.1634366512298584}, {""token_id"": 7730, ""token"": "" committed"", ""value"": 0.1630338430404663}, {""token_id"": 2756, ""token"": ""\n\n\n"", ""value"": 0.1551118642091751}, {""token_id"": 18428, ""token"": ""network"", ""value"": 0.1548127979040146}, {""token_id"": 41687, ""token"": "" PAN"", ""value"": 0.15377949178218842}]",7730, committed,64,51.20588684082031,0.01387786865234375,0.0002710209608415685,"[{""token_id"": 7730, ""token"": "" committed"", ""value"": 51.20588684082031}, {""token_id"": 18428, ""token"": ""network"", ""value"": 51.219764709472656}, {""token_id"": 41687, ""token"": "" PAN"", ""value"": 51.22069549560547}, {""token_id"": 886, ""token"": ""ec"", ""value"": 51.22158432006836}, {""token_id"": 34544, ""token"": "" prestigious"", ""value"": 51.22271728515625}]",309, I,2877,0.10422679781913757,0.05141030251979828,0.6797456741333008,0.4919925332069397,"[{""token_id"": 309, ""token"": "" I"", ""value"": 0.10422679781913757}, {""token_id"": 3944, ""token"": "" http"", ""value"": 0.052816495299339294}, {""token_id"": 32, ""token"": ""?"", ""value"": 0.04703168570995331}, {""token_id"": 313, ""token"": "" ("", ""value"": 0.03560774773359299}, {""token_id"": 13, ""token"": "","", ""value"": 0.031529899686574936}]",False,False,False,0.6154013276100159
step29000,0,256,256,3,38730, orientations,4,1.0090351104736328,0.993928849697113,0.17394591867923737,1.0090351104736328,51.31111145019531,7730, committed,64,0.16272014379501343,0.8372798562049866,0.0004327148199081421,"[{""token_id"": 7730, ""token"": "" committed"", ""value"": 0.16272014379501343}, {""token_id"": 18951, ""token"": ""με"", ""value"": 0.16228742897510529}, {""token_id"": 678, ""token"": ""eth"", ""value"": 0.1615709364414215}, {""token_id"": 2600, ""token"": "" content"", ""value"": 0.1610877811908722}, {""token_id"": 17854, ""token"": "" subjective"", ""value"": 0.15848076343536377}]",678,eth,95,51.087249755859375,0.002475738525390625,4.8460986591016755e-05,"[{""token_id"": 678, ""token"": ""eth"", ""value"": 51.087249755859375}, {""token_id"": 7730, ""token"": "" committed"", ""value"": 51.089725494384766}, {""token_id"": 18951, ""token"": ""με"", ""value"": 51.090274810791016}, {""token_id"": 11421, ""token"": ""idal"", ""value"": 51.09095764160156}, {""token_id"": 12246, ""token"": "" bid"", ""value"": 51.0924186706543}]",309, I,2877,0.05985929071903229,0.004558231681585312,0.07920455932617188,0.5192689895629883,"[{""token_id"": 309, ""token"": "" I"", ""value"": 0.05985929071903229}, {""token_id"": 10, ""token"": "")"", ""value"": 0.055301059037446976}, {""token_id"": 3944, ""token"": "" http"", ""value"": 0.03797847777605057}, {""token_id"": 32, ""token"": ""?"", ""value"": 0.03718474134802818}, {""token_id"": 313, ""token"": "" ("", ""value"": 0.03244582936167717}]",False,False,False,0.6026239432394505
step29000,256,512,512,0,29104, repetitive,16,0.9378986954689026,0.9051560759544373,0.24565520882606506,0.9378986954689026,51.5033073425293,7730, committed,64,0.18985694646835327,0.8101430535316467,0.014337211847305298,"[{""token_id"": 7730, ""token"": "" committed"", ""value"": 0.18985694646835327}, {""token_id"": 43449, ""token"": "" apache"", ""value"": 0.17551973462104797}, {""token_id"": 27039, ""token"": "" conditioned"", ""value"": 0.1729801893234253}, {""token_id"": 15059, ""token"": ""aptic"", ""value"": 0.17089922726154327}, {""token_id"": 3224, ""token"": ""ederal"", ""value"": 0.1692199409008026}]",7730, committed,64,51.2411994934082,0.022190093994140625,0.0004330518062325066,"[{""token_id"": 7730, ""token"": "" committed"", ""value"": 51.2411994934082}, {""token_id"": 27039, ""token"": "" conditioned"", ""value"": 51.263389587402344}, {""token_id"": 43449, ""token"": "" apache"", ""value"": 51.2645149230957}, {""token_id"": 15059, ""token"": ""aptic"", ""value"": 51.27081298828125}, {""token_id"": 4514, ""token"": "" commit"", ""value"": 51.273345947265625}]",209, ,12180,0.053018417209386826,0.0057713910937309265,0.1152496337890625,0.5628265738487244,"[{""token_id"": 209, ""token"": "" "", ""value"": 0.053018417209386826}, {""token_id"": 187, ""token"": ""\n"", ""value"": 0.0472470261156559}, {""token_id"": 31, ""token"": "">"", ""value"": 0.022913767024874687}, {""token_id"": 11204, ""token"": "" Conf"", ""value"": 0.022018224000930786}, {""token_id"": 309, ""token"": "" I"", ""value"": 0.02126292511820793}]",True,False,False,0.6043444685637951
step29000,256,512,512,1,10020, semi,112,0.9708638787269592,0.9515581130981445,0.19264961779117584,0.9708638787269592,51.359336853027344,15059,aptic,0,0.18442335724830627,0.8155766427516937,0.007766991853713989,"[{""token_id"": 15059, ""token"": ""aptic"", ""value"": 0.18442335724830627}, {""token_id"": 7730, ""token"": "" committed"", ""value"": 0.17665636539459229}, {""token_id"": 43449, ""token"": "" apache"", ""value"": 0.1732563078403473}, {""token_id"": 4514, ""token"": "" commit"", ""value"": 0.16912570595741272}, {""token_id"": 12132, ""token"": ""dp"", ""value"": 0.16628573834896088}]",15059,aptic,0,51.10676574707031,0.010295867919921875,0.00020145802164192096,"[{""token_id"": 15059, ""token"": ""aptic"", ""value"": 51.10676574707031}, {""token_id"": 7730, ""token"": "" committed"", ""value"": 51.117061614990234}, {""token_id"": 43449, ""token"": "" apache"", ""value"": 51.12396240234375}, {""token_id"": 4514, ""token"": "" commit"", ""value"": 51.12699508666992}, {""token_id"": 12246, ""token"": "" bid"", ""value"": 51.12833786010742}]",18746, STATES,0,0.05859670042991638,0.019531678408384323,0.40545082092285156,0.5402863025665283,"[{""token_id"": 18746, ""token"": "" STATES"", ""value"": 0.05859670042991638}, {""token_id"": 187, ""token"": ""\n"", ""value"": 0.03906502202153206}, {""token_id"": 209, ""token"": "" "", ""value"": 0.03832770884037018}, {""token_id"": 1838, ""token"": ""ID"", ""value"": 0.03540608659386635}, {""token_id"": 63, ""token"": ""^"", ""value"": 0.025719644501805305}]",True,False,False,0.6404794156551361
step29000,256,512,512,2,1941, evidence,284,0.9921852946281433,0.971633791923523,0.2008965164422989,0.9921852946281433,51.36423110961914,7730, committed,64,0.17153319716453552,0.8284668028354645,0.0030353963375091553,"[{""token_id"": 7730, ""token"": "" committed"", ""value"": 0.17153319716453552}, {""token_id"": 15059, ""token"": ""aptic"", ""value"": 0.16849780082702637}, {""token_id"": 12246, ""token"": "" bid"", ""value"": 0.1642458587884903}, {""token_id"": 43449, ""token"": "" apache"", ""value"": 0.16399310529232025}, {""token_id"": 12132, ""token"": ""dp"", ""value"": 0.16233478486537933}]",7730, committed,64,51.1296272277832,0.00574493408203125,0.00011236017928387173,"[{""token_id"": 7730, ""token"": "" committed"", ""value"": 51.1296272277832}, {""token_id"": 15059, ""token"": ""aptic"", ""value"": 51.135372161865234}, {""token_id"": 12246, ""token"": "" bid"", ""value"": 51.13625717163086}, {""token_id"": 12132, ""token"": ""dp"", ""value"": 51.14047622680664}, {""token_id"": 19742, ""token"": ""vic"", ""value"": 51.141082763671875}]",10,),0,0.05238690227270126,0.01760997250676155,0.4097023010253906,0.5323215126991272,"[{""token_id"": 10, ""token"": "")"", ""value"": 0.05238690227270126}, {""token_id"": 209, ""token"": "" "", ""value"": 0.03477692976593971}, {""token_id"": 3944, ""token"": "" http"", ""value"": 0.03181019052863121}, {""token_id"": 309, ""token"": "" I"", ""value"": 0.03170615807175636}, {""token_id"": 18746, ""token"": "" STATES"", ""value"": 0.029681704938411713}]",True,False,False,0.609515056014061
step29000,256,512,512,3,38730, orientations,4,0.9491435289382935,0.9313154220581055,0.18309837579727173,0.9491435289382935,51.40697479248047,15059,aptic,0,0.18519702553749084,0.8148029744625092,0.0051199644804000854,"[{""token_id"": 15059, ""token"": ""aptic"", ""value"": 0.18519702553749084}, {""token_id"": 7730, ""token"": "" committed"", ""value"": 0.18007706105709076}, {""token_id"": 43449, ""token"": "" apache"", ""value"": 0.17546918988227844}, {""token_id"": 4514, ""token"": "" commit"", ""value"": 0.16901765763759613}, {""token_id"": 12246, ""token"": "" bid"", ""value"": 0.16552993655204773}]",15059,aptic,0,51.15323257446289,0.006328582763671875,0.00012371813950290365,"[{""token_id"": 15059, ""token"": ""aptic"", ""value"": 51.15323257446289}, {""token_id"": 7730, ""token"": "" committed"", ""value"": 51.15956115722656}, {""token_id"": 43449, ""token"": "" apache"", ""value"": 51.16830062866211}, {""token_id"": 4514, ""token"": "" commit"", ""value"": 51.17477798461914}, {""token_id"": 12246, ""token"": "" bid"", ""value"": 51.177024841308594}]",18746, STATES,0,0.05333603918552399,0.004677288234233856,0.0917806625366211,0.549311637878418,"[{""token_id"": 18746, ""token"": "" STATES"", ""value"": 0.05333603918552399}, {""token_id"": 187, ""token"": ""\n"", ""value"": 0.04865875095129013}, {""token_id"": 209, ""token"": "" "", ""value"": 0.04143887758255005}, {""token_id"": 1838, ""token"": ""ID"", ""value"": 0.03035966120660305}, {""token_id"": 313, ""token"": "" ("", ""value"": 0.02010687254369259}]",True,False,False,0.609320130199194
step29000,512,768,768,0,29104, repetitive,16,1.041629433631897,1.0264601707458496,0.1771194487810135,1.041629433631897,51.600040435791016,7730, committed,64,0.1742623895406723,0.8257376104593277,0.0031078308820724487,"[{""token_id"": 7730, ""token"": "" committed"", ""value"": 0.1742623895406723}, {""token_id"": 2165, ""token"": "" game"", ""value"": 0.17115455865859985}, {""token_id"": 2756, ""token"": ""\n\n\n"", ""value"": 0.16045694053173065}, {""token_id"": 17494, ""token"": ""settings"", ""value"": 0.15647201240062714}, {""token_id"": 41687, ""token"": "" PAN"", ""value"": 0.15552890300750732}]",7730, committed,64,51.36125564575195,0.025959014892578125,0.0005054201764774256,"[{""token_id"": 7730, ""token"": "" committed"", ""value"": 51.36125564575195}, {""token_id"": 2165, ""token"": "" game"", ""value"": 51.38721466064453}, {""token_id"": 17494, ""token"": ""settings"", ""value"": 51.38761901855469}, {""token_id"": 41687, ""token"": "" PAN"", ""value"": 51.3902702331543}, {""token_id"": 2756, ""token"": ""\n\n\n"", ""value"": 51.39097595214844}]",309, I,2877,0.09847262501716614,0.05045215040445328,0.7181510925292969,0.4952077567577362,"[{""token_id"": 309, ""token"": "" I"", ""value"": 0.09847262501716614}, {""token_id"": 3944, ""token"": "" http"", ""value"": 0.04802047461271286}, {""token_id"": 32, ""token"": ""?"", ""value"": 0.04372001439332962}, {""token_id"": 15, ""token"": ""."", ""value"": 0.0353216752409935}, {""token_id"": 313, ""token"": "" ("", ""value"": 0.035291168838739395}]",True,False,False,0.5754345133900642
step29000,512,768,768,1,10020, semi,112,0.9965580105781555,0.9950224161148071,0.055301737040281296,0.9965580105781555,51.563438415527344,7730, committed,64,0.1993655413389206,0.8006344586610794,0.025140196084976196,"[{""token_id"": 7730, ""token"": "" committed"", ""value"": 0.1993655413389206}, {""token_id"": 2165, ""token"": "" game"", ""value"": 0.1742253452539444}, {""token_id"": 17494, ""token"": ""settings"", ""value"": 0.1683751940727234}, {""token_id"": 4514, ""token"": "" commit"", ""value"": 0.1672506183385849}, {""token_id"": 13379, ""token"": "" beliefs"", ""value"": 0.16313347220420837}]",7730, committed,64,51.28705596923828,0.0461273193359375,0.0008993949538379515,"[{""token_id"": 7730, ""token"": "" committed"", ""value"": 51.28705596923828}, {""token_id"": 17494, ""token"": ""settings"", ""value"": 51.33318328857422}, {""token_id"": 4514, ""token"": "" commit"", ""value"": 51.33383560180664}, {""token_id"": 27039, ""token"": "" conditioned"", ""value"": 51.34040069580078}, {""token_id"": 13379, ""token"": "" beliefs"", ""value"": 51.343727111816406}]",309, I,2877,0.05822018161416054,0.014230091124773026,0.28026771545410156,0.5358739495277405,"[{""token_id"": 309, ""token"": "" I"", ""value"": 0.05822018161416054}, {""token_id"": 209, ""token"": "" "", ""value"": 0.04399009048938751}, {""token_id"": 31, ""token"": "">"", ""value"": 0.031560566276311874}, {""token_id"": 187, ""token"": ""\n"", ""value"": 0.03073141723871231}, {""token_id"": 13, ""token"": "","", ""value"": 0.028761854395270348}]",True,False,False,0.5796176008880138
step29000,512,768,768,2,1941, evidence,284,0.9404715299606323,0.9084538817405701,0.24330684542655945,0.9404715299606323,51.50864028930664,7730, committed,64,0.19121716916561127,0.8087828308343887,0.015893131494522095,"[{""token_id"": 7730, ""token"": "" committed"", ""value"": 0.19121716916561127}, {""token_id"": 43449, ""token"": "" apache"", ""value"": 0.17532403767108917}, {""token_id"": 27039, ""token"": "" conditioned"", ""value"": 0.17333441972732544}, {""token_id"": 3224, ""token"": ""ederal"", ""value"": 0.16929849982261658}, {""token_id"": 15059, ""token"": ""aptic"", ""value"": 0.16775088012218475}]",7730, committed,64,51.2444953918457,0.023693084716796875,0.00046235375205913424,"[{""token_id"": 7730, ""token"": "" committed"", ""value"": 51.2444953918457}, {""token_id"": 27039, ""token"": "" conditioned"", ""value"": 51.2681884765625}, {""token_id"": 43449, ""token"": "" apache"", ""value"": 51.270137786865234}, {""token_id"": 4514, ""token"": "" commit"", ""value"": 51.27891159057617}, {""token_id"": 15059, ""token"": ""aptic"", ""value"": 51.28083419799805}]",209, ,12180,0.054394349455833435,0.008804824203252792,0.17658233642578125,0.5628261566162109,"[{""token_id"": 209, ""token"": "" "", ""value"": 0.054394349455833435}, {""token_id"": 187, ""token"": ""\n"", ""value"": 0.04558952525258064}, {""token_id"": 31, ""token"": "">"", ""value"": 0.023913929238915443}, {""token_id"": 309, ""token"": "" I"", ""value"": 0.022625625133514404}, {""token_id"": 11204, ""token"": "" Conf"", ""value"": 0.02219577133655548}]",True,False,False,0.6130925714969635
step29000,512,768,768,3,38730, orientations,4,1.0327636003494263,1.0196068286895752,0.16432462632656097,1.0327636003494263,51.66819763183594,7730, committed,64,0.19250348210334778,0.8074965178966522,0.016759425401687622,"[{""token_id"": 7730, ""token"": "" committed"", ""value"": 0.19250348210334778}, {""token_id"": 2165, ""token"": "" game"", ""value"": 0.17574405670166016}, {""token_id"": 17494, ""token"": ""settings"", ""value"": 0.1697588413953781}, {""token_id"": 4514, ""token"": "" commit"", ""value"": 0.16423708200454712}, {""token_id"": 2756, ""token"": ""\n\n\n"", ""value"": 0.15974709391593933}]",7730, committed,64,51.402061462402344,0.033763885498046875,0.0006568585877191563,"[{""token_id"": 7730, ""token"": "" committed"", ""value"": 51.402061462402344}, {""token_id"": 17494, ""token"": ""settings"", ""value"": 51.43582534790039}, {""token_id"": 4514, ""token"": "" commit"", ""value"": 51.44309616088867}, {""token_id"": 13687, ""token"": "" selective"", ""value"": 51.4478874206543}, {""token_id"": 2165, ""token"": "" game"", ""value"": 51.449161529541016}]",309, I,2877,0.08133119344711304,0.04562903568148613,0.8233184814453125,0.5146941542625427,"[{""token_id"": 309, ""token"": "" I"", ""value"": 0.08133119344711304}, {""token_id"": 15, ""token"": ""."", ""value"": 0.03570215776562691}, {""token_id"": 32, ""token"": ""?"", ""value"": 0.0347171314060688}, {""token_id"": 187, ""token"": ""\n"", ""value"": 0.03266511484980583}, {""token_id"": 209, ""token"": "" "", ""value"": 0.03244233503937721}]",True,False,False,0.5606435760855675
step29000,768,1024,1024,0,29104, repetitive,16,0.9967141151428223,0.9813380837440491,0.17439790070056915,0.9967141151428223,51.33330535888672,7730, committed,64,0.16622628271579742,0.8337737172842026,0.004069820046424866,"[{""token_id"": 7730, ""token"": "" committed"", ""value"": 0.16622628271579742}, {""token_id"": 18951, ""token"": ""με"", ""value"": 0.16215646266937256}, {""token_id"": 12246, ""token"": "" bid"", ""value"": 0.16072140634059906}, {""token_id"": 43449, ""token"": "" apache"", ""value"": 0.16011697053909302}, {""token_id"": 678, ""token"": ""eth"", ""value"": 0.1601090133190155}]",7730, committed,64,51.10666275024414,0.004077911376953125,7.979216715600637e-05,"[{""token_id"": 7730, ""token"": "" committed"", ""value"": 51.10666275024414}, {""token_id"": 12246, ""token"": "" bid"", ""value"": 51.110740661621094}, {""token_id"": 678, ""token"": ""eth"", ""value"": 51.111671447753906}, {""token_id"": 18951, ""token"": ""με"", ""value"": 51.11265563964844}, {""token_id"": 11421, ""token"": ""idal"", ""value"": 51.114070892333984}]",10,),0,0.057445939630270004,0.009748131036758423,0.1859588623046875,0.5245238542556763,"[{""token_id"": 10, ""token"": "")"", ""value"": 0.057445939630270004}, {""token_id"": 309, ""token"": "" I"", ""value"": 0.04769780859351158}, {""token_id"": 3944, ""token"": "" http"", ""value"": 0.03601281717419624}, {""token_id"": 32, ""token"": ""?"", ""value"": 0.03238896280527115}, {""token_id"": 209, ""token"": "" "", ""value"": 0.03171428665518761}]",True,False,False,0.5762269720435143
step29000,768,1024,1024,1,10020, semi,112,1.0271539688110352,1.0127898454666138,0.17117831110954285,1.0271539688110352,51.3111572265625,7730, committed,64,0.1572485715150833,0.8427514284849167,0.0007979273796081543,"[{""token_id"": 7730, ""token"": "" committed"", ""value"": 0.1572485715150833}, {""token_id"": 31549, ""token"": ""undefined"", ""value"": 0.15645064413547516}, {""token_id"": 678, ""token"": ""eth"", ""value"": 0.15523430705070496}, {""token_id"": 2165, ""token"": "" game"", ""value"": 0.15504886209964752}, {""token_id"": 18951, ""token"": ""με"", ""value"": 0.15462248027324677}]",678,eth,95,51.096988677978516,0.0009765625,1.9111938399236298e-05,"[{""token_id"": 678, ""token"": ""eth"", ""value"": 51.096988677978516}, {""token_id"": 7730, ""token"": "" committed"", ""value"": 51.097965240478516}, {""token_id"": 11421, ""token"": ""idal"", ""value"": 51.098445892333984}, {""token_id"": 31549, ""token"": ""undefined"", ""value"": 51.10066223144531}, {""token_id"": 18951, ""token"": ""με"", ""value"": 51.10179901123047}]",309, I,2877,0.10058707743883133,0.051463812589645386,0.7166910171508789,0.4975568354129791,"[{""token_id"": 309, ""token"": "" I"", ""value"": 0.10058707743883133}, {""token_id"": 32, ""token"": ""?"", ""value"": 0.049123264849185944}, {""token_id"": 3944, ""token"": "" http"", ""value"": 0.04833291098475456}, {""token_id"": 10, ""token"": "")"", ""value"": 0.036045584827661514}, {""token_id"": 313, ""token"": "" ("", ""value"": 0.035291239619255066}]",False,False,False,0.6091882698237896
step29000,768,1024,1024,2,1941, evidence,284,1.03971529006958,1.0246174335479736,0.17654186487197876,1.03971529006958,51.57381820678711,7730, committed,64,0.17215141654014587,0.8278485834598541,0.001990795135498047,"[{""token_id"": 7730, ""token"": "" committed"", ""value"": 0.17215141654014587}, {""token_id"": 2165, ""token"": "" game"", ""value"": 0.17016062140464783}, {""token_id"": 2756, ""token"": ""\n\n\n"", ""value"": 0.16002027690410614}, {""token_id"": 41687, ""token"": "" PAN"", ""value"": 0.15561944246292114}, {""token_id"": 17494, ""token"": ""settings"", ""value"": 0.1542268991470337}]",7730, committed,64,51.33820724487305,0.024135589599609375,0.0004701291863287592,"[{""token_id"": 7730, ""token"": "" committed"", ""value"": 51.33820724487305}, {""token_id"": 2165, ""token"": "" game"", ""value"": 51.362342834472656}, {""token_id"": 41687, ""token"": "" PAN"", ""value"": 51.363922119140625}, {""token_id"": 17494, ""token"": ""settings"", ""value"": 51.36477279663086}, {""token_id"": 2756, ""token"": ""\n\n\n"", ""value"": 51.365386962890625}]",309, I,2877,0.09991226345300674,0.05045050010085106,0.7030925750732422,0.49397119879722595,"[{""token_id"": 309, ""token"": "" I"", ""value"": 0.09991226345300674}, {""token_id"": 3944, ""token"": "" http"", ""value"": 0.049461763352155685}, {""token_id"": 32, ""token"": ""?"", ""value"": 0.04443933814764023}, {""token_id"": 313, ""token"": "" ("", ""value"": 0.03539663180708885}, {""token_id"": 15, ""token"": ""."", ""value"": 0.03469769284129143}]",True,False,False,0.593042466789484
step29000,768,1024,1024,3,38730, orientations,4,1.0204564332962036,1.005426287651062,0.17449714243412018,1.0204564332962036,51.292083740234375,678,eth,95,0.1610681563615799,0.8389318436384201,0.0006973296403884888,"[{""token_id"": 678, ""token"": ""eth"", ""value"": 0.1610681563615799}, {""token_id"": 2600, ""token"": "" content"", ""value"": 0.1603708267211914}, {""token_id"": 18951, ""token"": ""με"", ""value"": 0.16005980968475342}, {""token_id"": 31549, ""token"": ""undefined"", ""value"": 0.15904608368873596}, {""token_id"": 7730, ""token"": "" committed"", ""value"": 0.15855365991592407}]",678,eth,95,51.069000244140625,0.003963470458984375,7.761010476094295e-05,"[{""token_id"": 678, ""token"": ""eth"", ""value"": 51.069000244140625}, {""token_id"": 11421, ""token"": ""idal"", ""value"": 51.07296371459961}, {""token_id"": 18951, ""token"": ""με"", ""value"": 51.07459259033203}, {""token_id"": 7730, ""token"": "" committed"", ""value"": 51.07694625854492}, {""token_id"": 31549, ""token"": ""undefined"", ""value"": 51.07774353027344}]",309, I,2877,0.08091431856155396,0.03358810767531395,0.5363264083862305,0.5095982551574707,"[{""token_id"": 309, ""token"": "" I"", ""value"": 0.08091431856155396}, {""token_id"": 10, ""token"": "")"", ""value"": 0.047326210886240005}, {""token_id"": 32, ""token"": ""?"", ""value"": 0.04402004927396774}, {""token_id"": 3944, ""token"": "" http"", ""value"": 0.04198708385229111}, {""token_id"": 313, ""token"": "" ("", ""value"": 0.03417685627937317}]",True,False,False,0.5820728354156017
step29000,1024,1280,1280,0,29104, repetitive,16,0.9393884539604187,0.9377543926239014,0.055383920669555664,0.9393884539604187,51.451107025146484,7730, committed,64,0.18336009979248047,0.8166399002075195,0.0012070685625076294,"[{""token_id"": 7730, ""token"": "" committed"", ""value"": 0.18336009979248047}, {""token_id"": 15059, ""token"": ""aptic"", ""value"": 0.18215303122997284}, {""token_id"": 43449, ""token"": "" apache"", ""value"": 0.17582324147224426}, {""token_id"": 27039, ""token"": "" conditioned"", ""value"": 0.16858844459056854}, {""token_id"": 4514, ""token"": "" commit"", ""value"": 0.16845625638961792}]",7730, committed,64,51.19875717163086,0.003124237060546875,6.102173632992031e-05,"[{""token_id"": 7730, ""token"": "" committed"", ""value"": 51.19875717163086}, {""token_id"": 15059, ""token"": ""aptic"", ""value"": 51.201881408691406}, {""token_id"": 43449, ""token"": "" apache"", ""value"": 51.21188735961914}, {""token_id"": 27039, ""token"": "" conditioned"", ""value"": 51.21788787841797}, {""token_id"": 4514, ""token"": "" commit"", ""value"": 51.2197380065918}]",187,"
",1,0.05129270628094673,0.006017424166202545,0.1247873306274414,0.5566705465316772,"[{""token_id"": 187, ""token"": ""\n"", ""value"": 0.05129270628094673}, {""token_id"": 209, ""token"": "" "", ""value"": 0.045275282114744186}, {""token_id"": 18746, ""token"": "" STATES"", ""value"": 0.03935348242521286}, {""token_id"": 1838, ""token"": ""ID"", ""value"": 0.024747464805841446}, {""token_id"": 313, ""token"": "" ("", ""value"": 0.019563959911465645}]",True,False,False,0.5907567031681538
step29000,1024,1280,1280,1,10020, semi,112,0.9851009845733643,0.9646230936050415,0.19981543719768524,0.9851009845733643,51.35953903198242,15059,aptic,0,0.17949236929416656,0.8205076307058334,0.004566609859466553,"[{""token_id"": 15059, ""token"": ""aptic"", ""value"": 0.17949236929416656}, {""token_id"": 7730, ""token"": "" committed"", ""value"": 0.1749257594347}, {""token_id"": 43449, ""token"": "" apache"", ""value"": 0.16961389780044556}, {""token_id"": 4514, ""token"": "" commit"", ""value"": 0.16741058230400085}, {""token_id"": 12132, ""token"": ""dp"", ""value"": 0.16702917218208313}]",15059,aptic,0,51.11430740356445,0.005550384521484375,0.00010858768911143104,"[{""token_id"": 15059, ""token"": ""aptic"", ""value"": 51.11430740356445}, {""token_id"": 7730, ""token"": "" committed"", ""value"": 51.11985778808594}, {""token_id"": 12132, ""token"": ""dp"", ""value"": 51.12865447998047}, {""token_id"": 12246, ""token"": "" bid"", ""value"": 51.12886428833008}, {""token_id"": 43449, ""token"": "" apache"", ""value"": 51.129573822021484}]",18746, STATES,0,0.04650341719388962,0.00918174535036087,0.21995162963867188,0.5374512672424316,"[{""token_id"": 18746, ""token"": "" STATES"", ""value"": 0.04650341719388962}, {""token_id"": 209, ""token"": "" "", ""value"": 0.03732167184352875}, {""token_id"": 10, ""token"": "")"", ""value"": 0.03664000704884529}, {""token_id"": 1838, ""token"": ""ID"", ""value"": 0.035061538219451904}, {""token_id"": 187, ""token"": ""\n"", ""value"": 0.03132760524749756}]",True,False,False,0.6236483529210091
step29000,1024,1280,1280,2,1941, evidence,284,0.9918242692947388,0.9762622714042664,0.1750066578388214,0.9918242692947388,51.33966064453125,7730, committed,64,0.16719593107700348,0.8328040689229965,0.0053367018699646,"[{""token_id"": 7730, ""token"": "" committed"", ""value"": 0.16719593107700348}, {""token_id"": 18951, ""token"": ""με"", ""value"": 0.16185922920703888}, {""token_id"": 12246, ""token"": "" bid"", ""value"": 0.16139458119869232}, {""token_id"": 43449, ""token"": "" apache"", ""value"": 0.16065196692943573}, {""token_id"": 678, ""token"": ""eth"", ""value"": 0.15946145355701447}]",7730, committed,64,51.11156463623047,0.00449371337890625,8.791969901310511e-05,"[{""token_id"": 7730, ""token"": "" committed"", ""value"": 51.11156463623047}, {""token_id"": 12246, ""token"": "" bid"", ""value"": 51.116058349609375}, {""token_id"": 678, ""token"": ""eth"", ""value"": 51.119014739990234}, {""token_id"": 18951, ""token"": ""με"", ""value"": 51.11945343017578}, {""token_id"": 11421, ""token"": ""idal"", ""value"": 51.12091064453125}]",10,),0,0.057417746633291245,0.012820221483707428,0.25267505645751953,0.5259087681770325,"[{""token_id"": 10, ""token"": "")"", ""value"": 0.057417746633291245}, {""token_id"": 309, ""token"": "" I"", ""value"": 0.044597525149583817}, {""token_id"": 3944, ""token"": "" http"", ""value"": 0.035453952848911285}, {""token_id"": 209, ""token"": "" "", ""value"": 0.032145436853170395}, {""token_id"": 32, ""token"": ""?"", ""value"": 0.031035639345645905}]",True,False,False,0.5784978158771992
step29000,1024,1280,1280,3,38730, orientations,4,0.9681084752082825,0.9490258693695068,0.1912691444158554,0.9681084752082825,51.362449645996094,15059,aptic,0,0.18487977981567383,0.8151202201843262,0.007893994450569153,"[{""token_id"": 15059, ""token"": ""aptic"", ""value"": 0.18487977981567383}, {""token_id"": 7730, ""token"": "" committed"", ""value"": 0.17698578536510468}, {""token_id"": 43449, ""token"": "" apache"", ""value"": 0.1736941635608673}, {""token_id"": 4514, ""token"": "" commit"", ""value"": 0.16921354830265045}, {""token_id"": 12246, ""token"": "" bid"", ""value"": 0.16620542109012604}]",15059,aptic,0,51.10919189453125,0.010486602783203125,0.0002051803676497809,"[{""token_id"": 15059, ""token"": ""aptic"", ""value"": 51.10919189453125}, {""token_id"": 7730, ""token"": "" committed"", ""value"": 51.11967849731445}, {""token_id"": 43449, ""token"": "" apache"", ""value"": 51.126426696777344}, {""token_id"": 4514, ""token"": "" commit"", ""value"": 51.129974365234375}, {""token_id"": 12246, ""token"": "" bid"", ""value"": 51.1314811706543}]",18746, STATES,0,0.059470877051353455,0.019039034843444824,0.38586902618408203,0.5410415530204773,"[{""token_id"": 18746, ""token"": "" STATES"", ""value"": 0.059470877051353455}, {""token_id"": 187, ""token"": ""\n"", ""value"": 0.04043184220790863}, {""token_id"": 209, ""token"": "" "", ""value"": 0.03855562210083008}, {""token_id"": 1838, ""token"": ""ID"", ""value"": 0.035072796046733856}, {""token_id"": 63, ""token"": ""^"", ""value"": 0.024513613432645798}]",True,False,False,0.6174812652170658
step29000,1280,1536,1536,0,29104, repetitive,16,1.0443869829177856,1.03029203414917,0.17100462317466736,1.0443869829177856,51.68340301513672,7730, committed,64,0.1856618970632553,0.8143381029367447,0.010813906788825989,"[{""token_id"": 7730, ""token"": "" committed"", ""value"": 0.1856618970632553}, {""token_id"": 2165, ""token"": "" game"", ""value"": 0.17484799027442932}, {""token_id"": 17494, ""token"": ""settings"", ""value"": 0.1661110520362854}, {""token_id"": 2756, ""token"": ""\n\n\n"", ""value"": 0.16103701293468475}, {""token_id"": 4514, ""token"": "" commit"", ""value"": 0.16035324335098267}]",7730, committed,64,51.42750930786133,0.028987884521484375,0.0005636649511442161,"[{""token_id"": 7730, ""token"": "" committed"", ""value"": 51.42750930786133}, {""token_id"": 17494, ""token"": ""settings"", ""value"": 51.45649719238281}, {""token_id"": 4514, ""token"": "" commit"", ""value"": 51.464149475097656}, {""token_id"": 2165, ""token"": "" game"", ""value"": 51.465572357177734}, {""token_id"": 13687, ""token"": "" selective"", ""value"": 51.46678924560547}]",309, I,2877,0.08989790081977844,0.05071554705500603,0.8304481506347656,0.5049377679824829,"[{""token_id"": 309, ""token"": "" I"", ""value"": 0.08989790081977844}, {""token_id"": 32, ""token"": ""?"", ""value"": 0.039182353764772415}, {""token_id"": 3944, ""token"": "" http"", ""value"": 0.03731240704655647}, {""token_id"": 15, ""token"": ""."", ""value"": 0.03694123402237892}, {""token_id"": 313, ""token"": "" ("", ""value"": 0.03384046256542206}]",True,False,False,0.6016222722828388
step29000,1280,1536,1536,1,10020, semi,112,0.9675668478012085,0.9450980424880981,0.20730501413345337,0.9675668478012085,51.517608642578125,7730, committed,64,0.19886240363121033,0.8011375963687897,0.028018683195114136,"[{""token_id"": 7730, ""token"": "" committed"", ""value"": 0.19886240363121033}, {""token_id"": 43449, ""token"": "" apache"", ""value"": 0.1708437204360962}, {""token_id"": 2165, ""token"": "" game"", ""value"": 0.1706494241952896}, {""token_id"": 27039, ""token"": "" conditioned"", ""value"": 0.1701955497264862}, {""token_id"": 4514, ""token"": "" commit"", ""value"": 0.1670864224433899}]",7730, committed,64,51.242000579833984,0.0399169921875,0.0007789897298273932,"[{""token_id"": 7730, ""token"": "" committed"", ""value"": 51.242000579833984}, {""token_id"": 27039, ""token"": "" conditioned"", ""value"": 51.281917572021484}, {""token_id"": 43449, ""token"": "" apache"", ""value"": 51.2857551574707}, {""token_id"": 4514, ""token"": "" commit"", ""value"": 51.288272857666016}, {""token_id"": 13379, ""token"": "" beliefs"", ""value"": 51.29494857788086}]",209, ,12180,0.05482184886932373,0.016479741781949997,0.3575401306152344,0.5525253415107727,"[{""token_id"": 209, ""token"": "" "", ""value"": 0.05482184886932373}, {""token_id"": 309, ""token"": "" I"", ""value"": 0.038342107087373734}, {""token_id"": 187, ""token"": ""\n"", ""value"": 0.033730216324329376}, {""token_id"": 31, ""token"": "">"", ""value"": 0.03143279254436493}, {""token_id"": 13, ""token"": "","", ""value"": 0.024321548640727997}]",True,False,False,0.6202474161982536
step29000,1280,1536,1536,2,1941, evidence,284,0.9398511052131653,0.9382709264755249,0.054476894438266754,0.9398511052131653,51.463497161865234,7730, committed,64,0.18448171019554138,0.8155182898044586,0.0038242489099502563,"[{""token_id"": 7730, ""token"": "" committed"", ""value"": 0.18448171019554138}, {""token_id"": 15059, ""token"": ""aptic"", ""value"": 0.18065746128559113}, {""token_id"": 43449, ""token"": "" apache"", ""value"": 0.17583727836608887}, {""token_id"": 27039, ""token"": "" conditioned"", ""value"": 0.16970159113407135}, {""token_id"": 4514, ""token"": "" commit"", ""value"": 0.16827134788036346}]",7730, committed,64,51.2094612121582,0.007030487060546875,0.0001372888308943522,"[{""token_id"": 7730, ""token"": "" committed"", ""value"": 51.2094612121582}, {""token_id"": 15059, ""token"": ""aptic"", ""value"": 51.21649169921875}, {""token_id"": 43449, ""token"": "" apache"", ""value"": 51.2242546081543}, {""token_id"": 27039, ""token"": "" conditioned"", ""value"": 51.228580474853516}, {""token_id"": 4514, ""token"": "" commit"", ""value"": 51.23240280151367}]",187,"
",1,0.05126043036580086,0.004606012254953384,0.09415149688720703,0.5585250854492188,"[{""token_id"": 187, ""token"": ""\n"", ""value"": 0.05126043036580086}, {""token_id"": 209, ""token"": "" "", ""value"": 0.04665441811084747}, {""token_id"": 18746, ""token"": "" STATES"", ""value"": 0.03482421115040779}, {""token_id"": 1838, ""token"": ""ID"", ""value"": 0.022864973172545433}, {""token_id"": 11204, ""token"": "" Conf"", ""value"": 0.019991207867860794}]",True,False,False,0.6357894614338875
step29000,1280,1536,1536,3,38730, orientations,4,1.00267493724823,1.000945806503296,0.058859683573246,1.00267493724823,51.57722473144531,7730, committed,64,0.19889722764492035,0.8011027723550797,0.02426491677761078,"[{""token_id"": 7730, ""token"": "" committed"", ""value"": 0.19889722764492035}, {""token_id"": 2165, ""token"": "" game"", ""value"": 0.17463231086730957}, {""token_id"": 17494, ""token"": ""settings"", ""value"": 0.16916584968566895}, {""token_id"": 4514, ""token"": "" commit"", ""value"": 0.16711901128292084}, {""token_id"": 13379, ""token"": "" beliefs"", ""value"": 0.16246244311332703}]",7730, committed,64,51.30154037475586,0.044239044189453125,0.0008623336427383767,"[{""token_id"": 7730, ""token"": "" committed"", ""value"": 51.30154037475586}, {""token_id"": 17494, ""token"": ""settings"", ""value"": 51.34577941894531}, {""token_id"": 4514, ""token"": "" commit"", ""value"": 51.347816467285156}, {""token_id"": 27039, ""token"": "" conditioned"", ""value"": 51.356689453125}, {""token_id"": 13687, ""token"": "" selective"", ""value"": 51.35707473754883}]",309, I,2877,0.061699870973825455,0.019613098353147507,0.38254833221435547,0.5328969359397888,"[{""token_id"": 309, ""token"": "" I"", ""value"": 0.061699870973825455}, {""token_id"": 209, ""token"": "" "", ""value"": 0.04208677262067795}, {""token_id"": 187, ""token"": ""\n"", ""value"": 0.03080153465270996}, {""token_id"": 31, ""token"": "">"", ""value"": 0.030745333060622215}, {""token_id"": 15, ""token"": ""."", ""value"": 0.029326099902391434}]",True,False,False,0.6230192445218563
step29000,1536,1792,1792,0,29104, repetitive,16,1.0136759281158447,0.9986270666122437,0.17401932179927826,1.0136759281158447,51.303043365478516,18951,με,1,0.16187404096126556,0.8381259590387344,8.121132850646973e-05,"[{""token_id"": 18951, ""token"": ""με"", ""value"": 0.16187404096126556}, {""token_id"": 678, ""token"": ""eth"", ""value"": 0.1617928296327591}, {""token_id"": 2600, ""token"": "" content"", ""value"": 0.1615225076675415}, {""token_id"": 7730, ""token"": "" committed"", ""value"": 0.16120301187038422}, {""token_id"": 11421, ""token"": ""idal"", ""value"": 0.15792639553546906}]",678,eth,95,51.07884979248047,0.0039825439453125,7.796855178792195e-05,"[{""token_id"": 678, ""token"": ""eth"", ""value"": 51.07884979248047}, {""token_id"": 18951, ""token"": ""με"", ""value"": 51.08283233642578}, {""token_id"": 11421, ""token"": ""idal"", ""value"": 51.082862854003906}, {""token_id"": 7730, ""token"": "" committed"", ""value"": 51.08393478393555}, {""token_id"": 17854, ""token"": "" subjective"", ""value"": 51.08613967895508}]",309, I,2877,0.0667148008942604,0.013591937720775604,0.22781944274902344,0.5163539052009583,"[{""token_id"": 309, ""token"": "" I"", ""value"": 0.0667148008942604}, {""token_id"": 10, ""token"": "")"", ""value"": 0.0531228631734848}, {""token_id"": 32, ""token"": ""?"", ""value"": 0.03948681801557541}, {""token_id"": 3944, ""token"": "" http"", ""value"": 0.03912080079317093}, {""token_id"": 313, ""token"": "" ("", ""value"": 0.0330812893807888}]",False,False,False,0.6065275259315968
step29000,1536,1792,1792,1,10020, semi,112,1.0329573154449463,1.0191738605499268,0.16818253695964813,1.0329573154449463,51.38920974731445,2165, game,1850,0.16160519421100616,0.8383948057889938,0.0009308755397796631,"[{""token_id"": 2165, ""token"": "" game"", ""value"": 0.16160519421100616}, {""token_id"": 7730, ""token"": "" committed"", ""value"": 0.1606743186712265}, {""token_id"": 18428, ""token"": ""network"", ""value"": 0.15493051707744598}, {""token_id"": 2756, ""token"": ""\n\n\n"", ""value"": 0.15345928072929382}, {""token_id"": 41687, ""token"": "" PAN"", ""value"": 0.15206559002399445}]",7730, committed,64,51.17085266113281,0.01016998291015625,0.00019874562140882466,"[{""token_id"": 7730, ""token"": "" committed"", ""value"": 51.17085266113281}, {""token_id"": 18428, ""token"": ""network"", ""value"": 51.18102264404297}, {""token_id"": 34544, ""token"": "" prestigious"", ""value"": 51.1830940246582}, {""token_id"": 41687, ""token"": "" PAN"", ""value"": 51.1846809387207}, {""token_id"": 886, ""token"": ""ec"", ""value"": 51.18479919433594}]",309, I,2877,0.10622348636388779,0.05373399332165718,0.7049322128295898,0.49156540632247925,"[{""token_id"": 309, ""token"": "" I"", ""value"": 0.10622348636388779}, {""token_id"": 3944, ""token"": "" http"", ""value"": 0.052489493042230606}, {""token_id"": 32, ""token"": ""?"", ""value"": 0.048800837248563766}, {""token_id"": 313, ""token"": "" ("", ""value"": 0.035534292459487915}, {""token_id"": 209, ""token"": "" "", ""value"": 0.03132536634802818}]",False,False,False,0.6033219508826733
step29000,1536,1792,1792,2,1941, evidence,284,1.045298457145691,1.0308921337127686,0.17294566333293915,1.045298457145691,51.676536560058594,7730, committed,64,0.18350036442279816,0.8164996355772018,0.00915411114692688,"[{""token_id"": 7730, ""token"": "" committed"", ""value"": 0.18350036442279816}, {""token_id"": 2165, ""token"": "" game"", ""value"": 0.17434625327587128}, {""token_id"": 17494, ""token"": ""settings"", ""value"": 0.16458441317081451}, {""token_id"": 2756, ""token"": ""\n\n\n"", ""value"": 0.1611388921737671}, {""token_id"": 4514, ""token"": "" commit"", ""value"": 0.1590450555086136}]",7730, committed,64,51.42388153076172,0.02803802490234375,0.0005452335387318328,"[{""token_id"": 7730, ""token"": "" committed"", ""value"": 51.42388153076172}, {""token_id"": 17494, ""token"": ""settings"", ""value"": 51.45191955566406}, {""token_id"": 4514, ""token"": "" commit"", ""value"": 51.459251403808594}, {""token_id"": 2165, ""token"": "" game"", ""value"": 51.459381103515625}, {""token_id"": 13687, ""token"": "" selective"", ""value"": 51.461387634277344}]",309, I,2877,0.09178414195775986,0.05156521126627922,0.8251018524169922,0.502626359462738,"[{""token_id"": 309, ""token"": "" I"", ""value"": 0.09178414195775986}, {""token_id"": 32, ""token"": ""?"", ""value"": 0.04021893069148064}, {""token_id"": 3944, ""token"": "" http"", ""value"": 0.03969921916723251}, {""token_id"": 15, ""token"": ""."", ""value"": 0.03689665347337723}, {""token_id"": 313, ""token"": "" ("", ""value"": 0.03426557779312134}]",True,False,False,0.629953395575285
step29000,1536,1792,1792,3,38730, orientations,4,1.0263383388519287,1.0118236541748047,0.17199784517288208,1.0263383388519287,51.3046989440918,31549,undefined,0,0.15730343759059906,0.8426965624094009,0.00018158555030822754,"[{""token_id"": 31549, ""token"": ""undefined"", ""value"": 0.15730343759059906}, {""token_id"": 7730, ""token"": "" committed"", ""value"": 0.15712185204029083}, {""token_id"": 678, ""token"": ""eth"", ""value"": 0.15639641880989075}, {""token_id"": 18951, ""token"": ""με"", ""value"": 0.15549229085445404}, {""token_id"": 2165, ""token"": "" game"", ""value"": 0.15414203703403473}]",678,eth,95,51.08875274658203,0.0019378662109375,3.793136662681882e-05,"[{""token_id"": 678, ""token"": ""eth"", ""value"": 51.08875274658203}, {""token_id"": 11421, ""token"": ""idal"", ""value"": 51.09069061279297}, {""token_id"": 7730, ""token"": "" committed"", ""value"": 51.091697692871094}, {""token_id"": 31549, ""token"": ""undefined"", ""value"": 51.09293746948242}, {""token_id"": 18951, ""token"": ""με"", ""value"": 51.09403991699219}]",309, I,2877,0.09862866997718811,0.04987401142716408,0.7045612335205078,0.4990091323852539,"[{""token_id"": 309, ""token"": "" I"", ""value"": 0.09862866997718811}, {""token_id"": 32, ""token"": ""?"", ""value"": 0.04875465855002403}, {""token_id"": 3944, ""token"": "" http"", ""value"": 0.047454606741666794}, {""token_id"": 10, ""token"": "")"", ""value"": 0.03754763305187225}, {""token_id"": 313, ""token"": "" ("", ""value"": 0.035202570259571075}]",False,False,False,0.6142949908971786
step29000,1792,2048,2048,0,29104, repetitive,16,0.9553722143173218,0.9372028112411499,0.1854371279478073,0.9553722143173218,51.38835144042969,15059,aptic,0,0.1856382191181183,0.8143617808818817,0.0067868828773498535,"[{""token_id"": 15059, ""token"": ""aptic"", ""value"": 0.1856382191181183}, {""token_id"": 7730, ""token"": "" committed"", ""value"": 0.17885133624076843}, {""token_id"": 43449, ""token"": "" apache"", ""value"": 0.17507825791835785}, {""token_id"": 4514, ""token"": "" commit"", ""value"": 0.16919633746147156}, {""token_id"": 12246, ""token"": "" bid"", ""value"": 0.16588039696216583}]",15059,aptic,0,51.13395690917969,0.008819580078125,0.0001724799059417537,"[{""token_id"": 15059, ""token"": ""aptic"", ""value"": 51.13395690917969}, {""token_id"": 7730, ""token"": "" committed"", ""value"": 51.14277648925781}, {""token_id"": 43449, ""token"": "" apache"", ""value"": 51.15026092529297}, {""token_id"": 4514, ""token"": "" commit"", ""value"": 51.15589141845703}, {""token_id"": 12246, ""token"": "" bid"", ""value"": 51.15787124633789}]",18746, STATES,0,0.05765863507986069,0.011400669813156128,0.220306396484375,0.5459983944892883,"[{""token_id"": 18746, ""token"": "" STATES"", ""value"": 0.05765863507986069}, {""token_id"": 187, ""token"": ""\n"", ""value"": 0.04625796526670456}, {""token_id"": 209, ""token"": "" "", ""value"": 0.04016600921750069}, {""token_id"": 1838, ""token"": ""ID"", ""value"": 0.03239452838897705}, {""token_id"": 313, ""token"": "" ("", ""value"": 0.020509883761405945}]",True,False,False,0.6119757406413555
step29000,1792,2048,2048,1,10020, semi,112,0.9918302893638611,0.9711137413978577,0.20165672898292542,0.9918302893638611,51.366886138916016,7730, committed,64,0.17266203463077545,0.8273379653692245,0.0009600520133972168,"[{""token_id"": 7730, ""token"": "" committed"", ""value"": 0.17266203463077545}, {""token_id"": 15059, ""token"": ""aptic"", ""value"": 0.17170198261737823}, {""token_id"": 43449, ""token"": "" apache"", ""value"": 0.16536742448806763}, {""token_id"": 12246, ""token"": "" bid"", ""value"": 0.16492334008216858}, {""token_id"": 12132, ""token"": ""dp"", ""value"": 0.16394880414009094}]",7730, committed,64,51.130592346191406,0.00266265869140625,5.207564726373808e-05,"[{""token_id"": 7730, ""token"": "" committed"", ""value"": 51.130592346191406}, {""token_id"": 15059, ""token"": ""aptic"", ""value"": 51.13325500488281}, {""token_id"": 12246, ""token"": "" bid"", ""value"": 51.13787841796875}, {""token_id"": 12132, ""token"": ""dp"", ""value"": 51.14067840576172}, {""token_id"": 19742, ""token"": ""vic"", ""value"": 51.142433166503906}]",10,),0,0.04901319742202759,0.013377945870161057,0.3187541961669922,0.5340956449508667,"[{""token_id"": 10, ""token"": "")"", ""value"": 0.04901319742202759}, {""token_id"": 209, ""token"": "" "", ""value"": 0.03563525155186653}, {""token_id"": 18746, ""token"": "" STATES"", ""value"": 0.033232055604457855}, {""token_id"": 1838, ""token"": ""ID"", ""value"": 0.031049950048327446}, {""token_id"": 3944, ""token"": "" http"", ""value"": 0.03007969632744789}]",True,False,False,0.5965712741017342
step29000,1792,2048,2048,2,1941, evidence,284,1.0111372470855713,0.9960792064666748,0.17385251820087433,1.0111372470855713,51.30797576904297,18951,με,1,0.16216298937797546,0.8378370106220245,4.7072768211364746e-05,"[{""token_id"": 18951, ""token"": ""με"", ""value"": 0.16216298937797546}, {""token_id"": 7730, ""token"": "" committed"", ""value"": 0.1621159166097641}, {""token_id"": 678, ""token"": ""eth"", ""value"": 0.16170252859592438}, {""token_id"": 2600, ""token"": "" content"", ""value"": 0.16132904589176178}, {""token_id"": 17854, ""token"": "" subjective"", ""value"": 0.158255934715271}]",678,eth,95,51.08391571044922,0.00341033935546875,6.675955255268666e-05,"[{""token_id"": 678, ""token"": ""eth"", ""value"": 51.08391571044922}, {""token_id"": 18951, ""token"": ""με"", ""value"": 51.08732604980469}, {""token_id"": 7730, ""token"": "" committed"", ""value"": 51.087493896484375}, {""token_id"": 11421, ""token"": ""idal"", ""value"": 51.0877571105957}, {""token_id"": 12246, ""token"": "" bid"", ""value"": 51.090091705322266}]",309, I,2877,0.06274271756410599,0.00829075276851654,0.1417236328125,0.5180891752243042,"[{""token_id"": 309, ""token"": "" I"", ""value"": 0.06274271756410599}, {""token_id"": 10, ""token"": "")"", ""value"": 0.05445196479558945}, {""token_id"": 3944, ""token"": "" http"", ""value"": 0.038443900644779205}, {""token_id"": 32, ""token"": ""?"", ""value"": 0.038125816732645035}, {""token_id"": 313, ""token"": "" ("", ""value"": 0.032722797244787216}]",False,False,False,0.6082058027386665
step29000,1792,2048,2048,3,38730, orientations,4,0.9833268523216248,0.9629849791526794,0.19897647202014923,0.9833268523216248,51.35789489746094,15059,aptic,0,0.18047598004341125,0.8195240199565887,0.005284324288368225,"[{""token_id"": 15059, ""token"": ""aptic"", ""value"": 0.18047598004341125}, {""token_id"": 7730, ""token"": "" committed"", ""value"": 0.17519165575504303}, {""token_id"": 43449, ""token"": "" apache"", ""value"": 0.17025795578956604}, {""token_id"": 4514, ""token"": "" commit"", ""value"": 0.1678268313407898}, {""token_id"": 12132, ""token"": ""dp"", ""value"": 0.16720521450042725}]",15059,aptic,0,51.111202239990234,0.006610870361328125,0.00012934288515239957,"[{""token_id"": 15059, ""token"": ""aptic"", ""value"": 51.111202239990234}, {""token_id"": 7730, ""token"": "" committed"", ""value"": 51.11781311035156}, {""token_id"": 12132, ""token"": ""dp"", ""value"": 51.12674331665039}, {""token_id"": 43449, ""token"": "" apache"", ""value"": 51.126976013183594}, {""token_id"": 12246, ""token"": "" bid"", ""value"": 51.12710189819336}]",18746, STATES,0,0.04877445101737976,0.011290766298770905,0.26330089569091797,0.5378061532974243,"[{""token_id"": 18746, ""token"": "" STATES"", ""value"": 0.04877445101737976}, {""token_id"": 209, ""token"": "" "", ""value"": 0.037483684718608856}, {""token_id"": 1838, ""token"": ""ID"", ""value"": 0.03538404032588005}, {""token_id"": 10, ""token"": "")"", ""value"": 0.03454219549894333}, {""token_id"": 187, ""token"": ""\n"", ""value"": 0.03240859508514404}]",True,False,False,0.6159915216267109
step37000,0,256,256,0,29104, repetitive,16,1.0142642259597778,0.9768058061599731,0.2730977535247803,1.0142642259597778,51.89841842651367,39851,textsf,0,0.17900162935256958,0.8209983706474304,0.00674988329410553,"[{""token_id"": 39851, ""token"": ""textsf"", ""value"": 0.17900162935256958}, {""token_id"": 43653, ""token"": "" taxonomic"", ""value"": 0.17225174605846405}, {""token_id"": 6640, ""token"": "" NS"", ""value"": 0.1717330813407898}, {""token_id"": 6952, ""token"": ""mes"", ""value"": 0.16986975073814392}, {""token_id"": 23079, ""token"": ""chrome"", ""value"": 0.15971924364566803}]",6640, NS,54,51.66544723510742,0.00095367431640625,1.845864823479578e-05,"[{""token_id"": 6640, ""token"": "" NS"", ""value"": 51.66544723510742}, {""token_id"": 43653, ""token"": "" taxonomic"", ""value"": 51.66640090942383}, {""token_id"": 6952, ""token"": ""mes"", ""value"": 51.66728591918945}, {""token_id"": 39851, ""token"": ""textsf"", ""value"": 51.671714782714844}, {""token_id"": 28956, ""token"": ""species"", ""value"": 51.687049865722656}]",60,[,0,0.06240604817867279,0.018439706414937973,0.3502378463745117,0.5403584837913513,"[{""token_id"": 60, ""token"": ""["", ""value"": 0.06240604817867279}, {""token_id"": 15, ""token"": ""."", ""value"": 0.04396634176373482}, {""token_id"": 40743, ""token"": ""ubotu"", ""value"": 0.03755192831158638}, {""token_id"": 187, ""token"": ""\n"", ""value"": 0.03150089830160141}, {""token_id"": 1959, ""token"": "" free"", ""value"": 0.031458958983421326}]",False,False,False,0.6221533417701721
step37000,0,256,256,1,10020, semi,112,1.0447208881378174,1.0447208881378174,0.0,1.038963794708252,51.381500244140625,6952,mes,35,0.17412683367729187,0.8258731663227081,0.008887320756912231,"[{""token_id"": 6952, ""token"": ""mes"", ""value"": 0.17412683367729187}, {""token_id"": 39851, ""token"": ""textsf"", ""value"": 0.16523951292037964}, {""token_id"": 43653, ""token"": "" taxonomic"", ""value"": 0.1568235158920288}, {""token_id"": 1821, ""token"": "" men"", ""value"": 0.15552271902561188}, {""token_id"": 15700, ""token"": ""hist"", ""value"": 0.15283159911632538}]",6952,mes,35,51.14423751831055,0.02812957763671875,0.0005500048295108097,"[{""token_id"": 6952, ""token"": ""mes"", ""value"": 51.14423751831055}, {""token_id"": 43653, ""token"": "" taxonomic"", ""value"": 51.172367095947266}, {""token_id"": 39851, ""token"": ""textsf"", ""value"": 51.17382049560547}, {""token_id"": 15700, ""token"": ""hist"", ""value"": 51.17787551879883}, {""token_id"": 11746, ""token"": ""menu"", ""value"": 51.18300247192383}]",50254,                        ,0,0.1040898934006691,0.056201398372650146,0.7763795852661133,0.5180155038833618,"[{""token_id"": 50254, ""token"": ""                        "", ""value"": 0.1040898934006691}, {""token_id"": 40743, ""token"": ""ubotu"", ""value"": 0.04788849502801895}, {""token_id"": 15, ""token"": ""."", ""value"": 0.035615552216768265}, {""token_id"": 575, ""token"": "" "", ""value"": 0.028245916590094566}, {""token_id"": 187, ""token"": ""\n"", ""value"": 0.026682471856474876}]",True,False,False,0.5928006358444691
step37000,0,256,256,2,1941, evidence,284,1.0519592761993408,1.0519592761993408,0.0,1.0338810682296753,50.90059280395508,6952,mes,35,0.18268373608589172,0.8173162639141083,0.014191582798957825,"[{""token_id"": 6952, ""token"": ""mes"", ""value"": 0.18268373608589172}, {""token_id"": 39851, ""token"": ""textsf"", ""value"": 0.1684921532869339}, {""token_id"": 1821, ""token"": "" men"", ""value"": 0.1578543484210968}, {""token_id"": 43653, ""token"": "" taxonomic"", ""value"": 0.1570477932691574}, {""token_id"": 15700, ""token"": ""hist"", ""value"": 0.1561862975358963}]",6952,mes,35,50.65078353881836,0.037841796875,0.0007471117765828508,"[{""token_id"": 6952, ""token"": ""mes"", ""value"": 50.65078353881836}, {""token_id"": 39851, ""token"": ""textsf"", ""value"": 50.68862533569336}, {""token_id"": 43653, ""token"": "" taxonomic"", ""value"": 50.691322326660156}, {""token_id"": 15700, ""token"": ""hist"", ""value"": 50.69222640991211}, {""token_id"": 11746, ""token"": ""menu"", ""value"": 50.696163177490234}]",50254,                        ,0,0.07399094849824905,0.015687759965658188,0.23828601837158203,0.5305926203727722,"[{""token_id"": 50254, ""token"": ""                        "", ""value"": 0.07399094849824905}, {""token_id"": 40743, ""token"": ""ubotu"", ""value"": 0.058303188532590866}, {""token_id"": 15, ""token"": ""."", ""value"": 0.03971036151051521}, {""token_id"": 187, ""token"": ""\n"", ""value"": 0.02803226187825203}, {""token_id"": 313, ""token"": "" ("", ""value"": 0.019505204632878304}]",True,False,False,0.6110201217234135
step37000,0,256,256,3,38730, orientations,4,1.0176266431808472,0.9956822395324707,0.21019230782985687,1.0176266431808472,53.385223388671875,39851,textsf,0,0.17543238401412964,0.8245676159858704,0.01654571294784546,"[{""token_id"": 39851, ""token"": ""textsf"", ""value"": 0.17543238401412964}, {""token_id"": 7514, ""token"": "" concerned"", ""value"": 0.15888667106628418}, {""token_id"": 6640, ""token"": "" NS"", ""value"": 0.15515126287937164}, {""token_id"": 11177, ""token"": ""ele"", ""value"": 0.1540142297744751}, {""token_id"": 678, ""token"": ""eth"", ""value"": 0.15294767916202545}]",39851,textsf,0,53.16291809082031,0.012195587158203125,0.00022940025860448295,"[{""token_id"": 39851, ""token"": ""textsf"", ""value"": 53.16291809082031}, {""token_id"": 7514, ""token"": "" concerned"", ""value"": 53.175113677978516}, {""token_id"": 11177, ""token"": ""ele"", ""value"": 53.17545700073242}, {""token_id"": 6640, ""token"": "" NS"", ""value"": 53.17625045776367}, {""token_id"": 678, ""token"": ""eth"", ""value"": 53.17734909057617}]",50254,                        ,0,0.1097809448838234,0.06422623246908188,0.879572868347168,0.5043449997901917,"[{""token_id"": 50254, ""token"": ""                        "", ""value"": 0.1097809448838234}, {""token_id"": 209, ""token"": "" "", ""value"": 0.045554712414741516}, {""token_id"": 575, ""token"": "" "", ""value"": 0.03910170495510101}, {""token_id"": 60, ""token"": ""["", ""value"": 0.03891228139400482}, {""token_id"": 187, ""token"": ""\n"", ""value"": 0.037443242967128754}]",True,False,False,0.5625971965491772
step37000,256,512,512,0,29104, repetitive,16,1.0128939151763916,1.0128939151763916,0.0,1.0026211738586426,56.081539154052734,39851,textsf,0,0.16819381713867188,0.8318061828613281,0.0021522343158721924,"[{""token_id"": 39851, ""token"": ""textsf"", ""value"": 0.16819381713867188}, {""token_id"": 6640, ""token"": "" NS"", ""value"": 0.16604158282279968}, {""token_id"": 925, ""token"": ""fr"", ""value"": 0.1633564680814743}, {""token_id"": 28956, ""token"": ""species"", ""value"": 0.16248559951782227}, {""token_id"": 7514, ""token"": "" concerned"", ""value"": 0.16126376390457153}]",6640, NS,54,55.85546875,0.0069732666015625,0.00012484483180642003,"[{""token_id"": 6640, ""token"": "" NS"", ""value"": 55.85546875}, {""token_id"": 925, ""token"": ""fr"", ""value"": 55.86244201660156}, {""token_id"": 28956, ""token"": ""species"", ""value"": 55.862754821777344}, {""token_id"": 43653, ""token"": "" taxonomic"", ""value"": 55.86520767211914}, {""token_id"": 7514, ""token"": "" concerned"", ""value"": 55.8670654296875}]",575, ,0,0.12754876911640167,0.0003736168146133423,0.002933502197265625,0.4664023518562317,"[{""token_id"": 575, ""token"": "" "", ""value"": 0.12754876911640167}, {""token_id"": 60, ""token"": ""["", ""value"": 0.12717515230178833}, {""token_id"": 187, ""token"": ""\n"", ""value"": 0.06561279296875}, {""token_id"": 50254, ""token"": ""                        "", ""value"": 0.026239020749926567}, {""token_id"": 33290, ""token"": ""permission"", ""value"": 0.01680798828601837}]",False,False,False,0.5509148836135864
step37000,256,512,512,1,10020, semi,112,0.9873636960983276,0.9873636960983276,0.0,0.9734296202659607,56.10481643676758,39851,textsf,0,0.17254406213760376,0.8274559378623962,0.0068272799253463745,"[{""token_id"": 39851, ""token"": ""textsf"", ""value"": 0.17254406213760376}, {""token_id"": 925, ""token"": ""fr"", ""value"": 0.16571678221225739}, {""token_id"": 11419, ""token"": "" meta"", ""value"": 0.1576710045337677}, {""token_id"": 7514, ""token"": "" concerned"", ""value"": 0.15694838762283325}, {""token_id"": 43653, ""token"": "" taxonomic"", ""value"": 0.156492680311203}]",925,fr,36,55.882266998291016,0.003376007080078125,6.041285118553565e-05,"[{""token_id"": 925, ""token"": ""fr"", ""value"": 55.882266998291016}, {""token_id"": 39851, ""token"": ""textsf"", ""value"": 55.885643005371094}, {""token_id"": 11419, ""token"": "" meta"", ""value"": 55.89247131347656}, {""token_id"": 6640, ""token"": "" NS"", ""value"": 55.89298629760742}, {""token_id"": 43653, ""token"": "" taxonomic"", ""value"": 55.89444351196289}]",575, ,0,0.2163068652153015,0.145126074552536,1.1114749908447266,0.46232131123542786,"[{""token_id"": 575, ""token"": "" "", ""value"": 0.2163068652153015}, {""token_id"": 60, ""token"": ""["", ""value"": 0.0711807981133461}, {""token_id"": 187, ""token"": ""\n"", ""value"": 0.04175390675663948}, {""token_id"": 50254, ""token"": ""                        "", ""value"": 0.03686157613992691}, {""token_id"": 457, ""token"": ""’"", ""value"": 0.01863928698003292}]",False,False,False,0.6001699268817902
step37000,256,512,512,2,1941, evidence,284,1.0075578689575195,1.0075578689575195,0.0,0.9826908111572266,55.4986457824707,39851,textsf,0,0.17577221989631653,0.8242277801036835,0.004974454641342163,"[{""token_id"": 39851, ""token"": ""textsf"", ""value"": 0.17577221989631653}, {""token_id"": 925, ""token"": ""fr"", ""value"": 0.17079776525497437}, {""token_id"": 6640, ""token"": "" NS"", ""value"": 0.16645558178424835}, {""token_id"": 43653, ""token"": "" taxonomic"", ""value"": 0.16255879402160645}, {""token_id"": 7514, ""token"": "" concerned"", ""value"": 0.16116663813591003}]",925,fr,36,55.26887893676758,0.003284454345703125,5.9426831317871085e-05,"[{""token_id"": 925, ""token"": ""fr"", ""value"": 55.26887893676758}, {""token_id"": 6640, ""token"": "" NS"", ""value"": 55.27216339111328}, {""token_id"": 39851, ""token"": ""textsf"", ""value"": 55.27522659301758}, {""token_id"": 43653, ""token"": "" taxonomic"", ""value"": 55.279563903808594}, {""token_id"": 7514, ""token"": "" concerned"", ""value"": 55.28450393676758}]",575, ,0,0.19857600331306458,0.12215863168239594,0.9549617767333984,0.4738803207874298,"[{""token_id"": 575, ""token"": "" "", ""value"": 0.19857600331306458}, {""token_id"": 60, ""token"": ""["", ""value"": 0.07641737163066864}, {""token_id"": 50254, ""token"": ""                        "", ""value"": 0.044031623750925064}, {""token_id"": 187, ""token"": ""\n"", ""value"": 0.03359206020832062}, {""token_id"": 15, ""token"": ""."", ""value"": 0.015270959585905075}]",False,False,False,0.6196422651410103
step37000,256,512,512,3,38730, orientations,4,1.0143357515335083,1.0143357515335083,0.0,0.9774519205093384,55.59185791015625,6640, NS,54,0.1727539449930191,0.8272460550069809,0.0010263919830322266,"[{""token_id"": 6640, ""token"": "" NS"", ""value"": 0.1727539449930191}, {""token_id"": 925, ""token"": ""fr"", ""value"": 0.17172755300998688}, {""token_id"": 39851, ""token"": ""textsf"", ""value"": 0.17043039202690125}, {""token_id"": 43653, ""token"": "" taxonomic"", ""value"": 0.1587597131729126}, {""token_id"": 7514, ""token"": "" concerned"", ""value"": 0.15815046429634094}]",6640, NS,54,55.35601043701172,0.004695892333984375,8.483075815818986e-05,"[{""token_id"": 6640, ""token"": "" NS"", ""value"": 55.35601043701172}, {""token_id"": 925, ""token"": ""fr"", ""value"": 55.3607063293457}, {""token_id"": 39851, ""token"": ""textsf"", ""value"": 55.375728607177734}, {""token_id"": 43653, ""token"": "" taxonomic"", ""value"": 55.37833023071289}, {""token_id"": 7514, ""token"": "" concerned"", ""value"": 55.382057189941406}]",575, ,0,0.15541933476924896,0.08181522786617279,0.7474260330200195,0.4912734627723694,"[{""token_id"": 575, ""token"": "" "", ""value"": 0.15541933476924896}, {""token_id"": 60, ""token"": ""["", ""value"": 0.07360410690307617}, {""token_id"": 187, ""token"": ""\n"", ""value"": 0.05338739976286888}, {""token_id"": 50254, ""token"": ""                        "", ""value"": 0.032746054232120514}, {""token_id"": 457, ""token"": ""’"", ""value"": 0.02165013551712036}]",True,False,False,0.6215504519641399
step37000,512,768,768,0,29104, repetitive,16,1.0318020582199097,0.991263747215271,0.2863770127296448,1.0318020582199097,51.75579833984375,6640, NS,54,0.17978745698928833,0.8202125430107117,0.0012815743684768677,"[{""token_id"": 6640, ""token"": "" NS"", ""value"": 0.17978745698928833}, {""token_id"": 39851, ""token"": ""textsf"", ""value"": 0.17850588262081146}, {""token_id"": 43653, ""token"": "" taxonomic"", ""value"": 0.17234471440315247}, {""token_id"": 23079, ""token"": ""chrome"", ""value"": 0.1656527817249298}, {""token_id"": 23600, ""token"": ""squ"", ""value"": 0.1647331416606903}]",6640, NS,54,51.51094436645508,0.01275634765625,0.00024764344379904593,"[{""token_id"": 6640, ""token"": "" NS"", ""value"": 51.51094436645508}, {""token_id"": 43653, ""token"": "" taxonomic"", ""value"": 51.52370071411133}, {""token_id"": 39851, ""token"": ""textsf"", ""value"": 51.529823303222656}, {""token_id"": 23600, ""token"": ""squ"", ""value"": 51.53366470336914}, {""token_id"": 28956, ""token"": ""species"", ""value"": 51.53573226928711}]",60,[,0,0.07972445338964462,0.03486353158950806,0.5750093460083008,0.5294594168663025,"[{""token_id"": 60, ""token"": ""["", ""value"": 0.07972445338964462}, {""token_id"": 187, ""token"": ""\n"", ""value"": 0.044860921800136566}, {""token_id"": 15, ""token"": ""."", ""value"": 0.04232135787606239}, {""token_id"": 1959, ""token"": "" free"", ""value"": 0.034142062067985535}, {""token_id"": 62, ""token"": ""]"", ""value"": 0.02332099713385105}]",True,False,False,0.5914384685456753
step37000,512,768,768,1,10020, semi,112,1.0083495378494263,1.0083495378494263,0.0,0.9794970750808716,53.36771011352539,39851,textsf,0,0.18379397690296173,0.8162060230970383,0.0037579387426376343,"[{""token_id"": 39851, ""token"": ""textsf"", ""value"": 0.18379397690296173}, {""token_id"": 6640, ""token"": "" NS"", ""value"": 0.1800360381603241}, {""token_id"": 43653, ""token"": "" taxonomic"", ""value"": 0.17714060842990875}, {""token_id"": 28956, ""token"": ""species"", ""value"": 0.16480965912342072}, {""token_id"": 7514, ""token"": "" concerned"", ""value"": 0.16164124011993408}]",6640, NS,54,53.121864318847656,0.00608062744140625,0.00011446562577151196,"[{""token_id"": 6640, ""token"": "" NS"", ""value"": 53.121864318847656}, {""token_id"": 43653, ""token"": "" taxonomic"", ""value"": 53.12794494628906}, {""token_id"": 39851, ""token"": ""textsf"", ""value"": 53.13395690917969}, {""token_id"": 28956, ""token"": ""species"", ""value"": 53.14646530151367}, {""token_id"": 925, ""token"": ""fr"", ""value"": 53.152801513671875}]",60,[,0,0.0963478833436966,0.04798808693885803,0.6892967224121094,0.5261023640632629,"[{""token_id"": 60, ""token"": ""["", ""value"": 0.0963478833436966}, {""token_id"": 575, ""token"": "" "", ""value"": 0.04835979640483856}, {""token_id"": 15, ""token"": ""."", ""value"": 0.03922848030924797}, {""token_id"": 40743, ""token"": ""ubotu"", ""value"": 0.03205982223153114}, {""token_id"": 50254, ""token"": ""                        "", ""value"": 0.029278315603733063}]",False,False,False,0.7189014554023743
step37000,512,768,768,2,1941, evidence,284,1.026816725730896,0.9927856922149658,0.26216229796409607,1.026816725730896,50.995628356933594,6952,mes,35,0.18056157231330872,0.8194384276866913,0.002474382519721985,"[{""token_id"": 6952, ""token"": ""mes"", ""value"": 0.18056157231330872}, {""token_id"": 39851, ""token"": ""textsf"", ""value"": 0.17808718979358673}, {""token_id"": 43653, ""token"": "" taxonomic"", ""value"": 0.16475120186805725}, {""token_id"": 23079, ""token"": ""chrome"", ""value"": 0.16022275388240814}, {""token_id"": 40922, ""token"": "" acquis"", ""value"": 0.1562175154685974}]",6952,mes,35,50.748939514160156,0.02154541015625,0.00042454897309210414,"[{""token_id"": 6952, ""token"": ""mes"", ""value"": 50.748939514160156}, {""token_id"": 39851, ""token"": ""textsf"", ""value"": 50.770484924316406}, {""token_id"": 43653, ""token"": "" taxonomic"", ""value"": 50.774993896484375}, {""token_id"": 23079, ""token"": ""chrome"", ""value"": 50.785736083984375}, {""token_id"": 6640, ""token"": "" NS"", ""value"": 50.791046142578125}]",40743,ubotu,0,0.06164449825882912,0.020111531019210815,0.3948965072631836,0.5378447771072388,"[{""token_id"": 40743, ""token"": ""ubotu"", ""value"": 0.06164449825882912}, {""token_id"": 15, ""token"": ""."", ""value"": 0.0415329672396183}, {""token_id"": 50254, ""token"": ""                        "", ""value"": 0.039805348962545395}, {""token_id"": 60, ""token"": ""["", ""value"": 0.036047663539648056}, {""token_id"": 1959, ""token"": "" free"", ""value"": 0.033110346645116806}]",True,False,False,0.6177075058221817
step37000,512,768,768,3,38730, orientations,4,0.9756741523742676,0.9372256994247437,0.2711973786354065,0.9756741523742676,54.15930938720703,11177,ele,9,0.16016705334186554,0.8398329466581345,0.0006112903356552124,"[{""token_id"": 11177, ""token"": ""ele"", ""value"": 0.16016705334186554}, {""token_id"": 6849, ""token"": "" views"", ""value"": 0.15955576300621033}, {""token_id"": 26122, ""token"": ""comments"", ""value"": 0.1555948108434677}, {""token_id"": 39851, ""token"": ""textsf"", ""value"": 0.15426316857337952}, {""token_id"": 22305, ""token"": ""�"", ""value"": 0.1506619155406952}]",11177,ele,9,53.94001388549805,0.00348663330078125,6.463908793539713e-05,"[{""token_id"": 11177, ""token"": ""ele"", ""value"": 53.94001388549805}, {""token_id"": 6849, ""token"": "" views"", ""value"": 53.94350051879883}, {""token_id"": 26122, ""token"": ""comments"", ""value"": 53.9489631652832}, {""token_id"": 22305, ""token"": ""�"", ""value"": 53.95740509033203}, {""token_id"": 6640, ""token"": "" NS"", ""value"": 53.95863723754883}]",187,"
",1,0.13849343359470367,0.019834712147712708,0.154571533203125,0.4532177746295929,"[{""token_id"": 187, ""token"": ""\n"", ""value"": 0.13849343359470367}, {""token_id"": 575, ""token"": "" "", ""value"": 0.11865872144699097}, {""token_id"": 209, ""token"": "" "", ""value"": 0.07255467772483826}, {""token_id"": 50254, ""token"": ""                        "", ""value"": 0.06288846582174301}, {""token_id"": 60, ""token"": ""["", ""value"": 0.025000231340527534}]",True,False,False,0.5612165257334709
step37000,768,1024,1024,0,29104, repetitive,16,1.0280979871749878,1.0280979871749878,0.0,1.0194685459136963,55.81329345703125,6640, NS,54,0.17577725648880005,0.8242227435112,0.007861152291297913,"[{""token_id"": 6640, ""token"": "" NS"", ""value"": 0.17577725648880005}, {""token_id"": 925, ""token"": ""fr"", ""value"": 0.16791610419750214}, {""token_id"": 39851, ""token"": ""textsf"", ""value"": 0.1654881238937378}, {""token_id"": 7514, ""token"": "" concerned"", ""value"": 0.162978857755661}, {""token_id"": 28956, ""token"": ""species"", ""value"": 0.16236458718776703}]",6640, NS,54,55.5728874206543,0.014739990234375,0.0002652370772603893,"[{""token_id"": 6640, ""token"": "" NS"", ""value"": 55.5728874206543}, {""token_id"": 925, ""token"": ""fr"", ""value"": 55.58762741088867}, {""token_id"": 28956, ""token"": ""species"", ""value"": 55.59477615356445}, {""token_id"": 43653, ""token"": "" taxonomic"", ""value"": 55.59513473510742}, {""token_id"": 7514, ""token"": "" concerned"", ""value"": 55.5964241027832}]",60,[,0,0.15067334473133087,0.06354203820228577,0.5476980209350586,0.47146716713905334,"[{""token_id"": 60, ""token"": ""["", ""value"": 0.15067334473133087}, {""token_id"": 187, ""token"": ""\n"", ""value"": 0.0871313065290451}, {""token_id"": 575, ""token"": "" "", ""value"": 0.06984831392765045}, {""token_id"": 50254, ""token"": ""                        "", ""value"": 0.026096226647496223}, {""token_id"": 15, ""token"": ""."", ""value"": 0.019334767013788223}]",True,False,False,0.5884421765804291
step37000,768,1024,1024,1,10020, semi,112,0.9927262663841248,0.9927262663841248,0.0,0.97837233543396,55.99844741821289,39851,textsf,0,0.17391714453697205,0.826082855463028,0.006851285696029663,"[{""token_id"": 39851, ""token"": ""textsf"", ""value"": 0.17391714453697205}, {""token_id"": 925, ""token"": ""fr"", ""value"": 0.16706585884094238}, {""token_id"": 6640, ""token"": "" NS"", ""value"": 0.15968582034111023}, {""token_id"": 7514, ""token"": "" concerned"", ""value"": 0.15906104445457458}, {""token_id"": 43653, ""token"": "" taxonomic"", ""value"": 0.15861713886260986}]",925,fr,36,55.773963928222656,0.003459930419921875,6.203486674130913e-05,"[{""token_id"": 925, ""token"": ""fr"", ""value"": 55.773963928222656}, {""token_id"": 39851, ""token"": ""textsf"", ""value"": 55.77742385864258}, {""token_id"": 6640, ""token"": "" NS"", ""value"": 55.781822204589844}, {""token_id"": 43653, ""token"": "" taxonomic"", ""value"": 55.78498840332031}, {""token_id"": 11419, ""token"": "" meta"", ""value"": 55.787132263183594}]",575, ,0,0.18897747993469238,0.09831443428993225,0.7344779968261719,0.467019259929657,"[{""token_id"": 575, ""token"": "" "", ""value"": 0.18897747993469238}, {""token_id"": 60, ""token"": ""["", ""value"": 0.09066304564476013}, {""token_id"": 187, ""token"": ""\n"", ""value"": 0.04422421008348465}, {""token_id"": 50254, ""token"": ""                        "", ""value"": 0.03445926308631897}, {""token_id"": 457, ""token"": ""’"", ""value"": 0.016405396163463593}]",False,False,False,0.5707024373114109
step37000,768,1024,1024,2,1941, evidence,284,0.997059166431427,0.997059166431427,0.0,0.9894688725471497,55.986656188964844,39851,textsf,0,0.17389051616191864,0.8261094838380814,0.0069653987884521484,"[{""token_id"": 39851, ""token"": ""textsf"", ""value"": 0.17389051616191864}, {""token_id"": 925, ""token"": ""fr"", ""value"": 0.1669251173734665}, {""token_id"": 6640, ""token"": "" NS"", ""value"": 0.16471484303474426}, {""token_id"": 43653, ""token"": "" taxonomic"", ""value"": 0.16049809753894806}, {""token_id"": 7514, ""token"": "" concerned"", ""value"": 0.1598896086215973}]",925,fr,36,55.762386322021484,0.000202178955078125,3.625722792969518e-06,"[{""token_id"": 925, ""token"": ""fr"", ""value"": 55.762386322021484}, {""token_id"": 6640, ""token"": "" NS"", ""value"": 55.76258850097656}, {""token_id"": 39851, ""token"": ""textsf"", ""value"": 55.76567459106445}, {""token_id"": 43653, ""token"": "" taxonomic"", ""value"": 55.77043914794922}, {""token_id"": 28956, ""token"": ""species"", ""value"": 55.772499084472656}]",575, ,0,0.13203398883342743,0.021588720381259918,0.17853927612304688,0.47902050614356995,"[{""token_id"": 575, ""token"": "" "", ""value"": 0.13203398883342743}, {""token_id"": 60, ""token"": ""["", ""value"": 0.11044526845216751}, {""token_id"": 187, ""token"": ""\n"", ""value"": 0.05576639622449875}, {""token_id"": 50254, ""token"": ""                        "", ""value"": 0.029013562947511673}, {""token_id"": 457, ""token"": ""’"", ""value"": 0.017389163374900818}]",False,False,False,0.6870655789971352
step37000,768,1024,1024,3,38730, orientations,4,1.0225801467895508,1.0225801467895508,0.0,0.9834424257278442,55.1327018737793,6640, NS,54,0.17586888372898102,0.824131116271019,0.0012423396110534668,"[{""token_id"": 6640, ""token"": "" NS"", ""value"": 0.17586888372898102}, {""token_id"": 39851, ""token"": ""textsf"", ""value"": 0.17462654411792755}, {""token_id"": 925, ""token"": ""fr"", ""value"": 0.1723756492137909}, {""token_id"": 43653, ""token"": "" taxonomic"", ""value"": 0.16354337334632874}, {""token_id"": 7514, ""token"": "" concerned"", ""value"": 0.16102151572704315}]",6640, NS,54,54.89239501953125,0.00836181640625,0.00015233105429768157,"[{""token_id"": 6640, ""token"": "" NS"", ""value"": 54.89239501953125}, {""token_id"": 925, ""token"": ""fr"", ""value"": 54.9007568359375}, {""token_id"": 39851, ""token"": ""textsf"", ""value"": 54.91096496582031}, {""token_id"": 43653, ""token"": "" taxonomic"", ""value"": 54.91230010986328}, {""token_id"": 7514, ""token"": "" concerned"", ""value"": 54.91889572143555}]",575, ,0,0.1696387082338333,0.09543364495038986,0.826838493347168,0.49243903160095215,"[{""token_id"": 575, ""token"": "" "", ""value"": 0.1696387082338333}, {""token_id"": 60, ""token"": ""["", ""value"": 0.07420506328344345}, {""token_id"": 50254, ""token"": ""                        "", ""value"": 0.03715506196022034}, {""token_id"": 187, ""token"": ""\n"", ""value"": 0.03587631508708}, {""token_id"": 15, ""token"": ""."", ""value"": 0.018342062830924988}]",True,False,False,0.690607700496912
step37000,1024,1280,1280,0,29104, repetitive,16,1.0425221920013428,1.0425221920013428,0.0,0.997956395149231,54.53325653076172,6640, NS,54,0.19369588792324066,0.8063041120767593,0.02042180299758911,"[{""token_id"": 6640, ""token"": "" NS"", ""value"": 0.19369588792324066}, {""token_id"": 39851, ""token"": ""textsf"", ""value"": 0.17327408492565155}, {""token_id"": 925, ""token"": ""fr"", ""value"": 0.17195969820022583}, {""token_id"": 43653, ""token"": "" taxonomic"", ""value"": 0.16873160004615784}, {""token_id"": 28956, ""token"": ""species"", ""value"": 0.16073796153068542}]",6640, NS,54,54.2667350769043,0.03539276123046875,0.0006521999375918189,"[{""token_id"": 6640, ""token"": "" NS"", ""value"": 54.2667350769043}, {""token_id"": 925, ""token"": ""fr"", ""value"": 54.302127838134766}, {""token_id"": 43653, ""token"": "" taxonomic"", ""value"": 54.30543899536133}, {""token_id"": 39851, ""token"": ""textsf"", ""value"": 54.31355285644531}, {""token_id"": 28956, ""token"": ""species"", ""value"": 54.317569732666016}]",60,[,0,0.0898519903421402,0.01807999610900879,0.2246694564819336,0.5263638496398926,"[{""token_id"": 60, ""token"": ""["", ""value"": 0.0898519903421402}, {""token_id"": 575, ""token"": "" "", ""value"": 0.07177199423313141}, {""token_id"": 187, ""token"": ""\n"", ""value"": 0.04548468813300133}, {""token_id"": 15, ""token"": ""."", ""value"": 0.027300797402858734}, {""token_id"": 50254, ""token"": ""                        "", ""value"": 0.023165840655565262}]",True,False,False,0.6483195535838604
step37000,1024,1280,1280,1,10020, semi,112,1.0319105386734009,1.0319105386734009,0.0,1.0023468732833862,54.732662200927734,6640, NS,54,0.1865762323141098,0.8134237676858902,0.00799502432346344,"[{""token_id"": 6640, ""token"": "" NS"", ""value"": 0.1865762323141098}, {""token_id"": 39851, ""token"": ""textsf"", ""value"": 0.17858120799064636}, {""token_id"": 43653, ""token"": "" taxonomic"", ""value"": 0.17385871708393097}, {""token_id"": 925, ""token"": ""fr"", ""value"": 0.17179875075817108}, {""token_id"": 28956, ""token"": ""species"", ""value"": 0.16604900360107422}]",6640, NS,54,54.47662353515625,0.020610809326171875,0.0003783422684570526,"[{""token_id"": 6640, ""token"": "" NS"", ""value"": 54.47662353515625}, {""token_id"": 43653, ""token"": "" taxonomic"", ""value"": 54.49723434448242}, {""token_id"": 925, ""token"": ""fr"", ""value"": 54.5016975402832}, {""token_id"": 39851, ""token"": ""textsf"", ""value"": 54.5056266784668}, {""token_id"": 28956, ""token"": ""species"", ""value"": 54.50911331176758}]",60,[,0,0.11485760658979416,0.048023521900177,0.5414800643920898,0.5149890184402466,"[{""token_id"": 60, ""token"": ""["", ""value"": 0.11485760658979416}, {""token_id"": 575, ""token"": "" "", ""value"": 0.06683408468961716}, {""token_id"": 187, ""token"": ""\n"", ""value"": 0.04768069460988045}, {""token_id"": 15, ""token"": ""."", ""value"": 0.028270602226257324}, {""token_id"": 50254, ""token"": ""                        "", ""value"": 0.02590794861316681}]",True,False,False,0.5713120326399803
step37000,1024,1280,1280,2,1941, evidence,284,1.0359019041061401,1.0359019041061401,0.0,1.0070167779922485,54.44868087768555,6640, NS,54,0.19137656688690186,0.8086234331130981,0.013467192649841309,"[{""token_id"": 6640, ""token"": "" NS"", ""value"": 0.19137656688690186}, {""token_id"": 39851, ""token"": ""textsf"", ""value"": 0.17790937423706055}, {""token_id"": 43653, ""token"": "" taxonomic"", ""value"": 0.17535202205181122}, {""token_id"": 925, ""token"": ""fr"", ""value"": 0.17086663842201233}, {""token_id"": 28956, ""token"": ""species"", ""value"": 0.16801069676876068}]",6640, NS,54,54.18562698364258,0.025531768798828125,0.0004711907976359781,"[{""token_id"": 6640, ""token"": "" NS"", ""value"": 54.18562698364258}, {""token_id"": 43653, ""token"": "" taxonomic"", ""value"": 54.211158752441406}, {""token_id"": 925, ""token"": ""fr"", ""value"": 54.21917724609375}, {""token_id"": 28956, ""token"": ""species"", ""value"": 54.222354888916016}, {""token_id"": 39851, ""token"": ""textsf"", ""value"": 54.222652435302734}]",60,[,0,0.11651325970888138,0.06637241691350937,0.8431692123413086,0.5198543667793274,"[{""token_id"": 60, ""token"": ""["", ""value"": 0.11651325970888138}, {""token_id"": 575, ""token"": "" "", ""value"": 0.05014084279537201}, {""token_id"": 187, ""token"": ""\n"", ""value"": 0.04985908046364784}, {""token_id"": 15, ""token"": ""."", ""value"": 0.03156137093901634}, {""token_id"": 50254, ""token"": ""                        "", ""value"": 0.02268080785870552}]",True,False,False,0.6762446612119675
step37000,1024,1280,1280,3,38730, orientations,4,1.0045104026794434,1.0045104026794434,0.0,0.9824457764625549,53.40074157714844,29907,effects,0,0.16603919863700867,0.8339608013629913,0.004300892353057861,"[{""token_id"": 29907, ""token"": ""effects"", ""value"": 0.16603919863700867}, {""token_id"": 2165, ""token"": "" game"", ""value"": 0.1617383062839508}, {""token_id"": 10502, ""token"": "" risks"", ""value"": 0.1596534252166748}, {""token_id"": 18977, ""token"": "" pathological"", ""value"": 0.15583975613117218}, {""token_id"": 15899, ""token"": ""�"", ""value"": 0.15165643393993378}]",29907,effects,0,53.17570495605469,0.010528564453125,0.0001979957663340051,"[{""token_id"": 29907, ""token"": ""effects"", ""value"": 53.17570495605469}, {""token_id"": 10502, ""token"": "" risks"", ""value"": 53.18623352050781}, {""token_id"": 18977, ""token"": "" pathological"", ""value"": 53.192840576171875}, {""token_id"": 11421, ""token"": ""idal"", ""value"": 53.19742202758789}, {""token_id"": 15899, ""token"": ""�"", ""value"": 53.19879150390625}]",575, ,0,0.05382314696907997,0.0008470304310321808,0.015862464904785156,0.5207429528236389,"[{""token_id"": 575, ""token"": "" "", ""value"": 0.05382314696907997}, {""token_id"": 15, ""token"": ""."", ""value"": 0.05297611653804779}, {""token_id"": 187, ""token"": ""\n"", ""value"": 0.05027607083320618}, {""token_id"": 209, ""token"": "" "", ""value"": 0.0474543459713459}, {""token_id"": 2413, ""token"": ""http"", ""value"": 0.0371134877204895}]",True,False,False,0.6795375905930996
step37000,1280,1536,1536,0,29104, repetitive,16,0.9928578734397888,0.9541105031967163,0.27466312050819397,0.9928578734397888,54.62506866455078,6849, views,83,0.15814495086669922,0.8418550491333008,0.0010577887296676636,"[{""token_id"": 6849, ""token"": "" views"", ""value"": 0.15814495086669922}, {""token_id"": 925, ""token"": ""fr"", ""value"": 0.15708716213703156}, {""token_id"": 39851, ""token"": ""textsf"", ""value"": 0.15672260522842407}, {""token_id"": 6640, ""token"": "" NS"", ""value"": 0.1560993641614914}, {""token_id"": 11177, ""token"": ""ele"", ""value"": 0.15582731366157532}]",6849, views,83,54.41117858886719,0.000934600830078125,1.717663271255347e-05,"[{""token_id"": 6849, ""token"": "" views"", ""value"": 54.41117858886719}, {""token_id"": 11177, ""token"": ""ele"", ""value"": 54.412113189697266}, {""token_id"": 6640, ""token"": "" NS"", ""value"": 54.41423797607422}, {""token_id"": 925, ""token"": ""fr"", ""value"": 54.41561508178711}, {""token_id"": 26122, ""token"": ""comments"", ""value"": 54.419677734375}]",187,"
",1,0.13637861609458923,0.05097708851099014,0.46807098388671875,0.4599596858024597,"[{""token_id"": 187, ""token"": ""\n"", ""value"": 0.13637861609458923}, {""token_id"": 575, ""token"": "" "", ""value"": 0.08540152758359909}, {""token_id"": 209, ""token"": "" "", ""value"": 0.0696219801902771}, {""token_id"": 50254, ""token"": ""                        "", ""value"": 0.06193116307258606}, {""token_id"": 60, ""token"": ""["", ""value"": 0.04315018653869629}]",True,False,False,0.6523720435798168
step37000,1280,1536,1536,1,10020, semi,112,1.001147747039795,1.001147747039795,0.0,0.9916025400161743,55.99929428100586,39851,textsf,0,0.17600788176059723,0.8239921182394028,0.008402317762374878,"[{""token_id"": 39851, ""token"": ""textsf"", ""value"": 0.17600788176059723}, {""token_id"": 925, ""token"": ""fr"", ""value"": 0.16760556399822235}, {""token_id"": 6640, ""token"": "" NS"", ""value"": 0.16616366803646088}, {""token_id"": 43653, ""token"": "" taxonomic"", ""value"": 0.16344864666461945}, {""token_id"": 28956, ""token"": ""species"", ""value"": 0.16281436383724213}]",6640, NS,54,55.7730712890625,0.00095367431640625,1.709918952577518e-05,"[{""token_id"": 6640, ""token"": "" NS"", ""value"": 55.7730712890625}, {""token_id"": 925, ""token"": ""fr"", ""value"": 55.774024963378906}, {""token_id"": 39851, ""token"": ""textsf"", ""value"": 55.77540969848633}, {""token_id"": 43653, ""token"": "" taxonomic"", ""value"": 55.77873611450195}, {""token_id"": 28956, ""token"": ""species"", ""value"": 55.78005599975586}]",60,[,0,0.12147144228219986,0.0009429976344108582,0.007793426513671875,0.4799383580684662,"[{""token_id"": 60, ""token"": ""["", ""value"": 0.12147144228219986}, {""token_id"": 575, ""token"": "" "", ""value"": 0.120528444647789}, {""token_id"": 187, ""token"": ""\n"", ""value"": 0.053503815084695816}, {""token_id"": 50254, ""token"": ""                        "", ""value"": 0.027159497141838074}, {""token_id"": 15, ""token"": ""."", ""value"": 0.015911325812339783}]",False,False,False,0.6355960927903652
step37000,1280,1536,1536,2,1941, evidence,284,1.0160273313522339,1.0160273313522339,0.0,1.011867642402649,56.05225372314453,6640, NS,54,0.16851454973220825,0.8314854502677917,0.003141045570373535,"[{""token_id"": 6640, ""token"": "" NS"", ""value"": 0.16851454973220825}, {""token_id"": 925, ""token"": ""fr"", ""value"": 0.16537350416183472}, {""token_id"": 39851, ""token"": ""textsf"", ""value"": 0.16527216136455536}, {""token_id"": 7514, ""token"": "" concerned"", ""value"": 0.16308791935443878}, {""token_id"": 28956, ""token"": ""species"", ""value"": 0.1608271449804306}]",6640, NS,54,55.82252883911133,0.007694244384765625,0.0001378340348381844,"[{""token_id"": 6640, ""token"": "" NS"", ""value"": 55.82252883911133}, {""token_id"": 925, ""token"": ""fr"", ""value"": 55.830223083496094}, {""token_id"": 7514, ""token"": "" concerned"", ""value"": 55.83515167236328}, {""token_id"": 28956, ""token"": ""species"", ""value"": 55.835914611816406}, {""token_id"": 43653, ""token"": "" taxonomic"", ""value"": 55.8372688293457}]",60,[,0,0.12870188057422638,0.032924771308898926,0.2954750061035156,0.4717332124710083,"[{""token_id"": 60, ""token"": ""["", ""value"": 0.12870188057422638}, {""token_id"": 575, ""token"": "" "", ""value"": 0.09577710926532745}, {""token_id"": 187, ""token"": ""\n"", ""value"": 0.07950779795646667}, {""token_id"": 50254, ""token"": ""                        "", ""value"": 0.027730509638786316}, {""token_id"": 33290, ""token"": ""permission"", ""value"": 0.02194584719836712}]",True,False,False,0.5923894494771957
step37000,1280,1536,1536,3,38730, orientations,4,1.0008591413497925,1.0008591413497925,0.0,0.9837852120399475,55.76655578613281,39851,textsf,0,0.17522387206554413,0.8247761279344559,0.0068471431732177734,"[{""token_id"": 39851, ""token"": ""textsf"", ""value"": 0.17522387206554413}, {""token_id"": 925, ""token"": ""fr"", ""value"": 0.16837672889232635}, {""token_id"": 6640, ""token"": "" NS"", ""value"": 0.16681979596614838}, {""token_id"": 43653, ""token"": "" taxonomic"", ""value"": 0.16150464117527008}, {""token_id"": 7514, ""token"": "" concerned"", ""value"": 0.1597823053598404}]",6640, NS,54,55.5394401550293,0.000797271728515625,1.4355055187631904e-05,"[{""token_id"": 6640, ""token"": "" NS"", ""value"": 55.5394401550293}, {""token_id"": 925, ""token"": ""fr"", ""value"": 55.54023742675781}, {""token_id"": 39851, ""token"": ""textsf"", ""value"": 55.5438117980957}, {""token_id"": 43653, ""token"": "" taxonomic"", ""value"": 55.54893112182617}, {""token_id"": 7514, ""token"": "" concerned"", ""value"": 55.5543327331543}]",575, ,0,0.1385776251554489,0.03211590647697449,0.2636451721191406,0.4817466139793396,"[{""token_id"": 575, ""token"": "" "", ""value"": 0.1385776251554489}, {""token_id"": 60, ""token"": ""["", ""value"": 0.10646171867847443}, {""token_id"": 187, ""token"": ""\n"", ""value"": 0.05210983380675316}, {""token_id"": 50254, ""token"": ""                        "", ""value"": 0.03249240666627884}, {""token_id"": 9, ""token"": ""("", ""value"": 0.016038035973906517}]",False,False,False,0.6286615245044231
step37000,1536,1792,1792,0,29104, repetitive,16,1.008238434791565,1.008238434791565,0.0,0.9720659255981445,55.617862701416016,925,fr,36,0.17075836658477783,0.8292416334152222,0.0006762593984603882,"[{""token_id"": 925, ""token"": ""fr"", ""value"": 0.17075836658477783}, {""token_id"": 39851, ""token"": ""textsf"", ""value"": 0.17008210718631744}, {""token_id"": 6640, ""token"": "" NS"", ""value"": 0.16972674429416656}, {""token_id"": 7514, ""token"": "" concerned"", ""value"": 0.15764120221138}, {""token_id"": 43653, ""token"": "" taxonomic"", ""value"": 0.15616483986377716}]",6640, NS,54,55.38649368286133,0.001621246337890625,2.927151061725902e-05,"[{""token_id"": 6640, ""token"": "" NS"", ""value"": 55.38649368286133}, {""token_id"": 925, ""token"": ""fr"", ""value"": 55.38811492919922}, {""token_id"": 39851, ""token"": ""textsf"", ""value"": 55.40220260620117}, {""token_id"": 43653, ""token"": "" taxonomic"", ""value"": 55.40813446044922}, {""token_id"": 7514, ""token"": "" concerned"", ""value"": 55.40878677368164}]",575, ,0,0.1739242970943451,0.1036946028470993,0.9068489074707031,0.48419642448425293,"[{""token_id"": 575, ""token"": "" "", ""value"": 0.1739242970943451}, {""token_id"": 60, ""token"": ""["", ""value"": 0.07022969424724579}, {""token_id"": 187, ""token"": ""\n"", ""value"": 0.053496457636356354}, {""token_id"": 50254, ""token"": ""                        "", ""value"": 0.03376184031367302}, {""token_id"": 457, ""token"": ""’"", ""value"": 0.02152165398001671}]",False,False,False,0.5801538042724133
step37000,1536,1792,1792,1,10020, semi,112,1.0330100059509277,1.0330100059509277,0.0,1.0110021829605103,53.8276252746582,6640, NS,54,0.19412396848201752,0.8058760315179825,0.015464216470718384,"[{""token_id"": 6640, ""token"": "" NS"", ""value"": 0.19412396848201752}, {""token_id"": 39851, ""token"": ""textsf"", ""value"": 0.17865975201129913}, {""token_id"": 43653, ""token"": "" taxonomic"", ""value"": 0.1775556057691574}, {""token_id"": 28956, ""token"": ""species"", ""value"": 0.1701006144285202}, {""token_id"": 925, ""token"": ""fr"", ""value"": 0.16718125343322754}]",6640, NS,54,53.56071853637695,0.0263671875,0.0004922859181228522,"[{""token_id"": 6640, ""token"": "" NS"", ""value"": 53.56071853637695}, {""token_id"": 43653, ""token"": "" taxonomic"", ""value"": 53.58708572387695}, {""token_id"": 28956, ""token"": ""species"", ""value"": 53.59844970703125}, {""token_id"": 39851, ""token"": ""textsf"", ""value"": 53.60076141357422}, {""token_id"": 925, ""token"": ""fr"", ""value"": 53.60371780395508}]",60,[,0,0.11398535221815109,0.06838348507881165,0.9161214828491211,0.5256413817405701,"[{""token_id"": 60, ""token"": ""["", ""value"": 0.11398535221815109}, {""token_id"": 187, ""token"": ""\n"", ""value"": 0.04560186341404915}, {""token_id"": 15, ""token"": ""."", ""value"": 0.037091873586177826}, {""token_id"": 575, ""token"": "" "", ""value"": 0.035054437816143036}, {""token_id"": 50254, ""token"": ""                        "", ""value"": 0.02020554058253765}]",True,False,False,0.5903342105448246
step37000,1536,1792,1792,2,1941, evidence,284,1.0407097339630127,1.0407097339630127,0.0,1.002936840057373,55.133087158203125,6640, NS,54,0.18809258937835693,0.8119074106216431,0.015159830451011658,"[{""token_id"": 6640, ""token"": "" NS"", ""value"": 0.18809258937835693}, {""token_id"": 925, ""token"": ""fr"", ""value"": 0.17293275892734528}, {""token_id"": 39851, ""token"": ""textsf"", ""value"": 0.1718236804008484}, {""token_id"": 43653, ""token"": "" taxonomic"", ""value"": 0.16697214543819427}, {""token_id"": 28956, ""token"": ""species"", ""value"": 0.1608089655637741}]",6640, NS,54,54.87466049194336,0.025669097900390625,0.0004677768877341726,"[{""token_id"": 6640, ""token"": "" NS"", ""value"": 54.87466049194336}, {""token_id"": 925, ""token"": ""fr"", ""value"": 54.90032958984375}, {""token_id"": 43653, ""token"": "" taxonomic"", ""value"": 54.90764617919922}, {""token_id"": 39851, ""token"": ""textsf"", ""value"": 54.91518783569336}, {""token_id"": 28956, ""token"": ""species"", ""value"": 54.91708755493164}]",60,[,0,0.10640334337949753,0.03776049613952637,0.4383201599121094,0.510250449180603,"[{""token_id"": 60, ""token"": ""["", ""value"": 0.10640334337949753}, {""token_id"": 575, ""token"": "" "", ""value"": 0.06864284723997116}, {""token_id"": 187, ""token"": ""\n"", ""value"": 0.06441550701856613}, {""token_id"": 15, ""token"": ""."", ""value"": 0.023946085944771767}, {""token_id"": 50254, ""token"": ""                        "", ""value"": 0.023251831531524658}]",True,False,False,0.6166046522557735
step37000,1536,1792,1792,3,38730, orientations,4,0.9813369512557983,0.9813369512557983,0.0,0.9540764689445496,52.27550506591797,18977, pathological,2,0.16368180513381958,0.8363181948661804,0.0017914623022079468,"[{""token_id"": 18977, ""token"": "" pathological"", ""value"": 0.16368180513381958}, {""token_id"": 29907, ""token"": ""effects"", ""value"": 0.16189034283161163}, {""token_id"": 2165, ""token"": "" game"", ""value"": 0.16100278496742249}, {""token_id"": 11421, ""token"": ""idal"", ""value"": 0.15840549767017365}, {""token_id"": 40009, ""token"": "" sigma"", ""value"": 0.15745851397514343}]",18977, pathological,2,52.05653381347656,0.00051116943359375,9.819505759359967e-06,"[{""token_id"": 18977, ""token"": "" pathological"", ""value"": 52.05653381347656}, {""token_id"": 29907, ""token"": ""effects"", ""value"": 52.057044982910156}, {""token_id"": 11421, ""token"": ""idal"", ""value"": 52.0595817565918}, {""token_id"": 40009, ""token"": "" sigma"", ""value"": 52.062801361083984}, {""token_id"": 10502, ""token"": "" risks"", ""value"": 52.06768035888672}]",15,.,8666,0.0879843458533287,0.0009189099073410034,0.010499000549316406,0.48248717188835144,"[{""token_id"": 15, ""token"": ""."", ""value"": 0.0879843458533287}, {""token_id"": 187, ""token"": ""\n"", ""value"": 0.0870654359459877}, {""token_id"": 575, ""token"": "" "", ""value"": 0.06579675525426865}, {""token_id"": 2413, ""token"": ""http"", ""value"": 0.04609235003590584}, {""token_id"": 209, ""token"": "" "", ""value"": 0.045024361461400986}]",True,False,False,0.5770747326314449
step37000,1792,2048,2048,0,29104, repetitive,16,1.0374712944030762,1.0374712944030762,0.0,0.9695601463317871,53.86139678955078,5997, causes,59,0.15672001242637634,0.8432799875736237,0.003331884741783142,"[{""token_id"": 5997, ""token"": "" causes"", ""value"": 0.15672001242637634}, {""token_id"": 10502, ""token"": "" risks"", ""value"": 0.1533881276845932}, {""token_id"": 5793, ""token"": "" chemical"", ""value"": 0.15274086594581604}, {""token_id"": 9734, ""token"": "" warning"", ""value"": 0.15215235948562622}, {""token_id"": 29907, ""token"": ""effects"", ""value"": 0.15207713842391968}]",5997, causes,59,53.652931213378906,0.003017425537109375,5.6239714566740185e-05,"[{""token_id"": 5997, ""token"": "" causes"", ""value"": 53.652931213378906}, {""token_id"": 10502, ""token"": "" risks"", ""value"": 53.655948638916016}, {""token_id"": 9734, ""token"": "" warning"", ""value"": 53.65663528442383}, {""token_id"": 29907, ""token"": ""effects"", ""value"": 53.65686798095703}, {""token_id"": 5793, ""token"": "" chemical"", ""value"": 53.657352447509766}]",187,"
",1,0.055755335837602615,0.015924520790576935,0.3363323211669922,0.5499930381774902,"[{""token_id"": 187, ""token"": ""\n"", ""value"": 0.055755335837602615}, {""token_id"": 209, ""token"": "" "", ""value"": 0.03983081504702568}, {""token_id"": 13, ""token"": "","", ""value"": 0.03933501988649368}, {""token_id"": 19976, ""token"": ""ETHOD"", ""value"": 0.029326969757676125}, {""token_id"": 60, ""token"": ""["", ""value"": 0.027797507122159004}]",True,False,False,0.6217925325036049
step37000,1792,2048,2048,1,10020, semi,112,1.0318541526794434,0.9972317218780518,0.26505047082901,1.0318541526794434,52.5960693359375,39851,textsf,0,0.1810198724269867,0.8189801275730133,0.0026230067014694214,"[{""token_id"": 39851, ""token"": ""textsf"", ""value"": 0.1810198724269867}, {""token_id"": 6640, ""token"": "" NS"", ""value"": 0.17839686572551727}, {""token_id"": 23600, ""token"": ""squ"", ""value"": 0.17084695398807526}, {""token_id"": 925, ""token"": ""fr"", ""value"": 0.1593693196773529}, {""token_id"": 22305, ""token"": ""�"", ""value"": 0.15528152883052826}]",6640, NS,54,52.35294723510742,0.0116119384765625,0.00022180104635590863,"[{""token_id"": 6640, ""token"": "" NS"", ""value"": 52.35294723510742}, {""token_id"": 23600, ""token"": ""squ"", ""value"": 52.364559173583984}, {""token_id"": 39851, ""token"": ""textsf"", ""value"": 52.36636734008789}, {""token_id"": 925, ""token"": ""fr"", ""value"": 52.38401794433594}, {""token_id"": 22305, ""token"": ""�"", ""value"": 52.3879280090332}]",60,[,0,0.09089918434619904,0.02551131695508957,0.32941436767578125,0.5192440748214722,"[{""token_id"": 60, ""token"": ""["", ""value"": 0.09089918434619904}, {""token_id"": 187, ""token"": ""\n"", ""value"": 0.06538786739110947}, {""token_id"": 50254, ""token"": ""                        "", ""value"": 0.058529965579509735}, {""token_id"": 209, ""token"": "" "", ""value"": 0.031134335324168205}, {""token_id"": 575, ""token"": "" "", ""value"": 0.02882043458521366}]",False,False,False,0.6185055077075958
step37000,1792,2048,2048,2,1941, evidence,284,1.020452857017517,1.020452857017517,0.0,1.0193473100662231,55.5589485168457,6640, NS,54,0.17792361974716187,0.8220763802528381,0.008968055248260498,"[{""token_id"": 6640, ""token"": "" NS"", ""value"": 0.17792361974716187}, {""token_id"": 925, ""token"": ""fr"", ""value"": 0.16895556449890137}, {""token_id"": 7514, ""token"": "" concerned"", ""value"": 0.16296683251857758}, {""token_id"": 11177, ""token"": ""ele"", ""value"": 0.15829382836818695}, {""token_id"": 22305, ""token"": ""�"", ""value"": 0.1541118174791336}]",6640, NS,54,55.31544876098633,0.0164031982421875,0.0002965391876881343,"[{""token_id"": 6640, ""token"": "" NS"", ""value"": 55.31544876098633}, {""token_id"": 925, ""token"": ""fr"", ""value"": 55.331851959228516}, {""token_id"": 11177, ""token"": ""ele"", ""value"": 55.34195327758789}, {""token_id"": 7514, ""token"": "" concerned"", ""value"": 55.34218215942383}, {""token_id"": 22305, ""token"": ""�"", ""value"": 55.35145950317383}]",60,[,0,0.12694059312343597,0.011973515152931213,0.09907341003417969,0.4675726592540741,"[{""token_id"": 60, ""token"": ""["", ""value"": 0.12694059312343597}, {""token_id"": 187, ""token"": ""\n"", ""value"": 0.11496707797050476}, {""token_id"": 575, ""token"": "" "", ""value"": 0.06155998259782791}, {""token_id"": 50254, ""token"": ""                        "", ""value"": 0.032447878271341324}, {""token_id"": 33290, ""token"": ""permission"", ""value"": 0.02482212707400322}]",True,False,False,0.5634639337658882
step37000,1792,2048,2048,3,38730, orientations,4,1.0088428258895874,1.0088428258895874,0.0,0.9879394769668579,55.647953033447266,39851,textsf,0,0.17613929510116577,0.8238607048988342,0.005896657705307007,"[{""token_id"": 39851, ""token"": ""textsf"", ""value"": 0.17613929510116577}, {""token_id"": 6640, ""token"": "" NS"", ""value"": 0.17024263739585876}, {""token_id"": 925, ""token"": ""fr"", ""value"": 0.16996325552463531}, {""token_id"": 43653, ""token"": "" taxonomic"", ""value"": 0.1639372557401657}, {""token_id"": 7514, ""token"": "" concerned"", ""value"": 0.16038596630096436}]",6640, NS,54,55.41580581665039,0.00354766845703125,6.401907190105873e-05,"[{""token_id"": 6640, ""token"": "" NS"", ""value"": 55.41580581665039}, {""token_id"": 925, ""token"": ""fr"", ""value"": 55.41935348510742}, {""token_id"": 39851, ""token"": ""textsf"", ""value"": 55.423988342285156}, {""token_id"": 43653, ""token"": "" taxonomic"", ""value"": 55.42679214477539}, {""token_id"": 28956, ""token"": ""species"", ""value"": 55.433319091796875}]",575, ,0,0.12956269085407257,0.018926337361335754,0.15791606903076172,0.48544061183929443,"[{""token_id"": 575, ""token"": "" "", ""value"": 0.12956269085407257}, {""token_id"": 60, ""token"": ""["", ""value"": 0.11063635349273682}, {""token_id"": 187, ""token"": ""\n"", ""value"": 0.0509205162525177}, {""token_id"": 50254, ""token"": ""                        "", ""value"": 0.03182685747742653}, {""token_id"": 15, ""token"": ""."", ""value"": 0.017361436039209366}]",False,False,False,0.6116400770843029
step53000,0,256,256,0,29104, repetitive,16,0.9777414798736572,0.9762893915176392,0.053267672657966614,0.9777414798736572,59.01530456542969,14778,widget,0,0.18997842073440552,0.8100215792655945,0.009690195322036743,"[{""token_id"": 14778, ""token"": ""widget"", ""value"": 0.18997842073440552}, {""token_id"": 7029, ""token"": ""ер"", ""value"": 0.18028822541236877}, {""token_id"": 10560, ""token"": ""TYPE"", ""value"": 0.17988532781600952}, {""token_id"": 12568, ""token"": "" Games"", ""value"": 0.1737785041332245}, {""token_id"": 14065, ""token"": ""oker"", ""value"": 0.1731576919555664}]",14778,widget,0,58.772911071777344,0.005863189697265625,9.976006956853154e-05,"[{""token_id"": 14778, ""token"": ""widget"", ""value"": 58.772911071777344}, {""token_id"": 7029, ""token"": ""ер"", ""value"": 58.77877426147461}, {""token_id"": 10560, ""token"": ""TYPE"", ""value"": 58.787879943847656}, {""token_id"": 12568, ""token"": "" Games"", ""value"": 58.79206466674805}, {""token_id"": 14065, ""token"": ""oker"", ""value"": 58.79246520996094}]",575, ,0,0.08744218945503235,0.023168399930000305,0.30782604217529297,0.5194863677024841,"[{""token_id"": 575, ""token"": "" "", ""value"": 0.08744218945503235}, {""token_id"": 15, ""token"": ""."", ""value"": 0.06427378952503204}, {""token_id"": 14, ""token"": ""-"", ""value"": 0.034851498901844025}, {""token_id"": 209, ""token"": "" "", ""value"": 0.03157410770654678}, {""token_id"": 13, ""token"": "","", ""value"": 0.026123657822608948}]",True,False,False,0.6255208402872086
step53000,0,256,256,1,10020, semi,112,1.028905987739563,1.028905987739563,0.0,0.9510094523429871,60.398860931396484,13113,                                     ,0,0.18234950304031372,0.8176504969596863,0.004733413457870483,"[{""token_id"": 13113, ""token"": ""                                     "", ""value"": 0.18234950304031372}, {""token_id"": 12568, ""token"": "" Games"", ""value"": 0.17761608958244324}, {""token_id"": 14778, ""token"": ""widget"", ""value"": 0.16557782888412476}, {""token_id"": 1624, ""token"": ""ential"", ""value"": 0.1640271693468094}, {""token_id"": 7029, ""token"": ""ер"", ""value"": 0.16269992291927338}]",12568, Games,164,60.16997146606445,0.01673126220703125,0.00027806664685668984,"[{""token_id"": 12568, ""token"": "" Games"", ""value"": 60.16997146606445}, {""token_id"": 7029, ""token"": ""ер"", ""value"": 60.186702728271484}, {""token_id"": 1624, ""token"": ""ential"", ""value"": 60.18836975097656}, {""token_id"": 14778, ""token"": ""widget"", ""value"": 60.189308166503906}, {""token_id"": 24823, ""token"": ""ات"", ""value"": 60.19589614868164}]",209, ,12180,0.09305275976657867,0.02198386937379837,0.2695169448852539,0.4988465905189514,"[{""token_id"": 209, ""token"": "" "", ""value"": 0.09305275976657867}, {""token_id"": 50276, ""token"": ""  "", ""value"": 0.0710688903927803}, {""token_id"": 575, ""token"": "" "", ""value"": 0.0630824863910675}, {""token_id"": 15, ""token"": ""."", ""value"": 0.04804292693734169}, {""token_id"": 13, ""token"": "","", ""value"": 0.03306974843144417}]",False,False,False,0.6445523649454117
step53000,0,256,256,2,1941, evidence,284,0.9809741377830505,0.9676213264465332,0.16130481660366058,0.9809741377830505,59.661861419677734,5856,Context,0,0.18066884577274323,0.8193311542272568,0.004105880856513977,"[{""token_id"": 5856, ""token"": ""Context"", ""value"": 0.18066884577274323}, {""token_id"": 14778, ""token"": ""widget"", ""value"": 0.17656296491622925}, {""token_id"": 41315, ""token"": ""sidebar"", ""value"": 0.17632009088993073}, {""token_id"": 9270, ""token"": ""Frame"", ""value"": 0.17378173768520355}, {""token_id"": 10560, ""token"": ""TYPE"", ""value"": 0.17237553000450134}]",5856,Context,0,59.43406677246094,0.003490447998046875,5.8728069398478233e-05,"[{""token_id"": 5856, ""token"": ""Context"", ""value"": 59.43406677246094}, {""token_id"": 14778, ""token"": ""widget"", ""value"": 59.437557220458984}, {""token_id"": 9270, ""token"": ""Frame"", ""value"": 59.442054748535156}, {""token_id"": 10560, ""token"": ""TYPE"", ""value"": 59.44443130493164}, {""token_id"": 41315, ""token"": ""sidebar"", ""value"": 59.44550323486328}]",575, ,0,0.07303453981876373,0.018707726150751114,0.2959146499633789,0.5405935645103455,"[{""token_id"": 575, ""token"": "" "", ""value"": 0.07303453981876373}, {""token_id"": 15, ""token"": ""."", ""value"": 0.05432681366801262}, {""token_id"": 14, ""token"": ""-"", ""value"": 0.04687897488474846}, {""token_id"": 9, ""token"": ""("", ""value"": 0.018685389310121536}, {""token_id"": 187, ""token"": ""\n"", ""value"": 0.018221063539385796}]",True,False,False,0.6407482884824276
step53000,0,256,256,3,38730, orientations,4,0.9747297763824463,0.9627206325531006,0.15253573656082153,0.9747297763824463,59.549842834472656,5856,Context,0,0.18018952012062073,0.8198104798793793,0.001762107014656067,"[{""token_id"": 5856, ""token"": ""Context"", ""value"": 0.18018952012062073}, {""token_id"": 14778, ""token"": ""widget"", ""value"": 0.17842741310596466}, {""token_id"": 41315, ""token"": ""sidebar"", ""value"": 0.17656920850276947}, {""token_id"": 10560, ""token"": ""TYPE"", ""value"": 0.17527776956558228}, {""token_id"": 9270, ""token"": ""Frame"", ""value"": 0.17409618198871613}]",5856,Context,0,59.322715759277344,0.000308990478515625,5.208636768577182e-06,"[{""token_id"": 5856, ""token"": ""Context"", ""value"": 59.322715759277344}, {""token_id"": 14778, ""token"": ""widget"", ""value"": 59.32302474975586}, {""token_id"": 10560, ""token"": ""TYPE"", ""value"": 59.328514099121094}, {""token_id"": 9270, ""token"": ""Frame"", ""value"": 59.32963562011719}, {""token_id"": 41315, ""token"": ""sidebar"", ""value"": 59.33318328857422}]",575, ,0,0.07268723100423813,0.015313703566789627,0.23658275604248047,0.538631796836853,"[{""token_id"": 575, ""token"": "" "", ""value"": 0.07268723100423813}, {""token_id"": 15, ""token"": ""."", ""value"": 0.0573735274374485}, {""token_id"": 14, ""token"": ""-"", ""value"": 0.04706365615129471}, {""token_id"": 9, ""token"": ""("", ""value"": 0.019315825775265694}, {""token_id"": 313, ""token"": "" ("", ""value"": 0.01891666278243065}]",True,False,False,0.671507690101862
step53000,256,512,512,0,29104, repetitive,16,1.0461647510528564,1.041228175163269,0.10151161998510361,1.0461647510528564,56.86781692504883,13683,ptic,7,0.17526285350322723,0.8247371464967728,0.0004723668098449707,"[{""token_id"": 13683, ""token"": ""ptic"", ""value"": 0.17526285350322723}, {""token_id"": 33309, ""token"": ""perm"", ""value"": 0.17479048669338226}, {""token_id"": 25398, ""token"": ""מ"", ""value"": 0.174290731549263}, {""token_id"": 39851, ""token"": ""textsf"", ""value"": 0.16403493285179138}, {""token_id"": 22358, ""token"": ""wx"", ""value"": 0.16372078657150269}]",33309,perm,6,56.641624450683594,0.001285552978515625,2.269625899650747e-05,"[{""token_id"": 33309, ""token"": ""perm"", ""value"": 56.641624450683594}, {""token_id"": 13683, ""token"": ""ptic"", ""value"": 56.64291000366211}, {""token_id"": 25398, ""token"": ""מ"", ""value"": 56.64554214477539}, {""token_id"": 22358, ""token"": ""wx"", ""value"": 56.66108322143555}, {""token_id"": 25695, ""token"": ""HM"", ""value"": 56.664424896240234}]",9,(,0,0.07228224724531174,0.03333873674273491,0.6184663772583008,0.5281252264976501,"[{""token_id"": 9, ""token"": ""("", ""value"": 0.07228224724531174}, {""token_id"": 3539, ""token"": ""è"", ""value"": 0.03894351050257683}, {""token_id"": 95, ""token"": ""~"", ""value"": 0.032065633684396744}, {""token_id"": 187, ""token"": ""\n"", ""value"": 0.031153859570622444}, {""token_id"": 325, ""token"": ""�"", ""value"": 0.021313879638910294}]",False,False,False,0.6747236959636211
step53000,256,512,512,1,10020, semi,112,1.126519799232483,1.0987026691436768,0.2487955391407013,1.126519799232483,55.815643310546875,14065,oker,16,0.21532124280929565,0.7846787571907043,0.025172889232635498,"[{""token_id"": 14065, ""token"": ""oker"", ""value"": 0.21532124280929565}, {""token_id"": 39851, ""token"": ""textsf"", ""value"": 0.19014835357666016}, {""token_id"": 29872, ""token"": ""Dictionary"", ""value"": 0.180480495095253}, {""token_id"": 15679, ""token"": "" GC"", ""value"": 0.17490875720977783}, {""token_id"": 10994, ""token"": ""metric"", ""value"": 0.16701190173625946}]",14065,oker,16,55.535369873046875,0.049652099609375,0.0008940626437327967,"[{""token_id"": 14065, ""token"": ""oker"", ""value"": 55.535369873046875}, {""token_id"": 29872, ""token"": ""Dictionary"", ""value"": 55.58502197265625}, {""token_id"": 39851, ""token"": ""textsf"", ""value"": 55.58805847167969}, {""token_id"": 15679, ""token"": "" GC"", ""value"": 55.5938720703125}, {""token_id"": 10994, ""token"": ""metric"", ""value"": 55.60372543334961}]",187,"
",1,0.07409173250198364,0.023336641490459442,0.3782920837402344,0.513960599899292,"[{""token_id"": 187, ""token"": ""\n"", ""value"": 0.07409173250198364}, {""token_id"": 63, ""token"": ""^"", ""value"": 0.0507550910115242}, {""token_id"": 15, ""token"": ""."", ""value"": 0.0390874519944191}, {""token_id"": 9, ""token"": ""("", ""value"": 0.03779146820306778}, {""token_id"": 16, ""token"": ""/"", ""value"": 0.03483389690518379}]",True,False,False,0.7381302677094936
step53000,256,512,512,2,1941, evidence,284,1.0778077840805054,1.0348964929580688,0.30109620094299316,1.0778077840805054,55.560298919677734,22358,wx,0,0.18166838586330414,0.8183316141366959,0.0068369060754776,"[{""token_id"": 22358, ""token"": ""wx"", ""value"": 0.18166838586330414}, {""token_id"": 13683, ""token"": ""ptic"", ""value"": 0.17483147978782654}, {""token_id"": 28345, ""token"": "" Richardson"", ""value"": 0.17068730294704437}, {""token_id"": 39851, ""token"": ""textsf"", ""value"": 0.1686142534017563}, {""token_id"": 29816, ""token"": ""Germ"", ""value"": 0.166087344288826}]",22358,wx,0,55.329444885253906,0.006931304931640625,0.00012527335031130806,"[{""token_id"": 22358, ""token"": ""wx"", ""value"": 55.329444885253906}, {""token_id"": 13683, ""token"": ""ptic"", ""value"": 55.33637619018555}, {""token_id"": 28345, ""token"": "" Richardson"", ""value"": 55.34568786621094}, {""token_id"": 29816, ""token"": ""Germ"", ""value"": 55.350826263427734}, {""token_id"": 39851, ""token"": ""textsf"", ""value"": 55.3602409362793}]",187,"
",1,0.04018019512295723,0.0003013536334037781,0.0075283050537109375,0.5561108589172363,"[{""token_id"": 187, ""token"": ""\n"", ""value"": 0.04018019512295723}, {""token_id"": 457, ""token"": ""’"", ""value"": 0.03987884148955345}, {""token_id"": 21824, ""token"": """", ""value"": 0.022321457043290138}, {""token_id"": 3069, ""token"": ""±"", ""value"": 0.018803685903549194}, {""token_id"": 860, ""token"": ""é"", ""value"": 0.01602705381810665}]",True,False,False,0.6239940002560616
step53000,256,512,512,3,38730, orientations,4,1.0749130249023438,1.031660556793213,0.30185171961784363,1.0749130249023438,55.5228157043457,22358,wx,0,0.1815395951271057,0.8184604048728943,0.005245968699455261,"[{""token_id"": 22358, ""token"": ""wx"", ""value"": 0.1815395951271057}, {""token_id"": 13683, ""token"": ""ptic"", ""value"": 0.17629362642765045}, {""token_id"": 28345, ""token"": "" Richardson"", ""value"": 0.16895438730716705}, {""token_id"": 39851, ""token"": ""textsf"", ""value"": 0.167803093791008}, {""token_id"": 29816, ""token"": ""Germ"", ""value"": 0.16577550768852234}]",22358,wx,0,55.29214859008789,0.004734039306640625,8.56186534138282e-05,"[{""token_id"": 22358, ""token"": ""wx"", ""value"": 55.29214859008789}, {""token_id"": 13683, ""token"": ""ptic"", ""value"": 55.29688262939453}, {""token_id"": 28345, ""token"": "" Richardson"", ""value"": 55.31056594848633}, {""token_id"": 29816, ""token"": ""Germ"", ""value"": 55.31378173828125}, {""token_id"": 33739, ""token"": ""sworth"", ""value"": 55.32233810424805}]",457,’,0,0.04013265296816826,9.57585871219635e-05,0.0023889541625976562,0.5526678562164307,"[{""token_id"": 457, ""token"": ""’"", ""value"": 0.04013265296816826}, {""token_id"": 187, ""token"": ""\n"", ""value"": 0.040036894381046295}, {""token_id"": 21824, ""token"": """", ""value"": 0.023843687027692795}, {""token_id"": 3069, ""token"": ""±"", ""value"": 0.01954026147723198}, {""token_id"": 860, ""token"": ""é"", ""value"": 0.01688089407980442}]",True,False,False,0.6010032519698143
step53000,512,768,768,0,29104, repetitive,16,1.0054398775100708,1.0054398775100708,0.0,0.9286226034164429,61.40877914428711,13113,                                     ,0,0.18779799342155457,0.8122020065784454,0.018016278743743896,"[{""token_id"": 13113, ""token"": ""                                     "", ""value"": 0.18779799342155457}, {""token_id"": 24823, ""token"": ""ات"", ""value"": 0.16978171467781067}, {""token_id"": 1624, ""token"": ""ential"", ""value"": 0.16319669783115387}, {""token_id"": 12568, ""token"": "" Games"", ""value"": 0.16221393644809723}, {""token_id"": 26841, ""token"": "" committing"", ""value"": 0.16005893051624298}]",24823,ات,0,61.195579528808594,0.003604888916015625,5.890766855665739e-05,"[{""token_id"": 24823, ""token"": ""ات"", ""value"": 61.195579528808594}, {""token_id"": 1624, ""token"": ""ential"", ""value"": 61.19918441772461}, {""token_id"": 12568, ""token"": "" Games"", ""value"": 61.20087814331055}, {""token_id"": 26841, ""token"": "" committing"", ""value"": 61.204376220703125}, {""token_id"": 12729, ""token"": ""izable"", ""value"": 61.206748962402344}]",209, ,12180,0.12335751205682755,0.05085029453039169,0.5314006805419922,0.48763248324394226,"[{""token_id"": 209, ""token"": "" "", ""value"": 0.12335751205682755}, {""token_id"": 50276, ""token"": ""  "", ""value"": 0.07250721752643585}, {""token_id"": 575, ""token"": "" "", ""value"": 0.05944100022315979}, {""token_id"": 15, ""token"": ""."", ""value"": 0.048575252294540405}, {""token_id"": 187, ""token"": ""\n"", ""value"": 0.04057442024350166}]",False,False,False,0.6636943519115448
step53000,512,768,768,1,10020, semi,112,0.910588264465332,0.9071512222290039,0.07904218137264252,0.910588264465332,62.88666534423828,24823,ات,0,0.17650017142295837,0.8234998285770416,0.0007821768522262573,"[{""token_id"": 24823, ""token"": ""ات"", ""value"": 0.17650017142295837}, {""token_id"": 13113, ""token"": ""                                     "", ""value"": 0.17571799457073212}, {""token_id"": 26841, ""token"": "" committing"", ""value"": 0.16074493527412415}, {""token_id"": 6787, ""token"": ""ifications"", ""value"": 0.1604023277759552}, {""token_id"": 47403, ""token"": ""πει"", ""value"": 0.1588161289691925}]",24823,ات,0,62.66410446166992,0.014369964599609375,0.00022931732166377844,"[{""token_id"": 24823, ""token"": ""ات"", ""value"": 62.66410446166992}, {""token_id"": 6787, ""token"": ""ifications"", ""value"": 62.67847442626953}, {""token_id"": 26841, ""token"": "" committing"", ""value"": 62.68096923828125}, {""token_id"": 8029, ""token"": ""ributes"", ""value"": 62.682369232177734}, {""token_id"": 9382, ""token"": ""avas"", ""value"": 62.68623733520508}]",209, ,12180,0.2402506172657013,0.19044229388237,1.573500633239746,0.4627036154270172,"[{""token_id"": 209, ""token"": "" "", ""value"": 0.2402506172657013}, {""token_id"": 187, ""token"": ""\n"", ""value"": 0.0498083159327507}, {""token_id"": 50276, ""token"": ""  "", ""value"": 0.03414915129542351}, {""token_id"": 190, ""token"": ""\r"", ""value"": 0.023110616952180862}, {""token_id"": 424, ""token"": ""**"", ""value"": 0.022116202861070633}]",True,False,False,0.6621145643293858
step53000,512,768,768,2,1941, evidence,284,1.0006016492843628,1.0006016492843628,0.0,0.9474133849143982,59.816017150878906,13113,                                     ,0,0.18257354199886322,0.8174264580011368,0.003948569297790527,"[{""token_id"": 13113, ""token"": ""                                     "", ""value"": 0.18257354199886322}, {""token_id"": 12568, ""token"": "" Games"", ""value"": 0.1786249727010727}, {""token_id"": 7029, ""token"": ""ер"", ""value"": 0.17534291744232178}, {""token_id"": 14778, ""token"": ""widget"", ""value"": 0.17225393652915955}, {""token_id"": 7149, ""token"": ""す"", ""value"": 0.16854257881641388}]",12568, Games,164,59.58588409423828,0.00034332275390625,5.761813542336077e-06,"[{""token_id"": 12568, ""token"": "" Games"", ""value"": 59.58588409423828}, {""token_id"": 7029, ""token"": ""ер"", ""value"": 59.58622741699219}, {""token_id"": 14778, ""token"": ""widget"", ""value"": 59.597530364990234}, {""token_id"": 14065, ""token"": ""oker"", ""value"": 59.601436614990234}, {""token_id"": 7149, ""token"": ""す"", ""value"": 59.6042594909668}]",209, ,12180,0.09979817271232605,0.023536838591098785,0.2689838409423828,0.49105390906333923,"[{""token_id"": 209, ""token"": "" "", ""value"": 0.09979817271232605}, {""token_id"": 575, ""token"": "" "", ""value"": 0.07626133412122726}, {""token_id"": 50276, ""token"": ""  "", ""value"": 0.06867688149213791}, {""token_id"": 15, ""token"": ""."", ""value"": 0.05352356284856796}, {""token_id"": 13, ""token"": "","", ""value"": 0.033607494086027145}]",False,False,False,0.6262386962771416
step53000,512,768,768,3,38730, orientations,4,1.0020325183868408,1.0020325183868408,0.0,0.9465600252151489,59.85271072387695,13113,                                     ,0,0.18315967917442322,0.8168403208255768,0.00476016104221344,"[{""token_id"": 13113, ""token"": ""                                     "", ""value"": 0.18315967917442322}, {""token_id"": 12568, ""token"": "" Games"", ""value"": 0.17839951813220978}, {""token_id"": 7029, ""token"": ""ер"", ""value"": 0.17470069229602814}, {""token_id"": 14778, ""token"": ""widget"", ""value"": 0.17122137546539307}, {""token_id"": 7149, ""token"": ""す"", ""value"": 0.16820503771305084}]",12568, Games,164,59.62288284301758,0.000934600830078125,1.567520363848988e-05,"[{""token_id"": 12568, ""token"": "" Games"", ""value"": 59.62288284301758}, {""token_id"": 7029, ""token"": ""ер"", ""value"": 59.623817443847656}, {""token_id"": 14778, ""token"": ""widget"", ""value"": 59.635623931884766}, {""token_id"": 14065, ""token"": ""oker"", ""value"": 59.63899612426758}, {""token_id"": 7149, ""token"": ""す"", ""value"": 59.64140319824219}]",209, ,12180,0.1008048728108406,0.0257561132311821,0.29504871368408203,0.4906870424747467,"[{""token_id"": 209, ""token"": "" "", ""value"": 0.1008048728108406}, {""token_id"": 575, ""token"": "" "", ""value"": 0.07504875957965851}, {""token_id"": 50276, ""token"": ""  "", ""value"": 0.06977057456970215}, {""token_id"": 15, ""token"": ""."", ""value"": 0.05325348302721977}, {""token_id"": 13, ""token"": "","", ""value"": 0.03383351117372513}]",False,False,False,0.6376140378415585
step53000,768,1024,1024,0,29104, repetitive,16,1.117741584777832,1.0787665843963623,0.2925897240638733,1.117741584777832,56.724647521972656,14065,oker,16,0.19897454977035522,0.8010254502296448,0.00021117925643920898,"[{""token_id"": 14065, ""token"": ""oker"", ""value"": 0.19897454977035522}, {""token_id"": 39851, ""token"": ""textsf"", ""value"": 0.19876337051391602}, {""token_id"": 15679, ""token"": "" GC"", ""value"": 0.1814807504415512}, {""token_id"": 29872, ""token"": ""Dictionary"", ""value"": 0.18048372864723206}, {""token_id"": 5856, ""token"": ""Context"", ""value"": 0.17847834527492523}]",14065,oker,16,56.466732025146484,0.01911163330078125,0.0003384582853541128,"[{""token_id"": 14065, ""token"": ""oker"", ""value"": 56.466732025146484}, {""token_id"": 39851, ""token"": ""textsf"", ""value"": 56.485843658447266}, {""token_id"": 15679, ""token"": "" GC"", ""value"": 56.4936408996582}, {""token_id"": 29872, ""token"": ""Dictionary"", ""value"": 56.49375915527344}, {""token_id"": 5856, ""token"": ""Context"", ""value"": 56.50056457519531}]",50254,                        ,0,0.06660278141498566,0.0017313137650489807,0.026338577270507812,0.5232143998146057,"[{""token_id"": 50254, ""token"": ""                        "", ""value"": 0.06660278141498566}, {""token_id"": 187, ""token"": ""\n"", ""value"": 0.06487146764993668}, {""token_id"": 63, ""token"": ""^"", ""value"": 0.05900021269917488}, {""token_id"": 15, ""token"": ""."", ""value"": 0.03384815901517868}, {""token_id"": 424, ""token"": ""**"", ""value"": 0.026079362258315086}]",True,False,False,0.6470952741801739
step53000,768,1024,1024,1,10020, semi,112,0.9929994940757751,0.9783279895782471,0.17006587982177734,0.9929994940757751,60.11294937133789,49202,SHORT,0,0.18990753591060638,0.8100924640893936,0.00633355975151062,"[{""token_id"": 49202, ""token"": ""SHORT"", ""value"": 0.18990753591060638}, {""token_id"": 5856, ""token"": ""Context"", ""value"": 0.18357397615909576}, {""token_id"": 39851, ""token"": ""textsf"", ""value"": 0.17444345355033875}, {""token_id"": 9270, ""token"": ""Frame"", ""value"": 0.17438364028930664}, {""token_id"": 41315, ""token"": ""sidebar"", ""value"": 0.170990988612175}]",49202,SHORT,0,59.878440856933594,0.002689361572265625,4.4913687360218096e-05,"[{""token_id"": 49202, ""token"": ""SHORT"", ""value"": 59.878440856933594}, {""token_id"": 5856, ""token"": ""Context"", ""value"": 59.88113021850586}, {""token_id"": 9270, ""token"": ""Frame"", ""value"": 59.892215728759766}, {""token_id"": 12086, ""token"": ""anded"", ""value"": 59.898983001708984}, {""token_id"": 9683, ""token"": ""Layout"", ""value"": 59.90104293823242}]",575, ,0,0.0685722604393959,0.029517393559217453,0.5629205703735352,0.5473108291625977,"[{""token_id"": 575, ""token"": "" "", ""value"": 0.0685722604393959}, {""token_id"": 14, ""token"": ""-"", ""value"": 0.03905486688017845}, {""token_id"": 15, ""token"": ""."", ""value"": 0.030098380520939827}, {""token_id"": 187, ""token"": ""\n"", ""value"": 0.02323339506983757}, {""token_id"": 457, ""token"": ""’"", ""value"": 0.021802809089422226}]",True,False,False,0.5866942219436169
step53000,768,1024,1024,2,1941, evidence,284,1.1048651933670044,1.0858855247497559,0.20391087234020233,1.1048651933670044,55.74469757080078,14065,oker,16,0.2159705013036728,0.7840294986963272,0.03249739110469818,"[{""token_id"": 14065, ""token"": ""oker"", ""value"": 0.2159705013036728}, {""token_id"": 39851, ""token"": ""textsf"", ""value"": 0.1834731101989746}, {""token_id"": 29872, ""token"": ""Dictionary"", ""value"": 0.1759992241859436}, {""token_id"": 33309, ""token"": ""perm"", ""value"": 0.16713868081569672}, {""token_id"": 15679, ""token"": "" GC"", ""value"": 0.1663953959941864}]",14065,oker,16,55.46354675292969,0.056705474853515625,0.0010223917901629746,"[{""token_id"": 14065, ""token"": ""oker"", ""value"": 55.46354675292969}, {""token_id"": 29872, ""token"": ""Dictionary"", ""value"": 55.5202522277832}, {""token_id"": 39851, ""token"": ""textsf"", ""value"": 55.52564239501953}, {""token_id"": 33309, ""token"": ""perm"", ""value"": 55.52950668334961}, {""token_id"": 15679, ""token"": "" GC"", ""value"": 55.534568786621094}]",187,"
",1,0.07880102843046188,0.018162131309509277,0.2619895935058594,0.5087096691131592,"[{""token_id"": 187, ""token"": ""\n"", ""value"": 0.07880102843046188}, {""token_id"": 9, ""token"": ""("", ""value"": 0.060638897120952606}, {""token_id"": 16, ""token"": ""/"", ""value"": 0.04016997665166855}, {""token_id"": 63, ""token"": ""^"", ""value"": 0.039947330951690674}, {""token_id"": 94, ""token"": ""}"", ""value"": 0.039513155817985535}]",True,False,False,0.6374365091323853
step53000,768,1024,1024,3,38730, orientations,4,1.1058603525161743,1.0865395069122314,0.2058129757642746,1.1058603525161743,55.7370719909668,14065,oker,16,0.21618865430355072,0.7838113456964493,0.032420217990875244,"[{""token_id"": 14065, ""token"": ""oker"", ""value"": 0.21618865430355072}, {""token_id"": 39851, ""token"": ""textsf"", ""value"": 0.18376843631267548}, {""token_id"": 29872, ""token"": ""Dictionary"", ""value"": 0.1761697232723236}, {""token_id"": 15679, ""token"": "" GC"", ""value"": 0.16689783334732056}, {""token_id"": 33309, ""token"": ""perm"", ""value"": 0.16655202209949493}]",14065,oker,16,55.45561981201172,0.0567779541015625,0.0010238449104713525,"[{""token_id"": 14065, ""token"": ""oker"", ""value"": 55.45561981201172}, {""token_id"": 29872, ""token"": ""Dictionary"", ""value"": 55.51239776611328}, {""token_id"": 39851, ""token"": ""textsf"", ""value"": 55.517642974853516}, {""token_id"": 33309, ""token"": ""perm"", ""value"": 55.522701263427734}, {""token_id"": 15679, ""token"": "" GC"", ""value"": 55.52626037597656}]",187,"
",1,0.07854995876550674,0.01869482547044754,0.2718076705932617,0.5086343884468079,"[{""token_id"": 187, ""token"": ""\n"", ""value"": 0.07854995876550674}, {""token_id"": 9, ""token"": ""("", ""value"": 0.059855133295059204}, {""token_id"": 63, ""token"": ""^"", ""value"": 0.04075044393539429}, {""token_id"": 16, ""token"": ""/"", ""value"": 0.04010535404086113}, {""token_id"": 94, ""token"": ""}"", ""value"": 0.039383284747600555}]",True,False,False,0.6358250416815281
step53000,1024,1280,1280,0,29104, repetitive,16,0.9586297273635864,0.9496983289718628,0.1305527240037918,0.9586297273635864,62.73493576049805,17828,iterator,0,0.16562965512275696,0.834370344877243,0.0007188916206359863,"[{""token_id"": 17828, ""token"": ""iterator"", ""value"": 0.16562965512275696}, {""token_id"": 24823, ""token"": ""ات"", ""value"": 0.16491076350212097}, {""token_id"": 6763, ""token"": "" thousands"", ""value"": 0.16189391911029816}, {""token_id"": 13113, ""token"": ""                                     "", ""value"": 0.1580154001712799}, {""token_id"": 16282, ""token"": ""Session"", ""value"": 0.1571522355079651}]",17828,iterator,0,62.52488327026367,0.003101348876953125,4.9601833937818827e-05,"[{""token_id"": 17828, ""token"": ""iterator"", ""value"": 62.52488327026367}, {""token_id"": 24823, ""token"": ""ات"", ""value"": 62.527984619140625}, {""token_id"": 6763, ""token"": "" thousands"", ""value"": 62.53249740600586}, {""token_id"": 12729, ""token"": ""izable"", ""value"": 62.53620910644531}, {""token_id"": 16282, ""token"": ""Session"", ""value"": 62.53703308105469}]",187,"
",1,0.15480424463748932,0.019699782133102417,0.13611316680908203,0.4911666214466095,"[{""token_id"": 187, ""token"": ""\n"", ""value"": 0.15480424463748932}, {""token_id"": 209, ""token"": "" "", ""value"": 0.1351044625043869}, {""token_id"": 424, ""token"": ""**"", ""value"": 0.032194431871175766}, {""token_id"": 15, ""token"": ""."", ""value"": 0.026993999257683754}, {""token_id"": 13, ""token"": "","", ""value"": 0.01860504411160946}]",True,False,False,0.6155377477407455
step53000,1024,1280,1280,1,10020, semi,112,1.1295466423034668,1.1295466423034668,0.0,1.0696367025375366,57.32464599609375,48460,speech,0,0.1723838746547699,0.8276161253452301,8.180737495422363e-06,"[{""token_id"": 48460, ""token"": ""speech"", ""value"": 0.1723838746547699}, {""token_id"": 12391, ""token"": ""«"", ""value"": 0.17237569391727448}, {""token_id"": 38683, ""token"": "" engra"", ""value"": 0.17126069962978363}, {""token_id"": 22358, ""token"": ""wx"", ""value"": 0.16996359825134277}, {""token_id"": 14065, ""token"": ""oker"", ""value"": 0.16949276626110077}]",48460,speech,0,57.10700607299805,0.000125885009765625,2.2043706792247213e-06,"[{""token_id"": 48460, ""token"": ""speech"", ""value"": 57.10700607299805}, {""token_id"": 12391, ""token"": ""«"", ""value"": 57.10713195800781}, {""token_id"": 14065, ""token"": ""oker"", ""value"": 57.107337951660156}, {""token_id"": 38683, ""token"": "" engra"", ""value"": 57.10757827758789}, {""token_id"": 22358, ""token"": ""wx"", ""value"": 57.10927200317383}]",187,"
",1,0.060231804847717285,0.02128755673766136,0.4360694885253906,0.5494623780250549,"[{""token_id"": 187, ""token"": ""\n"", ""value"": 0.060231804847717285}, {""token_id"": 457, ""token"": ""’"", ""value"": 0.03894424811005592}, {""token_id"": 574, ""token"": "" had"", ""value"": 0.03769601881504059}, {""token_id"": 497, ""token"": "" were"", ""value"": 0.03289489075541496}, {""token_id"": 21824, ""token"": """", ""value"": 0.03287309780716896}]",True,False,False,0.6774103902280331
step53000,1024,1280,1280,2,1941, evidence,284,0.9334941506385803,0.9319568872451782,0.053551312536001205,0.9334941506385803,62.93461227416992,13113,                                     ,0,0.18343620002269745,0.8165637999773026,0.0014393627643585205,"[{""token_id"": 13113, ""token"": ""                                     "", ""value"": 0.18343620002269745}, {""token_id"": 26841, ""token"": "" committing"", ""value"": 0.18199683725833893}, {""token_id"": 24823, ""token"": ""ات"", ""value"": 0.17825794219970703}, {""token_id"": 47403, ""token"": ""πει"", ""value"": 0.16496936976909637}, {""token_id"": 31665, ""token"": ""dip"", ""value"": 0.1614363193511963}]",26841, committing,10,62.699676513671875,0.009998321533203125,0.0001594636860849347,"[{""token_id"": 26841, ""token"": "" committing"", ""value"": 62.699676513671875}, {""token_id"": 24823, ""token"": ""ات"", ""value"": 62.70967483520508}, {""token_id"": 8029, ""token"": ""ributes"", ""value"": 62.726959228515625}, {""token_id"": 47403, ""token"": ""πει"", ""value"": 62.727989196777344}, {""token_id"": 11421, ""token"": ""idal"", ""value"": 62.72959518432617}]",209, ,12180,0.2552775740623474,0.20215152204036713,1.5696840286254883,0.4381963014602661,"[{""token_id"": 209, ""token"": "" "", ""value"": 0.2552775740623474}, {""token_id"": 190, ""token"": ""\r"", ""value"": 0.05312604829668999}, {""token_id"": 50276, ""token"": ""  "", ""value"": 0.0512821339070797}, {""token_id"": 187, ""token"": ""\n"", ""value"": 0.050201356410980225}, {""token_id"": 575, ""token"": "" "", ""value"": 0.02628493681550026}]",False,False,False,0.6284179575741291
step53000,1024,1280,1280,3,38730, orientations,4,0.9317856431007385,0.930225133895874,0.05390466749668121,0.9317856431007385,62.94264221191406,13113,                                     ,0,0.18311645090579987,0.8168835490942001,0.0018627792596817017,"[{""token_id"": 13113, ""token"": ""                                     "", ""value"": 0.18311645090579987}, {""token_id"": 26841, ""token"": "" committing"", ""value"": 0.18125367164611816}, {""token_id"": 24823, ""token"": ""ات"", ""value"": 0.17815165221691132}, {""token_id"": 47403, ""token"": ""πει"", ""value"": 0.1648256480693817}, {""token_id"": 31665, ""token"": ""dip"", ""value"": 0.16107399761676788}]",26841, committing,10,62.70872497558594,0.009120941162109375,0.00014544931611447026,"[{""token_id"": 26841, ""token"": "" committing"", ""value"": 62.70872497558594}, {""token_id"": 24823, ""token"": ""ات"", ""value"": 62.71784591674805}, {""token_id"": 8029, ""token"": ""ributes"", ""value"": 62.734703063964844}, {""token_id"": 47403, ""token"": ""πει"", ""value"": 62.736209869384766}, {""token_id"": 6787, ""token"": ""ifications"", ""value"": 62.73759078979492}]",209, ,12180,0.2579892873764038,0.20658111572265625,1.6131210327148438,0.4378358721733093,"[{""token_id"": 209, ""token"": "" "", ""value"": 0.2579892873764038}, {""token_id"": 190, ""token"": ""\r"", ""value"": 0.05140816420316696}, {""token_id"": 50276, ""token"": ""  "", ""value"": 0.05080129951238632}, {""token_id"": 187, ""token"": ""\n"", ""value"": 0.049991853535175323}, {""token_id"": 575, ""token"": "" "", ""value"": 0.02560410648584366}]",False,False,False,0.6161776520311832
step53000,1280,1536,1536,0,29104, repetitive,16,0.9862767457962036,0.9722305536270142,0.16586020588874817,0.9862767457962036,59.747337341308594,5856,Context,0,0.1806398183107376,0.8193601816892624,0.005240678787231445,"[{""token_id"": 5856, ""token"": ""Context"", ""value"": 0.1806398183107376}, {""token_id"": 14778, ""token"": ""widget"", ""value"": 0.17539913952350616}, {""token_id"": 41315, ""token"": ""sidebar"", ""value"": 0.17448757588863373}, {""token_id"": 9270, ""token"": ""Frame"", ""value"": 0.1728557050228119}, {""token_id"": 49202, ""token"": ""SHORT"", ""value"": 0.17255084216594696}]",5856,Context,0,59.51955795288086,0.005031585693359375,8.453667779829062e-05,"[{""token_id"": 5856, ""token"": ""Context"", ""value"": 59.51955795288086}, {""token_id"": 14778, ""token"": ""widget"", ""value"": 59.52458953857422}, {""token_id"": 9270, ""token"": ""Frame"", ""value"": 59.52876281738281}, {""token_id"": 9683, ""token"": ""Layout"", ""value"": 59.532379150390625}, {""token_id"": 12086, ""token"": ""anded"", ""value"": 59.53274917602539}]",575, ,0,0.07565093785524368,0.02527235820889473,0.40656375885009766,0.5404835343360901,"[{""token_id"": 575, ""token"": "" "", ""value"": 0.07565093785524368}, {""token_id"": 15, ""token"": ""."", ""value"": 0.05037857964634895}, {""token_id"": 14, ""token"": ""-"", ""value"": 0.04843335971236229}, {""token_id"": 457, ""token"": ""’"", ""value"": 0.018912753090262413}, {""token_id"": 187, ""token"": ""\n"", ""value"": 0.018071146681904793}]",True,False,False,0.6227723322808743
step53000,1280,1536,1536,1,10020, semi,112,0.9739526510238647,0.973229169845581,0.03753240406513214,0.9739526510238647,59.156864166259766,14778,widget,0,0.18787497282028198,0.812125027179718,0.0055593401193618774,"[{""token_id"": 14778, ""token"": ""widget"", ""value"": 0.18787497282028198}, {""token_id"": 7029, ""token"": ""ер"", ""value"": 0.1823156327009201}, {""token_id"": 12568, ""token"": "" Games"", ""value"": 0.17944692075252533}, {""token_id"": 14065, ""token"": ""oker"", ""value"": 0.17460404336452484}, {""token_id"": 10560, ""token"": ""TYPE"", ""value"": 0.1729186624288559}]",14778,widget,0,58.917293548583984,0.000148773193359375,2.5251192714189195e-06,"[{""token_id"": 14778, ""token"": ""widget"", ""value"": 58.917293548583984}, {""token_id"": 7029, ""token"": ""ер"", ""value"": 58.917442321777344}, {""token_id"": 12568, ""token"": "" Games"", ""value"": 58.9257698059082}, {""token_id"": 14065, ""token"": ""oker"", ""value"": 58.93198776245117}, {""token_id"": 10560, ""token"": ""TYPE"", ""value"": 58.93882751464844}]",575, ,0,0.08644609898328781,0.025699030607938766,0.3528022766113281,0.5103968381881714,"[{""token_id"": 575, ""token"": "" "", ""value"": 0.08644609898328781}, {""token_id"": 15, ""token"": ""."", ""value"": 0.060747068375349045}, {""token_id"": 209, ""token"": "" "", ""value"": 0.057638149708509445}, {""token_id"": 50276, ""token"": ""  "", ""value"": 0.035653337836265564}, {""token_id"": 13, ""token"": "","", ""value"": 0.03097657486796379}]",True,False,False,0.6427390575408936
step53000,1280,1536,1536,2,1941, evidence,284,1.0602465867996216,1.0602465867996216,0.0,1.0160884857177734,59.61341094970703,49202,SHORT,0,0.19396533071994781,0.8060346692800522,0.006871834397315979,"[{""token_id"": 49202, ""token"": ""SHORT"", ""value"": 0.19396533071994781}, {""token_id"": 39851, ""token"": ""textsf"", ""value"": 0.18709349632263184}, {""token_id"": 5856, ""token"": ""Context"", ""value"": 0.18228024244308472}, {""token_id"": 15679, ""token"": "" GC"", ""value"": 0.17531470954418182}, {""token_id"": 9270, ""token"": ""Frame"", ""value"": 0.17469249665737152}]",49202,SHORT,0,59.373687744140625,0.009769439697265625,0.0001645415683015198,"[{""token_id"": 49202, ""token"": ""SHORT"", ""value"": 59.373687744140625}, {""token_id"": 5856, ""token"": ""Context"", ""value"": 59.38345718383789}, {""token_id"": 39851, ""token"": ""textsf"", ""value"": 59.388824462890625}, {""token_id"": 15679, ""token"": "" GC"", ""value"": 59.390052795410156}, {""token_id"": 9270, ""token"": ""Frame"", ""value"": 59.39238357543945}]",575, ,0,0.06379475444555283,0.015867188572883606,0.285980224609375,0.5410593152046204,"[{""token_id"": 575, ""token"": "" "", ""value"": 0.06379475444555283}, {""token_id"": 50254, ""token"": ""                        "", ""value"": 0.04792756587266922}, {""token_id"": 14, ""token"": ""-"", ""value"": 0.03394932672381401}, {""token_id"": 63, ""token"": ""^"", ""value"": 0.03140934184193611}, {""token_id"": 187, ""token"": ""\n"", ""value"": 0.030474089086055756}]",True,False,False,0.6445457637310028
step53000,1280,1536,1536,3,38730, orientations,4,1.0590707063674927,1.0590707063674927,0.0,1.0133007764816284,59.65198516845703,49202,SHORT,0,0.1940271258354187,0.8059728741645813,0.007474347949028015,"[{""token_id"": 49202, ""token"": ""SHORT"", ""value"": 0.1940271258354187}, {""token_id"": 39851, ""token"": ""textsf"", ""value"": 0.18655277788639069}, {""token_id"": 5856, ""token"": ""Context"", ""value"": 0.18231946229934692}, {""token_id"": 15679, ""token"": "" GC"", ""value"": 0.17480704188346863}, {""token_id"": 9270, ""token"": ""Frame"", ""value"": 0.1746380776166916}]",49202,SHORT,0,59.41217041015625,0.009796142578125,0.0001648844422026096,"[{""token_id"": 49202, ""token"": ""SHORT"", ""value"": 59.41217041015625}, {""token_id"": 5856, ""token"": ""Context"", ""value"": 59.421966552734375}, {""token_id"": 39851, ""token"": ""textsf"", ""value"": 59.428077697753906}, {""token_id"": 15679, ""token"": "" GC"", ""value"": 59.4293098449707}, {""token_id"": 9270, ""token"": ""Frame"", ""value"": 59.4310188293457}]",575, ,0,0.06399466842412949,0.01775446906685829,0.3249502182006836,0.5416302680969238,"[{""token_id"": 575, ""token"": "" "", ""value"": 0.06399466842412949}, {""token_id"": 50254, ""token"": ""                        "", ""value"": 0.046240199357271194}, {""token_id"": 14, ""token"": ""-"", ""value"": 0.034188803285360336}, {""token_id"": 63, ""token"": ""^"", ""value"": 0.030355358496308327}, {""token_id"": 187, ""token"": ""\n"", ""value"": 0.0301497969776392}]",True,False,False,0.7903735898435116
step53000,1536,1792,1792,0,29104, repetitive,16,1.0797408819198608,1.0704319477081299,0.14147748053073883,1.0797408819198608,55.50708770751953,22358,wx,0,0.18214935064315796,0.817850649356842,0.006061717867851257,"[{""token_id"": 22358, ""token"": ""wx"", ""value"": 0.18214935064315796}, {""token_id"": 13683, ""token"": ""ptic"", ""value"": 0.1760876327753067}, {""token_id"": 39851, ""token"": ""textsf"", ""value"": 0.16821354627609253}, {""token_id"": 29816, ""token"": ""Germ"", ""value"": 0.165776327252388}, {""token_id"": 28345, ""token"": "" Richardson"", ""value"": 0.16427484154701233}]",22358,wx,0,55.27558898925781,0.00585174560546875,0.00010586491636671607,"[{""token_id"": 22358, ""token"": ""wx"", ""value"": 55.27558898925781}, {""token_id"": 13683, ""token"": ""ptic"", ""value"": 55.28144073486328}, {""token_id"": 29816, ""token"": ""Germ"", ""value"": 55.29804992675781}, {""token_id"": 28345, ""token"": "" Richardson"", ""value"": 55.301185607910156}, {""token_id"": 6952, ""token"": ""mes"", ""value"": 55.305259704589844}]",457,’,0,0.04549822956323624,0.0019425563514232635,0.043633460998535156,0.5516542792320251,"[{""token_id"": 457, ""token"": ""’"", ""value"": 0.04549822956323624}, {""token_id"": 187, ""token"": ""\n"", ""value"": 0.04355567321181297}, {""token_id"": 21824, ""token"": """", ""value"": 0.02951078489422798}, {""token_id"": 1428, ""token"": ""ished"", ""value"": 0.016087498515844345}, {""token_id"": 39796, ""token"": ""crets"", ""value"": 0.015894221141934395}]",True,False,False,0.6249146498739719
step53000,1536,1792,1792,1,10020, semi,112,1.0690616369247437,1.0615653991699219,0.12637901306152344,1.0690616369247437,56.52750015258789,14065,oker,16,0.18803970515727997,0.81196029484272,0.00810590386390686,"[{""token_id"": 14065, ""token"": ""oker"", ""value"": 0.18803970515727997}, {""token_id"": 33309, ""token"": ""perm"", ""value"": 0.1799338012933731}, {""token_id"": 25398, ""token"": ""מ"", ""value"": 0.1776418536901474}, {""token_id"": 39851, ""token"": ""textsf"", ""value"": 0.1732361763715744}, {""token_id"": 13683, ""token"": ""ptic"", ""value"": 0.17056579887866974}]",14065,oker,16,56.28477096557617,0.00946807861328125,0.000168217413891085,"[{""token_id"": 14065, ""token"": ""oker"", ""value"": 56.28477096557617}, {""token_id"": 33309, ""token"": ""perm"", ""value"": 56.29423904418945}, {""token_id"": 25398, ""token"": ""מ"", ""value"": 56.30072021484375}, {""token_id"": 13683, ""token"": ""ptic"", ""value"": 56.30917739868164}, {""token_id"": 39851, ""token"": ""textsf"", ""value"": 56.32130432128906}]",9,(,0,0.0887451022863388,0.03731902316212654,0.5456228256225586,0.5155724287033081,"[{""token_id"": 9, ""token"": ""("", ""value"": 0.0887451022863388}, {""token_id"": 187, ""token"": ""\n"", ""value"": 0.051426079124212265}, {""token_id"": 95, ""token"": ""~"", ""value"": 0.03529999405145645}, {""token_id"": 94, ""token"": ""}"", ""value"": 0.031458836048841476}, {""token_id"": 424, ""token"": ""**"", ""value"": 0.028345275670289993}]",True,False,False,0.6440508775413036
step53000,1536,1792,1792,2,1941, evidence,284,1.109363317489624,1.0869874954223633,0.22168688476085663,1.109363317489624,60.06328582763672,12391,«,0,0.18550223112106323,0.8144977688789368,0.009303286671638489,"[{""token_id"": 12391, ""token"": ""«"", ""value"": 0.18550223112106323}, {""token_id"": 48460, ""token"": ""speech"", ""value"": 0.17619894444942474}, {""token_id"": 6519, ""token"": "" speech"", ""value"": 0.15909551084041595}, {""token_id"": 2005, ""token"": ""igma"", ""value"": 0.15842847526073456}, {""token_id"": 1821, ""token"": "" men"", ""value"": 0.15767864882946014}]",12391,«,0,59.82724380493164,0.01250457763671875,0.00020901142759459663,"[{""token_id"": 12391, ""token"": ""«"", ""value"": 59.82724380493164}, {""token_id"": 48460, ""token"": ""speech"", ""value"": 59.83974838256836}, {""token_id"": 2005, ""token"": ""igma"", ""value"": 59.86332321166992}, {""token_id"": 38683, ""token"": "" engra"", ""value"": 59.86479568481445}, {""token_id"": 7743, ""token"": "" Secret"", ""value"": 59.864845275878906}]",187,"
",1,0.07737570255994797,0.0288592167198658,0.4667692184448242,0.5397408604621887,"[{""token_id"": 187, ""token"": ""\n"", ""value"": 0.07737570255994797}, {""token_id"": 122, ""token"": ""�"", ""value"": 0.04851648584008217}, {""token_id"": 103, ""token"": ""�"", ""value"": 0.0485118106007576}, {""token_id"": 7556, ""token"": ""icious"", ""value"": 0.04347318410873413}, {""token_id"": 574, ""token"": "" had"", ""value"": 0.024864541366696358}]",True,False,False,0.6846035495400429
step53000,1536,1792,1792,3,38730, orientations,4,1.1138687133789062,1.0920443534851074,0.21941445767879486,1.1138687133789062,59.89456558227539,12391,«,0,0.186448872089386,0.813551127910614,0.009720325469970703,"[{""token_id"": 12391, ""token"": ""«"", ""value"": 0.186448872089386}, {""token_id"": 48460, ""token"": ""speech"", ""value"": 0.17672854661941528}, {""token_id"": 6519, ""token"": "" speech"", ""value"": 0.1602047234773636}, {""token_id"": 38683, ""token"": "" engra"", ""value"": 0.1591578722000122}, {""token_id"": 1821, ""token"": "" men"", ""value"": 0.1579986810684204}]",12391,«,0,59.65727996826172,0.0130767822265625,0.00021919843200225492,"[{""token_id"": 12391, ""token"": ""«"", ""value"": 59.65727996826172}, {""token_id"": 48460, ""token"": ""speech"", ""value"": 59.67035675048828}, {""token_id"": 38683, ""token"": "" engra"", ""value"": 59.693328857421875}, {""token_id"": 14065, ""token"": ""oker"", ""value"": 59.69576644897461}, {""token_id"": 2005, ""token"": ""igma"", ""value"": 59.69601058959961}]",187,"
",1,0.07801596820354462,0.033591948449611664,0.5631332397460938,0.5428277254104614,"[{""token_id"": 187, ""token"": ""\n"", ""value"": 0.07801596820354462}, {""token_id"": 7556, ""token"": ""icious"", ""value"": 0.04442401975393295}, {""token_id"": 122, ""token"": ""�"", ""value"": 0.04420025646686554}, {""token_id"": 103, ""token"": ""�"", ""value"": 0.04195357859134674}, {""token_id"": 574, ""token"": "" had"", ""value"": 0.027833744883537292}]",True,False,False,0.6675866842269897
step53000,1792,2048,2048,0,29104, repetitive,16,0.9958453178405762,0.9958453178405762,0.0,0.9524473547935486,59.73188400268555,13113,                                     ,0,0.1816144436597824,0.8183855563402176,0.002151787281036377,"[{""token_id"": 13113, ""token"": ""                                     "", ""value"": 0.1816144436597824}, {""token_id"": 12568, ""token"": "" Games"", ""value"": 0.17946265637874603}, {""token_id"": 7029, ""token"": ""ер"", ""value"": 0.17616389691829681}, {""token_id"": 14778, ""token"": ""widget"", ""value"": 0.17430536448955536}, {""token_id"": 7149, ""token"": ""す"", ""value"": 0.16819824278354645}]",12568, Games,164,59.50061798095703,0.00034332275390625,5.77007038844755e-06,"[{""token_id"": 12568, ""token"": "" Games"", ""value"": 59.50061798095703}, {""token_id"": 7029, ""token"": ""ер"", ""value"": 59.50096130371094}, {""token_id"": 14778, ""token"": ""widget"", ""value"": 59.51062774658203}, {""token_id"": 14065, ""token"": ""oker"", ""value"": 59.515892028808594}, {""token_id"": 7149, ""token"": ""す"", ""value"": 59.52061462402344}]",209, ,12180,0.09551041573286057,0.01990658789873123,0.23372840881347656,0.4936443567276001,"[{""token_id"": 209, ""token"": "" "", ""value"": 0.09551041573286057}, {""token_id"": 575, ""token"": "" "", ""value"": 0.07560382783412933}, {""token_id"": 50276, ""token"": ""  "", ""value"": 0.06567008048295975}, {""token_id"": 15, ""token"": ""."", ""value"": 0.0540701262652874}, {""token_id"": 13, ""token"": "","", ""value"": 0.034107618033885956}]",False,False,False,0.6577120423316956
step53000,1792,2048,2048,1,10020, semi,112,0.9670900106430054,0.9670900106430054,0.0,0.9354894161224365,62.30923843383789,13113,                                     ,0,0.18690799176692963,0.8130920082330704,0.006896361708641052,"[{""token_id"": 13113, ""token"": ""                                     "", ""value"": 0.18690799176692963}, {""token_id"": 26841, ""token"": "" committing"", ""value"": 0.18001163005828857}, {""token_id"": 24823, ""token"": ""ات"", ""value"": 0.1744876205921173}, {""token_id"": 1774, ""token"": "" important"", ""value"": 0.1669142246246338}, {""token_id"": 31665, ""token"": ""dip"", ""value"": 0.16461415588855743}]",26841, committing,10,62.077178955078125,0.0123291015625,0.00019860924368715111,"[{""token_id"": 26841, ""token"": "" committing"", ""value"": 62.077178955078125}, {""token_id"": 24823, ""token"": ""ات"", ""value"": 62.089508056640625}, {""token_id"": 1624, ""token"": ""ential"", ""value"": 62.09978103637695}, {""token_id"": 31665, ""token"": ""dip"", ""value"": 62.10049057006836}, {""token_id"": 12568, ""token"": "" Games"", ""value"": 62.10700988769531}]",209, ,12180,0.14933812618255615,0.08870391547679901,0.9013538360595703,0.4809436500072479,"[{""token_id"": 209, ""token"": "" "", ""value"": 0.14933812618255615}, {""token_id"": 50276, ""token"": ""  "", ""value"": 0.06063421070575714}, {""token_id"": 190, ""token"": ""\r"", ""value"": 0.05075172334909439}, {""token_id"": 575, ""token"": "" "", ""value"": 0.046065423637628555}, {""token_id"": 187, ""token"": ""\n"", ""value"": 0.04417935013771057}]",False,False,False,0.6623278073966503
step53000,1792,2048,2048,2,1941, evidence,284,0.9773938655853271,0.97596275806427,0.052871543914079666,0.9773938655853271,59.01852035522461,14778,widget,0,0.19008244574069977,0.8099175542593002,0.009363308548927307,"[{""token_id"": 14778, ""token"": ""widget"", ""value"": 0.19008244574069977}, {""token_id"": 7029, ""token"": ""ер"", ""value"": 0.18071913719177246}, {""token_id"": 10560, ""token"": ""TYPE"", ""value"": 0.1798018217086792}, {""token_id"": 12568, ""token"": "" Games"", ""value"": 0.17373058199882507}, {""token_id"": 14065, ""token"": ""oker"", ""value"": 0.1729155033826828}]",14778,widget,0,58.77598190307617,0.005397796630859375,9.183677509225701e-05,"[{""token_id"": 14778, ""token"": ""widget"", ""value"": 58.77598190307617}, {""token_id"": 7029, ""token"": ""ер"", ""value"": 58.78137969970703}, {""token_id"": 10560, ""token"": ""TYPE"", ""value"": 58.79121017456055}, {""token_id"": 12568, ""token"": "" Games"", ""value"": 58.795345306396484}, {""token_id"": 14065, ""token"": ""oker"", ""value"": 58.796016693115234}]",575, ,0,0.08886591345071793,0.024537712335586548,0.32313060760498047,0.5190269947052002,"[{""token_id"": 575, ""token"": "" "", ""value"": 0.08886591345071793}, {""token_id"": 15, ""token"": ""."", ""value"": 0.06432820111513138}, {""token_id"": 14, ""token"": ""-"", ""value"": 0.03576495870947838}, {""token_id"": 209, ""token"": "" "", ""value"": 0.031547632068395615}, {""token_id"": 13, ""token"": "","", ""value"": 0.025576230138540268}]",True,False,False,0.6635963097214699
step53000,1792,2048,2048,3,38730, orientations,4,0.977331817150116,0.9759421348571777,0.05209983140230179,0.977331817150116,59.01874923706055,14778,widget,0,0.19014248251914978,0.8098575174808502,0.009203583002090454,"[{""token_id"": 14778, ""token"": ""widget"", ""value"": 0.19014248251914978}, {""token_id"": 7029, ""token"": ""ер"", ""value"": 0.18093889951705933}, {""token_id"": 10560, ""token"": ""TYPE"", ""value"": 0.17960020899772644}, {""token_id"": 12568, ""token"": "" Games"", ""value"": 0.1740984469652176}, {""token_id"": 14065, ""token"": ""oker"", ""value"": 0.17311245203018188}]",14778,widget,0,58.77613067626953,0.0051727294921875,8.800731577037878e-05,"[{""token_id"": 14778, ""token"": ""widget"", ""value"": 58.77613067626953}, {""token_id"": 7029, ""token"": ""ер"", ""value"": 58.78130340576172}, {""token_id"": 10560, ""token"": ""TYPE"", ""value"": 58.791709899902344}, {""token_id"": 12568, ""token"": "" Games"", ""value"": 58.79507064819336}, {""token_id"": 14065, ""token"": ""oker"", ""value"": 58.79597091674805}]",575, ,0,0.08890234678983688,0.02469024807214737,0.3253469467163086,0.5187073945999146,"[{""token_id"": 575, ""token"": "" "", ""value"": 0.08890234678983688}, {""token_id"": 15, ""token"": ""."", ""value"": 0.06421209871768951}, {""token_id"": 14, ""token"": ""-"", ""value"": 0.03508751466870308}, {""token_id"": 209, ""token"": "" "", ""value"": 0.03262174129486084}, {""token_id"": 13, ""token"": "","", ""value"": 0.025860685855150223}]",True,False,False,0.7998685799539089
step61000,0,256,256,0,29104, repetitive,16,0.8999238610267639,0.8999238610267639,0.0,0.8942596912384033,69.9078598022461,30654, pastor,7,0.1863572895526886,0.8136427104473114,0.0018846094608306885,"[{""token_id"": 30654, ""token"": "" pastor"", ""value"": 0.1863572895526886}, {""token_id"": 46695, ""token"": "" propagated"", ""value"": 0.1844726800918579}, {""token_id"": 12729, ""token"": ""izable"", ""value"": 0.18064410984516144}, {""token_id"": 38908, ""token"": ""保"", ""value"": 0.1784825623035431}, {""token_id"": 25678, ""token"": "" Movement"", ""value"": 0.17327794432640076}]",30654, pastor,7,69.67633056640625,0.00365447998046875,5.244937485601059e-05,"[{""token_id"": 30654, ""token"": "" pastor"", ""value"": 69.67633056640625}, {""token_id"": 46695, ""token"": "" propagated"", ""value"": 69.67998504638672}, {""token_id"": 12729, ""token"": ""izable"", ""value"": 69.68534088134766}, {""token_id"": 38908, ""token"": ""保"", ""value"": 69.69123840332031}, {""token_id"": 25678, ""token"": "" Movement"", ""value"": 69.69194793701172}]",21902, Getty,2,0.0773811861872673,0.04485525190830231,0.8667058944702148,0.5365428924560547,"[{""token_id"": 21902, ""token"": "" Getty"", ""value"": 0.0773811861872673}, {""token_id"": 13936, ""token"": "" Holy"", ""value"": 0.032525934278964996}, {""token_id"": 2656, ""token"": "" God"", ""value"": 0.028649229556322098}, {""token_id"": 37496, ""token"": "" Standing"", ""value"": 0.02740011177957058}, {""token_id"": 14963, ""token"": "" Stone"", ""value"": 0.026155345141887665}]",True,False,False,0.6731416173279285
step61000,0,256,256,1,10020, semi,112,0.8999044895172119,0.8999044895172119,0.0,0.8942633867263794,69.90785217285156,30654, pastor,7,0.1863572895526886,0.8136427104473114,0.0018845945596694946,"[{""token_id"": 30654, ""token"": "" pastor"", ""value"": 0.1863572895526886}, {""token_id"": 46695, ""token"": "" propagated"", ""value"": 0.1844726949930191}, {""token_id"": 12729, ""token"": ""izable"", ""value"": 0.18064410984516144}, {""token_id"": 38908, ""token"": ""保"", ""value"": 0.17848259210586548}, {""token_id"": 25678, ""token"": "" Movement"", ""value"": 0.17327795922756195}]",30654, pastor,7,69.67632293701172,0.00365447998046875,5.2449380599094564e-05,"[{""token_id"": 30654, ""token"": "" pastor"", ""value"": 69.67632293701172}, {""token_id"": 46695, ""token"": "" propagated"", ""value"": 69.67997741699219}, {""token_id"": 12729, ""token"": ""izable"", ""value"": 69.68533325195312}, {""token_id"": 38908, ""token"": ""保"", ""value"": 69.69123077392578}, {""token_id"": 25678, ""token"": "" Movement"", ""value"": 69.69194030761719}]",21902, Getty,2,0.07738129049539566,0.04485534131526947,0.8667068481445312,0.5365428924560547,"[{""token_id"": 21902, ""token"": "" Getty"", ""value"": 0.07738129049539566}, {""token_id"": 13936, ""token"": "" Holy"", ""value"": 0.03252594918012619}, {""token_id"": 2656, ""token"": "" God"", ""value"": 0.02864926867187023}, {""token_id"": 37496, ""token"": "" Standing"", ""value"": 0.027400149032473564}, {""token_id"": 14963, ""token"": "" Stone"", ""value"": 0.02615533210337162}]",True,False,False,0.6382750235497952
step61000,0,256,256,2,1941, evidence,284,0.8999574184417725,0.8999574184417725,0.0,0.8942723274230957,69.90785217285156,30654, pastor,7,0.1863573044538498,0.8136426955461502,0.0018846094608306885,"[{""token_id"": 30654, ""token"": "" pastor"", ""value"": 0.1863573044538498}, {""token_id"": 46695, ""token"": "" propagated"", ""value"": 0.1844726949930191}, {""token_id"": 12729, ""token"": ""izable"", ""value"": 0.18064408004283905}, {""token_id"": 38908, ""token"": ""保"", ""value"": 0.17848259210586548}, {""token_id"": 25678, ""token"": "" Movement"", ""value"": 0.17327797412872314}]",30654, pastor,7,69.67632293701172,0.00365447998046875,5.2449380599094564e-05,"[{""token_id"": 30654, ""token"": "" pastor"", ""value"": 69.67632293701172}, {""token_id"": 46695, ""token"": "" propagated"", ""value"": 69.67997741699219}, {""token_id"": 12729, ""token"": ""izable"", ""value"": 69.68533325195312}, {""token_id"": 38908, ""token"": ""保"", ""value"": 69.69123077392578}, {""token_id"": 25678, ""token"": "" Movement"", ""value"": 69.69194030761719}]",21902, Getty,2,0.07738135010004044,0.04485534504055977,0.8667058944702148,0.5365428328514099,"[{""token_id"": 21902, ""token"": "" Getty"", ""value"": 0.07738135010004044}, {""token_id"": 13936, ""token"": "" Holy"", ""value"": 0.03252600505948067}, {""token_id"": 2656, ""token"": "" God"", ""value"": 0.028649237006902695}, {""token_id"": 37496, ""token"": "" Standing"", ""value"": 0.027400117367506027}, {""token_id"": 14963, ""token"": "" Stone"", ""value"": 0.026155276224017143}]",True,False,False,0.6625906266272068
step61000,0,256,256,3,38730, orientations,4,0.8998467922210693,0.8998467922210693,0.0,0.8942314982414246,69.9078598022461,30654, pastor,7,0.1863573044538498,0.8136426955461502,0.0018846392631530762,"[{""token_id"": 30654, ""token"": "" pastor"", ""value"": 0.1863573044538498}, {""token_id"": 46695, ""token"": "" propagated"", ""value"": 0.18447266519069672}, {""token_id"": 12729, ""token"": ""izable"", ""value"": 0.18064406514167786}, {""token_id"": 38908, ""token"": ""保"", ""value"": 0.1784825325012207}, {""token_id"": 25678, ""token"": "" Movement"", ""value"": 0.17327795922756195}]",30654, pastor,7,69.67633056640625,0.00365447998046875,5.244937485601059e-05,"[{""token_id"": 30654, ""token"": "" pastor"", ""value"": 69.67633056640625}, {""token_id"": 46695, ""token"": "" propagated"", ""value"": 69.67998504638672}, {""token_id"": 12729, ""token"": ""izable"", ""value"": 69.68534088134766}, {""token_id"": 38908, ""token"": ""保"", ""value"": 69.69123840332031}, {""token_id"": 25678, ""token"": "" Movement"", ""value"": 69.69194793701172}]",21902, Getty,2,0.07738136500120163,0.04485547915101051,0.8667097091674805,0.5365428924560547,"[{""token_id"": 21902, ""token"": "" Getty"", ""value"": 0.07738136500120163}, {""token_id"": 13936, ""token"": "" Holy"", ""value"": 0.032525885850191116}, {""token_id"": 2656, ""token"": "" God"", ""value"": 0.02864927053451538}, {""token_id"": 37496, ""token"": "" Standing"", ""value"": 0.027400150895118713}, {""token_id"": 14963, ""token"": "" Stone"", ""value"": 0.02615530416369438}]",True,False,False,0.6663376837968826
step61000,256,512,512,0,29104, repetitive,16,0.8999428153038025,0.8999428153038025,0.0,0.8942658305168152,69.90785217285156,30654, pastor,7,0.186357319355011,0.813642680644989,0.0018846243619918823,"[{""token_id"": 30654, ""token"": "" pastor"", ""value"": 0.186357319355011}, {""token_id"": 46695, ""token"": "" propagated"", ""value"": 0.1844726949930191}, {""token_id"": 12729, ""token"": ""izable"", ""value"": 0.18064410984516144}, {""token_id"": 38908, ""token"": ""保"", ""value"": 0.17848257720470428}, {""token_id"": 25678, ""token"": "" Movement"", ""value"": 0.17327795922756195}]",30654, pastor,7,69.67632293701172,0.00365447998046875,5.2449380599094564e-05,"[{""token_id"": 30654, ""token"": "" pastor"", ""value"": 69.67632293701172}, {""token_id"": 46695, ""token"": "" propagated"", ""value"": 69.67997741699219}, {""token_id"": 12729, ""token"": ""izable"", ""value"": 69.68533325195312}, {""token_id"": 38908, ""token"": ""保"", ""value"": 69.69123077392578}, {""token_id"": 25678, ""token"": "" Movement"", ""value"": 69.69194030761719}]",21902, Getty,2,0.0773811861872673,0.04485521838068962,0.8667049407958984,0.5365428924560547,"[{""token_id"": 21902, ""token"": "" Getty"", ""value"": 0.0773811861872673}, {""token_id"": 13936, ""token"": "" Holy"", ""value"": 0.03252596780657768}, {""token_id"": 2656, ""token"": "" God"", ""value"": 0.028649231418967247}, {""token_id"": 37496, ""token"": "" Standing"", ""value"": 0.027400165796279907}, {""token_id"": 14963, ""token"": "" Stone"", ""value"": 0.026155347004532814}]",True,False,False,0.6262459419667721
step61000,256,512,512,1,10020, semi,112,0.899932861328125,0.899932861328125,0.0,0.8942548632621765,69.9078598022461,30654, pastor,7,0.186357319355011,0.813642680644989,0.0018846392631530762,"[{""token_id"": 30654, ""token"": "" pastor"", ""value"": 0.186357319355011}, {""token_id"": 46695, ""token"": "" propagated"", ""value"": 0.1844726800918579}, {""token_id"": 12729, ""token"": ""izable"", ""value"": 0.18064409494400024}, {""token_id"": 38908, ""token"": ""保"", ""value"": 0.17848257720470428}, {""token_id"": 25678, ""token"": "" Movement"", ""value"": 0.17327795922756195}]",30654, pastor,7,69.67633056640625,0.00365447998046875,5.244937485601059e-05,"[{""token_id"": 30654, ""token"": "" pastor"", ""value"": 69.67633056640625}, {""token_id"": 46695, ""token"": "" propagated"", ""value"": 69.67998504638672}, {""token_id"": 12729, ""token"": ""izable"", ""value"": 69.68534088134766}, {""token_id"": 38908, ""token"": ""保"", ""value"": 69.69123840332031}, {""token_id"": 25678, ""token"": "" Movement"", ""value"": 69.69194793701172}]",21902, Getty,2,0.07738137990236282,0.044855426996946335,0.8667078018188477,0.5365428328514099,"[{""token_id"": 21902, ""token"": "" Getty"", ""value"": 0.07738137990236282}, {""token_id"": 13936, ""token"": "" Holy"", ""value"": 0.03252595290541649}, {""token_id"": 2656, ""token"": "" God"", ""value"": 0.02864924818277359}, {""token_id"": 37496, ""token"": "" Standing"", ""value"": 0.027400178834795952}, {""token_id"": 14963, ""token"": "" Stone"", ""value"": 0.02615530975162983}]",True,False,False,0.6457158662378788
step61000,256,512,512,2,1941, evidence,284,0.8998531103134155,0.8998531103134155,0.0,0.8942624926567078,69.90785217285156,30654, pastor,7,0.1863573044538498,0.8136426955461502,0.0018846243619918823,"[{""token_id"": 30654, ""token"": "" pastor"", ""value"": 0.1863573044538498}, {""token_id"": 46695, ""token"": "" propagated"", ""value"": 0.1844726800918579}, {""token_id"": 12729, ""token"": ""izable"", ""value"": 0.18064408004283905}, {""token_id"": 38908, ""token"": ""保"", ""value"": 0.1784825623035431}, {""token_id"": 25678, ""token"": "" Movement"", ""value"": 0.17327794432640076}]",30654, pastor,7,69.67632293701172,0.00365447998046875,5.2449380599094564e-05,"[{""token_id"": 30654, ""token"": "" pastor"", ""value"": 69.67632293701172}, {""token_id"": 46695, ""token"": "" propagated"", ""value"": 69.67997741699219}, {""token_id"": 12729, ""token"": ""izable"", ""value"": 69.68533325195312}, {""token_id"": 38908, ""token"": ""保"", ""value"": 69.69123077392578}, {""token_id"": 25678, ""token"": "" Movement"", ""value"": 69.69194030761719}]",21902, Getty,2,0.07738127559423447,0.04485533386468887,0.8667068481445312,0.5365428924560547,"[{""token_id"": 21902, ""token"": "" Getty"", ""value"": 0.07738127559423447}, {""token_id"": 13936, ""token"": "" Holy"", ""value"": 0.03252594172954559}, {""token_id"": 2656, ""token"": "" God"", ""value"": 0.028649237006902695}, {""token_id"": 37496, ""token"": "" Standing"", ""value"": 0.027400117367506027}, {""token_id"": 14963, ""token"": "" Stone"", ""value"": 0.026155298575758934}]",True,False,False,0.6000367552042007
step61000,256,512,512,3,38730, orientations,4,0.8999384641647339,0.8999384641647339,0.0,0.8942695260047913,69.90785217285156,30654, pastor,7,0.186357319355011,0.813642680644989,0.00188465416431427,"[{""token_id"": 30654, ""token"": "" pastor"", ""value"": 0.186357319355011}, {""token_id"": 46695, ""token"": "" propagated"", ""value"": 0.18447266519069672}, {""token_id"": 12729, ""token"": ""izable"", ""value"": 0.18064408004283905}, {""token_id"": 38908, ""token"": ""保"", ""value"": 0.1784825474023819}, {""token_id"": 25678, ""token"": "" Movement"", ""value"": 0.17327795922756195}]",30654, pastor,7,69.67632293701172,0.00365447998046875,5.2449380599094564e-05,"[{""token_id"": 30654, ""token"": "" pastor"", ""value"": 69.67632293701172}, {""token_id"": 46695, ""token"": "" propagated"", ""value"": 69.67997741699219}, {""token_id"": 12729, ""token"": ""izable"", ""value"": 69.68533325195312}, {""token_id"": 38908, ""token"": ""保"", ""value"": 69.69123077392578}, {""token_id"": 25678, ""token"": "" Movement"", ""value"": 69.69194030761719}]",21902, Getty,2,0.0773812085390091,0.0448552668094635,0.8667058944702148,0.5365428924560547,"[{""token_id"": 21902, ""token"": "" Getty"", ""value"": 0.0773812085390091}, {""token_id"": 13936, ""token"": "" Holy"", ""value"": 0.03252594172954559}, {""token_id"": 2656, ""token"": "" God"", ""value"": 0.028649266809225082}, {""token_id"": 37496, ""token"": "" Standing"", ""value"": 0.027400119230151176}, {""token_id"": 14963, ""token"": "" Stone"", ""value"": 0.02615530416369438}]",True,False,False,0.624223243445158
step61000,512,768,768,0,29104, repetitive,16,0.899930477142334,0.899930477142334,0.0,0.894258439540863,69.90785217285156,30654, pastor,7,0.1863573044538498,0.8136426955461502,0.0018846243619918823,"[{""token_id"": 30654, ""token"": "" pastor"", ""value"": 0.1863573044538498}, {""token_id"": 46695, ""token"": "" propagated"", ""value"": 0.1844726800918579}, {""token_id"": 12729, ""token"": ""izable"", ""value"": 0.18064409494400024}, {""token_id"": 38908, ""token"": ""保"", ""value"": 0.17848260700702667}, {""token_id"": 25678, ""token"": "" Movement"", ""value"": 0.17327795922756195}]",30654, pastor,7,69.67633056640625,0.0036468505859375,5.23398772049542e-05,"[{""token_id"": 30654, ""token"": "" pastor"", ""value"": 69.67633056640625}, {""token_id"": 46695, ""token"": "" propagated"", ""value"": 69.67997741699219}, {""token_id"": 12729, ""token"": ""izable"", ""value"": 69.68533325195312}, {""token_id"": 38908, ""token"": ""保"", ""value"": 69.69123077392578}, {""token_id"": 25678, ""token"": "" Movement"", ""value"": 69.69194793701172}]",21902, Getty,2,0.07738122344017029,0.044855304062366486,0.8667068481445312,0.5365428924560547,"[{""token_id"": 21902, ""token"": "" Getty"", ""value"": 0.07738122344017029}, {""token_id"": 13936, ""token"": "" Holy"", ""value"": 0.0325259193778038}, {""token_id"": 2656, ""token"": "" God"", ""value"": 0.028649218380451202}, {""token_id"": 37496, ""token"": "" Standing"", ""value"": 0.027400178834795952}, {""token_id"": 14963, ""token"": "" Stone"", ""value"": 0.02615533210337162}]",True,False,False,0.6395194828510284
step61000,512,768,768,1,10020, semi,112,0.8998474478721619,0.8998474478721619,0.0,0.8942459225654602,69.90784454345703,30654, pastor,7,0.186357319355011,0.813642680644989,0.0018846243619918823,"[{""token_id"": 30654, ""token"": "" pastor"", ""value"": 0.186357319355011}, {""token_id"": 46695, ""token"": "" propagated"", ""value"": 0.1844726949930191}, {""token_id"": 12729, ""token"": ""izable"", ""value"": 0.18064410984516144}, {""token_id"": 38908, ""token"": ""保"", ""value"": 0.17848260700702667}, {""token_id"": 25678, ""token"": "" Movement"", ""value"": 0.17327797412872314}]",30654, pastor,7,69.67632293701172,0.0036468505859375,5.233988293604844e-05,"[{""token_id"": 30654, ""token"": "" pastor"", ""value"": 69.67632293701172}, {""token_id"": 46695, ""token"": "" propagated"", ""value"": 69.67996978759766}, {""token_id"": 12729, ""token"": ""izable"", ""value"": 69.6853256225586}, {""token_id"": 38908, ""token"": ""保"", ""value"": 69.69123077392578}, {""token_id"": 25678, ""token"": "" Movement"", ""value"": 69.69194030761719}]",21902, Getty,2,0.07738126814365387,0.04485539346933365,0.8667087554931641,0.5365429520606995,"[{""token_id"": 21902, ""token"": "" Getty"", ""value"": 0.07738126814365387}, {""token_id"": 13936, ""token"": "" Holy"", ""value"": 0.03252587467432022}, {""token_id"": 2656, ""token"": "" God"", ""value"": 0.028649207204580307}, {""token_id"": 37496, ""token"": "" Standing"", ""value"": 0.027400115504860878}, {""token_id"": 14963, ""token"": "" Stone"", ""value"": 0.026155296713113785}]",True,False,False,0.5837138369679451
step61000,512,768,768,2,1941, evidence,284,0.8999775052070618,0.8999775052070618,0.0,0.894274115562439,69.90785217285156,30654, pastor,7,0.186357319355011,0.813642680644989,0.0018846392631530762,"[{""token_id"": 30654, ""token"": "" pastor"", ""value"": 0.186357319355011}, {""token_id"": 46695, ""token"": "" propagated"", ""value"": 0.1844726800918579}, {""token_id"": 12729, ""token"": ""izable"", ""value"": 0.18064410984516144}, {""token_id"": 38908, ""token"": ""保"", ""value"": 0.17848257720470428}, {""token_id"": 25678, ""token"": "" Movement"", ""value"": 0.17327797412872314}]",30654, pastor,7,69.67633056640625,0.0036468505859375,5.23398772049542e-05,"[{""token_id"": 30654, ""token"": "" pastor"", ""value"": 69.67633056640625}, {""token_id"": 46695, ""token"": "" propagated"", ""value"": 69.67997741699219}, {""token_id"": 12729, ""token"": ""izable"", ""value"": 69.68533325195312}, {""token_id"": 38908, ""token"": ""保"", ""value"": 69.69123077392578}, {""token_id"": 25678, ""token"": "" Movement"", ""value"": 69.69194793701172}]",21902, Getty,2,0.07738123089075089,0.044855307787656784,0.8667068481445312,0.5365428328514099,"[{""token_id"": 21902, ""token"": "" Getty"", ""value"": 0.07738123089075089}, {""token_id"": 13936, ""token"": "" Holy"", ""value"": 0.0325259231030941}, {""token_id"": 2656, ""token"": "" God"", ""value"": 0.02864924632012844}, {""token_id"": 37496, ""token"": "" Standing"", ""value"": 0.0274001806974411}, {""token_id"": 14963, ""token"": "" Stone"", ""value"": 0.02615528367459774}]",True,False,False,0.6126668713986874
step61000,512,768,768,3,38730, orientations,4,0.8999456167221069,0.8999456167221069,0.0,0.8942754864692688,69.90785217285156,30654, pastor,7,0.1863572746515274,0.8136427253484726,0.0018846243619918823,"[{""token_id"": 30654, ""token"": "" pastor"", ""value"": 0.1863572746515274}, {""token_id"": 46695, ""token"": "" propagated"", ""value"": 0.18447265028953552}, {""token_id"": 12729, ""token"": ""izable"", ""value"": 0.18064406514167786}, {""token_id"": 38908, ""token"": ""保"", ""value"": 0.17848257720470428}, {""token_id"": 25678, ""token"": "" Movement"", ""value"": 0.17327797412872314}]",30654, pastor,7,69.67632293701172,0.00365447998046875,5.2449380599094564e-05,"[{""token_id"": 30654, ""token"": "" pastor"", ""value"": 69.67632293701172}, {""token_id"": 46695, ""token"": "" propagated"", ""value"": 69.67997741699219}, {""token_id"": 12729, ""token"": ""izable"", ""value"": 69.68533325195312}, {""token_id"": 38908, ""token"": ""保"", ""value"": 69.69123077392578}, {""token_id"": 25678, ""token"": "" Movement"", ""value"": 69.69194030761719}]",21902, Getty,2,0.07738123834133148,0.04485531151294708,0.8667068481445312,0.5365428924560547,"[{""token_id"": 21902, ""token"": "" Getty"", ""value"": 0.07738123834133148}, {""token_id"": 13936, ""token"": "" Holy"", ""value"": 0.0325259268283844}, {""token_id"": 2656, ""token"": "" God"", ""value"": 0.02864925004541874}, {""token_id"": 37496, ""token"": "" Standing"", ""value"": 0.02740015834569931}, {""token_id"": 14963, ""token"": "" Stone"", ""value"": 0.026155315339565277}]",True,False,False,0.6466976217925549
step61000,768,1024,1024,0,29104, repetitive,16,0.8999344110488892,0.8999344110488892,0.0,0.8942434191703796,69.9078598022461,30654, pastor,7,0.186357319355011,0.813642680644989,0.0018846243619918823,"[{""token_id"": 30654, ""token"": "" pastor"", ""value"": 0.186357319355011}, {""token_id"": 46695, ""token"": "" propagated"", ""value"": 0.1844726949930191}, {""token_id"": 12729, ""token"": ""izable"", ""value"": 0.18064408004283905}, {""token_id"": 38908, ""token"": ""保"", ""value"": 0.17848257720470428}, {""token_id"": 25678, ""token"": "" Movement"", ""value"": 0.17327795922756195}]",30654, pastor,7,69.67633056640625,0.00365447998046875,5.244937485601059e-05,"[{""token_id"": 30654, ""token"": "" pastor"", ""value"": 69.67633056640625}, {""token_id"": 46695, ""token"": "" propagated"", ""value"": 69.67998504638672}, {""token_id"": 12729, ""token"": ""izable"", ""value"": 69.68534088134766}, {""token_id"": 38908, ""token"": ""保"", ""value"": 69.69123840332031}, {""token_id"": 25678, ""token"": "" Movement"", ""value"": 69.69194793701172}]",21902, Getty,2,0.07738130539655685,0.04485538229346275,0.8667078018188477,0.5365428924560547,"[{""token_id"": 21902, ""token"": "" Getty"", ""value"": 0.07738130539655685}, {""token_id"": 13936, ""token"": "" Holy"", ""value"": 0.0325259231030941}, {""token_id"": 2656, ""token"": "" God"", ""value"": 0.0286492221057415}, {""token_id"": 37496, ""token"": "" Standing"", ""value"": 0.027400154620409012}, {""token_id"": 14963, ""token"": "" Stone"", ""value"": 0.026155361905694008}]",True,False,False,0.6530873328447342
step61000,768,1024,1024,1,10020, semi,112,0.8999696373939514,0.8999696373939514,0.0,0.8942718505859375,69.9078598022461,30654, pastor,7,0.186357319355011,0.813642680644989,0.0018846392631530762,"[{""token_id"": 30654, ""token"": "" pastor"", ""value"": 0.186357319355011}, {""token_id"": 46695, ""token"": "" propagated"", ""value"": 0.1844726800918579}, {""token_id"": 12729, ""token"": ""izable"", ""value"": 0.18064409494400024}, {""token_id"": 38908, ""token"": ""保"", ""value"": 0.1784825623035431}, {""token_id"": 25678, ""token"": "" Movement"", ""value"": 0.17327792942523956}]",30654, pastor,7,69.67633056640625,0.00365447998046875,5.244937485601059e-05,"[{""token_id"": 30654, ""token"": "" pastor"", ""value"": 69.67633056640625}, {""token_id"": 46695, ""token"": "" propagated"", ""value"": 69.67998504638672}, {""token_id"": 12729, ""token"": ""izable"", ""value"": 69.68534088134766}, {""token_id"": 38908, ""token"": ""保"", ""value"": 69.69123840332031}, {""token_id"": 25678, ""token"": "" Movement"", ""value"": 69.69194793701172}]",21902, Getty,2,0.0773811861872673,0.044855281710624695,0.8667068481445312,0.5365428924560547,"[{""token_id"": 21902, ""token"": "" Getty"", ""value"": 0.0773811861872673}, {""token_id"": 13936, ""token"": "" Holy"", ""value"": 0.03252590447664261}, {""token_id"": 2656, ""token"": "" God"", ""value"": 0.028649283573031425}, {""token_id"": 37496, ""token"": "" Standing"", ""value"": 0.027400190010666847}, {""token_id"": 14963, ""token"": "" Stone"", ""value"": 0.026155319064855576}]",True,False,False,0.6289733164012432
step61000,768,1024,1024,2,1941, evidence,284,0.8999103307723999,0.8999103307723999,0.0,0.894250750541687,69.9078598022461,30654, pastor,7,0.1863573044538498,0.8136426955461502,0.0018846392631530762,"[{""token_id"": 30654, ""token"": "" pastor"", ""value"": 0.1863573044538498}, {""token_id"": 46695, ""token"": "" propagated"", ""value"": 0.18447266519069672}, {""token_id"": 12729, ""token"": ""izable"", ""value"": 0.18064408004283905}, {""token_id"": 38908, ""token"": ""保"", ""value"": 0.1784825623035431}, {""token_id"": 25678, ""token"": "" Movement"", ""value"": 0.17327797412872314}]",30654, pastor,7,69.67633056640625,0.00365447998046875,5.244937485601059e-05,"[{""token_id"": 30654, ""token"": "" pastor"", ""value"": 69.67633056640625}, {""token_id"": 46695, ""token"": "" propagated"", ""value"": 69.67998504638672}, {""token_id"": 12729, ""token"": ""izable"", ""value"": 69.68534088134766}, {""token_id"": 38908, ""token"": ""保"", ""value"": 69.69123840332031}, {""token_id"": 25678, ""token"": "" Movement"", ""value"": 69.69194793701172}]",21902, Getty,2,0.07738132029771805,0.04485538974404335,0.8667078018188477,0.5365428328514099,"[{""token_id"": 21902, ""token"": "" Getty"", ""value"": 0.07738132029771805}, {""token_id"": 13936, ""token"": "" Holy"", ""value"": 0.0325259305536747}, {""token_id"": 2656, ""token"": "" God"", ""value"": 0.028649279847741127}, {""token_id"": 37496, ""token"": "" Standing"", ""value"": 0.02740016020834446}, {""token_id"": 14963, ""token"": "" Stone"", ""value"": 0.026155315339565277}]",True,False,False,0.6254079341888428
step61000,768,1024,1024,3,38730, orientations,4,0.8999526500701904,0.8999526500701904,0.0,0.8942819237709045,69.90785217285156,30654, pastor,7,0.186357319355011,0.813642680644989,0.0018846243619918823,"[{""token_id"": 30654, ""token"": "" pastor"", ""value"": 0.186357319355011}, {""token_id"": 46695, ""token"": "" propagated"", ""value"": 0.1844726949930191}, {""token_id"": 12729, ""token"": ""izable"", ""value"": 0.18064410984516144}, {""token_id"": 38908, ""token"": ""保"", ""value"": 0.17848257720470428}, {""token_id"": 25678, ""token"": "" Movement"", ""value"": 0.17327797412872314}]",30654, pastor,7,69.67633056640625,0.0036468505859375,5.23398772049542e-05,"[{""token_id"": 30654, ""token"": "" pastor"", ""value"": 69.67633056640625}, {""token_id"": 46695, ""token"": "" propagated"", ""value"": 69.67997741699219}, {""token_id"": 12729, ""token"": ""izable"", ""value"": 69.68533325195312}, {""token_id"": 38908, ""token"": ""保"", ""value"": 69.69123077392578}, {""token_id"": 25678, ""token"": "" Movement"", ""value"": 69.69194793701172}]",21902, Getty,2,0.07738130539655685,0.044855352491140366,0.8667068481445312,0.5365428328514099,"[{""token_id"": 21902, ""token"": "" Getty"", ""value"": 0.07738130539655685}, {""token_id"": 13936, ""token"": "" Holy"", ""value"": 0.03252595290541649}, {""token_id"": 2656, ""token"": "" God"", ""value"": 0.02864927239716053}, {""token_id"": 37496, ""token"": "" Standing"", ""value"": 0.027400152757763863}, {""token_id"": 14963, ""token"": "" Stone"", ""value"": 0.02615530975162983}]",True,False,False,0.6426518112421036
step61000,1024,1280,1280,0,29104, repetitive,16,0.8999226689338684,0.8999226689338684,0.0,0.8942579627037048,69.9078598022461,30654, pastor,7,0.1863573044538498,0.8136426955461502,0.0018846392631530762,"[{""token_id"": 30654, ""token"": "" pastor"", ""value"": 0.1863573044538498}, {""token_id"": 46695, ""token"": "" propagated"", ""value"": 0.18447266519069672}, {""token_id"": 12729, ""token"": ""izable"", ""value"": 0.18064406514167786}, {""token_id"": 38908, ""token"": ""保"", ""value"": 0.1784825325012207}, {""token_id"": 25678, ""token"": "" Movement"", ""value"": 0.17327795922756195}]",30654, pastor,7,69.67633056640625,0.00365447998046875,5.244937485601059e-05,"[{""token_id"": 30654, ""token"": "" pastor"", ""value"": 69.67633056640625}, {""token_id"": 46695, ""token"": "" propagated"", ""value"": 69.67998504638672}, {""token_id"": 12729, ""token"": ""izable"", ""value"": 69.68534088134766}, {""token_id"": 38908, ""token"": ""保"", ""value"": 69.69123840332031}, {""token_id"": 25678, ""token"": "" Movement"", ""value"": 69.69194793701172}]",21902, Getty,2,0.07738115638494492,0.044855233281850815,0.8667058944702148,0.5365428328514099,"[{""token_id"": 21902, ""token"": "" Getty"", ""value"": 0.07738115638494492}, {""token_id"": 13936, ""token"": "" Holy"", ""value"": 0.0325259231030941}, {""token_id"": 2656, ""token"": "" God"", ""value"": 0.028649304062128067}, {""token_id"": 37496, ""token"": "" Standing"", ""value"": 0.02740015648305416}, {""token_id"": 14963, ""token"": "" Stone"", ""value"": 0.02615531161427498}]",True,False,False,0.6330455839633942
step61000,1024,1280,1280,1,10020, semi,112,0.8999273777008057,0.8999273777008057,0.0,0.8942800164222717,69.9078598022461,30654, pastor,7,0.18635733425617218,0.8136426657438278,0.0018846839666366577,"[{""token_id"": 30654, ""token"": "" pastor"", ""value"": 0.18635733425617218}, {""token_id"": 46695, ""token"": "" propagated"", ""value"": 0.18447265028953552}, {""token_id"": 12729, ""token"": ""izable"", ""value"": 0.18064408004283905}, {""token_id"": 38908, ""token"": ""保"", ""value"": 0.17848259210586548}, {""token_id"": 25678, ""token"": "" Movement"", ""value"": 0.17327795922756195}]",30654, pastor,7,69.67633056640625,0.00365447998046875,5.244937485601059e-05,"[{""token_id"": 30654, ""token"": "" pastor"", ""value"": 69.67633056640625}, {""token_id"": 46695, ""token"": "" propagated"", ""value"": 69.67998504638672}, {""token_id"": 12729, ""token"": ""izable"", ""value"": 69.68534088134766}, {""token_id"": 38908, ""token"": ""保"", ""value"": 69.69123840332031}, {""token_id"": 25678, ""token"": "" Movement"", ""value"": 69.69194793701172}]",21902, Getty,2,0.07738114893436432,0.044855136424303055,0.8667030334472656,0.5365428924560547,"[{""token_id"": 21902, ""token"": "" Getty"", ""value"": 0.07738114893436432}, {""token_id"": 13936, ""token"": "" Holy"", ""value"": 0.032526012510061264}, {""token_id"": 2656, ""token"": "" God"", ""value"": 0.02864927053451538}, {""token_id"": 37496, ""token"": "" Standing"", ""value"": 0.027400150895118713}, {""token_id"": 14963, ""token"": "" Stone"", ""value"": 0.02615528553724289}]",True,False,False,0.6725344136357307
step61000,1024,1280,1280,2,1941, evidence,284,0.8999289870262146,0.8999289870262146,0.0,0.8942883014678955,69.90785217285156,30654, pastor,7,0.18635733425617218,0.8136426657438278,0.0018846094608306885,"[{""token_id"": 30654, ""token"": "" pastor"", ""value"": 0.18635733425617218}, {""token_id"": 46695, ""token"": "" propagated"", ""value"": 0.1844727247953415}, {""token_id"": 12729, ""token"": ""izable"", ""value"": 0.18064408004283905}, {""token_id"": 38908, ""token"": ""保"", ""value"": 0.17848257720470428}, {""token_id"": 25678, ""token"": "" Movement"", ""value"": 0.17327794432640076}]",30654, pastor,7,69.67632293701172,0.00365447998046875,5.2449380599094564e-05,"[{""token_id"": 30654, ""token"": "" pastor"", ""value"": 69.67632293701172}, {""token_id"": 46695, ""token"": "" propagated"", ""value"": 69.67997741699219}, {""token_id"": 12729, ""token"": ""izable"", ""value"": 69.68533325195312}, {""token_id"": 38908, ""token"": ""保"", ""value"": 69.69123077392578}, {""token_id"": 25678, ""token"": "" Movement"", ""value"": 69.69194030761719}]",21902, Getty,2,0.07738127559423447,0.04485533386468887,0.8667068481445312,0.5365428924560547,"[{""token_id"": 21902, ""token"": "" Getty"", ""value"": 0.07738127559423447}, {""token_id"": 13936, ""token"": "" Holy"", ""value"": 0.03252594172954559}, {""token_id"": 2656, ""token"": "" God"", ""value"": 0.028649263083934784}, {""token_id"": 37496, ""token"": "" Standing"", ""value"": 0.027400117367506027}, {""token_id"": 14963, ""token"": "" Stone"", ""value"": 0.026155326515436172}]",True,False,False,0.6251230984926224
step61000,1024,1280,1280,3,38730, orientations,4,0.8999413251876831,0.8999413251876831,0.0,0.8942492604255676,69.9078598022461,30654, pastor,7,0.18635733425617218,0.8136426657438278,0.00188465416431427,"[{""token_id"": 30654, ""token"": "" pastor"", ""value"": 0.18635733425617218}, {""token_id"": 46695, ""token"": "" propagated"", ""value"": 0.1844726800918579}, {""token_id"": 12729, ""token"": ""izable"", ""value"": 0.18064408004283905}, {""token_id"": 38908, ""token"": ""保"", ""value"": 0.17848257720470428}, {""token_id"": 25678, ""token"": "" Movement"", ""value"": 0.17327795922756195}]",30654, pastor,7,69.67633056640625,0.00365447998046875,5.244937485601059e-05,"[{""token_id"": 30654, ""token"": "" pastor"", ""value"": 69.67633056640625}, {""token_id"": 46695, ""token"": "" propagated"", ""value"": 69.67998504638672}, {""token_id"": 12729, ""token"": ""izable"", ""value"": 69.68534088134766}, {""token_id"": 38908, ""token"": ""保"", ""value"": 69.69123840332031}, {""token_id"": 25678, ""token"": "" Movement"", ""value"": 69.69194793701172}]",21902, Getty,2,0.07738135755062103,0.04485541582107544,0.8667078018188477,0.5365428328514099,"[{""token_id"": 21902, ""token"": "" Getty"", ""value"": 0.07738135755062103}, {""token_id"": 13936, ""token"": "" Holy"", ""value"": 0.03252594172954559}, {""token_id"": 2656, ""token"": "" God"", ""value"": 0.028649210929870605}, {""token_id"": 37496, ""token"": "" Standing"", ""value"": 0.027400171384215355}, {""token_id"": 14963, ""token"": "" Stone"", ""value"": 0.026155300438404083}]",True,False,False,0.6460289247334003
step61000,1280,1536,1536,0,29104, repetitive,16,0.8998492956161499,0.8998492956161499,0.0,0.8942506313323975,69.90785217285156,30654, pastor,7,0.1863572895526886,0.8136427104473114,0.0018845945596694946,"[{""token_id"": 30654, ""token"": "" pastor"", ""value"": 0.1863572895526886}, {""token_id"": 46695, ""token"": "" propagated"", ""value"": 0.1844726949930191}, {""token_id"": 12729, ""token"": ""izable"", ""value"": 0.18064408004283905}, {""token_id"": 38908, ""token"": ""保"", ""value"": 0.17848257720470428}, {""token_id"": 25678, ""token"": "" Movement"", ""value"": 0.17327795922756195}]",30654, pastor,7,69.67633056640625,0.0036468505859375,5.23398772049542e-05,"[{""token_id"": 30654, ""token"": "" pastor"", ""value"": 69.67633056640625}, {""token_id"": 46695, ""token"": "" propagated"", ""value"": 69.67997741699219}, {""token_id"": 12729, ""token"": ""izable"", ""value"": 69.68533325195312}, {""token_id"": 38908, ""token"": ""保"", ""value"": 69.69123077392578}, {""token_id"": 25678, ""token"": "" Movement"", ""value"": 69.69194793701172}]",21902, Getty,2,0.07738126814365387,0.04485535994172096,0.8667078018188477,0.5365428924560547,"[{""token_id"": 21902, ""token"": "" Getty"", ""value"": 0.07738126814365387}, {""token_id"": 13936, ""token"": "" Holy"", ""value"": 0.03252590820193291}, {""token_id"": 2656, ""token"": "" God"", ""value"": 0.028649235144257545}, {""token_id"": 37496, ""token"": "" Standing"", ""value"": 0.027400141581892967}, {""token_id"": 14963, ""token"": "" Stone"", ""value"": 0.026155324652791023}]",True,False,False,0.6345564685761929
step61000,1280,1536,1536,1,10020, semi,112,0.8998544812202454,0.8998544812202454,0.0,0.8942514061927795,69.90785217285156,30654, pastor,7,0.186357319355011,0.813642680644989,0.0018846392631530762,"[{""token_id"": 30654, ""token"": "" pastor"", ""value"": 0.186357319355011}, {""token_id"": 46695, ""token"": "" propagated"", ""value"": 0.1844726800918579}, {""token_id"": 12729, ""token"": ""izable"", ""value"": 0.18064410984516144}, {""token_id"": 38908, ""token"": ""保"", ""value"": 0.1784825623035431}, {""token_id"": 25678, ""token"": "" Movement"", ""value"": 0.17327795922756195}]",30654, pastor,7,69.67632293701172,0.00365447998046875,5.2449380599094564e-05,"[{""token_id"": 30654, ""token"": "" pastor"", ""value"": 69.67632293701172}, {""token_id"": 46695, ""token"": "" propagated"", ""value"": 69.67997741699219}, {""token_id"": 12729, ""token"": ""izable"", ""value"": 69.68533325195312}, {""token_id"": 38908, ""token"": ""保"", ""value"": 69.69123077392578}, {""token_id"": 25678, ""token"": "" Movement"", ""value"": 69.69194030761719}]",21902, Getty,2,0.0773811861872673,0.04485521838068962,0.8667049407958984,0.5365428924560547,"[{""token_id"": 21902, ""token"": "" Getty"", ""value"": 0.0773811861872673}, {""token_id"": 13936, ""token"": "" Holy"", ""value"": 0.03252596780657768}, {""token_id"": 2656, ""token"": "" God"", ""value"": 0.028649231418967247}, {""token_id"": 37496, ""token"": "" Standing"", ""value"": 0.027400165796279907}, {""token_id"": 14963, ""token"": "" Stone"", ""value"": 0.026155298575758934}]",True,False,False,0.5882026702165604
step61000,1280,1536,1536,2,1941, evidence,284,0.8999429941177368,0.8999429941177368,0.0,0.894274890422821,69.9078598022461,30654, pastor,7,0.1863573044538498,0.8136426955461502,0.0018846243619918823,"[{""token_id"": 30654, ""token"": "" pastor"", ""value"": 0.1863573044538498}, {""token_id"": 46695, ""token"": "" propagated"", ""value"": 0.1844726800918579}, {""token_id"": 12729, ""token"": ""izable"", ""value"": 0.18064410984516144}, {""token_id"": 38908, ""token"": ""保"", ""value"": 0.17848259210586548}, {""token_id"": 25678, ""token"": "" Movement"", ""value"": 0.17327794432640076}]",30654, pastor,7,69.67633056640625,0.00365447998046875,5.244937485601059e-05,"[{""token_id"": 30654, ""token"": "" pastor"", ""value"": 69.67633056640625}, {""token_id"": 46695, ""token"": "" propagated"", ""value"": 69.67998504638672}, {""token_id"": 12729, ""token"": ""izable"", ""value"": 69.68534088134766}, {""token_id"": 38908, ""token"": ""保"", ""value"": 69.69123840332031}, {""token_id"": 25678, ""token"": "" Movement"", ""value"": 69.69194793701172}]",21902, Getty,2,0.07738108932971954,0.044855162501335144,0.8667049407958984,0.5365428924560547,"[{""token_id"": 21902, ""token"": "" Getty"", ""value"": 0.07738108932971954}, {""token_id"": 13936, ""token"": "" Holy"", ""value"": 0.0325259268283844}, {""token_id"": 2656, ""token"": "" God"", ""value"": 0.028649277985095978}, {""token_id"": 37496, ""token"": "" Standing"", ""value"": 0.02740015648305416}, {""token_id"": 14963, ""token"": "" Stone"", ""value"": 0.026155339553952217}]",True,False,False,0.587802741676569
step61000,1280,1536,1536,3,38730, orientations,4,0.8999679684638977,0.8999679684638977,0.0,0.8942872881889343,69.9078598022461,30654, pastor,7,0.1863573044538498,0.8136426955461502,0.0018846243619918823,"[{""token_id"": 30654, ""token"": "" pastor"", ""value"": 0.1863573044538498}, {""token_id"": 46695, ""token"": "" propagated"", ""value"": 0.1844726800918579}, {""token_id"": 12729, ""token"": ""izable"", ""value"": 0.18064409494400024}, {""token_id"": 38908, ""token"": ""保"", ""value"": 0.1784825623035431}, {""token_id"": 25678, ""token"": "" Movement"", ""value"": 0.17327797412872314}]",30654, pastor,7,69.67633056640625,0.00365447998046875,5.244937485601059e-05,"[{""token_id"": 30654, ""token"": "" pastor"", ""value"": 69.67633056640625}, {""token_id"": 46695, ""token"": "" propagated"", ""value"": 69.67998504638672}, {""token_id"": 12729, ""token"": ""izable"", ""value"": 69.68534088134766}, {""token_id"": 38908, ""token"": ""保"", ""value"": 69.69123840332031}, {""token_id"": 25678, ""token"": "" Movement"", ""value"": 69.69194793701172}]",21902, Getty,2,0.07738126069307327,0.04485532268881798,0.8667068481445312,0.5365428924560547,"[{""token_id"": 21902, ""token"": "" Getty"", ""value"": 0.07738126069307327}, {""token_id"": 13936, ""token"": "" Holy"", ""value"": 0.032525938004255295}, {""token_id"": 2656, ""token"": "" God"", ""value"": 0.028649233281612396}, {""token_id"": 37496, ""token"": "" Standing"", ""value"": 0.027400217950344086}, {""token_id"": 14963, ""token"": "" Stone"", ""value"": 0.026155322790145874}]",True,False,False,0.6158323176205158
step61000,1536,1792,1792,0,29104, repetitive,16,0.8998813033103943,0.8998813033103943,0.0,0.8942575454711914,69.90785217285156,30654, pastor,7,0.1863572895526886,0.8136427104473114,0.0018846094608306885,"[{""token_id"": 30654, ""token"": "" pastor"", ""value"": 0.1863572895526886}, {""token_id"": 46695, ""token"": "" propagated"", ""value"": 0.1844726800918579}, {""token_id"": 12729, ""token"": ""izable"", ""value"": 0.18064408004283905}, {""token_id"": 38908, ""token"": ""保"", ""value"": 0.17848257720470428}, {""token_id"": 25678, ""token"": "" Movement"", ""value"": 0.17327795922756195}]",30654, pastor,7,69.67632293701172,0.00365447998046875,5.2449380599094564e-05,"[{""token_id"": 30654, ""token"": "" pastor"", ""value"": 69.67632293701172}, {""token_id"": 46695, ""token"": "" propagated"", ""value"": 69.67997741699219}, {""token_id"": 12729, ""token"": ""izable"", ""value"": 69.68533325195312}, {""token_id"": 38908, ""token"": ""保"", ""value"": 69.69123077392578}, {""token_id"": 25678, ""token"": "" Movement"", ""value"": 69.69194030761719}]",21902, Getty,2,0.07738124579191208,0.04485531523823738,0.8667068481445312,0.5365428924560547,"[{""token_id"": 21902, ""token"": "" Getty"", ""value"": 0.07738124579191208}, {""token_id"": 13936, ""token"": "" Holy"", ""value"": 0.0325259305536747}, {""token_id"": 2656, ""token"": "" God"", ""value"": 0.0286492258310318}, {""token_id"": 37496, ""token"": "" Standing"", ""value"": 0.02740013226866722}, {""token_id"": 14963, ""token"": "" Stone"", ""value"": 0.026155265048146248}]",True,False,False,0.6165536716580391
step61000,1536,1792,1792,1,10020, semi,112,0.9000221490859985,0.9000221490859985,0.0,0.8942971229553223,69.90785217285156,30654, pastor,7,0.18635733425617218,0.8136426657438278,0.0018846243619918823,"[{""token_id"": 30654, ""token"": "" pastor"", ""value"": 0.18635733425617218}, {""token_id"": 46695, ""token"": "" propagated"", ""value"": 0.1844727098941803}, {""token_id"": 12729, ""token"": ""izable"", ""value"": 0.18064410984516144}, {""token_id"": 38908, ""token"": ""保"", ""value"": 0.17848259210586548}, {""token_id"": 25678, ""token"": "" Movement"", ""value"": 0.17327797412872314}]",30654, pastor,7,69.67632293701172,0.00365447998046875,5.2449380599094564e-05,"[{""token_id"": 30654, ""token"": "" pastor"", ""value"": 69.67632293701172}, {""token_id"": 46695, ""token"": "" propagated"", ""value"": 69.67997741699219}, {""token_id"": 12729, ""token"": ""izable"", ""value"": 69.68533325195312}, {""token_id"": 38908, ""token"": ""保"", ""value"": 69.69123077392578}, {""token_id"": 25678, ""token"": "" Movement"", ""value"": 69.69194030761719}]",21902, Getty,2,0.07738122344017029,0.044855304062366486,0.8667068481445312,0.5365428924560547,"[{""token_id"": 21902, ""token"": "" Getty"", ""value"": 0.07738122344017029}, {""token_id"": 13936, ""token"": "" Holy"", ""value"": 0.0325259193778038}, {""token_id"": 2656, ""token"": "" God"", ""value"": 0.02864924445748329}, {""token_id"": 37496, ""token"": "" Standing"", ""value"": 0.027400152757763863}, {""token_id"": 14963, ""token"": "" Stone"", ""value"": 0.02615528181195259}]",True,False,False,0.6246998012065887
step61000,1536,1792,1792,2,1941, evidence,284,0.8999523520469666,0.8999523520469666,0.0,0.8942649364471436,69.9078598022461,30654, pastor,7,0.1863572895526886,0.8136427104473114,0.0018846243619918823,"[{""token_id"": 30654, ""token"": "" pastor"", ""value"": 0.1863572895526886}, {""token_id"": 46695, ""token"": "" propagated"", ""value"": 0.18447266519069672}, {""token_id"": 12729, ""token"": ""izable"", ""value"": 0.18064409494400024}, {""token_id"": 38908, ""token"": ""保"", ""value"": 0.1784825474023819}, {""token_id"": 25678, ""token"": "" Movement"", ""value"": 0.17327794432640076}]",30654, pastor,7,69.67633056640625,0.00365447998046875,5.244937485601059e-05,"[{""token_id"": 30654, ""token"": "" pastor"", ""value"": 69.67633056640625}, {""token_id"": 46695, ""token"": "" propagated"", ""value"": 69.67998504638672}, {""token_id"": 12729, ""token"": ""izable"", ""value"": 69.68534088134766}, {""token_id"": 38908, ""token"": ""保"", ""value"": 69.69123840332031}, {""token_id"": 25678, ""token"": "" Movement"", ""value"": 69.69194793701172}]",21902, Getty,2,0.07738128304481506,0.04485533758997917,0.8667068481445312,0.5365428924560547,"[{""token_id"": 21902, ""token"": "" Getty"", ""value"": 0.07738128304481506}, {""token_id"": 13936, ""token"": "" Holy"", ""value"": 0.03252594545483589}, {""token_id"": 2656, ""token"": "" God"", ""value"": 0.028649264946579933}, {""token_id"": 37496, ""token"": "" Standing"", ""value"": 0.027400145307183266}, {""token_id"": 14963, ""token"": "" Stone"", ""value"": 0.026155276224017143}]",True,False,False,0.6276881508529186
step61000,1536,1792,1792,3,38730, orientations,4,0.8998730182647705,0.8998730182647705,0.0,0.8942483067512512,69.90785217285156,30654, pastor,7,0.1863573044538498,0.8136426955461502,0.0018845945596694946,"[{""token_id"": 30654, ""token"": "" pastor"", ""value"": 0.1863573044538498}, {""token_id"": 46695, ""token"": "" propagated"", ""value"": 0.1844727098941803}, {""token_id"": 12729, ""token"": ""izable"", ""value"": 0.18064408004283905}, {""token_id"": 38908, ""token"": ""保"", ""value"": 0.17848257720470428}, {""token_id"": 25678, ""token"": "" Movement"", ""value"": 0.17327795922756195}]",30654, pastor,7,69.67632293701172,0.00365447998046875,5.2449380599094564e-05,"[{""token_id"": 30654, ""token"": "" pastor"", ""value"": 69.67632293701172}, {""token_id"": 46695, ""token"": "" propagated"", ""value"": 69.67997741699219}, {""token_id"": 12729, ""token"": ""izable"", ""value"": 69.68533325195312}, {""token_id"": 38908, ""token"": ""保"", ""value"": 69.69123077392578}, {""token_id"": 25678, ""token"": "" Movement"", ""value"": 69.69194030761719}]",21902, Getty,2,0.07738123089075089,0.04485524445772171,0.8667049407958984,0.5365428924560547,"[{""token_id"": 21902, ""token"": "" Getty"", ""value"": 0.07738123089075089}, {""token_id"": 13936, ""token"": "" Holy"", ""value"": 0.032525986433029175}, {""token_id"": 2656, ""token"": "" God"", ""value"": 0.02864924632012844}, {""token_id"": 37496, ""token"": "" Standing"", ""value"": 0.027400074526667595}, {""token_id"": 14963, ""token"": "" Stone"", ""value"": 0.02615528367459774}]",True,False,False,0.6680047735571861
step61000,1792,2048,2048,0,29104, repetitive,16,0.8998809456825256,0.8998809456825256,0.0,0.8942528963088989,69.9078598022461,30654, pastor,7,0.1863573044538498,0.8136426955461502,0.0018846094608306885,"[{""token_id"": 30654, ""token"": "" pastor"", ""value"": 0.1863573044538498}, {""token_id"": 46695, ""token"": "" propagated"", ""value"": 0.1844726949930191}, {""token_id"": 12729, ""token"": ""izable"", ""value"": 0.18064408004283905}, {""token_id"": 38908, ""token"": ""保"", ""value"": 0.17848257720470428}, {""token_id"": 25678, ""token"": "" Movement"", ""value"": 0.17327795922756195}]",30654, pastor,7,69.67633056640625,0.00365447998046875,5.244937485601059e-05,"[{""token_id"": 30654, ""token"": "" pastor"", ""value"": 69.67633056640625}, {""token_id"": 46695, ""token"": "" propagated"", ""value"": 69.67998504638672}, {""token_id"": 12729, ""token"": ""izable"", ""value"": 69.68534088134766}, {""token_id"": 38908, ""token"": ""保"", ""value"": 69.69123840332031}, {""token_id"": 25678, ""token"": "" Movement"", ""value"": 69.69194793701172}]",21902, Getty,2,0.07738128304481506,0.04485537111759186,0.8667078018188477,0.5365428924560547,"[{""token_id"": 21902, ""token"": "" Getty"", ""value"": 0.07738128304481506}, {""token_id"": 13936, ""token"": "" Holy"", ""value"": 0.032525911927223206}, {""token_id"": 2656, ""token"": "" God"", ""value"": 0.02864929474890232}, {""token_id"": 37496, ""token"": "" Standing"", ""value"": 0.027400173246860504}, {""token_id"": 14963, ""token"": "" Stone"", ""value"": 0.02615535259246826}]",True,False,False,0.6327112279832363
step61000,1792,2048,2048,1,10020, semi,112,0.8999204635620117,0.8999204635620117,0.0,0.8942613005638123,69.90785217285156,30654, pastor,7,0.18635734915733337,0.8136426508426666,0.0018846690654754639,"[{""token_id"": 30654, ""token"": "" pastor"", ""value"": 0.18635734915733337}, {""token_id"": 46695, ""token"": "" propagated"", ""value"": 0.1844726800918579}, {""token_id"": 12729, ""token"": ""izable"", ""value"": 0.18064410984516144}, {""token_id"": 38908, ""token"": ""保"", ""value"": 0.17848259210586548}, {""token_id"": 25678, ""token"": "" Movement"", ""value"": 0.17327797412872314}]",30654, pastor,7,69.67633056640625,0.0036468505859375,5.23398772049542e-05,"[{""token_id"": 30654, ""token"": "" pastor"", ""value"": 69.67633056640625}, {""token_id"": 46695, ""token"": "" propagated"", ""value"": 69.67997741699219}, {""token_id"": 12729, ""token"": ""izable"", ""value"": 69.68533325195312}, {""token_id"": 38908, ""token"": ""保"", ""value"": 69.69123077392578}, {""token_id"": 25678, ""token"": "" Movement"", ""value"": 69.69194793701172}]",21902, Getty,2,0.0773811861872673,0.04485521838068962,0.8667049407958984,0.5365428924560547,"[{""token_id"": 21902, ""token"": "" Getty"", ""value"": 0.0773811861872673}, {""token_id"": 13936, ""token"": "" Holy"", ""value"": 0.03252596780657768}, {""token_id"": 2656, ""token"": "" God"", ""value"": 0.028649231418967247}, {""token_id"": 37496, ""token"": "" Standing"", ""value"": 0.02740011364221573}, {""token_id"": 14963, ""token"": "" Stone"", ""value"": 0.026155298575758934}]",True,False,False,0.6258962787687778
step61000,1792,2048,2048,2,1941, evidence,284,0.8998676538467407,0.8998676538467407,0.0,0.894238293170929,69.90785217285156,30654, pastor,7,0.1863573044538498,0.8136426955461502,0.00188465416431427,"[{""token_id"": 30654, ""token"": "" pastor"", ""value"": 0.1863573044538498}, {""token_id"": 46695, ""token"": "" propagated"", ""value"": 0.18447265028953552}, {""token_id"": 12729, ""token"": ""izable"", ""value"": 0.18064410984516144}, {""token_id"": 38908, ""token"": ""保"", ""value"": 0.17848257720470428}, {""token_id"": 25678, ""token"": "" Movement"", ""value"": 0.17327795922756195}]",30654, pastor,7,69.67632293701172,0.00365447998046875,5.2449380599094564e-05,"[{""token_id"": 30654, ""token"": "" pastor"", ""value"": 69.67632293701172}, {""token_id"": 46695, ""token"": "" propagated"", ""value"": 69.67997741699219}, {""token_id"": 12729, ""token"": ""izable"", ""value"": 69.68533325195312}, {""token_id"": 38908, ""token"": ""保"", ""value"": 69.69123077392578}, {""token_id"": 25678, ""token"": "" Movement"", ""value"": 69.69194030761719}]",21902, Getty,2,0.0773811936378479,0.044855255633592606,0.8667058944702148,0.5365429520606995,"[{""token_id"": 21902, ""token"": "" Getty"", ""value"": 0.0773811936378479}, {""token_id"": 13936, ""token"": "" Holy"", ""value"": 0.032525938004255295}, {""token_id"": 2656, ""token"": "" God"", ""value"": 0.028649233281612396}, {""token_id"": 37496, ""token"": "" Standing"", ""value"": 0.027400115504860878}, {""token_id"": 14963, ""token"": "" Stone"", ""value"": 0.026155300438404083}]",True,False,False,0.6200765520334244
step61000,1792,2048,2048,3,38730, orientations,4,0.899993896484375,0.899993896484375,0.0,0.8942810893058777,69.90784454345703,30654, pastor,7,0.186357319355011,0.813642680644989,0.0018846392631530762,"[{""token_id"": 30654, ""token"": "" pastor"", ""value"": 0.186357319355011}, {""token_id"": 46695, ""token"": "" propagated"", ""value"": 0.1844726800918579}, {""token_id"": 12729, ""token"": ""izable"", ""value"": 0.18064412474632263}, {""token_id"": 38908, ""token"": ""保"", ""value"": 0.17848257720470428}, {""token_id"": 25678, ""token"": "" Movement"", ""value"": 0.17327797412872314}]",30654, pastor,7,69.67632293701172,0.0036468505859375,5.233988293604844e-05,"[{""token_id"": 30654, ""token"": "" pastor"", ""value"": 69.67632293701172}, {""token_id"": 46695, ""token"": "" propagated"", ""value"": 69.67996978759766}, {""token_id"": 12729, ""token"": ""izable"", ""value"": 69.6853256225586}, {""token_id"": 38908, ""token"": ""保"", ""value"": 69.69123077392578}, {""token_id"": 25678, ""token"": "" Movement"", ""value"": 69.69194030761719}]",21902, Getty,2,0.07738132774829865,0.04485539346933365,0.8667078018188477,0.5365428924560547,"[{""token_id"": 21902, ""token"": "" Getty"", ""value"": 0.07738132774829865}, {""token_id"": 13936, ""token"": "" Holy"", ""value"": 0.032525934278964996}, {""token_id"": 2656, ""token"": "" God"", ""value"": 0.028649257495999336}, {""token_id"": 37496, ""token"": "" Standing"", ""value"": 0.02740013785660267}, {""token_id"": 14963, ""token"": "" Stone"", ""value"": 0.026155270636081696}]",True,False,False,0.6331667117774487
