active_dim,actual_eval_states,batch_index,burn_in_steps,checkpoint,dataset,dataset_config,dataset_split,device,dtype,eval_steps,experiment,git_commit,input_shape,input_space,method,model,nearby_distance,operator_update,projection_mode,projection_next,projection_value,residual_alpha,sample_index,sequence_length,state_norm,step_delta,step_index,target,timestamp,token_mode,tokenizer
5376,64,0,16,main,wikitext,wikitext-2-raw-v1,validation,cuda,float32,64,gpt2_dynamical_edge_normal,af125240938fafbe41b2eb787f4e20ef303ef173,"[1, 128, 768]",inputs_embeds,paper_style_feedback_dynamics,gpt2,0.48441576957702637,direct,fixed_random,-1.5324501991271973,-4.764527797698975,1.0,0,128,633.0866088867188,113.1808853149414,0,final_hidden,2026-07-10T15:01:49.654902+00:00,nonpad_flattened,gpt2
5376,64,0,16,main,wikitext,wikitext-2-raw-v1,validation,cuda,float32,64,gpt2_dynamical_edge_normal,af125240938fafbe41b2eb787f4e20ef303ef173,"[1, 128, 768]",inputs_embeds,paper_style_feedback_dynamics,gpt2,1.0972157716751099,direct,fixed_random,-0.11713266372680664,-1.5324501991271973,1.0,0,128,542.08154296875,151.09829711914062,1,final_hidden,2026-07-10T15:01:49.654902+00:00,nonpad_flattened,gpt2
5376,64,0,16,main,wikitext,wikitext-2-raw-v1,validation,cuda,float32,64,gpt2_dynamical_edge_normal,af125240938fafbe41b2eb787f4e20ef303ef173,"[1, 128, 768]",inputs_embeds,paper_style_feedback_dynamics,gpt2,2.2143445014953613,direct,fixed_random,-0.5427718162536621,-0.11713266372680664,1.0,0,128,464.2554931640625,143.21888732910156,2,final_hidden,2026-07-10T15:01:49.654902+00:00,nonpad_flattened,gpt2
5376,64,0,16,main,wikitext,wikitext-2-raw-v1,validation,cuda,float32,64,gpt2_dynamical_edge_normal,af125240938fafbe41b2eb787f4e20ef303ef173,"[1, 128, 768]",inputs_embeds,paper_style_feedback_dynamics,gpt2,3.6163625717163086,direct,fixed_random,-1.2908787727355957,-0.5427718162536621,1.0,0,128,419.4865417480469,89.10049438476562,3,final_hidden,2026-07-10T15:01:49.654902+00:00,nonpad_flattened,gpt2
5376,64,0,16,main,wikitext,wikitext-2-raw-v1,validation,cuda,float32,64,gpt2_dynamical_edge_normal,af125240938fafbe41b2eb787f4e20ef303ef173,"[1, 128, 768]",inputs_embeds,paper_style_feedback_dynamics,gpt2,2.7863194942474365,direct,fixed_random,-0.9068417549133301,-1.2908787727355957,1.0,0,128,393.98052978515625,56.93778610229492,4,final_hidden,2026-07-10T15:01:49.654902+00:00,nonpad_flattened,gpt2
5376,64,0,16,main,wikitext,wikitext-2-raw-v1,validation,cuda,float32,64,gpt2_dynamical_edge_normal,af125240938fafbe41b2eb787f4e20ef303ef173,"[1, 128, 768]",inputs_embeds,paper_style_feedback_dynamics,gpt2,2.5024361610412598,direct,fixed_random,0.23652935028076172,-0.9068417549133301,1.0,0,128,377.6884765625,34.79133605957031,5,final_hidden,2026-07-10T15:01:49.654902+00:00,nonpad_flattened,gpt2
5376,64,0,16,main,wikitext,wikitext-2-raw-v1,validation,cuda,float32,64,gpt2_dynamical_edge_normal,af125240938fafbe41b2eb787f4e20ef303ef173,"[1, 128, 768]",inputs_embeds,paper_style_feedback_dynamics,gpt2,3.2191786766052246,direct,fixed_random,1.483377456665039,0.23652935028076172,1.0,0,128,365.0506286621094,31.672374725341797,6,final_hidden,2026-07-10T15:01:49.654902+00:00,nonpad_flattened,gpt2
5376,64,0,16,main,wikitext,wikitext-2-raw-v1,validation,cuda,float32,64,gpt2_dynamical_edge_normal,af125240938fafbe41b2eb787f4e20ef303ef173,"[1, 128, 768]",inputs_embeds,paper_style_feedback_dynamics,gpt2,3.113678216934204,direct,fixed_random,2.5180397033691406,1.483377456665039,1.0,0,128,354.4530334472656,35.31605529785156,7,final_hidden,2026-07-10T15:01:49.654902+00:00,nonpad_flattened,gpt2
5376,64,0,16,main,wikitext,wikitext-2-raw-v1,validation,cuda,float32,64,gpt2_dynamical_edge_normal,af125240938fafbe41b2eb787f4e20ef303ef173,"[1, 128, 768]",inputs_embeds,paper_style_feedback_dynamics,gpt2,2.3669986724853516,direct,fixed_random,3.2211642265319824,2.5180397033691406,1.0,0,128,346.9449462890625,30.11976432800293,8,final_hidden,2026-07-10T15:01:49.654902+00:00,nonpad_flattened,gpt2
5376,64,0,16,main,wikitext,wikitext-2-raw-v1,validation,cuda,float32,64,gpt2_dynamical_edge_normal,af125240938fafbe41b2eb787f4e20ef303ef173,"[1, 128, 768]",inputs_embeds,paper_style_feedback_dynamics,gpt2,1.5034273862838745,direct,fixed_random,3.598116874694824,3.2211642265319824,1.0,0,128,342.343017578125,20.249948501586914,9,final_hidden,2026-07-10T15:01:49.654902+00:00,nonpad_flattened,gpt2
5376,64,0,16,main,wikitext,wikitext-2-raw-v1,validation,cuda,float32,64,gpt2_dynamical_edge_normal,af125240938fafbe41b2eb787f4e20ef303ef173,"[1, 128, 768]",inputs_embeds,paper_style_feedback_dynamics,gpt2,0.8163077235221863,direct,fixed_random,3.733206272125244,3.598116874694824,1.0,0,128,339.7607421875,11.053297996520996,10,final_hidden,2026-07-10T15:01:49.654902+00:00,nonpad_flattened,gpt2
5376,64,0,16,main,wikitext,wikitext-2-raw-v1,validation,cuda,float32,64,gpt2_dynamical_edge_normal,af125240938fafbe41b2eb787f4e20ef303ef173,"[1, 128, 768]",inputs_embeds,paper_style_feedback_dynamics,gpt2,0.42548292875289917,direct,fixed_random,3.7242603302001953,3.733206272125244,1.0,0,128,338.3529357910156,4.811435699462891,11,final_hidden,2026-07-10T15:01:49.654902+00:00,nonpad_flattened,gpt2
5376,64,0,16,main,wikitext,wikitext-2-raw-v1,validation,cuda,float32,64,gpt2_dynamical_edge_normal,af125240938fafbe41b2eb787f4e20ef303ef173,"[1, 128, 768]",inputs_embeds,paper_style_feedback_dynamics,gpt2,0.3309977054595947,direct,fixed_random,3.645700454711914,3.7242603302001953,1.0,0,128,337.66168212890625,2.522639036178589,12,final_hidden,2026-07-10T15:01:49.654902+00:00,nonpad_flattened,gpt2
5376,64,0,16,main,wikitext,wikitext-2-raw-v1,validation,cuda,float32,64,gpt2_dynamical_edge_normal,af125240938fafbe41b2eb787f4e20ef303ef173,"[1, 128, 768]",inputs_embeds,paper_style_feedback_dynamics,gpt2,0.3530128300189972,direct,fixed_random,3.544914722442627,3.645700454711914,1.0,0,128,337.4955139160156,3.0559959411621094,13,final_hidden,2026-07-10T15:01:49.654902+00:00,nonpad_flattened,gpt2
5376,64,0,16,main,wikitext,wikitext-2-raw-v1,validation,cuda,float32,64,gpt2_dynamical_edge_normal,af125240938fafbe41b2eb787f4e20ef303ef173,"[1, 128, 768]",inputs_embeds,paper_style_feedback_dynamics,gpt2,0.3618362247943878,direct,fixed_random,3.4463253021240234,3.544914722442627,1.0,0,128,337.7331237792969,3.4572880268096924,14,final_hidden,2026-07-10T15:01:49.654902+00:00,nonpad_flattened,gpt2
5376,64,0,16,main,wikitext,wikitext-2-raw-v1,validation,cuda,float32,64,gpt2_dynamical_edge_normal,af125240938fafbe41b2eb787f4e20ef303ef173,"[1, 128, 768]",inputs_embeds,paper_style_feedback_dynamics,gpt2,0.3463880717754364,direct,fixed_random,3.3587398529052734,3.4463253021240234,1.0,0,128,338.2372131347656,3.4015936851501465,15,final_hidden,2026-07-10T15:01:49.654902+00:00,nonpad_flattened,gpt2
5376,64,0,16,main,wikitext,wikitext-2-raw-v1,validation,cuda,float32,64,gpt2_dynamical_edge_normal,af125240938fafbe41b2eb787f4e20ef303ef173,"[1, 128, 768]",inputs_embeds,paper_style_feedback_dynamics,gpt2,0.31703776121139526,direct,fixed_random,3.283015727996826,3.3587398529052734,1.0,0,128,338.86767578125,3.1016995906829834,16,final_hidden,2026-07-10T15:01:49.654902+00:00,nonpad_flattened,gpt2
5376,64,0,16,main,wikitext,wikitext-2-raw-v1,validation,cuda,float32,64,gpt2_dynamical_edge_normal,af125240938fafbe41b2eb787f4e20ef303ef173,"[1, 128, 768]",inputs_embeds,paper_style_feedback_dynamics,gpt2,0.2824765741825104,direct,fixed_random,3.2173008918762207,3.283015727996826,1.0,0,128,339.5177917480469,2.7144651412963867,17,final_hidden,2026-07-10T15:01:49.654902+00:00,nonpad_flattened,gpt2
5376,64,0,16,main,wikitext,wikitext-2-raw-v1,validation,cuda,float32,64,gpt2_dynamical_edge_normal,af125240938fafbe41b2eb787f4e20ef303ef173,"[1, 128, 768]",inputs_embeds,paper_style_feedback_dynamics,gpt2,0.2483893632888794,direct,fixed_random,3.159562110900879,3.2173008918762207,1.0,0,128,340.12786865234375,2.3271844387054443,18,final_hidden,2026-07-10T15:01:49.654902+00:00,nonpad_flattened,gpt2
5376,64,0,16,main,wikitext,wikitext-2-raw-v1,validation,cuda,float32,64,gpt2_dynamical_edge_normal,af125240938fafbe41b2eb787f4e20ef303ef173,"[1, 128, 768]",inputs_embeds,paper_style_feedback_dynamics,gpt2,0.21746954321861267,direct,fixed_random,3.1083226203918457,3.159562110900879,1.0,0,128,340.6761779785156,1.9831523895263672,19,final_hidden,2026-07-10T15:01:49.654902+00:00,nonpad_flattened,gpt2
5376,64,0,16,main,wikitext,wikitext-2-raw-v1,validation,cuda,float32,64,gpt2_dynamical_edge_normal,af125240938fafbe41b2eb787f4e20ef303ef173,"[1, 128, 768]",inputs_embeds,paper_style_feedback_dynamics,gpt2,0.19024094939231873,direct,fixed_random,3.062680244445801,3.1083226203918457,1.0,0,128,341.162353515625,1.6963872909545898,20,final_hidden,2026-07-10T15:01:49.654902+00:00,nonpad_flattened,gpt2
5376,64,0,16,main,wikitext,wikitext-2-raw-v1,validation,cuda,float32,64,gpt2_dynamical_edge_normal,af125240938fafbe41b2eb787f4e20ef303ef173,"[1, 128, 768]",inputs_embeds,paper_style_feedback_dynamics,gpt2,0.1666150540113449,direct,fixed_random,3.022063732147217,3.062680244445801,1.0,0,128,341.5937805175781,1.462131142616272,21,final_hidden,2026-07-10T15:01:49.654902+00:00,nonpad_flattened,gpt2
5376,64,0,16,main,wikitext,wikitext-2-raw-v1,validation,cuda,float32,64,gpt2_dynamical_edge_normal,af125240938fafbe41b2eb787f4e20ef303ef173,"[1, 128, 768]",inputs_embeds,paper_style_feedback_dynamics,gpt2,0.14614853262901306,direct,fixed_random,2.986062526702881,3.022063732147217,1.0,0,128,341.9786682128906,1.269439935684204,22,final_hidden,2026-07-10T15:01:49.654902+00:00,nonpad_flattened,gpt2
5376,64,0,16,main,wikitext,wikitext-2-raw-v1,validation,cuda,float32,64,gpt2_dynamical_edge_normal,af125240938fafbe41b2eb787f4e20ef303ef173,"[1, 128, 768]",inputs_embeds,paper_style_feedback_dynamics,gpt2,0.12802362442016602,direct,fixed_random,2.9543137550354004,2.986062526702881,1.0,0,128,342.32330322265625,1.1070188283920288,23,final_hidden,2026-07-10T15:01:49.654902+00:00,nonpad_flattened,gpt2
5376,64,0,16,main,wikitext,wikitext-2-raw-v1,validation,cuda,float32,64,gpt2_dynamical_edge_normal,af125240938fafbe41b2eb787f4e20ef303ef173,"[1, 128, 768]",inputs_embeds,paper_style_feedback_dynamics,gpt2,0.11190780997276306,direct,fixed_random,2.926461696624756,2.9543137550354004,1.0,0,128,342.6319274902344,0.966598391532898,24,final_hidden,2026-07-10T15:01:49.654902+00:00,nonpad_flattened,gpt2
5376,64,0,16,main,wikitext,wikitext-2-raw-v1,validation,cuda,float32,64,gpt2_dynamical_edge_normal,af125240938fafbe41b2eb787f4e20ef303ef173,"[1, 128, 768]",inputs_embeds,paper_style_feedback_dynamics,gpt2,0.09747139364480972,direct,fixed_random,2.9021353721618652,2.926461696624756,1.0,0,128,342.9076232910156,0.8433457016944885,25,final_hidden,2026-07-10T15:01:49.654902+00:00,nonpad_flattened,gpt2
5376,64,0,16,main,wikitext,wikitext-2-raw-v1,validation,cuda,float32,64,gpt2_dynamical_edge_normal,af125240938fafbe41b2eb787f4e20ef303ef173,"[1, 128, 768]",inputs_embeds,paper_style_feedback_dynamics,gpt2,0.08485846221446991,direct,fixed_random,2.880955219268799,2.9021353721618652,1.0,0,128,343.1529846191406,0.7344555854797363,26,final_hidden,2026-07-10T15:01:49.654902+00:00,nonpad_flattened,gpt2
5376,64,0,16,main,wikitext,wikitext-2-raw-v1,validation,cuda,float32,64,gpt2_dynamical_edge_normal,af125240938fafbe41b2eb787f4e20ef303ef173,"[1, 128, 768]",inputs_embeds,paper_style_feedback_dynamics,gpt2,0.07369423657655716,direct,fixed_random,2.862551212310791,2.880955219268799,1.0,0,128,343.3702697753906,0.6385505199432373,27,final_hidden,2026-07-10T15:01:49.654902+00:00,nonpad_flattened,gpt2
5376,64,0,16,main,wikitext,wikitext-2-raw-v1,validation,cuda,float32,64,gpt2_dynamical_edge_normal,af125240938fafbe41b2eb787f4e20ef303ef173,"[1, 128, 768]",inputs_embeds,paper_style_feedback_dynamics,gpt2,0.06417874246835709,direct,fixed_random,2.8465771675109863,2.862551212310791,1.0,0,128,343.5620422363281,0.5544881224632263,28,final_hidden,2026-07-10T15:01:49.654902+00:00,nonpad_flattened,gpt2
5376,64,0,16,main,wikitext,wikitext-2-raw-v1,validation,cuda,float32,64,gpt2_dynamical_edge_normal,af125240938fafbe41b2eb787f4e20ef303ef173,"[1, 128, 768]",inputs_embeds,paper_style_feedback_dynamics,gpt2,0.05568433925509453,direct,fixed_random,2.8327102661132812,2.8465771675109863,1.0,0,128,343.73077392578125,0.4812338948249817,29,final_hidden,2026-07-10T15:01:49.654902+00:00,nonpad_flattened,gpt2
5376,64,0,16,main,wikitext,wikitext-2-raw-v1,validation,cuda,float32,64,gpt2_dynamical_edge_normal,af125240938fafbe41b2eb787f4e20ef303ef173,"[1, 128, 768]",inputs_embeds,paper_style_feedback_dynamics,gpt2,0.04840821027755737,direct,fixed_random,2.8206615447998047,2.8327102661132812,1.0,0,128,343.8788757324219,0.41774532198905945,30,final_hidden,2026-07-10T15:01:49.654902+00:00,nonpad_flattened,gpt2
5376,64,0,16,main,wikitext,wikitext-2-raw-v1,validation,cuda,float32,64,gpt2_dynamical_edge_normal,af125240938fafbe41b2eb787f4e20ef303ef173,"[1, 128, 768]",inputs_embeds,paper_style_feedback_dynamics,gpt2,0.04214923456311226,direct,fixed_random,2.810187339782715,2.8206615447998047,1.0,0,128,344.0086669921875,0.36294636130332947,31,final_hidden,2026-07-10T15:01:49.654902+00:00,nonpad_flattened,gpt2
5376,64,0,16,main,wikitext,wikitext-2-raw-v1,validation,cuda,float32,64,gpt2_dynamical_edge_normal,af125240938fafbe41b2eb787f4e20ef303ef173,"[1, 128, 768]",inputs_embeds,paper_style_feedback_dynamics,gpt2,0.036703817546367645,direct,fixed_random,2.8010621070861816,2.810187339782715,1.0,0,128,344.1224670410156,0.31565868854522705,32,final_hidden,2026-07-10T15:01:49.654902+00:00,nonpad_flattened,gpt2
5376,64,0,16,main,wikitext,wikitext-2-raw-v1,validation,cuda,float32,64,gpt2_dynamical_edge_normal,af125240938fafbe41b2eb787f4e20ef303ef173,"[1, 128, 768]",inputs_embeds,paper_style_feedback_dynamics,gpt2,0.03185174986720085,direct,fixed_random,2.793114185333252,2.8010621070861816,1.0,0,128,344.2220764160156,0.27501097321510315,33,final_hidden,2026-07-10T15:01:49.654902+00:00,nonpad_flattened,gpt2
5376,64,0,16,main,wikitext,wikitext-2-raw-v1,validation,cuda,float32,64,gpt2_dynamical_edge_normal,af125240938fafbe41b2eb787f4e20ef303ef173,"[1, 128, 768]",inputs_embeds,paper_style_feedback_dynamics,gpt2,0.02788473293185234,direct,fixed_random,2.7861642837524414,2.793114185333252,1.0,0,128,344.309326171875,0.23965856432914734,34,final_hidden,2026-07-10T15:01:49.654902+00:00,nonpad_flattened,gpt2
5376,64,0,16,main,wikitext,wikitext-2-raw-v1,validation,cuda,float32,64,gpt2_dynamical_edge_normal,af125240938fafbe41b2eb787f4e20ef303ef173,"[1, 128, 768]",inputs_embeds,paper_style_feedback_dynamics,gpt2,0.024281103163957596,direct,fixed_random,2.7800912857055664,2.7861642837524414,1.0,0,128,344.3858642578125,0.20950916409492493,35,final_hidden,2026-07-10T15:01:49.654902+00:00,nonpad_flattened,gpt2
5376,64,0,16,main,wikitext,wikitext-2-raw-v1,validation,cuda,float32,64,gpt2_dynamical_edge_normal,af125240938fafbe41b2eb787f4e20ef303ef173,"[1, 128, 768]",inputs_embeds,paper_style_feedback_dynamics,gpt2,0.021305382251739502,direct,fixed_random,2.7747697830200195,2.7800912857055664,1.0,0,128,344.4529724121094,0.1832420378923416,36,final_hidden,2026-07-10T15:01:49.654902+00:00,nonpad_flattened,gpt2
5376,64,0,16,main,wikitext,wikitext-2-raw-v1,validation,cuda,float32,64,gpt2_dynamical_edge_normal,af125240938fafbe41b2eb787f4e20ef303ef173,"[1, 128, 768]",inputs_embeds,paper_style_feedback_dynamics,gpt2,0.01864328607916832,direct,fixed_random,2.7701001167297363,2.7747697830200195,1.0,0,128,344.51190185546875,0.16053956747055054,37,final_hidden,2026-07-10T15:01:49.654902+00:00,nonpad_flattened,gpt2
5376,64,0,16,main,wikitext,wikitext-2-raw-v1,validation,cuda,float32,64,gpt2_dynamical_edge_normal,af125240938fafbe41b2eb787f4e20ef303ef173,"[1, 128, 768]",inputs_embeds,paper_style_feedback_dynamics,gpt2,0.01648019254207611,direct,fixed_random,2.7659988403320312,2.7701001167297363,1.0,0,128,344.5636901855469,0.14088556170463562,38,final_hidden,2026-07-10T15:01:49.654902+00:00,nonpad_flattened,gpt2
5376,64,0,16,main,wikitext,wikitext-2-raw-v1,validation,cuda,float32,64,gpt2_dynamical_edge_normal,af125240938fafbe41b2eb787f4e20ef303ef173,"[1, 128, 768]",inputs_embeds,paper_style_feedback_dynamics,gpt2,0.014481324702501297,direct,fixed_random,2.762392520904541,2.7659988403320312,1.0,0,128,344.6091613769531,0.12376491725444794,39,final_hidden,2026-07-10T15:01:49.654902+00:00,nonpad_flattened,gpt2
5376,64,0,16,main,wikitext,wikitext-2-raw-v1,validation,cuda,float32,64,gpt2_dynamical_edge_normal,af125240938fafbe41b2eb787f4e20ef303ef173,"[1, 128, 768]",inputs_embeds,paper_style_feedback_dynamics,gpt2,0.01271852944046259,direct,fixed_random,2.7592148780822754,2.762392520904541,1.0,0,128,344.64923095703125,0.10888953506946564,40,final_hidden,2026-07-10T15:01:49.654902+00:00,nonpad_flattened,gpt2
5376,64,0,16,main,wikitext,wikitext-2-raw-v1,validation,cuda,float32,64,gpt2_dynamical_edge_normal,af125240938fafbe41b2eb787f4e20ef303ef173,"[1, 128, 768]",inputs_embeds,paper_style_feedback_dynamics,gpt2,0.011208077892661095,direct,fixed_random,2.756412982940674,2.7592148780822754,1.0,0,128,344.6846008300781,0.09597142785787582,41,final_hidden,2026-07-10T15:01:49.654902+00:00,nonpad_flattened,gpt2
5376,64,0,16,main,wikitext,wikitext-2-raw-v1,validation,cuda,float32,64,gpt2_dynamical_edge_normal,af125240938fafbe41b2eb787f4e20ef303ef173,"[1, 128, 768]",inputs_embeds,paper_style_feedback_dynamics,gpt2,0.009816080331802368,direct,fixed_random,2.7539420127868652,2.756412982940674,1.0,0,128,344.7156982421875,0.08455128222703934,42,final_hidden,2026-07-10T15:01:49.654902+00:00,nonpad_flattened,gpt2
5376,64,0,16,main,wikitext,wikitext-2-raw-v1,validation,cuda,float32,64,gpt2_dynamical_edge_normal,af125240938fafbe41b2eb787f4e20ef303ef173,"[1, 128, 768]",inputs_embeds,paper_style_feedback_dynamics,gpt2,0.008599539287388325,direct,fixed_random,2.7517662048339844,2.7539420127868652,1.0,0,128,344.7431640625,0.07461710274219513,43,final_hidden,2026-07-10T15:01:49.654902+00:00,nonpad_flattened,gpt2
5376,64,0,16,main,wikitext,wikitext-2-raw-v1,validation,cuda,float32,64,gpt2_dynamical_edge_normal,af125240938fafbe41b2eb787f4e20ef303ef173,"[1, 128, 768]",inputs_embeds,paper_style_feedback_dynamics,gpt2,0.007618055213242769,direct,fixed_random,2.7498373985290527,2.7517662048339844,1.0,0,128,344.7673645019531,0.06578922271728516,44,final_hidden,2026-07-10T15:01:49.654902+00:00,nonpad_flattened,gpt2
5376,64,0,16,main,wikitext,wikitext-2-raw-v1,validation,cuda,float32,64,gpt2_dynamical_edge_normal,af125240938fafbe41b2eb787f4e20ef303ef173,"[1, 128, 768]",inputs_embeds,paper_style_feedback_dynamics,gpt2,0.00667099142447114,direct,fixed_random,2.748134136199951,2.7498373985290527,1.0,0,128,344.7887268066406,0.05812857300043106,45,final_hidden,2026-07-10T15:01:49.654902+00:00,nonpad_flattened,gpt2
5376,64,0,16,main,wikitext,wikitext-2-raw-v1,validation,cuda,float32,64,gpt2_dynamical_edge_normal,af125240938fafbe41b2eb787f4e20ef303ef173,"[1, 128, 768]",inputs_embeds,paper_style_feedback_dynamics,gpt2,0.005788067355751991,direct,fixed_random,2.746629238128662,2.748134136199951,1.0,0,128,344.80767822265625,0.05148323252797127,46,final_hidden,2026-07-10T15:01:49.654902+00:00,nonpad_flattened,gpt2
5376,64,0,16,main,wikitext,wikitext-2-raw-v1,validation,cuda,float32,64,gpt2_dynamical_edge_normal,af125240938fafbe41b2eb787f4e20ef303ef173,"[1, 128, 768]",inputs_embeds,paper_style_feedback_dynamics,gpt2,0.005171992350369692,direct,fixed_random,2.7452940940856934,2.746629238128662,1.0,0,128,344.8243713378906,0.04549861699342728,47,final_hidden,2026-07-10T15:01:49.654902+00:00,nonpad_flattened,gpt2
5376,64,0,16,main,wikitext,wikitext-2-raw-v1,validation,cuda,float32,64,gpt2_dynamical_edge_normal,af125240938fafbe41b2eb787f4e20ef303ef173,"[1, 128, 768]",inputs_embeds,paper_style_feedback_dynamics,gpt2,0.0046416474506258965,direct,fixed_random,2.7441163063049316,2.7452940940856934,1.0,0,128,344.8392333984375,0.040339455008506775,48,final_hidden,2026-07-10T15:01:49.654902+00:00,nonpad_flattened,gpt2
5376,64,0,16,main,wikitext,wikitext-2-raw-v1,validation,cuda,float32,64,gpt2_dynamical_edge_normal,af125240938fafbe41b2eb787f4e20ef303ef173,"[1, 128, 768]",inputs_embeds,paper_style_feedback_dynamics,gpt2,0.004211649298667908,direct,fixed_random,2.7430686950683594,2.7441163063049316,1.0,0,128,344.852294921875,0.035616591572761536,49,final_hidden,2026-07-10T15:01:49.654902+00:00,nonpad_flattened,gpt2
5376,64,0,16,main,wikitext,wikitext-2-raw-v1,validation,cuda,float32,64,gpt2_dynamical_edge_normal,af125240938fafbe41b2eb787f4e20ef303ef173,"[1, 128, 768]",inputs_embeds,paper_style_feedback_dynamics,gpt2,0.0037075942382216454,direct,fixed_random,2.742138385772705,2.7430686950683594,1.0,0,128,344.8639221191406,0.031655896455049515,50,final_hidden,2026-07-10T15:01:49.654902+00:00,nonpad_flattened,gpt2
5376,64,0,16,main,wikitext,wikitext-2-raw-v1,validation,cuda,float32,64,gpt2_dynamical_edge_normal,af125240938fafbe41b2eb787f4e20ef303ef173,"[1, 128, 768]",inputs_embeds,paper_style_feedback_dynamics,gpt2,0.0031873397529125214,direct,fixed_random,2.741313934326172,2.742138385772705,1.0,0,128,344.874267578125,0.028092291206121445,51,final_hidden,2026-07-10T15:01:49.654902+00:00,nonpad_flattened,gpt2
5376,64,0,16,main,wikitext,wikitext-2-raw-v1,validation,cuda,float32,64,gpt2_dynamical_edge_normal,af125240938fafbe41b2eb787f4e20ef303ef173,"[1, 128, 768]",inputs_embeds,paper_style_feedback_dynamics,gpt2,0.0027785671409219503,direct,fixed_random,2.7405853271484375,2.741313934326172,1.0,0,128,344.8833923339844,0.024909930303692818,52,final_hidden,2026-07-10T15:01:49.654902+00:00,nonpad_flattened,gpt2
5376,64,0,16,main,wikitext,wikitext-2-raw-v1,validation,cuda,float32,64,gpt2_dynamical_edge_normal,af125240938fafbe41b2eb787f4e20ef303ef173,"[1, 128, 768]",inputs_embeds,paper_style_feedback_dynamics,gpt2,0.0024528608191758394,direct,fixed_random,2.7399415969848633,2.7405853271484375,1.0,0,128,344.8914794921875,0.02202443964779377,53,final_hidden,2026-07-10T15:01:49.654902+00:00,nonpad_flattened,gpt2
5376,64,0,16,main,wikitext,wikitext-2-raw-v1,validation,cuda,float32,64,gpt2_dynamical_edge_normal,af125240938fafbe41b2eb787f4e20ef303ef173,"[1, 128, 768]",inputs_embeds,paper_style_feedback_dynamics,gpt2,0.002314090495929122,direct,fixed_random,2.7393646240234375,2.7399415969848633,1.0,0,128,344.89862060546875,0.01948392018675804,54,final_hidden,2026-07-10T15:01:49.654902+00:00,nonpad_flattened,gpt2
5376,64,0,16,main,wikitext,wikitext-2-raw-v1,validation,cuda,float32,64,gpt2_dynamical_edge_normal,af125240938fafbe41b2eb787f4e20ef303ef173,"[1, 128, 768]",inputs_embeds,paper_style_feedback_dynamics,gpt2,0.0021519761066883802,direct,fixed_random,2.7388548851013184,2.7393646240234375,1.0,0,128,344.905029296875,0.017394306138157845,55,final_hidden,2026-07-10T15:01:49.654902+00:00,nonpad_flattened,gpt2
5376,64,0,16,main,wikitext,wikitext-2-raw-v1,validation,cuda,float32,64,gpt2_dynamical_edge_normal,af125240938fafbe41b2eb787f4e20ef303ef173,"[1, 128, 768]",inputs_embeds,paper_style_feedback_dynamics,gpt2,0.001863388461060822,direct,fixed_random,2.738402843475342,2.7388548851013184,1.0,0,128,344.9106750488281,0.015443429350852966,56,final_hidden,2026-07-10T15:01:49.654902+00:00,nonpad_flattened,gpt2
5376,64,0,16,main,wikitext,wikitext-2-raw-v1,validation,cuda,float32,64,gpt2_dynamical_edge_normal,af125240938fafbe41b2eb787f4e20ef303ef173,"[1, 128, 768]",inputs_embeds,paper_style_feedback_dynamics,gpt2,0.0017444690456613898,direct,fixed_random,2.738001823425293,2.738402843475342,1.0,0,128,344.91571044921875,0.013690986670553684,57,final_hidden,2026-07-10T15:01:49.654902+00:00,nonpad_flattened,gpt2
5376,64,0,16,main,wikitext,wikitext-2-raw-v1,validation,cuda,float32,64,gpt2_dynamical_edge_normal,af125240938fafbe41b2eb787f4e20ef303ef173,"[1, 128, 768]",inputs_embeds,paper_style_feedback_dynamics,gpt2,0.0016015267465263605,direct,fixed_random,2.737639904022217,2.738001823425293,1.0,0,128,344.9201354980469,0.012109910137951374,58,final_hidden,2026-07-10T15:01:49.654902+00:00,nonpad_flattened,gpt2
5376,64,0,16,main,wikitext,wikitext-2-raw-v1,validation,cuda,float32,64,gpt2_dynamical_edge_normal,af125240938fafbe41b2eb787f4e20ef303ef173,"[1, 128, 768]",inputs_embeds,paper_style_feedback_dynamics,gpt2,0.001339879003353417,direct,fixed_random,2.7373199462890625,2.737639904022217,1.0,0,128,344.9241638183594,0.010880544781684875,59,final_hidden,2026-07-10T15:01:49.654902+00:00,nonpad_flattened,gpt2
5376,64,0,16,main,wikitext,wikitext-2-raw-v1,validation,cuda,float32,64,gpt2_dynamical_edge_normal,af125240938fafbe41b2eb787f4e20ef303ef173,"[1, 128, 768]",inputs_embeds,paper_style_feedback_dynamics,gpt2,0.0011565140448510647,direct,fixed_random,2.7370409965515137,2.7373199462890625,1.0,0,128,344.9276428222656,0.009636087343096733,60,final_hidden,2026-07-10T15:01:49.654902+00:00,nonpad_flattened,gpt2
5376,64,0,16,main,wikitext,wikitext-2-raw-v1,validation,cuda,float32,64,gpt2_dynamical_edge_normal,af125240938fafbe41b2eb787f4e20ef303ef173,"[1, 128, 768]",inputs_embeds,paper_style_feedback_dynamics,gpt2,0.0010506933322176337,direct,fixed_random,2.7367868423461914,2.7370409965515137,1.0,0,128,344.9307861328125,0.008524218574166298,61,final_hidden,2026-07-10T15:01:49.654902+00:00,nonpad_flattened,gpt2
5376,64,0,16,main,wikitext,wikitext-2-raw-v1,validation,cuda,float32,64,gpt2_dynamical_edge_normal,af125240938fafbe41b2eb787f4e20ef303ef173,"[1, 128, 768]",inputs_embeds,paper_style_feedback_dynamics,gpt2,0.0009171077399514616,direct,fixed_random,2.736565113067627,2.7367868423461914,1.0,0,128,344.93359375,0.0076003288850188255,62,final_hidden,2026-07-10T15:01:49.654902+00:00,nonpad_flattened,gpt2
98304,64,1,16,main,wikitext,wikitext-2-raw-v1,validation,cuda,float32,64,gpt2_dynamical_edge_normal,af125240938fafbe41b2eb787f4e20ef303ef173,"[1, 128, 768]",inputs_embeds,paper_style_feedback_dynamics,gpt2,0.0003517020377330482,direct,fixed_random,9.307909965515137,9.308009147644043,1.0,1,128,3627.325927734375,0.11491130292415619,0,final_hidden,2026-07-10T15:01:49.654902+00:00,nonpad_flattened,gpt2
98304,64,1,16,main,wikitext,wikitext-2-raw-v1,validation,cuda,float32,64,gpt2_dynamical_edge_normal,af125240938fafbe41b2eb787f4e20ef303ef173,"[1, 128, 768]",inputs_embeds,paper_style_feedback_dynamics,gpt2,0.0003438625135459006,direct,fixed_random,9.30785083770752,9.307909965515137,1.0,1,128,3627.3212890625,0.07007291913032532,1,final_hidden,2026-07-10T15:01:49.654902+00:00,nonpad_flattened,gpt2
98304,64,1,16,main,wikitext,wikitext-2-raw-v1,validation,cuda,float32,64,gpt2_dynamical_edge_normal,af125240938fafbe41b2eb787f4e20ef303ef173,"[1, 128, 768]",inputs_embeds,paper_style_feedback_dynamics,gpt2,0.00034675750066526234,direct,fixed_random,9.307814598083496,9.30785083770752,1.0,1,128,3627.320068359375,0.04273195564746857,2,final_hidden,2026-07-10T15:01:49.654902+00:00,nonpad_flattened,gpt2
98304,64,1,16,main,wikitext,wikitext-2-raw-v1,validation,cuda,float32,64,gpt2_dynamical_edge_normal,af125240938fafbe41b2eb787f4e20ef303ef173,"[1, 128, 768]",inputs_embeds,paper_style_feedback_dynamics,gpt2,0.00033144484041258693,direct,fixed_random,9.307796478271484,9.307814598083496,1.0,1,128,3627.320068359375,0.026069428771734238,3,final_hidden,2026-07-10T15:01:49.654902+00:00,nonpad_flattened,gpt2
98304,64,1,16,main,wikitext,wikitext-2-raw-v1,validation,cuda,float32,64,gpt2_dynamical_edge_normal,af125240938fafbe41b2eb787f4e20ef303ef173,"[1, 128, 768]",inputs_embeds,paper_style_feedback_dynamics,gpt2,0.0003206360852345824,direct,fixed_random,9.307780265808105,9.307796478271484,1.0,1,128,3627.3203125,0.01588236726820469,4,final_hidden,2026-07-10T15:01:49.654902+00:00,nonpad_flattened,gpt2
98304,64,1,16,main,wikitext,wikitext-2-raw-v1,validation,cuda,float32,64,gpt2_dynamical_edge_normal,af125240938fafbe41b2eb787f4e20ef303ef173,"[1, 128, 768]",inputs_embeds,paper_style_feedback_dynamics,gpt2,0.0003288075386080891,direct,fixed_random,9.307772636413574,9.307780265808105,1.0,1,128,3627.320556640625,0.00967363640666008,5,final_hidden,2026-07-10T15:01:49.654902+00:00,nonpad_flattened,gpt2
98304,64,1,16,main,wikitext,wikitext-2-raw-v1,validation,cuda,float32,64,gpt2_dynamical_edge_normal,af125240938fafbe41b2eb787f4e20ef303ef173,"[1, 128, 768]",inputs_embeds,paper_style_feedback_dynamics,gpt2,0.000349498528521508,direct,fixed_random,9.307767868041992,9.307772636413574,1.0,1,128,3627.32080078125,0.005893020424991846,6,final_hidden,2026-07-10T15:01:49.654902+00:00,nonpad_flattened,gpt2
98304,64,1,16,main,wikitext,wikitext-2-raw-v1,validation,cuda,float32,64,gpt2_dynamical_edge_normal,af125240938fafbe41b2eb787f4e20ef303ef173,"[1, 128, 768]",inputs_embeds,paper_style_feedback_dynamics,gpt2,0.0003353401552885771,direct,fixed_random,9.307766914367676,9.307767868041992,1.0,1,128,3627.321044921875,0.003591015003621578,7,final_hidden,2026-07-10T15:01:49.654902+00:00,nonpad_flattened,gpt2
98304,64,1,16,main,wikitext,wikitext-2-raw-v1,validation,cuda,float32,64,gpt2_dynamical_edge_normal,af125240938fafbe41b2eb787f4e20ef303ef173,"[1, 128, 768]",inputs_embeds,paper_style_feedback_dynamics,gpt2,0.0003528163651935756,direct,fixed_random,9.307766914367676,9.307766914367676,1.0,1,128,3627.3212890625,0.0021865854505449533,8,final_hidden,2026-07-10T15:01:49.654902+00:00,nonpad_flattened,gpt2
98304,64,1,16,main,wikitext,wikitext-2-raw-v1,validation,cuda,float32,64,gpt2_dynamical_edge_normal,af125240938fafbe41b2eb787f4e20ef303ef173,"[1, 128, 768]",inputs_embeds,paper_style_feedback_dynamics,gpt2,0.0003831370559055358,direct,fixed_random,9.307765007019043,9.307766914367676,1.0,1,128,3627.3212890625,0.0013377987779676914,9,final_hidden,2026-07-10T15:01:49.654902+00:00,nonpad_flattened,gpt2
98304,64,1,16,main,wikitext,wikitext-2-raw-v1,validation,cuda,float32,64,gpt2_dynamical_edge_normal,af125240938fafbe41b2eb787f4e20ef303ef173,"[1, 128, 768]",inputs_embeds,paper_style_feedback_dynamics,gpt2,0.0003620173374656588,direct,fixed_random,9.307761192321777,9.307765007019043,1.0,1,128,3627.321533203125,0.0008612368837930262,10,final_hidden,2026-07-10T15:01:49.654902+00:00,nonpad_flattened,gpt2
98304,64,1,16,main,wikitext,wikitext-2-raw-v1,validation,cuda,float32,64,gpt2_dynamical_edge_normal,af125240938fafbe41b2eb787f4e20ef303ef173,"[1, 128, 768]",inputs_embeds,paper_style_feedback_dynamics,gpt2,0.00033133753458969295,direct,fixed_random,9.307760238647461,9.307761192321777,1.0,1,128,3627.3212890625,0.0005867559229955077,11,final_hidden,2026-07-10T15:01:49.654902+00:00,nonpad_flattened,gpt2
98304,64,1,16,main,wikitext,wikitext-2-raw-v1,validation,cuda,float32,64,gpt2_dynamical_edge_normal,af125240938fafbe41b2eb787f4e20ef303ef173,"[1, 128, 768]",inputs_embeds,paper_style_feedback_dynamics,gpt2,0.0003632954612839967,direct,fixed_random,9.307758331298828,9.307760238647461,1.0,1,128,3627.3212890625,0.00042060820851475,12,final_hidden,2026-07-10T15:01:49.654902+00:00,nonpad_flattened,gpt2
98304,64,1,16,main,wikitext,wikitext-2-raw-v1,validation,cuda,float32,64,gpt2_dynamical_edge_normal,af125240938fafbe41b2eb787f4e20ef303ef173,"[1, 128, 768]",inputs_embeds,paper_style_feedback_dynamics,gpt2,0.00036636824370361865,direct,fixed_random,9.307758331298828,9.307758331298828,1.0,1,128,3627.3212890625,0.0003676042251754552,13,final_hidden,2026-07-10T15:01:49.654902+00:00,nonpad_flattened,gpt2
98304,64,1,16,main,wikitext,wikitext-2-raw-v1,validation,cuda,float32,64,gpt2_dynamical_edge_normal,af125240938fafbe41b2eb787f4e20ef303ef173,"[1, 128, 768]",inputs_embeds,paper_style_feedback_dynamics,gpt2,0.00034983945079147816,direct,fixed_random,9.307758331298828,9.307758331298828,1.0,1,128,3627.3212890625,0.00031645051785744727,14,final_hidden,2026-07-10T15:01:49.654902+00:00,nonpad_flattened,gpt2
98304,64,1,16,main,wikitext,wikitext-2-raw-v1,validation,cuda,float32,64,gpt2_dynamical_edge_normal,af125240938fafbe41b2eb787f4e20ef303ef173,"[1, 128, 768]",inputs_embeds,paper_style_feedback_dynamics,gpt2,0.00035869961720891297,direct,fixed_random,9.307759284973145,9.307758331298828,1.0,1,128,3627.3212890625,0.0002935280208475888,15,final_hidden,2026-07-10T15:01:49.654902+00:00,nonpad_flattened,gpt2
98304,64,1,16,main,wikitext,wikitext-2-raw-v1,validation,cuda,float32,64,gpt2_dynamical_edge_normal,af125240938fafbe41b2eb787f4e20ef303ef173,"[1, 128, 768]",inputs_embeds,paper_style_feedback_dynamics,gpt2,0.0003754767822101712,direct,fixed_random,9.307757377624512,9.307759284973145,1.0,1,128,3627.3212890625,0.00031800178112462163,16,final_hidden,2026-07-10T15:01:49.654902+00:00,nonpad_flattened,gpt2
98304,64,1,16,main,wikitext,wikitext-2-raw-v1,validation,cuda,float32,64,gpt2_dynamical_edge_normal,af125240938fafbe41b2eb787f4e20ef303ef173,"[1, 128, 768]",inputs_embeds,paper_style_feedback_dynamics,gpt2,0.0003625112003646791,direct,fixed_random,9.307758331298828,9.307757377624512,1.0,1,128,3627.3212890625,0.0002758461341727525,17,final_hidden,2026-07-10T15:01:49.654902+00:00,nonpad_flattened,gpt2
98304,64,1,16,main,wikitext,wikitext-2-raw-v1,validation,cuda,float32,64,gpt2_dynamical_edge_normal,af125240938fafbe41b2eb787f4e20ef303ef173,"[1, 128, 768]",inputs_embeds,paper_style_feedback_dynamics,gpt2,0.00035467042471282184,direct,fixed_random,9.307758331298828,9.307758331298828,1.0,1,128,3627.3212890625,0.000292746553895995,18,final_hidden,2026-07-10T15:01:49.654902+00:00,nonpad_flattened,gpt2
98304,64,1,16,main,wikitext,wikitext-2-raw-v1,validation,cuda,float32,64,gpt2_dynamical_edge_normal,af125240938fafbe41b2eb787f4e20ef303ef173,"[1, 128, 768]",inputs_embeds,paper_style_feedback_dynamics,gpt2,0.0003685717238113284,direct,fixed_random,9.307761192321777,9.307758331298828,1.0,1,128,3627.3212890625,0.0002779333444777876,19,final_hidden,2026-07-10T15:01:49.654902+00:00,nonpad_flattened,gpt2
98304,64,1,16,main,wikitext,wikitext-2-raw-v1,validation,cuda,float32,64,gpt2_dynamical_edge_normal,af125240938fafbe41b2eb787f4e20ef303ef173,"[1, 128, 768]",inputs_embeds,paper_style_feedback_dynamics,gpt2,0.0003157809842377901,direct,fixed_random,9.307760238647461,9.307761192321777,1.0,1,128,3627.3212890625,0.0002926304587163031,20,final_hidden,2026-07-10T15:01:49.654902+00:00,nonpad_flattened,gpt2
98304,64,1,16,main,wikitext,wikitext-2-raw-v1,validation,cuda,float32,64,gpt2_dynamical_edge_normal,af125240938fafbe41b2eb787f4e20ef303ef173,"[1, 128, 768]",inputs_embeds,paper_style_feedback_dynamics,gpt2,0.00033939871354959905,direct,fixed_random,9.307760238647461,9.307760238647461,1.0,1,128,3627.3212890625,0.000264042493654415,21,final_hidden,2026-07-10T15:01:49.654902+00:00,nonpad_flattened,gpt2
98304,64,1,16,main,wikitext,wikitext-2-raw-v1,validation,cuda,float32,64,gpt2_dynamical_edge_normal,af125240938fafbe41b2eb787f4e20ef303ef173,"[1, 128, 768]",inputs_embeds,paper_style_feedback_dynamics,gpt2,0.000327179062878713,direct,fixed_random,9.307759284973145,9.307760238647461,1.0,1,128,3627.3212890625,0.0002837159554474056,22,final_hidden,2026-07-10T15:01:49.654902+00:00,nonpad_flattened,gpt2
98304,64,1,16,main,wikitext,wikitext-2-raw-v1,validation,cuda,float32,64,gpt2_dynamical_edge_normal,af125240938fafbe41b2eb787f4e20ef303ef173,"[1, 128, 768]",inputs_embeds,paper_style_feedback_dynamics,gpt2,0.00035065264091826975,direct,fixed_random,9.307760238647461,9.307759284973145,1.0,1,128,3627.3212890625,0.00028952796128578484,23,final_hidden,2026-07-10T15:01:49.654902+00:00,nonpad_flattened,gpt2
98304,64,1,16,main,wikitext,wikitext-2-raw-v1,validation,cuda,float32,64,gpt2_dynamical_edge_normal,af125240938fafbe41b2eb787f4e20ef303ef173,"[1, 128, 768]",inputs_embeds,paper_style_feedback_dynamics,gpt2,0.0003101588517893106,direct,fixed_random,9.307759284973145,9.307760238647461,1.0,1,128,3627.3212890625,0.00026767468079924583,24,final_hidden,2026-07-10T15:01:49.654902+00:00,nonpad_flattened,gpt2
98304,64,1,16,main,wikitext,wikitext-2-raw-v1,validation,cuda,float32,64,gpt2_dynamical_edge_normal,af125240938fafbe41b2eb787f4e20ef303ef173,"[1, 128, 768]",inputs_embeds,paper_style_feedback_dynamics,gpt2,0.000338133453624323,direct,fixed_random,9.307760238647461,9.307759284973145,1.0,1,128,3627.3212890625,0.00028645366546697915,25,final_hidden,2026-07-10T15:01:49.654902+00:00,nonpad_flattened,gpt2
98304,64,1,16,main,wikitext,wikitext-2-raw-v1,validation,cuda,float32,64,gpt2_dynamical_edge_normal,af125240938fafbe41b2eb787f4e20ef303ef173,"[1, 128, 768]",inputs_embeds,paper_style_feedback_dynamics,gpt2,0.00035299768205732107,direct,fixed_random,9.307761192321777,9.307760238647461,1.0,1,128,3627.3212890625,0.00028385448968037963,26,final_hidden,2026-07-10T15:01:49.654902+00:00,nonpad_flattened,gpt2
98304,64,1,16,main,wikitext,wikitext-2-raw-v1,validation,cuda,float32,64,gpt2_dynamical_edge_normal,af125240938fafbe41b2eb787f4e20ef303ef173,"[1, 128, 768]",inputs_embeds,paper_style_feedback_dynamics,gpt2,0.0003685473639052361,direct,fixed_random,9.307758331298828,9.307761192321777,1.0,1,128,3627.3212890625,0.00029825506499037147,27,final_hidden,2026-07-10T15:01:49.654902+00:00,nonpad_flattened,gpt2
98304,64,1,16,main,wikitext,wikitext-2-raw-v1,validation,cuda,float32,64,gpt2_dynamical_edge_normal,af125240938fafbe41b2eb787f4e20ef303ef173,"[1, 128, 768]",inputs_embeds,paper_style_feedback_dynamics,gpt2,0.000369550398318097,direct,fixed_random,9.307759284973145,9.307758331298828,1.0,1,128,3627.3212890625,0.00028484364156611264,28,final_hidden,2026-07-10T15:01:49.654902+00:00,nonpad_flattened,gpt2
98304,64,1,16,main,wikitext,wikitext-2-raw-v1,validation,cuda,float32,64,gpt2_dynamical_edge_normal,af125240938fafbe41b2eb787f4e20ef303ef173,"[1, 128, 768]",inputs_embeds,paper_style_feedback_dynamics,gpt2,0.0003705443232320249,direct,fixed_random,9.307759284973145,9.307759284973145,1.0,1,128,3627.321533203125,0.0003108736709691584,29,final_hidden,2026-07-10T15:01:49.654902+00:00,nonpad_flattened,gpt2
98304,64,1,16,main,wikitext,wikitext-2-raw-v1,validation,cuda,float32,64,gpt2_dynamical_edge_normal,af125240938fafbe41b2eb787f4e20ef303ef173,"[1, 128, 768]",inputs_embeds,paper_style_feedback_dynamics,gpt2,0.00034846607013605535,direct,fixed_random,9.307761192321777,9.307759284973145,1.0,1,128,3627.3212890625,0.00028137137996964157,30,final_hidden,2026-07-10T15:01:49.654902+00:00,nonpad_flattened,gpt2
98304,64,1,16,main,wikitext,wikitext-2-raw-v1,validation,cuda,float32,64,gpt2_dynamical_edge_normal,af125240938fafbe41b2eb787f4e20ef303ef173,"[1, 128, 768]",inputs_embeds,paper_style_feedback_dynamics,gpt2,0.0003464248147793114,direct,fixed_random,9.307758331298828,9.307761192321777,1.0,1,128,3627.3212890625,0.0002866207214538008,31,final_hidden,2026-07-10T15:01:49.654902+00:00,nonpad_flattened,gpt2
98304,64,1,16,main,wikitext,wikitext-2-raw-v1,validation,cuda,float32,64,gpt2_dynamical_edge_normal,af125240938fafbe41b2eb787f4e20ef303ef173,"[1, 128, 768]",inputs_embeds,paper_style_feedback_dynamics,gpt2,0.0003515194111969322,direct,fixed_random,9.307758331298828,9.307758331298828,1.0,1,128,3627.3212890625,0.00026177900144830346,32,final_hidden,2026-07-10T15:01:49.654902+00:00,nonpad_flattened,gpt2
98304,64,1,16,main,wikitext,wikitext-2-raw-v1,validation,cuda,float32,64,gpt2_dynamical_edge_normal,af125240938fafbe41b2eb787f4e20ef303ef173,"[1, 128, 768]",inputs_embeds,paper_style_feedback_dynamics,gpt2,0.00033889003680087626,direct,fixed_random,9.307759284973145,9.307758331298828,1.0,1,128,3627.321533203125,0.0002589936484582722,33,final_hidden,2026-07-10T15:01:49.654902+00:00,nonpad_flattened,gpt2
98304,64,1,16,main,wikitext,wikitext-2-raw-v1,validation,cuda,float32,64,gpt2_dynamical_edge_normal,af125240938fafbe41b2eb787f4e20ef303ef173,"[1, 128, 768]",inputs_embeds,paper_style_feedback_dynamics,gpt2,0.0003352826170157641,direct,fixed_random,9.307760238647461,9.307759284973145,1.0,1,128,3627.3212890625,0.0002854424237739295,34,final_hidden,2026-07-10T15:01:49.654902+00:00,nonpad_flattened,gpt2
98304,64,1,16,main,wikitext,wikitext-2-raw-v1,validation,cuda,float32,64,gpt2_dynamical_edge_normal,af125240938fafbe41b2eb787f4e20ef303ef173,"[1, 128, 768]",inputs_embeds,paper_style_feedback_dynamics,gpt2,0.0003254029434174299,direct,fixed_random,9.307760238647461,9.307760238647461,1.0,1,128,3627.321533203125,0.0002763397351372987,35,final_hidden,2026-07-10T15:01:49.654902+00:00,nonpad_flattened,gpt2
98304,64,1,16,main,wikitext,wikitext-2-raw-v1,validation,cuda,float32,64,gpt2_dynamical_edge_normal,af125240938fafbe41b2eb787f4e20ef303ef173,"[1, 128, 768]",inputs_embeds,paper_style_feedback_dynamics,gpt2,0.0003612924483604729,direct,fixed_random,9.307760238647461,9.307760238647461,1.0,1,128,3627.3212890625,0.00027239281916990876,36,final_hidden,2026-07-10T15:01:49.654902+00:00,nonpad_flattened,gpt2
98304,64,1,16,main,wikitext,wikitext-2-raw-v1,validation,cuda,float32,64,gpt2_dynamical_edge_normal,af125240938fafbe41b2eb787f4e20ef303ef173,"[1, 128, 768]",inputs_embeds,paper_style_feedback_dynamics,gpt2,0.0003569785912986845,direct,fixed_random,9.307760238647461,9.307760238647461,1.0,1,128,3627.3212890625,0.0002540765854064375,37,final_hidden,2026-07-10T15:01:49.654902+00:00,nonpad_flattened,gpt2
98304,64,1,16,main,wikitext,wikitext-2-raw-v1,validation,cuda,float32,64,gpt2_dynamical_edge_normal,af125240938fafbe41b2eb787f4e20ef303ef173,"[1, 128, 768]",inputs_embeds,paper_style_feedback_dynamics,gpt2,0.00034847462666220963,direct,fixed_random,9.307759284973145,9.307760238647461,1.0,1,128,3627.3212890625,0.00027183518977835774,38,final_hidden,2026-07-10T15:01:49.654902+00:00,nonpad_flattened,gpt2
98304,64,1,16,main,wikitext,wikitext-2-raw-v1,validation,cuda,float32,64,gpt2_dynamical_edge_normal,af125240938fafbe41b2eb787f4e20ef303ef173,"[1, 128, 768]",inputs_embeds,paper_style_feedback_dynamics,gpt2,0.00034249143209308386,direct,fixed_random,9.307760238647461,9.307759284973145,1.0,1,128,3627.3212890625,0.00028648439911194146,39,final_hidden,2026-07-10T15:01:49.654902+00:00,nonpad_flattened,gpt2
98304,64,1,16,main,wikitext,wikitext-2-raw-v1,validation,cuda,float32,64,gpt2_dynamical_edge_normal,af125240938fafbe41b2eb787f4e20ef303ef173,"[1, 128, 768]",inputs_embeds,paper_style_feedback_dynamics,gpt2,0.00035162156564183533,direct,fixed_random,9.307757377624512,9.307760238647461,1.0,1,128,3627.3212890625,0.00027178626623936,40,final_hidden,2026-07-10T15:01:49.654902+00:00,nonpad_flattened,gpt2
98304,64,1,16,main,wikitext,wikitext-2-raw-v1,validation,cuda,float32,64,gpt2_dynamical_edge_normal,af125240938fafbe41b2eb787f4e20ef303ef173,"[1, 128, 768]",inputs_embeds,paper_style_feedback_dynamics,gpt2,0.00039126587216742337,direct,fixed_random,9.307760238647461,9.307757377624512,1.0,1,128,3627.3212890625,0.0002934988879133016,41,final_hidden,2026-07-10T15:01:49.654902+00:00,nonpad_flattened,gpt2
98304,64,1,16,main,wikitext,wikitext-2-raw-v1,validation,cuda,float32,64,gpt2_dynamical_edge_normal,af125240938fafbe41b2eb787f4e20ef303ef173,"[1, 128, 768]",inputs_embeds,paper_style_feedback_dynamics,gpt2,0.00037998243351466954,direct,fixed_random,9.307761192321777,9.307760238647461,1.0,1,128,3627.3212890625,0.0002882293483708054,42,final_hidden,2026-07-10T15:01:49.654902+00:00,nonpad_flattened,gpt2
98304,64,1,16,main,wikitext,wikitext-2-raw-v1,validation,cuda,float32,64,gpt2_dynamical_edge_normal,af125240938fafbe41b2eb787f4e20ef303ef173,"[1, 128, 768]",inputs_embeds,paper_style_feedback_dynamics,gpt2,0.00033838191302493215,direct,fixed_random,9.307757377624512,9.307761192321777,1.0,1,128,3627.3212890625,0.0002868949086405337,43,final_hidden,2026-07-10T15:01:49.654902+00:00,nonpad_flattened,gpt2
98304,64,1,16,main,wikitext,wikitext-2-raw-v1,validation,cuda,float32,64,gpt2_dynamical_edge_normal,af125240938fafbe41b2eb787f4e20ef303ef173,"[1, 128, 768]",inputs_embeds,paper_style_feedback_dynamics,gpt2,0.00036149894003756344,direct,fixed_random,9.307760238647461,9.307757377624512,1.0,1,128,3627.3212890625,0.0003086262149736285,44,final_hidden,2026-07-10T15:01:49.654902+00:00,nonpad_flattened,gpt2
98304,64,1,16,main,wikitext,wikitext-2-raw-v1,validation,cuda,float32,64,gpt2_dynamical_edge_normal,af125240938fafbe41b2eb787f4e20ef303ef173,"[1, 128, 768]",inputs_embeds,paper_style_feedback_dynamics,gpt2,0.0003627702535595745,direct,fixed_random,9.307758331298828,9.307760238647461,1.0,1,128,3627.3212890625,0.00025411960086785257,45,final_hidden,2026-07-10T15:01:49.654902+00:00,nonpad_flattened,gpt2
98304,64,1,16,main,wikitext,wikitext-2-raw-v1,validation,cuda,float32,64,gpt2_dynamical_edge_normal,af125240938fafbe41b2eb787f4e20ef303ef173,"[1, 128, 768]",inputs_embeds,paper_style_feedback_dynamics,gpt2,0.00036668265238404274,direct,fixed_random,9.307758331298828,9.307758331298828,1.0,1,128,3627.3212890625,0.00029547998565249145,46,final_hidden,2026-07-10T15:01:49.654902+00:00,nonpad_flattened,gpt2
98304,64,1,16,main,wikitext,wikitext-2-raw-v1,validation,cuda,float32,64,gpt2_dynamical_edge_normal,af125240938fafbe41b2eb787f4e20ef303ef173,"[1, 128, 768]",inputs_embeds,paper_style_feedback_dynamics,gpt2,0.00034808131749741733,direct,fixed_random,9.307759284973145,9.307758331298828,1.0,1,128,3627.3212890625,0.00027346666320227087,47,final_hidden,2026-07-10T15:01:49.654902+00:00,nonpad_flattened,gpt2
98304,64,1,16,main,wikitext,wikitext-2-raw-v1,validation,cuda,float32,64,gpt2_dynamical_edge_normal,af125240938fafbe41b2eb787f4e20ef303ef173,"[1, 128, 768]",inputs_embeds,paper_style_feedback_dynamics,gpt2,0.0003368704637978226,direct,fixed_random,9.307759284973145,9.307759284973145,1.0,1,128,3627.3212890625,0.0002940927806776017,48,final_hidden,2026-07-10T15:01:49.654902+00:00,nonpad_flattened,gpt2
98304,64,1,16,main,wikitext,wikitext-2-raw-v1,validation,cuda,float32,64,gpt2_dynamical_edge_normal,af125240938fafbe41b2eb787f4e20ef303ef173,"[1, 128, 768]",inputs_embeds,paper_style_feedback_dynamics,gpt2,0.0003625187964644283,direct,fixed_random,9.307758331298828,9.307759284973145,1.0,1,128,3627.3212890625,0.00028097021277062595,49,final_hidden,2026-07-10T15:01:49.654902+00:00,nonpad_flattened,gpt2
98304,64,1,16,main,wikitext,wikitext-2-raw-v1,validation,cuda,float32,64,gpt2_dynamical_edge_normal,af125240938fafbe41b2eb787f4e20ef303ef173,"[1, 128, 768]",inputs_embeds,paper_style_feedback_dynamics,gpt2,0.00035739457234740257,direct,fixed_random,9.307760238647461,9.307758331298828,1.0,1,128,3627.3212890625,0.0002748334954958409,50,final_hidden,2026-07-10T15:01:49.654902+00:00,nonpad_flattened,gpt2
98304,64,1,16,main,wikitext,wikitext-2-raw-v1,validation,cuda,float32,64,gpt2_dynamical_edge_normal,af125240938fafbe41b2eb787f4e20ef303ef173,"[1, 128, 768]",inputs_embeds,paper_style_feedback_dynamics,gpt2,0.0003518922603689134,direct,fixed_random,9.307760238647461,9.307760238647461,1.0,1,128,3627.3212890625,0.00030058278935030103,51,final_hidden,2026-07-10T15:01:49.654902+00:00,nonpad_flattened,gpt2
98304,64,1,16,main,wikitext,wikitext-2-raw-v1,validation,cuda,float32,64,gpt2_dynamical_edge_normal,af125240938fafbe41b2eb787f4e20ef303ef173,"[1, 128, 768]",inputs_embeds,paper_style_feedback_dynamics,gpt2,0.00033561940654180944,direct,fixed_random,9.307761192321777,9.307760238647461,1.0,1,128,3627.321533203125,0.0002860176900867373,52,final_hidden,2026-07-10T15:01:49.654902+00:00,nonpad_flattened,gpt2
98304,64,1,16,main,wikitext,wikitext-2-raw-v1,validation,cuda,float32,64,gpt2_dynamical_edge_normal,af125240938fafbe41b2eb787f4e20ef303ef173,"[1, 128, 768]",inputs_embeds,paper_style_feedback_dynamics,gpt2,0.0003670039295684546,direct,fixed_random,9.307759284973145,9.307761192321777,1.0,1,128,3627.321533203125,0.0002951681090053171,53,final_hidden,2026-07-10T15:01:49.654902+00:00,nonpad_flattened,gpt2
98304,64,1,16,main,wikitext,wikitext-2-raw-v1,validation,cuda,float32,64,gpt2_dynamical_edge_normal,af125240938fafbe41b2eb787f4e20ef303ef173,"[1, 128, 768]",inputs_embeds,paper_style_feedback_dynamics,gpt2,0.0003296217182651162,direct,fixed_random,9.307759284973145,9.307759284973145,1.0,1,128,3627.3212890625,0.00028553776792250574,54,final_hidden,2026-07-10T15:01:49.654902+00:00,nonpad_flattened,gpt2
98304,64,1,16,main,wikitext,wikitext-2-raw-v1,validation,cuda,float32,64,gpt2_dynamical_edge_normal,af125240938fafbe41b2eb787f4e20ef303ef173,"[1, 128, 768]",inputs_embeds,paper_style_feedback_dynamics,gpt2,0.0003202978114131838,direct,fixed_random,9.307760238647461,9.307759284973145,1.0,1,128,3627.3212890625,0.00026573866489343345,55,final_hidden,2026-07-10T15:01:49.654902+00:00,nonpad_flattened,gpt2
98304,64,1,16,main,wikitext,wikitext-2-raw-v1,validation,cuda,float32,64,gpt2_dynamical_edge_normal,af125240938fafbe41b2eb787f4e20ef303ef173,"[1, 128, 768]",inputs_embeds,paper_style_feedback_dynamics,gpt2,0.0003586879465728998,direct,fixed_random,9.307758331298828,9.307760238647461,1.0,1,128,3627.3212890625,0.0002919119724538177,56,final_hidden,2026-07-10T15:01:49.654902+00:00,nonpad_flattened,gpt2
98304,64,1,16,main,wikitext,wikitext-2-raw-v1,validation,cuda,float32,64,gpt2_dynamical_edge_normal,af125240938fafbe41b2eb787f4e20ef303ef173,"[1, 128, 768]",inputs_embeds,paper_style_feedback_dynamics,gpt2,0.0003573479480110109,direct,fixed_random,9.307759284973145,9.307758331298828,1.0,1,128,3627.3212890625,0.00027653499273583293,57,final_hidden,2026-07-10T15:01:49.654902+00:00,nonpad_flattened,gpt2
98304,64,1,16,main,wikitext,wikitext-2-raw-v1,validation,cuda,float32,64,gpt2_dynamical_edge_normal,af125240938fafbe41b2eb787f4e20ef303ef173,"[1, 128, 768]",inputs_embeds,paper_style_feedback_dynamics,gpt2,0.0003506575885694474,direct,fixed_random,9.307760238647461,9.307759284973145,1.0,1,128,3627.3212890625,0.0002953123184852302,58,final_hidden,2026-07-10T15:01:49.654902+00:00,nonpad_flattened,gpt2
98304,64,1,16,main,wikitext,wikitext-2-raw-v1,validation,cuda,float32,64,gpt2_dynamical_edge_normal,af125240938fafbe41b2eb787f4e20ef303ef173,"[1, 128, 768]",inputs_embeds,paper_style_feedback_dynamics,gpt2,0.00034687630250118673,direct,fixed_random,9.307759284973145,9.307760238647461,1.0,1,128,3627.321533203125,0.00026093533961102366,59,final_hidden,2026-07-10T15:01:49.654902+00:00,nonpad_flattened,gpt2
98304,64,1,16,main,wikitext,wikitext-2-raw-v1,validation,cuda,float32,64,gpt2_dynamical_edge_normal,af125240938fafbe41b2eb787f4e20ef303ef173,"[1, 128, 768]",inputs_embeds,paper_style_feedback_dynamics,gpt2,0.0003430673386901617,direct,fixed_random,9.307759284973145,9.307759284973145,1.0,1,128,3627.3212890625,0.00028521407512016594,60,final_hidden,2026-07-10T15:01:49.654902+00:00,nonpad_flattened,gpt2
98304,64,1,16,main,wikitext,wikitext-2-raw-v1,validation,cuda,float32,64,gpt2_dynamical_edge_normal,af125240938fafbe41b2eb787f4e20ef303ef173,"[1, 128, 768]",inputs_embeds,paper_style_feedback_dynamics,gpt2,0.00033759971847757697,direct,fixed_random,9.307760238647461,9.307759284973145,1.0,1,128,3627.3212890625,0.00025933748111128807,61,final_hidden,2026-07-10T15:01:49.654902+00:00,nonpad_flattened,gpt2
98304,64,1,16,main,wikitext,wikitext-2-raw-v1,validation,cuda,float32,64,gpt2_dynamical_edge_normal,af125240938fafbe41b2eb787f4e20ef303ef173,"[1, 128, 768]",inputs_embeds,paper_style_feedback_dynamics,gpt2,0.0003824560553766787,direct,fixed_random,9.307759284973145,9.307760238647461,1.0,1,128,3627.321533203125,0.0002775262692011893,62,final_hidden,2026-07-10T15:01:49.654902+00:00,nonpad_flattened,gpt2
3840,64,2,16,main,wikitext,wikitext-2-raw-v1,validation,cuda,float32,64,gpt2_dynamical_edge_normal,af125240938fafbe41b2eb787f4e20ef303ef173,"[1, 128, 768]",inputs_embeds,paper_style_feedback_dynamics,gpt2,0.05559363588690758,direct,fixed_random,10.864327430725098,13.378171920776367,1.0,2,128,491.723876953125,107.31004333496094,0,final_hidden,2026-07-10T15:01:49.654902+00:00,nonpad_flattened,gpt2
3840,64,2,16,main,wikitext,wikitext-2-raw-v1,validation,cuda,float32,64,gpt2_dynamical_edge_normal,af125240938fafbe41b2eb787f4e20ef303ef173,"[1, 128, 768]",inputs_embeds,paper_style_feedback_dynamics,gpt2,0.11354117840528488,direct,fixed_random,8.610060691833496,10.864327430725098,1.0,2,128,414.7032165527344,135.78945922851562,1,final_hidden,2026-07-10T15:01:49.654902+00:00,nonpad_flattened,gpt2
3840,64,2,16,main,wikitext,wikitext-2-raw-v1,validation,cuda,float32,64,gpt2_dynamical_edge_normal,af125240938fafbe41b2eb787f4e20ef303ef173,"[1, 128, 768]",inputs_embeds,paper_style_feedback_dynamics,gpt2,0.19792971014976501,direct,fixed_random,7.0979695320129395,8.610060691833496,1.0,2,128,362.5483093261719,112.07487487792969,2,final_hidden,2026-07-10T15:01:49.654902+00:00,nonpad_flattened,gpt2
3840,64,2,16,main,wikitext,wikitext-2-raw-v1,validation,cuda,float32,64,gpt2_dynamical_edge_normal,af125240938fafbe41b2eb787f4e20ef303ef173,"[1, 128, 768]",inputs_embeds,paper_style_feedback_dynamics,gpt2,0.3072606027126312,direct,fixed_random,6.377910137176514,7.0979695320129395,1.0,2,128,336.41357421875,59.60097885131836,3,final_hidden,2026-07-10T15:01:49.654902+00:00,nonpad_flattened,gpt2
3840,64,2,16,main,wikitext,wikitext-2-raw-v1,validation,cuda,float32,64,gpt2_dynamical_edge_normal,af125240938fafbe41b2eb787f4e20ef303ef173,"[1, 128, 768]",inputs_embeds,paper_style_feedback_dynamics,gpt2,0.19472773373126984,direct,fixed_random,6.211913585662842,6.377910137176514,1.0,2,128,319.27313232421875,43.256561279296875,4,final_hidden,2026-07-10T15:01:49.654902+00:00,nonpad_flattened,gpt2
3840,64,2,16,main,wikitext,wikitext-2-raw-v1,validation,cuda,float32,64,gpt2_dynamical_edge_normal,af125240938fafbe41b2eb787f4e20ef303ef173,"[1, 128, 768]",inputs_embeds,paper_style_feedback_dynamics,gpt2,0.26057419180870056,direct,fixed_random,6.375646114349365,6.211913585662842,1.0,2,128,310.56976318359375,22.861486434936523,5,final_hidden,2026-07-10T15:01:49.654902+00:00,nonpad_flattened,gpt2
3840,64,2,16,main,wikitext,wikitext-2-raw-v1,validation,cuda,float32,64,gpt2_dynamical_edge_normal,af125240938fafbe41b2eb787f4e20ef303ef173,"[1, 128, 768]",inputs_embeds,paper_style_feedback_dynamics,gpt2,0.36575543880462646,direct,fixed_random,6.569877624511719,6.375646114349365,1.0,2,128,304.0462951660156,21.693130493164062,6,final_hidden,2026-07-10T15:01:49.654902+00:00,nonpad_flattened,gpt2
3840,64,2,16,main,wikitext,wikitext-2-raw-v1,validation,cuda,float32,64,gpt2_dynamical_edge_normal,af125240938fafbe41b2eb787f4e20ef303ef173,"[1, 128, 768]",inputs_embeds,paper_style_feedback_dynamics,gpt2,0.3507436513900757,direct,fixed_random,6.61929988861084,6.569877624511719,1.0,2,128,297.5887756347656,27.684247970581055,7,final_hidden,2026-07-10T15:01:49.654902+00:00,nonpad_flattened,gpt2
3840,64,2,16,main,wikitext,wikitext-2-raw-v1,validation,cuda,float32,64,gpt2_dynamical_edge_normal,af125240938fafbe41b2eb787f4e20ef303ef173,"[1, 128, 768]",inputs_embeds,paper_style_feedback_dynamics,gpt2,0.26639214158058167,direct,fixed_random,6.56022834777832,6.61929988861084,1.0,2,128,292.45306396484375,24.275312423706055,8,final_hidden,2026-07-10T15:01:49.654902+00:00,nonpad_flattened,gpt2
3840,64,2,16,main,wikitext,wikitext-2-raw-v1,validation,cuda,float32,64,gpt2_dynamical_edge_normal,af125240938fafbe41b2eb787f4e20ef303ef173,"[1, 128, 768]",inputs_embeds,paper_style_feedback_dynamics,gpt2,0.1708570420742035,direct,fixed_random,6.4799275398254395,6.56022834777832,1.0,2,128,289.0868225097656,16.503047943115234,9,final_hidden,2026-07-10T15:01:49.654902+00:00,nonpad_flattened,gpt2
3840,64,2,16,main,wikitext,wikitext-2-raw-v1,validation,cuda,float32,64,gpt2_dynamical_edge_normal,af125240938fafbe41b2eb787f4e20ef303ef173,"[1, 128, 768]",inputs_embeds,paper_style_feedback_dynamics,gpt2,0.0940934270620346,direct,fixed_random,6.427302360534668,6.4799275398254395,1.0,2,128,287.1275939941406,9.096877098083496,10,final_hidden,2026-07-10T15:01:49.654902+00:00,nonpad_flattened,gpt2
3840,64,2,16,main,wikitext,wikitext-2-raw-v1,validation,cuda,float32,64,gpt2_dynamical_edge_normal,af125240938fafbe41b2eb787f4e20ef303ef173,"[1, 128, 768]",inputs_embeds,paper_style_feedback_dynamics,gpt2,0.048077307641506195,direct,fixed_random,6.409813404083252,6.427302360534668,1.0,2,128,286.0295715332031,4.005399227142334,11,final_hidden,2026-07-10T15:01:49.654902+00:00,nonpad_flattened,gpt2
3840,64,2,16,main,wikitext,wikitext-2-raw-v1,validation,cuda,float32,64,gpt2_dynamical_edge_normal,af125240938fafbe41b2eb787f4e20ef303ef173,"[1, 128, 768]",inputs_embeds,paper_style_feedback_dynamics,gpt2,0.034154996275901794,direct,fixed_random,6.42104434967041,6.409813404083252,1.0,2,128,285.4711608886719,2.130227565765381,12,final_hidden,2026-07-10T15:01:49.654902+00:00,nonpad_flattened,gpt2
3840,64,2,16,main,wikitext,wikitext-2-raw-v1,validation,cuda,float32,64,gpt2_dynamical_edge_normal,af125240938fafbe41b2eb787f4e20ef303ef173,"[1, 128, 768]",inputs_embeds,paper_style_feedback_dynamics,gpt2,0.035915806889534,direct,fixed_random,6.45175838470459,6.42104434967041,1.0,2,128,285.32171630859375,2.58803129196167,13,final_hidden,2026-07-10T15:01:49.654902+00:00,nonpad_flattened,gpt2
3840,64,2,16,main,wikitext,wikitext-2-raw-v1,validation,cuda,float32,64,gpt2_dynamical_edge_normal,af125240938fafbe41b2eb787f4e20ef303ef173,"[1, 128, 768]",inputs_embeds,paper_style_feedback_dynamics,gpt2,0.03736027702689171,direct,fixed_random,6.492735862731934,6.45175838470459,1.0,2,128,285.499267578125,2.9361095428466797,14,final_hidden,2026-07-10T15:01:49.654902+00:00,nonpad_flattened,gpt2
3840,64,2,16,main,wikitext,wikitext-2-raw-v1,validation,cuda,float32,64,gpt2_dynamical_edge_normal,af125240938fafbe41b2eb787f4e20ef303ef173,"[1, 128, 768]",inputs_embeds,paper_style_feedback_dynamics,gpt2,0.036139439791440964,direct,fixed_random,6.536211967468262,6.492735862731934,1.0,2,128,285.900390625,2.897033452987671,15,final_hidden,2026-07-10T15:01:49.654902+00:00,nonpad_flattened,gpt2
3840,64,2,16,main,wikitext,wikitext-2-raw-v1,validation,cuda,float32,64,gpt2_dynamical_edge_normal,af125240938fafbe41b2eb787f4e20ef303ef173,"[1, 128, 768]",inputs_embeds,paper_style_feedback_dynamics,gpt2,0.0332641527056694,direct,fixed_random,6.5769429206848145,6.536211967468262,1.0,2,128,286.412109375,2.647475242614746,16,final_hidden,2026-07-10T15:01:49.654902+00:00,nonpad_flattened,gpt2
3840,64,2,16,main,wikitext,wikitext-2-raw-v1,validation,cuda,float32,64,gpt2_dynamical_edge_normal,af125240938fafbe41b2eb787f4e20ef303ef173,"[1, 128, 768]",inputs_embeds,paper_style_feedback_dynamics,gpt2,0.029750501736998558,direct,fixed_random,6.6123552322387695,6.5769429206848145,1.0,2,128,286.9451599121094,2.3198788166046143,17,final_hidden,2026-07-10T15:01:49.654902+00:00,nonpad_flattened,gpt2
3840,64,2,16,main,wikitext,wikitext-2-raw-v1,validation,cuda,float32,64,gpt2_dynamical_edge_normal,af125240938fafbe41b2eb787f4e20ef303ef173,"[1, 128, 768]",inputs_embeds,paper_style_feedback_dynamics,gpt2,0.026140138506889343,direct,fixed_random,6.6418843269348145,6.6123552322387695,1.0,2,128,287.44842529296875,1.989417552947998,18,final_hidden,2026-07-10T15:01:49.654902+00:00,nonpad_flattened,gpt2
3840,64,2,16,main,wikitext,wikitext-2-raw-v1,validation,cuda,float32,64,gpt2_dynamical_edge_normal,af125240938fafbe41b2eb787f4e20ef303ef173,"[1, 128, 768]",inputs_embeds,paper_style_feedback_dynamics,gpt2,0.02293282374739647,direct,fixed_random,6.666081428527832,6.6418843269348145,1.0,2,128,287.9022216796875,1.694173812866211,19,final_hidden,2026-07-10T15:01:49.654902+00:00,nonpad_flattened,gpt2
3840,64,2,16,main,wikitext,wikitext-2-raw-v1,validation,cuda,float32,64,gpt2_dynamical_edge_normal,af125240938fafbe41b2eb787f4e20ef303ef173,"[1, 128, 768]",inputs_embeds,paper_style_feedback_dynamics,gpt2,0.01999000459909439,direct,fixed_random,6.685900688171387,6.666081428527832,1.0,2,128,288.305419921875,1.447416067123413,20,final_hidden,2026-07-10T15:01:49.654902+00:00,nonpad_flattened,gpt2
3840,64,2,16,main,wikitext,wikitext-2-raw-v1,validation,cuda,float32,64,gpt2_dynamical_edge_normal,af125240938fafbe41b2eb787f4e20ef303ef173,"[1, 128, 768]",inputs_embeds,paper_style_feedback_dynamics,gpt2,0.017419373616576195,direct,fixed_random,6.702278137207031,6.685900688171387,1.0,2,128,288.6636657714844,1.2457690238952637,21,final_hidden,2026-07-10T15:01:49.654902+00:00,nonpad_flattened,gpt2
3840,64,2,16,main,wikitext,wikitext-2-raw-v1,validation,cuda,float32,64,gpt2_dynamical_edge_normal,af125240938fafbe41b2eb787f4e20ef303ef173,"[1, 128, 768]",inputs_embeds,paper_style_feedback_dynamics,gpt2,0.015388130210340023,direct,fixed_random,6.715987205505371,6.702278137207031,1.0,2,128,288.9835510253906,1.0801507234573364,22,final_hidden,2026-07-10T15:01:49.654902+00:00,nonpad_flattened,gpt2
3840,64,2,16,main,wikitext,wikitext-2-raw-v1,validation,cuda,float32,64,gpt2_dynamical_edge_normal,af125240938fafbe41b2eb787f4e20ef303ef173,"[1, 128, 768]",inputs_embeds,paper_style_feedback_dynamics,gpt2,0.013551711104810238,direct,fixed_random,6.727598190307617,6.715987205505371,1.0,2,128,289.27020263671875,0.9410034418106079,23,final_hidden,2026-07-10T15:01:49.654902+00:00,nonpad_flattened,gpt2
3840,64,2,16,main,wikitext,wikitext-2-raw-v1,validation,cuda,float32,64,gpt2_dynamical_edge_normal,af125240938fafbe41b2eb787f4e20ef303ef173,"[1, 128, 768]",inputs_embeds,paper_style_feedback_dynamics,gpt2,0.011980828829109669,direct,fixed_random,6.737518310546875,6.727598190307617,1.0,2,128,289.5270690917969,0.8209741711616516,24,final_hidden,2026-07-10T15:01:49.654902+00:00,nonpad_flattened,gpt2
3840,64,2,16,main,wikitext,wikitext-2-raw-v1,validation,cuda,float32,64,gpt2_dynamical_edge_normal,af125240938fafbe41b2eb787f4e20ef303ef173,"[1, 128, 768]",inputs_embeds,paper_style_feedback_dynamics,gpt2,0.010416886769235134,direct,fixed_random,6.746037483215332,6.737518310546875,1.0,2,128,289.7568054199219,0.7159955501556396,25,final_hidden,2026-07-10T15:01:49.654902+00:00,nonpad_flattened,gpt2
3840,64,2,16,main,wikitext,wikitext-2-raw-v1,validation,cuda,float32,64,gpt2_dynamical_edge_normal,af125240938fafbe41b2eb787f4e20ef303ef173,"[1, 128, 768]",inputs_embeds,paper_style_feedback_dynamics,gpt2,0.009153424762189388,direct,fixed_random,6.753380298614502,6.746037483215332,1.0,2,128,289.9613037109375,0.6232905387878418,26,final_hidden,2026-07-10T15:01:49.654902+00:00,nonpad_flattened,gpt2
3840,64,2,16,main,wikitext,wikitext-2-raw-v1,validation,cuda,float32,64,gpt2_dynamical_edge_normal,af125240938fafbe41b2eb787f4e20ef303ef173,"[1, 128, 768]",inputs_embeds,paper_style_feedback_dynamics,gpt2,0.00790669210255146,direct,fixed_random,6.759716033935547,6.753380298614502,1.0,2,128,290.1426086425781,0.541846752166748,27,final_hidden,2026-07-10T15:01:49.654902+00:00,nonpad_flattened,gpt2
3840,64,2,16,main,wikitext,wikitext-2-raw-v1,validation,cuda,float32,64,gpt2_dynamical_edge_normal,af125240938fafbe41b2eb787f4e20ef303ef173,"[1, 128, 768]",inputs_embeds,paper_style_feedback_dynamics,gpt2,0.006967190653085709,direct,fixed_random,6.765188694000244,6.759716033935547,1.0,2,128,290.3027038574219,0.47046372294425964,28,final_hidden,2026-07-10T15:01:49.654902+00:00,nonpad_flattened,gpt2
3840,64,2,16,main,wikitext,wikitext-2-raw-v1,validation,cuda,float32,64,gpt2_dynamical_edge_normal,af125240938fafbe41b2eb787f4e20ef303ef173,"[1, 128, 768]",inputs_embeds,paper_style_feedback_dynamics,gpt2,0.0060470555908977985,direct,fixed_random,6.769917964935303,6.765188694000244,1.0,2,128,290.44366455078125,0.40828219056129456,29,final_hidden,2026-07-10T15:01:49.654902+00:00,nonpad_flattened,gpt2
3840,64,2,16,main,wikitext,wikitext-2-raw-v1,validation,cuda,float32,64,gpt2_dynamical_edge_normal,af125240938fafbe41b2eb787f4e20ef303ef173,"[1, 128, 768]",inputs_embeds,paper_style_feedback_dynamics,gpt2,0.005326256155967712,direct,fixed_random,6.774012565612793,6.769917964935303,1.0,2,128,290.56744384765625,0.35439547896385193,30,final_hidden,2026-07-10T15:01:49.654902+00:00,nonpad_flattened,gpt2
3840,64,2,16,main,wikitext,wikitext-2-raw-v1,validation,cuda,float32,64,gpt2_dynamical_edge_normal,af125240938fafbe41b2eb787f4e20ef303ef173,"[1, 128, 768]",inputs_embeds,paper_style_feedback_dynamics,gpt2,0.004645220469683409,direct,fixed_random,6.777560234069824,6.774012565612793,1.0,2,128,290.6759948730469,0.3079039454460144,31,final_hidden,2026-07-10T15:01:49.654902+00:00,nonpad_flattened,gpt2
3840,64,2,16,main,wikitext,wikitext-2-raw-v1,validation,cuda,float32,64,gpt2_dynamical_edge_normal,af125240938fafbe41b2eb787f4e20ef303ef173,"[1, 128, 768]",inputs_embeds,paper_style_feedback_dynamics,gpt2,0.004003449343144894,direct,fixed_random,6.7806396484375,6.777560234069824,1.0,2,128,290.7711181640625,0.26778644323349,32,final_hidden,2026-07-10T15:01:49.654902+00:00,nonpad_flattened,gpt2
3840,64,2,16,main,wikitext,wikitext-2-raw-v1,validation,cuda,float32,64,gpt2_dynamical_edge_normal,af125240938fafbe41b2eb787f4e20ef303ef173,"[1, 128, 768]",inputs_embeds,paper_style_feedback_dynamics,gpt2,0.0034329185727983713,direct,fixed_random,6.783318042755127,6.7806396484375,1.0,2,128,290.8544921875,0.23329943418502808,33,final_hidden,2026-07-10T15:01:49.654902+00:00,nonpad_flattened,gpt2
3840,64,2,16,main,wikitext,wikitext-2-raw-v1,validation,cuda,float32,64,gpt2_dynamical_edge_normal,af125240938fafbe41b2eb787f4e20ef303ef173,"[1, 128, 768]",inputs_embeds,paper_style_feedback_dynamics,gpt2,0.0031228940933942795,direct,fixed_random,6.785651206970215,6.783318042755127,1.0,2,128,290.927490234375,0.20330101251602173,34,final_hidden,2026-07-10T15:01:49.654902+00:00,nonpad_flattened,gpt2
3840,64,2,16,main,wikitext,wikitext-2-raw-v1,validation,cuda,float32,64,gpt2_dynamical_edge_normal,af125240938fafbe41b2eb787f4e20ef303ef173,"[1, 128, 768]",inputs_embeds,paper_style_feedback_dynamics,gpt2,0.002601285930722952,direct,fixed_random,6.787688732147217,6.785651206970215,1.0,2,128,290.9915466308594,0.17771770060062408,35,final_hidden,2026-07-10T15:01:49.654902+00:00,nonpad_flattened,gpt2
3840,64,2,16,main,wikitext,wikitext-2-raw-v1,validation,cuda,float32,64,gpt2_dynamical_edge_normal,af125240938fafbe41b2eb787f4e20ef303ef173,"[1, 128, 768]",inputs_embeds,paper_style_feedback_dynamics,gpt2,0.002308154944330454,direct,fixed_random,6.789468765258789,6.787688732147217,1.0,2,128,291.0477294921875,0.155422642827034,36,final_hidden,2026-07-10T15:01:49.654902+00:00,nonpad_flattened,gpt2
3840,64,2,16,main,wikitext,wikitext-2-raw-v1,validation,cuda,float32,64,gpt2_dynamical_edge_normal,af125240938fafbe41b2eb787f4e20ef303ef173,"[1, 128, 768]",inputs_embeds,paper_style_feedback_dynamics,gpt2,0.002046318957582116,direct,fixed_random,6.791029930114746,6.789468765258789,1.0,2,128,291.0970764160156,0.13618361949920654,37,final_hidden,2026-07-10T15:01:49.654902+00:00,nonpad_flattened,gpt2
3840,64,2,16,main,wikitext,wikitext-2-raw-v1,validation,cuda,float32,64,gpt2_dynamical_edge_normal,af125240938fafbe41b2eb787f4e20ef303ef173,"[1, 128, 768]",inputs_embeds,paper_style_feedback_dynamics,gpt2,0.0018126564100384712,direct,fixed_random,6.792397499084473,6.791029930114746,1.0,2,128,291.14044189453125,0.11949092894792557,38,final_hidden,2026-07-10T15:01:49.654902+00:00,nonpad_flattened,gpt2
3840,64,2,16,main,wikitext,wikitext-2-raw-v1,validation,cuda,float32,64,gpt2_dynamical_edge_normal,af125240938fafbe41b2eb787f4e20ef303ef173,"[1, 128, 768]",inputs_embeds,paper_style_feedback_dynamics,gpt2,0.001643650233745575,direct,fixed_random,6.793600082397461,6.792397499084473,1.0,2,128,291.1784973144531,0.10497104376554489,39,final_hidden,2026-07-10T15:01:49.654902+00:00,nonpad_flattened,gpt2
3840,64,2,16,main,wikitext,wikitext-2-raw-v1,validation,cuda,float32,64,gpt2_dynamical_edge_normal,af125240938fafbe41b2eb787f4e20ef303ef173,"[1, 128, 768]",inputs_embeds,paper_style_feedback_dynamics,gpt2,0.0013742184964939952,direct,fixed_random,6.794656753540039,6.793600082397461,1.0,2,128,291.21209716796875,0.09237366169691086,40,final_hidden,2026-07-10T15:01:49.654902+00:00,nonpad_flattened,gpt2
3840,64,2,16,main,wikitext,wikitext-2-raw-v1,validation,cuda,float32,64,gpt2_dynamical_edge_normal,af125240938fafbe41b2eb787f4e20ef303ef173,"[1, 128, 768]",inputs_embeds,paper_style_feedback_dynamics,gpt2,0.001130949123762548,direct,fixed_random,6.795589447021484,6.794656753540039,1.0,2,128,291.2416687011719,0.08137250691652298,41,final_hidden,2026-07-10T15:01:49.654902+00:00,nonpad_flattened,gpt2
3840,64,2,16,main,wikitext,wikitext-2-raw-v1,validation,cuda,float32,64,gpt2_dynamical_edge_normal,af125240938fafbe41b2eb787f4e20ef303ef173,"[1, 128, 768]",inputs_embeds,paper_style_feedback_dynamics,gpt2,0.0010359929874539375,direct,fixed_random,6.79641056060791,6.795589447021484,1.0,2,128,291.2677001953125,0.07169210910797119,42,final_hidden,2026-07-10T15:01:49.654902+00:00,nonpad_flattened,gpt2
3840,64,2,16,main,wikitext,wikitext-2-raw-v1,validation,cuda,float32,64,gpt2_dynamical_edge_normal,af125240938fafbe41b2eb787f4e20ef303ef173,"[1, 128, 768]",inputs_embeds,paper_style_feedback_dynamics,gpt2,0.0008247420191764832,direct,fixed_random,6.797137260437012,6.79641056060791,1.0,2,128,291.2906494140625,0.06326207518577576,43,final_hidden,2026-07-10T15:01:49.654902+00:00,nonpad_flattened,gpt2
3840,64,2,16,main,wikitext,wikitext-2-raw-v1,validation,cuda,float32,64,gpt2_dynamical_edge_normal,af125240938fafbe41b2eb787f4e20ef303ef173,"[1, 128, 768]",inputs_embeds,paper_style_feedback_dynamics,gpt2,0.0007714111707173288,direct,fixed_random,6.797775745391846,6.797137260437012,1.0,2,128,291.31097412109375,0.05583689734339714,44,final_hidden,2026-07-10T15:01:49.654902+00:00,nonpad_flattened,gpt2
3840,64,2,16,main,wikitext,wikitext-2-raw-v1,validation,cuda,float32,64,gpt2_dynamical_edge_normal,af125240938fafbe41b2eb787f4e20ef303ef173,"[1, 128, 768]",inputs_embeds,paper_style_feedback_dynamics,gpt2,0.0007779471925459802,direct,fixed_random,6.79833984375,6.797775745391846,1.0,2,128,291.328857421875,0.0492732897400856,45,final_hidden,2026-07-10T15:01:49.654902+00:00,nonpad_flattened,gpt2
3840,64,2,16,main,wikitext,wikitext-2-raw-v1,validation,cuda,float32,64,gpt2_dynamical_edge_normal,af125240938fafbe41b2eb787f4e20ef303ef173,"[1, 128, 768]",inputs_embeds,paper_style_feedback_dynamics,gpt2,0.0007057336624711752,direct,fixed_random,6.7988386154174805,6.79833984375,1.0,2,128,291.3447265625,0.043657295405864716,46,final_hidden,2026-07-10T15:01:49.654902+00:00,nonpad_flattened,gpt2
3840,64,2,16,main,wikitext,wikitext-2-raw-v1,validation,cuda,float32,64,gpt2_dynamical_edge_normal,af125240938fafbe41b2eb787f4e20ef303ef173,"[1, 128, 768]",inputs_embeds,paper_style_feedback_dynamics,gpt2,0.000625074200797826,direct,fixed_random,6.799283027648926,6.7988386154174805,1.0,2,128,291.35870361328125,0.038554903119802475,47,final_hidden,2026-07-10T15:01:49.654902+00:00,nonpad_flattened,gpt2
3840,64,2,16,main,wikitext,wikitext-2-raw-v1,validation,cuda,float32,64,gpt2_dynamical_edge_normal,af125240938fafbe41b2eb787f4e20ef303ef173,"[1, 128, 768]",inputs_embeds,paper_style_feedback_dynamics,gpt2,0.0004943504463881254,direct,fixed_random,6.799674987792969,6.799283027648926,1.0,2,128,291.3711242675781,0.03420063480734825,48,final_hidden,2026-07-10T15:01:49.654902+00:00,nonpad_flattened,gpt2
3840,64,2,16,main,wikitext,wikitext-2-raw-v1,validation,cuda,float32,64,gpt2_dynamical_edge_normal,af125240938fafbe41b2eb787f4e20ef303ef173,"[1, 128, 768]",inputs_embeds,paper_style_feedback_dynamics,gpt2,0.00042252056300640106,direct,fixed_random,6.800019264221191,6.799674987792969,1.0,2,128,291.382080078125,0.030227528885006905,49,final_hidden,2026-07-10T15:01:49.654902+00:00,nonpad_flattened,gpt2
3840,64,2,16,main,wikitext,wikitext-2-raw-v1,validation,cuda,float32,64,gpt2_dynamical_edge_normal,af125240938fafbe41b2eb787f4e20ef303ef173,"[1, 128, 768]",inputs_embeds,paper_style_feedback_dynamics,gpt2,0.0003525532374624163,direct,fixed_random,6.800327301025391,6.800019264221191,1.0,2,128,291.3918151855469,0.026815608143806458,50,final_hidden,2026-07-10T15:01:49.654902+00:00,nonpad_flattened,gpt2
3840,64,2,16,main,wikitext,wikitext-2-raw-v1,validation,cuda,float32,64,gpt2_dynamical_edge_normal,af125240938fafbe41b2eb787f4e20ef303ef173,"[1, 128, 768]",inputs_embeds,paper_style_feedback_dynamics,gpt2,0.0003425530157983303,direct,fixed_random,6.800600528717041,6.800327301025391,1.0,2,128,291.40045166015625,0.0237804614007473,51,final_hidden,2026-07-10T15:01:49.654902+00:00,nonpad_flattened,gpt2
3840,64,2,16,main,wikitext,wikitext-2-raw-v1,validation,cuda,float32,64,gpt2_dynamical_edge_normal,af125240938fafbe41b2eb787f4e20ef303ef173,"[1, 128, 768]",inputs_embeds,paper_style_feedback_dynamics,gpt2,0.00017540004046168178,direct,fixed_random,6.800843715667725,6.800600528717041,1.0,2,128,291.4080810546875,0.02114790864288807,52,final_hidden,2026-07-10T15:01:49.654902+00:00,nonpad_flattened,gpt2
3840,64,2,16,main,wikitext,wikitext-2-raw-v1,validation,cuda,float32,64,gpt2_dynamical_edge_normal,af125240938fafbe41b2eb787f4e20ef303ef173,"[1, 128, 768]",inputs_embeds,paper_style_feedback_dynamics,gpt2,0.00019618586520664394,direct,fixed_random,6.801056861877441,6.800843715667725,1.0,2,128,291.4148864746094,0.018662940710783005,53,final_hidden,2026-07-10T15:01:49.654902+00:00,nonpad_flattened,gpt2
3840,64,2,16,main,wikitext,wikitext-2-raw-v1,validation,cuda,float32,64,gpt2_dynamical_edge_normal,af125240938fafbe41b2eb787f4e20ef303ef173,"[1, 128, 768]",inputs_embeds,paper_style_feedback_dynamics,gpt2,0.00028059433680027723,direct,fixed_random,6.801247596740723,6.801056861877441,1.0,2,128,291.4208679199219,0.016511403024196625,54,final_hidden,2026-07-10T15:01:49.654902+00:00,nonpad_flattened,gpt2
3840,64,2,16,main,wikitext,wikitext-2-raw-v1,validation,cuda,float32,64,gpt2_dynamical_edge_normal,af125240938fafbe41b2eb787f4e20ef303ef173,"[1, 128, 768]",inputs_embeds,paper_style_feedback_dynamics,gpt2,0.00022608954168390483,direct,fixed_random,6.801418304443359,6.801247596740723,1.0,2,128,291.42620849609375,0.014715109951794147,55,final_hidden,2026-07-10T15:01:49.654902+00:00,nonpad_flattened,gpt2
3840,64,2,16,main,wikitext,wikitext-2-raw-v1,validation,cuda,float32,64,gpt2_dynamical_edge_normal,af125240938fafbe41b2eb787f4e20ef303ef173,"[1, 128, 768]",inputs_embeds,paper_style_feedback_dynamics,gpt2,0.00023241323651745915,direct,fixed_random,6.801566123962402,6.801418304443359,1.0,2,128,291.43096923828125,0.013125439174473286,56,final_hidden,2026-07-10T15:01:49.654902+00:00,nonpad_flattened,gpt2
3840,64,2,16,main,wikitext,wikitext-2-raw-v1,validation,cuda,float32,64,gpt2_dynamical_edge_normal,af125240938fafbe41b2eb787f4e20ef303ef173,"[1, 128, 768]",inputs_embeds,paper_style_feedback_dynamics,gpt2,0.00023718013835605234,direct,fixed_random,6.801698684692383,6.801566123962402,1.0,2,128,291.4351501464844,0.011581238359212875,57,final_hidden,2026-07-10T15:01:49.654902+00:00,nonpad_flattened,gpt2
3840,64,2,16,main,wikitext,wikitext-2-raw-v1,validation,cuda,float32,64,gpt2_dynamical_edge_normal,af125240938fafbe41b2eb787f4e20ef303ef173,"[1, 128, 768]",inputs_embeds,paper_style_feedback_dynamics,gpt2,0.00020417009363882244,direct,fixed_random,6.801818370819092,6.801698684692383,1.0,2,128,291.4388732910156,0.010273817926645279,58,final_hidden,2026-07-10T15:01:49.654902+00:00,nonpad_flattened,gpt2
3840,64,2,16,main,wikitext,wikitext-2-raw-v1,validation,cuda,float32,64,gpt2_dynamical_edge_normal,af125240938fafbe41b2eb787f4e20ef303ef173,"[1, 128, 768]",inputs_embeds,paper_style_feedback_dynamics,gpt2,8.282315684482455e-05,direct,fixed_random,6.801924705505371,6.801818370819092,1.0,2,128,291.44219970703125,0.009232561103999615,59,final_hidden,2026-07-10T15:01:49.654902+00:00,nonpad_flattened,gpt2
3840,64,2,16,main,wikitext,wikitext-2-raw-v1,validation,cuda,float32,64,gpt2_dynamical_edge_normal,af125240938fafbe41b2eb787f4e20ef303ef173,"[1, 128, 768]",inputs_embeds,paper_style_feedback_dynamics,gpt2,6.345156725728884e-05,direct,fixed_random,6.8020172119140625,6.801924705505371,1.0,2,128,291.4451599121094,0.008200756274163723,60,final_hidden,2026-07-10T15:01:49.654902+00:00,nonpad_flattened,gpt2
3840,64,2,16,main,wikitext,wikitext-2-raw-v1,validation,cuda,float32,64,gpt2_dynamical_edge_normal,af125240938fafbe41b2eb787f4e20ef303ef173,"[1, 128, 768]",inputs_embeds,paper_style_feedback_dynamics,gpt2,6.007734555169009e-05,direct,fixed_random,6.802099227905273,6.8020172119140625,1.0,2,128,291.4477844238281,0.00719677098095417,61,final_hidden,2026-07-10T15:01:49.654902+00:00,nonpad_flattened,gpt2
3840,64,2,16,main,wikitext,wikitext-2-raw-v1,validation,cuda,float32,64,gpt2_dynamical_edge_normal,af125240938fafbe41b2eb787f4e20ef303ef173,"[1, 128, 768]",inputs_embeds,paper_style_feedback_dynamics,gpt2,5.9752965171355754e-05,direct,fixed_random,6.802173614501953,6.802099227905273,1.0,2,128,291.4501037597656,0.006443967577069998,62,final_hidden,2026-07-10T15:01:49.654902+00:00,nonpad_flattened,gpt2
98304,64,3,16,main,wikitext,wikitext-2-raw-v1,validation,cuda,float32,64,gpt2_dynamical_edge_normal,af125240938fafbe41b2eb787f4e20ef303ef173,"[1, 128, 768]",inputs_embeds,paper_style_feedback_dynamics,gpt2,0.0003444944159127772,direct,fixed_random,-10.60542106628418,-10.605646133422852,1.0,3,128,3627.326171875,0.11327555775642395,0,final_hidden,2026-07-10T15:01:49.654902+00:00,nonpad_flattened,gpt2
98304,64,3,16,main,wikitext,wikitext-2-raw-v1,validation,cuda,float32,64,gpt2_dynamical_edge_normal,af125240938fafbe41b2eb787f4e20ef303ef173,"[1, 128, 768]",inputs_embeds,paper_style_feedback_dynamics,gpt2,0.0003490157250780612,direct,fixed_random,-10.605280876159668,-10.60542106628418,1.0,3,128,3627.321533203125,0.06928801536560059,1,final_hidden,2026-07-10T15:01:49.654902+00:00,nonpad_flattened,gpt2
98304,64,3,16,main,wikitext,wikitext-2-raw-v1,validation,cuda,float32,64,gpt2_dynamical_edge_normal,af125240938fafbe41b2eb787f4e20ef303ef173,"[1, 128, 768]",inputs_embeds,paper_style_feedback_dynamics,gpt2,0.00036008632741868496,direct,fixed_random,-10.605205535888672,-10.605280876159668,1.0,3,128,3627.320068359375,0.0423145666718483,2,final_hidden,2026-07-10T15:01:49.654902+00:00,nonpad_flattened,gpt2
98304,64,3,16,main,wikitext,wikitext-2-raw-v1,validation,cuda,float32,64,gpt2_dynamical_edge_normal,af125240938fafbe41b2eb787f4e20ef303ef173,"[1, 128, 768]",inputs_embeds,paper_style_feedback_dynamics,gpt2,0.0003647055709734559,direct,fixed_random,-10.605155944824219,-10.605205535888672,1.0,3,128,3627.320068359375,0.025857137516140938,3,final_hidden,2026-07-10T15:01:49.654902+00:00,nonpad_flattened,gpt2
98304,64,3,16,main,wikitext,wikitext-2-raw-v1,validation,cuda,float32,64,gpt2_dynamical_edge_normal,af125240938fafbe41b2eb787f4e20ef303ef173,"[1, 128, 768]",inputs_embeds,paper_style_feedback_dynamics,gpt2,0.0003380437265150249,direct,fixed_random,-10.605132102966309,-10.605155944824219,1.0,3,128,3627.3203125,0.01579253189265728,4,final_hidden,2026-07-10T15:01:49.654902+00:00,nonpad_flattened,gpt2
98304,64,3,16,main,wikitext,wikitext-2-raw-v1,validation,cuda,float32,64,gpt2_dynamical_edge_normal,af125240938fafbe41b2eb787f4e20ef303ef173,"[1, 128, 768]",inputs_embeds,paper_style_feedback_dynamics,gpt2,0.00032937421929091215,direct,fixed_random,-10.605116844177246,-10.605132102966309,1.0,3,128,3627.320556640625,0.009609349071979523,5,final_hidden,2026-07-10T15:01:49.654902+00:00,nonpad_flattened,gpt2
98304,64,3,16,main,wikitext,wikitext-2-raw-v1,validation,cuda,float32,64,gpt2_dynamical_edge_normal,af125240938fafbe41b2eb787f4e20ef303ef173,"[1, 128, 768]",inputs_embeds,paper_style_feedback_dynamics,gpt2,0.0003432338126003742,direct,fixed_random,-10.605104446411133,-10.605116844177246,1.0,3,128,3627.32080078125,0.005870511755347252,6,final_hidden,2026-07-10T15:01:49.654902+00:00,nonpad_flattened,gpt2
98304,64,3,16,main,wikitext,wikitext-2-raw-v1,validation,cuda,float32,64,gpt2_dynamical_edge_normal,af125240938fafbe41b2eb787f4e20ef303ef173,"[1, 128, 768]",inputs_embeds,paper_style_feedback_dynamics,gpt2,0.00034619439975358546,direct,fixed_random,-10.605098724365234,-10.605104446411133,1.0,3,128,3627.321044921875,0.0035709815565496683,7,final_hidden,2026-07-10T15:01:49.654902+00:00,nonpad_flattened,gpt2
98304,64,3,16,main,wikitext,wikitext-2-raw-v1,validation,cuda,float32,64,gpt2_dynamical_edge_normal,af125240938fafbe41b2eb787f4e20ef303ef173,"[1, 128, 768]",inputs_embeds,paper_style_feedback_dynamics,gpt2,0.00034619536017999053,direct,fixed_random,-10.605094909667969,-10.605098724365234,1.0,3,128,3627.3212890625,0.0021564054768532515,8,final_hidden,2026-07-10T15:01:49.654902+00:00,nonpad_flattened,gpt2
98304,64,3,16,main,wikitext,wikitext-2-raw-v1,validation,cuda,float32,64,gpt2_dynamical_edge_normal,af125240938fafbe41b2eb787f4e20ef303ef173,"[1, 128, 768]",inputs_embeds,paper_style_feedback_dynamics,gpt2,0.00034837471321225166,direct,fixed_random,-10.605093002319336,-10.605094909667969,1.0,3,128,3627.3212890625,0.0013453251449391246,9,final_hidden,2026-07-10T15:01:49.654902+00:00,nonpad_flattened,gpt2
98304,64,3,16,main,wikitext,wikitext-2-raw-v1,validation,cuda,float32,64,gpt2_dynamical_edge_normal,af125240938fafbe41b2eb787f4e20ef303ef173,"[1, 128, 768]",inputs_embeds,paper_style_feedback_dynamics,gpt2,0.00037953921128064394,direct,fixed_random,-10.605090141296387,-10.605093002319336,1.0,3,128,3627.3212890625,0.0008612386882305145,10,final_hidden,2026-07-10T15:01:49.654902+00:00,nonpad_flattened,gpt2
98304,64,3,16,main,wikitext,wikitext-2-raw-v1,validation,cuda,float32,64,gpt2_dynamical_edge_normal,af125240938fafbe41b2eb787f4e20ef303ef173,"[1, 128, 768]",inputs_embeds,paper_style_feedback_dynamics,gpt2,0.0003570685803424567,direct,fixed_random,-10.60508918762207,-10.605090141296387,1.0,3,128,3627.3212890625,0.0005962247378192842,11,final_hidden,2026-07-10T15:01:49.654902+00:00,nonpad_flattened,gpt2
98304,64,3,16,main,wikitext,wikitext-2-raw-v1,validation,cuda,float32,64,gpt2_dynamical_edge_normal,af125240938fafbe41b2eb787f4e20ef303ef173,"[1, 128, 768]",inputs_embeds,paper_style_feedback_dynamics,gpt2,0.00034555935417301953,direct,fixed_random,-10.605090141296387,-10.60508918762207,1.0,3,128,3627.3212890625,0.00043567214743234217,12,final_hidden,2026-07-10T15:01:49.654902+00:00,nonpad_flattened,gpt2
98304,64,3,16,main,wikitext,wikitext-2-raw-v1,validation,cuda,float32,64,gpt2_dynamical_edge_normal,af125240938fafbe41b2eb787f4e20ef303ef173,"[1, 128, 768]",inputs_embeds,paper_style_feedback_dynamics,gpt2,0.0003467093629296869,direct,fixed_random,-10.60508918762207,-10.605090141296387,1.0,3,128,3627.3212890625,0.0003474125696811825,13,final_hidden,2026-07-10T15:01:49.654902+00:00,nonpad_flattened,gpt2
98304,64,3,16,main,wikitext,wikitext-2-raw-v1,validation,cuda,float32,64,gpt2_dynamical_edge_normal,af125240938fafbe41b2eb787f4e20ef303ef173,"[1, 128, 768]",inputs_embeds,paper_style_feedback_dynamics,gpt2,0.0003351674531586468,direct,fixed_random,-10.605086326599121,-10.60508918762207,1.0,3,128,3627.3212890625,0.0002982179285027087,14,final_hidden,2026-07-10T15:01:49.654902+00:00,nonpad_flattened,gpt2
98304,64,3,16,main,wikitext,wikitext-2-raw-v1,validation,cuda,float32,64,gpt2_dynamical_edge_normal,af125240938fafbe41b2eb787f4e20ef303ef173,"[1, 128, 768]",inputs_embeds,paper_style_feedback_dynamics,gpt2,0.00034571983269415796,direct,fixed_random,-10.60508918762207,-10.605086326599121,1.0,3,128,3627.3212890625,0.00028722500428557396,15,final_hidden,2026-07-10T15:01:49.654902+00:00,nonpad_flattened,gpt2
98304,64,3,16,main,wikitext,wikitext-2-raw-v1,validation,cuda,float32,64,gpt2_dynamical_edge_normal,af125240938fafbe41b2eb787f4e20ef303ef173,"[1, 128, 768]",inputs_embeds,paper_style_feedback_dynamics,gpt2,0.00039707598625682294,direct,fixed_random,-10.605088233947754,-10.60508918762207,1.0,3,128,3627.3212890625,0.00031070024124346673,16,final_hidden,2026-07-10T15:01:49.654902+00:00,nonpad_flattened,gpt2
98304,64,3,16,main,wikitext,wikitext-2-raw-v1,validation,cuda,float32,64,gpt2_dynamical_edge_normal,af125240938fafbe41b2eb787f4e20ef303ef173,"[1, 128, 768]",inputs_embeds,paper_style_feedback_dynamics,gpt2,0.000346178887411952,direct,fixed_random,-10.605085372924805,-10.605088233947754,1.0,3,128,3627.3212890625,0.00028344683232717216,17,final_hidden,2026-07-10T15:01:49.654902+00:00,nonpad_flattened,gpt2
98304,64,3,16,main,wikitext,wikitext-2-raw-v1,validation,cuda,float32,64,gpt2_dynamical_edge_normal,af125240938fafbe41b2eb787f4e20ef303ef173,"[1, 128, 768]",inputs_embeds,paper_style_feedback_dynamics,gpt2,0.0003559387696441263,direct,fixed_random,-10.605087280273438,-10.605085372924805,1.0,3,128,3627.3212890625,0.00027205495280213654,18,final_hidden,2026-07-10T15:01:49.654902+00:00,nonpad_flattened,gpt2
98304,64,3,16,main,wikitext,wikitext-2-raw-v1,validation,cuda,float32,64,gpt2_dynamical_edge_normal,af125240938fafbe41b2eb787f4e20ef303ef173,"[1, 128, 768]",inputs_embeds,paper_style_feedback_dynamics,gpt2,0.00035077365464530885,direct,fixed_random,-10.60508918762207,-10.605087280273438,1.0,3,128,3627.3212890625,0.00029433052986860275,19,final_hidden,2026-07-10T15:01:49.654902+00:00,nonpad_flattened,gpt2
98304,64,3,16,main,wikitext,wikitext-2-raw-v1,validation,cuda,float32,64,gpt2_dynamical_edge_normal,af125240938fafbe41b2eb787f4e20ef303ef173,"[1, 128, 768]",inputs_embeds,paper_style_feedback_dynamics,gpt2,0.00036363457911647856,direct,fixed_random,-10.605087280273438,-10.60508918762207,1.0,3,128,3627.3212890625,0.00029200082644820213,20,final_hidden,2026-07-10T15:01:49.654902+00:00,nonpad_flattened,gpt2
98304,64,3,16,main,wikitext,wikitext-2-raw-v1,validation,cuda,float32,64,gpt2_dynamical_edge_normal,af125240938fafbe41b2eb787f4e20ef303ef173,"[1, 128, 768]",inputs_embeds,paper_style_feedback_dynamics,gpt2,0.00035043887328356504,direct,fixed_random,-10.60508918762207,-10.605087280273438,1.0,3,128,3627.3212890625,0.0002944174048025161,21,final_hidden,2026-07-10T15:01:49.654902+00:00,nonpad_flattened,gpt2
98304,64,3,16,main,wikitext,wikitext-2-raw-v1,validation,cuda,float32,64,gpt2_dynamical_edge_normal,af125240938fafbe41b2eb787f4e20ef303ef173,"[1, 128, 768]",inputs_embeds,paper_style_feedback_dynamics,gpt2,0.0003497647412586957,direct,fixed_random,-10.605088233947754,-10.60508918762207,1.0,3,128,3627.3212890625,0.0002831336751114577,22,final_hidden,2026-07-10T15:01:49.654902+00:00,nonpad_flattened,gpt2
98304,64,3,16,main,wikitext,wikitext-2-raw-v1,validation,cuda,float32,64,gpt2_dynamical_edge_normal,af125240938fafbe41b2eb787f4e20ef303ef173,"[1, 128, 768]",inputs_embeds,paper_style_feedback_dynamics,gpt2,0.0003457324346527457,direct,fixed_random,-10.605087280273438,-10.605088233947754,1.0,3,128,3627.3212890625,0.0002828335273079574,23,final_hidden,2026-07-10T15:01:49.654902+00:00,nonpad_flattened,gpt2
98304,64,3,16,main,wikitext,wikitext-2-raw-v1,validation,cuda,float32,64,gpt2_dynamical_edge_normal,af125240938fafbe41b2eb787f4e20ef303ef173,"[1, 128, 768]",inputs_embeds,paper_style_feedback_dynamics,gpt2,0.0003606908430811018,direct,fixed_random,-10.605088233947754,-10.605087280273438,1.0,3,128,3627.3212890625,0.00028435862623155117,24,final_hidden,2026-07-10T15:01:49.654902+00:00,nonpad_flattened,gpt2
98304,64,3,16,main,wikitext,wikitext-2-raw-v1,validation,cuda,float32,64,gpt2_dynamical_edge_normal,af125240938fafbe41b2eb787f4e20ef303ef173,"[1, 128, 768]",inputs_embeds,paper_style_feedback_dynamics,gpt2,0.0003655139880720526,direct,fixed_random,-10.605086326599121,-10.605088233947754,1.0,3,128,3627.3212890625,0.00030007032910361886,25,final_hidden,2026-07-10T15:01:49.654902+00:00,nonpad_flattened,gpt2
98304,64,3,16,main,wikitext,wikitext-2-raw-v1,validation,cuda,float32,64,gpt2_dynamical_edge_normal,af125240938fafbe41b2eb787f4e20ef303ef173,"[1, 128, 768]",inputs_embeds,paper_style_feedback_dynamics,gpt2,0.00035358438617549837,direct,fixed_random,-10.605087280273438,-10.605086326599121,1.0,3,128,3627.321533203125,0.0003082029288634658,26,final_hidden,2026-07-10T15:01:49.654902+00:00,nonpad_flattened,gpt2
98304,64,3,16,main,wikitext,wikitext-2-raw-v1,validation,cuda,float32,64,gpt2_dynamical_edge_normal,af125240938fafbe41b2eb787f4e20ef303ef173,"[1, 128, 768]",inputs_embeds,paper_style_feedback_dynamics,gpt2,0.00033110432559624314,direct,fixed_random,-10.605088233947754,-10.605087280273438,1.0,3,128,3627.3212890625,0.0002933365758508444,27,final_hidden,2026-07-10T15:01:49.654902+00:00,nonpad_flattened,gpt2
98304,64,3,16,main,wikitext,wikitext-2-raw-v1,validation,cuda,float32,64,gpt2_dynamical_edge_normal,af125240938fafbe41b2eb787f4e20ef303ef173,"[1, 128, 768]",inputs_embeds,paper_style_feedback_dynamics,gpt2,0.00034214495099149644,direct,fixed_random,-10.605086326599121,-10.605088233947754,1.0,3,128,3627.3212890625,0.0002902063715737313,28,final_hidden,2026-07-10T15:01:49.654902+00:00,nonpad_flattened,gpt2
98304,64,3,16,main,wikitext,wikitext-2-raw-v1,validation,cuda,float32,64,gpt2_dynamical_edge_normal,af125240938fafbe41b2eb787f4e20ef303ef173,"[1, 128, 768]",inputs_embeds,paper_style_feedback_dynamics,gpt2,0.00036790294689126313,direct,fixed_random,-10.605085372924805,-10.605086326599121,1.0,3,128,3627.3212890625,0.00030183466151356697,29,final_hidden,2026-07-10T15:01:49.654902+00:00,nonpad_flattened,gpt2
98304,64,3,16,main,wikitext,wikitext-2-raw-v1,validation,cuda,float32,64,gpt2_dynamical_edge_normal,af125240938fafbe41b2eb787f4e20ef303ef173,"[1, 128, 768]",inputs_embeds,paper_style_feedback_dynamics,gpt2,0.00034807430347427726,direct,fixed_random,-10.60508918762207,-10.605085372924805,1.0,3,128,3627.3212890625,0.0002761966607067734,30,final_hidden,2026-07-10T15:01:49.654902+00:00,nonpad_flattened,gpt2
98304,64,3,16,main,wikitext,wikitext-2-raw-v1,validation,cuda,float32,64,gpt2_dynamical_edge_normal,af125240938fafbe41b2eb787f4e20ef303ef173,"[1, 128, 768]",inputs_embeds,paper_style_feedback_dynamics,gpt2,0.0003619012131821364,direct,fixed_random,-10.60508918762207,-10.60508918762207,1.0,3,128,3627.3212890625,0.0002935357915703207,31,final_hidden,2026-07-10T15:01:49.654902+00:00,nonpad_flattened,gpt2
98304,64,3,16,main,wikitext,wikitext-2-raw-v1,validation,cuda,float32,64,gpt2_dynamical_edge_normal,af125240938fafbe41b2eb787f4e20ef303ef173,"[1, 128, 768]",inputs_embeds,paper_style_feedback_dynamics,gpt2,0.0003368411853443831,direct,fixed_random,-10.605087280273438,-10.60508918762207,1.0,3,128,3627.3212890625,0.0002980415301863104,32,final_hidden,2026-07-10T15:01:49.654902+00:00,nonpad_flattened,gpt2
98304,64,3,16,main,wikitext,wikitext-2-raw-v1,validation,cuda,float32,64,gpt2_dynamical_edge_normal,af125240938fafbe41b2eb787f4e20ef303ef173,"[1, 128, 768]",inputs_embeds,paper_style_feedback_dynamics,gpt2,0.00034082139609381557,direct,fixed_random,-10.605088233947754,-10.605087280273438,1.0,3,128,3627.3212890625,0.00030140235321596265,33,final_hidden,2026-07-10T15:01:49.654902+00:00,nonpad_flattened,gpt2
98304,64,3,16,main,wikitext,wikitext-2-raw-v1,validation,cuda,float32,64,gpt2_dynamical_edge_normal,af125240938fafbe41b2eb787f4e20ef303ef173,"[1, 128, 768]",inputs_embeds,paper_style_feedback_dynamics,gpt2,0.0003188656410202384,direct,fixed_random,-10.605087280273438,-10.605088233947754,1.0,3,128,3627.3212890625,0.00027553114341571927,34,final_hidden,2026-07-10T15:01:49.654902+00:00,nonpad_flattened,gpt2
98304,64,3,16,main,wikitext,wikitext-2-raw-v1,validation,cuda,float32,64,gpt2_dynamical_edge_normal,af125240938fafbe41b2eb787f4e20ef303ef173,"[1, 128, 768]",inputs_embeds,paper_style_feedback_dynamics,gpt2,0.0003309509193059057,direct,fixed_random,-10.605091094970703,-10.605087280273438,1.0,3,128,3627.3212890625,0.0002793595485854894,35,final_hidden,2026-07-10T15:01:49.654902+00:00,nonpad_flattened,gpt2
98304,64,3,16,main,wikitext,wikitext-2-raw-v1,validation,cuda,float32,64,gpt2_dynamical_edge_normal,af125240938fafbe41b2eb787f4e20ef303ef173,"[1, 128, 768]",inputs_embeds,paper_style_feedback_dynamics,gpt2,0.00031309714540839195,direct,fixed_random,-10.605090141296387,-10.605091094970703,1.0,3,128,3627.321533203125,0.0002664929779712111,36,final_hidden,2026-07-10T15:01:49.654902+00:00,nonpad_flattened,gpt2
98304,64,3,16,main,wikitext,wikitext-2-raw-v1,validation,cuda,float32,64,gpt2_dynamical_edge_normal,af125240938fafbe41b2eb787f4e20ef303ef173,"[1, 128, 768]",inputs_embeds,paper_style_feedback_dynamics,gpt2,0.00034261925611644983,direct,fixed_random,-10.60508918762207,-10.605090141296387,1.0,3,128,3627.3212890625,0.00027800456155091524,37,final_hidden,2026-07-10T15:01:49.654902+00:00,nonpad_flattened,gpt2
98304,64,3,16,main,wikitext,wikitext-2-raw-v1,validation,cuda,float32,64,gpt2_dynamical_edge_normal,af125240938fafbe41b2eb787f4e20ef303ef173,"[1, 128, 768]",inputs_embeds,paper_style_feedback_dynamics,gpt2,0.0003414757957216352,direct,fixed_random,-10.605087280273438,-10.60508918762207,1.0,3,128,3627.3212890625,0.00029403509688563645,38,final_hidden,2026-07-10T15:01:49.654902+00:00,nonpad_flattened,gpt2
98304,64,3,16,main,wikitext,wikitext-2-raw-v1,validation,cuda,float32,64,gpt2_dynamical_edge_normal,af125240938fafbe41b2eb787f4e20ef303ef173,"[1, 128, 768]",inputs_embeds,paper_style_feedback_dynamics,gpt2,0.0003405813768040389,direct,fixed_random,-10.605088233947754,-10.605087280273438,1.0,3,128,3627.3212890625,0.00027204325306229293,39,final_hidden,2026-07-10T15:01:49.654902+00:00,nonpad_flattened,gpt2
98304,64,3,16,main,wikitext,wikitext-2-raw-v1,validation,cuda,float32,64,gpt2_dynamical_edge_normal,af125240938fafbe41b2eb787f4e20ef303ef173,"[1, 128, 768]",inputs_embeds,paper_style_feedback_dynamics,gpt2,0.0003629255515988916,direct,fixed_random,-10.60508918762207,-10.605088233947754,1.0,3,128,3627.3212890625,0.0002829260192811489,40,final_hidden,2026-07-10T15:01:49.654902+00:00,nonpad_flattened,gpt2
98304,64,3,16,main,wikitext,wikitext-2-raw-v1,validation,cuda,float32,64,gpt2_dynamical_edge_normal,af125240938fafbe41b2eb787f4e20ef303ef173,"[1, 128, 768]",inputs_embeds,paper_style_feedback_dynamics,gpt2,0.0003629139100667089,direct,fixed_random,-10.605087280273438,-10.60508918762207,1.0,3,128,3627.3212890625,0.0003176102472934872,41,final_hidden,2026-07-10T15:01:49.654902+00:00,nonpad_flattened,gpt2
98304,64,3,16,main,wikitext,wikitext-2-raw-v1,validation,cuda,float32,64,gpt2_dynamical_edge_normal,af125240938fafbe41b2eb787f4e20ef303ef173,"[1, 128, 768]",inputs_embeds,paper_style_feedback_dynamics,gpt2,0.0003548425156623125,direct,fixed_random,-10.605088233947754,-10.605087280273438,1.0,3,128,3627.3212890625,0.00028570659924298525,42,final_hidden,2026-07-10T15:01:49.654902+00:00,nonpad_flattened,gpt2
98304,64,3,16,main,wikitext,wikitext-2-raw-v1,validation,cuda,float32,64,gpt2_dynamical_edge_normal,af125240938fafbe41b2eb787f4e20ef303ef173,"[1, 128, 768]",inputs_embeds,paper_style_feedback_dynamics,gpt2,0.00035631036735139787,direct,fixed_random,-10.605086326599121,-10.605088233947754,1.0,3,128,3627.3212890625,0.00029553857166320086,43,final_hidden,2026-07-10T15:01:49.654902+00:00,nonpad_flattened,gpt2
98304,64,3,16,main,wikitext,wikitext-2-raw-v1,validation,cuda,float32,64,gpt2_dynamical_edge_normal,af125240938fafbe41b2eb787f4e20ef303ef173,"[1, 128, 768]",inputs_embeds,paper_style_feedback_dynamics,gpt2,0.0003469281946308911,direct,fixed_random,-10.605087280273438,-10.605086326599121,1.0,3,128,3627.3212890625,0.0002922149724327028,44,final_hidden,2026-07-10T15:01:49.654902+00:00,nonpad_flattened,gpt2
98304,64,3,16,main,wikitext,wikitext-2-raw-v1,validation,cuda,float32,64,gpt2_dynamical_edge_normal,af125240938fafbe41b2eb787f4e20ef303ef173,"[1, 128, 768]",inputs_embeds,paper_style_feedback_dynamics,gpt2,0.0003710851597134024,direct,fixed_random,-10.605087280273438,-10.605087280273438,1.0,3,128,3627.3212890625,0.00028965066303499043,45,final_hidden,2026-07-10T15:01:49.654902+00:00,nonpad_flattened,gpt2
98304,64,3,16,main,wikitext,wikitext-2-raw-v1,validation,cuda,float32,64,gpt2_dynamical_edge_normal,af125240938fafbe41b2eb787f4e20ef303ef173,"[1, 128, 768]",inputs_embeds,paper_style_feedback_dynamics,gpt2,0.000346215208992362,direct,fixed_random,-10.605085372924805,-10.605087280273438,1.0,3,128,3627.3212890625,0.000301785534247756,46,final_hidden,2026-07-10T15:01:49.654902+00:00,nonpad_flattened,gpt2
98304,64,3,16,main,wikitext,wikitext-2-raw-v1,validation,cuda,float32,64,gpt2_dynamical_edge_normal,af125240938fafbe41b2eb787f4e20ef303ef173,"[1, 128, 768]",inputs_embeds,paper_style_feedback_dynamics,gpt2,0.00035065889824181795,direct,fixed_random,-10.605087280273438,-10.605085372924805,1.0,3,128,3627.3212890625,0.00029159613768570125,47,final_hidden,2026-07-10T15:01:49.654902+00:00,nonpad_flattened,gpt2
98304,64,3,16,main,wikitext,wikitext-2-raw-v1,validation,cuda,float32,64,gpt2_dynamical_edge_normal,af125240938fafbe41b2eb787f4e20ef303ef173,"[1, 128, 768]",inputs_embeds,paper_style_feedback_dynamics,gpt2,0.000327923713484779,direct,fixed_random,-10.605087280273438,-10.605087280273438,1.0,3,128,3627.3212890625,0.0002856708597391844,48,final_hidden,2026-07-10T15:01:49.654902+00:00,nonpad_flattened,gpt2
98304,64,3,16,main,wikitext,wikitext-2-raw-v1,validation,cuda,float32,64,gpt2_dynamical_edge_normal,af125240938fafbe41b2eb787f4e20ef303ef173,"[1, 128, 768]",inputs_embeds,paper_style_feedback_dynamics,gpt2,0.00035988385207019746,direct,fixed_random,-10.605087280273438,-10.605087280273438,1.0,3,128,3627.3212890625,0.0002946366148535162,49,final_hidden,2026-07-10T15:01:49.654902+00:00,nonpad_flattened,gpt2
98304,64,3,16,main,wikitext,wikitext-2-raw-v1,validation,cuda,float32,64,gpt2_dynamical_edge_normal,af125240938fafbe41b2eb787f4e20ef303ef173,"[1, 128, 768]",inputs_embeds,paper_style_feedback_dynamics,gpt2,0.0003283386758994311,direct,fixed_random,-10.605087280273438,-10.605087280273438,1.0,3,128,3627.3212890625,0.0002928776084445417,50,final_hidden,2026-07-10T15:01:49.654902+00:00,nonpad_flattened,gpt2
98304,64,3,16,main,wikitext,wikitext-2-raw-v1,validation,cuda,float32,64,gpt2_dynamical_edge_normal,af125240938fafbe41b2eb787f4e20ef303ef173,"[1, 128, 768]",inputs_embeds,paper_style_feedback_dynamics,gpt2,0.00033615707070566714,direct,fixed_random,-10.60508918762207,-10.605087280273438,1.0,3,128,3627.3212890625,0.00030070284265093505,51,final_hidden,2026-07-10T15:01:49.654902+00:00,nonpad_flattened,gpt2
98304,64,3,16,main,wikitext,wikitext-2-raw-v1,validation,cuda,float32,64,gpt2_dynamical_edge_normal,af125240938fafbe41b2eb787f4e20ef303ef173,"[1, 128, 768]",inputs_embeds,paper_style_feedback_dynamics,gpt2,0.00036649350658990443,direct,fixed_random,-10.60508918762207,-10.60508918762207,1.0,3,128,3627.3212890625,0.00026317298761568964,52,final_hidden,2026-07-10T15:01:49.654902+00:00,nonpad_flattened,gpt2
98304,64,3,16,main,wikitext,wikitext-2-raw-v1,validation,cuda,float32,64,gpt2_dynamical_edge_normal,af125240938fafbe41b2eb787f4e20ef303ef173,"[1, 128, 768]",inputs_embeds,paper_style_feedback_dynamics,gpt2,0.00037394516402855515,direct,fixed_random,-10.605088233947754,-10.60508918762207,1.0,3,128,3627.3212890625,0.0002803532115649432,53,final_hidden,2026-07-10T15:01:49.654902+00:00,nonpad_flattened,gpt2
98304,64,3,16,main,wikitext,wikitext-2-raw-v1,validation,cuda,float32,64,gpt2_dynamical_edge_normal,af125240938fafbe41b2eb787f4e20ef303ef173,"[1, 128, 768]",inputs_embeds,paper_style_feedback_dynamics,gpt2,0.00037102762144058943,direct,fixed_random,-10.605086326599121,-10.605088233947754,1.0,3,128,3627.3212890625,0.0002856040373444557,54,final_hidden,2026-07-10T15:01:49.654902+00:00,nonpad_flattened,gpt2
98304,64,3,16,main,wikitext,wikitext-2-raw-v1,validation,cuda,float32,64,gpt2_dynamical_edge_normal,af125240938fafbe41b2eb787f4e20ef303ef173,"[1, 128, 768]",inputs_embeds,paper_style_feedback_dynamics,gpt2,0.0003539139579515904,direct,fixed_random,-10.605086326599121,-10.605086326599121,1.0,3,128,3627.3212890625,0.00027911190409213305,55,final_hidden,2026-07-10T15:01:49.654902+00:00,nonpad_flattened,gpt2
98304,64,3,16,main,wikitext,wikitext-2-raw-v1,validation,cuda,float32,64,gpt2_dynamical_edge_normal,af125240938fafbe41b2eb787f4e20ef303ef173,"[1, 128, 768]",inputs_embeds,paper_style_feedback_dynamics,gpt2,0.0003234714677091688,direct,fixed_random,-10.60508918762207,-10.605086326599121,1.0,3,128,3627.3212890625,0.0002614774275571108,56,final_hidden,2026-07-10T15:01:49.654902+00:00,nonpad_flattened,gpt2
98304,64,3,16,main,wikitext,wikitext-2-raw-v1,validation,cuda,float32,64,gpt2_dynamical_edge_normal,af125240938fafbe41b2eb787f4e20ef303ef173,"[1, 128, 768]",inputs_embeds,paper_style_feedback_dynamics,gpt2,0.000329037313349545,direct,fixed_random,-10.605087280273438,-10.60508918762207,1.0,3,128,3627.3212890625,0.0002778016496449709,57,final_hidden,2026-07-10T15:01:49.654902+00:00,nonpad_flattened,gpt2
98304,64,3,16,main,wikitext,wikitext-2-raw-v1,validation,cuda,float32,64,gpt2_dynamical_edge_normal,af125240938fafbe41b2eb787f4e20ef303ef173,"[1, 128, 768]",inputs_embeds,paper_style_feedback_dynamics,gpt2,0.0003538138116709888,direct,fixed_random,-10.605088233947754,-10.605087280273438,1.0,3,128,3627.3212890625,0.0002682528574950993,58,final_hidden,2026-07-10T15:01:49.654902+00:00,nonpad_flattened,gpt2
98304,64,3,16,main,wikitext,wikitext-2-raw-v1,validation,cuda,float32,64,gpt2_dynamical_edge_normal,af125240938fafbe41b2eb787f4e20ef303ef173,"[1, 128, 768]",inputs_embeds,paper_style_feedback_dynamics,gpt2,0.00037347368197515607,direct,fixed_random,-10.605087280273438,-10.605088233947754,1.0,3,128,3627.3212890625,0.00029853166779503226,59,final_hidden,2026-07-10T15:01:49.654902+00:00,nonpad_flattened,gpt2
98304,64,3,16,main,wikitext,wikitext-2-raw-v1,validation,cuda,float32,64,gpt2_dynamical_edge_normal,af125240938fafbe41b2eb787f4e20ef303ef173,"[1, 128, 768]",inputs_embeds,paper_style_feedback_dynamics,gpt2,0.00034763076109811664,direct,fixed_random,-10.605086326599121,-10.605087280273438,1.0,3,128,3627.321533203125,0.00028856421704404056,60,final_hidden,2026-07-10T15:01:49.654902+00:00,nonpad_flattened,gpt2
98304,64,3,16,main,wikitext,wikitext-2-raw-v1,validation,cuda,float32,64,gpt2_dynamical_edge_normal,af125240938fafbe41b2eb787f4e20ef303ef173,"[1, 128, 768]",inputs_embeds,paper_style_feedback_dynamics,gpt2,0.00032655507675372064,direct,fixed_random,-10.605087280273438,-10.605086326599121,1.0,3,128,3627.321533203125,0.0002719720941968262,61,final_hidden,2026-07-10T15:01:49.654902+00:00,nonpad_flattened,gpt2
98304,64,3,16,main,wikitext,wikitext-2-raw-v1,validation,cuda,float32,64,gpt2_dynamical_edge_normal,af125240938fafbe41b2eb787f4e20ef303ef173,"[1, 128, 768]",inputs_embeds,paper_style_feedback_dynamics,gpt2,0.00033769349101930857,direct,fixed_random,-10.605088233947754,-10.605087280273438,1.0,3,128,3627.321533203125,0.0002636480494402349,62,final_hidden,2026-07-10T15:01:49.654902+00:00,nonpad_flattened,gpt2
62208,64,4,16,main,wikitext,wikitext-2-raw-v1,validation,cuda,float32,64,gpt2_dynamical_edge_normal,af125240938fafbe41b2eb787f4e20ef303ef173,"[1, 128, 768]",inputs_embeds,paper_style_feedback_dynamics,gpt2,0.0002891520853154361,direct,fixed_random,-13.195206642150879,-13.195455551147461,1.0,4,128,2884.472900390625,0.10865581035614014,0,final_hidden,2026-07-10T15:01:49.654902+00:00,nonpad_flattened,gpt2
62208,64,4,16,main,wikitext,wikitext-2-raw-v1,validation,cuda,float32,64,gpt2_dynamical_edge_normal,af125240938fafbe41b2eb787f4e20ef303ef173,"[1, 128, 768]",inputs_embeds,paper_style_feedback_dynamics,gpt2,0.0002743291843216866,direct,fixed_random,-13.195056915283203,-13.195206642150879,1.0,4,128,2884.4736328125,0.06642769277095795,1,final_hidden,2026-07-10T15:01:49.654902+00:00,nonpad_flattened,gpt2
62208,64,4,16,main,wikitext,wikitext-2-raw-v1,validation,cuda,float32,64,gpt2_dynamical_edge_normal,af125240938fafbe41b2eb787f4e20ef303ef173,"[1, 128, 768]",inputs_embeds,paper_style_feedback_dynamics,gpt2,0.0002820517693180591,direct,fixed_random,-13.194965362548828,-13.195056915283203,1.0,4,128,2884.474853515625,0.0404667891561985,2,final_hidden,2026-07-10T15:01:49.654902+00:00,nonpad_flattened,gpt2
62208,64,4,16,main,wikitext,wikitext-2-raw-v1,validation,cuda,float32,64,gpt2_dynamical_edge_normal,af125240938fafbe41b2eb787f4e20ef303ef173,"[1, 128, 768]",inputs_embeds,paper_style_feedback_dynamics,gpt2,0.00026883938699029386,direct,fixed_random,-13.194913864135742,-13.194965362548828,1.0,4,128,2884.4755859375,0.024640366435050964,3,final_hidden,2026-07-10T15:01:49.654902+00:00,nonpad_flattened,gpt2
62208,64,4,16,main,wikitext,wikitext-2-raw-v1,validation,cuda,float32,64,gpt2_dynamical_edge_normal,af125240938fafbe41b2eb787f4e20ef303ef173,"[1, 128, 768]",inputs_embeds,paper_style_feedback_dynamics,gpt2,0.0002933381183538586,direct,fixed_random,-13.194881439208984,-13.194913864135742,1.0,4,128,2884.476318359375,0.014967135153710842,4,final_hidden,2026-07-10T15:01:49.654902+00:00,nonpad_flattened,gpt2
62208,64,4,16,main,wikitext,wikitext-2-raw-v1,validation,cuda,float32,64,gpt2_dynamical_edge_normal,af125240938fafbe41b2eb787f4e20ef303ef173,"[1, 128, 768]",inputs_embeds,paper_style_feedback_dynamics,gpt2,0.00027311695157550275,direct,fixed_random,-13.194860458374023,-13.194881439208984,1.0,4,128,2884.4765625,0.009104800410568714,5,final_hidden,2026-07-10T15:01:49.654902+00:00,nonpad_flattened,gpt2
62208,64,4,16,main,wikitext,wikitext-2-raw-v1,validation,cuda,float32,64,gpt2_dynamical_edge_normal,af125240938fafbe41b2eb787f4e20ef303ef173,"[1, 128, 768]",inputs_embeds,paper_style_feedback_dynamics,gpt2,0.0003085106727667153,direct,fixed_random,-13.194849014282227,-13.194860458374023,1.0,4,128,2884.47705078125,0.005511588882654905,6,final_hidden,2026-07-10T15:01:49.654902+00:00,nonpad_flattened,gpt2
62208,64,4,16,main,wikitext,wikitext-2-raw-v1,validation,cuda,float32,64,gpt2_dynamical_edge_normal,af125240938fafbe41b2eb787f4e20ef303ef173,"[1, 128, 768]",inputs_embeds,paper_style_feedback_dynamics,gpt2,0.0003052938845939934,direct,fixed_random,-13.194845199584961,-13.194849014282227,1.0,4,128,2884.4775390625,0.003341826843097806,7,final_hidden,2026-07-10T15:01:49.654902+00:00,nonpad_flattened,gpt2
62208,64,4,16,main,wikitext,wikitext-2-raw-v1,validation,cuda,float32,64,gpt2_dynamical_edge_normal,af125240938fafbe41b2eb787f4e20ef303ef173,"[1, 128, 768]",inputs_embeds,paper_style_feedback_dynamics,gpt2,0.00027979628066532314,direct,fixed_random,-13.194840431213379,-13.194845199584961,1.0,4,128,2884.4775390625,0.0020498677622526884,8,final_hidden,2026-07-10T15:01:49.654902+00:00,nonpad_flattened,gpt2
62208,64,4,16,main,wikitext,wikitext-2-raw-v1,validation,cuda,float32,64,gpt2_dynamical_edge_normal,af125240938fafbe41b2eb787f4e20ef303ef173,"[1, 128, 768]",inputs_embeds,paper_style_feedback_dynamics,gpt2,0.0002817212953232229,direct,fixed_random,-13.194835662841797,-13.194840431213379,1.0,4,128,2884.477783203125,0.001225134590640664,9,final_hidden,2026-07-10T15:01:49.654902+00:00,nonpad_flattened,gpt2
62208,64,4,16,main,wikitext,wikitext-2-raw-v1,validation,cuda,float32,64,gpt2_dynamical_edge_normal,af125240938fafbe41b2eb787f4e20ef303ef173,"[1, 128, 768]",inputs_embeds,paper_style_feedback_dynamics,gpt2,0.0003020204312633723,direct,fixed_random,-13.194833755493164,-13.194835662841797,1.0,4,128,2884.477783203125,0.0007638862589374185,10,final_hidden,2026-07-10T15:01:49.654902+00:00,nonpad_flattened,gpt2
62208,64,4,16,main,wikitext,wikitext-2-raw-v1,validation,cuda,float32,64,gpt2_dynamical_edge_normal,af125240938fafbe41b2eb787f4e20ef303ef173,"[1, 128, 768]",inputs_embeds,paper_style_feedback_dynamics,gpt2,0.0002939628320746124,direct,fixed_random,-13.194831848144531,-13.194833755493164,1.0,4,128,2884.47802734375,0.0005258293240331113,11,final_hidden,2026-07-10T15:01:49.654902+00:00,nonpad_flattened,gpt2
62208,64,4,16,main,wikitext,wikitext-2-raw-v1,validation,cuda,float32,64,gpt2_dynamical_edge_normal,af125240938fafbe41b2eb787f4e20ef303ef173,"[1, 128, 768]",inputs_embeds,paper_style_feedback_dynamics,gpt2,0.00028873755945824087,direct,fixed_random,-13.194828033447266,-13.194831848144531,1.0,4,128,2884.477783203125,0.0003722750989254564,12,final_hidden,2026-07-10T15:01:49.654902+00:00,nonpad_flattened,gpt2
62208,64,4,16,main,wikitext,wikitext-2-raw-v1,validation,cuda,float32,64,gpt2_dynamical_edge_normal,af125240938fafbe41b2eb787f4e20ef303ef173,"[1, 128, 768]",inputs_embeds,paper_style_feedback_dynamics,gpt2,0.00029467378044500947,direct,fixed_random,-13.194830894470215,-13.194828033447266,1.0,4,128,2884.477783203125,0.00028171605663374066,13,final_hidden,2026-07-10T15:01:49.654902+00:00,nonpad_flattened,gpt2
62208,64,4,16,main,wikitext,wikitext-2-raw-v1,validation,cuda,float32,64,gpt2_dynamical_edge_normal,af125240938fafbe41b2eb787f4e20ef303ef173,"[1, 128, 768]",inputs_embeds,paper_style_feedback_dynamics,gpt2,0.00028517103055492043,direct,fixed_random,-13.194829940795898,-13.194830894470215,1.0,4,128,2884.477783203125,0.00025062583154067397,14,final_hidden,2026-07-10T15:01:49.654902+00:00,nonpad_flattened,gpt2
62208,64,4,16,main,wikitext,wikitext-2-raw-v1,validation,cuda,float32,64,gpt2_dynamical_edge_normal,af125240938fafbe41b2eb787f4e20ef303ef173,"[1, 128, 768]",inputs_embeds,paper_style_feedback_dynamics,gpt2,0.00026859669014811516,direct,fixed_random,-13.194829940795898,-13.194829940795898,1.0,4,128,2884.477783203125,0.00023379090998787433,15,final_hidden,2026-07-10T15:01:49.654902+00:00,nonpad_flattened,gpt2
62208,64,4,16,main,wikitext,wikitext-2-raw-v1,validation,cuda,float32,64,gpt2_dynamical_edge_normal,af125240938fafbe41b2eb787f4e20ef303ef173,"[1, 128, 768]",inputs_embeds,paper_style_feedback_dynamics,gpt2,0.0002940454869531095,direct,fixed_random,-13.194829940795898,-13.194829940795898,1.0,4,128,2884.477783203125,0.0002251647674711421,16,final_hidden,2026-07-10T15:01:49.654902+00:00,nonpad_flattened,gpt2
62208,64,4,16,main,wikitext,wikitext-2-raw-v1,validation,cuda,float32,64,gpt2_dynamical_edge_normal,af125240938fafbe41b2eb787f4e20ef303ef173,"[1, 128, 768]",inputs_embeds,paper_style_feedback_dynamics,gpt2,0.000289075484033674,direct,fixed_random,-13.194828033447266,-13.194829940795898,1.0,4,128,2884.47802734375,0.0002211397368228063,17,final_hidden,2026-07-10T15:01:49.654902+00:00,nonpad_flattened,gpt2
62208,64,4,16,main,wikitext,wikitext-2-raw-v1,validation,cuda,float32,64,gpt2_dynamical_edge_normal,af125240938fafbe41b2eb787f4e20ef303ef173,"[1, 128, 768]",inputs_embeds,paper_style_feedback_dynamics,gpt2,0.00027414242504164577,direct,fixed_random,-13.194828033447266,-13.194828033447266,1.0,4,128,2884.477783203125,0.0002176178095396608,18,final_hidden,2026-07-10T15:01:49.654902+00:00,nonpad_flattened,gpt2
62208,64,4,16,main,wikitext,wikitext-2-raw-v1,validation,cuda,float32,64,gpt2_dynamical_edge_normal,af125240938fafbe41b2eb787f4e20ef303ef173,"[1, 128, 768]",inputs_embeds,paper_style_feedback_dynamics,gpt2,0.0002901630359701812,direct,fixed_random,-13.194828033447266,-13.194828033447266,1.0,4,128,2884.477783203125,0.00020863363170064986,19,final_hidden,2026-07-10T15:01:49.654902+00:00,nonpad_flattened,gpt2
62208,64,4,16,main,wikitext,wikitext-2-raw-v1,validation,cuda,float32,64,gpt2_dynamical_edge_normal,af125240938fafbe41b2eb787f4e20ef303ef173,"[1, 128, 768]",inputs_embeds,paper_style_feedback_dynamics,gpt2,0.00022813717077951878,direct,fixed_random,-13.194828987121582,-13.194828033447266,1.0,4,128,2884.47802734375,0.0002244519564555958,20,final_hidden,2026-07-10T15:01:49.654902+00:00,nonpad_flattened,gpt2
62208,64,4,16,main,wikitext,wikitext-2-raw-v1,validation,cuda,float32,64,gpt2_dynamical_edge_normal,af125240938fafbe41b2eb787f4e20ef303ef173,"[1, 128, 768]",inputs_embeds,paper_style_feedback_dynamics,gpt2,0.0002531583304516971,direct,fixed_random,-13.194829940795898,-13.194828987121582,1.0,4,128,2884.47802734375,0.00020974400104023516,21,final_hidden,2026-07-10T15:01:49.654902+00:00,nonpad_flattened,gpt2
62208,64,4,16,main,wikitext,wikitext-2-raw-v1,validation,cuda,float32,64,gpt2_dynamical_edge_normal,af125240938fafbe41b2eb787f4e20ef303ef173,"[1, 128, 768]",inputs_embeds,paper_style_feedback_dynamics,gpt2,0.00028359421412460506,direct,fixed_random,-13.194828033447266,-13.194829940795898,1.0,4,128,2884.47802734375,0.00021620950428768992,22,final_hidden,2026-07-10T15:01:49.654902+00:00,nonpad_flattened,gpt2
62208,64,4,16,main,wikitext,wikitext-2-raw-v1,validation,cuda,float32,64,gpt2_dynamical_edge_normal,af125240938fafbe41b2eb787f4e20ef303ef173,"[1, 128, 768]",inputs_embeds,paper_style_feedback_dynamics,gpt2,0.0002930080227088183,direct,fixed_random,-13.194828987121582,-13.194828033447266,1.0,4,128,2884.47802734375,0.00021665453095920384,23,final_hidden,2026-07-10T15:01:49.654902+00:00,nonpad_flattened,gpt2
62208,64,4,16,main,wikitext,wikitext-2-raw-v1,validation,cuda,float32,64,gpt2_dynamical_edge_normal,af125240938fafbe41b2eb787f4e20ef303ef173,"[1, 128, 768]",inputs_embeds,paper_style_feedback_dynamics,gpt2,0.00027444030274637043,direct,fixed_random,-13.194831848144531,-13.194828987121582,1.0,4,128,2884.47802734375,0.0002178220311179757,24,final_hidden,2026-07-10T15:01:49.654902+00:00,nonpad_flattened,gpt2
62208,64,4,16,main,wikitext,wikitext-2-raw-v1,validation,cuda,float32,64,gpt2_dynamical_edge_normal,af125240938fafbe41b2eb787f4e20ef303ef173,"[1, 128, 768]",inputs_embeds,paper_style_feedback_dynamics,gpt2,0.000309840717818588,direct,fixed_random,-13.194828033447266,-13.194831848144531,1.0,4,128,2884.477783203125,0.0002439455856801942,25,final_hidden,2026-07-10T15:01:49.654902+00:00,nonpad_flattened,gpt2
62208,64,4,16,main,wikitext,wikitext-2-raw-v1,validation,cuda,float32,64,gpt2_dynamical_edge_normal,af125240938fafbe41b2eb787f4e20ef303ef173,"[1, 128, 768]",inputs_embeds,paper_style_feedback_dynamics,gpt2,0.0002868461888283491,direct,fixed_random,-13.194829940795898,-13.194828033447266,1.0,4,128,2884.47802734375,0.0002469539176672697,26,final_hidden,2026-07-10T15:01:49.654902+00:00,nonpad_flattened,gpt2
62208,64,4,16,main,wikitext,wikitext-2-raw-v1,validation,cuda,float32,64,gpt2_dynamical_edge_normal,af125240938fafbe41b2eb787f4e20ef303ef173,"[1, 128, 768]",inputs_embeds,paper_style_feedback_dynamics,gpt2,0.00029204561724327505,direct,fixed_random,-13.194828033447266,-13.194829940795898,1.0,4,128,2884.47802734375,0.00023028877330943942,27,final_hidden,2026-07-10T15:01:49.654902+00:00,nonpad_flattened,gpt2
62208,64,4,16,main,wikitext,wikitext-2-raw-v1,validation,cuda,float32,64,gpt2_dynamical_edge_normal,af125240938fafbe41b2eb787f4e20ef303ef173,"[1, 128, 768]",inputs_embeds,paper_style_feedback_dynamics,gpt2,0.0002831618767231703,direct,fixed_random,-13.194828987121582,-13.194828033447266,1.0,4,128,2884.477783203125,0.0002313129953108728,28,final_hidden,2026-07-10T15:01:49.654902+00:00,nonpad_flattened,gpt2
62208,64,4,16,main,wikitext,wikitext-2-raw-v1,validation,cuda,float32,64,gpt2_dynamical_edge_normal,af125240938fafbe41b2eb787f4e20ef303ef173,"[1, 128, 768]",inputs_embeds,paper_style_feedback_dynamics,gpt2,0.00027940678410232067,direct,fixed_random,-13.194828033447266,-13.194828987121582,1.0,4,128,2884.47802734375,0.00023293314734473825,29,final_hidden,2026-07-10T15:01:49.654902+00:00,nonpad_flattened,gpt2
62208,64,4,16,main,wikitext,wikitext-2-raw-v1,validation,cuda,float32,64,gpt2_dynamical_edge_normal,af125240938fafbe41b2eb787f4e20ef303ef173,"[1, 128, 768]",inputs_embeds,paper_style_feedback_dynamics,gpt2,0.0002900854160543531,direct,fixed_random,-13.194828033447266,-13.194828033447266,1.0,4,128,2884.477783203125,0.00023731065448373556,30,final_hidden,2026-07-10T15:01:49.654902+00:00,nonpad_flattened,gpt2
62208,64,4,16,main,wikitext,wikitext-2-raw-v1,validation,cuda,float32,64,gpt2_dynamical_edge_normal,af125240938fafbe41b2eb787f4e20ef303ef173,"[1, 128, 768]",inputs_embeds,paper_style_feedback_dynamics,gpt2,0.00033268137485720217,direct,fixed_random,-13.194828033447266,-13.194828033447266,1.0,4,128,2884.47802734375,0.00022533467563334852,31,final_hidden,2026-07-10T15:01:49.654902+00:00,nonpad_flattened,gpt2
62208,64,4,16,main,wikitext,wikitext-2-raw-v1,validation,cuda,float32,64,gpt2_dynamical_edge_normal,af125240938fafbe41b2eb787f4e20ef303ef173,"[1, 128, 768]",inputs_embeds,paper_style_feedback_dynamics,gpt2,0.0002772568550426513,direct,fixed_random,-13.194828033447266,-13.194828033447266,1.0,4,128,2884.47802734375,0.00026082320255227387,32,final_hidden,2026-07-10T15:01:49.654902+00:00,nonpad_flattened,gpt2
62208,64,4,16,main,wikitext,wikitext-2-raw-v1,validation,cuda,float32,64,gpt2_dynamical_edge_normal,af125240938fafbe41b2eb787f4e20ef303ef173,"[1, 128, 768]",inputs_embeds,paper_style_feedback_dynamics,gpt2,0.00028718970133922994,direct,fixed_random,-13.19482707977295,-13.194828033447266,1.0,4,128,2884.47802734375,0.0002469642204232514,33,final_hidden,2026-07-10T15:01:49.654902+00:00,nonpad_flattened,gpt2
62208,64,4,16,main,wikitext,wikitext-2-raw-v1,validation,cuda,float32,64,gpt2_dynamical_edge_normal,af125240938fafbe41b2eb787f4e20ef303ef173,"[1, 128, 768]",inputs_embeds,paper_style_feedback_dynamics,gpt2,0.00029537026421166956,direct,fixed_random,-13.194829940795898,-13.19482707977295,1.0,4,128,2884.47802734375,0.00022351603547576815,34,final_hidden,2026-07-10T15:01:49.654902+00:00,nonpad_flattened,gpt2
62208,64,4,16,main,wikitext,wikitext-2-raw-v1,validation,cuda,float32,64,gpt2_dynamical_edge_normal,af125240938fafbe41b2eb787f4e20ef303ef173,"[1, 128, 768]",inputs_embeds,paper_style_feedback_dynamics,gpt2,0.00027817965019494295,direct,fixed_random,-13.194828033447266,-13.194829940795898,1.0,4,128,2884.47802734375,0.00022809703659731895,35,final_hidden,2026-07-10T15:01:49.654902+00:00,nonpad_flattened,gpt2
62208,64,4,16,main,wikitext,wikitext-2-raw-v1,validation,cuda,float32,64,gpt2_dynamical_edge_normal,af125240938fafbe41b2eb787f4e20ef303ef173,"[1, 128, 768]",inputs_embeds,paper_style_feedback_dynamics,gpt2,0.0002732939610723406,direct,fixed_random,-13.194828987121582,-13.194828033447266,1.0,4,128,2884.477783203125,0.0002186736965086311,36,final_hidden,2026-07-10T15:01:49.654902+00:00,nonpad_flattened,gpt2
62208,64,4,16,main,wikitext,wikitext-2-raw-v1,validation,cuda,float32,64,gpt2_dynamical_edge_normal,af125240938fafbe41b2eb787f4e20ef303ef173,"[1, 128, 768]",inputs_embeds,paper_style_feedback_dynamics,gpt2,0.0002994767564814538,direct,fixed_random,-13.194829940795898,-13.194828987121582,1.0,4,128,2884.477783203125,0.00023580472043249756,37,final_hidden,2026-07-10T15:01:49.654902+00:00,nonpad_flattened,gpt2
62208,64,4,16,main,wikitext,wikitext-2-raw-v1,validation,cuda,float32,64,gpt2_dynamical_edge_normal,af125240938fafbe41b2eb787f4e20ef303ef173,"[1, 128, 768]",inputs_embeds,paper_style_feedback_dynamics,gpt2,0.0002738334587775171,direct,fixed_random,-13.194829940795898,-13.194829940795898,1.0,4,128,2884.477783203125,0.00024393413332290947,38,final_hidden,2026-07-10T15:01:49.654902+00:00,nonpad_flattened,gpt2
62208,64,4,16,main,wikitext,wikitext-2-raw-v1,validation,cuda,float32,64,gpt2_dynamical_edge_normal,af125240938fafbe41b2eb787f4e20ef303ef173,"[1, 128, 768]",inputs_embeds,paper_style_feedback_dynamics,gpt2,0.00024805249995552003,direct,fixed_random,-13.194829940795898,-13.194829940795898,1.0,4,128,2884.47802734375,0.0002532065846025944,39,final_hidden,2026-07-10T15:01:49.654902+00:00,nonpad_flattened,gpt2
62208,64,4,16,main,wikitext,wikitext-2-raw-v1,validation,cuda,float32,64,gpt2_dynamical_edge_normal,af125240938fafbe41b2eb787f4e20ef303ef173,"[1, 128, 768]",inputs_embeds,paper_style_feedback_dynamics,gpt2,0.0002657150325831026,direct,fixed_random,-13.194829940795898,-13.194829940795898,1.0,4,128,2884.47802734375,0.0002481341944076121,40,final_hidden,2026-07-10T15:01:49.654902+00:00,nonpad_flattened,gpt2
62208,64,4,16,main,wikitext,wikitext-2-raw-v1,validation,cuda,float32,64,gpt2_dynamical_edge_normal,af125240938fafbe41b2eb787f4e20ef303ef173,"[1, 128, 768]",inputs_embeds,paper_style_feedback_dynamics,gpt2,0.0002541480353102088,direct,fixed_random,-13.194828033447266,-13.194829940795898,1.0,4,128,2884.477783203125,0.00024021662829909474,41,final_hidden,2026-07-10T15:01:49.654902+00:00,nonpad_flattened,gpt2
62208,64,4,16,main,wikitext,wikitext-2-raw-v1,validation,cuda,float32,64,gpt2_dynamical_edge_normal,af125240938fafbe41b2eb787f4e20ef303ef173,"[1, 128, 768]",inputs_embeds,paper_style_feedback_dynamics,gpt2,0.00026011813315562904,direct,fixed_random,-13.194829940795898,-13.194828033447266,1.0,4,128,2884.477783203125,0.0002314777666470036,42,final_hidden,2026-07-10T15:01:49.654902+00:00,nonpad_flattened,gpt2
62208,64,4,16,main,wikitext,wikitext-2-raw-v1,validation,cuda,float32,64,gpt2_dynamical_edge_normal,af125240938fafbe41b2eb787f4e20ef303ef173,"[1, 128, 768]",inputs_embeds,paper_style_feedback_dynamics,gpt2,0.0002932373317889869,direct,fixed_random,-13.194828033447266,-13.194829940795898,1.0,4,128,2884.477783203125,0.00022375976550392807,43,final_hidden,2026-07-10T15:01:49.654902+00:00,nonpad_flattened,gpt2
62208,64,4,16,main,wikitext,wikitext-2-raw-v1,validation,cuda,float32,64,gpt2_dynamical_edge_normal,af125240938fafbe41b2eb787f4e20ef303ef173,"[1, 128, 768]",inputs_embeds,paper_style_feedback_dynamics,gpt2,0.0002908018359448761,direct,fixed_random,-13.194829940795898,-13.194828033447266,1.0,4,128,2884.477783203125,0.00024450101773254573,44,final_hidden,2026-07-10T15:01:49.654902+00:00,nonpad_flattened,gpt2
62208,64,4,16,main,wikitext,wikitext-2-raw-v1,validation,cuda,float32,64,gpt2_dynamical_edge_normal,af125240938fafbe41b2eb787f4e20ef303ef173,"[1, 128, 768]",inputs_embeds,paper_style_feedback_dynamics,gpt2,0.00030657529714517295,direct,fixed_random,-13.194831848144531,-13.194829940795898,1.0,4,128,2884.477783203125,0.00022816158889327198,45,final_hidden,2026-07-10T15:01:49.654902+00:00,nonpad_flattened,gpt2
62208,64,4,16,main,wikitext,wikitext-2-raw-v1,validation,cuda,float32,64,gpt2_dynamical_edge_normal,af125240938fafbe41b2eb787f4e20ef303ef173,"[1, 128, 768]",inputs_embeds,paper_style_feedback_dynamics,gpt2,0.00029107541195116937,direct,fixed_random,-13.194829940795898,-13.194831848144531,1.0,4,128,2884.47802734375,0.0002311826538061723,46,final_hidden,2026-07-10T15:01:49.654902+00:00,nonpad_flattened,gpt2
62208,64,4,16,main,wikitext,wikitext-2-raw-v1,validation,cuda,float32,64,gpt2_dynamical_edge_normal,af125240938fafbe41b2eb787f4e20ef303ef173,"[1, 128, 768]",inputs_embeds,paper_style_feedback_dynamics,gpt2,0.0003041474847123027,direct,fixed_random,-13.194829940795898,-13.194829940795898,1.0,4,128,2884.477783203125,0.00026118388632312417,47,final_hidden,2026-07-10T15:01:49.654902+00:00,nonpad_flattened,gpt2
62208,64,4,16,main,wikitext,wikitext-2-raw-v1,validation,cuda,float32,64,gpt2_dynamical_edge_normal,af125240938fafbe41b2eb787f4e20ef303ef173,"[1, 128, 768]",inputs_embeds,paper_style_feedback_dynamics,gpt2,0.00027040409622713923,direct,fixed_random,-13.194828033447266,-13.194829940795898,1.0,4,128,2884.477783203125,0.00021723542886320502,48,final_hidden,2026-07-10T15:01:49.654902+00:00,nonpad_flattened,gpt2
62208,64,4,16,main,wikitext,wikitext-2-raw-v1,validation,cuda,float32,64,gpt2_dynamical_edge_normal,af125240938fafbe41b2eb787f4e20ef303ef173,"[1, 128, 768]",inputs_embeds,paper_style_feedback_dynamics,gpt2,0.0002981262805406004,direct,fixed_random,-13.194829940795898,-13.194828033447266,1.0,4,128,2884.477783203125,0.0002352692827116698,49,final_hidden,2026-07-10T15:01:49.654902+00:00,nonpad_flattened,gpt2
62208,64,4,16,main,wikitext,wikitext-2-raw-v1,validation,cuda,float32,64,gpt2_dynamical_edge_normal,af125240938fafbe41b2eb787f4e20ef303ef173,"[1, 128, 768]",inputs_embeds,paper_style_feedback_dynamics,gpt2,0.00027996927383355796,direct,fixed_random,-13.194829940795898,-13.194829940795898,1.0,4,128,2884.477783203125,0.000259488559095189,50,final_hidden,2026-07-10T15:01:49.654902+00:00,nonpad_flattened,gpt2
62208,64,4,16,main,wikitext,wikitext-2-raw-v1,validation,cuda,float32,64,gpt2_dynamical_edge_normal,af125240938fafbe41b2eb787f4e20ef303ef173,"[1, 128, 768]",inputs_embeds,paper_style_feedback_dynamics,gpt2,0.000251732359174639,direct,fixed_random,-13.194829940795898,-13.194829940795898,1.0,4,128,2884.477783203125,0.00022895884467288852,51,final_hidden,2026-07-10T15:01:49.654902+00:00,nonpad_flattened,gpt2
62208,64,4,16,main,wikitext,wikitext-2-raw-v1,validation,cuda,float32,64,gpt2_dynamical_edge_normal,af125240938fafbe41b2eb787f4e20ef303ef173,"[1, 128, 768]",inputs_embeds,paper_style_feedback_dynamics,gpt2,0.0002745523815974593,direct,fixed_random,-13.194829940795898,-13.194829940795898,1.0,4,128,2884.47802734375,0.00022664264542981982,52,final_hidden,2026-07-10T15:01:49.654902+00:00,nonpad_flattened,gpt2
62208,64,4,16,main,wikitext,wikitext-2-raw-v1,validation,cuda,float32,64,gpt2_dynamical_edge_normal,af125240938fafbe41b2eb787f4e20ef303ef173,"[1, 128, 768]",inputs_embeds,paper_style_feedback_dynamics,gpt2,0.0003152047283947468,direct,fixed_random,-13.194829940795898,-13.194829940795898,1.0,4,128,2884.47802734375,0.0002446929574944079,53,final_hidden,2026-07-10T15:01:49.654902+00:00,nonpad_flattened,gpt2
62208,64,4,16,main,wikitext,wikitext-2-raw-v1,validation,cuda,float32,64,gpt2_dynamical_edge_normal,af125240938fafbe41b2eb787f4e20ef303ef173,"[1, 128, 768]",inputs_embeds,paper_style_feedback_dynamics,gpt2,0.00029398652259260416,direct,fixed_random,-13.194828033447266,-13.194829940795898,1.0,4,128,2884.477783203125,0.00023958765086717904,54,final_hidden,2026-07-10T15:01:49.654902+00:00,nonpad_flattened,gpt2
62208,64,4,16,main,wikitext,wikitext-2-raw-v1,validation,cuda,float32,64,gpt2_dynamical_edge_normal,af125240938fafbe41b2eb787f4e20ef303ef173,"[1, 128, 768]",inputs_embeds,paper_style_feedback_dynamics,gpt2,0.00027878143009729683,direct,fixed_random,-13.194826126098633,-13.194828033447266,1.0,4,128,2884.477783203125,0.00020017827046103776,55,final_hidden,2026-07-10T15:01:49.654902+00:00,nonpad_flattened,gpt2
62208,64,4,16,main,wikitext,wikitext-2-raw-v1,validation,cuda,float32,64,gpt2_dynamical_edge_normal,af125240938fafbe41b2eb787f4e20ef303ef173,"[1, 128, 768]",inputs_embeds,paper_style_feedback_dynamics,gpt2,0.00030003339634276927,direct,fixed_random,-13.194828987121582,-13.194826126098633,1.0,4,128,2884.477783203125,0.00020741562184412032,56,final_hidden,2026-07-10T15:01:49.654902+00:00,nonpad_flattened,gpt2
62208,64,4,16,main,wikitext,wikitext-2-raw-v1,validation,cuda,float32,64,gpt2_dynamical_edge_normal,af125240938fafbe41b2eb787f4e20ef303ef173,"[1, 128, 768]",inputs_embeds,paper_style_feedback_dynamics,gpt2,0.0002729386033024639,direct,fixed_random,-13.194828987121582,-13.194828987121582,1.0,4,128,2884.47802734375,0.00023058416263666004,57,final_hidden,2026-07-10T15:01:49.654902+00:00,nonpad_flattened,gpt2
62208,64,4,16,main,wikitext,wikitext-2-raw-v1,validation,cuda,float32,64,gpt2_dynamical_edge_normal,af125240938fafbe41b2eb787f4e20ef303ef173,"[1, 128, 768]",inputs_embeds,paper_style_feedback_dynamics,gpt2,0.0002910070470534265,direct,fixed_random,-13.194829940795898,-13.194828987121582,1.0,4,128,2884.47802734375,0.00023365402012132108,58,final_hidden,2026-07-10T15:01:49.654902+00:00,nonpad_flattened,gpt2
62208,64,4,16,main,wikitext,wikitext-2-raw-v1,validation,cuda,float32,64,gpt2_dynamical_edge_normal,af125240938fafbe41b2eb787f4e20ef303ef173,"[1, 128, 768]",inputs_embeds,paper_style_feedback_dynamics,gpt2,0.0002959334524348378,direct,fixed_random,-13.194829940795898,-13.194829940795898,1.0,4,128,2884.477783203125,0.00021486749756149948,59,final_hidden,2026-07-10T15:01:49.654902+00:00,nonpad_flattened,gpt2
62208,64,4,16,main,wikitext,wikitext-2-raw-v1,validation,cuda,float32,64,gpt2_dynamical_edge_normal,af125240938fafbe41b2eb787f4e20ef303ef173,"[1, 128, 768]",inputs_embeds,paper_style_feedback_dynamics,gpt2,0.00026483647525310516,direct,fixed_random,-13.194829940795898,-13.194829940795898,1.0,4,128,2884.477783203125,0.00022841115423943847,60,final_hidden,2026-07-10T15:01:49.654902+00:00,nonpad_flattened,gpt2
62208,64,4,16,main,wikitext,wikitext-2-raw-v1,validation,cuda,float32,64,gpt2_dynamical_edge_normal,af125240938fafbe41b2eb787f4e20ef303ef173,"[1, 128, 768]",inputs_embeds,paper_style_feedback_dynamics,gpt2,0.000268640840658918,direct,fixed_random,-13.194831848144531,-13.194829940795898,1.0,4,128,2884.477783203125,0.00021670608839485794,61,final_hidden,2026-07-10T15:01:49.654902+00:00,nonpad_flattened,gpt2
62208,64,4,16,main,wikitext,wikitext-2-raw-v1,validation,cuda,float32,64,gpt2_dynamical_edge_normal,af125240938fafbe41b2eb787f4e20ef303ef173,"[1, 128, 768]",inputs_embeds,paper_style_feedback_dynamics,gpt2,0.0002823825925588608,direct,fixed_random,-13.194829940795898,-13.194831848144531,1.0,4,128,2884.477783203125,0.00022591586457565427,62,final_hidden,2026-07-10T15:01:49.654902+00:00,nonpad_flattened,gpt2
52992,64,5,16,main,wikitext,wikitext-2-raw-v1,validation,cuda,float32,64,gpt2_dynamical_edge_normal,af125240938fafbe41b2eb787f4e20ef303ef173,"[1, 128, 768]",inputs_embeds,paper_style_feedback_dynamics,gpt2,0.00024755875347182155,direct,fixed_random,-14.206758499145508,-14.206719398498535,1.0,5,128,2661.682373046875,0.10513323545455933,0,final_hidden,2026-07-10T15:01:49.654902+00:00,nonpad_flattened,gpt2
52992,64,5,16,main,wikitext,wikitext-2-raw-v1,validation,cuda,float32,64,gpt2_dynamical_edge_normal,af125240938fafbe41b2eb787f4e20ef303ef173,"[1, 128, 768]",inputs_embeds,paper_style_feedback_dynamics,gpt2,0.00025411639944650233,direct,fixed_random,-14.206785202026367,-14.206758499145508,1.0,5,128,2661.68310546875,0.06394895911216736,1,final_hidden,2026-07-10T15:01:49.654902+00:00,nonpad_flattened,gpt2
52992,64,5,16,main,wikitext,wikitext-2-raw-v1,validation,cuda,float32,64,gpt2_dynamical_edge_normal,af125240938fafbe41b2eb787f4e20ef303ef173,"[1, 128, 768]",inputs_embeds,paper_style_feedback_dynamics,gpt2,0.0002859864616766572,direct,fixed_random,-14.206795692443848,-14.206785202026367,1.0,5,128,2661.684326171875,0.03881383687257767,2,final_hidden,2026-07-10T15:01:49.654902+00:00,nonpad_flattened,gpt2
52992,64,5,16,main,wikitext,wikitext-2-raw-v1,validation,cuda,float32,64,gpt2_dynamical_edge_normal,af125240938fafbe41b2eb787f4e20ef303ef173,"[1, 128, 768]",inputs_embeds,paper_style_feedback_dynamics,gpt2,0.00025677692610770464,direct,fixed_random,-14.206804275512695,-14.206795692443848,1.0,5,128,2661.685302734375,0.023533418774604797,3,final_hidden,2026-07-10T15:01:49.654902+00:00,nonpad_flattened,gpt2
52992,64,5,16,main,wikitext,wikitext-2-raw-v1,validation,cuda,float32,64,gpt2_dynamical_edge_normal,af125240938fafbe41b2eb787f4e20ef303ef173,"[1, 128, 768]",inputs_embeds,paper_style_feedback_dynamics,gpt2,0.00024153637059498578,direct,fixed_random,-14.206811904907227,-14.206804275512695,1.0,5,128,2661.68603515625,0.014232728630304337,4,final_hidden,2026-07-10T15:01:49.654902+00:00,nonpad_flattened,gpt2
52992,64,5,16,main,wikitext,wikitext-2-raw-v1,validation,cuda,float32,64,gpt2_dynamical_edge_normal,af125240938fafbe41b2eb787f4e20ef303ef173,"[1, 128, 768]",inputs_embeds,paper_style_feedback_dynamics,gpt2,0.0002516739477869123,direct,fixed_random,-14.206817626953125,-14.206811904907227,1.0,5,128,2661.6865234375,0.008612249977886677,5,final_hidden,2026-07-10T15:01:49.654902+00:00,nonpad_flattened,gpt2
52992,64,5,16,main,wikitext,wikitext-2-raw-v1,validation,cuda,float32,64,gpt2_dynamical_edge_normal,af125240938fafbe41b2eb787f4e20ef303ef173,"[1, 128, 768]",inputs_embeds,paper_style_feedback_dynamics,gpt2,0.0002676267467904836,direct,fixed_random,-14.206820487976074,-14.206817626953125,1.0,5,128,2661.686767578125,0.005201706662774086,6,final_hidden,2026-07-10T15:01:49.654902+00:00,nonpad_flattened,gpt2
52992,64,5,16,main,wikitext,wikitext-2-raw-v1,validation,cuda,float32,64,gpt2_dynamical_edge_normal,af125240938fafbe41b2eb787f4e20ef303ef173,"[1, 128, 768]",inputs_embeds,paper_style_feedback_dynamics,gpt2,0.0002918037062045187,direct,fixed_random,-14.206823348999023,-14.206820487976074,1.0,5,128,2661.68701171875,0.0031586966942995787,7,final_hidden,2026-07-10T15:01:49.654902+00:00,nonpad_flattened,gpt2
52992,64,5,16,main,wikitext,wikitext-2-raw-v1,validation,cuda,float32,64,gpt2_dynamical_edge_normal,af125240938fafbe41b2eb787f4e20ef303ef173,"[1, 128, 768]",inputs_embeds,paper_style_feedback_dynamics,gpt2,0.0003027571947313845,direct,fixed_random,-14.206825256347656,-14.206823348999023,1.0,5,128,2661.687255859375,0.0018936123233288527,8,final_hidden,2026-07-10T15:01:49.654902+00:00,nonpad_flattened,gpt2
52992,64,5,16,main,wikitext,wikitext-2-raw-v1,validation,cuda,float32,64,gpt2_dynamical_edge_normal,af125240938fafbe41b2eb787f4e20ef303ef173,"[1, 128, 768]",inputs_embeds,paper_style_feedback_dynamics,gpt2,0.0002549822092987597,direct,fixed_random,-14.206825256347656,-14.206825256347656,1.0,5,128,2661.687255859375,0.001154223456978798,9,final_hidden,2026-07-10T15:01:49.654902+00:00,nonpad_flattened,gpt2
52992,64,5,16,main,wikitext,wikitext-2-raw-v1,validation,cuda,float32,64,gpt2_dynamical_edge_normal,af125240938fafbe41b2eb787f4e20ef303ef173,"[1, 128, 768]",inputs_embeds,paper_style_feedback_dynamics,gpt2,0.00026109282043762505,direct,fixed_random,-14.20682430267334,-14.206825256347656,1.0,5,128,2661.687255859375,0.000726628873962909,10,final_hidden,2026-07-10T15:01:49.654902+00:00,nonpad_flattened,gpt2
52992,64,5,16,main,wikitext,wikitext-2-raw-v1,validation,cuda,float32,64,gpt2_dynamical_edge_normal,af125240938fafbe41b2eb787f4e20ef303ef173,"[1, 128, 768]",inputs_embeds,paper_style_feedback_dynamics,gpt2,0.0002455857174936682,direct,fixed_random,-14.206825256347656,-14.20682430267334,1.0,5,128,2661.6875,0.0004813413543161005,11,final_hidden,2026-07-10T15:01:49.654902+00:00,nonpad_flattened,gpt2
52992,64,5,16,main,wikitext,wikitext-2-raw-v1,validation,cuda,float32,64,gpt2_dynamical_edge_normal,af125240938fafbe41b2eb787f4e20ef303ef173,"[1, 128, 768]",inputs_embeds,paper_style_feedback_dynamics,gpt2,0.00025427385116927326,direct,fixed_random,-14.20682430267334,-14.206825256347656,1.0,5,128,2661.687255859375,0.00033052952494472265,12,final_hidden,2026-07-10T15:01:49.654902+00:00,nonpad_flattened,gpt2
52992,64,5,16,main,wikitext,wikitext-2-raw-v1,validation,cuda,float32,64,gpt2_dynamical_edge_normal,af125240938fafbe41b2eb787f4e20ef303ef173,"[1, 128, 768]",inputs_embeds,paper_style_feedback_dynamics,gpt2,0.00026177926338277757,direct,fixed_random,-14.206823348999023,-14.20682430267334,1.0,5,128,2661.6875,0.0002705303195398301,13,final_hidden,2026-07-10T15:01:49.654902+00:00,nonpad_flattened,gpt2
52992,64,5,16,main,wikitext,wikitext-2-raw-v1,validation,cuda,float32,64,gpt2_dynamical_edge_normal,af125240938fafbe41b2eb787f4e20ef303ef173,"[1, 128, 768]",inputs_embeds,paper_style_feedback_dynamics,gpt2,0.0002622513275127858,direct,fixed_random,-14.206825256347656,-14.206823348999023,1.0,5,128,2661.687255859375,0.00021403424034360796,14,final_hidden,2026-07-10T15:01:49.654902+00:00,nonpad_flattened,gpt2
52992,64,5,16,main,wikitext,wikitext-2-raw-v1,validation,cuda,float32,64,gpt2_dynamical_edge_normal,af125240938fafbe41b2eb787f4e20ef303ef173,"[1, 128, 768]",inputs_embeds,paper_style_feedback_dynamics,gpt2,0.00024986485368572176,direct,fixed_random,-14.20682430267334,-14.206825256347656,1.0,5,128,2661.6875,0.00023366168898064643,15,final_hidden,2026-07-10T15:01:49.654902+00:00,nonpad_flattened,gpt2
52992,64,5,16,main,wikitext,wikitext-2-raw-v1,validation,cuda,float32,64,gpt2_dynamical_edge_normal,af125240938fafbe41b2eb787f4e20ef303ef173,"[1, 128, 768]",inputs_embeds,paper_style_feedback_dynamics,gpt2,0.0002512321516405791,direct,fixed_random,-14.206823348999023,-14.20682430267334,1.0,5,128,2661.6875,0.0002253034763270989,16,final_hidden,2026-07-10T15:01:49.654902+00:00,nonpad_flattened,gpt2
52992,64,5,16,main,wikitext,wikitext-2-raw-v1,validation,cuda,float32,64,gpt2_dynamical_edge_normal,af125240938fafbe41b2eb787f4e20ef303ef173,"[1, 128, 768]",inputs_embeds,paper_style_feedback_dynamics,gpt2,0.00026784100919030607,direct,fixed_random,-14.206823348999023,-14.206823348999023,1.0,5,128,2661.6875,0.00020107148156967014,17,final_hidden,2026-07-10T15:01:49.654902+00:00,nonpad_flattened,gpt2
52992,64,5,16,main,wikitext,wikitext-2-raw-v1,validation,cuda,float32,64,gpt2_dynamical_edge_normal,af125240938fafbe41b2eb787f4e20ef303ef173,"[1, 128, 768]",inputs_embeds,paper_style_feedback_dynamics,gpt2,0.0002477975795045495,direct,fixed_random,-14.206823348999023,-14.206823348999023,1.0,5,128,2661.6875,0.000204928481252864,18,final_hidden,2026-07-10T15:01:49.654902+00:00,nonpad_flattened,gpt2
52992,64,5,16,main,wikitext,wikitext-2-raw-v1,validation,cuda,float32,64,gpt2_dynamical_edge_normal,af125240938fafbe41b2eb787f4e20ef303ef173,"[1, 128, 768]",inputs_embeds,paper_style_feedback_dynamics,gpt2,0.0002545023162383586,direct,fixed_random,-14.206822395324707,-14.206823348999023,1.0,5,128,2661.6875,0.000211084567126818,19,final_hidden,2026-07-10T15:01:49.654902+00:00,nonpad_flattened,gpt2
52992,64,5,16,main,wikitext,wikitext-2-raw-v1,validation,cuda,float32,64,gpt2_dynamical_edge_normal,af125240938fafbe41b2eb787f4e20ef303ef173,"[1, 128, 768]",inputs_embeds,paper_style_feedback_dynamics,gpt2,0.0002458107192069292,direct,fixed_random,-14.206825256347656,-14.206822395324707,1.0,5,128,2661.6875,0.00020995807426515967,20,final_hidden,2026-07-10T15:01:49.654902+00:00,nonpad_flattened,gpt2
52992,64,5,16,main,wikitext,wikitext-2-raw-v1,validation,cuda,float32,64,gpt2_dynamical_edge_normal,af125240938fafbe41b2eb787f4e20ef303ef173,"[1, 128, 768]",inputs_embeds,paper_style_feedback_dynamics,gpt2,0.0002575848193373531,direct,fixed_random,-14.20682430267334,-14.206825256347656,1.0,5,128,2661.6875,0.00022036366863176227,21,final_hidden,2026-07-10T15:01:49.654902+00:00,nonpad_flattened,gpt2
52992,64,5,16,main,wikitext,wikitext-2-raw-v1,validation,cuda,float32,64,gpt2_dynamical_edge_normal,af125240938fafbe41b2eb787f4e20ef303ef173,"[1, 128, 768]",inputs_embeds,paper_style_feedback_dynamics,gpt2,0.00025724057923071086,direct,fixed_random,-14.206825256347656,-14.20682430267334,1.0,5,128,2661.6875,0.00021636624296661466,22,final_hidden,2026-07-10T15:01:49.654902+00:00,nonpad_flattened,gpt2
52992,64,5,16,main,wikitext,wikitext-2-raw-v1,validation,cuda,float32,64,gpt2_dynamical_edge_normal,af125240938fafbe41b2eb787f4e20ef303ef173,"[1, 128, 768]",inputs_embeds,paper_style_feedback_dynamics,gpt2,0.00028948558610863984,direct,fixed_random,-14.206825256347656,-14.206825256347656,1.0,5,128,2661.6875,0.0002347450499655679,23,final_hidden,2026-07-10T15:01:49.654902+00:00,nonpad_flattened,gpt2
52992,64,5,16,main,wikitext,wikitext-2-raw-v1,validation,cuda,float32,64,gpt2_dynamical_edge_normal,af125240938fafbe41b2eb787f4e20ef303ef173,"[1, 128, 768]",inputs_embeds,paper_style_feedback_dynamics,gpt2,0.000283160392427817,direct,fixed_random,-14.206826210021973,-14.206825256347656,1.0,5,128,2661.6875,0.00023326880182139575,24,final_hidden,2026-07-10T15:01:49.654902+00:00,nonpad_flattened,gpt2
52992,64,5,16,main,wikitext,wikitext-2-raw-v1,validation,cuda,float32,64,gpt2_dynamical_edge_normal,af125240938fafbe41b2eb787f4e20ef303ef173,"[1, 128, 768]",inputs_embeds,paper_style_feedback_dynamics,gpt2,0.00026440538931638,direct,fixed_random,-14.20682430267334,-14.206826210021973,1.0,5,128,2661.6875,0.00020063432748429477,25,final_hidden,2026-07-10T15:01:49.654902+00:00,nonpad_flattened,gpt2
52992,64,5,16,main,wikitext,wikitext-2-raw-v1,validation,cuda,float32,64,gpt2_dynamical_edge_normal,af125240938fafbe41b2eb787f4e20ef303ef173,"[1, 128, 768]",inputs_embeds,paper_style_feedback_dynamics,gpt2,0.00027224855148233473,direct,fixed_random,-14.206823348999023,-14.20682430267334,1.0,5,128,2661.6875,0.00021738068608101457,26,final_hidden,2026-07-10T15:01:49.654902+00:00,nonpad_flattened,gpt2
52992,64,5,16,main,wikitext,wikitext-2-raw-v1,validation,cuda,float32,64,gpt2_dynamical_edge_normal,af125240938fafbe41b2eb787f4e20ef303ef173,"[1, 128, 768]",inputs_embeds,paper_style_feedback_dynamics,gpt2,0.00028009689413011074,direct,fixed_random,-14.206826210021973,-14.206823348999023,1.0,5,128,2661.6875,0.00020199546997901052,27,final_hidden,2026-07-10T15:01:49.654902+00:00,nonpad_flattened,gpt2
52992,64,5,16,main,wikitext,wikitext-2-raw-v1,validation,cuda,float32,64,gpt2_dynamical_edge_normal,af125240938fafbe41b2eb787f4e20ef303ef173,"[1, 128, 768]",inputs_embeds,paper_style_feedback_dynamics,gpt2,0.00026502349646762013,direct,fixed_random,-14.206823348999023,-14.206826210021973,1.0,5,128,2661.6875,0.0002060258120764047,28,final_hidden,2026-07-10T15:01:49.654902+00:00,nonpad_flattened,gpt2
52992,64,5,16,main,wikitext,wikitext-2-raw-v1,validation,cuda,float32,64,gpt2_dynamical_edge_normal,af125240938fafbe41b2eb787f4e20ef303ef173,"[1, 128, 768]",inputs_embeds,paper_style_feedback_dynamics,gpt2,0.00026764918584376574,direct,fixed_random,-14.20682430267334,-14.206823348999023,1.0,5,128,2661.6875,0.00019850935495924205,29,final_hidden,2026-07-10T15:01:49.654902+00:00,nonpad_flattened,gpt2
52992,64,5,16,main,wikitext,wikitext-2-raw-v1,validation,cuda,float32,64,gpt2_dynamical_edge_normal,af125240938fafbe41b2eb787f4e20ef303ef173,"[1, 128, 768]",inputs_embeds,paper_style_feedback_dynamics,gpt2,0.00027699049678631127,direct,fixed_random,-14.206823348999023,-14.20682430267334,1.0,5,128,2661.6875,0.00017622494488023221,30,final_hidden,2026-07-10T15:01:49.654902+00:00,nonpad_flattened,gpt2
52992,64,5,16,main,wikitext,wikitext-2-raw-v1,validation,cuda,float32,64,gpt2_dynamical_edge_normal,af125240938fafbe41b2eb787f4e20ef303ef173,"[1, 128, 768]",inputs_embeds,paper_style_feedback_dynamics,gpt2,0.0002548683260101825,direct,fixed_random,-14.206826210021973,-14.206823348999023,1.0,5,128,2661.6875,0.0002069891052087769,31,final_hidden,2026-07-10T15:01:49.654902+00:00,nonpad_flattened,gpt2
52992,64,5,16,main,wikitext,wikitext-2-raw-v1,validation,cuda,float32,64,gpt2_dynamical_edge_normal,af125240938fafbe41b2eb787f4e20ef303ef173,"[1, 128, 768]",inputs_embeds,paper_style_feedback_dynamics,gpt2,0.00029071958852000535,direct,fixed_random,-14.206823348999023,-14.206826210021973,1.0,5,128,2661.6875,0.00023085194698069245,32,final_hidden,2026-07-10T15:01:49.654902+00:00,nonpad_flattened,gpt2
52992,64,5,16,main,wikitext,wikitext-2-raw-v1,validation,cuda,float32,64,gpt2_dynamical_edge_normal,af125240938fafbe41b2eb787f4e20ef303ef173,"[1, 128, 768]",inputs_embeds,paper_style_feedback_dynamics,gpt2,0.0002693684946279973,direct,fixed_random,-14.206825256347656,-14.206823348999023,1.0,5,128,2661.6875,0.00022507726680487394,33,final_hidden,2026-07-10T15:01:49.654902+00:00,nonpad_flattened,gpt2
52992,64,5,16,main,wikitext,wikitext-2-raw-v1,validation,cuda,float32,64,gpt2_dynamical_edge_normal,af125240938fafbe41b2eb787f4e20ef303ef173,"[1, 128, 768]",inputs_embeds,paper_style_feedback_dynamics,gpt2,0.00026649440405890346,direct,fixed_random,-14.206823348999023,-14.206825256347656,1.0,5,128,2661.6875,0.00022563406673725694,34,final_hidden,2026-07-10T15:01:49.654902+00:00,nonpad_flattened,gpt2
52992,64,5,16,main,wikitext,wikitext-2-raw-v1,validation,cuda,float32,64,gpt2_dynamical_edge_normal,af125240938fafbe41b2eb787f4e20ef303ef173,"[1, 128, 768]",inputs_embeds,paper_style_feedback_dynamics,gpt2,0.0002600920561235398,direct,fixed_random,-14.206825256347656,-14.206823348999023,1.0,5,128,2661.6875,0.00023153760412242264,35,final_hidden,2026-07-10T15:01:49.654902+00:00,nonpad_flattened,gpt2
52992,64,5,16,main,wikitext,wikitext-2-raw-v1,validation,cuda,float32,64,gpt2_dynamical_edge_normal,af125240938fafbe41b2eb787f4e20ef303ef173,"[1, 128, 768]",inputs_embeds,paper_style_feedback_dynamics,gpt2,0.00026622461155056953,direct,fixed_random,-14.206825256347656,-14.206825256347656,1.0,5,128,2661.6875,0.00020720050088129938,36,final_hidden,2026-07-10T15:01:49.654902+00:00,nonpad_flattened,gpt2
52992,64,5,16,main,wikitext,wikitext-2-raw-v1,validation,cuda,float32,64,gpt2_dynamical_edge_normal,af125240938fafbe41b2eb787f4e20ef303ef173,"[1, 128, 768]",inputs_embeds,paper_style_feedback_dynamics,gpt2,0.0002578175626695156,direct,fixed_random,-14.206825256347656,-14.206825256347656,1.0,5,128,2661.6875,0.0001906260586110875,37,final_hidden,2026-07-10T15:01:49.654902+00:00,nonpad_flattened,gpt2
52992,64,5,16,main,wikitext,wikitext-2-raw-v1,validation,cuda,float32,64,gpt2_dynamical_edge_normal,af125240938fafbe41b2eb787f4e20ef303ef173,"[1, 128, 768]",inputs_embeds,paper_style_feedback_dynamics,gpt2,0.00027263356605544686,direct,fixed_random,-14.206823348999023,-14.206825256347656,1.0,5,128,2661.6875,0.0002172477834392339,38,final_hidden,2026-07-10T15:01:49.654902+00:00,nonpad_flattened,gpt2
52992,64,5,16,main,wikitext,wikitext-2-raw-v1,validation,cuda,float32,64,gpt2_dynamical_edge_normal,af125240938fafbe41b2eb787f4e20ef303ef173,"[1, 128, 768]",inputs_embeds,paper_style_feedback_dynamics,gpt2,0.0002791736915241927,direct,fixed_random,-14.206823348999023,-14.206823348999023,1.0,5,128,2661.6875,0.00022936062305234373,39,final_hidden,2026-07-10T15:01:49.654902+00:00,nonpad_flattened,gpt2
52992,64,5,16,main,wikitext,wikitext-2-raw-v1,validation,cuda,float32,64,gpt2_dynamical_edge_normal,af125240938fafbe41b2eb787f4e20ef303ef173,"[1, 128, 768]",inputs_embeds,paper_style_feedback_dynamics,gpt2,0.00028552027652040124,direct,fixed_random,-14.20682430267334,-14.206823348999023,1.0,5,128,2661.6875,0.00020972549100406468,40,final_hidden,2026-07-10T15:01:49.654902+00:00,nonpad_flattened,gpt2
52992,64,5,16,main,wikitext,wikitext-2-raw-v1,validation,cuda,float32,64,gpt2_dynamical_edge_normal,af125240938fafbe41b2eb787f4e20ef303ef173,"[1, 128, 768]",inputs_embeds,paper_style_feedback_dynamics,gpt2,0.000278308434644714,direct,fixed_random,-14.206823348999023,-14.20682430267334,1.0,5,128,2661.6875,0.00020916282664984465,41,final_hidden,2026-07-10T15:01:49.654902+00:00,nonpad_flattened,gpt2
52992,64,5,16,main,wikitext,wikitext-2-raw-v1,validation,cuda,float32,64,gpt2_dynamical_edge_normal,af125240938fafbe41b2eb787f4e20ef303ef173,"[1, 128, 768]",inputs_embeds,paper_style_feedback_dynamics,gpt2,0.00025916946469806135,direct,fixed_random,-14.20682430267334,-14.206823348999023,1.0,5,128,2661.6875,0.00020482005493249744,42,final_hidden,2026-07-10T15:01:49.654902+00:00,nonpad_flattened,gpt2
52992,64,5,16,main,wikitext,wikitext-2-raw-v1,validation,cuda,float32,64,gpt2_dynamical_edge_normal,af125240938fafbe41b2eb787f4e20ef303ef173,"[1, 128, 768]",inputs_embeds,paper_style_feedback_dynamics,gpt2,0.0002976053801830858,direct,fixed_random,-14.206825256347656,-14.20682430267334,1.0,5,128,2661.6875,0.00023371909628622234,43,final_hidden,2026-07-10T15:01:49.654902+00:00,nonpad_flattened,gpt2
52992,64,5,16,main,wikitext,wikitext-2-raw-v1,validation,cuda,float32,64,gpt2_dynamical_edge_normal,af125240938fafbe41b2eb787f4e20ef303ef173,"[1, 128, 768]",inputs_embeds,paper_style_feedback_dynamics,gpt2,0.0002831076562870294,direct,fixed_random,-14.20682430267334,-14.206825256347656,1.0,5,128,2661.6875,0.00023668062931392342,44,final_hidden,2026-07-10T15:01:49.654902+00:00,nonpad_flattened,gpt2
52992,64,5,16,main,wikitext,wikitext-2-raw-v1,validation,cuda,float32,64,gpt2_dynamical_edge_normal,af125240938fafbe41b2eb787f4e20ef303ef173,"[1, 128, 768]",inputs_embeds,paper_style_feedback_dynamics,gpt2,0.00028980724164284766,direct,fixed_random,-14.206825256347656,-14.20682430267334,1.0,5,128,2661.6875,0.00023742397024761885,45,final_hidden,2026-07-10T15:01:49.654902+00:00,nonpad_flattened,gpt2
52992,64,5,16,main,wikitext,wikitext-2-raw-v1,validation,cuda,float32,64,gpt2_dynamical_edge_normal,af125240938fafbe41b2eb787f4e20ef303ef173,"[1, 128, 768]",inputs_embeds,paper_style_feedback_dynamics,gpt2,0.0002678780583664775,direct,fixed_random,-14.20682430267334,-14.206825256347656,1.0,5,128,2661.6875,0.00022515372256748378,46,final_hidden,2026-07-10T15:01:49.654902+00:00,nonpad_flattened,gpt2
52992,64,5,16,main,wikitext,wikitext-2-raw-v1,validation,cuda,float32,64,gpt2_dynamical_edge_normal,af125240938fafbe41b2eb787f4e20ef303ef173,"[1, 128, 768]",inputs_embeds,paper_style_feedback_dynamics,gpt2,0.000264814036199823,direct,fixed_random,-14.20682430267334,-14.20682430267334,1.0,5,128,2661.6875,0.00021074715186841786,47,final_hidden,2026-07-10T15:01:49.654902+00:00,nonpad_flattened,gpt2
52992,64,5,16,main,wikitext,wikitext-2-raw-v1,validation,cuda,float32,64,gpt2_dynamical_edge_normal,af125240938fafbe41b2eb787f4e20ef303ef173,"[1, 128, 768]",inputs_embeds,paper_style_feedback_dynamics,gpt2,0.0002811082813423127,direct,fixed_random,-14.20682430267334,-14.20682430267334,1.0,5,128,2661.6875,0.0002213973057223484,48,final_hidden,2026-07-10T15:01:49.654902+00:00,nonpad_flattened,gpt2
52992,64,5,16,main,wikitext,wikitext-2-raw-v1,validation,cuda,float32,64,gpt2_dynamical_edge_normal,af125240938fafbe41b2eb787f4e20ef303ef173,"[1, 128, 768]",inputs_embeds,paper_style_feedback_dynamics,gpt2,0.00029426845139823854,direct,fixed_random,-14.206825256347656,-14.20682430267334,1.0,5,128,2661.6875,0.00022609425650443882,49,final_hidden,2026-07-10T15:01:49.654902+00:00,nonpad_flattened,gpt2
52992,64,5,16,main,wikitext,wikitext-2-raw-v1,validation,cuda,float32,64,gpt2_dynamical_edge_normal,af125240938fafbe41b2eb787f4e20ef303ef173,"[1, 128, 768]",inputs_embeds,paper_style_feedback_dynamics,gpt2,0.00025102091603912413,direct,fixed_random,-14.206825256347656,-14.206825256347656,1.0,5,128,2661.6875,0.0002187169884564355,50,final_hidden,2026-07-10T15:01:49.654902+00:00,nonpad_flattened,gpt2
52992,64,5,16,main,wikitext,wikitext-2-raw-v1,validation,cuda,float32,64,gpt2_dynamical_edge_normal,af125240938fafbe41b2eb787f4e20ef303ef173,"[1, 128, 768]",inputs_embeds,paper_style_feedback_dynamics,gpt2,0.0002763842057902366,direct,fixed_random,-14.206825256347656,-14.206825256347656,1.0,5,128,2661.6875,0.0002342888037674129,51,final_hidden,2026-07-10T15:01:49.654902+00:00,nonpad_flattened,gpt2
52992,64,5,16,main,wikitext,wikitext-2-raw-v1,validation,cuda,float32,64,gpt2_dynamical_edge_normal,af125240938fafbe41b2eb787f4e20ef303ef173,"[1, 128, 768]",inputs_embeds,paper_style_feedback_dynamics,gpt2,0.00026567824534140527,direct,fixed_random,-14.206822395324707,-14.206825256347656,1.0,5,128,2661.6875,0.00022263613936956972,52,final_hidden,2026-07-10T15:01:49.654902+00:00,nonpad_flattened,gpt2
52992,64,5,16,main,wikitext,wikitext-2-raw-v1,validation,cuda,float32,64,gpt2_dynamical_edge_normal,af125240938fafbe41b2eb787f4e20ef303ef173,"[1, 128, 768]",inputs_embeds,paper_style_feedback_dynamics,gpt2,0.0002576057449914515,direct,fixed_random,-14.206823348999023,-14.206822395324707,1.0,5,128,2661.6875,0.0002201394090661779,53,final_hidden,2026-07-10T15:01:49.654902+00:00,nonpad_flattened,gpt2
52992,64,5,16,main,wikitext,wikitext-2-raw-v1,validation,cuda,float32,64,gpt2_dynamical_edge_normal,af125240938fafbe41b2eb787f4e20ef303ef173,"[1, 128, 768]",inputs_embeds,paper_style_feedback_dynamics,gpt2,0.00024812022456899285,direct,fixed_random,-14.20682430267334,-14.206823348999023,1.0,5,128,2661.6875,0.00021316752827260643,54,final_hidden,2026-07-10T15:01:49.654902+00:00,nonpad_flattened,gpt2
52992,64,5,16,main,wikitext,wikitext-2-raw-v1,validation,cuda,float32,64,gpt2_dynamical_edge_normal,af125240938fafbe41b2eb787f4e20ef303ef173,"[1, 128, 768]",inputs_embeds,paper_style_feedback_dynamics,gpt2,0.0002389668661635369,direct,fixed_random,-14.206822395324707,-14.20682430267334,1.0,5,128,2661.6875,0.00020411373407114297,55,final_hidden,2026-07-10T15:01:49.654902+00:00,nonpad_flattened,gpt2
52992,64,5,16,main,wikitext,wikitext-2-raw-v1,validation,cuda,float32,64,gpt2_dynamical_edge_normal,af125240938fafbe41b2eb787f4e20ef303ef173,"[1, 128, 768]",inputs_embeds,paper_style_feedback_dynamics,gpt2,0.0002701384946703911,direct,fixed_random,-14.206822395324707,-14.206822395324707,1.0,5,128,2661.6875,0.0002176453999709338,56,final_hidden,2026-07-10T15:01:49.654902+00:00,nonpad_flattened,gpt2
52992,64,5,16,main,wikitext,wikitext-2-raw-v1,validation,cuda,float32,64,gpt2_dynamical_edge_normal,af125240938fafbe41b2eb787f4e20ef303ef173,"[1, 128, 768]",inputs_embeds,paper_style_feedback_dynamics,gpt2,0.0002590638760011643,direct,fixed_random,-14.206822395324707,-14.206822395324707,1.0,5,128,2661.6875,0.00022554438328370452,57,final_hidden,2026-07-10T15:01:49.654902+00:00,nonpad_flattened,gpt2
52992,64,5,16,main,wikitext,wikitext-2-raw-v1,validation,cuda,float32,64,gpt2_dynamical_edge_normal,af125240938fafbe41b2eb787f4e20ef303ef173,"[1, 128, 768]",inputs_embeds,paper_style_feedback_dynamics,gpt2,0.0002544127346482128,direct,fixed_random,-14.206825256347656,-14.206822395324707,1.0,5,128,2661.6875,0.00022385384363587946,58,final_hidden,2026-07-10T15:01:49.654902+00:00,nonpad_flattened,gpt2
52992,64,5,16,main,wikitext,wikitext-2-raw-v1,validation,cuda,float32,64,gpt2_dynamical_edge_normal,af125240938fafbe41b2eb787f4e20ef303ef173,"[1, 128, 768]",inputs_embeds,paper_style_feedback_dynamics,gpt2,0.00026999213150702417,direct,fixed_random,-14.206823348999023,-14.206825256347656,1.0,5,128,2661.6875,0.00021369596652220935,59,final_hidden,2026-07-10T15:01:49.654902+00:00,nonpad_flattened,gpt2
52992,64,5,16,main,wikitext,wikitext-2-raw-v1,validation,cuda,float32,64,gpt2_dynamical_edge_normal,af125240938fafbe41b2eb787f4e20ef303ef173,"[1, 128, 768]",inputs_embeds,paper_style_feedback_dynamics,gpt2,0.000266865361481905,direct,fixed_random,-14.206826210021973,-14.206823348999023,1.0,5,128,2661.6875,0.00019908914691768587,60,final_hidden,2026-07-10T15:01:49.654902+00:00,nonpad_flattened,gpt2
52992,64,5,16,main,wikitext,wikitext-2-raw-v1,validation,cuda,float32,64,gpt2_dynamical_edge_normal,af125240938fafbe41b2eb787f4e20ef303ef173,"[1, 128, 768]",inputs_embeds,paper_style_feedback_dynamics,gpt2,0.000243362010223791,direct,fixed_random,-14.206823348999023,-14.206826210021973,1.0,5,128,2661.6875,0.00023559563851449639,61,final_hidden,2026-07-10T15:01:49.654902+00:00,nonpad_flattened,gpt2
52992,64,5,16,main,wikitext,wikitext-2-raw-v1,validation,cuda,float32,64,gpt2_dynamical_edge_normal,af125240938fafbe41b2eb787f4e20ef303ef173,"[1, 128, 768]",inputs_embeds,paper_style_feedback_dynamics,gpt2,0.0002533158112782985,direct,fixed_random,-14.206825256347656,-14.206823348999023,1.0,5,128,2661.6875,0.0002133005764335394,62,final_hidden,2026-07-10T15:01:49.654902+00:00,nonpad_flattened,gpt2
46080,64,6,16,main,wikitext,wikitext-2-raw-v1,validation,cuda,float32,64,gpt2_dynamical_edge_normal,af125240938fafbe41b2eb787f4e20ef303ef173,"[1, 128, 768]",inputs_embeds,paper_style_feedback_dynamics,gpt2,0.00022543760132975876,direct,fixed_random,5.772320747375488,5.7720112800598145,1.0,6,128,2481.6259765625,0.09721681475639343,0,final_hidden,2026-07-10T15:01:49.654902+00:00,nonpad_flattened,gpt2
46080,64,6,16,main,wikitext,wikitext-2-raw-v1,validation,cuda,float32,64,gpt2_dynamical_edge_normal,af125240938fafbe41b2eb787f4e20ef303ef173,"[1, 128, 768]",inputs_embeds,paper_style_feedback_dynamics,gpt2,0.0002567939809523523,direct,fixed_random,5.7725067138671875,5.772320747375488,1.0,6,128,2481.62646484375,0.05927254632115364,1,final_hidden,2026-07-10T15:01:49.654902+00:00,nonpad_flattened,gpt2
46080,64,6,16,main,wikitext,wikitext-2-raw-v1,validation,cuda,float32,64,gpt2_dynamical_edge_normal,af125240938fafbe41b2eb787f4e20ef303ef173,"[1, 128, 768]",inputs_embeds,paper_style_feedback_dynamics,gpt2,0.00023806765966583043,direct,fixed_random,5.772619247436523,5.7725067138671875,1.0,6,128,2481.627685546875,0.0360323041677475,2,final_hidden,2026-07-10T15:01:49.654902+00:00,nonpad_flattened,gpt2
46080,64,6,16,main,wikitext,wikitext-2-raw-v1,validation,cuda,float32,64,gpt2_dynamical_edge_normal,af125240938fafbe41b2eb787f4e20ef303ef173,"[1, 128, 768]",inputs_embeds,paper_style_feedback_dynamics,gpt2,0.0002162903838325292,direct,fixed_random,5.772691249847412,5.772619247436523,1.0,6,128,2481.62841796875,0.021871745586395264,3,final_hidden,2026-07-10T15:01:49.654902+00:00,nonpad_flattened,gpt2
46080,64,6,16,main,wikitext,wikitext-2-raw-v1,validation,cuda,float32,64,gpt2_dynamical_edge_normal,af125240938fafbe41b2eb787f4e20ef303ef173,"[1, 128, 768]",inputs_embeds,paper_style_feedback_dynamics,gpt2,0.00022299704141914845,direct,fixed_random,5.772733688354492,5.772691249847412,1.0,6,128,2481.62939453125,0.013240993022918701,4,final_hidden,2026-07-10T15:01:49.654902+00:00,nonpad_flattened,gpt2
46080,64,6,16,main,wikitext,wikitext-2-raw-v1,validation,cuda,float32,64,gpt2_dynamical_edge_normal,af125240938fafbe41b2eb787f4e20ef303ef173,"[1, 128, 768]",inputs_embeds,paper_style_feedback_dynamics,gpt2,0.0002347576228203252,direct,fixed_random,5.772760391235352,5.772733688354492,1.0,6,128,2481.629638671875,0.008052458055317402,5,final_hidden,2026-07-10T15:01:49.654902+00:00,nonpad_flattened,gpt2
46080,64,6,16,main,wikitext,wikitext-2-raw-v1,validation,cuda,float32,64,gpt2_dynamical_edge_normal,af125240938fafbe41b2eb787f4e20ef303ef173,"[1, 128, 768]",inputs_embeds,paper_style_feedback_dynamics,gpt2,0.0002506031305529177,direct,fixed_random,5.772774696350098,5.772760391235352,1.0,6,128,2481.630126953125,0.004841593559831381,6,final_hidden,2026-07-10T15:01:49.654902+00:00,nonpad_flattened,gpt2
46080,64,6,16,main,wikitext,wikitext-2-raw-v1,validation,cuda,float32,64,gpt2_dynamical_edge_normal,af125240938fafbe41b2eb787f4e20ef303ef173,"[1, 128, 768]",inputs_embeds,paper_style_feedback_dynamics,gpt2,0.0002474119537509978,direct,fixed_random,5.772784233093262,5.772774696350098,1.0,6,128,2481.63037109375,0.0029242325108498335,7,final_hidden,2026-07-10T15:01:49.654902+00:00,nonpad_flattened,gpt2
46080,64,6,16,main,wikitext,wikitext-2-raw-v1,validation,cuda,float32,64,gpt2_dynamical_edge_normal,af125240938fafbe41b2eb787f4e20ef303ef173,"[1, 128, 768]",inputs_embeds,paper_style_feedback_dynamics,gpt2,0.00022482754138763994,direct,fixed_random,5.772791385650635,5.772784233093262,1.0,6,128,2481.63037109375,0.0017783360090106726,8,final_hidden,2026-07-10T15:01:49.654902+00:00,nonpad_flattened,gpt2
46080,64,6,16,main,wikitext,wikitext-2-raw-v1,validation,cuda,float32,64,gpt2_dynamical_edge_normal,af125240938fafbe41b2eb787f4e20ef303ef173,"[1, 128, 768]",inputs_embeds,paper_style_feedback_dynamics,gpt2,0.0002152992965420708,direct,fixed_random,5.7727952003479,5.772791385650635,1.0,6,128,2481.63037109375,0.0010743641760200262,9,final_hidden,2026-07-10T15:01:49.654902+00:00,nonpad_flattened,gpt2
46080,64,6,16,main,wikitext,wikitext-2-raw-v1,validation,cuda,float32,64,gpt2_dynamical_edge_normal,af125240938fafbe41b2eb787f4e20ef303ef173,"[1, 128, 768]",inputs_embeds,paper_style_feedback_dynamics,gpt2,0.00022022408666089177,direct,fixed_random,5.772796630859375,5.7727952003479,1.0,6,128,2481.630615234375,0.0006827085744589567,10,final_hidden,2026-07-10T15:01:49.654902+00:00,nonpad_flattened,gpt2
46080,64,6,16,main,wikitext,wikitext-2-raw-v1,validation,cuda,float32,64,gpt2_dynamical_edge_normal,af125240938fafbe41b2eb787f4e20ef303ef173,"[1, 128, 768]",inputs_embeds,paper_style_feedback_dynamics,gpt2,0.000259005231782794,direct,fixed_random,5.772799491882324,5.772796630859375,1.0,6,128,2481.630615234375,0.00044897355837747455,11,final_hidden,2026-07-10T15:01:49.654902+00:00,nonpad_flattened,gpt2
46080,64,6,16,main,wikitext,wikitext-2-raw-v1,validation,cuda,float32,64,gpt2_dynamical_edge_normal,af125240938fafbe41b2eb787f4e20ef303ef173,"[1, 128, 768]",inputs_embeds,paper_style_feedback_dynamics,gpt2,0.00023573244106955826,direct,fixed_random,5.772800445556641,5.772799491882324,1.0,6,128,2481.630615234375,0.00032763040508143604,12,final_hidden,2026-07-10T15:01:49.654902+00:00,nonpad_flattened,gpt2
46080,64,6,16,main,wikitext,wikitext-2-raw-v1,validation,cuda,float32,64,gpt2_dynamical_edge_normal,af125240938fafbe41b2eb787f4e20ef303ef173,"[1, 128, 768]",inputs_embeds,paper_style_feedback_dynamics,gpt2,0.00023910369782242924,direct,fixed_random,5.772798538208008,5.772800445556641,1.0,6,128,2481.630615234375,0.00025235445355065167,13,final_hidden,2026-07-10T15:01:49.654902+00:00,nonpad_flattened,gpt2
46080,64,6,16,main,wikitext,wikitext-2-raw-v1,validation,cuda,float32,64,gpt2_dynamical_edge_normal,af125240938fafbe41b2eb787f4e20ef303ef173,"[1, 128, 768]",inputs_embeds,paper_style_feedback_dynamics,gpt2,0.00025967133115045726,direct,fixed_random,5.772798538208008,5.772798538208008,1.0,6,128,2481.630615234375,0.0002200806193286553,14,final_hidden,2026-07-10T15:01:49.654902+00:00,nonpad_flattened,gpt2
46080,64,6,16,main,wikitext,wikitext-2-raw-v1,validation,cuda,float32,64,gpt2_dynamical_edge_normal,af125240938fafbe41b2eb787f4e20ef303ef173,"[1, 128, 768]",inputs_embeds,paper_style_feedback_dynamics,gpt2,0.00028793831006623805,direct,fixed_random,5.772799968719482,5.772798538208008,1.0,6,128,2481.63037109375,0.00019515132589731365,15,final_hidden,2026-07-10T15:01:49.654902+00:00,nonpad_flattened,gpt2
46080,64,6,16,main,wikitext,wikitext-2-raw-v1,validation,cuda,float32,64,gpt2_dynamical_edge_normal,af125240938fafbe41b2eb787f4e20ef303ef173,"[1, 128, 768]",inputs_embeds,paper_style_feedback_dynamics,gpt2,0.000270270713372156,direct,fixed_random,5.772798538208008,5.772799968719482,1.0,6,128,2481.63037109375,0.00019395520212128758,16,final_hidden,2026-07-10T15:01:49.654902+00:00,nonpad_flattened,gpt2
46080,64,6,16,main,wikitext,wikitext-2-raw-v1,validation,cuda,float32,64,gpt2_dynamical_edge_normal,af125240938fafbe41b2eb787f4e20ef303ef173,"[1, 128, 768]",inputs_embeds,paper_style_feedback_dynamics,gpt2,0.0002750666462816298,direct,fixed_random,5.772801876068115,5.772798538208008,1.0,6,128,2481.630615234375,0.00020161039719823748,17,final_hidden,2026-07-10T15:01:49.654902+00:00,nonpad_flattened,gpt2
46080,64,6,16,main,wikitext,wikitext-2-raw-v1,validation,cuda,float32,64,gpt2_dynamical_edge_normal,af125240938fafbe41b2eb787f4e20ef303ef173,"[1, 128, 768]",inputs_embeds,paper_style_feedback_dynamics,gpt2,0.0002375943586230278,direct,fixed_random,5.772800922393799,5.772801876068115,1.0,6,128,2481.630615234375,0.0002060524857370183,18,final_hidden,2026-07-10T15:01:49.654902+00:00,nonpad_flattened,gpt2
46080,64,6,16,main,wikitext,wikitext-2-raw-v1,validation,cuda,float32,64,gpt2_dynamical_edge_normal,af125240938fafbe41b2eb787f4e20ef303ef173,"[1, 128, 768]",inputs_embeds,paper_style_feedback_dynamics,gpt2,0.00024342976394109428,direct,fixed_random,5.772800445556641,5.772800922393799,1.0,6,128,2481.630615234375,0.00020001604571007192,19,final_hidden,2026-07-10T15:01:49.654902+00:00,nonpad_flattened,gpt2
46080,64,6,16,main,wikitext,wikitext-2-raw-v1,validation,cuda,float32,64,gpt2_dynamical_edge_normal,af125240938fafbe41b2eb787f4e20ef303ef173,"[1, 128, 768]",inputs_embeds,paper_style_feedback_dynamics,gpt2,0.00022143559181131423,direct,fixed_random,5.772800445556641,5.772800445556641,1.0,6,128,2481.630615234375,0.0001926889963215217,20,final_hidden,2026-07-10T15:01:49.654902+00:00,nonpad_flattened,gpt2
46080,64,6,16,main,wikitext,wikitext-2-raw-v1,validation,cuda,float32,64,gpt2_dynamical_edge_normal,af125240938fafbe41b2eb787f4e20ef303ef173,"[1, 128, 768]",inputs_embeds,paper_style_feedback_dynamics,gpt2,0.0002423829137114808,direct,fixed_random,5.772800445556641,5.772800445556641,1.0,6,128,2481.630615234375,0.00020342739298939705,21,final_hidden,2026-07-10T15:01:49.654902+00:00,nonpad_flattened,gpt2
46080,64,6,16,main,wikitext,wikitext-2-raw-v1,validation,cuda,float32,64,gpt2_dynamical_edge_normal,af125240938fafbe41b2eb787f4e20ef303ef173,"[1, 128, 768]",inputs_embeds,paper_style_feedback_dynamics,gpt2,0.00025366124464198947,direct,fixed_random,5.772800922393799,5.772800445556641,1.0,6,128,2481.630615234375,0.00019298518600407988,22,final_hidden,2026-07-10T15:01:49.654902+00:00,nonpad_flattened,gpt2
46080,64,6,16,main,wikitext,wikitext-2-raw-v1,validation,cuda,float32,64,gpt2_dynamical_edge_normal,af125240938fafbe41b2eb787f4e20ef303ef173,"[1, 128, 768]",inputs_embeds,paper_style_feedback_dynamics,gpt2,0.0002465168363414705,direct,fixed_random,5.772802352905273,5.772800922393799,1.0,6,128,2481.630615234375,0.00020205433247610927,23,final_hidden,2026-07-10T15:01:49.654902+00:00,nonpad_flattened,gpt2
46080,64,6,16,main,wikitext,wikitext-2-raw-v1,validation,cuda,float32,64,gpt2_dynamical_edge_normal,af125240938fafbe41b2eb787f4e20ef303ef173,"[1, 128, 768]",inputs_embeds,paper_style_feedback_dynamics,gpt2,0.00022901679039932787,direct,fixed_random,5.772800445556641,5.772802352905273,1.0,6,128,2481.630615234375,0.0002264281501993537,24,final_hidden,2026-07-10T15:01:49.654902+00:00,nonpad_flattened,gpt2
46080,64,6,16,main,wikitext,wikitext-2-raw-v1,validation,cuda,float32,64,gpt2_dynamical_edge_normal,af125240938fafbe41b2eb787f4e20ef303ef173,"[1, 128, 768]",inputs_embeds,paper_style_feedback_dynamics,gpt2,0.00023347536625806242,direct,fixed_random,5.772800445556641,5.772800445556641,1.0,6,128,2481.630615234375,0.00019176918431185186,25,final_hidden,2026-07-10T15:01:49.654902+00:00,nonpad_flattened,gpt2
46080,64,6,16,main,wikitext,wikitext-2-raw-v1,validation,cuda,float32,64,gpt2_dynamical_edge_normal,af125240938fafbe41b2eb787f4e20ef303ef173,"[1, 128, 768]",inputs_embeds,paper_style_feedback_dynamics,gpt2,0.00024943187600001693,direct,fixed_random,5.772800445556641,5.772800445556641,1.0,6,128,2481.630615234375,0.0001929381105583161,26,final_hidden,2026-07-10T15:01:49.654902+00:00,nonpad_flattened,gpt2
46080,64,6,16,main,wikitext,wikitext-2-raw-v1,validation,cuda,float32,64,gpt2_dynamical_edge_normal,af125240938fafbe41b2eb787f4e20ef303ef173,"[1, 128, 768]",inputs_embeds,paper_style_feedback_dynamics,gpt2,0.0002497497189324349,direct,fixed_random,5.772799968719482,5.772800445556641,1.0,6,128,2481.63037109375,0.0002096538373734802,27,final_hidden,2026-07-10T15:01:49.654902+00:00,nonpad_flattened,gpt2
46080,64,6,16,main,wikitext,wikitext-2-raw-v1,validation,cuda,float32,64,gpt2_dynamical_edge_normal,af125240938fafbe41b2eb787f4e20ef303ef173,"[1, 128, 768]",inputs_embeds,paper_style_feedback_dynamics,gpt2,0.0002472131745889783,direct,fixed_random,5.772800922393799,5.772799968719482,1.0,6,128,2481.630615234375,0.00019263639114797115,28,final_hidden,2026-07-10T15:01:49.654902+00:00,nonpad_flattened,gpt2
46080,64,6,16,main,wikitext,wikitext-2-raw-v1,validation,cuda,float32,64,gpt2_dynamical_edge_normal,af125240938fafbe41b2eb787f4e20ef303ef173,"[1, 128, 768]",inputs_embeds,paper_style_feedback_dynamics,gpt2,0.00026070003514178097,direct,fixed_random,5.772800445556641,5.772800922393799,1.0,6,128,2481.630615234375,0.000194185646250844,29,final_hidden,2026-07-10T15:01:49.654902+00:00,nonpad_flattened,gpt2
46080,64,6,16,main,wikitext,wikitext-2-raw-v1,validation,cuda,float32,64,gpt2_dynamical_edge_normal,af125240938fafbe41b2eb787f4e20ef303ef173,"[1, 128, 768]",inputs_embeds,paper_style_feedback_dynamics,gpt2,0.00022648481535725296,direct,fixed_random,5.772800445556641,5.772800445556641,1.0,6,128,2481.630615234375,0.00018250047287438065,30,final_hidden,2026-07-10T15:01:49.654902+00:00,nonpad_flattened,gpt2
46080,64,6,16,main,wikitext,wikitext-2-raw-v1,validation,cuda,float32,64,gpt2_dynamical_edge_normal,af125240938fafbe41b2eb787f4e20ef303ef173,"[1, 128, 768]",inputs_embeds,paper_style_feedback_dynamics,gpt2,0.00025421439204365015,direct,fixed_random,5.772800445556641,5.772800445556641,1.0,6,128,2481.630615234375,0.00020605679310392588,31,final_hidden,2026-07-10T15:01:49.654902+00:00,nonpad_flattened,gpt2
46080,64,6,16,main,wikitext,wikitext-2-raw-v1,validation,cuda,float32,64,gpt2_dynamical_edge_normal,af125240938fafbe41b2eb787f4e20ef303ef173,"[1, 128, 768]",inputs_embeds,paper_style_feedback_dynamics,gpt2,0.00023682686151005328,direct,fixed_random,5.772801399230957,5.772800445556641,1.0,6,128,2481.630615234375,0.00019185173732694238,32,final_hidden,2026-07-10T15:01:49.654902+00:00,nonpad_flattened,gpt2
46080,64,6,16,main,wikitext,wikitext-2-raw-v1,validation,cuda,float32,64,gpt2_dynamical_edge_normal,af125240938fafbe41b2eb787f4e20ef303ef173,"[1, 128, 768]",inputs_embeds,paper_style_feedback_dynamics,gpt2,0.0002621394523885101,direct,fixed_random,5.772800445556641,5.772801399230957,1.0,6,128,2481.630615234375,0.00022151521989144385,33,final_hidden,2026-07-10T15:01:49.654902+00:00,nonpad_flattened,gpt2
46080,64,6,16,main,wikitext,wikitext-2-raw-v1,validation,cuda,float32,64,gpt2_dynamical_edge_normal,af125240938fafbe41b2eb787f4e20ef303ef173,"[1, 128, 768]",inputs_embeds,paper_style_feedback_dynamics,gpt2,0.00024184645735658705,direct,fixed_random,5.772798538208008,5.772800445556641,1.0,6,128,2481.630615234375,0.00022760800493415445,34,final_hidden,2026-07-10T15:01:49.654902+00:00,nonpad_flattened,gpt2
46080,64,6,16,main,wikitext,wikitext-2-raw-v1,validation,cuda,float32,64,gpt2_dynamical_edge_normal,af125240938fafbe41b2eb787f4e20ef303ef173,"[1, 128, 768]",inputs_embeds,paper_style_feedback_dynamics,gpt2,0.00024265723186545074,direct,fixed_random,5.772800922393799,5.772798538208008,1.0,6,128,2481.630615234375,0.00019472921849228442,35,final_hidden,2026-07-10T15:01:49.654902+00:00,nonpad_flattened,gpt2
46080,64,6,16,main,wikitext,wikitext-2-raw-v1,validation,cuda,float32,64,gpt2_dynamical_edge_normal,af125240938fafbe41b2eb787f4e20ef303ef173,"[1, 128, 768]",inputs_embeds,paper_style_feedback_dynamics,gpt2,0.000267169380094856,direct,fixed_random,5.772801399230957,5.772800922393799,1.0,6,128,2481.630615234375,0.00016225402941927314,36,final_hidden,2026-07-10T15:01:49.654902+00:00,nonpad_flattened,gpt2
46080,64,6,16,main,wikitext,wikitext-2-raw-v1,validation,cuda,float32,64,gpt2_dynamical_edge_normal,af125240938fafbe41b2eb787f4e20ef303ef173,"[1, 128, 768]",inputs_embeds,paper_style_feedback_dynamics,gpt2,0.0002458931121509522,direct,fixed_random,5.772800445556641,5.772801399230957,1.0,6,128,2481.630615234375,0.00018953166727442294,37,final_hidden,2026-07-10T15:01:49.654902+00:00,nonpad_flattened,gpt2
46080,64,6,16,main,wikitext,wikitext-2-raw-v1,validation,cuda,float32,64,gpt2_dynamical_edge_normal,af125240938fafbe41b2eb787f4e20ef303ef173,"[1, 128, 768]",inputs_embeds,paper_style_feedback_dynamics,gpt2,0.00022816793352831155,direct,fixed_random,5.772800922393799,5.772800445556641,1.0,6,128,2481.630615234375,0.00020787911489605904,38,final_hidden,2026-07-10T15:01:49.654902+00:00,nonpad_flattened,gpt2
46080,64,6,16,main,wikitext,wikitext-2-raw-v1,validation,cuda,float32,64,gpt2_dynamical_edge_normal,af125240938fafbe41b2eb787f4e20ef303ef173,"[1, 128, 768]",inputs_embeds,paper_style_feedback_dynamics,gpt2,0.00022801429440733045,direct,fixed_random,5.772800445556641,5.772800922393799,1.0,6,128,2481.630615234375,0.00022189515584614128,39,final_hidden,2026-07-10T15:01:49.654902+00:00,nonpad_flattened,gpt2
46080,64,6,16,main,wikitext,wikitext-2-raw-v1,validation,cuda,float32,64,gpt2_dynamical_edge_normal,af125240938fafbe41b2eb787f4e20ef303ef173,"[1, 128, 768]",inputs_embeds,paper_style_feedback_dynamics,gpt2,0.0002506131713744253,direct,fixed_random,5.772799491882324,5.772800445556641,1.0,6,128,2481.630615234375,0.00019593913748394698,40,final_hidden,2026-07-10T15:01:49.654902+00:00,nonpad_flattened,gpt2
46080,64,6,16,main,wikitext,wikitext-2-raw-v1,validation,cuda,float32,64,gpt2_dynamical_edge_normal,af125240938fafbe41b2eb787f4e20ef303ef173,"[1, 128, 768]",inputs_embeds,paper_style_feedback_dynamics,gpt2,0.000266210176050663,direct,fixed_random,5.772800445556641,5.772799491882324,1.0,6,128,2481.630615234375,0.0001942623930517584,41,final_hidden,2026-07-10T15:01:49.654902+00:00,nonpad_flattened,gpt2
46080,64,6,16,main,wikitext,wikitext-2-raw-v1,validation,cuda,float32,64,gpt2_dynamical_edge_normal,af125240938fafbe41b2eb787f4e20ef303ef173,"[1, 128, 768]",inputs_embeds,paper_style_feedback_dynamics,gpt2,0.0002493004431016743,direct,fixed_random,5.772800922393799,5.772800445556641,1.0,6,128,2481.630615234375,0.00021996429131831974,42,final_hidden,2026-07-10T15:01:49.654902+00:00,nonpad_flattened,gpt2
46080,64,6,16,main,wikitext,wikitext-2-raw-v1,validation,cuda,float32,64,gpt2_dynamical_edge_normal,af125240938fafbe41b2eb787f4e20ef303ef173,"[1, 128, 768]",inputs_embeds,paper_style_feedback_dynamics,gpt2,0.00023674010299146175,direct,fixed_random,5.772800445556641,5.772800922393799,1.0,6,128,2481.630615234375,0.00017553195357322693,43,final_hidden,2026-07-10T15:01:49.654902+00:00,nonpad_flattened,gpt2
46080,64,6,16,main,wikitext,wikitext-2-raw-v1,validation,cuda,float32,64,gpt2_dynamical_edge_normal,af125240938fafbe41b2eb787f4e20ef303ef173,"[1, 128, 768]",inputs_embeds,paper_style_feedback_dynamics,gpt2,0.00022242429258767515,direct,fixed_random,5.772800445556641,5.772800445556641,1.0,6,128,2481.630615234375,0.00021909586212132126,44,final_hidden,2026-07-10T15:01:49.654902+00:00,nonpad_flattened,gpt2
46080,64,6,16,main,wikitext,wikitext-2-raw-v1,validation,cuda,float32,64,gpt2_dynamical_edge_normal,af125240938fafbe41b2eb787f4e20ef303ef173,"[1, 128, 768]",inputs_embeds,paper_style_feedback_dynamics,gpt2,0.00021539648878388107,direct,fixed_random,5.772799968719482,5.772800445556641,1.0,6,128,2481.630615234375,0.00019215804059058428,45,final_hidden,2026-07-10T15:01:49.654902+00:00,nonpad_flattened,gpt2
46080,64,6,16,main,wikitext,wikitext-2-raw-v1,validation,cuda,float32,64,gpt2_dynamical_edge_normal,af125240938fafbe41b2eb787f4e20ef303ef173,"[1, 128, 768]",inputs_embeds,paper_style_feedback_dynamics,gpt2,0.0002408866712357849,direct,fixed_random,5.772802352905273,5.772799968719482,1.0,6,128,2481.630615234375,0.00020389168639667332,46,final_hidden,2026-07-10T15:01:49.654902+00:00,nonpad_flattened,gpt2
46080,64,6,16,main,wikitext,wikitext-2-raw-v1,validation,cuda,float32,64,gpt2_dynamical_edge_normal,af125240938fafbe41b2eb787f4e20ef303ef173,"[1, 128, 768]",inputs_embeds,paper_style_feedback_dynamics,gpt2,0.0002509456826373935,direct,fixed_random,5.772801399230957,5.772802352905273,1.0,6,128,2481.630615234375,0.00018882201402448118,47,final_hidden,2026-07-10T15:01:49.654902+00:00,nonpad_flattened,gpt2
46080,64,6,16,main,wikitext,wikitext-2-raw-v1,validation,cuda,float32,64,gpt2_dynamical_edge_normal,af125240938fafbe41b2eb787f4e20ef303ef173,"[1, 128, 768]",inputs_embeds,paper_style_feedback_dynamics,gpt2,0.0002525134477764368,direct,fixed_random,5.772800445556641,5.772801399230957,1.0,6,128,2481.630615234375,0.00019634039199445397,48,final_hidden,2026-07-10T15:01:49.654902+00:00,nonpad_flattened,gpt2
46080,64,6,16,main,wikitext,wikitext-2-raw-v1,validation,cuda,float32,64,gpt2_dynamical_edge_normal,af125240938fafbe41b2eb787f4e20ef303ef173,"[1, 128, 768]",inputs_embeds,paper_style_feedback_dynamics,gpt2,0.0002507984172552824,direct,fixed_random,5.772802352905273,5.772800445556641,1.0,6,128,2481.63037109375,0.00020868366118520498,49,final_hidden,2026-07-10T15:01:49.654902+00:00,nonpad_flattened,gpt2
46080,64,6,16,main,wikitext,wikitext-2-raw-v1,validation,cuda,float32,64,gpt2_dynamical_edge_normal,af125240938fafbe41b2eb787f4e20ef303ef173,"[1, 128, 768]",inputs_embeds,paper_style_feedback_dynamics,gpt2,0.0002440833195578307,direct,fixed_random,5.772801876068115,5.772802352905273,1.0,6,128,2481.63037109375,0.00018046119657810777,50,final_hidden,2026-07-10T15:01:49.654902+00:00,nonpad_flattened,gpt2
46080,64,6,16,main,wikitext,wikitext-2-raw-v1,validation,cuda,float32,64,gpt2_dynamical_edge_normal,af125240938fafbe41b2eb787f4e20ef303ef173,"[1, 128, 768]",inputs_embeds,paper_style_feedback_dynamics,gpt2,0.00025663559790700674,direct,fixed_random,5.772801399230957,5.772801876068115,1.0,6,128,2481.630615234375,0.00020797181059606373,51,final_hidden,2026-07-10T15:01:49.654902+00:00,nonpad_flattened,gpt2
46080,64,6,16,main,wikitext,wikitext-2-raw-v1,validation,cuda,float32,64,gpt2_dynamical_edge_normal,af125240938fafbe41b2eb787f4e20ef303ef173,"[1, 128, 768]",inputs_embeds,paper_style_feedback_dynamics,gpt2,0.00024226510140579194,direct,fixed_random,5.772801876068115,5.772801399230957,1.0,6,128,2481.630615234375,0.0002094195078825578,52,final_hidden,2026-07-10T15:01:49.654902+00:00,nonpad_flattened,gpt2
46080,64,6,16,main,wikitext,wikitext-2-raw-v1,validation,cuda,float32,64,gpt2_dynamical_edge_normal,af125240938fafbe41b2eb787f4e20ef303ef173,"[1, 128, 768]",inputs_embeds,paper_style_feedback_dynamics,gpt2,0.00023340813640970737,direct,fixed_random,5.772800922393799,5.772801876068115,1.0,6,128,2481.630615234375,0.0001848982210503891,53,final_hidden,2026-07-10T15:01:49.654902+00:00,nonpad_flattened,gpt2
46080,64,6,16,main,wikitext,wikitext-2-raw-v1,validation,cuda,float32,64,gpt2_dynamical_edge_normal,af125240938fafbe41b2eb787f4e20ef303ef173,"[1, 128, 768]",inputs_embeds,paper_style_feedback_dynamics,gpt2,0.00023718916054349393,direct,fixed_random,5.772801399230957,5.772800922393799,1.0,6,128,2481.630615234375,0.00020426881383173168,54,final_hidden,2026-07-10T15:01:49.654902+00:00,nonpad_flattened,gpt2
46080,64,6,16,main,wikitext,wikitext-2-raw-v1,validation,cuda,float32,64,gpt2_dynamical_edge_normal,af125240938fafbe41b2eb787f4e20ef303ef173,"[1, 128, 768]",inputs_embeds,paper_style_feedback_dynamics,gpt2,0.0002722208446357399,direct,fixed_random,5.772801876068115,5.772801399230957,1.0,6,128,2481.630615234375,0.00017789684352464974,55,final_hidden,2026-07-10T15:01:49.654902+00:00,nonpad_flattened,gpt2
46080,64,6,16,main,wikitext,wikitext-2-raw-v1,validation,cuda,float32,64,gpt2_dynamical_edge_normal,af125240938fafbe41b2eb787f4e20ef303ef173,"[1, 128, 768]",inputs_embeds,paper_style_feedback_dynamics,gpt2,0.00024298149219248444,direct,fixed_random,5.772802352905273,5.772801876068115,1.0,6,128,2481.630615234375,0.0002232459228252992,56,final_hidden,2026-07-10T15:01:49.654902+00:00,nonpad_flattened,gpt2
46080,64,6,16,main,wikitext,wikitext-2-raw-v1,validation,cuda,float32,64,gpt2_dynamical_edge_normal,af125240938fafbe41b2eb787f4e20ef303ef173,"[1, 128, 768]",inputs_embeds,paper_style_feedback_dynamics,gpt2,0.00024655129527673125,direct,fixed_random,5.772800445556641,5.772802352905273,1.0,6,128,2481.630615234375,0.00020011710876133293,57,final_hidden,2026-07-10T15:01:49.654902+00:00,nonpad_flattened,gpt2
46080,64,6,16,main,wikitext,wikitext-2-raw-v1,validation,cuda,float32,64,gpt2_dynamical_edge_normal,af125240938fafbe41b2eb787f4e20ef303ef173,"[1, 128, 768]",inputs_embeds,paper_style_feedback_dynamics,gpt2,0.00021340772218536586,direct,fixed_random,5.772799491882324,5.772800445556641,1.0,6,128,2481.630615234375,0.00020236105774529278,58,final_hidden,2026-07-10T15:01:49.654902+00:00,nonpad_flattened,gpt2
46080,64,6,16,main,wikitext,wikitext-2-raw-v1,validation,cuda,float32,64,gpt2_dynamical_edge_normal,af125240938fafbe41b2eb787f4e20ef303ef173,"[1, 128, 768]",inputs_embeds,paper_style_feedback_dynamics,gpt2,0.00025293053477071226,direct,fixed_random,5.772800922393799,5.772799491882324,1.0,6,128,2481.630615234375,0.00020153482910245657,59,final_hidden,2026-07-10T15:01:49.654902+00:00,nonpad_flattened,gpt2
46080,64,6,16,main,wikitext,wikitext-2-raw-v1,validation,cuda,float32,64,gpt2_dynamical_edge_normal,af125240938fafbe41b2eb787f4e20ef303ef173,"[1, 128, 768]",inputs_embeds,paper_style_feedback_dynamics,gpt2,0.00022126709518488497,direct,fixed_random,5.772800445556641,5.772800922393799,1.0,6,128,2481.630615234375,0.0001989741576835513,60,final_hidden,2026-07-10T15:01:49.654902+00:00,nonpad_flattened,gpt2
46080,64,6,16,main,wikitext,wikitext-2-raw-v1,validation,cuda,float32,64,gpt2_dynamical_edge_normal,af125240938fafbe41b2eb787f4e20ef303ef173,"[1, 128, 768]",inputs_embeds,paper_style_feedback_dynamics,gpt2,0.0002460083633195609,direct,fixed_random,5.772800922393799,5.772800445556641,1.0,6,128,2481.630615234375,0.0002029083261732012,61,final_hidden,2026-07-10T15:01:49.654902+00:00,nonpad_flattened,gpt2
46080,64,6,16,main,wikitext,wikitext-2-raw-v1,validation,cuda,float32,64,gpt2_dynamical_edge_normal,af125240938fafbe41b2eb787f4e20ef303ef173,"[1, 128, 768]",inputs_embeds,paper_style_feedback_dynamics,gpt2,0.00023481168318539858,direct,fixed_random,5.772800445556641,5.772800922393799,1.0,6,128,2481.63037109375,0.00019890416297130287,62,final_hidden,2026-07-10T15:01:49.654902+00:00,nonpad_flattened,gpt2
22272,64,7,16,main,wikitext,wikitext-2-raw-v1,validation,cuda,float32,64,gpt2_dynamical_edge_normal,af125240938fafbe41b2eb787f4e20ef303ef173,"[1, 128, 768]",inputs_embeds,paper_style_feedback_dynamics,gpt2,0.00016269560728687793,direct,fixed_random,15.632442474365234,15.632856369018555,1.0,7,128,1724.6617431640625,0.07320988178253174,0,final_hidden,2026-07-10T15:01:49.654902+00:00,nonpad_flattened,gpt2
22272,64,7,16,main,wikitext,wikitext-2-raw-v1,validation,cuda,float32,64,gpt2_dynamical_edge_normal,af125240938fafbe41b2eb787f4e20ef303ef173,"[1, 128, 768]",inputs_embeds,paper_style_feedback_dynamics,gpt2,0.0001585476566106081,direct,fixed_random,15.632192611694336,15.632442474365234,1.0,7,128,1724.66259765625,0.04424341395497322,1,final_hidden,2026-07-10T15:01:49.654902+00:00,nonpad_flattened,gpt2
22272,64,7,16,main,wikitext,wikitext-2-raw-v1,validation,cuda,float32,64,gpt2_dynamical_edge_normal,af125240938fafbe41b2eb787f4e20ef303ef173,"[1, 128, 768]",inputs_embeds,paper_style_feedback_dynamics,gpt2,0.00017683321493677795,direct,fixed_random,15.63204574584961,15.632192611694336,1.0,7,128,1724.66357421875,0.02668345719575882,2,final_hidden,2026-07-10T15:01:49.654902+00:00,nonpad_flattened,gpt2
22272,64,7,16,main,wikitext,wikitext-2-raw-v1,validation,cuda,float32,64,gpt2_dynamical_edge_normal,af125240938fafbe41b2eb787f4e20ef303ef173,"[1, 128, 768]",inputs_embeds,paper_style_feedback_dynamics,gpt2,0.00019307325419504195,direct,fixed_random,15.631952285766602,15.63204574584961,1.0,7,128,1724.664306640625,0.01610790193080902,3,final_hidden,2026-07-10T15:01:49.654902+00:00,nonpad_flattened,gpt2
22272,64,7,16,main,wikitext,wikitext-2-raw-v1,validation,cuda,float32,64,gpt2_dynamical_edge_normal,af125240938fafbe41b2eb787f4e20ef303ef173,"[1, 128, 768]",inputs_embeds,paper_style_feedback_dynamics,gpt2,0.0002048328606178984,direct,fixed_random,15.631897926330566,15.631952285766602,1.0,7,128,1724.6649169921875,0.009673621505498886,4,final_hidden,2026-07-10T15:01:49.654902+00:00,nonpad_flattened,gpt2
22272,64,7,16,main,wikitext,wikitext-2-raw-v1,validation,cuda,float32,64,gpt2_dynamical_edge_normal,af125240938fafbe41b2eb787f4e20ef303ef173,"[1, 128, 768]",inputs_embeds,paper_style_feedback_dynamics,gpt2,0.0001930896396515891,direct,fixed_random,15.631864547729492,15.631897926330566,1.0,7,128,1724.6651611328125,0.0058698831126093864,5,final_hidden,2026-07-10T15:01:49.654902+00:00,nonpad_flattened,gpt2
22272,64,7,16,main,wikitext,wikitext-2-raw-v1,validation,cuda,float32,64,gpt2_dynamical_edge_normal,af125240938fafbe41b2eb787f4e20ef303ef173,"[1, 128, 768]",inputs_embeds,paper_style_feedback_dynamics,gpt2,0.0001850507833296433,direct,fixed_random,15.631845474243164,15.631864547729492,1.0,7,128,1724.665283203125,0.0034741645213216543,6,final_hidden,2026-07-10T15:01:49.654902+00:00,nonpad_flattened,gpt2
22272,64,7,16,main,wikitext,wikitext-2-raw-v1,validation,cuda,float32,64,gpt2_dynamical_edge_normal,af125240938fafbe41b2eb787f4e20ef303ef173,"[1, 128, 768]",inputs_embeds,paper_style_feedback_dynamics,gpt2,0.00017300981562584639,direct,fixed_random,15.631834030151367,15.631845474243164,1.0,7,128,1724.66552734375,0.00214131036773324,7,final_hidden,2026-07-10T15:01:49.654902+00:00,nonpad_flattened,gpt2
22272,64,7,16,main,wikitext,wikitext-2-raw-v1,validation,cuda,float32,64,gpt2_dynamical_edge_normal,af125240938fafbe41b2eb787f4e20ef303ef173,"[1, 128, 768]",inputs_embeds,paper_style_feedback_dynamics,gpt2,0.00018299031944479793,direct,fixed_random,15.631829261779785,15.631834030151367,1.0,7,128,1724.6656494140625,0.0012792572379112244,8,final_hidden,2026-07-10T15:01:49.654902+00:00,nonpad_flattened,gpt2
22272,64,7,16,main,wikitext,wikitext-2-raw-v1,validation,cuda,float32,64,gpt2_dynamical_edge_normal,af125240938fafbe41b2eb787f4e20ef303ef173,"[1, 128, 768]",inputs_embeds,paper_style_feedback_dynamics,gpt2,0.0001918269117595628,direct,fixed_random,15.63182544708252,15.631829261779785,1.0,7,128,1724.665771484375,0.0007732093799859285,9,final_hidden,2026-07-10T15:01:49.654902+00:00,nonpad_flattened,gpt2
22272,64,7,16,main,wikitext,wikitext-2-raw-v1,validation,cuda,float32,64,gpt2_dynamical_edge_normal,af125240938fafbe41b2eb787f4e20ef303ef173,"[1, 128, 768]",inputs_embeds,paper_style_feedback_dynamics,gpt2,0.0001735068653943017,direct,fixed_random,15.631820678710938,15.63182544708252,1.0,7,128,1724.665771484375,0.0004994142218492925,10,final_hidden,2026-07-10T15:01:49.654902+00:00,nonpad_flattened,gpt2
22272,64,7,16,main,wikitext,wikitext-2-raw-v1,validation,cuda,float32,64,gpt2_dynamical_edge_normal,af125240938fafbe41b2eb787f4e20ef303ef173,"[1, 128, 768]",inputs_embeds,paper_style_feedback_dynamics,gpt2,0.00016350708028767258,direct,fixed_random,15.631821632385254,15.631820678710938,1.0,7,128,1724.6658935546875,0.0003114928549621254,11,final_hidden,2026-07-10T15:01:49.654902+00:00,nonpad_flattened,gpt2
22272,64,7,16,main,wikitext,wikitext-2-raw-v1,validation,cuda,float32,64,gpt2_dynamical_edge_normal,af125240938fafbe41b2eb787f4e20ef303ef173,"[1, 128, 768]",inputs_embeds,paper_style_feedback_dynamics,gpt2,0.00018261669902130961,direct,fixed_random,15.631817817687988,15.631821632385254,1.0,7,128,1724.6658935546875,0.00023815645545255393,12,final_hidden,2026-07-10T15:01:49.654902+00:00,nonpad_flattened,gpt2
22272,64,7,16,main,wikitext,wikitext-2-raw-v1,validation,cuda,float32,64,gpt2_dynamical_edge_normal,af125240938fafbe41b2eb787f4e20ef303ef173,"[1, 128, 768]",inputs_embeds,paper_style_feedback_dynamics,gpt2,0.00019954350136686116,direct,fixed_random,15.631817817687988,15.631817817687988,1.0,7,128,1724.6658935546875,0.00018074842228088528,13,final_hidden,2026-07-10T15:01:49.654902+00:00,nonpad_flattened,gpt2
22272,64,7,16,main,wikitext,wikitext-2-raw-v1,validation,cuda,float32,64,gpt2_dynamical_edge_normal,af125240938fafbe41b2eb787f4e20ef303ef173,"[1, 128, 768]",inputs_embeds,paper_style_feedback_dynamics,gpt2,0.0001649888145038858,direct,fixed_random,15.631814956665039,15.631817817687988,1.0,7,128,1724.665771484375,0.00013918882177677006,14,final_hidden,2026-07-10T15:01:49.654902+00:00,nonpad_flattened,gpt2
22272,64,7,16,main,wikitext,wikitext-2-raw-v1,validation,cuda,float32,64,gpt2_dynamical_edge_normal,af125240938fafbe41b2eb787f4e20ef303ef173,"[1, 128, 768]",inputs_embeds,paper_style_feedback_dynamics,gpt2,0.00018142754561267793,direct,fixed_random,15.631815910339355,15.631814956665039,1.0,7,128,1724.665771484375,0.0001494838361395523,15,final_hidden,2026-07-10T15:01:49.654902+00:00,nonpad_flattened,gpt2
22272,64,7,16,main,wikitext,wikitext-2-raw-v1,validation,cuda,float32,64,gpt2_dynamical_edge_normal,af125240938fafbe41b2eb787f4e20ef303ef173,"[1, 128, 768]",inputs_embeds,paper_style_feedback_dynamics,gpt2,0.0001517710625194013,direct,fixed_random,15.631815910339355,15.631815910339355,1.0,7,128,1724.665771484375,0.00015027218614704907,16,final_hidden,2026-07-10T15:01:49.654902+00:00,nonpad_flattened,gpt2
22272,64,7,16,main,wikitext,wikitext-2-raw-v1,validation,cuda,float32,64,gpt2_dynamical_edge_normal,af125240938fafbe41b2eb787f4e20ef303ef173,"[1, 128, 768]",inputs_embeds,paper_style_feedback_dynamics,gpt2,0.00017832760931923985,direct,fixed_random,15.631816864013672,15.631815910339355,1.0,7,128,1724.665771484375,0.0001229474728461355,17,final_hidden,2026-07-10T15:01:49.654902+00:00,nonpad_flattened,gpt2
22272,64,7,16,main,wikitext,wikitext-2-raw-v1,validation,cuda,float32,64,gpt2_dynamical_edge_normal,af125240938fafbe41b2eb787f4e20ef303ef173,"[1, 128, 768]",inputs_embeds,paper_style_feedback_dynamics,gpt2,0.00017057897639460862,direct,fixed_random,15.631817817687988,15.631816864013672,1.0,7,128,1724.665771484375,0.00014469807501882315,18,final_hidden,2026-07-10T15:01:49.654902+00:00,nonpad_flattened,gpt2
22272,64,7,16,main,wikitext,wikitext-2-raw-v1,validation,cuda,float32,64,gpt2_dynamical_edge_normal,af125240938fafbe41b2eb787f4e20ef303ef173,"[1, 128, 768]",inputs_embeds,paper_style_feedback_dynamics,gpt2,0.0001565798738738522,direct,fixed_random,15.631816864013672,15.631817817687988,1.0,7,128,1724.6658935546875,0.00011528074537636712,19,final_hidden,2026-07-10T15:01:49.654902+00:00,nonpad_flattened,gpt2
22272,64,7,16,main,wikitext,wikitext-2-raw-v1,validation,cuda,float32,64,gpt2_dynamical_edge_normal,af125240938fafbe41b2eb787f4e20ef303ef173,"[1, 128, 768]",inputs_embeds,paper_style_feedback_dynamics,gpt2,0.0001713940582703799,direct,fixed_random,15.631817817687988,15.631816864013672,1.0,7,128,1724.665771484375,0.00012083172623533756,20,final_hidden,2026-07-10T15:01:49.654902+00:00,nonpad_flattened,gpt2
22272,64,7,16,main,wikitext,wikitext-2-raw-v1,validation,cuda,float32,64,gpt2_dynamical_edge_normal,af125240938fafbe41b2eb787f4e20ef303ef173,"[1, 128, 768]",inputs_embeds,paper_style_feedback_dynamics,gpt2,0.0001639247202547267,direct,fixed_random,15.631815910339355,15.631817817687988,1.0,7,128,1724.665771484375,0.00011299709149170667,21,final_hidden,2026-07-10T15:01:49.654902+00:00,nonpad_flattened,gpt2
22272,64,7,16,main,wikitext,wikitext-2-raw-v1,validation,cuda,float32,64,gpt2_dynamical_edge_normal,af125240938fafbe41b2eb787f4e20ef303ef173,"[1, 128, 768]",inputs_embeds,paper_style_feedback_dynamics,gpt2,0.00017354990995954722,direct,fixed_random,15.631814956665039,15.631815910339355,1.0,7,128,1724.665771484375,0.00014942850975785404,22,final_hidden,2026-07-10T15:01:49.654902+00:00,nonpad_flattened,gpt2
22272,64,7,16,main,wikitext,wikitext-2-raw-v1,validation,cuda,float32,64,gpt2_dynamical_edge_normal,af125240938fafbe41b2eb787f4e20ef303ef173,"[1, 128, 768]",inputs_embeds,paper_style_feedback_dynamics,gpt2,0.00017700059106573462,direct,fixed_random,15.631816864013672,15.631814956665039,1.0,7,128,1724.665771484375,0.00015847042959649116,23,final_hidden,2026-07-10T15:01:49.654902+00:00,nonpad_flattened,gpt2
22272,64,7,16,main,wikitext,wikitext-2-raw-v1,validation,cuda,float32,64,gpt2_dynamical_edge_normal,af125240938fafbe41b2eb787f4e20ef303ef173,"[1, 128, 768]",inputs_embeds,paper_style_feedback_dynamics,gpt2,0.00016305118333548307,direct,fixed_random,15.631814956665039,15.631816864013672,1.0,7,128,1724.665771484375,0.0001602238044142723,24,final_hidden,2026-07-10T15:01:49.654902+00:00,nonpad_flattened,gpt2
22272,64,7,16,main,wikitext,wikitext-2-raw-v1,validation,cuda,float32,64,gpt2_dynamical_edge_normal,af125240938fafbe41b2eb787f4e20ef303ef173,"[1, 128, 768]",inputs_embeds,paper_style_feedback_dynamics,gpt2,0.00015370103938039392,direct,fixed_random,15.631816864013672,15.631814956665039,1.0,7,128,1724.665771484375,0.00012739503290504217,25,final_hidden,2026-07-10T15:01:49.654902+00:00,nonpad_flattened,gpt2
22272,64,7,16,main,wikitext,wikitext-2-raw-v1,validation,cuda,float32,64,gpt2_dynamical_edge_normal,af125240938fafbe41b2eb787f4e20ef303ef173,"[1, 128, 768]",inputs_embeds,paper_style_feedback_dynamics,gpt2,0.00016180444799829274,direct,fixed_random,15.631818771362305,15.631816864013672,1.0,7,128,1724.665771484375,0.00015466182958334684,26,final_hidden,2026-07-10T15:01:49.654902+00:00,nonpad_flattened,gpt2
22272,64,7,16,main,wikitext,wikitext-2-raw-v1,validation,cuda,float32,64,gpt2_dynamical_edge_normal,af125240938fafbe41b2eb787f4e20ef303ef173,"[1, 128, 768]",inputs_embeds,paper_style_feedback_dynamics,gpt2,0.00015946250641718507,direct,fixed_random,15.631817817687988,15.631818771362305,1.0,7,128,1724.665771484375,0.00011774530867114663,27,final_hidden,2026-07-10T15:01:49.654902+00:00,nonpad_flattened,gpt2
22272,64,7,16,main,wikitext,wikitext-2-raw-v1,validation,cuda,float32,64,gpt2_dynamical_edge_normal,af125240938fafbe41b2eb787f4e20ef303ef173,"[1, 128, 768]",inputs_embeds,paper_style_feedback_dynamics,gpt2,0.00014960452972445637,direct,fixed_random,15.631817817687988,15.631817817687988,1.0,7,128,1724.665771484375,0.00011716845619957894,28,final_hidden,2026-07-10T15:01:49.654902+00:00,nonpad_flattened,gpt2
22272,64,7,16,main,wikitext,wikitext-2-raw-v1,validation,cuda,float32,64,gpt2_dynamical_edge_normal,af125240938fafbe41b2eb787f4e20ef303ef173,"[1, 128, 768]",inputs_embeds,paper_style_feedback_dynamics,gpt2,0.00020203385793138295,direct,fixed_random,15.631817817687988,15.631817817687988,1.0,7,128,1724.665771484375,0.00014894077321514487,29,final_hidden,2026-07-10T15:01:49.654902+00:00,nonpad_flattened,gpt2
22272,64,7,16,main,wikitext,wikitext-2-raw-v1,validation,cuda,float32,64,gpt2_dynamical_edge_normal,af125240938fafbe41b2eb787f4e20ef303ef173,"[1, 128, 768]",inputs_embeds,paper_style_feedback_dynamics,gpt2,0.00019411841640248895,direct,fixed_random,15.631815910339355,15.631817817687988,1.0,7,128,1724.665771484375,0.00011794341844506562,30,final_hidden,2026-07-10T15:01:49.654902+00:00,nonpad_flattened,gpt2
22272,64,7,16,main,wikitext,wikitext-2-raw-v1,validation,cuda,float32,64,gpt2_dynamical_edge_normal,af125240938fafbe41b2eb787f4e20ef303ef173,"[1, 128, 768]",inputs_embeds,paper_style_feedback_dynamics,gpt2,0.00016224273713305593,direct,fixed_random,15.631816864013672,15.631815910339355,1.0,7,128,1724.665771484375,0.0001364916970487684,31,final_hidden,2026-07-10T15:01:49.654902+00:00,nonpad_flattened,gpt2
22272,64,7,16,main,wikitext,wikitext-2-raw-v1,validation,cuda,float32,64,gpt2_dynamical_edge_normal,af125240938fafbe41b2eb787f4e20ef303ef173,"[1, 128, 768]",inputs_embeds,paper_style_feedback_dynamics,gpt2,0.00017197590204887092,direct,fixed_random,15.631815910339355,15.631816864013672,1.0,7,128,1724.665771484375,0.0001542795798741281,32,final_hidden,2026-07-10T15:01:49.654902+00:00,nonpad_flattened,gpt2
22272,64,7,16,main,wikitext,wikitext-2-raw-v1,validation,cuda,float32,64,gpt2_dynamical_edge_normal,af125240938fafbe41b2eb787f4e20ef303ef173,"[1, 128, 768]",inputs_embeds,paper_style_feedback_dynamics,gpt2,0.00016043880896177143,direct,fixed_random,15.631814956665039,15.631815910339355,1.0,7,128,1724.665771484375,0.00013763282913714647,33,final_hidden,2026-07-10T15:01:49.654902+00:00,nonpad_flattened,gpt2
22272,64,7,16,main,wikitext,wikitext-2-raw-v1,validation,cuda,float32,64,gpt2_dynamical_edge_normal,af125240938fafbe41b2eb787f4e20ef303ef173,"[1, 128, 768]",inputs_embeds,paper_style_feedback_dynamics,gpt2,0.00017034228949341923,direct,fixed_random,15.631814956665039,15.631814956665039,1.0,7,128,1724.665771484375,0.00011381863441783935,34,final_hidden,2026-07-10T15:01:49.654902+00:00,nonpad_flattened,gpt2
22272,64,7,16,main,wikitext,wikitext-2-raw-v1,validation,cuda,float32,64,gpt2_dynamical_edge_normal,af125240938fafbe41b2eb787f4e20ef303ef173,"[1, 128, 768]",inputs_embeds,paper_style_feedback_dynamics,gpt2,0.000178632399183698,direct,fixed_random,15.631815910339355,15.631814956665039,1.0,7,128,1724.665771484375,0.00014725506480317563,35,final_hidden,2026-07-10T15:01:49.654902+00:00,nonpad_flattened,gpt2
22272,64,7,16,main,wikitext,wikitext-2-raw-v1,validation,cuda,float32,64,gpt2_dynamical_edge_normal,af125240938fafbe41b2eb787f4e20ef303ef173,"[1, 128, 768]",inputs_embeds,paper_style_feedback_dynamics,gpt2,0.00020383490482345223,direct,fixed_random,15.631814956665039,15.631815910339355,1.0,7,128,1724.665771484375,0.0001339754235232249,36,final_hidden,2026-07-10T15:01:49.654902+00:00,nonpad_flattened,gpt2
22272,64,7,16,main,wikitext,wikitext-2-raw-v1,validation,cuda,float32,64,gpt2_dynamical_edge_normal,af125240938fafbe41b2eb787f4e20ef303ef173,"[1, 128, 768]",inputs_embeds,paper_style_feedback_dynamics,gpt2,0.0001836120936786756,direct,fixed_random,15.631815910339355,15.631814956665039,1.0,7,128,1724.665771484375,0.00013416499132290483,37,final_hidden,2026-07-10T15:01:49.654902+00:00,nonpad_flattened,gpt2
22272,64,7,16,main,wikitext,wikitext-2-raw-v1,validation,cuda,float32,64,gpt2_dynamical_edge_normal,af125240938fafbe41b2eb787f4e20ef303ef173,"[1, 128, 768]",inputs_embeds,paper_style_feedback_dynamics,gpt2,0.00019220479589421302,direct,fixed_random,15.631815910339355,15.631815910339355,1.0,7,128,1724.665771484375,0.00012935558333992958,38,final_hidden,2026-07-10T15:01:49.654902+00:00,nonpad_flattened,gpt2
22272,64,7,16,main,wikitext,wikitext-2-raw-v1,validation,cuda,float32,64,gpt2_dynamical_edge_normal,af125240938fafbe41b2eb787f4e20ef303ef173,"[1, 128, 768]",inputs_embeds,paper_style_feedback_dynamics,gpt2,0.0002135219401679933,direct,fixed_random,15.631815910339355,15.631815910339355,1.0,7,128,1724.665771484375,0.00013207913434598595,39,final_hidden,2026-07-10T15:01:49.654902+00:00,nonpad_flattened,gpt2
22272,64,7,16,main,wikitext,wikitext-2-raw-v1,validation,cuda,float32,64,gpt2_dynamical_edge_normal,af125240938fafbe41b2eb787f4e20ef303ef173,"[1, 128, 768]",inputs_embeds,paper_style_feedback_dynamics,gpt2,0.0001800765166990459,direct,fixed_random,15.631814956665039,15.631815910339355,1.0,7,128,1724.665771484375,0.00013999379007145762,40,final_hidden,2026-07-10T15:01:49.654902+00:00,nonpad_flattened,gpt2
22272,64,7,16,main,wikitext,wikitext-2-raw-v1,validation,cuda,float32,64,gpt2_dynamical_edge_normal,af125240938fafbe41b2eb787f4e20ef303ef173,"[1, 128, 768]",inputs_embeds,paper_style_feedback_dynamics,gpt2,0.00014331402780953795,direct,fixed_random,15.631815910339355,15.631814956665039,1.0,7,128,1724.665771484375,0.00013943173689767718,41,final_hidden,2026-07-10T15:01:49.654902+00:00,nonpad_flattened,gpt2
22272,64,7,16,main,wikitext,wikitext-2-raw-v1,validation,cuda,float32,64,gpt2_dynamical_edge_normal,af125240938fafbe41b2eb787f4e20ef303ef173,"[1, 128, 768]",inputs_embeds,paper_style_feedback_dynamics,gpt2,0.00014878148795105517,direct,fixed_random,15.631814956665039,15.631815910339355,1.0,7,128,1724.665771484375,0.0001264674647245556,42,final_hidden,2026-07-10T15:01:49.654902+00:00,nonpad_flattened,gpt2
22272,64,7,16,main,wikitext,wikitext-2-raw-v1,validation,cuda,float32,64,gpt2_dynamical_edge_normal,af125240938fafbe41b2eb787f4e20ef303ef173,"[1, 128, 768]",inputs_embeds,paper_style_feedback_dynamics,gpt2,0.00017373889568261802,direct,fixed_random,15.631815910339355,15.631814956665039,1.0,7,128,1724.665771484375,0.00015259567589964718,43,final_hidden,2026-07-10T15:01:49.654902+00:00,nonpad_flattened,gpt2
22272,64,7,16,main,wikitext,wikitext-2-raw-v1,validation,cuda,float32,64,gpt2_dynamical_edge_normal,af125240938fafbe41b2eb787f4e20ef303ef173,"[1, 128, 768]",inputs_embeds,paper_style_feedback_dynamics,gpt2,0.000176194153027609,direct,fixed_random,15.631815910339355,15.631815910339355,1.0,7,128,1724.665771484375,0.00014045060379430652,44,final_hidden,2026-07-10T15:01:49.654902+00:00,nonpad_flattened,gpt2
22272,64,7,16,main,wikitext,wikitext-2-raw-v1,validation,cuda,float32,64,gpt2_dynamical_edge_normal,af125240938fafbe41b2eb787f4e20ef303ef173,"[1, 128, 768]",inputs_embeds,paper_style_feedback_dynamics,gpt2,0.00015860825078561902,direct,fixed_random,15.631816864013672,15.631815910339355,1.0,7,128,1724.665771484375,0.00012238608906045556,45,final_hidden,2026-07-10T15:01:49.654902+00:00,nonpad_flattened,gpt2
22272,64,7,16,main,wikitext,wikitext-2-raw-v1,validation,cuda,float32,64,gpt2_dynamical_edge_normal,af125240938fafbe41b2eb787f4e20ef303ef173,"[1, 128, 768]",inputs_embeds,paper_style_feedback_dynamics,gpt2,0.00015924504259601235,direct,fixed_random,15.631815910339355,15.631816864013672,1.0,7,128,1724.665771484375,0.0001366281067021191,46,final_hidden,2026-07-10T15:01:49.654902+00:00,nonpad_flattened,gpt2
22272,64,7,16,main,wikitext,wikitext-2-raw-v1,validation,cuda,float32,64,gpt2_dynamical_edge_normal,af125240938fafbe41b2eb787f4e20ef303ef173,"[1, 128, 768]",inputs_embeds,paper_style_feedback_dynamics,gpt2,0.00016078350017778575,direct,fixed_random,15.631817817687988,15.631815910339355,1.0,7,128,1724.665771484375,0.0001473973534302786,47,final_hidden,2026-07-10T15:01:49.654902+00:00,nonpad_flattened,gpt2
22272,64,7,16,main,wikitext,wikitext-2-raw-v1,validation,cuda,float32,64,gpt2_dynamical_edge_normal,af125240938fafbe41b2eb787f4e20ef303ef173,"[1, 128, 768]",inputs_embeds,paper_style_feedback_dynamics,gpt2,0.00017233254038728774,direct,fixed_random,15.631814956665039,15.631817817687988,1.0,7,128,1724.665771484375,0.00013485379167832434,48,final_hidden,2026-07-10T15:01:49.654902+00:00,nonpad_flattened,gpt2
22272,64,7,16,main,wikitext,wikitext-2-raw-v1,validation,cuda,float32,64,gpt2_dynamical_edge_normal,af125240938fafbe41b2eb787f4e20ef303ef173,"[1, 128, 768]",inputs_embeds,paper_style_feedback_dynamics,gpt2,0.00015155515575315803,direct,fixed_random,15.631816864013672,15.631814956665039,1.0,7,128,1724.665771484375,0.00015748590521980077,49,final_hidden,2026-07-10T15:01:49.654902+00:00,nonpad_flattened,gpt2
22272,64,7,16,main,wikitext,wikitext-2-raw-v1,validation,cuda,float32,64,gpt2_dynamical_edge_normal,af125240938fafbe41b2eb787f4e20ef303ef173,"[1, 128, 768]",inputs_embeds,paper_style_feedback_dynamics,gpt2,0.00016374293772969395,direct,fixed_random,15.631816864013672,15.631816864013672,1.0,7,128,1724.665771484375,0.00014335531159304082,50,final_hidden,2026-07-10T15:01:49.654902+00:00,nonpad_flattened,gpt2
22272,64,7,16,main,wikitext,wikitext-2-raw-v1,validation,cuda,float32,64,gpt2_dynamical_edge_normal,af125240938fafbe41b2eb787f4e20ef303ef173,"[1, 128, 768]",inputs_embeds,paper_style_feedback_dynamics,gpt2,0.00016929963021539152,direct,fixed_random,15.631817817687988,15.631816864013672,1.0,7,128,1724.665771484375,0.00015575645375065506,51,final_hidden,2026-07-10T15:01:49.654902+00:00,nonpad_flattened,gpt2
22272,64,7,16,main,wikitext,wikitext-2-raw-v1,validation,cuda,float32,64,gpt2_dynamical_edge_normal,af125240938fafbe41b2eb787f4e20ef303ef173,"[1, 128, 768]",inputs_embeds,paper_style_feedback_dynamics,gpt2,0.00015515353879891336,direct,fixed_random,15.631816864013672,15.631817817687988,1.0,7,128,1724.665771484375,0.0001276902767131105,52,final_hidden,2026-07-10T15:01:49.654902+00:00,nonpad_flattened,gpt2
22272,64,7,16,main,wikitext,wikitext-2-raw-v1,validation,cuda,float32,64,gpt2_dynamical_edge_normal,af125240938fafbe41b2eb787f4e20ef303ef173,"[1, 128, 768]",inputs_embeds,paper_style_feedback_dynamics,gpt2,0.0001789932866813615,direct,fixed_random,15.631816864013672,15.631816864013672,1.0,7,128,1724.665771484375,0.0001424373040208593,53,final_hidden,2026-07-10T15:01:49.654902+00:00,nonpad_flattened,gpt2
22272,64,7,16,main,wikitext,wikitext-2-raw-v1,validation,cuda,float32,64,gpt2_dynamical_edge_normal,af125240938fafbe41b2eb787f4e20ef303ef173,"[1, 128, 768]",inputs_embeds,paper_style_feedback_dynamics,gpt2,0.00019394631090108305,direct,fixed_random,15.631816864013672,15.631816864013672,1.0,7,128,1724.665771484375,0.00014154227392282337,54,final_hidden,2026-07-10T15:01:49.654902+00:00,nonpad_flattened,gpt2
22272,64,7,16,main,wikitext,wikitext-2-raw-v1,validation,cuda,float32,64,gpt2_dynamical_edge_normal,af125240938fafbe41b2eb787f4e20ef303ef173,"[1, 128, 768]",inputs_embeds,paper_style_feedback_dynamics,gpt2,0.00016579170187469572,direct,fixed_random,15.631816864013672,15.631816864013672,1.0,7,128,1724.665771484375,0.00013283103180583566,55,final_hidden,2026-07-10T15:01:49.654902+00:00,nonpad_flattened,gpt2
22272,64,7,16,main,wikitext,wikitext-2-raw-v1,validation,cuda,float32,64,gpt2_dynamical_edge_normal,af125240938fafbe41b2eb787f4e20ef303ef173,"[1, 128, 768]",inputs_embeds,paper_style_feedback_dynamics,gpt2,0.00016384392802137882,direct,fixed_random,15.631816864013672,15.631816864013672,1.0,7,128,1724.665771484375,0.00012484342732932419,56,final_hidden,2026-07-10T15:01:49.654902+00:00,nonpad_flattened,gpt2
22272,64,7,16,main,wikitext,wikitext-2-raw-v1,validation,cuda,float32,64,gpt2_dynamical_edge_normal,af125240938fafbe41b2eb787f4e20ef303ef173,"[1, 128, 768]",inputs_embeds,paper_style_feedback_dynamics,gpt2,0.00017448863945901394,direct,fixed_random,15.631814956665039,15.631816864013672,1.0,7,128,1724.665771484375,0.0001152480035671033,57,final_hidden,2026-07-10T15:01:49.654902+00:00,nonpad_flattened,gpt2
22272,64,7,16,main,wikitext,wikitext-2-raw-v1,validation,cuda,float32,64,gpt2_dynamical_edge_normal,af125240938fafbe41b2eb787f4e20ef303ef173,"[1, 128, 768]",inputs_embeds,paper_style_feedback_dynamics,gpt2,0.000163912758580409,direct,fixed_random,15.631816864013672,15.631814956665039,1.0,7,128,1724.665771484375,0.00013498688349500299,58,final_hidden,2026-07-10T15:01:49.654902+00:00,nonpad_flattened,gpt2
22272,64,7,16,main,wikitext,wikitext-2-raw-v1,validation,cuda,float32,64,gpt2_dynamical_edge_normal,af125240938fafbe41b2eb787f4e20ef303ef173,"[1, 128, 768]",inputs_embeds,paper_style_feedback_dynamics,gpt2,0.00017543912690598518,direct,fixed_random,15.631815910339355,15.631816864013672,1.0,7,128,1724.665771484375,0.00014115996600594372,59,final_hidden,2026-07-10T15:01:49.654902+00:00,nonpad_flattened,gpt2
22272,64,7,16,main,wikitext,wikitext-2-raw-v1,validation,cuda,float32,64,gpt2_dynamical_edge_normal,af125240938fafbe41b2eb787f4e20ef303ef173,"[1, 128, 768]",inputs_embeds,paper_style_feedback_dynamics,gpt2,0.00016800349112600088,direct,fixed_random,15.631816864013672,15.631815910339355,1.0,7,128,1724.665771484375,0.00014542415738105774,60,final_hidden,2026-07-10T15:01:49.654902+00:00,nonpad_flattened,gpt2
22272,64,7,16,main,wikitext,wikitext-2-raw-v1,validation,cuda,float32,64,gpt2_dynamical_edge_normal,af125240938fafbe41b2eb787f4e20ef303ef173,"[1, 128, 768]",inputs_embeds,paper_style_feedback_dynamics,gpt2,0.00016541415243409574,direct,fixed_random,15.631814956665039,15.631816864013672,1.0,7,128,1724.665771484375,0.00013349308574106544,61,final_hidden,2026-07-10T15:01:49.654902+00:00,nonpad_flattened,gpt2
22272,64,7,16,main,wikitext,wikitext-2-raw-v1,validation,cuda,float32,64,gpt2_dynamical_edge_normal,af125240938fafbe41b2eb787f4e20ef303ef173,"[1, 128, 768]",inputs_embeds,paper_style_feedback_dynamics,gpt2,0.00016973419405985624,direct,fixed_random,15.631816864013672,15.631814956665039,1.0,7,128,1724.665771484375,0.00014112656936049461,62,final_hidden,2026-07-10T15:01:49.654902+00:00,nonpad_flattened,gpt2
