active_dim,actual_eval_states,batch_index,burn_in_steps,checkpoint,dataset,dataset_config,dataset_split,device,dtype,eval_steps,experiment,git_commit,input_shape,input_space,method,model,nearby_distance,operator_update,projection_mode,projection_next,projection_value,residual_alpha,sample_index,sequence_length,state_norm,step_delta,step_index,target,timestamp,token_mode,tokenizer
3584,64,0,16,main,wikitext,wikitext-2-raw-v1,validation,cuda,float32,64,pythia_dynamical_edge_normal,26b7b5702e85f3f48652a95f9be74e23223244d1,"[1, 128, 512]",inputs_embeds,paper_style_feedback_dynamics,EleutherAI/pythia-70m,0.00010467958054505289,direct,fixed_random,35.44912338256836,35.45471954345703,1.0,0,128,1192.89599609375,0.533042848110199,0,final_hidden,2026-07-10T14:47:28.970617+00:00,nonpad_flattened,EleutherAI/pythia-70m
3584,64,0,16,main,wikitext,wikitext-2-raw-v1,validation,cuda,float32,64,pythia_dynamical_edge_normal,26b7b5702e85f3f48652a95f9be74e23223244d1,"[1, 128, 512]",inputs_embeds,paper_style_feedback_dynamics,EleutherAI/pythia-70m,8.491021435474977e-05,direct,fixed_random,35.444671630859375,35.44912338256836,1.0,0,128,1192.931640625,0.4183492660522461,1,final_hidden,2026-07-10T14:47:28.970617+00:00,nonpad_flattened,EleutherAI/pythia-70m
3584,64,0,16,main,wikitext,wikitext-2-raw-v1,validation,cuda,float32,64,pythia_dynamical_edge_normal,26b7b5702e85f3f48652a95f9be74e23223244d1,"[1, 128, 512]",inputs_embeds,paper_style_feedback_dynamics,EleutherAI/pythia-70m,7.665243902010843e-05,direct,fixed_random,35.441131591796875,35.444671630859375,1.0,0,128,1192.9591064453125,0.32867059111595154,2,final_hidden,2026-07-10T14:47:28.970617+00:00,nonpad_flattened,EleutherAI/pythia-70m
3584,64,0,16,main,wikitext,wikitext-2-raw-v1,validation,cuda,float32,64,pythia_dynamical_edge_normal,26b7b5702e85f3f48652a95f9be74e23223244d1,"[1, 128, 512]",inputs_embeds,paper_style_feedback_dynamics,EleutherAI/pythia-70m,7.773637480568141e-05,direct,fixed_random,35.43832015991211,35.441131591796875,1.0,0,128,1192.9803466796875,0.25839948654174805,3,final_hidden,2026-07-10T14:47:28.970617+00:00,nonpad_flattened,EleutherAI/pythia-70m
3584,64,0,16,main,wikitext,wikitext-2-raw-v1,validation,cuda,float32,64,pythia_dynamical_edge_normal,26b7b5702e85f3f48652a95f9be74e23223244d1,"[1, 128, 512]",inputs_embeds,paper_style_feedback_dynamics,EleutherAI/pythia-70m,7.967378769535571e-05,direct,fixed_random,35.43608093261719,35.43832015991211,1.0,0,128,1192.9967041015625,0.20329496264457703,4,final_hidden,2026-07-10T14:47:28.970617+00:00,nonpad_flattened,EleutherAI/pythia-70m
3584,64,0,16,main,wikitext,wikitext-2-raw-v1,validation,cuda,float32,64,pythia_dynamical_edge_normal,26b7b5702e85f3f48652a95f9be74e23223244d1,"[1, 128, 512]",inputs_embeds,paper_style_feedback_dynamics,EleutherAI/pythia-70m,7.229002949316055e-05,direct,fixed_random,35.43431091308594,35.43608093261719,1.0,0,128,1193.0093994140625,0.1600208580493927,5,final_hidden,2026-07-10T14:47:28.970617+00:00,nonpad_flattened,EleutherAI/pythia-70m
3584,64,0,16,main,wikitext,wikitext-2-raw-v1,validation,cuda,float32,64,pythia_dynamical_edge_normal,26b7b5702e85f3f48652a95f9be74e23223244d1,"[1, 128, 512]",inputs_embeds,paper_style_feedback_dynamics,EleutherAI/pythia-70m,7.755657861707732e-05,direct,fixed_random,35.43290328979492,35.43431091308594,1.0,0,128,1193.0194091796875,0.12600529193878174,6,final_hidden,2026-07-10T14:47:28.970617+00:00,nonpad_flattened,EleutherAI/pythia-70m
3584,64,0,16,main,wikitext,wikitext-2-raw-v1,validation,cuda,float32,64,pythia_dynamical_edge_normal,26b7b5702e85f3f48652a95f9be74e23223244d1,"[1, 128, 512]",inputs_embeds,paper_style_feedback_dynamics,EleutherAI/pythia-70m,7.657015521544963e-05,direct,fixed_random,35.43178939819336,35.43290328979492,1.0,0,128,1193.027099609375,0.0992448627948761,7,final_hidden,2026-07-10T14:47:28.970617+00:00,nonpad_flattened,EleutherAI/pythia-70m
3584,64,0,16,main,wikitext,wikitext-2-raw-v1,validation,cuda,float32,64,pythia_dynamical_edge_normal,26b7b5702e85f3f48652a95f9be74e23223244d1,"[1, 128, 512]",inputs_embeds,paper_style_feedback_dynamics,EleutherAI/pythia-70m,7.189040479715914e-05,direct,fixed_random,35.43090057373047,35.43178939819336,1.0,0,128,1193.0330810546875,0.07818633317947388,8,final_hidden,2026-07-10T14:47:28.970617+00:00,nonpad_flattened,EleutherAI/pythia-70m
3584,64,0,16,main,wikitext,wikitext-2-raw-v1,validation,cuda,float32,64,pythia_dynamical_edge_normal,26b7b5702e85f3f48652a95f9be74e23223244d1,"[1, 128, 512]",inputs_embeds,paper_style_feedback_dynamics,EleutherAI/pythia-70m,7.243284926516935e-05,direct,fixed_random,35.43020248413086,35.43090057373047,1.0,0,128,1193.037841796875,0.061615802347660065,9,final_hidden,2026-07-10T14:47:28.970617+00:00,nonpad_flattened,EleutherAI/pythia-70m
3584,64,0,16,main,wikitext,wikitext-2-raw-v1,validation,cuda,float32,64,pythia_dynamical_edge_normal,26b7b5702e85f3f48652a95f9be74e23223244d1,"[1, 128, 512]",inputs_embeds,paper_style_feedback_dynamics,EleutherAI/pythia-70m,7.616096991114318e-05,direct,fixed_random,35.42964172363281,35.43020248413086,1.0,0,128,1193.04150390625,0.048555634915828705,10,final_hidden,2026-07-10T14:47:28.970617+00:00,nonpad_flattened,EleutherAI/pythia-70m
3584,64,0,16,main,wikitext,wikitext-2-raw-v1,validation,cuda,float32,64,pythia_dynamical_edge_normal,26b7b5702e85f3f48652a95f9be74e23223244d1,"[1, 128, 512]",inputs_embeds,paper_style_feedback_dynamics,EleutherAI/pythia-70m,8.330394484801218e-05,direct,fixed_random,35.42919921875,35.42964172363281,1.0,0,128,1193.0443115234375,0.038276903331279755,11,final_hidden,2026-07-10T14:47:28.970617+00:00,nonpad_flattened,EleutherAI/pythia-70m
3584,64,0,16,main,wikitext,wikitext-2-raw-v1,validation,cuda,float32,64,pythia_dynamical_edge_normal,26b7b5702e85f3f48652a95f9be74e23223244d1,"[1, 128, 512]",inputs_embeds,paper_style_feedback_dynamics,EleutherAI/pythia-70m,7.949588325573131e-05,direct,fixed_random,35.42884826660156,35.42919921875,1.0,0,128,1193.0465087890625,0.030161287635564804,12,final_hidden,2026-07-10T14:47:28.970617+00:00,nonpad_flattened,EleutherAI/pythia-70m
3584,64,0,16,main,wikitext,wikitext-2-raw-v1,validation,cuda,float32,64,pythia_dynamical_edge_normal,26b7b5702e85f3f48652a95f9be74e23223244d1,"[1, 128, 512]",inputs_embeds,paper_style_feedback_dynamics,EleutherAI/pythia-70m,8.273405546788126e-05,direct,fixed_random,35.42857360839844,35.42884826660156,1.0,0,128,1193.04833984375,0.02379937469959259,13,final_hidden,2026-07-10T14:47:28.970617+00:00,nonpad_flattened,EleutherAI/pythia-70m
3584,64,0,16,main,wikitext,wikitext-2-raw-v1,validation,cuda,float32,64,pythia_dynamical_edge_normal,26b7b5702e85f3f48652a95f9be74e23223244d1,"[1, 128, 512]",inputs_embeds,paper_style_feedback_dynamics,EleutherAI/pythia-70m,8.243498450610787e-05,direct,fixed_random,35.42835235595703,35.42857360839844,1.0,0,128,1193.0496826171875,0.018751582130789757,14,final_hidden,2026-07-10T14:47:28.970617+00:00,nonpad_flattened,EleutherAI/pythia-70m
3584,64,0,16,main,wikitext,wikitext-2-raw-v1,validation,cuda,float32,64,pythia_dynamical_edge_normal,26b7b5702e85f3f48652a95f9be74e23223244d1,"[1, 128, 512]",inputs_embeds,paper_style_feedback_dynamics,EleutherAI/pythia-70m,8.46374241518788e-05,direct,fixed_random,35.42818069458008,35.42835235595703,1.0,0,128,1193.0506591796875,0.014791210182011127,15,final_hidden,2026-07-10T14:47:28.970617+00:00,nonpad_flattened,EleutherAI/pythia-70m
3584,64,0,16,main,wikitext,wikitext-2-raw-v1,validation,cuda,float32,64,pythia_dynamical_edge_normal,26b7b5702e85f3f48652a95f9be74e23223244d1,"[1, 128, 512]",inputs_embeds,paper_style_feedback_dynamics,EleutherAI/pythia-70m,7.549661677330732e-05,direct,fixed_random,35.42804718017578,35.42818069458008,1.0,0,128,1193.0516357421875,0.011668208986520767,16,final_hidden,2026-07-10T14:47:28.970617+00:00,nonpad_flattened,EleutherAI/pythia-70m
3584,64,0,16,main,wikitext,wikitext-2-raw-v1,validation,cuda,float32,64,pythia_dynamical_edge_normal,26b7b5702e85f3f48652a95f9be74e23223244d1,"[1, 128, 512]",inputs_embeds,paper_style_feedback_dynamics,EleutherAI/pythia-70m,7.845390064176172e-05,direct,fixed_random,35.427940368652344,35.42804718017578,1.0,0,128,1193.05224609375,0.009195326827466488,17,final_hidden,2026-07-10T14:47:28.970617+00:00,nonpad_flattened,EleutherAI/pythia-70m
3584,64,0,16,main,wikitext,wikitext-2-raw-v1,validation,cuda,float32,64,pythia_dynamical_edge_normal,26b7b5702e85f3f48652a95f9be74e23223244d1,"[1, 128, 512]",inputs_embeds,paper_style_feedback_dynamics,EleutherAI/pythia-70m,7.722349982941523e-05,direct,fixed_random,35.42784881591797,35.427940368652344,1.0,0,128,1193.0528564453125,0.007252970710396767,18,final_hidden,2026-07-10T14:47:28.970617+00:00,nonpad_flattened,EleutherAI/pythia-70m
3584,64,0,16,main,wikitext,wikitext-2-raw-v1,validation,cuda,float32,64,pythia_dynamical_edge_normal,26b7b5702e85f3f48652a95f9be74e23223244d1,"[1, 128, 512]",inputs_embeds,paper_style_feedback_dynamics,EleutherAI/pythia-70m,8.260975300800055e-05,direct,fixed_random,35.42778015136719,35.42784881591797,1.0,0,128,1193.05322265625,0.005731363780796528,19,final_hidden,2026-07-10T14:47:28.970617+00:00,nonpad_flattened,EleutherAI/pythia-70m
3584,64,0,16,main,wikitext,wikitext-2-raw-v1,validation,cuda,float32,64,pythia_dynamical_edge_normal,26b7b5702e85f3f48652a95f9be74e23223244d1,"[1, 128, 512]",inputs_embeds,paper_style_feedback_dynamics,EleutherAI/pythia-70m,7.905992970336229e-05,direct,fixed_random,35.42772674560547,35.42778015136719,1.0,0,128,1193.0535888671875,0.004498662892729044,20,final_hidden,2026-07-10T14:47:28.970617+00:00,nonpad_flattened,EleutherAI/pythia-70m
3584,64,0,16,main,wikitext,wikitext-2-raw-v1,validation,cuda,float32,64,pythia_dynamical_edge_normal,26b7b5702e85f3f48652a95f9be74e23223244d1,"[1, 128, 512]",inputs_embeds,paper_style_feedback_dynamics,EleutherAI/pythia-70m,7.923843077151105e-05,direct,fixed_random,35.42768478393555,35.42772674560547,1.0,0,128,1193.0538330078125,0.003561657154932618,21,final_hidden,2026-07-10T14:47:28.970617+00:00,nonpad_flattened,EleutherAI/pythia-70m
3584,64,0,16,main,wikitext,wikitext-2-raw-v1,validation,cuda,float32,64,pythia_dynamical_edge_normal,26b7b5702e85f3f48652a95f9be74e23223244d1,"[1, 128, 512]",inputs_embeds,paper_style_feedback_dynamics,EleutherAI/pythia-70m,8.039895328693092e-05,direct,fixed_random,35.427650451660156,35.42768478393555,1.0,0,128,1193.053955078125,0.002809894736856222,22,final_hidden,2026-07-10T14:47:28.970617+00:00,nonpad_flattened,EleutherAI/pythia-70m
3584,64,0,16,main,wikitext,wikitext-2-raw-v1,validation,cuda,float32,64,pythia_dynamical_edge_normal,26b7b5702e85f3f48652a95f9be74e23223244d1,"[1, 128, 512]",inputs_embeds,paper_style_feedback_dynamics,EleutherAI/pythia-70m,8.328514377353713e-05,direct,fixed_random,35.42761993408203,35.427650451660156,1.0,0,128,1193.05419921875,0.0022100387141108513,23,final_hidden,2026-07-10T14:47:28.970617+00:00,nonpad_flattened,EleutherAI/pythia-70m
3584,64,0,16,main,wikitext,wikitext-2-raw-v1,validation,cuda,float32,64,pythia_dynamical_edge_normal,26b7b5702e85f3f48652a95f9be74e23223244d1,"[1, 128, 512]",inputs_embeds,paper_style_feedback_dynamics,EleutherAI/pythia-70m,8.350302232429385e-05,direct,fixed_random,35.4276008605957,35.42761993408203,1.0,0,128,1193.0543212890625,0.001746480935253203,24,final_hidden,2026-07-10T14:47:28.970617+00:00,nonpad_flattened,EleutherAI/pythia-70m
3584,64,0,16,main,wikitext,wikitext-2-raw-v1,validation,cuda,float32,64,pythia_dynamical_edge_normal,26b7b5702e85f3f48652a95f9be74e23223244d1,"[1, 128, 512]",inputs_embeds,paper_style_feedback_dynamics,EleutherAI/pythia-70m,8.452108886558563e-05,direct,fixed_random,35.42758560180664,35.4276008605957,1.0,0,128,1193.0543212890625,0.001396132167428732,25,final_hidden,2026-07-10T14:47:28.970617+00:00,nonpad_flattened,EleutherAI/pythia-70m
3584,64,0,16,main,wikitext,wikitext-2-raw-v1,validation,cuda,float32,64,pythia_dynamical_edge_normal,26b7b5702e85f3f48652a95f9be74e23223244d1,"[1, 128, 512]",inputs_embeds,paper_style_feedback_dynamics,EleutherAI/pythia-70m,8.655233978061005e-05,direct,fixed_random,35.42757034301758,35.42758560180664,1.0,0,128,1193.054443359375,0.0010960310464724898,26,final_hidden,2026-07-10T14:47:28.970617+00:00,nonpad_flattened,EleutherAI/pythia-70m
3584,64,0,16,main,wikitext,wikitext-2-raw-v1,validation,cuda,float32,64,pythia_dynamical_edge_normal,26b7b5702e85f3f48652a95f9be74e23223244d1,"[1, 128, 512]",inputs_embeds,paper_style_feedback_dynamics,EleutherAI/pythia-70m,7.830767572158948e-05,direct,fixed_random,35.42755889892578,35.42757034301758,1.0,0,128,1193.054443359375,0.0008634022087790072,27,final_hidden,2026-07-10T14:47:28.970617+00:00,nonpad_flattened,EleutherAI/pythia-70m
3584,64,0,16,main,wikitext,wikitext-2-raw-v1,validation,cuda,float32,64,pythia_dynamical_edge_normal,26b7b5702e85f3f48652a95f9be74e23223244d1,"[1, 128, 512]",inputs_embeds,paper_style_feedback_dynamics,EleutherAI/pythia-70m,7.470612763427198e-05,direct,fixed_random,35.427555084228516,35.42755889892578,1.0,0,128,1193.0545654296875,0.0006943696062080562,28,final_hidden,2026-07-10T14:47:28.970617+00:00,nonpad_flattened,EleutherAI/pythia-70m
3584,64,0,16,main,wikitext,wikitext-2-raw-v1,validation,cuda,float32,64,pythia_dynamical_edge_normal,26b7b5702e85f3f48652a95f9be74e23223244d1,"[1, 128, 512]",inputs_embeds,paper_style_feedback_dynamics,EleutherAI/pythia-70m,7.15393471182324e-05,direct,fixed_random,35.42754364013672,35.427555084228516,1.0,0,128,1193.0546875,0.0005171612720005214,29,final_hidden,2026-07-10T14:47:28.970617+00:00,nonpad_flattened,EleutherAI/pythia-70m
3584,64,0,16,main,wikitext,wikitext-2-raw-v1,validation,cuda,float32,64,pythia_dynamical_edge_normal,26b7b5702e85f3f48652a95f9be74e23223244d1,"[1, 128, 512]",inputs_embeds,paper_style_feedback_dynamics,EleutherAI/pythia-70m,6.824250885983929e-05,direct,fixed_random,35.42754364013672,35.42754364013672,1.0,0,128,1193.0546875,0.0004323737812228501,30,final_hidden,2026-07-10T14:47:28.970617+00:00,nonpad_flattened,EleutherAI/pythia-70m
3584,64,0,16,main,wikitext,wikitext-2-raw-v1,validation,cuda,float32,64,pythia_dynamical_edge_normal,26b7b5702e85f3f48652a95f9be74e23223244d1,"[1, 128, 512]",inputs_embeds,paper_style_feedback_dynamics,EleutherAI/pythia-70m,6.945366476429626e-05,direct,fixed_random,35.42754364013672,35.42754364013672,1.0,0,128,1193.0546875,0.0003566123778000474,31,final_hidden,2026-07-10T14:47:28.970617+00:00,nonpad_flattened,EleutherAI/pythia-70m
3584,64,0,16,main,wikitext,wikitext-2-raw-v1,validation,cuda,float32,64,pythia_dynamical_edge_normal,26b7b5702e85f3f48652a95f9be74e23223244d1,"[1, 128, 512]",inputs_embeds,paper_style_feedback_dynamics,EleutherAI/pythia-70m,6.905797636136413e-05,direct,fixed_random,35.42753601074219,35.42754364013672,1.0,0,128,1193.0546875,0.00026883280952461064,32,final_hidden,2026-07-10T14:47:28.970617+00:00,nonpad_flattened,EleutherAI/pythia-70m
3584,64,0,16,main,wikitext,wikitext-2-raw-v1,validation,cuda,float32,64,pythia_dynamical_edge_normal,26b7b5702e85f3f48652a95f9be74e23223244d1,"[1, 128, 512]",inputs_embeds,paper_style_feedback_dynamics,EleutherAI/pythia-70m,6.959851452847943e-05,direct,fixed_random,35.42753219604492,35.42753601074219,1.0,0,128,1193.0548095703125,0.00019973466987721622,33,final_hidden,2026-07-10T14:47:28.970617+00:00,nonpad_flattened,EleutherAI/pythia-70m
3584,64,0,16,main,wikitext,wikitext-2-raw-v1,validation,cuda,float32,64,pythia_dynamical_edge_normal,26b7b5702e85f3f48652a95f9be74e23223244d1,"[1, 128, 512]",inputs_embeds,paper_style_feedback_dynamics,EleutherAI/pythia-70m,8.245209755841643e-05,direct,fixed_random,35.42753601074219,35.42753219604492,1.0,0,128,1193.0546875,0.0001664309238549322,34,final_hidden,2026-07-10T14:47:28.970617+00:00,nonpad_flattened,EleutherAI/pythia-70m
3584,64,0,16,main,wikitext,wikitext-2-raw-v1,validation,cuda,float32,64,pythia_dynamical_edge_normal,26b7b5702e85f3f48652a95f9be74e23223244d1,"[1, 128, 512]",inputs_embeds,paper_style_feedback_dynamics,EleutherAI/pythia-70m,9.705402771942317e-05,direct,fixed_random,35.427528381347656,35.42753601074219,1.0,0,128,1193.0546875,0.000160558833158575,35,final_hidden,2026-07-10T14:47:28.970617+00:00,nonpad_flattened,EleutherAI/pythia-70m
3584,64,0,16,main,wikitext,wikitext-2-raw-v1,validation,cuda,float32,64,pythia_dynamical_edge_normal,26b7b5702e85f3f48652a95f9be74e23223244d1,"[1, 128, 512]",inputs_embeds,paper_style_feedback_dynamics,EleutherAI/pythia-70m,9.589562250766903e-05,direct,fixed_random,35.427528381347656,35.427528381347656,1.0,0,128,1193.0546875,0.0001344547636108473,36,final_hidden,2026-07-10T14:47:28.970617+00:00,nonpad_flattened,EleutherAI/pythia-70m
3584,64,0,16,main,wikitext,wikitext-2-raw-v1,validation,cuda,float32,64,pythia_dynamical_edge_normal,26b7b5702e85f3f48652a95f9be74e23223244d1,"[1, 128, 512]",inputs_embeds,paper_style_feedback_dynamics,EleutherAI/pythia-70m,8.7152817286551e-05,direct,fixed_random,35.427528381347656,35.427528381347656,1.0,0,128,1193.0546875,0.00012715441698674113,37,final_hidden,2026-07-10T14:47:28.970617+00:00,nonpad_flattened,EleutherAI/pythia-70m
3584,64,0,16,main,wikitext,wikitext-2-raw-v1,validation,cuda,float32,64,pythia_dynamical_edge_normal,26b7b5702e85f3f48652a95f9be74e23223244d1,"[1, 128, 512]",inputs_embeds,paper_style_feedback_dynamics,EleutherAI/pythia-70m,9.908052015816793e-05,direct,fixed_random,35.42752456665039,35.427528381347656,1.0,0,128,1193.0546875,0.0001164569694083184,38,final_hidden,2026-07-10T14:47:28.970617+00:00,nonpad_flattened,EleutherAI/pythia-70m
3584,64,0,16,main,wikitext,wikitext-2-raw-v1,validation,cuda,float32,64,pythia_dynamical_edge_normal,26b7b5702e85f3f48652a95f9be74e23223244d1,"[1, 128, 512]",inputs_embeds,paper_style_feedback_dynamics,EleutherAI/pythia-70m,9.033492096932605e-05,direct,fixed_random,35.42752456665039,35.42752456665039,1.0,0,128,1193.0546875,0.00011674295092234388,39,final_hidden,2026-07-10T14:47:28.970617+00:00,nonpad_flattened,EleutherAI/pythia-70m
3584,64,0,16,main,wikitext,wikitext-2-raw-v1,validation,cuda,float32,64,pythia_dynamical_edge_normal,26b7b5702e85f3f48652a95f9be74e23223244d1,"[1, 128, 512]",inputs_embeds,paper_style_feedback_dynamics,EleutherAI/pythia-70m,9.077110007638112e-05,direct,fixed_random,35.42752456665039,35.42752456665039,1.0,0,128,1193.0546875,0.00010740289144450799,40,final_hidden,2026-07-10T14:47:28.970617+00:00,nonpad_flattened,EleutherAI/pythia-70m
3584,64,0,16,main,wikitext,wikitext-2-raw-v1,validation,cuda,float32,64,pythia_dynamical_edge_normal,26b7b5702e85f3f48652a95f9be74e23223244d1,"[1, 128, 512]",inputs_embeds,paper_style_feedback_dynamics,EleutherAI/pythia-70m,9.409737685928121e-05,direct,fixed_random,35.42752456665039,35.42752456665039,1.0,0,128,1193.0546875,9.537443838780746e-05,41,final_hidden,2026-07-10T14:47:28.970617+00:00,nonpad_flattened,EleutherAI/pythia-70m
3584,64,0,16,main,wikitext,wikitext-2-raw-v1,validation,cuda,float32,64,pythia_dynamical_edge_normal,26b7b5702e85f3f48652a95f9be74e23223244d1,"[1, 128, 512]",inputs_embeds,paper_style_feedback_dynamics,EleutherAI/pythia-70m,8.308987162308767e-05,direct,fixed_random,35.42752456665039,35.42752456665039,1.0,0,128,1193.0546875,8.178207644959912e-05,42,final_hidden,2026-07-10T14:47:28.970617+00:00,nonpad_flattened,EleutherAI/pythia-70m
3584,64,0,16,main,wikitext,wikitext-2-raw-v1,validation,cuda,float32,64,pythia_dynamical_edge_normal,26b7b5702e85f3f48652a95f9be74e23223244d1,"[1, 128, 512]",inputs_embeds,paper_style_feedback_dynamics,EleutherAI/pythia-70m,8.339477790286765e-05,direct,fixed_random,35.42752456665039,35.42752456665039,1.0,0,128,1193.0546875,6.0303762438707054e-05,43,final_hidden,2026-07-10T14:47:28.970617+00:00,nonpad_flattened,EleutherAI/pythia-70m
3584,64,0,16,main,wikitext,wikitext-2-raw-v1,validation,cuda,float32,64,pythia_dynamical_edge_normal,26b7b5702e85f3f48652a95f9be74e23223244d1,"[1, 128, 512]",inputs_embeds,paper_style_feedback_dynamics,EleutherAI/pythia-70m,7.974061009008437e-05,direct,fixed_random,35.427520751953125,35.42752456665039,1.0,0,128,1193.0546875,5.3633844800060615e-05,44,final_hidden,2026-07-10T14:47:28.970617+00:00,nonpad_flattened,EleutherAI/pythia-70m
3584,64,0,16,main,wikitext,wikitext-2-raw-v1,validation,cuda,float32,64,pythia_dynamical_edge_normal,26b7b5702e85f3f48652a95f9be74e23223244d1,"[1, 128, 512]",inputs_embeds,paper_style_feedback_dynamics,EleutherAI/pythia-70m,8.549009362468496e-05,direct,fixed_random,35.427520751953125,35.427520751953125,1.0,0,128,1193.0546875,4.87602774228435e-05,45,final_hidden,2026-07-10T14:47:28.970617+00:00,nonpad_flattened,EleutherAI/pythia-70m
3584,64,0,16,main,wikitext,wikitext-2-raw-v1,validation,cuda,float32,64,pythia_dynamical_edge_normal,26b7b5702e85f3f48652a95f9be74e23223244d1,"[1, 128, 512]",inputs_embeds,paper_style_feedback_dynamics,EleutherAI/pythia-70m,7.992871542228386e-05,direct,fixed_random,35.427520751953125,35.427520751953125,1.0,0,128,1193.0546875,5.066923768026754e-05,46,final_hidden,2026-07-10T14:47:28.970617+00:00,nonpad_flattened,EleutherAI/pythia-70m
3584,64,0,16,main,wikitext,wikitext-2-raw-v1,validation,cuda,float32,64,pythia_dynamical_edge_normal,26b7b5702e85f3f48652a95f9be74e23223244d1,"[1, 128, 512]",inputs_embeds,paper_style_feedback_dynamics,EleutherAI/pythia-70m,7.608876330778003e-05,direct,fixed_random,35.427520751953125,35.427520751953125,1.0,0,128,1193.0546875,4.387386798043735e-05,47,final_hidden,2026-07-10T14:47:28.970617+00:00,nonpad_flattened,EleutherAI/pythia-70m
3584,64,0,16,main,wikitext,wikitext-2-raw-v1,validation,cuda,float32,64,pythia_dynamical_edge_normal,26b7b5702e85f3f48652a95f9be74e23223244d1,"[1, 128, 512]",inputs_embeds,paper_style_feedback_dynamics,EleutherAI/pythia-70m,8.546372555429116e-05,direct,fixed_random,35.427520751953125,35.427520751953125,1.0,0,128,1193.0546875,5.9269539633532986e-05,48,final_hidden,2026-07-10T14:47:28.970617+00:00,nonpad_flattened,EleutherAI/pythia-70m
3584,64,0,16,main,wikitext,wikitext-2-raw-v1,validation,cuda,float32,64,pythia_dynamical_edge_normal,26b7b5702e85f3f48652a95f9be74e23223244d1,"[1, 128, 512]",inputs_embeds,paper_style_feedback_dynamics,EleutherAI/pythia-70m,9.288884029956535e-05,direct,fixed_random,35.42752456665039,35.427520751953125,1.0,0,128,1193.0546875,7.479912892449647e-05,49,final_hidden,2026-07-10T14:47:28.970617+00:00,nonpad_flattened,EleutherAI/pythia-70m
3584,64,0,16,main,wikitext,wikitext-2-raw-v1,validation,cuda,float32,64,pythia_dynamical_edge_normal,26b7b5702e85f3f48652a95f9be74e23223244d1,"[1, 128, 512]",inputs_embeds,paper_style_feedback_dynamics,EleutherAI/pythia-70m,7.783962064422667e-05,direct,fixed_random,35.427528381347656,35.42752456665039,1.0,0,128,1193.0546875,5.860599048901349e-05,50,final_hidden,2026-07-10T14:47:28.970617+00:00,nonpad_flattened,EleutherAI/pythia-70m
3584,64,0,16,main,wikitext,wikitext-2-raw-v1,validation,cuda,float32,64,pythia_dynamical_edge_normal,26b7b5702e85f3f48652a95f9be74e23223244d1,"[1, 128, 512]",inputs_embeds,paper_style_feedback_dynamics,EleutherAI/pythia-70m,7.895981980254874e-05,direct,fixed_random,35.42752456665039,35.427528381347656,1.0,0,128,1193.0546875,4.169422390987165e-05,51,final_hidden,2026-07-10T14:47:28.970617+00:00,nonpad_flattened,EleutherAI/pythia-70m
3584,64,0,16,main,wikitext,wikitext-2-raw-v1,validation,cuda,float32,64,pythia_dynamical_edge_normal,26b7b5702e85f3f48652a95f9be74e23223244d1,"[1, 128, 512]",inputs_embeds,paper_style_feedback_dynamics,EleutherAI/pythia-70m,7.9448422184214e-05,direct,fixed_random,35.42752456665039,35.42752456665039,1.0,0,128,1193.0546875,4.205015648039989e-05,52,final_hidden,2026-07-10T14:47:28.970617+00:00,nonpad_flattened,EleutherAI/pythia-70m
3584,64,0,16,main,wikitext,wikitext-2-raw-v1,validation,cuda,float32,64,pythia_dynamical_edge_normal,26b7b5702e85f3f48652a95f9be74e23223244d1,"[1, 128, 512]",inputs_embeds,paper_style_feedback_dynamics,EleutherAI/pythia-70m,8.006054122233763e-05,direct,fixed_random,35.42752456665039,35.42752456665039,1.0,0,128,1193.0546875,5.2149625844322145e-05,53,final_hidden,2026-07-10T14:47:28.970617+00:00,nonpad_flattened,EleutherAI/pythia-70m
3584,64,0,16,main,wikitext,wikitext-2-raw-v1,validation,cuda,float32,64,pythia_dynamical_edge_normal,26b7b5702e85f3f48652a95f9be74e23223244d1,"[1, 128, 512]",inputs_embeds,paper_style_feedback_dynamics,EleutherAI/pythia-70m,8.610999066149816e-05,direct,fixed_random,35.427520751953125,35.42752456665039,1.0,0,128,1193.0546875,6.88179352437146e-05,54,final_hidden,2026-07-10T14:47:28.970617+00:00,nonpad_flattened,EleutherAI/pythia-70m
3584,64,0,16,main,wikitext,wikitext-2-raw-v1,validation,cuda,float32,64,pythia_dynamical_edge_normal,26b7b5702e85f3f48652a95f9be74e23223244d1,"[1, 128, 512]",inputs_embeds,paper_style_feedback_dynamics,EleutherAI/pythia-70m,8.065642032306641e-05,direct,fixed_random,35.42752456665039,35.427520751953125,1.0,0,128,1193.0546875,6.428786582546309e-05,55,final_hidden,2026-07-10T14:47:28.970617+00:00,nonpad_flattened,EleutherAI/pythia-70m
3584,64,0,16,main,wikitext,wikitext-2-raw-v1,validation,cuda,float32,64,pythia_dynamical_edge_normal,26b7b5702e85f3f48652a95f9be74e23223244d1,"[1, 128, 512]",inputs_embeds,paper_style_feedback_dynamics,EleutherAI/pythia-70m,7.471246499335393e-05,direct,fixed_random,35.427520751953125,35.42752456665039,1.0,0,128,1193.0546875,5.895994763704948e-05,56,final_hidden,2026-07-10T14:47:28.970617+00:00,nonpad_flattened,EleutherAI/pythia-70m
3584,64,0,16,main,wikitext,wikitext-2-raw-v1,validation,cuda,float32,64,pythia_dynamical_edge_normal,26b7b5702e85f3f48652a95f9be74e23223244d1,"[1, 128, 512]",inputs_embeds,paper_style_feedback_dynamics,EleutherAI/pythia-70m,6.967949593672529e-05,direct,fixed_random,35.427520751953125,35.427520751953125,1.0,0,128,1193.0546875,5.1421076932456344e-05,57,final_hidden,2026-07-10T14:47:28.970617+00:00,nonpad_flattened,EleutherAI/pythia-70m
3584,64,0,16,main,wikitext,wikitext-2-raw-v1,validation,cuda,float32,64,pythia_dynamical_edge_normal,26b7b5702e85f3f48652a95f9be74e23223244d1,"[1, 128, 512]",inputs_embeds,paper_style_feedback_dynamics,EleutherAI/pythia-70m,8.27927578939125e-05,direct,fixed_random,35.427520751953125,35.427520751953125,1.0,0,128,1193.0546875,5.8184534282190725e-05,58,final_hidden,2026-07-10T14:47:28.970617+00:00,nonpad_flattened,EleutherAI/pythia-70m
3584,64,0,16,main,wikitext,wikitext-2-raw-v1,validation,cuda,float32,64,pythia_dynamical_edge_normal,26b7b5702e85f3f48652a95f9be74e23223244d1,"[1, 128, 512]",inputs_embeds,paper_style_feedback_dynamics,EleutherAI/pythia-70m,7.851910049794242e-05,direct,fixed_random,35.42752456665039,35.427520751953125,1.0,0,128,1193.0546875,6.297479558270425e-05,59,final_hidden,2026-07-10T14:47:28.970617+00:00,nonpad_flattened,EleutherAI/pythia-70m
3584,64,0,16,main,wikitext,wikitext-2-raw-v1,validation,cuda,float32,64,pythia_dynamical_edge_normal,26b7b5702e85f3f48652a95f9be74e23223244d1,"[1, 128, 512]",inputs_embeds,paper_style_feedback_dynamics,EleutherAI/pythia-70m,8.109853661153466e-05,direct,fixed_random,35.427520751953125,35.42752456665039,1.0,0,128,1193.0546875,7.407106022583321e-05,60,final_hidden,2026-07-10T14:47:28.970617+00:00,nonpad_flattened,EleutherAI/pythia-70m
3584,64,0,16,main,wikitext,wikitext-2-raw-v1,validation,cuda,float32,64,pythia_dynamical_edge_normal,26b7b5702e85f3f48652a95f9be74e23223244d1,"[1, 128, 512]",inputs_embeds,paper_style_feedback_dynamics,EleutherAI/pythia-70m,8.557329420000315e-05,direct,fixed_random,35.427520751953125,35.427520751953125,1.0,0,128,1193.0546875,7.232877396745607e-05,61,final_hidden,2026-07-10T14:47:28.970617+00:00,nonpad_flattened,EleutherAI/pythia-70m
3584,64,0,16,main,wikitext,wikitext-2-raw-v1,validation,cuda,float32,64,pythia_dynamical_edge_normal,26b7b5702e85f3f48652a95f9be74e23223244d1,"[1, 128, 512]",inputs_embeds,paper_style_feedback_dynamics,EleutherAI/pythia-70m,7.82890128903091e-05,direct,fixed_random,35.42752456665039,35.427520751953125,1.0,0,128,1193.0546875,5.826594860991463e-05,62,final_hidden,2026-07-10T14:47:28.970617+00:00,nonpad_flattened,EleutherAI/pythia-70m
65536,64,1,16,main,wikitext,wikitext-2-raw-v1,validation,cuda,float32,64,pythia_dynamical_edge_normal,26b7b5702e85f3f48652a95f9be74e23223244d1,"[1, 128, 512]",inputs_embeds,paper_style_feedback_dynamics,EleutherAI/pythia-70m,0.0005579235148616135,direct,fixed_random,38.162994384765625,38.15309143066406,1.0,1,128,5100.978515625,2.468066930770874,0,final_hidden,2026-07-10T14:47:28.970617+00:00,nonpad_flattened,EleutherAI/pythia-70m
65536,64,1,16,main,wikitext,wikitext-2-raw-v1,validation,cuda,float32,64,pythia_dynamical_edge_normal,26b7b5702e85f3f48652a95f9be74e23223244d1,"[1, 128, 512]",inputs_embeds,paper_style_feedback_dynamics,EleutherAI/pythia-70m,0.000490630220156163,direct,fixed_random,38.17085266113281,38.162994384765625,1.0,1,128,5101.14404296875,1.9389222860336304,1,final_hidden,2026-07-10T14:47:28.970617+00:00,nonpad_flattened,EleutherAI/pythia-70m
65536,64,1,16,main,wikitext,wikitext-2-raw-v1,validation,cuda,float32,64,pythia_dynamical_edge_normal,26b7b5702e85f3f48652a95f9be74e23223244d1,"[1, 128, 512]",inputs_embeds,paper_style_feedback_dynamics,EleutherAI/pythia-70m,0.0004399034660309553,direct,fixed_random,38.17707824707031,38.17085266113281,1.0,1,128,5101.271484375,1.524596929550171,2,final_hidden,2026-07-10T14:47:28.970617+00:00,nonpad_flattened,EleutherAI/pythia-70m
65536,64,1,16,main,wikitext,wikitext-2-raw-v1,validation,cuda,float32,64,pythia_dynamical_edge_normal,26b7b5702e85f3f48652a95f9be74e23223244d1,"[1, 128, 512]",inputs_embeds,paper_style_feedback_dynamics,EleutherAI/pythia-70m,0.00041237848927266896,direct,fixed_random,38.1820182800293,38.17707824707031,1.0,1,128,5101.3701171875,1.1996592283248901,3,final_hidden,2026-07-10T14:47:28.970617+00:00,nonpad_flattened,EleutherAI/pythia-70m
65536,64,1,16,main,wikitext,wikitext-2-raw-v1,validation,cuda,float32,64,pythia_dynamical_edge_normal,26b7b5702e85f3f48652a95f9be74e23223244d1,"[1, 128, 512]",inputs_embeds,paper_style_feedback_dynamics,EleutherAI/pythia-70m,0.0003710986056830734,direct,fixed_random,38.18592834472656,38.1820182800293,1.0,1,128,5101.4462890625,0.9444786906242371,4,final_hidden,2026-07-10T14:47:28.970617+00:00,nonpad_flattened,EleutherAI/pythia-70m
65536,64,1,16,main,wikitext,wikitext-2-raw-v1,validation,cuda,float32,64,pythia_dynamical_edge_normal,26b7b5702e85f3f48652a95f9be74e23223244d1,"[1, 128, 512]",inputs_embeds,paper_style_feedback_dynamics,EleutherAI/pythia-70m,0.00036274653393775225,direct,fixed_random,38.18902587890625,38.18592834472656,1.0,1,128,5101.505859375,0.7439035177230835,5,final_hidden,2026-07-10T14:47:28.970617+00:00,nonpad_flattened,EleutherAI/pythia-70m
65536,64,1,16,main,wikitext,wikitext-2-raw-v1,validation,cuda,float32,64,pythia_dynamical_edge_normal,26b7b5702e85f3f48652a95f9be74e23223244d1,"[1, 128, 512]",inputs_embeds,paper_style_feedback_dynamics,EleutherAI/pythia-70m,0.0003573800204321742,direct,fixed_random,38.19147491455078,38.18902587890625,1.0,1,128,5101.5517578125,0.5861110687255859,6,final_hidden,2026-07-10T14:47:28.970617+00:00,nonpad_flattened,EleutherAI/pythia-70m
65536,64,1,16,main,wikitext,wikitext-2-raw-v1,validation,cuda,float32,64,pythia_dynamical_edge_normal,26b7b5702e85f3f48652a95f9be74e23223244d1,"[1, 128, 512]",inputs_embeds,paper_style_feedback_dynamics,EleutherAI/pythia-70m,0.00034771233913488686,direct,fixed_random,38.193416595458984,38.19147491455078,1.0,1,128,5101.58740234375,0.4619145095348358,7,final_hidden,2026-07-10T14:47:28.970617+00:00,nonpad_flattened,EleutherAI/pythia-70m
65536,64,1,16,main,wikitext,wikitext-2-raw-v1,validation,cuda,float32,64,pythia_dynamical_edge_normal,26b7b5702e85f3f48652a95f9be74e23223244d1,"[1, 128, 512]",inputs_embeds,paper_style_feedback_dynamics,EleutherAI/pythia-70m,0.0003406743926461786,direct,fixed_random,38.194950103759766,38.193416595458984,1.0,1,128,5101.61572265625,0.3641161024570465,8,final_hidden,2026-07-10T14:47:28.970617+00:00,nonpad_flattened,EleutherAI/pythia-70m
65536,64,1,16,main,wikitext,wikitext-2-raw-v1,validation,cuda,float32,64,pythia_dynamical_edge_normal,26b7b5702e85f3f48652a95f9be74e23223244d1,"[1, 128, 512]",inputs_embeds,paper_style_feedback_dynamics,EleutherAI/pythia-70m,0.00035891187144443393,direct,fixed_random,38.19617462158203,38.194950103759766,1.0,1,128,5101.6376953125,0.28705930709838867,9,final_hidden,2026-07-10T14:47:28.970617+00:00,nonpad_flattened,EleutherAI/pythia-70m
65536,64,1,16,main,wikitext,wikitext-2-raw-v1,validation,cuda,float32,64,pythia_dynamical_edge_normal,26b7b5702e85f3f48652a95f9be74e23223244d1,"[1, 128, 512]",inputs_embeds,paper_style_feedback_dynamics,EleutherAI/pythia-70m,0.00034039653837680817,direct,fixed_random,38.197139739990234,38.19617462158203,1.0,1,128,5101.65478515625,0.22635290026664734,10,final_hidden,2026-07-10T14:47:28.970617+00:00,nonpad_flattened,EleutherAI/pythia-70m
65536,64,1,16,main,wikitext,wikitext-2-raw-v1,validation,cuda,float32,64,pythia_dynamical_edge_normal,26b7b5702e85f3f48652a95f9be74e23223244d1,"[1, 128, 512]",inputs_embeds,paper_style_feedback_dynamics,EleutherAI/pythia-70m,0.0003398879198357463,direct,fixed_random,38.197898864746094,38.197139739990234,1.0,1,128,5101.66796875,0.17851492762565613,11,final_hidden,2026-07-10T14:47:28.970617+00:00,nonpad_flattened,EleutherAI/pythia-70m
65536,64,1,16,main,wikitext,wikitext-2-raw-v1,validation,cuda,float32,64,pythia_dynamical_edge_normal,26b7b5702e85f3f48652a95f9be74e23223244d1,"[1, 128, 512]",inputs_embeds,paper_style_feedback_dynamics,EleutherAI/pythia-70m,0.0003428594209253788,direct,fixed_random,38.19850540161133,38.197898864746094,1.0,1,128,5101.67822265625,0.14076927304267883,12,final_hidden,2026-07-10T14:47:28.970617+00:00,nonpad_flattened,EleutherAI/pythia-70m
65536,64,1,16,main,wikitext,wikitext-2-raw-v1,validation,cuda,float32,64,pythia_dynamical_edge_normal,26b7b5702e85f3f48652a95f9be74e23223244d1,"[1, 128, 512]",inputs_embeds,paper_style_feedback_dynamics,EleutherAI/pythia-70m,0.00034298322862014174,direct,fixed_random,38.198974609375,38.19850540161133,1.0,1,128,5101.6865234375,0.11103200912475586,13,final_hidden,2026-07-10T14:47:28.970617+00:00,nonpad_flattened,EleutherAI/pythia-70m
65536,64,1,16,main,wikitext,wikitext-2-raw-v1,validation,cuda,float32,64,pythia_dynamical_edge_normal,26b7b5702e85f3f48652a95f9be74e23223244d1,"[1, 128, 512]",inputs_embeds,paper_style_feedback_dynamics,EleutherAI/pythia-70m,0.0003364634467288852,direct,fixed_random,38.19935607910156,38.198974609375,1.0,1,128,5101.69287109375,0.0875777080655098,14,final_hidden,2026-07-10T14:47:28.970617+00:00,nonpad_flattened,EleutherAI/pythia-70m
65536,64,1,16,main,wikitext,wikitext-2-raw-v1,validation,cuda,float32,64,pythia_dynamical_edge_normal,26b7b5702e85f3f48652a95f9be74e23223244d1,"[1, 128, 512]",inputs_embeds,paper_style_feedback_dynamics,EleutherAI/pythia-70m,0.00032506996649317443,direct,fixed_random,38.199649810791016,38.19935607910156,1.0,1,128,5101.69775390625,0.06909807026386261,15,final_hidden,2026-07-10T14:47:28.970617+00:00,nonpad_flattened,EleutherAI/pythia-70m
65536,64,1,16,main,wikitext,wikitext-2-raw-v1,validation,cuda,float32,64,pythia_dynamical_edge_normal,26b7b5702e85f3f48652a95f9be74e23223244d1,"[1, 128, 512]",inputs_embeds,paper_style_feedback_dynamics,EleutherAI/pythia-70m,0.0003268249274697155,direct,fixed_random,38.19989013671875,38.199649810791016,1.0,1,128,5101.7021484375,0.054485540837049484,16,final_hidden,2026-07-10T14:47:28.970617+00:00,nonpad_flattened,EleutherAI/pythia-70m
65536,64,1,16,main,wikitext,wikitext-2-raw-v1,validation,cuda,float32,64,pythia_dynamical_edge_normal,26b7b5702e85f3f48652a95f9be74e23223244d1,"[1, 128, 512]",inputs_embeds,paper_style_feedback_dynamics,EleutherAI/pythia-70m,0.00032149284379556775,direct,fixed_random,38.200077056884766,38.19989013671875,1.0,1,128,5101.705078125,0.043007299304008484,17,final_hidden,2026-07-10T14:47:28.970617+00:00,nonpad_flattened,EleutherAI/pythia-70m
65536,64,1,16,main,wikitext,wikitext-2-raw-v1,validation,cuda,float32,64,pythia_dynamical_edge_normal,26b7b5702e85f3f48652a95f9be74e23223244d1,"[1, 128, 512]",inputs_embeds,paper_style_feedback_dynamics,EleutherAI/pythia-70m,0.0003324145800434053,direct,fixed_random,38.200225830078125,38.200077056884766,1.0,1,128,5101.70751953125,0.03390638902783394,18,final_hidden,2026-07-10T14:47:28.970617+00:00,nonpad_flattened,EleutherAI/pythia-70m
65536,64,1,16,main,wikitext,wikitext-2-raw-v1,validation,cuda,float32,64,pythia_dynamical_edge_normal,26b7b5702e85f3f48652a95f9be74e23223244d1,"[1, 128, 512]",inputs_embeds,paper_style_feedback_dynamics,EleutherAI/pythia-70m,0.0003357637906447053,direct,fixed_random,38.20033264160156,38.200225830078125,1.0,1,128,5101.70947265625,0.026771510019898415,19,final_hidden,2026-07-10T14:47:28.970617+00:00,nonpad_flattened,EleutherAI/pythia-70m
65536,64,1,16,main,wikitext,wikitext-2-raw-v1,validation,cuda,float32,64,pythia_dynamical_edge_normal,26b7b5702e85f3f48652a95f9be74e23223244d1,"[1, 128, 512]",inputs_embeds,paper_style_feedback_dynamics,EleutherAI/pythia-70m,0.000337953184498474,direct,fixed_random,38.2004280090332,38.20033264160156,1.0,1,128,5101.7109375,0.02111722342669964,20,final_hidden,2026-07-10T14:47:28.970617+00:00,nonpad_flattened,EleutherAI/pythia-70m
65536,64,1,16,main,wikitext,wikitext-2-raw-v1,validation,cuda,float32,64,pythia_dynamical_edge_normal,26b7b5702e85f3f48652a95f9be74e23223244d1,"[1, 128, 512]",inputs_embeds,paper_style_feedback_dynamics,EleutherAI/pythia-70m,0.0003304029814898968,direct,fixed_random,38.20050048828125,38.2004280090332,1.0,1,128,5101.71240234375,0.016646312549710274,21,final_hidden,2026-07-10T14:47:28.970617+00:00,nonpad_flattened,EleutherAI/pythia-70m
65536,64,1,16,main,wikitext,wikitext-2-raw-v1,validation,cuda,float32,64,pythia_dynamical_edge_normal,26b7b5702e85f3f48652a95f9be74e23223244d1,"[1, 128, 512]",inputs_embeds,paper_style_feedback_dynamics,EleutherAI/pythia-70m,0.0003466021444182843,direct,fixed_random,38.2005500793457,38.20050048828125,1.0,1,128,5101.71337890625,0.013146390207111835,22,final_hidden,2026-07-10T14:47:28.970617+00:00,nonpad_flattened,EleutherAI/pythia-70m
65536,64,1,16,main,wikitext,wikitext-2-raw-v1,validation,cuda,float32,64,pythia_dynamical_edge_normal,26b7b5702e85f3f48652a95f9be74e23223244d1,"[1, 128, 512]",inputs_embeds,paper_style_feedback_dynamics,EleutherAI/pythia-70m,0.00033762556267902255,direct,fixed_random,38.20060348510742,38.2005500793457,1.0,1,128,5101.7138671875,0.010329586453735828,23,final_hidden,2026-07-10T14:47:28.970617+00:00,nonpad_flattened,EleutherAI/pythia-70m
65536,64,1,16,main,wikitext,wikitext-2-raw-v1,validation,cuda,float32,64,pythia_dynamical_edge_normal,26b7b5702e85f3f48652a95f9be74e23223244d1,"[1, 128, 512]",inputs_embeds,paper_style_feedback_dynamics,EleutherAI/pythia-70m,0.0003362179559189826,direct,fixed_random,38.20063781738281,38.20060348510742,1.0,1,128,5101.71484375,0.00816961470991373,24,final_hidden,2026-07-10T14:47:28.970617+00:00,nonpad_flattened,EleutherAI/pythia-70m
65536,64,1,16,main,wikitext,wikitext-2-raw-v1,validation,cuda,float32,64,pythia_dynamical_edge_normal,26b7b5702e85f3f48652a95f9be74e23223244d1,"[1, 128, 512]",inputs_embeds,paper_style_feedback_dynamics,EleutherAI/pythia-70m,0.0003350938204675913,direct,fixed_random,38.20066452026367,38.20063781738281,1.0,1,128,5101.71484375,0.006525835953652859,25,final_hidden,2026-07-10T14:47:28.970617+00:00,nonpad_flattened,EleutherAI/pythia-70m
65536,64,1,16,main,wikitext,wikitext-2-raw-v1,validation,cuda,float32,64,pythia_dynamical_edge_normal,26b7b5702e85f3f48652a95f9be74e23223244d1,"[1, 128, 512]",inputs_embeds,paper_style_feedback_dynamics,EleutherAI/pythia-70m,0.00033960293512791395,direct,fixed_random,38.20069122314453,38.20066452026367,1.0,1,128,5101.71533203125,0.005113586783409119,26,final_hidden,2026-07-10T14:47:28.970617+00:00,nonpad_flattened,EleutherAI/pythia-70m
65536,64,1,16,main,wikitext,wikitext-2-raw-v1,validation,cuda,float32,64,pythia_dynamical_edge_normal,26b7b5702e85f3f48652a95f9be74e23223244d1,"[1, 128, 512]",inputs_embeds,paper_style_feedback_dynamics,EleutherAI/pythia-70m,0.00033086742041632533,direct,fixed_random,38.200706481933594,38.20069122314453,1.0,1,128,5101.7158203125,0.004072092939168215,27,final_hidden,2026-07-10T14:47:28.970617+00:00,nonpad_flattened,EleutherAI/pythia-70m
65536,64,1,16,main,wikitext,wikitext-2-raw-v1,validation,cuda,float32,64,pythia_dynamical_edge_normal,26b7b5702e85f3f48652a95f9be74e23223244d1,"[1, 128, 512]",inputs_embeds,paper_style_feedback_dynamics,EleutherAI/pythia-70m,0.00035203431616537273,direct,fixed_random,38.20072555541992,38.200706481933594,1.0,1,128,5101.7158203125,0.0032401583157479763,28,final_hidden,2026-07-10T14:47:28.970617+00:00,nonpad_flattened,EleutherAI/pythia-70m
65536,64,1,16,main,wikitext,wikitext-2-raw-v1,validation,cuda,float32,64,pythia_dynamical_edge_normal,26b7b5702e85f3f48652a95f9be74e23223244d1,"[1, 128, 512]",inputs_embeds,paper_style_feedback_dynamics,EleutherAI/pythia-70m,0.0003295039932709187,direct,fixed_random,38.20073699951172,38.20072555541992,1.0,1,128,5101.71630859375,0.0025024949572980404,29,final_hidden,2026-07-10T14:47:28.970617+00:00,nonpad_flattened,EleutherAI/pythia-70m
65536,64,1,16,main,wikitext,wikitext-2-raw-v1,validation,cuda,float32,64,pythia_dynamical_edge_normal,26b7b5702e85f3f48652a95f9be74e23223244d1,"[1, 128, 512]",inputs_embeds,paper_style_feedback_dynamics,EleutherAI/pythia-70m,0.00032814982114359736,direct,fixed_random,38.200748443603516,38.20073699951172,1.0,1,128,5101.71630859375,0.0019736376125365496,30,final_hidden,2026-07-10T14:47:28.970617+00:00,nonpad_flattened,EleutherAI/pythia-70m
65536,64,1,16,main,wikitext,wikitext-2-raw-v1,validation,cuda,float32,64,pythia_dynamical_edge_normal,26b7b5702e85f3f48652a95f9be74e23223244d1,"[1, 128, 512]",inputs_embeds,paper_style_feedback_dynamics,EleutherAI/pythia-70m,0.00032053113682195544,direct,fixed_random,38.20075225830078,38.200748443603516,1.0,1,128,5101.71630859375,0.001645233714953065,31,final_hidden,2026-07-10T14:47:28.970617+00:00,nonpad_flattened,EleutherAI/pythia-70m
65536,64,1,16,main,wikitext,wikitext-2-raw-v1,validation,cuda,float32,64,pythia_dynamical_edge_normal,26b7b5702e85f3f48652a95f9be74e23223244d1,"[1, 128, 512]",inputs_embeds,paper_style_feedback_dynamics,EleutherAI/pythia-70m,0.00031357433181256056,direct,fixed_random,38.20075988769531,38.20075225830078,1.0,1,128,5101.716796875,0.00130682613234967,32,final_hidden,2026-07-10T14:47:28.970617+00:00,nonpad_flattened,EleutherAI/pythia-70m
65536,64,1,16,main,wikitext,wikitext-2-raw-v1,validation,cuda,float32,64,pythia_dynamical_edge_normal,26b7b5702e85f3f48652a95f9be74e23223244d1,"[1, 128, 512]",inputs_embeds,paper_style_feedback_dynamics,EleutherAI/pythia-70m,0.0003313415218144655,direct,fixed_random,38.20075988769531,38.20075988769531,1.0,1,128,5101.716796875,0.0009776450460776687,33,final_hidden,2026-07-10T14:47:28.970617+00:00,nonpad_flattened,EleutherAI/pythia-70m
65536,64,1,16,main,wikitext,wikitext-2-raw-v1,validation,cuda,float32,64,pythia_dynamical_edge_normal,26b7b5702e85f3f48652a95f9be74e23223244d1,"[1, 128, 512]",inputs_embeds,paper_style_feedback_dynamics,EleutherAI/pythia-70m,0.000337836827384308,direct,fixed_random,38.20076370239258,38.20075988769531,1.0,1,128,5101.716796875,0.0007602662080898881,34,final_hidden,2026-07-10T14:47:28.970617+00:00,nonpad_flattened,EleutherAI/pythia-70m
65536,64,1,16,main,wikitext,wikitext-2-raw-v1,validation,cuda,float32,64,pythia_dynamical_edge_normal,26b7b5702e85f3f48652a95f9be74e23223244d1,"[1, 128, 512]",inputs_embeds,paper_style_feedback_dynamics,EleutherAI/pythia-70m,0.0003990708210039884,direct,fixed_random,38.20075988769531,38.20076370239258,1.0,1,128,5101.716796875,0.000678334676194936,35,final_hidden,2026-07-10T14:47:28.970617+00:00,nonpad_flattened,EleutherAI/pythia-70m
65536,64,1,16,main,wikitext,wikitext-2-raw-v1,validation,cuda,float32,64,pythia_dynamical_edge_normal,26b7b5702e85f3f48652a95f9be74e23223244d1,"[1, 128, 512]",inputs_embeds,paper_style_feedback_dynamics,EleutherAI/pythia-70m,0.0004063442465849221,direct,fixed_random,38.200767517089844,38.20075988769531,1.0,1,128,5101.716796875,0.0006022523157298565,36,final_hidden,2026-07-10T14:47:28.970617+00:00,nonpad_flattened,EleutherAI/pythia-70m
65536,64,1,16,main,wikitext,wikitext-2-raw-v1,validation,cuda,float32,64,pythia_dynamical_edge_normal,26b7b5702e85f3f48652a95f9be74e23223244d1,"[1, 128, 512]",inputs_embeds,paper_style_feedback_dynamics,EleutherAI/pythia-70m,0.00041223008884117007,direct,fixed_random,38.20076370239258,38.200767517089844,1.0,1,128,5101.716796875,0.0005603532190434635,37,final_hidden,2026-07-10T14:47:28.970617+00:00,nonpad_flattened,EleutherAI/pythia-70m
65536,64,1,16,main,wikitext,wikitext-2-raw-v1,validation,cuda,float32,64,pythia_dynamical_edge_normal,26b7b5702e85f3f48652a95f9be74e23223244d1,"[1, 128, 512]",inputs_embeds,paper_style_feedback_dynamics,EleutherAI/pythia-70m,0.0004131224995944649,direct,fixed_random,38.200767517089844,38.20076370239258,1.0,1,128,5101.716796875,0.0005072950152680278,38,final_hidden,2026-07-10T14:47:28.970617+00:00,nonpad_flattened,EleutherAI/pythia-70m
65536,64,1,16,main,wikitext,wikitext-2-raw-v1,validation,cuda,float32,64,pythia_dynamical_edge_normal,26b7b5702e85f3f48652a95f9be74e23223244d1,"[1, 128, 512]",inputs_embeds,paper_style_feedback_dynamics,EleutherAI/pythia-70m,0.0004140458768233657,direct,fixed_random,38.200767517089844,38.200767517089844,1.0,1,128,5101.716796875,0.0004939072532579303,39,final_hidden,2026-07-10T14:47:28.970617+00:00,nonpad_flattened,EleutherAI/pythia-70m
65536,64,1,16,main,wikitext,wikitext-2-raw-v1,validation,cuda,float32,64,pythia_dynamical_edge_normal,26b7b5702e85f3f48652a95f9be74e23223244d1,"[1, 128, 512]",inputs_embeds,paper_style_feedback_dynamics,EleutherAI/pythia-70m,0.00039117931737564504,direct,fixed_random,38.200767517089844,38.200767517089844,1.0,1,128,5101.716796875,0.00046100461622700095,40,final_hidden,2026-07-10T14:47:28.970617+00:00,nonpad_flattened,EleutherAI/pythia-70m
65536,64,1,16,main,wikitext,wikitext-2-raw-v1,validation,cuda,float32,64,pythia_dynamical_edge_normal,26b7b5702e85f3f48652a95f9be74e23223244d1,"[1, 128, 512]",inputs_embeds,paper_style_feedback_dynamics,EleutherAI/pythia-70m,0.00038632896030321717,direct,fixed_random,38.200767517089844,38.200767517089844,1.0,1,128,5101.716796875,0.0004088590503670275,41,final_hidden,2026-07-10T14:47:28.970617+00:00,nonpad_flattened,EleutherAI/pythia-70m
65536,64,1,16,main,wikitext,wikitext-2-raw-v1,validation,cuda,float32,64,pythia_dynamical_edge_normal,26b7b5702e85f3f48652a95f9be74e23223244d1,"[1, 128, 512]",inputs_embeds,paper_style_feedback_dynamics,EleutherAI/pythia-70m,0.0003678070497699082,direct,fixed_random,38.200775146484375,38.200767517089844,1.0,1,128,5101.716796875,0.00038133427733555436,42,final_hidden,2026-07-10T14:47:28.970617+00:00,nonpad_flattened,EleutherAI/pythia-70m
65536,64,1,16,main,wikitext,wikitext-2-raw-v1,validation,cuda,float32,64,pythia_dynamical_edge_normal,26b7b5702e85f3f48652a95f9be74e23223244d1,"[1, 128, 512]",inputs_embeds,paper_style_feedback_dynamics,EleutherAI/pythia-70m,0.00034611026057973504,direct,fixed_random,38.200775146484375,38.200775146484375,1.0,1,128,5101.716796875,0.0003077405854128301,43,final_hidden,2026-07-10T14:47:28.970617+00:00,nonpad_flattened,EleutherAI/pythia-70m
65536,64,1,16,main,wikitext,wikitext-2-raw-v1,validation,cuda,float32,64,pythia_dynamical_edge_normal,26b7b5702e85f3f48652a95f9be74e23223244d1,"[1, 128, 512]",inputs_embeds,paper_style_feedback_dynamics,EleutherAI/pythia-70m,0.000332287629134953,direct,fixed_random,38.200775146484375,38.200775146484375,1.0,1,128,5101.716796875,0.0002606652269605547,44,final_hidden,2026-07-10T14:47:28.970617+00:00,nonpad_flattened,EleutherAI/pythia-70m
65536,64,1,16,main,wikitext,wikitext-2-raw-v1,validation,cuda,float32,64,pythia_dynamical_edge_normal,26b7b5702e85f3f48652a95f9be74e23223244d1,"[1, 128, 512]",inputs_embeds,paper_style_feedback_dynamics,EleutherAI/pythia-70m,0.00032292844844050705,direct,fixed_random,38.200775146484375,38.200775146484375,1.0,1,128,5101.716796875,0.00023784631048329175,45,final_hidden,2026-07-10T14:47:28.970617+00:00,nonpad_flattened,EleutherAI/pythia-70m
65536,64,1,16,main,wikitext,wikitext-2-raw-v1,validation,cuda,float32,64,pythia_dynamical_edge_normal,26b7b5702e85f3f48652a95f9be74e23223244d1,"[1, 128, 512]",inputs_embeds,paper_style_feedback_dynamics,EleutherAI/pythia-70m,0.00032429839484393597,direct,fixed_random,38.200775146484375,38.200775146484375,1.0,1,128,5101.716796875,0.00022571533918380737,46,final_hidden,2026-07-10T14:47:28.970617+00:00,nonpad_flattened,EleutherAI/pythia-70m
65536,64,1,16,main,wikitext,wikitext-2-raw-v1,validation,cuda,float32,64,pythia_dynamical_edge_normal,26b7b5702e85f3f48652a95f9be74e23223244d1,"[1, 128, 512]",inputs_embeds,paper_style_feedback_dynamics,EleutherAI/pythia-70m,0.00033702960354276,direct,fixed_random,38.200775146484375,38.200775146484375,1.0,1,128,5101.716796875,0.00024465969181619585,47,final_hidden,2026-07-10T14:47:28.970617+00:00,nonpad_flattened,EleutherAI/pythia-70m
65536,64,1,16,main,wikitext,wikitext-2-raw-v1,validation,cuda,float32,64,pythia_dynamical_edge_normal,26b7b5702e85f3f48652a95f9be74e23223244d1,"[1, 128, 512]",inputs_embeds,paper_style_feedback_dynamics,EleutherAI/pythia-70m,0.0003444833855610341,direct,fixed_random,38.20077133178711,38.200775146484375,1.0,1,128,5101.716796875,0.0002623300242703408,48,final_hidden,2026-07-10T14:47:28.970617+00:00,nonpad_flattened,EleutherAI/pythia-70m
65536,64,1,16,main,wikitext,wikitext-2-raw-v1,validation,cuda,float32,64,pythia_dynamical_edge_normal,26b7b5702e85f3f48652a95f9be74e23223244d1,"[1, 128, 512]",inputs_embeds,paper_style_feedback_dynamics,EleutherAI/pythia-70m,0.0003527463413774967,direct,fixed_random,38.20077133178711,38.20077133178711,1.0,1,128,5101.716796875,0.0002744887606240809,49,final_hidden,2026-07-10T14:47:28.970617+00:00,nonpad_flattened,EleutherAI/pythia-70m
65536,64,1,16,main,wikitext,wikitext-2-raw-v1,validation,cuda,float32,64,pythia_dynamical_edge_normal,26b7b5702e85f3f48652a95f9be74e23223244d1,"[1, 128, 512]",inputs_embeds,paper_style_feedback_dynamics,EleutherAI/pythia-70m,0.0003456449485383928,direct,fixed_random,38.200775146484375,38.20077133178711,1.0,1,128,5101.716796875,0.00027320149820297956,50,final_hidden,2026-07-10T14:47:28.970617+00:00,nonpad_flattened,EleutherAI/pythia-70m
65536,64,1,16,main,wikitext,wikitext-2-raw-v1,validation,cuda,float32,64,pythia_dynamical_edge_normal,26b7b5702e85f3f48652a95f9be74e23223244d1,"[1, 128, 512]",inputs_embeds,paper_style_feedback_dynamics,EleutherAI/pythia-70m,0.00034448556834831834,direct,fixed_random,38.200775146484375,38.200775146484375,1.0,1,128,5101.716796875,0.0002769199782051146,51,final_hidden,2026-07-10T14:47:28.970617+00:00,nonpad_flattened,EleutherAI/pythia-70m
65536,64,1,16,main,wikitext,wikitext-2-raw-v1,validation,cuda,float32,64,pythia_dynamical_edge_normal,26b7b5702e85f3f48652a95f9be74e23223244d1,"[1, 128, 512]",inputs_embeds,paper_style_feedback_dynamics,EleutherAI/pythia-70m,0.00034552684519439936,direct,fixed_random,38.200775146484375,38.200775146484375,1.0,1,128,5101.716796875,0.0002666382060851902,52,final_hidden,2026-07-10T14:47:28.970617+00:00,nonpad_flattened,EleutherAI/pythia-70m
65536,64,1,16,main,wikitext,wikitext-2-raw-v1,validation,cuda,float32,64,pythia_dynamical_edge_normal,26b7b5702e85f3f48652a95f9be74e23223244d1,"[1, 128, 512]",inputs_embeds,paper_style_feedback_dynamics,EleutherAI/pythia-70m,0.0003584438527468592,direct,fixed_random,38.200767517089844,38.200775146484375,1.0,1,128,5101.716796875,0.00026525859721004963,53,final_hidden,2026-07-10T14:47:28.970617+00:00,nonpad_flattened,EleutherAI/pythia-70m
65536,64,1,16,main,wikitext,wikitext-2-raw-v1,validation,cuda,float32,64,pythia_dynamical_edge_normal,26b7b5702e85f3f48652a95f9be74e23223244d1,"[1, 128, 512]",inputs_embeds,paper_style_feedback_dynamics,EleutherAI/pythia-70m,0.0003552077687345445,direct,fixed_random,38.200775146484375,38.200767517089844,1.0,1,128,5101.716796875,0.00026748256641440094,54,final_hidden,2026-07-10T14:47:28.970617+00:00,nonpad_flattened,EleutherAI/pythia-70m
65536,64,1,16,main,wikitext,wikitext-2-raw-v1,validation,cuda,float32,64,pythia_dynamical_edge_normal,26b7b5702e85f3f48652a95f9be74e23223244d1,"[1, 128, 512]",inputs_embeds,paper_style_feedback_dynamics,EleutherAI/pythia-70m,0.0003426200128160417,direct,fixed_random,38.20077133178711,38.200775146484375,1.0,1,128,5101.716796875,0.0002754258457571268,55,final_hidden,2026-07-10T14:47:28.970617+00:00,nonpad_flattened,EleutherAI/pythia-70m
65536,64,1,16,main,wikitext,wikitext-2-raw-v1,validation,cuda,float32,64,pythia_dynamical_edge_normal,26b7b5702e85f3f48652a95f9be74e23223244d1,"[1, 128, 512]",inputs_embeds,paper_style_feedback_dynamics,EleutherAI/pythia-70m,0.0003537458833307028,direct,fixed_random,38.200775146484375,38.20077133178711,1.0,1,128,5101.716796875,0.0002874577767215669,56,final_hidden,2026-07-10T14:47:28.970617+00:00,nonpad_flattened,EleutherAI/pythia-70m
65536,64,1,16,main,wikitext,wikitext-2-raw-v1,validation,cuda,float32,64,pythia_dynamical_edge_normal,26b7b5702e85f3f48652a95f9be74e23223244d1,"[1, 128, 512]",inputs_embeds,paper_style_feedback_dynamics,EleutherAI/pythia-70m,0.00035355205181986094,direct,fixed_random,38.20077133178711,38.200775146484375,1.0,1,128,5101.716796875,0.0002794635947793722,57,final_hidden,2026-07-10T14:47:28.970617+00:00,nonpad_flattened,EleutherAI/pythia-70m
65536,64,1,16,main,wikitext,wikitext-2-raw-v1,validation,cuda,float32,64,pythia_dynamical_edge_normal,26b7b5702e85f3f48652a95f9be74e23223244d1,"[1, 128, 512]",inputs_embeds,paper_style_feedback_dynamics,EleutherAI/pythia-70m,0.0003510267415549606,direct,fixed_random,38.200775146484375,38.20077133178711,1.0,1,128,5101.716796875,0.00027472618967294693,58,final_hidden,2026-07-10T14:47:28.970617+00:00,nonpad_flattened,EleutherAI/pythia-70m
65536,64,1,16,main,wikitext,wikitext-2-raw-v1,validation,cuda,float32,64,pythia_dynamical_edge_normal,26b7b5702e85f3f48652a95f9be74e23223244d1,"[1, 128, 512]",inputs_embeds,paper_style_feedback_dynamics,EleutherAI/pythia-70m,0.0003431935328990221,direct,fixed_random,38.200775146484375,38.200775146484375,1.0,1,128,5101.716796875,0.00026067011640407145,59,final_hidden,2026-07-10T14:47:28.970617+00:00,nonpad_flattened,EleutherAI/pythia-70m
65536,64,1,16,main,wikitext,wikitext-2-raw-v1,validation,cuda,float32,64,pythia_dynamical_edge_normal,26b7b5702e85f3f48652a95f9be74e23223244d1,"[1, 128, 512]",inputs_embeds,paper_style_feedback_dynamics,EleutherAI/pythia-70m,0.0003433189995121211,direct,fixed_random,38.20077133178711,38.200775146484375,1.0,1,128,5101.716796875,0.0002691325207706541,60,final_hidden,2026-07-10T14:47:28.970617+00:00,nonpad_flattened,EleutherAI/pythia-70m
65536,64,1,16,main,wikitext,wikitext-2-raw-v1,validation,cuda,float32,64,pythia_dynamical_edge_normal,26b7b5702e85f3f48652a95f9be74e23223244d1,"[1, 128, 512]",inputs_embeds,paper_style_feedback_dynamics,EleutherAI/pythia-70m,0.0003447364433668554,direct,fixed_random,38.20077133178711,38.20077133178711,1.0,1,128,5101.716796875,0.00027948623755946755,61,final_hidden,2026-07-10T14:47:28.970617+00:00,nonpad_flattened,EleutherAI/pythia-70m
65536,64,1,16,main,wikitext,wikitext-2-raw-v1,validation,cuda,float32,64,pythia_dynamical_edge_normal,26b7b5702e85f3f48652a95f9be74e23223244d1,"[1, 128, 512]",inputs_embeds,paper_style_feedback_dynamics,EleutherAI/pythia-70m,0.0003394936502445489,direct,fixed_random,38.200775146484375,38.20077133178711,1.0,1,128,5101.716796875,0.0002750838757492602,62,final_hidden,2026-07-10T14:47:28.970617+00:00,nonpad_flattened,EleutherAI/pythia-70m
2560,64,2,16,main,wikitext,wikitext-2-raw-v1,validation,cuda,float32,64,pythia_dynamical_edge_normal,26b7b5702e85f3f48652a95f9be74e23223244d1,"[1, 128, 512]",inputs_embeds,paper_style_feedback_dynamics,EleutherAI/pythia-70m,7.630158506799489e-05,direct,fixed_random,31.538177490234375,31.53516387939453,1.0,2,128,1008.1874389648438,0.4256589412689209,0,final_hidden,2026-07-10T14:47:28.970617+00:00,nonpad_flattened,EleutherAI/pythia-70m
2560,64,2,16,main,wikitext,wikitext-2-raw-v1,validation,cuda,float32,64,pythia_dynamical_edge_normal,26b7b5702e85f3f48652a95f9be74e23223244d1,"[1, 128, 512]",inputs_embeds,paper_style_feedback_dynamics,EleutherAI/pythia-70m,7.043778896331787e-05,direct,fixed_random,31.540687561035156,31.538177490234375,1.0,2,128,1008.2161865234375,0.3337787389755249,1,final_hidden,2026-07-10T14:47:28.970617+00:00,nonpad_flattened,EleutherAI/pythia-70m
2560,64,2,16,main,wikitext,wikitext-2-raw-v1,validation,cuda,float32,64,pythia_dynamical_edge_normal,26b7b5702e85f3f48652a95f9be74e23223244d1,"[1, 128, 512]",inputs_embeds,paper_style_feedback_dynamics,EleutherAI/pythia-70m,6.06847315793857e-05,direct,fixed_random,31.54275131225586,31.540687561035156,1.0,2,128,1008.2384033203125,0.26204150915145874,2,final_hidden,2026-07-10T14:47:28.970617+00:00,nonpad_flattened,EleutherAI/pythia-70m
2560,64,2,16,main,wikitext,wikitext-2-raw-v1,validation,cuda,float32,64,pythia_dynamical_edge_normal,26b7b5702e85f3f48652a95f9be74e23223244d1,"[1, 128, 512]",inputs_embeds,paper_style_feedback_dynamics,EleutherAI/pythia-70m,6.98540243320167e-05,direct,fixed_random,31.5444278717041,31.54275131225586,1.0,2,128,1008.2554931640625,0.20592056214809418,3,final_hidden,2026-07-10T14:47:28.970617+00:00,nonpad_flattened,EleutherAI/pythia-70m
2560,64,2,16,main,wikitext,wikitext-2-raw-v1,validation,cuda,float32,64,pythia_dynamical_edge_normal,26b7b5702e85f3f48652a95f9be74e23223244d1,"[1, 128, 512]",inputs_embeds,paper_style_feedback_dynamics,EleutherAI/pythia-70m,6.837496039224789e-05,direct,fixed_random,31.54578971862793,31.5444278717041,1.0,2,128,1008.2687377929688,0.16192711889743805,4,final_hidden,2026-07-10T14:47:28.970617+00:00,nonpad_flattened,EleutherAI/pythia-70m
2560,64,2,16,main,wikitext,wikitext-2-raw-v1,validation,cuda,float32,64,pythia_dynamical_edge_normal,26b7b5702e85f3f48652a95f9be74e23223244d1,"[1, 128, 512]",inputs_embeds,paper_style_feedback_dynamics,EleutherAI/pythia-70m,5.934343789704144e-05,direct,fixed_random,31.54688262939453,31.54578971862793,1.0,2,128,1008.2789916992188,0.12738476693630219,5,final_hidden,2026-07-10T14:47:28.970617+00:00,nonpad_flattened,EleutherAI/pythia-70m
2560,64,2,16,main,wikitext,wikitext-2-raw-v1,validation,cuda,float32,64,pythia_dynamical_edge_normal,26b7b5702e85f3f48652a95f9be74e23223244d1,"[1, 128, 512]",inputs_embeds,paper_style_feedback_dynamics,EleutherAI/pythia-70m,5.739625703427009e-05,direct,fixed_random,31.54776382446289,31.54688262939453,1.0,2,128,1008.2869262695312,0.10028232634067535,6,final_hidden,2026-07-10T14:47:28.970617+00:00,nonpad_flattened,EleutherAI/pythia-70m
2560,64,2,16,main,wikitext,wikitext-2-raw-v1,validation,cuda,float32,64,pythia_dynamical_edge_normal,26b7b5702e85f3f48652a95f9be74e23223244d1,"[1, 128, 512]",inputs_embeds,paper_style_feedback_dynamics,EleutherAI/pythia-70m,6.875404505990446e-05,direct,fixed_random,31.548465728759766,31.54776382446289,1.0,2,128,1008.2930908203125,0.07898964732885361,7,final_hidden,2026-07-10T14:47:28.970617+00:00,nonpad_flattened,EleutherAI/pythia-70m
2560,64,2,16,main,wikitext,wikitext-2-raw-v1,validation,cuda,float32,64,pythia_dynamical_edge_normal,26b7b5702e85f3f48652a95f9be74e23223244d1,"[1, 128, 512]",inputs_embeds,paper_style_feedback_dynamics,EleutherAI/pythia-70m,6.300327368080616e-05,direct,fixed_random,31.54902458190918,31.548465728759766,1.0,2,128,1008.2979736328125,0.06220633536577225,8,final_hidden,2026-07-10T14:47:28.970617+00:00,nonpad_flattened,EleutherAI/pythia-70m
2560,64,2,16,main,wikitext,wikitext-2-raw-v1,validation,cuda,float32,64,pythia_dynamical_edge_normal,26b7b5702e85f3f48652a95f9be74e23223244d1,"[1, 128, 512]",inputs_embeds,paper_style_feedback_dynamics,EleutherAI/pythia-70m,6.263209070311859e-05,direct,fixed_random,31.549467086791992,31.54902458190918,1.0,2,128,1008.3016967773438,0.04900309070944786,9,final_hidden,2026-07-10T14:47:28.970617+00:00,nonpad_flattened,EleutherAI/pythia-70m
2560,64,2,16,main,wikitext,wikitext-2-raw-v1,validation,cuda,float32,64,pythia_dynamical_edge_normal,26b7b5702e85f3f48652a95f9be74e23223244d1,"[1, 128, 512]",inputs_embeds,paper_style_feedback_dynamics,EleutherAI/pythia-70m,6.304727867245674e-05,direct,fixed_random,31.549819946289062,31.549467086791992,1.0,2,128,1008.3046875,0.03861964866518974,10,final_hidden,2026-07-10T14:47:28.970617+00:00,nonpad_flattened,EleutherAI/pythia-70m
2560,64,2,16,main,wikitext,wikitext-2-raw-v1,validation,cuda,float32,64,pythia_dynamical_edge_normal,26b7b5702e85f3f48652a95f9be74e23223244d1,"[1, 128, 512]",inputs_embeds,paper_style_feedback_dynamics,EleutherAI/pythia-70m,5.7447890867479146e-05,direct,fixed_random,31.550100326538086,31.549819946289062,1.0,2,128,1008.3069458007812,0.030439719557762146,11,final_hidden,2026-07-10T14:47:28.970617+00:00,nonpad_flattened,EleutherAI/pythia-70m
2560,64,2,16,main,wikitext,wikitext-2-raw-v1,validation,cuda,float32,64,pythia_dynamical_edge_normal,26b7b5702e85f3f48652a95f9be74e23223244d1,"[1, 128, 512]",inputs_embeds,paper_style_feedback_dynamics,EleutherAI/pythia-70m,5.7653320254758e-05,direct,fixed_random,31.550315856933594,31.550100326538086,1.0,2,128,1008.3087158203125,0.023999474942684174,12,final_hidden,2026-07-10T14:47:28.970617+00:00,nonpad_flattened,EleutherAI/pythia-70m
2560,64,2,16,main,wikitext,wikitext-2-raw-v1,validation,cuda,float32,64,pythia_dynamical_edge_normal,26b7b5702e85f3f48652a95f9be74e23223244d1,"[1, 128, 512]",inputs_embeds,paper_style_feedback_dynamics,EleutherAI/pythia-70m,6.743548874510452e-05,direct,fixed_random,31.550493240356445,31.550315856933594,1.0,2,128,1008.3101196289062,0.018921323120594025,13,final_hidden,2026-07-10T14:47:28.970617+00:00,nonpad_flattened,EleutherAI/pythia-70m
2560,64,2,16,main,wikitext,wikitext-2-raw-v1,validation,cuda,float32,64,pythia_dynamical_edge_normal,26b7b5702e85f3f48652a95f9be74e23223244d1,"[1, 128, 512]",inputs_embeds,paper_style_feedback_dynamics,EleutherAI/pythia-70m,6.976247095735744e-05,direct,fixed_random,31.550636291503906,31.550493240356445,1.0,2,128,1008.311279296875,0.014920373447239399,14,final_hidden,2026-07-10T14:47:28.970617+00:00,nonpad_flattened,EleutherAI/pythia-70m
2560,64,2,16,main,wikitext,wikitext-2-raw-v1,validation,cuda,float32,64,pythia_dynamical_edge_normal,26b7b5702e85f3f48652a95f9be74e23223244d1,"[1, 128, 512]",inputs_embeds,paper_style_feedback_dynamics,EleutherAI/pythia-70m,7.253010699059814e-05,direct,fixed_random,31.550745010375977,31.550636291503906,1.0,2,128,1008.3120727539062,0.011756730265915394,15,final_hidden,2026-07-10T14:47:28.970617+00:00,nonpad_flattened,EleutherAI/pythia-70m
2560,64,2,16,main,wikitext,wikitext-2-raw-v1,validation,cuda,float32,64,pythia_dynamical_edge_normal,26b7b5702e85f3f48652a95f9be74e23223244d1,"[1, 128, 512]",inputs_embeds,paper_style_feedback_dynamics,EleutherAI/pythia-70m,7.572635513497517e-05,direct,fixed_random,31.55083465576172,31.550745010375977,1.0,2,128,1008.3128051757812,0.009294361807405949,16,final_hidden,2026-07-10T14:47:28.970617+00:00,nonpad_flattened,EleutherAI/pythia-70m
2560,64,2,16,main,wikitext,wikitext-2-raw-v1,validation,cuda,float32,64,pythia_dynamical_edge_normal,26b7b5702e85f3f48652a95f9be74e23223244d1,"[1, 128, 512]",inputs_embeds,paper_style_feedback_dynamics,EleutherAI/pythia-70m,7.213721983134747e-05,direct,fixed_random,31.550899505615234,31.55083465576172,1.0,2,128,1008.3132934570312,0.007316696457564831,17,final_hidden,2026-07-10T14:47:28.970617+00:00,nonpad_flattened,EleutherAI/pythia-70m
2560,64,2,16,main,wikitext,wikitext-2-raw-v1,validation,cuda,float32,64,pythia_dynamical_edge_normal,26b7b5702e85f3f48652a95f9be74e23223244d1,"[1, 128, 512]",inputs_embeds,paper_style_feedback_dynamics,EleutherAI/pythia-70m,6.267002754611894e-05,direct,fixed_random,31.550952911376953,31.550899505615234,1.0,2,128,1008.3137817382812,0.005778471939265728,18,final_hidden,2026-07-10T14:47:28.970617+00:00,nonpad_flattened,EleutherAI/pythia-70m
2560,64,2,16,main,wikitext,wikitext-2-raw-v1,validation,cuda,float32,64,pythia_dynamical_edge_normal,26b7b5702e85f3f48652a95f9be74e23223244d1,"[1, 128, 512]",inputs_embeds,paper_style_feedback_dynamics,EleutherAI/pythia-70m,6.439079879783094e-05,direct,fixed_random,31.550994873046875,31.550952911376953,1.0,2,128,1008.3140869140625,0.004548556637018919,19,final_hidden,2026-07-10T14:47:28.970617+00:00,nonpad_flattened,EleutherAI/pythia-70m
2560,64,2,16,main,wikitext,wikitext-2-raw-v1,validation,cuda,float32,64,pythia_dynamical_edge_normal,26b7b5702e85f3f48652a95f9be74e23223244d1,"[1, 128, 512]",inputs_embeds,paper_style_feedback_dynamics,EleutherAI/pythia-70m,6.63768732920289e-05,direct,fixed_random,31.551029205322266,31.550994873046875,1.0,2,128,1008.3143310546875,0.003583811456337571,20,final_hidden,2026-07-10T14:47:28.970617+00:00,nonpad_flattened,EleutherAI/pythia-70m
2560,64,2,16,main,wikitext,wikitext-2-raw-v1,validation,cuda,float32,64,pythia_dynamical_edge_normal,26b7b5702e85f3f48652a95f9be74e23223244d1,"[1, 128, 512]",inputs_embeds,paper_style_feedback_dynamics,EleutherAI/pythia-70m,6.377029058057815e-05,direct,fixed_random,31.551055908203125,31.551029205322266,1.0,2,128,1008.3145751953125,0.002833868144080043,21,final_hidden,2026-07-10T14:47:28.970617+00:00,nonpad_flattened,EleutherAI/pythia-70m
2560,64,2,16,main,wikitext,wikitext-2-raw-v1,validation,cuda,float32,64,pythia_dynamical_edge_normal,26b7b5702e85f3f48652a95f9be74e23223244d1,"[1, 128, 512]",inputs_embeds,paper_style_feedback_dynamics,EleutherAI/pythia-70m,6.894217221997678e-05,direct,fixed_random,31.551076889038086,31.551055908203125,1.0,2,128,1008.314697265625,0.0022254404611885548,22,final_hidden,2026-07-10T14:47:28.970617+00:00,nonpad_flattened,EleutherAI/pythia-70m
2560,64,2,16,main,wikitext,wikitext-2-raw-v1,validation,cuda,float32,64,pythia_dynamical_edge_normal,26b7b5702e85f3f48652a95f9be74e23223244d1,"[1, 128, 512]",inputs_embeds,paper_style_feedback_dynamics,EleutherAI/pythia-70m,7.136823114706203e-05,direct,fixed_random,31.551090240478516,31.551076889038086,1.0,2,128,1008.3148193359375,0.0017601809231564403,23,final_hidden,2026-07-10T14:47:28.970617+00:00,nonpad_flattened,EleutherAI/pythia-70m
2560,64,2,16,main,wikitext,wikitext-2-raw-v1,validation,cuda,float32,64,pythia_dynamical_edge_normal,26b7b5702e85f3f48652a95f9be74e23223244d1,"[1, 128, 512]",inputs_embeds,paper_style_feedback_dynamics,EleutherAI/pythia-70m,7.063626981107518e-05,direct,fixed_random,31.551105499267578,31.551090240478516,1.0,2,128,1008.31494140625,0.0013970121508464217,24,final_hidden,2026-07-10T14:47:28.970617+00:00,nonpad_flattened,EleutherAI/pythia-70m
2560,64,2,16,main,wikitext,wikitext-2-raw-v1,validation,cuda,float32,64,pythia_dynamical_edge_normal,26b7b5702e85f3f48652a95f9be74e23223244d1,"[1, 128, 512]",inputs_embeds,paper_style_feedback_dynamics,EleutherAI/pythia-70m,6.369450420606881e-05,direct,fixed_random,31.55112075805664,31.551105499267578,1.0,2,128,1008.3150024414062,0.0011030450696125627,25,final_hidden,2026-07-10T14:47:28.970617+00:00,nonpad_flattened,EleutherAI/pythia-70m
2560,64,2,16,main,wikitext,wikitext-2-raw-v1,validation,cuda,float32,64,pythia_dynamical_edge_normal,26b7b5702e85f3f48652a95f9be74e23223244d1,"[1, 128, 512]",inputs_embeds,paper_style_feedback_dynamics,EleutherAI/pythia-70m,6.394679076038301e-05,direct,fixed_random,31.551130294799805,31.55112075805664,1.0,2,128,1008.3150634765625,0.000878187594935298,26,final_hidden,2026-07-10T14:47:28.970617+00:00,nonpad_flattened,EleutherAI/pythia-70m
2560,64,2,16,main,wikitext,wikitext-2-raw-v1,validation,cuda,float32,64,pythia_dynamical_edge_normal,26b7b5702e85f3f48652a95f9be74e23223244d1,"[1, 128, 512]",inputs_embeds,paper_style_feedback_dynamics,EleutherAI/pythia-70m,6.320850661722943e-05,direct,fixed_random,31.55113410949707,31.551130294799805,1.0,2,128,1008.315185546875,0.0006896686390973628,27,final_hidden,2026-07-10T14:47:28.970617+00:00,nonpad_flattened,EleutherAI/pythia-70m
2560,64,2,16,main,wikitext,wikitext-2-raw-v1,validation,cuda,float32,64,pythia_dynamical_edge_normal,26b7b5702e85f3f48652a95f9be74e23223244d1,"[1, 128, 512]",inputs_embeds,paper_style_feedback_dynamics,EleutherAI/pythia-70m,5.681133552570827e-05,direct,fixed_random,31.551137924194336,31.55113410949707,1.0,2,128,1008.315185546875,0.0005567873013205826,28,final_hidden,2026-07-10T14:47:28.970617+00:00,nonpad_flattened,EleutherAI/pythia-70m
2560,64,2,16,main,wikitext,wikitext-2-raw-v1,validation,cuda,float32,64,pythia_dynamical_edge_normal,26b7b5702e85f3f48652a95f9be74e23223244d1,"[1, 128, 512]",inputs_embeds,paper_style_feedback_dynamics,EleutherAI/pythia-70m,5.667022196575999e-05,direct,fixed_random,31.551143646240234,31.551137924194336,1.0,2,128,1008.315185546875,0.0004150162567384541,29,final_hidden,2026-07-10T14:47:28.970617+00:00,nonpad_flattened,EleutherAI/pythia-70m
2560,64,2,16,main,wikitext,wikitext-2-raw-v1,validation,cuda,float32,64,pythia_dynamical_edge_normal,26b7b5702e85f3f48652a95f9be74e23223244d1,"[1, 128, 512]",inputs_embeds,paper_style_feedback_dynamics,EleutherAI/pythia-70m,5.707050513592549e-05,direct,fixed_random,31.551149368286133,31.551143646240234,1.0,2,128,1008.315185546875,0.0003417794650886208,30,final_hidden,2026-07-10T14:47:28.970617+00:00,nonpad_flattened,EleutherAI/pythia-70m
2560,64,2,16,main,wikitext,wikitext-2-raw-v1,validation,cuda,float32,64,pythia_dynamical_edge_normal,26b7b5702e85f3f48652a95f9be74e23223244d1,"[1, 128, 512]",inputs_embeds,paper_style_feedback_dynamics,EleutherAI/pythia-70m,6.493541150121018e-05,direct,fixed_random,31.5511474609375,31.551149368286133,1.0,2,128,1008.3152465820312,0.00028226737049408257,31,final_hidden,2026-07-10T14:47:28.970617+00:00,nonpad_flattened,EleutherAI/pythia-70m
2560,64,2,16,main,wikitext,wikitext-2-raw-v1,validation,cuda,float32,64,pythia_dynamical_edge_normal,26b7b5702e85f3f48652a95f9be74e23223244d1,"[1, 128, 512]",inputs_embeds,paper_style_feedback_dynamics,EleutherAI/pythia-70m,6.632810982409865e-05,direct,fixed_random,31.5511474609375,31.5511474609375,1.0,2,128,1008.3152465820312,0.0002145920298062265,32,final_hidden,2026-07-10T14:47:28.970617+00:00,nonpad_flattened,EleutherAI/pythia-70m
2560,64,2,16,main,wikitext,wikitext-2-raw-v1,validation,cuda,float32,64,pythia_dynamical_edge_normal,26b7b5702e85f3f48652a95f9be74e23223244d1,"[1, 128, 512]",inputs_embeds,paper_style_feedback_dynamics,EleutherAI/pythia-70m,6.663863314315677e-05,direct,fixed_random,31.551151275634766,31.5511474609375,1.0,2,128,1008.3152465820312,0.0001591142063261941,33,final_hidden,2026-07-10T14:47:28.970617+00:00,nonpad_flattened,EleutherAI/pythia-70m
2560,64,2,16,main,wikitext,wikitext-2-raw-v1,validation,cuda,float32,64,pythia_dynamical_edge_normal,26b7b5702e85f3f48652a95f9be74e23223244d1,"[1, 128, 512]",inputs_embeds,paper_style_feedback_dynamics,EleutherAI/pythia-70m,7.214001379907131e-05,direct,fixed_random,31.55115509033203,31.551151275634766,1.0,2,128,1008.3153076171875,0.00014356037718243897,34,final_hidden,2026-07-10T14:47:28.970617+00:00,nonpad_flattened,EleutherAI/pythia-70m
2560,64,2,16,main,wikitext,wikitext-2-raw-v1,validation,cuda,float32,64,pythia_dynamical_edge_normal,26b7b5702e85f3f48652a95f9be74e23223244d1,"[1, 128, 512]",inputs_embeds,paper_style_feedback_dynamics,EleutherAI/pythia-70m,8.043355046538636e-05,direct,fixed_random,31.5511531829834,31.55115509033203,1.0,2,128,1008.3152465820312,0.00013301489525474608,35,final_hidden,2026-07-10T14:47:28.970617+00:00,nonpad_flattened,EleutherAI/pythia-70m
2560,64,2,16,main,wikitext,wikitext-2-raw-v1,validation,cuda,float32,64,pythia_dynamical_edge_normal,26b7b5702e85f3f48652a95f9be74e23223244d1,"[1, 128, 512]",inputs_embeds,paper_style_feedback_dynamics,EleutherAI/pythia-70m,8.150709618348628e-05,direct,fixed_random,31.55115509033203,31.5511531829834,1.0,2,128,1008.3153076171875,0.00011927366722375154,36,final_hidden,2026-07-10T14:47:28.970617+00:00,nonpad_flattened,EleutherAI/pythia-70m
2560,64,2,16,main,wikitext,wikitext-2-raw-v1,validation,cuda,float32,64,pythia_dynamical_edge_normal,26b7b5702e85f3f48652a95f9be74e23223244d1,"[1, 128, 512]",inputs_embeds,paper_style_feedback_dynamics,EleutherAI/pythia-70m,8.202555909520015e-05,direct,fixed_random,31.5511531829834,31.55115509033203,1.0,2,128,1008.3152465820312,0.00011392190208425745,37,final_hidden,2026-07-10T14:47:28.970617+00:00,nonpad_flattened,EleutherAI/pythia-70m
2560,64,2,16,main,wikitext,wikitext-2-raw-v1,validation,cuda,float32,64,pythia_dynamical_edge_normal,26b7b5702e85f3f48652a95f9be74e23223244d1,"[1, 128, 512]",inputs_embeds,paper_style_feedback_dynamics,EleutherAI/pythia-70m,7.744396134512499e-05,direct,fixed_random,31.551158905029297,31.5511531829834,1.0,2,128,1008.3153076171875,0.00010384663619333878,38,final_hidden,2026-07-10T14:47:28.970617+00:00,nonpad_flattened,EleutherAI/pythia-70m
2560,64,2,16,main,wikitext,wikitext-2-raw-v1,validation,cuda,float32,64,pythia_dynamical_edge_normal,26b7b5702e85f3f48652a95f9be74e23223244d1,"[1, 128, 512]",inputs_embeds,paper_style_feedback_dynamics,EleutherAI/pythia-70m,7.827879744581878e-05,direct,fixed_random,31.55115509033203,31.551158905029297,1.0,2,128,1008.3152465820312,9.45746069191955e-05,39,final_hidden,2026-07-10T14:47:28.970617+00:00,nonpad_flattened,EleutherAI/pythia-70m
2560,64,2,16,main,wikitext,wikitext-2-raw-v1,validation,cuda,float32,64,pythia_dynamical_edge_normal,26b7b5702e85f3f48652a95f9be74e23223244d1,"[1, 128, 512]",inputs_embeds,paper_style_feedback_dynamics,EleutherAI/pythia-70m,7.524388638557866e-05,direct,fixed_random,31.55115509033203,31.55115509033203,1.0,2,128,1008.3152465820312,8.939206600189209e-05,40,final_hidden,2026-07-10T14:47:28.970617+00:00,nonpad_flattened,EleutherAI/pythia-70m
2560,64,2,16,main,wikitext,wikitext-2-raw-v1,validation,cuda,float32,64,pythia_dynamical_edge_normal,26b7b5702e85f3f48652a95f9be74e23223244d1,"[1, 128, 512]",inputs_embeds,paper_style_feedback_dynamics,EleutherAI/pythia-70m,6.455474795075133e-05,direct,fixed_random,31.55115509033203,31.55115509033203,1.0,2,128,1008.3152465820312,7.523511885665357e-05,41,final_hidden,2026-07-10T14:47:28.970617+00:00,nonpad_flattened,EleutherAI/pythia-70m
2560,64,2,16,main,wikitext,wikitext-2-raw-v1,validation,cuda,float32,64,pythia_dynamical_edge_normal,26b7b5702e85f3f48652a95f9be74e23223244d1,"[1, 128, 512]",inputs_embeds,paper_style_feedback_dynamics,EleutherAI/pythia-70m,6.562492490047589e-05,direct,fixed_random,31.55115509033203,31.55115509033203,1.0,2,128,1008.3153076171875,6.212180596776307e-05,42,final_hidden,2026-07-10T14:47:28.970617+00:00,nonpad_flattened,EleutherAI/pythia-70m
2560,64,2,16,main,wikitext,wikitext-2-raw-v1,validation,cuda,float32,64,pythia_dynamical_edge_normal,26b7b5702e85f3f48652a95f9be74e23223244d1,"[1, 128, 512]",inputs_embeds,paper_style_feedback_dynamics,EleutherAI/pythia-70m,7.352681859629229e-05,direct,fixed_random,31.5511531829834,31.55115509033203,1.0,2,128,1008.3153076171875,5.709792458219454e-05,43,final_hidden,2026-07-10T14:47:28.970617+00:00,nonpad_flattened,EleutherAI/pythia-70m
2560,64,2,16,main,wikitext,wikitext-2-raw-v1,validation,cuda,float32,64,pythia_dynamical_edge_normal,26b7b5702e85f3f48652a95f9be74e23223244d1,"[1, 128, 512]",inputs_embeds,paper_style_feedback_dynamics,EleutherAI/pythia-70m,6.143218342913315e-05,direct,fixed_random,31.5511531829834,31.5511531829834,1.0,2,128,1008.3153076171875,4.408373570186086e-05,44,final_hidden,2026-07-10T14:47:28.970617+00:00,nonpad_flattened,EleutherAI/pythia-70m
2560,64,2,16,main,wikitext,wikitext-2-raw-v1,validation,cuda,float32,64,pythia_dynamical_edge_normal,26b7b5702e85f3f48652a95f9be74e23223244d1,"[1, 128, 512]",inputs_embeds,paper_style_feedback_dynamics,EleutherAI/pythia-70m,7.09867526893504e-05,direct,fixed_random,31.5511531829834,31.5511531829834,1.0,2,128,1008.3152465820312,4.558311411528848e-05,45,final_hidden,2026-07-10T14:47:28.970617+00:00,nonpad_flattened,EleutherAI/pythia-70m
2560,64,2,16,main,wikitext,wikitext-2-raw-v1,validation,cuda,float32,64,pythia_dynamical_edge_normal,26b7b5702e85f3f48652a95f9be74e23223244d1,"[1, 128, 512]",inputs_embeds,paper_style_feedback_dynamics,EleutherAI/pythia-70m,6.991888221818954e-05,direct,fixed_random,31.55115509033203,31.5511531829834,1.0,2,128,1008.3152465820312,3.97446819988545e-05,46,final_hidden,2026-07-10T14:47:28.970617+00:00,nonpad_flattened,EleutherAI/pythia-70m
2560,64,2,16,main,wikitext,wikitext-2-raw-v1,validation,cuda,float32,64,pythia_dynamical_edge_normal,26b7b5702e85f3f48652a95f9be74e23223244d1,"[1, 128, 512]",inputs_embeds,paper_style_feedback_dynamics,EleutherAI/pythia-70m,6.783143908251077e-05,direct,fixed_random,31.551158905029297,31.55115509033203,1.0,2,128,1008.3152465820312,4.2753821617225185e-05,47,final_hidden,2026-07-10T14:47:28.970617+00:00,nonpad_flattened,EleutherAI/pythia-70m
2560,64,2,16,main,wikitext,wikitext-2-raw-v1,validation,cuda,float32,64,pythia_dynamical_edge_normal,26b7b5702e85f3f48652a95f9be74e23223244d1,"[1, 128, 512]",inputs_embeds,paper_style_feedback_dynamics,EleutherAI/pythia-70m,7.641705451533198e-05,direct,fixed_random,31.551158905029297,31.551158905029297,1.0,2,128,1008.3152465820312,4.890900891041383e-05,48,final_hidden,2026-07-10T14:47:28.970617+00:00,nonpad_flattened,EleutherAI/pythia-70m
2560,64,2,16,main,wikitext,wikitext-2-raw-v1,validation,cuda,float32,64,pythia_dynamical_edge_normal,26b7b5702e85f3f48652a95f9be74e23223244d1,"[1, 128, 512]",inputs_embeds,paper_style_feedback_dynamics,EleutherAI/pythia-70m,6.950776150915772e-05,direct,fixed_random,31.55115509033203,31.551158905029297,1.0,2,128,1008.3152465820312,5.743597284890711e-05,49,final_hidden,2026-07-10T14:47:28.970617+00:00,nonpad_flattened,EleutherAI/pythia-70m
2560,64,2,16,main,wikitext,wikitext-2-raw-v1,validation,cuda,float32,64,pythia_dynamical_edge_normal,26b7b5702e85f3f48652a95f9be74e23223244d1,"[1, 128, 512]",inputs_embeds,paper_style_feedback_dynamics,EleutherAI/pythia-70m,6.730119639541954e-05,direct,fixed_random,31.55115509033203,31.55115509033203,1.0,2,128,1008.3153076171875,4.4663247535936534e-05,50,final_hidden,2026-07-10T14:47:28.970617+00:00,nonpad_flattened,EleutherAI/pythia-70m
2560,64,2,16,main,wikitext,wikitext-2-raw-v1,validation,cuda,float32,64,pythia_dynamical_edge_normal,26b7b5702e85f3f48652a95f9be74e23223244d1,"[1, 128, 512]",inputs_embeds,paper_style_feedback_dynamics,EleutherAI/pythia-70m,6.777186354156584e-05,direct,fixed_random,31.55115509033203,31.55115509033203,1.0,2,128,1008.3152465820312,4.0270108002005145e-05,51,final_hidden,2026-07-10T14:47:28.970617+00:00,nonpad_flattened,EleutherAI/pythia-70m
2560,64,2,16,main,wikitext,wikitext-2-raw-v1,validation,cuda,float32,64,pythia_dynamical_edge_normal,26b7b5702e85f3f48652a95f9be74e23223244d1,"[1, 128, 512]",inputs_embeds,paper_style_feedback_dynamics,EleutherAI/pythia-70m,6.731367466272786e-05,direct,fixed_random,31.551156997680664,31.55115509033203,1.0,2,128,1008.3153076171875,4.984247425454669e-05,52,final_hidden,2026-07-10T14:47:28.970617+00:00,nonpad_flattened,EleutherAI/pythia-70m
2560,64,2,16,main,wikitext,wikitext-2-raw-v1,validation,cuda,float32,64,pythia_dynamical_edge_normal,26b7b5702e85f3f48652a95f9be74e23223244d1,"[1, 128, 512]",inputs_embeds,paper_style_feedback_dynamics,EleutherAI/pythia-70m,7.291484507732093e-05,direct,fixed_random,31.551156997680664,31.551156997680664,1.0,2,128,1008.3152465820312,6.072360702091828e-05,53,final_hidden,2026-07-10T14:47:28.970617+00:00,nonpad_flattened,EleutherAI/pythia-70m
2560,64,2,16,main,wikitext,wikitext-2-raw-v1,validation,cuda,float32,64,pythia_dynamical_edge_normal,26b7b5702e85f3f48652a95f9be74e23223244d1,"[1, 128, 512]",inputs_embeds,paper_style_feedback_dynamics,EleutherAI/pythia-70m,7.122939132386819e-05,direct,fixed_random,31.551158905029297,31.551156997680664,1.0,2,128,1008.3153076171875,7.40038012736477e-05,54,final_hidden,2026-07-10T14:47:28.970617+00:00,nonpad_flattened,EleutherAI/pythia-70m
2560,64,2,16,main,wikitext,wikitext-2-raw-v1,validation,cuda,float32,64,pythia_dynamical_edge_normal,26b7b5702e85f3f48652a95f9be74e23223244d1,"[1, 128, 512]",inputs_embeds,paper_style_feedback_dynamics,EleutherAI/pythia-70m,7.045212259981781e-05,direct,fixed_random,31.551158905029297,31.551158905029297,1.0,2,128,1008.3152465820312,6.257192580960691e-05,55,final_hidden,2026-07-10T14:47:28.970617+00:00,nonpad_flattened,EleutherAI/pythia-70m
2560,64,2,16,main,wikitext,wikitext-2-raw-v1,validation,cuda,float32,64,pythia_dynamical_edge_normal,26b7b5702e85f3f48652a95f9be74e23223244d1,"[1, 128, 512]",inputs_embeds,paper_style_feedback_dynamics,EleutherAI/pythia-70m,7.566344720544294e-05,direct,fixed_random,31.55115509033203,31.551158905029297,1.0,2,128,1008.3153076171875,6.900150037836283e-05,56,final_hidden,2026-07-10T14:47:28.970617+00:00,nonpad_flattened,EleutherAI/pythia-70m
2560,64,2,16,main,wikitext,wikitext-2-raw-v1,validation,cuda,float32,64,pythia_dynamical_edge_normal,26b7b5702e85f3f48652a95f9be74e23223244d1,"[1, 128, 512]",inputs_embeds,paper_style_feedback_dynamics,EleutherAI/pythia-70m,7.126939453883097e-05,direct,fixed_random,31.551156997680664,31.55115509033203,1.0,2,128,1008.3152465820312,6.49303910904564e-05,57,final_hidden,2026-07-10T14:47:28.970617+00:00,nonpad_flattened,EleutherAI/pythia-70m
2560,64,2,16,main,wikitext,wikitext-2-raw-v1,validation,cuda,float32,64,pythia_dynamical_edge_normal,26b7b5702e85f3f48652a95f9be74e23223244d1,"[1, 128, 512]",inputs_embeds,paper_style_feedback_dynamics,EleutherAI/pythia-70m,6.952782132430002e-05,direct,fixed_random,31.55115509033203,31.551156997680664,1.0,2,128,1008.3153076171875,5.372803207137622e-05,58,final_hidden,2026-07-10T14:47:28.970617+00:00,nonpad_flattened,EleutherAI/pythia-70m
2560,64,2,16,main,wikitext,wikitext-2-raw-v1,validation,cuda,float32,64,pythia_dynamical_edge_normal,26b7b5702e85f3f48652a95f9be74e23223244d1,"[1, 128, 512]",inputs_embeds,paper_style_feedback_dynamics,EleutherAI/pythia-70m,6.675831536995247e-05,direct,fixed_random,31.5511531829834,31.55115509033203,1.0,2,128,1008.3153076171875,4.760147930937819e-05,59,final_hidden,2026-07-10T14:47:28.970617+00:00,nonpad_flattened,EleutherAI/pythia-70m
2560,64,2,16,main,wikitext,wikitext-2-raw-v1,validation,cuda,float32,64,pythia_dynamical_edge_normal,26b7b5702e85f3f48652a95f9be74e23223244d1,"[1, 128, 512]",inputs_embeds,paper_style_feedback_dynamics,EleutherAI/pythia-70m,6.852711521787569e-05,direct,fixed_random,31.551156997680664,31.5511531829834,1.0,2,128,1008.3153076171875,4.5928030885988846e-05,60,final_hidden,2026-07-10T14:47:28.970617+00:00,nonpad_flattened,EleutherAI/pythia-70m
2560,64,2,16,main,wikitext,wikitext-2-raw-v1,validation,cuda,float32,64,pythia_dynamical_edge_normal,26b7b5702e85f3f48652a95f9be74e23223244d1,"[1, 128, 512]",inputs_embeds,paper_style_feedback_dynamics,EleutherAI/pythia-70m,6.496434070868418e-05,direct,fixed_random,31.551156997680664,31.551156997680664,1.0,2,128,1008.3153076171875,4.784180055139586e-05,61,final_hidden,2026-07-10T14:47:28.970617+00:00,nonpad_flattened,EleutherAI/pythia-70m
2560,64,2,16,main,wikitext,wikitext-2-raw-v1,validation,cuda,float32,64,pythia_dynamical_edge_normal,26b7b5702e85f3f48652a95f9be74e23223244d1,"[1, 128, 512]",inputs_embeds,paper_style_feedback_dynamics,EleutherAI/pythia-70m,7.08042862243019e-05,direct,fixed_random,31.55115509033203,31.551156997680664,1.0,2,128,1008.3152465820312,4.0500475734006613e-05,62,final_hidden,2026-07-10T14:47:28.970617+00:00,nonpad_flattened,EleutherAI/pythia-70m
65536,64,3,16,main,wikitext,wikitext-2-raw-v1,validation,cuda,float32,64,pythia_dynamical_edge_normal,26b7b5702e85f3f48652a95f9be74e23223244d1,"[1, 128, 512]",inputs_embeds,paper_style_feedback_dynamics,EleutherAI/pythia-70m,0.0005390344886109233,direct,fixed_random,-8.808897972106934,-8.807198524475098,1.0,3,128,5100.97509765625,2.475614547729492,0,final_hidden,2026-07-10T14:47:28.970617+00:00,nonpad_flattened,EleutherAI/pythia-70m
65536,64,3,16,main,wikitext,wikitext-2-raw-v1,validation,cuda,float32,64,pythia_dynamical_edge_normal,26b7b5702e85f3f48652a95f9be74e23223244d1,"[1, 128, 512]",inputs_embeds,paper_style_feedback_dynamics,EleutherAI/pythia-70m,0.00046704322448931634,direct,fixed_random,-8.810259819030762,-8.808897972106934,1.0,3,128,5101.1416015625,1.9435501098632812,1,final_hidden,2026-07-10T14:47:28.970617+00:00,nonpad_flattened,EleutherAI/pythia-70m
65536,64,3,16,main,wikitext,wikitext-2-raw-v1,validation,cuda,float32,64,pythia_dynamical_edge_normal,26b7b5702e85f3f48652a95f9be74e23223244d1,"[1, 128, 512]",inputs_embeds,paper_style_feedback_dynamics,EleutherAI/pythia-70m,0.00041093851905316114,direct,fixed_random,-8.811349868774414,-8.810259819030762,1.0,3,128,5101.27001953125,1.5273092985153198,2,final_hidden,2026-07-10T14:47:28.970617+00:00,nonpad_flattened,EleutherAI/pythia-70m
65536,64,3,16,main,wikitext,wikitext-2-raw-v1,validation,cuda,float32,64,pythia_dynamical_edge_normal,26b7b5702e85f3f48652a95f9be74e23223244d1,"[1, 128, 512]",inputs_embeds,paper_style_feedback_dynamics,EleutherAI/pythia-70m,0.0003830909845419228,direct,fixed_random,-8.812213897705078,-8.811349868774414,1.0,3,128,5101.369140625,1.2011702060699463,3,final_hidden,2026-07-10T14:47:28.970617+00:00,nonpad_flattened,EleutherAI/pythia-70m
65536,64,3,16,main,wikitext,wikitext-2-raw-v1,validation,cuda,float32,64,pythia_dynamical_edge_normal,26b7b5702e85f3f48652a95f9be74e23223244d1,"[1, 128, 512]",inputs_embeds,paper_style_feedback_dynamics,EleutherAI/pythia-70m,0.0003857939736917615,direct,fixed_random,-8.812910079956055,-8.812213897705078,1.0,3,128,5101.44580078125,0.9452298879623413,4,final_hidden,2026-07-10T14:47:28.970617+00:00,nonpad_flattened,EleutherAI/pythia-70m
65536,64,3,16,main,wikitext,wikitext-2-raw-v1,validation,cuda,float32,64,pythia_dynamical_edge_normal,26b7b5702e85f3f48652a95f9be74e23223244d1,"[1, 128, 512]",inputs_embeds,paper_style_feedback_dynamics,EleutherAI/pythia-70m,0.00035915544140152633,direct,fixed_random,-8.813447952270508,-8.812910079956055,1.0,3,128,5101.50537109375,0.7441843748092651,5,final_hidden,2026-07-10T14:47:28.970617+00:00,nonpad_flattened,EleutherAI/pythia-70m
65536,64,3,16,main,wikitext,wikitext-2-raw-v1,validation,cuda,float32,64,pythia_dynamical_edge_normal,26b7b5702e85f3f48652a95f9be74e23223244d1,"[1, 128, 512]",inputs_embeds,paper_style_feedback_dynamics,EleutherAI/pythia-70m,0.00035661636502481997,direct,fixed_random,-8.813884735107422,-8.813447952270508,1.0,3,128,5101.5517578125,0.5861101746559143,6,final_hidden,2026-07-10T14:47:28.970617+00:00,nonpad_flattened,EleutherAI/pythia-70m
65536,64,3,16,main,wikitext,wikitext-2-raw-v1,validation,cuda,float32,64,pythia_dynamical_edge_normal,26b7b5702e85f3f48652a95f9be74e23223244d1,"[1, 128, 512]",inputs_embeds,paper_style_feedback_dynamics,EleutherAI/pythia-70m,0.000344074476743117,direct,fixed_random,-8.814229011535645,-8.813884735107422,1.0,3,128,5101.58740234375,0.4617759883403778,7,final_hidden,2026-07-10T14:47:28.970617+00:00,nonpad_flattened,EleutherAI/pythia-70m
65536,64,3,16,main,wikitext,wikitext-2-raw-v1,validation,cuda,float32,64,pythia_dynamical_edge_normal,26b7b5702e85f3f48652a95f9be74e23223244d1,"[1, 128, 512]",inputs_embeds,paper_style_feedback_dynamics,EleutherAI/pythia-70m,0.0003453798999544233,direct,fixed_random,-8.81450080871582,-8.814229011535645,1.0,3,128,5101.615234375,0.36388763785362244,8,final_hidden,2026-07-10T14:47:28.970617+00:00,nonpad_flattened,EleutherAI/pythia-70m
65536,64,3,16,main,wikitext,wikitext-2-raw-v1,validation,cuda,float32,64,pythia_dynamical_edge_normal,26b7b5702e85f3f48652a95f9be74e23223244d1,"[1, 128, 512]",inputs_embeds,paper_style_feedback_dynamics,EleutherAI/pythia-70m,0.00034398105344735086,direct,fixed_random,-8.814712524414062,-8.81450080871582,1.0,3,128,5101.63720703125,0.28680768609046936,9,final_hidden,2026-07-10T14:47:28.970617+00:00,nonpad_flattened,EleutherAI/pythia-70m
65536,64,3,16,main,wikitext,wikitext-2-raw-v1,validation,cuda,float32,64,pythia_dynamical_edge_normal,26b7b5702e85f3f48652a95f9be74e23223244d1,"[1, 128, 512]",inputs_embeds,paper_style_feedback_dynamics,EleutherAI/pythia-70m,0.00034564422094263136,direct,fixed_random,-8.814886093139648,-8.814712524414062,1.0,3,128,5101.65478515625,0.2261050045490265,10,final_hidden,2026-07-10T14:47:28.970617+00:00,nonpad_flattened,EleutherAI/pythia-70m
65536,64,3,16,main,wikitext,wikitext-2-raw-v1,validation,cuda,float32,64,pythia_dynamical_edge_normal,26b7b5702e85f3f48652a95f9be74e23223244d1,"[1, 128, 512]",inputs_embeds,paper_style_feedback_dynamics,EleutherAI/pythia-70m,0.00033738641650415957,direct,fixed_random,-8.815019607543945,-8.814886093139648,1.0,3,128,5101.66796875,0.17827369272708893,11,final_hidden,2026-07-10T14:47:28.970617+00:00,nonpad_flattened,EleutherAI/pythia-70m
65536,64,3,16,main,wikitext,wikitext-2-raw-v1,validation,cuda,float32,64,pythia_dynamical_edge_normal,26b7b5702e85f3f48652a95f9be74e23223244d1,"[1, 128, 512]",inputs_embeds,paper_style_feedback_dynamics,EleutherAI/pythia-70m,0.00034294649958610535,direct,fixed_random,-8.815118789672852,-8.815019607543945,1.0,3,128,5101.6787109375,0.1405564248561859,12,final_hidden,2026-07-10T14:47:28.970617+00:00,nonpad_flattened,EleutherAI/pythia-70m
65536,64,3,16,main,wikitext,wikitext-2-raw-v1,validation,cuda,float32,64,pythia_dynamical_edge_normal,26b7b5702e85f3f48652a95f9be74e23223244d1,"[1, 128, 512]",inputs_embeds,paper_style_feedback_dynamics,EleutherAI/pythia-70m,0.00033064797753468156,direct,fixed_random,-8.815202713012695,-8.815118789672852,1.0,3,128,5101.68701171875,0.1108316034078598,13,final_hidden,2026-07-10T14:47:28.970617+00:00,nonpad_flattened,EleutherAI/pythia-70m
65536,64,3,16,main,wikitext,wikitext-2-raw-v1,validation,cuda,float32,64,pythia_dynamical_edge_normal,26b7b5702e85f3f48652a95f9be74e23223244d1,"[1, 128, 512]",inputs_embeds,paper_style_feedback_dynamics,EleutherAI/pythia-70m,0.0003355504013597965,direct,fixed_random,-8.815269470214844,-8.815202713012695,1.0,3,128,5101.69287109375,0.0874290019273758,14,final_hidden,2026-07-10T14:47:28.970617+00:00,nonpad_flattened,EleutherAI/pythia-70m
65536,64,3,16,main,wikitext,wikitext-2-raw-v1,validation,cuda,float32,64,pythia_dynamical_edge_normal,26b7b5702e85f3f48652a95f9be74e23223244d1,"[1, 128, 512]",inputs_embeds,paper_style_feedback_dynamics,EleutherAI/pythia-70m,0.0003350107872392982,direct,fixed_random,-8.81532096862793,-8.815269470214844,1.0,3,128,5101.6982421875,0.06894627958536148,15,final_hidden,2026-07-10T14:47:28.970617+00:00,nonpad_flattened,EleutherAI/pythia-70m
65536,64,3,16,main,wikitext,wikitext-2-raw-v1,validation,cuda,float32,64,pythia_dynamical_edge_normal,26b7b5702e85f3f48652a95f9be74e23223244d1,"[1, 128, 512]",inputs_embeds,paper_style_feedback_dynamics,EleutherAI/pythia-70m,0.00033187182270921767,direct,fixed_random,-8.815364837646484,-8.81532096862793,1.0,3,128,5101.7021484375,0.05437000095844269,16,final_hidden,2026-07-10T14:47:28.970617+00:00,nonpad_flattened,EleutherAI/pythia-70m
65536,64,3,16,main,wikitext,wikitext-2-raw-v1,validation,cuda,float32,64,pythia_dynamical_edge_normal,26b7b5702e85f3f48652a95f9be74e23223244d1,"[1, 128, 512]",inputs_embeds,paper_style_feedback_dynamics,EleutherAI/pythia-70m,0.00034303838037885725,direct,fixed_random,-8.815397262573242,-8.815364837646484,1.0,3,128,5101.705078125,0.04292116314172745,17,final_hidden,2026-07-10T14:47:28.970617+00:00,nonpad_flattened,EleutherAI/pythia-70m
65536,64,3,16,main,wikitext,wikitext-2-raw-v1,validation,cuda,float32,64,pythia_dynamical_edge_normal,26b7b5702e85f3f48652a95f9be74e23223244d1,"[1, 128, 512]",inputs_embeds,paper_style_feedback_dynamics,EleutherAI/pythia-70m,0.00033903366420418024,direct,fixed_random,-8.815420150756836,-8.815397262573242,1.0,3,128,5101.70751953125,0.033842533826828,18,final_hidden,2026-07-10T14:47:28.970617+00:00,nonpad_flattened,EleutherAI/pythia-70m
65536,64,3,16,main,wikitext,wikitext-2-raw-v1,validation,cuda,float32,64,pythia_dynamical_edge_normal,26b7b5702e85f3f48652a95f9be74e23223244d1,"[1, 128, 512]",inputs_embeds,paper_style_feedback_dynamics,EleutherAI/pythia-70m,0.000334578740876168,direct,fixed_random,-8.815438270568848,-8.815420150756836,1.0,3,128,5101.70947265625,0.026707014068961143,19,final_hidden,2026-07-10T14:47:28.970617+00:00,nonpad_flattened,EleutherAI/pythia-70m
65536,64,3,16,main,wikitext,wikitext-2-raw-v1,validation,cuda,float32,64,pythia_dynamical_edge_normal,26b7b5702e85f3f48652a95f9be74e23223244d1,"[1, 128, 512]",inputs_embeds,paper_style_feedback_dynamics,EleutherAI/pythia-70m,0.0003309946332592517,direct,fixed_random,-8.815451622009277,-8.815438270568848,1.0,3,128,5101.7109375,0.02106694132089615,20,final_hidden,2026-07-10T14:47:28.970617+00:00,nonpad_flattened,EleutherAI/pythia-70m
65536,64,3,16,main,wikitext,wikitext-2-raw-v1,validation,cuda,float32,64,pythia_dynamical_edge_normal,26b7b5702e85f3f48652a95f9be74e23223244d1,"[1, 128, 512]",inputs_embeds,paper_style_feedback_dynamics,EleutherAI/pythia-70m,0.0003241043887101114,direct,fixed_random,-8.815463066101074,-8.815451622009277,1.0,3,128,5101.71240234375,0.01660509966313839,21,final_hidden,2026-07-10T14:47:28.970617+00:00,nonpad_flattened,EleutherAI/pythia-70m
65536,64,3,16,main,wikitext,wikitext-2-raw-v1,validation,cuda,float32,64,pythia_dynamical_edge_normal,26b7b5702e85f3f48652a95f9be74e23223244d1,"[1, 128, 512]",inputs_embeds,paper_style_feedback_dynamics,EleutherAI/pythia-70m,0.00034486016375012696,direct,fixed_random,-8.815475463867188,-8.815463066101074,1.0,3,128,5101.712890625,0.013106261380016804,22,final_hidden,2026-07-10T14:47:28.970617+00:00,nonpad_flattened,EleutherAI/pythia-70m
65536,64,3,16,main,wikitext,wikitext-2-raw-v1,validation,cuda,float32,64,pythia_dynamical_edge_normal,26b7b5702e85f3f48652a95f9be74e23223244d1,"[1, 128, 512]",inputs_embeds,paper_style_feedback_dynamics,EleutherAI/pythia-70m,0.0003345779550727457,direct,fixed_random,-8.815488815307617,-8.815475463867188,1.0,3,128,5101.7138671875,0.010311144404113293,23,final_hidden,2026-07-10T14:47:28.970617+00:00,nonpad_flattened,EleutherAI/pythia-70m
65536,64,3,16,main,wikitext,wikitext-2-raw-v1,validation,cuda,float32,64,pythia_dynamical_edge_normal,26b7b5702e85f3f48652a95f9be74e23223244d1,"[1, 128, 512]",inputs_embeds,paper_style_feedback_dynamics,EleutherAI/pythia-70m,0.0003313611669000238,direct,fixed_random,-8.8154935836792,-8.815488815307617,1.0,3,128,5101.71484375,0.008144539780914783,24,final_hidden,2026-07-10T14:47:28.970617+00:00,nonpad_flattened,EleutherAI/pythia-70m
65536,64,3,16,main,wikitext,wikitext-2-raw-v1,validation,cuda,float32,64,pythia_dynamical_edge_normal,26b7b5702e85f3f48652a95f9be74e23223244d1,"[1, 128, 512]",inputs_embeds,paper_style_feedback_dynamics,EleutherAI/pythia-70m,0.00032690027728676796,direct,fixed_random,-8.8154935836792,-8.8154935836792,1.0,3,128,5101.71484375,0.006501694675534964,25,final_hidden,2026-07-10T14:47:28.970617+00:00,nonpad_flattened,EleutherAI/pythia-70m
65536,64,3,16,main,wikitext,wikitext-2-raw-v1,validation,cuda,float32,64,pythia_dynamical_edge_normal,26b7b5702e85f3f48652a95f9be74e23223244d1,"[1, 128, 512]",inputs_embeds,paper_style_feedback_dynamics,EleutherAI/pythia-70m,0.00033787518623284996,direct,fixed_random,-8.815505981445312,-8.8154935836792,1.0,3,128,5101.71533203125,0.005103946663439274,26,final_hidden,2026-07-10T14:47:28.970617+00:00,nonpad_flattened,EleutherAI/pythia-70m
65536,64,3,16,main,wikitext,wikitext-2-raw-v1,validation,cuda,float32,64,pythia_dynamical_edge_normal,26b7b5702e85f3f48652a95f9be74e23223244d1,"[1, 128, 512]",inputs_embeds,paper_style_feedback_dynamics,EleutherAI/pythia-70m,0.00032965035643428564,direct,fixed_random,-8.81550407409668,-8.815505981445312,1.0,3,128,5101.7158203125,0.0040599810890853405,27,final_hidden,2026-07-10T14:47:28.970617+00:00,nonpad_flattened,EleutherAI/pythia-70m
65536,64,3,16,main,wikitext,wikitext-2-raw-v1,validation,cuda,float32,64,pythia_dynamical_edge_normal,26b7b5702e85f3f48652a95f9be74e23223244d1,"[1, 128, 512]",inputs_embeds,paper_style_feedback_dynamics,EleutherAI/pythia-70m,0.00034008914371952415,direct,fixed_random,-8.815511703491211,-8.81550407409668,1.0,3,128,5101.7158203125,0.003227261360734701,28,final_hidden,2026-07-10T14:47:28.970617+00:00,nonpad_flattened,EleutherAI/pythia-70m
65536,64,3,16,main,wikitext,wikitext-2-raw-v1,validation,cuda,float32,64,pythia_dynamical_edge_normal,26b7b5702e85f3f48652a95f9be74e23223244d1,"[1, 128, 512]",inputs_embeds,paper_style_feedback_dynamics,EleutherAI/pythia-70m,0.00032373209251090884,direct,fixed_random,-8.815511703491211,-8.815511703491211,1.0,3,128,5101.71630859375,0.0024849395267665386,29,final_hidden,2026-07-10T14:47:28.970617+00:00,nonpad_flattened,EleutherAI/pythia-70m
65536,64,3,16,main,wikitext,wikitext-2-raw-v1,validation,cuda,float32,64,pythia_dynamical_edge_normal,26b7b5702e85f3f48652a95f9be74e23223244d1,"[1, 128, 512]",inputs_embeds,paper_style_feedback_dynamics,EleutherAI/pythia-70m,0.00032521079992875457,direct,fixed_random,-8.815507888793945,-8.815511703491211,1.0,3,128,5101.71630859375,0.0019734830129891634,30,final_hidden,2026-07-10T14:47:28.970617+00:00,nonpad_flattened,EleutherAI/pythia-70m
65536,64,3,16,main,wikitext,wikitext-2-raw-v1,validation,cuda,float32,64,pythia_dynamical_edge_normal,26b7b5702e85f3f48652a95f9be74e23223244d1,"[1, 128, 512]",inputs_embeds,paper_style_feedback_dynamics,EleutherAI/pythia-70m,0.0003197746991645545,direct,fixed_random,-8.815511703491211,-8.815507888793945,1.0,3,128,5101.71630859375,0.0016353150131180882,31,final_hidden,2026-07-10T14:47:28.970617+00:00,nonpad_flattened,EleutherAI/pythia-70m
65536,64,3,16,main,wikitext,wikitext-2-raw-v1,validation,cuda,float32,64,pythia_dynamical_edge_normal,26b7b5702e85f3f48652a95f9be74e23223244d1,"[1, 128, 512]",inputs_embeds,paper_style_feedback_dynamics,EleutherAI/pythia-70m,0.00031429066439159214,direct,fixed_random,-8.815509796142578,-8.815511703491211,1.0,3,128,5101.71630859375,0.0012997816083952785,32,final_hidden,2026-07-10T14:47:28.970617+00:00,nonpad_flattened,EleutherAI/pythia-70m
65536,64,3,16,main,wikitext,wikitext-2-raw-v1,validation,cuda,float32,64,pythia_dynamical_edge_normal,26b7b5702e85f3f48652a95f9be74e23223244d1,"[1, 128, 512]",inputs_embeds,paper_style_feedback_dynamics,EleutherAI/pythia-70m,0.0003249549481552094,direct,fixed_random,-8.815511703491211,-8.815509796142578,1.0,3,128,5101.716796875,0.0009748633019626141,33,final_hidden,2026-07-10T14:47:28.970617+00:00,nonpad_flattened,EleutherAI/pythia-70m
65536,64,3,16,main,wikitext,wikitext-2-raw-v1,validation,cuda,float32,64,pythia_dynamical_edge_normal,26b7b5702e85f3f48652a95f9be74e23223244d1,"[1, 128, 512]",inputs_embeds,paper_style_feedback_dynamics,EleutherAI/pythia-70m,0.0003388134064152837,direct,fixed_random,-8.81551456451416,-8.815511703491211,1.0,3,128,5101.716796875,0.0007582109537906945,34,final_hidden,2026-07-10T14:47:28.970617+00:00,nonpad_flattened,EleutherAI/pythia-70m
65536,64,3,16,main,wikitext,wikitext-2-raw-v1,validation,cuda,float32,64,pythia_dynamical_edge_normal,26b7b5702e85f3f48652a95f9be74e23223244d1,"[1, 128, 512]",inputs_embeds,paper_style_feedback_dynamics,EleutherAI/pythia-70m,0.00042896001832559705,direct,fixed_random,-8.815513610839844,-8.81551456451416,1.0,3,128,5101.716796875,0.0006741947727277875,35,final_hidden,2026-07-10T14:47:28.970617+00:00,nonpad_flattened,EleutherAI/pythia-70m
65536,64,3,16,main,wikitext,wikitext-2-raw-v1,validation,cuda,float32,64,pythia_dynamical_edge_normal,26b7b5702e85f3f48652a95f9be74e23223244d1,"[1, 128, 512]",inputs_embeds,paper_style_feedback_dynamics,EleutherAI/pythia-70m,0.0003948207595385611,direct,fixed_random,-8.815515518188477,-8.815513610839844,1.0,3,128,5101.716796875,0.0006092632538639009,36,final_hidden,2026-07-10T14:47:28.970617+00:00,nonpad_flattened,EleutherAI/pythia-70m
65536,64,3,16,main,wikitext,wikitext-2-raw-v1,validation,cuda,float32,64,pythia_dynamical_edge_normal,26b7b5702e85f3f48652a95f9be74e23223244d1,"[1, 128, 512]",inputs_embeds,paper_style_feedback_dynamics,EleutherAI/pythia-70m,0.00042681439663283527,direct,fixed_random,-8.815513610839844,-8.815515518188477,1.0,3,128,5101.716796875,0.0005508909234777093,37,final_hidden,2026-07-10T14:47:28.970617+00:00,nonpad_flattened,EleutherAI/pythia-70m
65536,64,3,16,main,wikitext,wikitext-2-raw-v1,validation,cuda,float32,64,pythia_dynamical_edge_normal,26b7b5702e85f3f48652a95f9be74e23223244d1,"[1, 128, 512]",inputs_embeds,paper_style_feedback_dynamics,EleutherAI/pythia-70m,0.0004055002355016768,direct,fixed_random,-8.815516471862793,-8.815513610839844,1.0,3,128,5101.716796875,0.0005096889799460769,38,final_hidden,2026-07-10T14:47:28.970617+00:00,nonpad_flattened,EleutherAI/pythia-70m
65536,64,3,16,main,wikitext,wikitext-2-raw-v1,validation,cuda,float32,64,pythia_dynamical_edge_normal,26b7b5702e85f3f48652a95f9be74e23223244d1,"[1, 128, 512]",inputs_embeds,paper_style_feedback_dynamics,EleutherAI/pythia-70m,0.0004018635954707861,direct,fixed_random,-8.815510749816895,-8.815516471862793,1.0,3,128,5101.716796875,0.0005020240787416697,39,final_hidden,2026-07-10T14:47:28.970617+00:00,nonpad_flattened,EleutherAI/pythia-70m
65536,64,3,16,main,wikitext,wikitext-2-raw-v1,validation,cuda,float32,64,pythia_dynamical_edge_normal,26b7b5702e85f3f48652a95f9be74e23223244d1,"[1, 128, 512]",inputs_embeds,paper_style_feedback_dynamics,EleutherAI/pythia-70m,0.0004045819223392755,direct,fixed_random,-8.815509796142578,-8.815510749816895,1.0,3,128,5101.716796875,0.0004594299534801394,40,final_hidden,2026-07-10T14:47:28.970617+00:00,nonpad_flattened,EleutherAI/pythia-70m
65536,64,3,16,main,wikitext,wikitext-2-raw-v1,validation,cuda,float32,64,pythia_dynamical_edge_normal,26b7b5702e85f3f48652a95f9be74e23223244d1,"[1, 128, 512]",inputs_embeds,paper_style_feedback_dynamics,EleutherAI/pythia-70m,0.00040383479790762067,direct,fixed_random,-8.815510749816895,-8.815509796142578,1.0,3,128,5101.716796875,0.0004205233708489686,41,final_hidden,2026-07-10T14:47:28.970617+00:00,nonpad_flattened,EleutherAI/pythia-70m
65536,64,3,16,main,wikitext,wikitext-2-raw-v1,validation,cuda,float32,64,pythia_dynamical_edge_normal,26b7b5702e85f3f48652a95f9be74e23223244d1,"[1, 128, 512]",inputs_embeds,paper_style_feedback_dynamics,EleutherAI/pythia-70m,0.000378442375222221,direct,fixed_random,-8.815509796142578,-8.815510749816895,1.0,3,128,5101.716796875,0.0003833357186522335,42,final_hidden,2026-07-10T14:47:28.970617+00:00,nonpad_flattened,EleutherAI/pythia-70m
65536,64,3,16,main,wikitext,wikitext-2-raw-v1,validation,cuda,float32,64,pythia_dynamical_edge_normal,26b7b5702e85f3f48652a95f9be74e23223244d1,"[1, 128, 512]",inputs_embeds,paper_style_feedback_dynamics,EleutherAI/pythia-70m,0.0003506162320263684,direct,fixed_random,-8.815511703491211,-8.815509796142578,1.0,3,128,5101.716796875,0.00030892016366124153,43,final_hidden,2026-07-10T14:47:28.970617+00:00,nonpad_flattened,EleutherAI/pythia-70m
65536,64,3,16,main,wikitext,wikitext-2-raw-v1,validation,cuda,float32,64,pythia_dynamical_edge_normal,26b7b5702e85f3f48652a95f9be74e23223244d1,"[1, 128, 512]",inputs_embeds,paper_style_feedback_dynamics,EleutherAI/pythia-70m,0.00032542983535677195,direct,fixed_random,-8.815511703491211,-8.815511703491211,1.0,3,128,5101.716796875,0.00026393879670649767,44,final_hidden,2026-07-10T14:47:28.970617+00:00,nonpad_flattened,EleutherAI/pythia-70m
65536,64,3,16,main,wikitext,wikitext-2-raw-v1,validation,cuda,float32,64,pythia_dynamical_edge_normal,26b7b5702e85f3f48652a95f9be74e23223244d1,"[1, 128, 512]",inputs_embeds,paper_style_feedback_dynamics,EleutherAI/pythia-70m,0.0003266882267780602,direct,fixed_random,-8.81551456451416,-8.815511703491211,1.0,3,128,5101.716796875,0.00024263439991045743,45,final_hidden,2026-07-10T14:47:28.970617+00:00,nonpad_flattened,EleutherAI/pythia-70m
65536,64,3,16,main,wikitext,wikitext-2-raw-v1,validation,cuda,float32,64,pythia_dynamical_edge_normal,26b7b5702e85f3f48652a95f9be74e23223244d1,"[1, 128, 512]",inputs_embeds,paper_style_feedback_dynamics,EleutherAI/pythia-70m,0.0003280074743088335,direct,fixed_random,-8.815511703491211,-8.81551456451416,1.0,3,128,5101.716796875,0.00022922623611520976,46,final_hidden,2026-07-10T14:47:28.970617+00:00,nonpad_flattened,EleutherAI/pythia-70m
65536,64,3,16,main,wikitext,wikitext-2-raw-v1,validation,cuda,float32,64,pythia_dynamical_edge_normal,26b7b5702e85f3f48652a95f9be74e23223244d1,"[1, 128, 512]",inputs_embeds,paper_style_feedback_dynamics,EleutherAI/pythia-70m,0.000346340355463326,direct,fixed_random,-8.815512657165527,-8.815511703491211,1.0,3,128,5101.716796875,0.00024598417803645134,47,final_hidden,2026-07-10T14:47:28.970617+00:00,nonpad_flattened,EleutherAI/pythia-70m
65536,64,3,16,main,wikitext,wikitext-2-raw-v1,validation,cuda,float32,64,pythia_dynamical_edge_normal,26b7b5702e85f3f48652a95f9be74e23223244d1,"[1, 128, 512]",inputs_embeds,paper_style_feedback_dynamics,EleutherAI/pythia-70m,0.0003517212753649801,direct,fixed_random,-8.815510749816895,-8.815512657165527,1.0,3,128,5101.716796875,0.0002735695452429354,48,final_hidden,2026-07-10T14:47:28.970617+00:00,nonpad_flattened,EleutherAI/pythia-70m
65536,64,3,16,main,wikitext,wikitext-2-raw-v1,validation,cuda,float32,64,pythia_dynamical_edge_normal,26b7b5702e85f3f48652a95f9be74e23223244d1,"[1, 128, 512]",inputs_embeds,paper_style_feedback_dynamics,EleutherAI/pythia-70m,0.0003364381263963878,direct,fixed_random,-8.815509796142578,-8.815510749816895,1.0,3,128,5101.716796875,0.0002640413003973663,49,final_hidden,2026-07-10T14:47:28.970617+00:00,nonpad_flattened,EleutherAI/pythia-70m
65536,64,3,16,main,wikitext,wikitext-2-raw-v1,validation,cuda,float32,64,pythia_dynamical_edge_normal,26b7b5702e85f3f48652a95f9be74e23223244d1,"[1, 128, 512]",inputs_embeds,paper_style_feedback_dynamics,EleutherAI/pythia-70m,0.0003453984099905938,direct,fixed_random,-8.815510749816895,-8.815509796142578,1.0,3,128,5101.716796875,0.00026619184063747525,50,final_hidden,2026-07-10T14:47:28.970617+00:00,nonpad_flattened,EleutherAI/pythia-70m
65536,64,3,16,main,wikitext,wikitext-2-raw-v1,validation,cuda,float32,64,pythia_dynamical_edge_normal,26b7b5702e85f3f48652a95f9be74e23223244d1,"[1, 128, 512]",inputs_embeds,paper_style_feedback_dynamics,EleutherAI/pythia-70m,0.00034703401615843177,direct,fixed_random,-8.815510749816895,-8.815510749816895,1.0,3,128,5101.716796875,0.0002512283972464502,51,final_hidden,2026-07-10T14:47:28.970617+00:00,nonpad_flattened,EleutherAI/pythia-70m
65536,64,3,16,main,wikitext,wikitext-2-raw-v1,validation,cuda,float32,64,pythia_dynamical_edge_normal,26b7b5702e85f3f48652a95f9be74e23223244d1,"[1, 128, 512]",inputs_embeds,paper_style_feedback_dynamics,EleutherAI/pythia-70m,0.0003542386111803353,direct,fixed_random,-8.815515518188477,-8.815510749816895,1.0,3,128,5101.716796875,0.00026046414859592915,52,final_hidden,2026-07-10T14:47:28.970617+00:00,nonpad_flattened,EleutherAI/pythia-70m
65536,64,3,16,main,wikitext,wikitext-2-raw-v1,validation,cuda,float32,64,pythia_dynamical_edge_normal,26b7b5702e85f3f48652a95f9be74e23223244d1,"[1, 128, 512]",inputs_embeds,paper_style_feedback_dynamics,EleutherAI/pythia-70m,0.000347175111528486,direct,fixed_random,-8.815511703491211,-8.815515518188477,1.0,3,128,5101.716796875,0.0002626531640999019,53,final_hidden,2026-07-10T14:47:28.970617+00:00,nonpad_flattened,EleutherAI/pythia-70m
65536,64,3,16,main,wikitext,wikitext-2-raw-v1,validation,cuda,float32,64,pythia_dynamical_edge_normal,26b7b5702e85f3f48652a95f9be74e23223244d1,"[1, 128, 512]",inputs_embeds,paper_style_feedback_dynamics,EleutherAI/pythia-70m,0.0003504691121634096,direct,fixed_random,-8.815515518188477,-8.815511703491211,1.0,3,128,5101.716796875,0.00027217617025598884,54,final_hidden,2026-07-10T14:47:28.970617+00:00,nonpad_flattened,EleutherAI/pythia-70m
65536,64,3,16,main,wikitext,wikitext-2-raw-v1,validation,cuda,float32,64,pythia_dynamical_edge_normal,26b7b5702e85f3f48652a95f9be74e23223244d1,"[1, 128, 512]",inputs_embeds,paper_style_feedback_dynamics,EleutherAI/pythia-70m,0.0003382632858119905,direct,fixed_random,-8.815513610839844,-8.815515518188477,1.0,3,128,5101.716796875,0.00026836004690267146,55,final_hidden,2026-07-10T14:47:28.970617+00:00,nonpad_flattened,EleutherAI/pythia-70m
65536,64,3,16,main,wikitext,wikitext-2-raw-v1,validation,cuda,float32,64,pythia_dynamical_edge_normal,26b7b5702e85f3f48652a95f9be74e23223244d1,"[1, 128, 512]",inputs_embeds,paper_style_feedback_dynamics,EleutherAI/pythia-70m,0.00035306887002661824,direct,fixed_random,-8.815509796142578,-8.815513610839844,1.0,3,128,5101.716796875,0.0002548981283325702,56,final_hidden,2026-07-10T14:47:28.970617+00:00,nonpad_flattened,EleutherAI/pythia-70m
65536,64,3,16,main,wikitext,wikitext-2-raw-v1,validation,cuda,float32,64,pythia_dynamical_edge_normal,26b7b5702e85f3f48652a95f9be74e23223244d1,"[1, 128, 512]",inputs_embeds,paper_style_feedback_dynamics,EleutherAI/pythia-70m,0.0003432550001889467,direct,fixed_random,-8.81551456451416,-8.815509796142578,1.0,3,128,5101.716796875,0.0002619259466882795,57,final_hidden,2026-07-10T14:47:28.970617+00:00,nonpad_flattened,EleutherAI/pythia-70m
65536,64,3,16,main,wikitext,wikitext-2-raw-v1,validation,cuda,float32,64,pythia_dynamical_edge_normal,26b7b5702e85f3f48652a95f9be74e23223244d1,"[1, 128, 512]",inputs_embeds,paper_style_feedback_dynamics,EleutherAI/pythia-70m,0.0003461272281128913,direct,fixed_random,-8.815511703491211,-8.81551456451416,1.0,3,128,5101.716796875,0.0002676559961400926,58,final_hidden,2026-07-10T14:47:28.970617+00:00,nonpad_flattened,EleutherAI/pythia-70m
65536,64,3,16,main,wikitext,wikitext-2-raw-v1,validation,cuda,float32,64,pythia_dynamical_edge_normal,26b7b5702e85f3f48652a95f9be74e23223244d1,"[1, 128, 512]",inputs_embeds,paper_style_feedback_dynamics,EleutherAI/pythia-70m,0.00034830448566935956,direct,fixed_random,-8.815511703491211,-8.815511703491211,1.0,3,128,5101.716796875,0.0002627524081617594,59,final_hidden,2026-07-10T14:47:28.970617+00:00,nonpad_flattened,EleutherAI/pythia-70m
65536,64,3,16,main,wikitext,wikitext-2-raw-v1,validation,cuda,float32,64,pythia_dynamical_edge_normal,26b7b5702e85f3f48652a95f9be74e23223244d1,"[1, 128, 512]",inputs_embeds,paper_style_feedback_dynamics,EleutherAI/pythia-70m,0.00035275908885523677,direct,fixed_random,-8.815513610839844,-8.815511703491211,1.0,3,128,5101.716796875,0.00026054869522340596,60,final_hidden,2026-07-10T14:47:28.970617+00:00,nonpad_flattened,EleutherAI/pythia-70m
65536,64,3,16,main,wikitext,wikitext-2-raw-v1,validation,cuda,float32,64,pythia_dynamical_edge_normal,26b7b5702e85f3f48652a95f9be74e23223244d1,"[1, 128, 512]",inputs_embeds,paper_style_feedback_dynamics,EleutherAI/pythia-70m,0.0003489216906018555,direct,fixed_random,-8.815513610839844,-8.815513610839844,1.0,3,128,5101.716796875,0.0002743914083112031,61,final_hidden,2026-07-10T14:47:28.970617+00:00,nonpad_flattened,EleutherAI/pythia-70m
65536,64,3,16,main,wikitext,wikitext-2-raw-v1,validation,cuda,float32,64,pythia_dynamical_edge_normal,26b7b5702e85f3f48652a95f9be74e23223244d1,"[1, 128, 512]",inputs_embeds,paper_style_feedback_dynamics,EleutherAI/pythia-70m,0.00035402097273617983,direct,fixed_random,-8.81551456451416,-8.815513610839844,1.0,3,128,5101.716796875,0.0002665034553501755,62,final_hidden,2026-07-10T14:47:28.970617+00:00,nonpad_flattened,EleutherAI/pythia-70m
40960,64,4,16,main,wikitext,wikitext-2-raw-v1,validation,cuda,float32,64,pythia_dynamical_edge_normal,26b7b5702e85f3f48652a95f9be74e23223244d1,"[1, 128, 512]",inputs_embeds,paper_style_feedback_dynamics,EleutherAI/pythia-70m,0.0004738768329843879,direct,fixed_random,-10.67497444152832,-10.682806968688965,1.0,4,128,4032.69384765625,1.905402421951294,0,final_hidden,2026-07-10T14:47:28.970617+00:00,nonpad_flattened,EleutherAI/pythia-70m
40960,64,4,16,main,wikitext,wikitext-2-raw-v1,validation,cuda,float32,64,pythia_dynamical_edge_normal,26b7b5702e85f3f48652a95f9be74e23223244d1,"[1, 128, 512]",inputs_embeds,paper_style_feedback_dynamics,EleutherAI/pythia-70m,0.0004089938593097031,direct,fixed_random,-10.668657302856445,-10.67497444152832,1.0,4,128,4032.82080078125,1.4967173337936401,1,final_hidden,2026-07-10T14:47:28.970617+00:00,nonpad_flattened,EleutherAI/pythia-70m
40960,64,4,16,main,wikitext,wikitext-2-raw-v1,validation,cuda,float32,64,pythia_dynamical_edge_normal,26b7b5702e85f3f48652a95f9be74e23223244d1,"[1, 128, 512]",inputs_embeds,paper_style_feedback_dynamics,EleutherAI/pythia-70m,0.0003656090993899852,direct,fixed_random,-10.663591384887695,-10.668657302856445,1.0,4,128,4032.918701171875,1.1767598390579224,2,final_hidden,2026-07-10T14:47:28.970617+00:00,nonpad_flattened,EleutherAI/pythia-70m
40960,64,4,16,main,wikitext,wikitext-2-raw-v1,validation,cuda,float32,64,pythia_dynamical_edge_normal,26b7b5702e85f3f48652a95f9be74e23223244d1,"[1, 128, 512]",inputs_embeds,paper_style_feedback_dynamics,EleutherAI/pythia-70m,0.00033678661566227674,direct,fixed_random,-10.65951919555664,-10.663591384887695,1.0,4,128,4032.994384765625,0.9258719682693481,3,final_hidden,2026-07-10T14:47:28.970617+00:00,nonpad_flattened,EleutherAI/pythia-70m
40960,64,4,16,main,wikitext,wikitext-2-raw-v1,validation,cuda,float32,64,pythia_dynamical_edge_normal,26b7b5702e85f3f48652a95f9be74e23223244d1,"[1, 128, 512]",inputs_embeds,paper_style_feedback_dynamics,EleutherAI/pythia-70m,0.0003070021921303123,direct,fixed_random,-10.656269073486328,-10.65951919555664,1.0,4,128,4033.05322265625,0.7288777232170105,4,final_hidden,2026-07-10T14:47:28.970617+00:00,nonpad_flattened,EleutherAI/pythia-70m
40960,64,4,16,main,wikitext,wikitext-2-raw-v1,validation,cuda,float32,64,pythia_dynamical_edge_normal,26b7b5702e85f3f48652a95f9be74e23223244d1,"[1, 128, 512]",inputs_embeds,paper_style_feedback_dynamics,EleutherAI/pythia-70m,0.00029377578175626695,direct,fixed_random,-10.653675079345703,-10.656269073486328,1.0,4,128,4033.0986328125,0.5740456581115723,5,final_hidden,2026-07-10T14:47:28.970617+00:00,nonpad_flattened,EleutherAI/pythia-70m
40960,64,4,16,main,wikitext,wikitext-2-raw-v1,validation,cuda,float32,64,pythia_dynamical_edge_normal,26b7b5702e85f3f48652a95f9be74e23223244d1,"[1, 128, 512]",inputs_embeds,paper_style_feedback_dynamics,EleutherAI/pythia-70m,0.00027498198323883116,direct,fixed_random,-10.651606559753418,-10.653675079345703,1.0,4,128,4033.13427734375,0.45225420594215393,6,final_hidden,2026-07-10T14:47:28.970617+00:00,nonpad_flattened,EleutherAI/pythia-70m
40960,64,4,16,main,wikitext,wikitext-2-raw-v1,validation,cuda,float32,64,pythia_dynamical_edge_normal,26b7b5702e85f3f48652a95f9be74e23223244d1,"[1, 128, 512]",inputs_embeds,paper_style_feedback_dynamics,EleutherAI/pythia-70m,0.0002758129558060318,direct,fixed_random,-10.649957656860352,-10.651606559753418,1.0,4,128,4033.161865234375,0.35641440749168396,7,final_hidden,2026-07-10T14:47:28.970617+00:00,nonpad_flattened,EleutherAI/pythia-70m
40960,64,4,16,main,wikitext,wikitext-2-raw-v1,validation,cuda,float32,64,pythia_dynamical_edge_normal,26b7b5702e85f3f48652a95f9be74e23223244d1,"[1, 128, 512]",inputs_embeds,paper_style_feedback_dynamics,EleutherAI/pythia-70m,0.00027341023087501526,direct,fixed_random,-10.648648262023926,-10.649957656860352,1.0,4,128,4033.18359375,0.28092747926712036,8,final_hidden,2026-07-10T14:47:28.970617+00:00,nonpad_flattened,EleutherAI/pythia-70m
40960,64,4,16,main,wikitext,wikitext-2-raw-v1,validation,cuda,float32,64,pythia_dynamical_edge_normal,26b7b5702e85f3f48652a95f9be74e23223244d1,"[1, 128, 512]",inputs_embeds,paper_style_feedback_dynamics,EleutherAI/pythia-70m,0.00027106518973596394,direct,fixed_random,-10.647615432739258,-10.648648262023926,1.0,4,128,4033.2001953125,0.22148925065994263,9,final_hidden,2026-07-10T14:47:28.970617+00:00,nonpad_flattened,EleutherAI/pythia-70m
40960,64,4,16,main,wikitext,wikitext-2-raw-v1,validation,cuda,float32,64,pythia_dynamical_edge_normal,26b7b5702e85f3f48652a95f9be74e23223244d1,"[1, 128, 512]",inputs_embeds,paper_style_feedback_dynamics,EleutherAI/pythia-70m,0.0002631008392199874,direct,fixed_random,-10.646785736083984,-10.647615432739258,1.0,4,128,4033.21337890625,0.17463482916355133,10,final_hidden,2026-07-10T14:47:28.970617+00:00,nonpad_flattened,EleutherAI/pythia-70m
40960,64,4,16,main,wikitext,wikitext-2-raw-v1,validation,cuda,float32,64,pythia_dynamical_edge_normal,26b7b5702e85f3f48652a95f9be74e23223244d1,"[1, 128, 512]",inputs_embeds,paper_style_feedback_dynamics,EleutherAI/pythia-70m,0.0002665555803105235,direct,fixed_random,-10.646136283874512,-10.646785736083984,1.0,4,128,4033.223876953125,0.1377023309469223,11,final_hidden,2026-07-10T14:47:28.970617+00:00,nonpad_flattened,EleutherAI/pythia-70m
40960,64,4,16,main,wikitext,wikitext-2-raw-v1,validation,cuda,float32,64,pythia_dynamical_edge_normal,26b7b5702e85f3f48652a95f9be74e23223244d1,"[1, 128, 512]",inputs_embeds,paper_style_feedback_dynamics,EleutherAI/pythia-70m,0.00026316032744944096,direct,fixed_random,-10.645618438720703,-10.646136283874512,1.0,4,128,4033.231689453125,0.10859041661024094,12,final_hidden,2026-07-10T14:47:28.970617+00:00,nonpad_flattened,EleutherAI/pythia-70m
40960,64,4,16,main,wikitext,wikitext-2-raw-v1,validation,cuda,float32,64,pythia_dynamical_edge_normal,26b7b5702e85f3f48652a95f9be74e23223244d1,"[1, 128, 512]",inputs_embeds,paper_style_feedback_dynamics,EleutherAI/pythia-70m,0.0002675089635886252,direct,fixed_random,-10.645210266113281,-10.645618438720703,1.0,4,128,4033.23779296875,0.08564179390668869,13,final_hidden,2026-07-10T14:47:28.970617+00:00,nonpad_flattened,EleutherAI/pythia-70m
40960,64,4,16,main,wikitext,wikitext-2-raw-v1,validation,cuda,float32,64,pythia_dynamical_edge_normal,26b7b5702e85f3f48652a95f9be74e23223244d1,"[1, 128, 512]",inputs_embeds,paper_style_feedback_dynamics,EleutherAI/pythia-70m,0.00026667065685614944,direct,fixed_random,-10.64488697052002,-10.645210266113281,1.0,4,128,4033.242919921875,0.06756193935871124,14,final_hidden,2026-07-10T14:47:28.970617+00:00,nonpad_flattened,EleutherAI/pythia-70m
40960,64,4,16,main,wikitext,wikitext-2-raw-v1,validation,cuda,float32,64,pythia_dynamical_edge_normal,26b7b5702e85f3f48652a95f9be74e23223244d1,"[1, 128, 512]",inputs_embeds,paper_style_feedback_dynamics,EleutherAI/pythia-70m,0.00027317999047227204,direct,fixed_random,-10.644630432128906,-10.64488697052002,1.0,4,128,4033.2470703125,0.05330755189061165,15,final_hidden,2026-07-10T14:47:28.970617+00:00,nonpad_flattened,EleutherAI/pythia-70m
40960,64,4,16,main,wikitext,wikitext-2-raw-v1,validation,cuda,float32,64,pythia_dynamical_edge_normal,26b7b5702e85f3f48652a95f9be74e23223244d1,"[1, 128, 512]",inputs_embeds,paper_style_feedback_dynamics,EleutherAI/pythia-70m,0.0002752734872046858,direct,fixed_random,-10.644428253173828,-10.644630432128906,1.0,4,128,4033.249755859375,0.04204527661204338,16,final_hidden,2026-07-10T14:47:28.970617+00:00,nonpad_flattened,EleutherAI/pythia-70m
40960,64,4,16,main,wikitext,wikitext-2-raw-v1,validation,cuda,float32,64,pythia_dynamical_edge_normal,26b7b5702e85f3f48652a95f9be74e23223244d1,"[1, 128, 512]",inputs_embeds,paper_style_feedback_dynamics,EleutherAI/pythia-70m,0.0002691320260055363,direct,fixed_random,-10.644269943237305,-10.644428253173828,1.0,4,128,4033.25244140625,0.03318147361278534,17,final_hidden,2026-07-10T14:47:28.970617+00:00,nonpad_flattened,EleutherAI/pythia-70m
40960,64,4,16,main,wikitext,wikitext-2-raw-v1,validation,cuda,float32,64,pythia_dynamical_edge_normal,26b7b5702e85f3f48652a95f9be74e23223244d1,"[1, 128, 512]",inputs_embeds,paper_style_feedback_dynamics,EleutherAI/pythia-70m,0.00027888634940609336,direct,fixed_random,-10.644136428833008,-10.644269943237305,1.0,4,128,4033.254150390625,0.026159795001149178,18,final_hidden,2026-07-10T14:47:28.970617+00:00,nonpad_flattened,EleutherAI/pythia-70m
40960,64,4,16,main,wikitext,wikitext-2-raw-v1,validation,cuda,float32,64,pythia_dynamical_edge_normal,26b7b5702e85f3f48652a95f9be74e23223244d1,"[1, 128, 512]",inputs_embeds,paper_style_feedback_dynamics,EleutherAI/pythia-70m,0.0002726113598328084,direct,fixed_random,-10.64404296875,-10.644136428833008,1.0,4,128,4033.255615234375,0.020646244287490845,19,final_hidden,2026-07-10T14:47:28.970617+00:00,nonpad_flattened,EleutherAI/pythia-70m
40960,64,4,16,main,wikitext,wikitext-2-raw-v1,validation,cuda,float32,64,pythia_dynamical_edge_normal,26b7b5702e85f3f48652a95f9be74e23223244d1,"[1, 128, 512]",inputs_embeds,paper_style_feedback_dynamics,EleutherAI/pythia-70m,0.0002610754454508424,direct,fixed_random,-10.643962860107422,-10.64404296875,1.0,4,128,4033.2568359375,0.01628907211124897,20,final_hidden,2026-07-10T14:47:28.970617+00:00,nonpad_flattened,EleutherAI/pythia-70m
40960,64,4,16,main,wikitext,wikitext-2-raw-v1,validation,cuda,float32,64,pythia_dynamical_edge_normal,26b7b5702e85f3f48652a95f9be74e23223244d1,"[1, 128, 512]",inputs_embeds,paper_style_feedback_dynamics,EleutherAI/pythia-70m,0.0002546109026297927,direct,fixed_random,-10.643901824951172,-10.643962860107422,1.0,4,128,4033.2578125,0.01284158043563366,21,final_hidden,2026-07-10T14:47:28.970617+00:00,nonpad_flattened,EleutherAI/pythia-70m
40960,64,4,16,main,wikitext,wikitext-2-raw-v1,validation,cuda,float32,64,pythia_dynamical_edge_normal,26b7b5702e85f3f48652a95f9be74e23223244d1,"[1, 128, 512]",inputs_embeds,paper_style_feedback_dynamics,EleutherAI/pythia-70m,0.00027006168966181576,direct,fixed_random,-10.643850326538086,-10.643901824951172,1.0,4,128,4033.258544921875,0.01013715099543333,22,final_hidden,2026-07-10T14:47:28.970617+00:00,nonpad_flattened,EleutherAI/pythia-70m
40960,64,4,16,main,wikitext,wikitext-2-raw-v1,validation,cuda,float32,64,pythia_dynamical_edge_normal,26b7b5702e85f3f48652a95f9be74e23223244d1,"[1, 128, 512]",inputs_embeds,paper_style_feedback_dynamics,EleutherAI/pythia-70m,0.0002633639669511467,direct,fixed_random,-10.643813133239746,-10.643850326538086,1.0,4,128,4033.259033203125,0.007974334061145782,23,final_hidden,2026-07-10T14:47:28.970617+00:00,nonpad_flattened,EleutherAI/pythia-70m
40960,64,4,16,main,wikitext,wikitext-2-raw-v1,validation,cuda,float32,64,pythia_dynamical_edge_normal,26b7b5702e85f3f48652a95f9be74e23223244d1,"[1, 128, 512]",inputs_embeds,paper_style_feedback_dynamics,EleutherAI/pythia-70m,0.0002591724041849375,direct,fixed_random,-10.64378547668457,-10.643813133239746,1.0,4,128,4033.259521484375,0.00629067188128829,24,final_hidden,2026-07-10T14:47:28.970617+00:00,nonpad_flattened,EleutherAI/pythia-70m
40960,64,4,16,main,wikitext,wikitext-2-raw-v1,validation,cuda,float32,64,pythia_dynamical_edge_normal,26b7b5702e85f3f48652a95f9be74e23223244d1,"[1, 128, 512]",inputs_embeds,paper_style_feedback_dynamics,EleutherAI/pythia-70m,0.0002554725215304643,direct,fixed_random,-10.643760681152344,-10.64378547668457,1.0,4,128,4033.260009765625,0.005039370618760586,25,final_hidden,2026-07-10T14:47:28.970617+00:00,nonpad_flattened,EleutherAI/pythia-70m
40960,64,4,16,main,wikitext,wikitext-2-raw-v1,validation,cuda,float32,64,pythia_dynamical_edge_normal,26b7b5702e85f3f48652a95f9be74e23223244d1,"[1, 128, 512]",inputs_embeds,paper_style_feedback_dynamics,EleutherAI/pythia-70m,0.00027153838891536,direct,fixed_random,-10.643738746643066,-10.643760681152344,1.0,4,128,4033.26025390625,0.003942182753235102,26,final_hidden,2026-07-10T14:47:28.970617+00:00,nonpad_flattened,EleutherAI/pythia-70m
40960,64,4,16,main,wikitext,wikitext-2-raw-v1,validation,cuda,float32,64,pythia_dynamical_edge_normal,26b7b5702e85f3f48652a95f9be74e23223244d1,"[1, 128, 512]",inputs_embeds,paper_style_feedback_dynamics,EleutherAI/pythia-70m,0.0002600857405923307,direct,fixed_random,-10.643726348876953,-10.643738746643066,1.0,4,128,4033.260498046875,0.003133245510980487,27,final_hidden,2026-07-10T14:47:28.970617+00:00,nonpad_flattened,EleutherAI/pythia-70m
40960,64,4,16,main,wikitext,wikitext-2-raw-v1,validation,cuda,float32,64,pythia_dynamical_edge_normal,26b7b5702e85f3f48652a95f9be74e23223244d1,"[1, 128, 512]",inputs_embeds,paper_style_feedback_dynamics,EleutherAI/pythia-70m,0.0002752092550508678,direct,fixed_random,-10.64371109008789,-10.643726348876953,1.0,4,128,4033.260498046875,0.0025011729449033737,28,final_hidden,2026-07-10T14:47:28.970617+00:00,nonpad_flattened,EleutherAI/pythia-70m
40960,64,4,16,main,wikitext,wikitext-2-raw-v1,validation,cuda,float32,64,pythia_dynamical_edge_normal,26b7b5702e85f3f48652a95f9be74e23223244d1,"[1, 128, 512]",inputs_embeds,paper_style_feedback_dynamics,EleutherAI/pythia-70m,0.00026068775332532823,direct,fixed_random,-10.643705368041992,-10.64371109008789,1.0,4,128,4033.2607421875,0.001902238349430263,29,final_hidden,2026-07-10T14:47:28.970617+00:00,nonpad_flattened,EleutherAI/pythia-70m
40960,64,4,16,main,wikitext,wikitext-2-raw-v1,validation,cuda,float32,64,pythia_dynamical_edge_normal,26b7b5702e85f3f48652a95f9be74e23223244d1,"[1, 128, 512]",inputs_embeds,paper_style_feedback_dynamics,EleutherAI/pythia-70m,0.0002514766529202461,direct,fixed_random,-10.643693923950195,-10.643705368041992,1.0,4,128,4033.2607421875,0.0015368364984169602,30,final_hidden,2026-07-10T14:47:28.970617+00:00,nonpad_flattened,EleutherAI/pythia-70m
40960,64,4,16,main,wikitext,wikitext-2-raw-v1,validation,cuda,float32,64,pythia_dynamical_edge_normal,26b7b5702e85f3f48652a95f9be74e23223244d1,"[1, 128, 512]",inputs_embeds,paper_style_feedback_dynamics,EleutherAI/pythia-70m,0.0002487367019057274,direct,fixed_random,-10.643686294555664,-10.643693923950195,1.0,4,128,4033.260986328125,0.0012778958771377802,31,final_hidden,2026-07-10T14:47:28.970617+00:00,nonpad_flattened,EleutherAI/pythia-70m
40960,64,4,16,main,wikitext,wikitext-2-raw-v1,validation,cuda,float32,64,pythia_dynamical_edge_normal,26b7b5702e85f3f48652a95f9be74e23223244d1,"[1, 128, 512]",inputs_embeds,paper_style_feedback_dynamics,EleutherAI/pythia-70m,0.0002441608812659979,direct,fixed_random,-10.643685340881348,-10.643686294555664,1.0,4,128,4033.26123046875,0.001006899168714881,32,final_hidden,2026-07-10T14:47:28.970617+00:00,nonpad_flattened,EleutherAI/pythia-70m
40960,64,4,16,main,wikitext,wikitext-2-raw-v1,validation,cuda,float32,64,pythia_dynamical_edge_normal,26b7b5702e85f3f48652a95f9be74e23223244d1,"[1, 128, 512]",inputs_embeds,paper_style_feedback_dynamics,EleutherAI/pythia-70m,0.0002589824143797159,direct,fixed_random,-10.643678665161133,-10.643685340881348,1.0,4,128,4033.26123046875,0.0007434951839968562,33,final_hidden,2026-07-10T14:47:28.970617+00:00,nonpad_flattened,EleutherAI/pythia-70m
40960,64,4,16,main,wikitext,wikitext-2-raw-v1,validation,cuda,float32,64,pythia_dynamical_edge_normal,26b7b5702e85f3f48652a95f9be74e23223244d1,"[1, 128, 512]",inputs_embeds,paper_style_feedback_dynamics,EleutherAI/pythia-70m,0.0002616888377815485,direct,fixed_random,-10.64367389678955,-10.643678665161133,1.0,4,128,4033.26123046875,0.0005953240906819701,34,final_hidden,2026-07-10T14:47:28.970617+00:00,nonpad_flattened,EleutherAI/pythia-70m
40960,64,4,16,main,wikitext,wikitext-2-raw-v1,validation,cuda,float32,64,pythia_dynamical_edge_normal,26b7b5702e85f3f48652a95f9be74e23223244d1,"[1, 128, 512]",inputs_embeds,paper_style_feedback_dynamics,EleutherAI/pythia-70m,0.00031674595084041357,direct,fixed_random,-10.6436767578125,-10.64367389678955,1.0,4,128,4033.26123046875,0.000531307072378695,35,final_hidden,2026-07-10T14:47:28.970617+00:00,nonpad_flattened,EleutherAI/pythia-70m
40960,64,4,16,main,wikitext,wikitext-2-raw-v1,validation,cuda,float32,64,pythia_dynamical_edge_normal,26b7b5702e85f3f48652a95f9be74e23223244d1,"[1, 128, 512]",inputs_embeds,paper_style_feedback_dynamics,EleutherAI/pythia-70m,0.0003189035051036626,direct,fixed_random,-10.643672943115234,-10.6436767578125,1.0,4,128,4033.260986328125,0.000485493044834584,36,final_hidden,2026-07-10T14:47:28.970617+00:00,nonpad_flattened,EleutherAI/pythia-70m
40960,64,4,16,main,wikitext,wikitext-2-raw-v1,validation,cuda,float32,64,pythia_dynamical_edge_normal,26b7b5702e85f3f48652a95f9be74e23223244d1,"[1, 128, 512]",inputs_embeds,paper_style_feedback_dynamics,EleutherAI/pythia-70m,0.00031592443701811135,direct,fixed_random,-10.64367389678955,-10.643672943115234,1.0,4,128,4033.26123046875,0.0004457692848518491,37,final_hidden,2026-07-10T14:47:28.970617+00:00,nonpad_flattened,EleutherAI/pythia-70m
40960,64,4,16,main,wikitext,wikitext-2-raw-v1,validation,cuda,float32,64,pythia_dynamical_edge_normal,26b7b5702e85f3f48652a95f9be74e23223244d1,"[1, 128, 512]",inputs_embeds,paper_style_feedback_dynamics,EleutherAI/pythia-70m,0.000312235439196229,direct,fixed_random,-10.643672943115234,-10.64367389678955,1.0,4,128,4033.260986328125,0.000401064200559631,38,final_hidden,2026-07-10T14:47:28.970617+00:00,nonpad_flattened,EleutherAI/pythia-70m
40960,64,4,16,main,wikitext,wikitext-2-raw-v1,validation,cuda,float32,64,pythia_dynamical_edge_normal,26b7b5702e85f3f48652a95f9be74e23223244d1,"[1, 128, 512]",inputs_embeds,paper_style_feedback_dynamics,EleutherAI/pythia-70m,0.000308850547298789,direct,fixed_random,-10.643674850463867,-10.643672943115234,1.0,4,128,4033.260986328125,0.0003903612378053367,39,final_hidden,2026-07-10T14:47:28.970617+00:00,nonpad_flattened,EleutherAI/pythia-70m
40960,64,4,16,main,wikitext,wikitext-2-raw-v1,validation,cuda,float32,64,pythia_dynamical_edge_normal,26b7b5702e85f3f48652a95f9be74e23223244d1,"[1, 128, 512]",inputs_embeds,paper_style_feedback_dynamics,EleutherAI/pythia-70m,0.00031006900826469064,direct,fixed_random,-10.643669128417969,-10.643674850463867,1.0,4,128,4033.260986328125,0.00036542347515933216,40,final_hidden,2026-07-10T14:47:28.970617+00:00,nonpad_flattened,EleutherAI/pythia-70m
40960,64,4,16,main,wikitext,wikitext-2-raw-v1,validation,cuda,float32,64,pythia_dynamical_edge_normal,26b7b5702e85f3f48652a95f9be74e23223244d1,"[1, 128, 512]",inputs_embeds,paper_style_feedback_dynamics,EleutherAI/pythia-70m,0.00030446963501162827,direct,fixed_random,-10.643672943115234,-10.643669128417969,1.0,4,128,4033.260986328125,0.000329983769915998,41,final_hidden,2026-07-10T14:47:28.970617+00:00,nonpad_flattened,EleutherAI/pythia-70m
40960,64,4,16,main,wikitext,wikitext-2-raw-v1,validation,cuda,float32,64,pythia_dynamical_edge_normal,26b7b5702e85f3f48652a95f9be74e23223244d1,"[1, 128, 512]",inputs_embeds,paper_style_feedback_dynamics,EleutherAI/pythia-70m,0.0002974078233819455,direct,fixed_random,-10.643671989440918,-10.643672943115234,1.0,4,128,4033.26123046875,0.00030183588387444615,42,final_hidden,2026-07-10T14:47:28.970617+00:00,nonpad_flattened,EleutherAI/pythia-70m
40960,64,4,16,main,wikitext,wikitext-2-raw-v1,validation,cuda,float32,64,pythia_dynamical_edge_normal,26b7b5702e85f3f48652a95f9be74e23223244d1,"[1, 128, 512]",inputs_embeds,paper_style_feedback_dynamics,EleutherAI/pythia-70m,0.0002737624745350331,direct,fixed_random,-10.643672943115234,-10.643671989440918,1.0,4,128,4033.260986328125,0.0002542502770666033,43,final_hidden,2026-07-10T14:47:28.970617+00:00,nonpad_flattened,EleutherAI/pythia-70m
40960,64,4,16,main,wikitext,wikitext-2-raw-v1,validation,cuda,float32,64,pythia_dynamical_edge_normal,26b7b5702e85f3f48652a95f9be74e23223244d1,"[1, 128, 512]",inputs_embeds,paper_style_feedback_dynamics,EleutherAI/pythia-70m,0.0002542638685554266,direct,fixed_random,-10.643669128417969,-10.643672943115234,1.0,4,128,4033.260986328125,0.0002019081439357251,44,final_hidden,2026-07-10T14:47:28.970617+00:00,nonpad_flattened,EleutherAI/pythia-70m
40960,64,4,16,main,wikitext,wikitext-2-raw-v1,validation,cuda,float32,64,pythia_dynamical_edge_normal,26b7b5702e85f3f48652a95f9be74e23223244d1,"[1, 128, 512]",inputs_embeds,paper_style_feedback_dynamics,EleutherAI/pythia-70m,0.00024280282377731055,direct,fixed_random,-10.643667221069336,-10.643669128417969,1.0,4,128,4033.260986328125,0.00017237113206647336,45,final_hidden,2026-07-10T14:47:28.970617+00:00,nonpad_flattened,EleutherAI/pythia-70m
40960,64,4,16,main,wikitext,wikitext-2-raw-v1,validation,cuda,float32,64,pythia_dynamical_edge_normal,26b7b5702e85f3f48652a95f9be74e23223244d1,"[1, 128, 512]",inputs_embeds,paper_style_feedback_dynamics,EleutherAI/pythia-70m,0.0002500339178368449,direct,fixed_random,-10.64366626739502,-10.643667221069336,1.0,4,128,4033.260986328125,0.0001604085264261812,46,final_hidden,2026-07-10T14:47:28.970617+00:00,nonpad_flattened,EleutherAI/pythia-70m
40960,64,4,16,main,wikitext,wikitext-2-raw-v1,validation,cuda,float32,64,pythia_dynamical_edge_normal,26b7b5702e85f3f48652a95f9be74e23223244d1,"[1, 128, 512]",inputs_embeds,paper_style_feedback_dynamics,EleutherAI/pythia-70m,0.0002621216408442706,direct,fixed_random,-10.643664360046387,-10.64366626739502,1.0,4,128,4033.260986328125,0.00017058802768588066,47,final_hidden,2026-07-10T14:47:28.970617+00:00,nonpad_flattened,EleutherAI/pythia-70m
40960,64,4,16,main,wikitext,wikitext-2-raw-v1,validation,cuda,float32,64,pythia_dynamical_edge_normal,26b7b5702e85f3f48652a95f9be74e23223244d1,"[1, 128, 512]",inputs_embeds,paper_style_feedback_dynamics,EleutherAI/pythia-70m,0.0002783127420116216,direct,fixed_random,-10.643659591674805,-10.643664360046387,1.0,4,128,4033.260986328125,0.00021044144523330033,48,final_hidden,2026-07-10T14:47:28.970617+00:00,nonpad_flattened,EleutherAI/pythia-70m
40960,64,4,16,main,wikitext,wikitext-2-raw-v1,validation,cuda,float32,64,pythia_dynamical_edge_normal,26b7b5702e85f3f48652a95f9be74e23223244d1,"[1, 128, 512]",inputs_embeds,paper_style_feedback_dynamics,EleutherAI/pythia-70m,0.00027562546893022954,direct,fixed_random,-10.643667221069336,-10.643659591674805,1.0,4,128,4033.260986328125,0.0002244608331238851,49,final_hidden,2026-07-10T14:47:28.970617+00:00,nonpad_flattened,EleutherAI/pythia-70m
40960,64,4,16,main,wikitext,wikitext-2-raw-v1,validation,cuda,float32,64,pythia_dynamical_edge_normal,26b7b5702e85f3f48652a95f9be74e23223244d1,"[1, 128, 512]",inputs_embeds,paper_style_feedback_dynamics,EleutherAI/pythia-70m,0.0002717898169066757,direct,fixed_random,-10.643667221069336,-10.643667221069336,1.0,4,128,4033.26123046875,0.00022424114285968244,50,final_hidden,2026-07-10T14:47:28.970617+00:00,nonpad_flattened,EleutherAI/pythia-70m
40960,64,4,16,main,wikitext,wikitext-2-raw-v1,validation,cuda,float32,64,pythia_dynamical_edge_normal,26b7b5702e85f3f48652a95f9be74e23223244d1,"[1, 128, 512]",inputs_embeds,paper_style_feedback_dynamics,EleutherAI/pythia-70m,0.0002693166898097843,direct,fixed_random,-10.643665313720703,-10.643667221069336,1.0,4,128,4033.26123046875,0.00022060982882976532,51,final_hidden,2026-07-10T14:47:28.970617+00:00,nonpad_flattened,EleutherAI/pythia-70m
40960,64,4,16,main,wikitext,wikitext-2-raw-v1,validation,cuda,float32,64,pythia_dynamical_edge_normal,26b7b5702e85f3f48652a95f9be74e23223244d1,"[1, 128, 512]",inputs_embeds,paper_style_feedback_dynamics,EleutherAI/pythia-70m,0.0002612476237118244,direct,fixed_random,-10.643667221069336,-10.643665313720703,1.0,4,128,4033.260986328125,0.00019943973165936768,52,final_hidden,2026-07-10T14:47:28.970617+00:00,nonpad_flattened,EleutherAI/pythia-70m
40960,64,4,16,main,wikitext,wikitext-2-raw-v1,validation,cuda,float32,64,pythia_dynamical_edge_normal,26b7b5702e85f3f48652a95f9be74e23223244d1,"[1, 128, 512]",inputs_embeds,paper_style_feedback_dynamics,EleutherAI/pythia-70m,0.00027107977075502276,direct,fixed_random,-10.643662452697754,-10.643667221069336,1.0,4,128,4033.260986328125,0.00019419213640503585,53,final_hidden,2026-07-10T14:47:28.970617+00:00,nonpad_flattened,EleutherAI/pythia-70m
40960,64,4,16,main,wikitext,wikitext-2-raw-v1,validation,cuda,float32,64,pythia_dynamical_edge_normal,26b7b5702e85f3f48652a95f9be74e23223244d1,"[1, 128, 512]",inputs_embeds,paper_style_feedback_dynamics,EleutherAI/pythia-70m,0.0002715707814786583,direct,fixed_random,-10.643665313720703,-10.643662452697754,1.0,4,128,4033.26123046875,0.00021068831847514957,54,final_hidden,2026-07-10T14:47:28.970617+00:00,nonpad_flattened,EleutherAI/pythia-70m
40960,64,4,16,main,wikitext,wikitext-2-raw-v1,validation,cuda,float32,64,pythia_dynamical_edge_normal,26b7b5702e85f3f48652a95f9be74e23223244d1,"[1, 128, 512]",inputs_embeds,paper_style_feedback_dynamics,EleutherAI/pythia-70m,0.00026511691976338625,direct,fixed_random,-10.643659591674805,-10.643665313720703,1.0,4,128,4033.26123046875,0.00019653460185509175,55,final_hidden,2026-07-10T14:47:28.970617+00:00,nonpad_flattened,EleutherAI/pythia-70m
40960,64,4,16,main,wikitext,wikitext-2-raw-v1,validation,cuda,float32,64,pythia_dynamical_edge_normal,26b7b5702e85f3f48652a95f9be74e23223244d1,"[1, 128, 512]",inputs_embeds,paper_style_feedback_dynamics,EleutherAI/pythia-70m,0.00027057662373408675,direct,fixed_random,-10.643667221069336,-10.643659591674805,1.0,4,128,4033.260986328125,0.00019326449546497315,56,final_hidden,2026-07-10T14:47:28.970617+00:00,nonpad_flattened,EleutherAI/pythia-70m
40960,64,4,16,main,wikitext,wikitext-2-raw-v1,validation,cuda,float32,64,pythia_dynamical_edge_normal,26b7b5702e85f3f48652a95f9be74e23223244d1,"[1, 128, 512]",inputs_embeds,paper_style_feedback_dynamics,EleutherAI/pythia-70m,0.00028013793053105474,direct,fixed_random,-10.643667221069336,-10.643667221069336,1.0,4,128,4033.26123046875,0.00020489392045419663,57,final_hidden,2026-07-10T14:47:28.970617+00:00,nonpad_flattened,EleutherAI/pythia-70m
40960,64,4,16,main,wikitext,wikitext-2-raw-v1,validation,cuda,float32,64,pythia_dynamical_edge_normal,26b7b5702e85f3f48652a95f9be74e23223244d1,"[1, 128, 512]",inputs_embeds,paper_style_feedback_dynamics,EleutherAI/pythia-70m,0.00026928403531201184,direct,fixed_random,-10.643665313720703,-10.643667221069336,1.0,4,128,4033.260986328125,0.00019995826005470008,58,final_hidden,2026-07-10T14:47:28.970617+00:00,nonpad_flattened,EleutherAI/pythia-70m
40960,64,4,16,main,wikitext,wikitext-2-raw-v1,validation,cuda,float32,64,pythia_dynamical_edge_normal,26b7b5702e85f3f48652a95f9be74e23223244d1,"[1, 128, 512]",inputs_embeds,paper_style_feedback_dynamics,EleutherAI/pythia-70m,0.00027222963399253786,direct,fixed_random,-10.643671989440918,-10.643665313720703,1.0,4,128,4033.26123046875,0.0001964878902072087,59,final_hidden,2026-07-10T14:47:28.970617+00:00,nonpad_flattened,EleutherAI/pythia-70m
40960,64,4,16,main,wikitext,wikitext-2-raw-v1,validation,cuda,float32,64,pythia_dynamical_edge_normal,26b7b5702e85f3f48652a95f9be74e23223244d1,"[1, 128, 512]",inputs_embeds,paper_style_feedback_dynamics,EleutherAI/pythia-70m,0.00027824562857858837,direct,fixed_random,-10.643667221069336,-10.643671989440918,1.0,4,128,4033.26123046875,0.0002009018207900226,60,final_hidden,2026-07-10T14:47:28.970617+00:00,nonpad_flattened,EleutherAI/pythia-70m
40960,64,4,16,main,wikitext,wikitext-2-raw-v1,validation,cuda,float32,64,pythia_dynamical_edge_normal,26b7b5702e85f3f48652a95f9be74e23223244d1,"[1, 128, 512]",inputs_embeds,paper_style_feedback_dynamics,EleutherAI/pythia-70m,0.00027981059974990785,direct,fixed_random,-10.643669128417969,-10.643667221069336,1.0,4,128,4033.260986328125,0.00020207936177030206,61,final_hidden,2026-07-10T14:47:28.970617+00:00,nonpad_flattened,EleutherAI/pythia-70m
40960,64,4,16,main,wikitext,wikitext-2-raw-v1,validation,cuda,float32,64,pythia_dynamical_edge_normal,26b7b5702e85f3f48652a95f9be74e23223244d1,"[1, 128, 512]",inputs_embeds,paper_style_feedback_dynamics,EleutherAI/pythia-70m,0.00027991284150630236,direct,fixed_random,-10.643669128417969,-10.643669128417969,1.0,4,128,4033.26123046875,0.00019987746782135218,62,final_hidden,2026-07-10T14:47:28.970617+00:00,nonpad_flattened,EleutherAI/pythia-70m
35328,64,5,16,main,wikitext,wikitext-2-raw-v1,validation,cuda,float32,64,pythia_dynamical_edge_normal,26b7b5702e85f3f48652a95f9be74e23223244d1,"[1, 128, 512]",inputs_embeds,paper_style_feedback_dynamics,EleutherAI/pythia-70m,0.00042424583807587624,direct,fixed_random,3.6543307304382324,3.6492066383361816,1.0,5,128,3745.21435546875,1.718601107597351,0,final_hidden,2026-07-10T14:47:28.970617+00:00,nonpad_flattened,EleutherAI/pythia-70m
35328,64,5,16,main,wikitext,wikitext-2-raw-v1,validation,cuda,float32,64,pythia_dynamical_edge_normal,26b7b5702e85f3f48652a95f9be74e23223244d1,"[1, 128, 512]",inputs_embeds,paper_style_feedback_dynamics,EleutherAI/pythia-70m,0.000358230754500255,direct,fixed_random,3.6583423614501953,3.6543307304382324,1.0,5,128,3745.328857421875,1.3495062589645386,1,final_hidden,2026-07-10T14:47:28.970617+00:00,nonpad_flattened,EleutherAI/pythia-70m
35328,64,5,16,main,wikitext,wikitext-2-raw-v1,validation,cuda,float32,64,pythia_dynamical_edge_normal,26b7b5702e85f3f48652a95f9be74e23223244d1,"[1, 128, 512]",inputs_embeds,paper_style_feedback_dynamics,EleutherAI/pythia-70m,0.00032762964838184416,direct,fixed_random,3.6614861488342285,3.6583423614501953,1.0,5,128,3745.417236328125,1.0607291460037231,2,final_hidden,2026-07-10T14:47:28.970617+00:00,nonpad_flattened,EleutherAI/pythia-70m
35328,64,5,16,main,wikitext,wikitext-2-raw-v1,validation,cuda,float32,64,pythia_dynamical_edge_normal,26b7b5702e85f3f48652a95f9be74e23223244d1,"[1, 128, 512]",inputs_embeds,paper_style_feedback_dynamics,EleutherAI/pythia-70m,0.0002862504334188998,direct,fixed_random,3.6639676094055176,3.6614861488342285,1.0,5,128,3745.485595703125,0.8343744277954102,3,final_hidden,2026-07-10T14:47:28.970617+00:00,nonpad_flattened,EleutherAI/pythia-70m
35328,64,5,16,main,wikitext,wikitext-2-raw-v1,validation,cuda,float32,64,pythia_dynamical_edge_normal,26b7b5702e85f3f48652a95f9be74e23223244d1,"[1, 128, 512]",inputs_embeds,paper_style_feedback_dynamics,EleutherAI/pythia-70m,0.00027762132231146097,direct,fixed_random,3.6659178733825684,3.6639676094055176,1.0,5,128,3745.538330078125,0.6567113399505615,4,final_hidden,2026-07-10T14:47:28.970617+00:00,nonpad_flattened,EleutherAI/pythia-70m
35328,64,5,16,main,wikitext,wikitext-2-raw-v1,validation,cuda,float32,64,pythia_dynamical_edge_normal,26b7b5702e85f3f48652a95f9be74e23223244d1,"[1, 128, 512]",inputs_embeds,paper_style_feedback_dynamics,EleutherAI/pythia-70m,0.0002611506497487426,direct,fixed_random,3.667447090148926,3.6659178733825684,1.0,5,128,3745.579345703125,0.517147958278656,5,final_hidden,2026-07-10T14:47:28.970617+00:00,nonpad_flattened,EleutherAI/pythia-70m
35328,64,5,16,main,wikitext,wikitext-2-raw-v1,validation,cuda,float32,64,pythia_dynamical_edge_normal,26b7b5702e85f3f48652a95f9be74e23223244d1,"[1, 128, 512]",inputs_embeds,paper_style_feedback_dynamics,EleutherAI/pythia-70m,0.00025534574524499476,direct,fixed_random,3.6686549186706543,3.667447090148926,1.0,5,128,3745.611083984375,0.40736690163612366,6,final_hidden,2026-07-10T14:47:28.970617+00:00,nonpad_flattened,EleutherAI/pythia-70m
35328,64,5,16,main,wikitext,wikitext-2-raw-v1,validation,cuda,float32,64,pythia_dynamical_edge_normal,26b7b5702e85f3f48652a95f9be74e23223244d1,"[1, 128, 512]",inputs_embeds,paper_style_feedback_dynamics,EleutherAI/pythia-70m,0.00025441867182962596,direct,fixed_random,3.6696062088012695,3.6686549186706543,1.0,5,128,3745.635986328125,0.32098907232284546,7,final_hidden,2026-07-10T14:47:28.970617+00:00,nonpad_flattened,EleutherAI/pythia-70m
35328,64,5,16,main,wikitext,wikitext-2-raw-v1,validation,cuda,float32,64,pythia_dynamical_edge_normal,26b7b5702e85f3f48652a95f9be74e23223244d1,"[1, 128, 512]",inputs_embeds,paper_style_feedback_dynamics,EleutherAI/pythia-70m,0.00023850488651078194,direct,fixed_random,3.670363426208496,3.6696062088012695,1.0,5,128,3745.6552734375,0.2529955804347992,8,final_hidden,2026-07-10T14:47:28.970617+00:00,nonpad_flattened,EleutherAI/pythia-70m
35328,64,5,16,main,wikitext,wikitext-2-raw-v1,validation,cuda,float32,64,pythia_dynamical_edge_normal,26b7b5702e85f3f48652a95f9be74e23223244d1,"[1, 128, 512]",inputs_embeds,paper_style_feedback_dynamics,EleutherAI/pythia-70m,0.0002441584365442395,direct,fixed_random,3.670956611633301,3.670363426208496,1.0,5,128,3745.67041015625,0.19945059716701508,9,final_hidden,2026-07-10T14:47:28.970617+00:00,nonpad_flattened,EleutherAI/pythia-70m
35328,64,5,16,main,wikitext,wikitext-2-raw-v1,validation,cuda,float32,64,pythia_dynamical_edge_normal,26b7b5702e85f3f48652a95f9be74e23223244d1,"[1, 128, 512]",inputs_embeds,paper_style_feedback_dynamics,EleutherAI/pythia-70m,0.00023795537708792835,direct,fixed_random,3.6714253425598145,3.670956611633301,1.0,5,128,3745.682373046875,0.15723221004009247,10,final_hidden,2026-07-10T14:47:28.970617+00:00,nonpad_flattened,EleutherAI/pythia-70m
35328,64,5,16,main,wikitext,wikitext-2-raw-v1,validation,cuda,float32,64,pythia_dynamical_edge_normal,26b7b5702e85f3f48652a95f9be74e23223244d1,"[1, 128, 512]",inputs_embeds,paper_style_feedback_dynamics,EleutherAI/pythia-70m,0.0002526098396629095,direct,fixed_random,3.671788215637207,3.6714253425598145,1.0,5,128,3745.69140625,0.12398247420787811,11,final_hidden,2026-07-10T14:47:28.970617+00:00,nonpad_flattened,EleutherAI/pythia-70m
35328,64,5,16,main,wikitext,wikitext-2-raw-v1,validation,cuda,float32,64,pythia_dynamical_edge_normal,26b7b5702e85f3f48652a95f9be74e23223244d1,"[1, 128, 512]",inputs_embeds,paper_style_feedback_dynamics,EleutherAI/pythia-70m,0.0002419270167592913,direct,fixed_random,3.672086238861084,3.671788215637207,1.0,5,128,3745.698486328125,0.09776929020881653,12,final_hidden,2026-07-10T14:47:28.970617+00:00,nonpad_flattened,EleutherAI/pythia-70m
35328,64,5,16,main,wikitext,wikitext-2-raw-v1,validation,cuda,float32,64,pythia_dynamical_edge_normal,26b7b5702e85f3f48652a95f9be74e23223244d1,"[1, 128, 512]",inputs_embeds,paper_style_feedback_dynamics,EleutherAI/pythia-70m,0.0002592135570012033,direct,fixed_random,3.672316551208496,3.672086238861084,1.0,5,128,3745.7041015625,0.07709778100252151,13,final_hidden,2026-07-10T14:47:28.970617+00:00,nonpad_flattened,EleutherAI/pythia-70m
35328,64,5,16,main,wikitext,wikitext-2-raw-v1,validation,cuda,float32,64,pythia_dynamical_edge_normal,26b7b5702e85f3f48652a95f9be74e23223244d1,"[1, 128, 512]",inputs_embeds,paper_style_feedback_dynamics,EleutherAI/pythia-70m,0.00025758371339179575,direct,fixed_random,3.672504425048828,3.672316551208496,1.0,5,128,3745.708740234375,0.060806527733802795,14,final_hidden,2026-07-10T14:47:28.970617+00:00,nonpad_flattened,EleutherAI/pythia-70m
35328,64,5,16,main,wikitext,wikitext-2-raw-v1,validation,cuda,float32,64,pythia_dynamical_edge_normal,26b7b5702e85f3f48652a95f9be74e23223244d1,"[1, 128, 512]",inputs_embeds,paper_style_feedback_dynamics,EleutherAI/pythia-70m,0.0002587995259091258,direct,fixed_random,3.6726455688476562,3.672504425048828,1.0,5,128,3745.712158203125,0.04796947166323662,15,final_hidden,2026-07-10T14:47:28.970617+00:00,nonpad_flattened,EleutherAI/pythia-70m
35328,64,5,16,main,wikitext,wikitext-2-raw-v1,validation,cuda,float32,64,pythia_dynamical_edge_normal,26b7b5702e85f3f48652a95f9be74e23223244d1,"[1, 128, 512]",inputs_embeds,paper_style_feedback_dynamics,EleutherAI/pythia-70m,0.0002525924937799573,direct,fixed_random,3.672760009765625,3.6726455688476562,1.0,5,128,3745.71484375,0.03784746304154396,16,final_hidden,2026-07-10T14:47:28.970617+00:00,nonpad_flattened,EleutherAI/pythia-70m
35328,64,5,16,main,wikitext,wikitext-2-raw-v1,validation,cuda,float32,64,pythia_dynamical_edge_normal,26b7b5702e85f3f48652a95f9be74e23223244d1,"[1, 128, 512]",inputs_embeds,paper_style_feedback_dynamics,EleutherAI/pythia-70m,0.0002445170539431274,direct,fixed_random,3.672849655151367,3.672760009765625,1.0,5,128,3745.717041015625,0.02983948215842247,17,final_hidden,2026-07-10T14:47:28.970617+00:00,nonpad_flattened,EleutherAI/pythia-70m
35328,64,5,16,main,wikitext,wikitext-2-raw-v1,validation,cuda,float32,64,pythia_dynamical_edge_normal,26b7b5702e85f3f48652a95f9be74e23223244d1,"[1, 128, 512]",inputs_embeds,paper_style_feedback_dynamics,EleutherAI/pythia-70m,0.00026331530534662306,direct,fixed_random,3.672917366027832,3.672849655151367,1.0,5,128,3745.718994140625,0.023542094975709915,18,final_hidden,2026-07-10T14:47:28.970617+00:00,nonpad_flattened,EleutherAI/pythia-70m
35328,64,5,16,main,wikitext,wikitext-2-raw-v1,validation,cuda,float32,64,pythia_dynamical_edge_normal,26b7b5702e85f3f48652a95f9be74e23223244d1,"[1, 128, 512]",inputs_embeds,paper_style_feedback_dynamics,EleutherAI/pythia-70m,0.00025492769782431424,direct,fixed_random,3.672975540161133,3.672917366027832,1.0,5,128,3745.719970703125,0.018599895760416985,19,final_hidden,2026-07-10T14:47:28.970617+00:00,nonpad_flattened,EleutherAI/pythia-70m
35328,64,5,16,main,wikitext,wikitext-2-raw-v1,validation,cuda,float32,64,pythia_dynamical_edge_normal,26b7b5702e85f3f48652a95f9be74e23223244d1,"[1, 128, 512]",inputs_embeds,paper_style_feedback_dynamics,EleutherAI/pythia-70m,0.00024304298858623952,direct,fixed_random,3.673018455505371,3.672975540161133,1.0,5,128,3745.720947265625,0.014645881950855255,20,final_hidden,2026-07-10T14:47:28.970617+00:00,nonpad_flattened,EleutherAI/pythia-70m
35328,64,5,16,main,wikitext,wikitext-2-raw-v1,validation,cuda,float32,64,pythia_dynamical_edge_normal,26b7b5702e85f3f48652a95f9be74e23223244d1,"[1, 128, 512]",inputs_embeds,paper_style_feedback_dynamics,EleutherAI/pythia-70m,0.0002407983847660944,direct,fixed_random,3.6730575561523438,3.673018455505371,1.0,5,128,3745.721923828125,0.011560967192053795,21,final_hidden,2026-07-10T14:47:28.970617+00:00,nonpad_flattened,EleutherAI/pythia-70m
35328,64,5,16,main,wikitext,wikitext-2-raw-v1,validation,cuda,float32,64,pythia_dynamical_edge_normal,26b7b5702e85f3f48652a95f9be74e23223244d1,"[1, 128, 512]",inputs_embeds,paper_style_feedback_dynamics,EleutherAI/pythia-70m,0.00025958812329918146,direct,fixed_random,3.6730852127075195,3.6730575561523438,1.0,5,128,3745.72265625,0.009107141755521297,22,final_hidden,2026-07-10T14:47:28.970617+00:00,nonpad_flattened,EleutherAI/pythia-70m
35328,64,5,16,main,wikitext,wikitext-2-raw-v1,validation,cuda,float32,64,pythia_dynamical_edge_normal,26b7b5702e85f3f48652a95f9be74e23223244d1,"[1, 128, 512]",inputs_embeds,paper_style_feedback_dynamics,EleutherAI/pythia-70m,0.00024904447491280735,direct,fixed_random,3.6731090545654297,3.6730852127075195,1.0,5,128,3745.72314453125,0.007176259532570839,23,final_hidden,2026-07-10T14:47:28.970617+00:00,nonpad_flattened,EleutherAI/pythia-70m
35328,64,5,16,main,wikitext,wikitext-2-raw-v1,validation,cuda,float32,64,pythia_dynamical_edge_normal,26b7b5702e85f3f48652a95f9be74e23223244d1,"[1, 128, 512]",inputs_embeds,paper_style_feedback_dynamics,EleutherAI/pythia-70m,0.00024945891345851123,direct,fixed_random,3.6731271743774414,3.6731090545654297,1.0,5,128,3745.7236328125,0.005667074583470821,24,final_hidden,2026-07-10T14:47:28.970617+00:00,nonpad_flattened,EleutherAI/pythia-70m
35328,64,5,16,main,wikitext,wikitext-2-raw-v1,validation,cuda,float32,64,pythia_dynamical_edge_normal,26b7b5702e85f3f48652a95f9be74e23223244d1,"[1, 128, 512]",inputs_embeds,paper_style_feedback_dynamics,EleutherAI/pythia-70m,0.0002427737053949386,direct,fixed_random,3.6731362342834473,3.6731271743774414,1.0,5,128,3745.723876953125,0.004541598726063967,25,final_hidden,2026-07-10T14:47:28.970617+00:00,nonpad_flattened,EleutherAI/pythia-70m
35328,64,5,16,main,wikitext,wikitext-2-raw-v1,validation,cuda,float32,64,pythia_dynamical_edge_normal,26b7b5702e85f3f48652a95f9be74e23223244d1,"[1, 128, 512]",inputs_embeds,paper_style_feedback_dynamics,EleutherAI/pythia-70m,0.00025404387270100415,direct,fixed_random,3.673147678375244,3.6731362342834473,1.0,5,128,3745.72412109375,0.0035608161706477404,26,final_hidden,2026-07-10T14:47:28.970617+00:00,nonpad_flattened,EleutherAI/pythia-70m
35328,64,5,16,main,wikitext,wikitext-2-raw-v1,validation,cuda,float32,64,pythia_dynamical_edge_normal,26b7b5702e85f3f48652a95f9be74e23223244d1,"[1, 128, 512]",inputs_embeds,paper_style_feedback_dynamics,EleutherAI/pythia-70m,0.00024297446361742914,direct,fixed_random,3.673154830932617,3.673147678375244,1.0,5,128,3745.724365234375,0.0028100633062422276,27,final_hidden,2026-07-10T14:47:28.970617+00:00,nonpad_flattened,EleutherAI/pythia-70m
35328,64,5,16,main,wikitext,wikitext-2-raw-v1,validation,cuda,float32,64,pythia_dynamical_edge_normal,26b7b5702e85f3f48652a95f9be74e23223244d1,"[1, 128, 512]",inputs_embeds,paper_style_feedback_dynamics,EleutherAI/pythia-70m,0.00024740849039517343,direct,fixed_random,3.6731624603271484,3.673154830932617,1.0,5,128,3745.724609375,0.0022608074359595776,28,final_hidden,2026-07-10T14:47:28.970617+00:00,nonpad_flattened,EleutherAI/pythia-70m
35328,64,5,16,main,wikitext,wikitext-2-raw-v1,validation,cuda,float32,64,pythia_dynamical_edge_normal,26b7b5702e85f3f48652a95f9be74e23223244d1,"[1, 128, 512]",inputs_embeds,paper_style_feedback_dynamics,EleutherAI/pythia-70m,0.00024006680177990347,direct,fixed_random,3.673170566558838,3.6731624603271484,1.0,5,128,3745.724853515625,0.0017190861981362104,29,final_hidden,2026-07-10T14:47:28.970617+00:00,nonpad_flattened,EleutherAI/pythia-70m
35328,64,5,16,main,wikitext,wikitext-2-raw-v1,validation,cuda,float32,64,pythia_dynamical_edge_normal,26b7b5702e85f3f48652a95f9be74e23223244d1,"[1, 128, 512]",inputs_embeds,paper_style_feedback_dynamics,EleutherAI/pythia-70m,0.0002301741624251008,direct,fixed_random,3.673172950744629,3.673170566558838,1.0,5,128,3745.724853515625,0.0013878451427444816,30,final_hidden,2026-07-10T14:47:28.970617+00:00,nonpad_flattened,EleutherAI/pythia-70m
35328,64,5,16,main,wikitext,wikitext-2-raw-v1,validation,cuda,float32,64,pythia_dynamical_edge_normal,26b7b5702e85f3f48652a95f9be74e23223244d1,"[1, 128, 512]",inputs_embeds,paper_style_feedback_dynamics,EleutherAI/pythia-70m,0.00022983190137892962,direct,fixed_random,3.6731772422790527,3.673172950744629,1.0,5,128,3745.724853515625,0.0011491007171571255,31,final_hidden,2026-07-10T14:47:28.970617+00:00,nonpad_flattened,EleutherAI/pythia-70m
35328,64,5,16,main,wikitext,wikitext-2-raw-v1,validation,cuda,float32,64,pythia_dynamical_edge_normal,26b7b5702e85f3f48652a95f9be74e23223244d1,"[1, 128, 512]",inputs_embeds,paper_style_feedback_dynamics,EleutherAI/pythia-70m,0.00023123509890865535,direct,fixed_random,3.673182487487793,3.6731772422790527,1.0,5,128,3745.72509765625,0.0008958993130363524,32,final_hidden,2026-07-10T14:47:28.970617+00:00,nonpad_flattened,EleutherAI/pythia-70m
35328,64,5,16,main,wikitext,wikitext-2-raw-v1,validation,cuda,float32,64,pythia_dynamical_edge_normal,26b7b5702e85f3f48652a95f9be74e23223244d1,"[1, 128, 512]",inputs_embeds,paper_style_feedback_dynamics,EleutherAI/pythia-70m,0.0002369617868680507,direct,fixed_random,3.6731815338134766,3.673182487487793,1.0,5,128,3745.72509765625,0.0006636272883042693,33,final_hidden,2026-07-10T14:47:28.970617+00:00,nonpad_flattened,EleutherAI/pythia-70m
35328,64,5,16,main,wikitext,wikitext-2-raw-v1,validation,cuda,float32,64,pythia_dynamical_edge_normal,26b7b5702e85f3f48652a95f9be74e23223244d1,"[1, 128, 512]",inputs_embeds,paper_style_feedback_dynamics,EleutherAI/pythia-70m,0.0002501547278370708,direct,fixed_random,3.673182964324951,3.6731815338134766,1.0,5,128,3745.72509765625,0.0005417536594904959,34,final_hidden,2026-07-10T14:47:28.970617+00:00,nonpad_flattened,EleutherAI/pythia-70m
35328,64,5,16,main,wikitext,wikitext-2-raw-v1,validation,cuda,float32,64,pythia_dynamical_edge_normal,26b7b5702e85f3f48652a95f9be74e23223244d1,"[1, 128, 512]",inputs_embeds,paper_style_feedback_dynamics,EleutherAI/pythia-70m,0.0003259079821873456,direct,fixed_random,3.6731863021850586,3.673182964324951,1.0,5,128,3745.72509765625,0.00048280550981871784,35,final_hidden,2026-07-10T14:47:28.970617+00:00,nonpad_flattened,EleutherAI/pythia-70m
35328,64,5,16,main,wikitext,wikitext-2-raw-v1,validation,cuda,float32,64,pythia_dynamical_edge_normal,26b7b5702e85f3f48652a95f9be74e23223244d1,"[1, 128, 512]",inputs_embeds,paper_style_feedback_dynamics,EleutherAI/pythia-70m,0.00030665399390272796,direct,fixed_random,3.673186779022217,3.6731863021850586,1.0,5,128,3745.72509765625,0.00044062116649001837,36,final_hidden,2026-07-10T14:47:28.970617+00:00,nonpad_flattened,EleutherAI/pythia-70m
35328,64,5,16,main,wikitext,wikitext-2-raw-v1,validation,cuda,float32,64,pythia_dynamical_edge_normal,26b7b5702e85f3f48652a95f9be74e23223244d1,"[1, 128, 512]",inputs_embeds,paper_style_feedback_dynamics,EleutherAI/pythia-70m,0.00030612252885475755,direct,fixed_random,3.6731882095336914,3.673186779022217,1.0,5,128,3745.72509765625,0.0003986213996540755,37,final_hidden,2026-07-10T14:47:28.970617+00:00,nonpad_flattened,EleutherAI/pythia-70m
35328,64,5,16,main,wikitext,wikitext-2-raw-v1,validation,cuda,float32,64,pythia_dynamical_edge_normal,26b7b5702e85f3f48652a95f9be74e23223244d1,"[1, 128, 512]",inputs_embeds,paper_style_feedback_dynamics,EleutherAI/pythia-70m,0.00030514769605360925,direct,fixed_random,3.6731886863708496,3.6731882095336914,1.0,5,128,3745.72509765625,0.00037103198701515794,38,final_hidden,2026-07-10T14:47:28.970617+00:00,nonpad_flattened,EleutherAI/pythia-70m
35328,64,5,16,main,wikitext,wikitext-2-raw-v1,validation,cuda,float32,64,pythia_dynamical_edge_normal,26b7b5702e85f3f48652a95f9be74e23223244d1,"[1, 128, 512]",inputs_embeds,paper_style_feedback_dynamics,EleutherAI/pythia-70m,0.0002975356765091419,direct,fixed_random,3.673187255859375,3.6731886863708496,1.0,5,128,3745.72509765625,0.0003571940469555557,39,final_hidden,2026-07-10T14:47:28.970617+00:00,nonpad_flattened,EleutherAI/pythia-70m
35328,64,5,16,main,wikitext,wikitext-2-raw-v1,validation,cuda,float32,64,pythia_dynamical_edge_normal,26b7b5702e85f3f48652a95f9be74e23223244d1,"[1, 128, 512]",inputs_embeds,paper_style_feedback_dynamics,EleutherAI/pythia-70m,0.00027689101989381015,direct,fixed_random,3.673189163208008,3.673187255859375,1.0,5,128,3745.72509765625,0.0003317067166790366,40,final_hidden,2026-07-10T14:47:28.970617+00:00,nonpad_flattened,EleutherAI/pythia-70m
35328,64,5,16,main,wikitext,wikitext-2-raw-v1,validation,cuda,float32,64,pythia_dynamical_edge_normal,26b7b5702e85f3f48652a95f9be74e23223244d1,"[1, 128, 512]",inputs_embeds,paper_style_feedback_dynamics,EleutherAI/pythia-70m,0.0002738405601121485,direct,fixed_random,3.6731910705566406,3.673189163208008,1.0,5,128,3745.72509765625,0.00030281554791145027,41,final_hidden,2026-07-10T14:47:28.970617+00:00,nonpad_flattened,EleutherAI/pythia-70m
35328,64,5,16,main,wikitext,wikitext-2-raw-v1,validation,cuda,float32,64,pythia_dynamical_edge_normal,26b7b5702e85f3f48652a95f9be74e23223244d1,"[1, 128, 512]",inputs_embeds,paper_style_feedback_dynamics,EleutherAI/pythia-70m,0.00026662222808226943,direct,fixed_random,3.673190116882324,3.6731910705566406,1.0,5,128,3745.72509765625,0.00026786362286657095,42,final_hidden,2026-07-10T14:47:28.970617+00:00,nonpad_flattened,EleutherAI/pythia-70m
35328,64,5,16,main,wikitext,wikitext-2-raw-v1,validation,cuda,float32,64,pythia_dynamical_edge_normal,26b7b5702e85f3f48652a95f9be74e23223244d1,"[1, 128, 512]",inputs_embeds,paper_style_feedback_dynamics,EleutherAI/pythia-70m,0.00024092965759336948,direct,fixed_random,3.6731882095336914,3.673190116882324,1.0,5,128,3745.72509765625,0.00022115941101219505,43,final_hidden,2026-07-10T14:47:28.970617+00:00,nonpad_flattened,EleutherAI/pythia-70m
35328,64,5,16,main,wikitext,wikitext-2-raw-v1,validation,cuda,float32,64,pythia_dynamical_edge_normal,26b7b5702e85f3f48652a95f9be74e23223244d1,"[1, 128, 512]",inputs_embeds,paper_style_feedback_dynamics,EleutherAI/pythia-70m,0.0002367504930589348,direct,fixed_random,3.673190116882324,3.6731882095336914,1.0,5,128,3745.72509765625,0.00018667711992748082,44,final_hidden,2026-07-10T14:47:28.970617+00:00,nonpad_flattened,EleutherAI/pythia-70m
35328,64,5,16,main,wikitext,wikitext-2-raw-v1,validation,cuda,float32,64,pythia_dynamical_edge_normal,26b7b5702e85f3f48652a95f9be74e23223244d1,"[1, 128, 512]",inputs_embeds,paper_style_feedback_dynamics,EleutherAI/pythia-70m,0.00023858856002334505,direct,fixed_random,3.673189163208008,3.673190116882324,1.0,5,128,3745.72509765625,0.00017896883946377784,45,final_hidden,2026-07-10T14:47:28.970617+00:00,nonpad_flattened,EleutherAI/pythia-70m
35328,64,5,16,main,wikitext,wikitext-2-raw-v1,validation,cuda,float32,64,pythia_dynamical_edge_normal,26b7b5702e85f3f48652a95f9be74e23223244d1,"[1, 128, 512]",inputs_embeds,paper_style_feedback_dynamics,EleutherAI/pythia-70m,0.0002373929601162672,direct,fixed_random,3.6731882095336914,3.673189163208008,1.0,5,128,3745.72509765625,0.00017303922504652292,46,final_hidden,2026-07-10T14:47:28.970617+00:00,nonpad_flattened,EleutherAI/pythia-70m
35328,64,5,16,main,wikitext,wikitext-2-raw-v1,validation,cuda,float32,64,pythia_dynamical_edge_normal,26b7b5702e85f3f48652a95f9be74e23223244d1,"[1, 128, 512]",inputs_embeds,paper_style_feedback_dynamics,EleutherAI/pythia-70m,0.00024606045917607844,direct,fixed_random,3.673187255859375,3.6731882095336914,1.0,5,128,3745.72509765625,0.00017507202574051917,47,final_hidden,2026-07-10T14:47:28.970617+00:00,nonpad_flattened,EleutherAI/pythia-70m
35328,64,5,16,main,wikitext,wikitext-2-raw-v1,validation,cuda,float32,64,pythia_dynamical_edge_normal,26b7b5702e85f3f48652a95f9be74e23223244d1,"[1, 128, 512]",inputs_embeds,paper_style_feedback_dynamics,EleutherAI/pythia-70m,0.0002487295714672655,direct,fixed_random,3.673190116882324,3.673187255859375,1.0,5,128,3745.72509765625,0.00019395595882087946,48,final_hidden,2026-07-10T14:47:28.970617+00:00,nonpad_flattened,EleutherAI/pythia-70m
35328,64,5,16,main,wikitext,wikitext-2-raw-v1,validation,cuda,float32,64,pythia_dynamical_edge_normal,26b7b5702e85f3f48652a95f9be74e23223244d1,"[1, 128, 512]",inputs_embeds,paper_style_feedback_dynamics,EleutherAI/pythia-70m,0.00025703362189233303,direct,fixed_random,3.6731882095336914,3.673190116882324,1.0,5,128,3745.72509765625,0.00021104284678585827,49,final_hidden,2026-07-10T14:47:28.970617+00:00,nonpad_flattened,EleutherAI/pythia-70m
35328,64,5,16,main,wikitext,wikitext-2-raw-v1,validation,cuda,float32,64,pythia_dynamical_edge_normal,26b7b5702e85f3f48652a95f9be74e23223244d1,"[1, 128, 512]",inputs_embeds,paper_style_feedback_dynamics,EleutherAI/pythia-70m,0.00025405737687833607,direct,fixed_random,3.6731910705566406,3.6731882095336914,1.0,5,128,3745.72509765625,0.00020219040743540972,50,final_hidden,2026-07-10T14:47:28.970617+00:00,nonpad_flattened,EleutherAI/pythia-70m
35328,64,5,16,main,wikitext,wikitext-2-raw-v1,validation,cuda,float32,64,pythia_dynamical_edge_normal,26b7b5702e85f3f48652a95f9be74e23223244d1,"[1, 128, 512]",inputs_embeds,paper_style_feedback_dynamics,EleutherAI/pythia-70m,0.0002522635622881353,direct,fixed_random,3.6731910705566406,3.6731910705566406,1.0,5,128,3745.72509765625,0.0001899805647553876,51,final_hidden,2026-07-10T14:47:28.970617+00:00,nonpad_flattened,EleutherAI/pythia-70m
35328,64,5,16,main,wikitext,wikitext-2-raw-v1,validation,cuda,float32,64,pythia_dynamical_edge_normal,26b7b5702e85f3f48652a95f9be74e23223244d1,"[1, 128, 512]",inputs_embeds,paper_style_feedback_dynamics,EleutherAI/pythia-70m,0.0002561021829023957,direct,fixed_random,3.6731934547424316,3.6731910705566406,1.0,5,128,3745.72509765625,0.00019200643873773515,52,final_hidden,2026-07-10T14:47:28.970617+00:00,nonpad_flattened,EleutherAI/pythia-70m
35328,64,5,16,main,wikitext,wikitext-2-raw-v1,validation,cuda,float32,64,pythia_dynamical_edge_normal,26b7b5702e85f3f48652a95f9be74e23223244d1,"[1, 128, 512]",inputs_embeds,paper_style_feedback_dynamics,EleutherAI/pythia-70m,0.0002559564891271293,direct,fixed_random,3.6731929779052734,3.6731934547424316,1.0,5,128,3745.72509765625,0.00018911701044999063,53,final_hidden,2026-07-10T14:47:28.970617+00:00,nonpad_flattened,EleutherAI/pythia-70m
35328,64,5,16,main,wikitext,wikitext-2-raw-v1,validation,cuda,float32,64,pythia_dynamical_edge_normal,26b7b5702e85f3f48652a95f9be74e23223244d1,"[1, 128, 512]",inputs_embeds,paper_style_feedback_dynamics,EleutherAI/pythia-70m,0.00024243953521363437,direct,fixed_random,3.6731948852539062,3.6731929779052734,1.0,5,128,3745.72509765625,0.00018735062621999532,54,final_hidden,2026-07-10T14:47:28.970617+00:00,nonpad_flattened,EleutherAI/pythia-70m
35328,64,5,16,main,wikitext,wikitext-2-raw-v1,validation,cuda,float32,64,pythia_dynamical_edge_normal,26b7b5702e85f3f48652a95f9be74e23223244d1,"[1, 128, 512]",inputs_embeds,paper_style_feedback_dynamics,EleutherAI/pythia-70m,0.00024822965497151017,direct,fixed_random,3.6731910705566406,3.6731948852539062,1.0,5,128,3745.72509765625,0.00018329371232539415,55,final_hidden,2026-07-10T14:47:28.970617+00:00,nonpad_flattened,EleutherAI/pythia-70m
35328,64,5,16,main,wikitext,wikitext-2-raw-v1,validation,cuda,float32,64,pythia_dynamical_edge_normal,26b7b5702e85f3f48652a95f9be74e23223244d1,"[1, 128, 512]",inputs_embeds,paper_style_feedback_dynamics,EleutherAI/pythia-70m,0.00025038799503818154,direct,fixed_random,3.67319393157959,3.6731910705566406,1.0,5,128,3745.72509765625,0.0001848352258093655,56,final_hidden,2026-07-10T14:47:28.970617+00:00,nonpad_flattened,EleutherAI/pythia-70m
35328,64,5,16,main,wikitext,wikitext-2-raw-v1,validation,cuda,float32,64,pythia_dynamical_edge_normal,26b7b5702e85f3f48652a95f9be74e23223244d1,"[1, 128, 512]",inputs_embeds,paper_style_feedback_dynamics,EleutherAI/pythia-70m,0.00025594347971491516,direct,fixed_random,3.673189640045166,3.67319393157959,1.0,5,128,3745.72509765625,0.00019951810827478766,57,final_hidden,2026-07-10T14:47:28.970617+00:00,nonpad_flattened,EleutherAI/pythia-70m
35328,64,5,16,main,wikitext,wikitext-2-raw-v1,validation,cuda,float32,64,pythia_dynamical_edge_normal,26b7b5702e85f3f48652a95f9be74e23223244d1,"[1, 128, 512]",inputs_embeds,paper_style_feedback_dynamics,EleutherAI/pythia-70m,0.0002529896446503699,direct,fixed_random,3.673189163208008,3.673189640045166,1.0,5,128,3745.72509765625,0.00020594136731233448,58,final_hidden,2026-07-10T14:47:28.970617+00:00,nonpad_flattened,EleutherAI/pythia-70m
35328,64,5,16,main,wikitext,wikitext-2-raw-v1,validation,cuda,float32,64,pythia_dynamical_edge_normal,26b7b5702e85f3f48652a95f9be74e23223244d1,"[1, 128, 512]",inputs_embeds,paper_style_feedback_dynamics,EleutherAI/pythia-70m,0.00025411430397070944,direct,fixed_random,3.6731929779052734,3.673189163208008,1.0,5,128,3745.72509765625,0.00019518239423632622,59,final_hidden,2026-07-10T14:47:28.970617+00:00,nonpad_flattened,EleutherAI/pythia-70m
35328,64,5,16,main,wikitext,wikitext-2-raw-v1,validation,cuda,float32,64,pythia_dynamical_edge_normal,26b7b5702e85f3f48652a95f9be74e23223244d1,"[1, 128, 512]",inputs_embeds,paper_style_feedback_dynamics,EleutherAI/pythia-70m,0.000259718595771119,direct,fixed_random,3.6731882095336914,3.6731929779052734,1.0,5,128,3745.72509765625,0.00021362172265071422,60,final_hidden,2026-07-10T14:47:28.970617+00:00,nonpad_flattened,EleutherAI/pythia-70m
35328,64,5,16,main,wikitext,wikitext-2-raw-v1,validation,cuda,float32,64,pythia_dynamical_edge_normal,26b7b5702e85f3f48652a95f9be74e23223244d1,"[1, 128, 512]",inputs_embeds,paper_style_feedback_dynamics,EleutherAI/pythia-70m,0.0002644967462401837,direct,fixed_random,3.6731910705566406,3.6731882095336914,1.0,5,128,3745.72509765625,0.0002157089620595798,61,final_hidden,2026-07-10T14:47:28.970617+00:00,nonpad_flattened,EleutherAI/pythia-70m
35328,64,5,16,main,wikitext,wikitext-2-raw-v1,validation,cuda,float32,64,pythia_dynamical_edge_normal,26b7b5702e85f3f48652a95f9be74e23223244d1,"[1, 128, 512]",inputs_embeds,paper_style_feedback_dynamics,EleutherAI/pythia-70m,0.0002600305888336152,direct,fixed_random,3.6731882095336914,3.6731910705566406,1.0,5,128,3745.72509765625,0.00020617054542526603,62,final_hidden,2026-07-10T14:47:28.970617+00:00,nonpad_flattened,EleutherAI/pythia-70m
31232,64,6,16,main,wikitext,wikitext-2-raw-v1,validation,cuda,float32,64,pythia_dynamical_edge_normal,26b7b5702e85f3f48652a95f9be74e23223244d1,"[1, 128, 512]",inputs_embeds,paper_style_feedback_dynamics,EleutherAI/pythia-70m,0.0003730813623405993,direct,fixed_random,5.968764305114746,5.978693008422852,1.0,6,128,3521.380859375,1.7201323509216309,0,final_hidden,2026-07-10T14:47:28.970617+00:00,nonpad_flattened,EleutherAI/pythia-70m
31232,64,6,16,main,wikitext,wikitext-2-raw-v1,validation,cuda,float32,64,pythia_dynamical_edge_normal,26b7b5702e85f3f48652a95f9be74e23223244d1,"[1, 128, 512]",inputs_embeds,paper_style_feedback_dynamics,EleutherAI/pythia-70m,0.00033308877027593553,direct,fixed_random,5.960875511169434,5.968764305114746,1.0,6,128,3521.495849609375,1.3514403104782104,1,final_hidden,2026-07-10T14:47:28.970617+00:00,nonpad_flattened,EleutherAI/pythia-70m
31232,64,6,16,main,wikitext,wikitext-2-raw-v1,validation,cuda,float32,64,pythia_dynamical_edge_normal,26b7b5702e85f3f48652a95f9be74e23223244d1,"[1, 128, 512]",inputs_embeds,paper_style_feedback_dynamics,EleutherAI/pythia-70m,0.0002896282821893692,direct,fixed_random,5.95460844039917,5.960875511169434,1.0,6,128,3521.58447265625,1.0626837015151978,2,final_hidden,2026-07-10T14:47:28.970617+00:00,nonpad_flattened,EleutherAI/pythia-70m
31232,64,6,16,main,wikitext,wikitext-2-raw-v1,validation,cuda,float32,64,pythia_dynamical_edge_normal,26b7b5702e85f3f48652a95f9be74e23223244d1,"[1, 128, 512]",inputs_embeds,paper_style_feedback_dynamics,EleutherAI/pythia-70m,0.0002667403023224324,direct,fixed_random,5.9496331214904785,5.95460844039917,1.0,6,128,3521.653076171875,0.8361999988555908,3,final_hidden,2026-07-10T14:47:28.970617+00:00,nonpad_flattened,EleutherAI/pythia-70m
31232,64,6,16,main,wikitext,wikitext-2-raw-v1,validation,cuda,float32,64,pythia_dynamical_edge_normal,26b7b5702e85f3f48652a95f9be74e23223244d1,"[1, 128, 512]",inputs_embeds,paper_style_feedback_dynamics,EleutherAI/pythia-70m,0.0002565495087765157,direct,fixed_random,5.945686340332031,5.9496331214904785,1.0,6,128,3521.7060546875,0.6583348512649536,4,final_hidden,2026-07-10T14:47:28.970617+00:00,nonpad_flattened,EleutherAI/pythia-70m
31232,64,6,16,main,wikitext,wikitext-2-raw-v1,validation,cuda,float32,64,pythia_dynamical_edge_normal,26b7b5702e85f3f48652a95f9be74e23223244d1,"[1, 128, 512]",inputs_embeds,paper_style_feedback_dynamics,EleutherAI/pythia-70m,0.00025054049910977483,direct,fixed_random,5.942554473876953,5.945686340332031,1.0,6,128,3521.747314453125,0.5185011029243469,5,final_hidden,2026-07-10T14:47:28.970617+00:00,nonpad_flattened,EleutherAI/pythia-70m
31232,64,6,16,main,wikitext,wikitext-2-raw-v1,validation,cuda,float32,64,pythia_dynamical_edge_normal,26b7b5702e85f3f48652a95f9be74e23223244d1,"[1, 128, 512]",inputs_embeds,paper_style_feedback_dynamics,EleutherAI/pythia-70m,0.00024721864610910416,direct,fixed_random,5.940060615539551,5.942554473876953,1.0,6,128,3521.779296875,0.40851354598999023,6,final_hidden,2026-07-10T14:47:28.970617+00:00,nonpad_flattened,EleutherAI/pythia-70m
31232,64,6,16,main,wikitext,wikitext-2-raw-v1,validation,cuda,float32,64,pythia_dynamical_edge_normal,26b7b5702e85f3f48652a95f9be74e23223244d1,"[1, 128, 512]",inputs_embeds,paper_style_feedback_dynamics,EleutherAI/pythia-70m,0.0002496787637937814,direct,fixed_random,5.938094139099121,5.940060615539551,1.0,6,128,3521.804443359375,0.321927011013031,7,final_hidden,2026-07-10T14:47:28.970617+00:00,nonpad_flattened,EleutherAI/pythia-70m
31232,64,6,16,main,wikitext,wikitext-2-raw-v1,validation,cuda,float32,64,pythia_dynamical_edge_normal,26b7b5702e85f3f48652a95f9be74e23223244d1,"[1, 128, 512]",inputs_embeds,paper_style_feedback_dynamics,EleutherAI/pythia-70m,0.00023913006589282304,direct,fixed_random,5.936540126800537,5.938094139099121,1.0,6,128,3521.823974609375,0.2537480294704437,8,final_hidden,2026-07-10T14:47:28.970617+00:00,nonpad_flattened,EleutherAI/pythia-70m
31232,64,6,16,main,wikitext,wikitext-2-raw-v1,validation,cuda,float32,64,pythia_dynamical_edge_normal,26b7b5702e85f3f48652a95f9be74e23223244d1,"[1, 128, 512]",inputs_embeds,paper_style_feedback_dynamics,EleutherAI/pythia-70m,0.00023017612693365663,direct,fixed_random,5.935302257537842,5.936540126800537,1.0,6,128,3521.839111328125,0.20003080368041992,9,final_hidden,2026-07-10T14:47:28.970617+00:00,nonpad_flattened,EleutherAI/pythia-70m
31232,64,6,16,main,wikitext,wikitext-2-raw-v1,validation,cuda,float32,64,pythia_dynamical_edge_normal,26b7b5702e85f3f48652a95f9be74e23223244d1,"[1, 128, 512]",inputs_embeds,paper_style_feedback_dynamics,EleutherAI/pythia-70m,0.00024050420324783772,direct,fixed_random,5.934321403503418,5.935302257537842,1.0,6,128,3521.850830078125,0.15772110223770142,10,final_hidden,2026-07-10T14:47:28.970617+00:00,nonpad_flattened,EleutherAI/pythia-70m
31232,64,6,16,main,wikitext,wikitext-2-raw-v1,validation,cuda,float32,64,pythia_dynamical_edge_normal,26b7b5702e85f3f48652a95f9be74e23223244d1,"[1, 128, 512]",inputs_embeds,paper_style_feedback_dynamics,EleutherAI/pythia-70m,0.000244546594331041,direct,fixed_random,5.933549404144287,5.934321403503418,1.0,6,128,3521.860107421875,0.12436070293188095,11,final_hidden,2026-07-10T14:47:28.970617+00:00,nonpad_flattened,EleutherAI/pythia-70m
31232,64,6,16,main,wikitext,wikitext-2-raw-v1,validation,cuda,float32,64,pythia_dynamical_edge_normal,26b7b5702e85f3f48652a95f9be74e23223244d1,"[1, 128, 512]",inputs_embeds,paper_style_feedback_dynamics,EleutherAI/pythia-70m,0.00023577350657433271,direct,fixed_random,5.932926654815674,5.933549404144287,1.0,6,128,3521.8671875,0.09805928170681,12,final_hidden,2026-07-10T14:47:28.970617+00:00,nonpad_flattened,EleutherAI/pythia-70m
31232,64,6,16,main,wikitext,wikitext-2-raw-v1,validation,cuda,float32,64,pythia_dynamical_edge_normal,26b7b5702e85f3f48652a95f9be74e23223244d1,"[1, 128, 512]",inputs_embeds,paper_style_feedback_dynamics,EleutherAI/pythia-70m,0.00022747399634681642,direct,fixed_random,5.932442665100098,5.932926654815674,1.0,6,128,3521.873046875,0.0773337259888649,13,final_hidden,2026-07-10T14:47:28.970617+00:00,nonpad_flattened,EleutherAI/pythia-70m
31232,64,6,16,main,wikitext,wikitext-2-raw-v1,validation,cuda,float32,64,pythia_dynamical_edge_normal,26b7b5702e85f3f48652a95f9be74e23223244d1,"[1, 128, 512]",inputs_embeds,paper_style_feedback_dynamics,EleutherAI/pythia-70m,0.00022329215425997972,direct,fixed_random,5.932062149047852,5.932442665100098,1.0,6,128,3521.87744140625,0.061002932488918304,14,final_hidden,2026-07-10T14:47:28.970617+00:00,nonpad_flattened,EleutherAI/pythia-70m
31232,64,6,16,main,wikitext,wikitext-2-raw-v1,validation,cuda,float32,64,pythia_dynamical_edge_normal,26b7b5702e85f3f48652a95f9be74e23223244d1,"[1, 128, 512]",inputs_embeds,paper_style_feedback_dynamics,EleutherAI/pythia-70m,0.00022390148660633713,direct,fixed_random,5.931760311126709,5.932062149047852,1.0,6,128,3521.881103515625,0.04812675341963768,15,final_hidden,2026-07-10T14:47:28.970617+00:00,nonpad_flattened,EleutherAI/pythia-70m
31232,64,6,16,main,wikitext,wikitext-2-raw-v1,validation,cuda,float32,64,pythia_dynamical_edge_normal,26b7b5702e85f3f48652a95f9be74e23223244d1,"[1, 128, 512]",inputs_embeds,paper_style_feedback_dynamics,EleutherAI/pythia-70m,0.0002295553858857602,direct,fixed_random,5.931521892547607,5.931760311126709,1.0,6,128,3521.8837890625,0.0379362478852272,16,final_hidden,2026-07-10T14:47:28.970617+00:00,nonpad_flattened,EleutherAI/pythia-70m
31232,64,6,16,main,wikitext,wikitext-2-raw-v1,validation,cuda,float32,64,pythia_dynamical_edge_normal,26b7b5702e85f3f48652a95f9be74e23223244d1,"[1, 128, 512]",inputs_embeds,paper_style_feedback_dynamics,EleutherAI/pythia-70m,0.00023761755437590182,direct,fixed_random,5.931328773498535,5.931521892547607,1.0,6,128,3521.8857421875,0.029946716502308846,17,final_hidden,2026-07-10T14:47:28.970617+00:00,nonpad_flattened,EleutherAI/pythia-70m
31232,64,6,16,main,wikitext,wikitext-2-raw-v1,validation,cuda,float32,64,pythia_dynamical_edge_normal,26b7b5702e85f3f48652a95f9be74e23223244d1,"[1, 128, 512]",inputs_embeds,paper_style_feedback_dynamics,EleutherAI/pythia-70m,0.0002359464269829914,direct,fixed_random,5.93118143081665,5.931328773498535,1.0,6,128,3521.8876953125,0.02360166609287262,18,final_hidden,2026-07-10T14:47:28.970617+00:00,nonpad_flattened,EleutherAI/pythia-70m
31232,64,6,16,main,wikitext,wikitext-2-raw-v1,validation,cuda,float32,64,pythia_dynamical_edge_normal,26b7b5702e85f3f48652a95f9be74e23223244d1,"[1, 128, 512]",inputs_embeds,paper_style_feedback_dynamics,EleutherAI/pythia-70m,0.00022693880600854754,direct,fixed_random,5.931067943572998,5.93118143081665,1.0,6,128,3521.888916015625,0.018632257357239723,19,final_hidden,2026-07-10T14:47:28.970617+00:00,nonpad_flattened,EleutherAI/pythia-70m
31232,64,6,16,main,wikitext,wikitext-2-raw-v1,validation,cuda,float32,64,pythia_dynamical_edge_normal,26b7b5702e85f3f48652a95f9be74e23223244d1,"[1, 128, 512]",inputs_embeds,paper_style_feedback_dynamics,EleutherAI/pythia-70m,0.00021794888016302139,direct,fixed_random,5.930967807769775,5.931067943572998,1.0,6,128,3521.889892578125,0.014701093547046185,20,final_hidden,2026-07-10T14:47:28.970617+00:00,nonpad_flattened,EleutherAI/pythia-70m
31232,64,6,16,main,wikitext,wikitext-2-raw-v1,validation,cuda,float32,64,pythia_dynamical_edge_normal,26b7b5702e85f3f48652a95f9be74e23223244d1,"[1, 128, 512]",inputs_embeds,paper_style_feedback_dynamics,EleutherAI/pythia-70m,0.00022075761808082461,direct,fixed_random,5.930897235870361,5.930967807769775,1.0,6,128,3521.890625,0.011576905846595764,21,final_hidden,2026-07-10T14:47:28.970617+00:00,nonpad_flattened,EleutherAI/pythia-70m
31232,64,6,16,main,wikitext,wikitext-2-raw-v1,validation,cuda,float32,64,pythia_dynamical_edge_normal,26b7b5702e85f3f48652a95f9be74e23223244d1,"[1, 128, 512]",inputs_embeds,paper_style_feedback_dynamics,EleutherAI/pythia-70m,0.0002209518861491233,direct,fixed_random,5.930838108062744,5.930897235870361,1.0,6,128,3521.8916015625,0.009144209325313568,22,final_hidden,2026-07-10T14:47:28.970617+00:00,nonpad_flattened,EleutherAI/pythia-70m
31232,64,6,16,main,wikitext,wikitext-2-raw-v1,validation,cuda,float32,64,pythia_dynamical_edge_normal,26b7b5702e85f3f48652a95f9be74e23223244d1,"[1, 128, 512]",inputs_embeds,paper_style_feedback_dynamics,EleutherAI/pythia-70m,0.0002260583423776552,direct,fixed_random,5.930791854858398,5.930838108062744,1.0,6,128,3521.891845703125,0.007189330644905567,23,final_hidden,2026-07-10T14:47:28.970617+00:00,nonpad_flattened,EleutherAI/pythia-70m
31232,64,6,16,main,wikitext,wikitext-2-raw-v1,validation,cuda,float32,64,pythia_dynamical_edge_normal,26b7b5702e85f3f48652a95f9be74e23223244d1,"[1, 128, 512]",inputs_embeds,paper_style_feedback_dynamics,EleutherAI/pythia-70m,0.0002361011429456994,direct,fixed_random,5.930754661560059,5.930791854858398,1.0,6,128,3521.892333984375,0.005691312253475189,24,final_hidden,2026-07-10T14:47:28.970617+00:00,nonpad_flattened,EleutherAI/pythia-70m
31232,64,6,16,main,wikitext,wikitext-2-raw-v1,validation,cuda,float32,64,pythia_dynamical_edge_normal,26b7b5702e85f3f48652a95f9be74e23223244d1,"[1, 128, 512]",inputs_embeds,paper_style_feedback_dynamics,EleutherAI/pythia-70m,0.00022988711134530604,direct,fixed_random,5.930727481842041,5.930754661560059,1.0,6,128,3521.892578125,0.004538548178970814,25,final_hidden,2026-07-10T14:47:28.970617+00:00,nonpad_flattened,EleutherAI/pythia-70m
31232,64,6,16,main,wikitext,wikitext-2-raw-v1,validation,cuda,float32,64,pythia_dynamical_edge_normal,26b7b5702e85f3f48652a95f9be74e23223244d1,"[1, 128, 512]",inputs_embeds,paper_style_feedback_dynamics,EleutherAI/pythia-70m,0.00023663636238779873,direct,fixed_random,5.930706024169922,5.930727481842041,1.0,6,128,3521.89306640625,0.003548162756487727,26,final_hidden,2026-07-10T14:47:28.970617+00:00,nonpad_flattened,EleutherAI/pythia-70m
31232,64,6,16,main,wikitext,wikitext-2-raw-v1,validation,cuda,float32,64,pythia_dynamical_edge_normal,26b7b5702e85f3f48652a95f9be74e23223244d1,"[1, 128, 512]",inputs_embeds,paper_style_feedback_dynamics,EleutherAI/pythia-70m,0.00023045577108860016,direct,fixed_random,5.930685043334961,5.930706024169922,1.0,6,128,3521.893310546875,0.0028249400202184916,27,final_hidden,2026-07-10T14:47:28.970617+00:00,nonpad_flattened,EleutherAI/pythia-70m
31232,64,6,16,main,wikitext,wikitext-2-raw-v1,validation,cuda,float32,64,pythia_dynamical_edge_normal,26b7b5702e85f3f48652a95f9be74e23223244d1,"[1, 128, 512]",inputs_embeds,paper_style_feedback_dynamics,EleutherAI/pythia-70m,0.00024197831226047128,direct,fixed_random,5.930672645568848,5.930685043334961,1.0,6,128,3521.893310546875,0.0022514238953590393,28,final_hidden,2026-07-10T14:47:28.970617+00:00,nonpad_flattened,EleutherAI/pythia-70m
31232,64,6,16,main,wikitext,wikitext-2-raw-v1,validation,cuda,float32,64,pythia_dynamical_edge_normal,26b7b5702e85f3f48652a95f9be74e23223244d1,"[1, 128, 512]",inputs_embeds,paper_style_feedback_dynamics,EleutherAI/pythia-70m,0.00022325801546685398,direct,fixed_random,5.930665493011475,5.930672645568848,1.0,6,128,3521.8935546875,0.001747144851833582,29,final_hidden,2026-07-10T14:47:28.970617+00:00,nonpad_flattened,EleutherAI/pythia-70m
31232,64,6,16,main,wikitext,wikitext-2-raw-v1,validation,cuda,float32,64,pythia_dynamical_edge_normal,26b7b5702e85f3f48652a95f9be74e23223244d1,"[1, 128, 512]",inputs_embeds,paper_style_feedback_dynamics,EleutherAI/pythia-70m,0.00023293020785786211,direct,fixed_random,5.930657863616943,5.930665493011475,1.0,6,128,3521.8935546875,0.0013714231317862868,30,final_hidden,2026-07-10T14:47:28.970617+00:00,nonpad_flattened,EleutherAI/pythia-70m
31232,64,6,16,main,wikitext,wikitext-2-raw-v1,validation,cuda,float32,64,pythia_dynamical_edge_normal,26b7b5702e85f3f48652a95f9be74e23223244d1,"[1, 128, 512]",inputs_embeds,paper_style_feedback_dynamics,EleutherAI/pythia-70m,0.00022527594410348684,direct,fixed_random,5.930649280548096,5.930657863616943,1.0,6,128,3521.893798828125,0.0011347002582624555,31,final_hidden,2026-07-10T14:47:28.970617+00:00,nonpad_flattened,EleutherAI/pythia-70m
31232,64,6,16,main,wikitext,wikitext-2-raw-v1,validation,cuda,float32,64,pythia_dynamical_edge_normal,26b7b5702e85f3f48652a95f9be74e23223244d1,"[1, 128, 512]",inputs_embeds,paper_style_feedback_dynamics,EleutherAI/pythia-70m,0.00022085991804488003,direct,fixed_random,5.9306416511535645,5.930649280548096,1.0,6,128,3521.893798828125,0.0009107041987590492,32,final_hidden,2026-07-10T14:47:28.970617+00:00,nonpad_flattened,EleutherAI/pythia-70m
31232,64,6,16,main,wikitext,wikitext-2-raw-v1,validation,cuda,float32,64,pythia_dynamical_edge_normal,26b7b5702e85f3f48652a95f9be74e23223244d1,"[1, 128, 512]",inputs_embeds,paper_style_feedback_dynamics,EleutherAI/pythia-70m,0.00022226490546017885,direct,fixed_random,5.930641174316406,5.9306416511535645,1.0,6,128,3521.89404296875,0.0006818720721639693,33,final_hidden,2026-07-10T14:47:28.970617+00:00,nonpad_flattened,EleutherAI/pythia-70m
31232,64,6,16,main,wikitext,wikitext-2-raw-v1,validation,cuda,float32,64,pythia_dynamical_edge_normal,26b7b5702e85f3f48652a95f9be74e23223244d1,"[1, 128, 512]",inputs_embeds,paper_style_feedback_dynamics,EleutherAI/pythia-70m,0.0002366730768699199,direct,fixed_random,5.93063497543335,5.930641174316406,1.0,6,128,3521.89404296875,0.0005333609879016876,34,final_hidden,2026-07-10T14:47:28.970617+00:00,nonpad_flattened,EleutherAI/pythia-70m
31232,64,6,16,main,wikitext,wikitext-2-raw-v1,validation,cuda,float32,64,pythia_dynamical_edge_normal,26b7b5702e85f3f48652a95f9be74e23223244d1,"[1, 128, 512]",inputs_embeds,paper_style_feedback_dynamics,EleutherAI/pythia-70m,0.00028368181665427983,direct,fixed_random,5.93063497543335,5.93063497543335,1.0,6,128,3521.893798828125,0.000469863967737183,35,final_hidden,2026-07-10T14:47:28.970617+00:00,nonpad_flattened,EleutherAI/pythia-70m
31232,64,6,16,main,wikitext,wikitext-2-raw-v1,validation,cuda,float32,64,pythia_dynamical_edge_normal,26b7b5702e85f3f48652a95f9be74e23223244d1,"[1, 128, 512]",inputs_embeds,paper_style_feedback_dynamics,EleutherAI/pythia-70m,0.0002869358577299863,direct,fixed_random,5.930624961853027,5.93063497543335,1.0,6,128,3521.89404296875,0.00042280671186745167,36,final_hidden,2026-07-10T14:47:28.970617+00:00,nonpad_flattened,EleutherAI/pythia-70m
31232,64,6,16,main,wikitext,wikitext-2-raw-v1,validation,cuda,float32,64,pythia_dynamical_edge_normal,26b7b5702e85f3f48652a95f9be74e23223244d1,"[1, 128, 512]",inputs_embeds,paper_style_feedback_dynamics,EleutherAI/pythia-70m,0.00027669849805533886,direct,fixed_random,5.930627822875977,5.930624961853027,1.0,6,128,3521.893798828125,0.00038765714270994067,37,final_hidden,2026-07-10T14:47:28.970617+00:00,nonpad_flattened,EleutherAI/pythia-70m
31232,64,6,16,main,wikitext,wikitext-2-raw-v1,validation,cuda,float32,64,pythia_dynamical_edge_normal,26b7b5702e85f3f48652a95f9be74e23223244d1,"[1, 128, 512]",inputs_embeds,paper_style_feedback_dynamics,EleutherAI/pythia-70m,0.0002751349238678813,direct,fixed_random,5.93062162399292,5.930627822875977,1.0,6,128,3521.893798828125,0.00035374145954847336,38,final_hidden,2026-07-10T14:47:28.970617+00:00,nonpad_flattened,EleutherAI/pythia-70m
31232,64,6,16,main,wikitext,wikitext-2-raw-v1,validation,cuda,float32,64,pythia_dynamical_edge_normal,26b7b5702e85f3f48652a95f9be74e23223244d1,"[1, 128, 512]",inputs_embeds,paper_style_feedback_dynamics,EleutherAI/pythia-70m,0.00027795234927907586,direct,fixed_random,5.930627346038818,5.93062162399292,1.0,6,128,3521.893798828125,0.0003395110834389925,39,final_hidden,2026-07-10T14:47:28.970617+00:00,nonpad_flattened,EleutherAI/pythia-70m
31232,64,6,16,main,wikitext,wikitext-2-raw-v1,validation,cuda,float32,64,pythia_dynamical_edge_normal,26b7b5702e85f3f48652a95f9be74e23223244d1,"[1, 128, 512]",inputs_embeds,paper_style_feedback_dynamics,EleutherAI/pythia-70m,0.00026880670338869095,direct,fixed_random,5.930623531341553,5.930627346038818,1.0,6,128,3521.893798828125,0.00032132401247508824,40,final_hidden,2026-07-10T14:47:28.970617+00:00,nonpad_flattened,EleutherAI/pythia-70m
31232,64,6,16,main,wikitext,wikitext-2-raw-v1,validation,cuda,float32,64,pythia_dynamical_edge_normal,26b7b5702e85f3f48652a95f9be74e23223244d1,"[1, 128, 512]",inputs_embeds,paper_style_feedback_dynamics,EleutherAI/pythia-70m,0.0002732285938691348,direct,fixed_random,5.930619716644287,5.930623531341553,1.0,6,128,3521.893798828125,0.00029990667826496065,41,final_hidden,2026-07-10T14:47:28.970617+00:00,nonpad_flattened,EleutherAI/pythia-70m
31232,64,6,16,main,wikitext,wikitext-2-raw-v1,validation,cuda,float32,64,pythia_dynamical_edge_normal,26b7b5702e85f3f48652a95f9be74e23223244d1,"[1, 128, 512]",inputs_embeds,paper_style_feedback_dynamics,EleutherAI/pythia-70m,0.0002694297581911087,direct,fixed_random,5.930620193481445,5.930619716644287,1.0,6,128,3521.893798828125,0.00027762429090216756,42,final_hidden,2026-07-10T14:47:28.970617+00:00,nonpad_flattened,EleutherAI/pythia-70m
31232,64,6,16,main,wikitext,wikitext-2-raw-v1,validation,cuda,float32,64,pythia_dynamical_edge_normal,26b7b5702e85f3f48652a95f9be74e23223244d1,"[1, 128, 512]",inputs_embeds,paper_style_feedback_dynamics,EleutherAI/pythia-70m,0.00024039734853431582,direct,fixed_random,5.9306230545043945,5.930620193481445,1.0,6,128,3521.893798828125,0.00021737765928264707,43,final_hidden,2026-07-10T14:47:28.970617+00:00,nonpad_flattened,EleutherAI/pythia-70m
31232,64,6,16,main,wikitext,wikitext-2-raw-v1,validation,cuda,float32,64,pythia_dynamical_edge_normal,26b7b5702e85f3f48652a95f9be74e23223244d1,"[1, 128, 512]",inputs_embeds,paper_style_feedback_dynamics,EleutherAI/pythia-70m,0.00023025063273962587,direct,fixed_random,5.930620193481445,5.9306230545043945,1.0,6,128,3521.893798828125,0.00017351248243357986,44,final_hidden,2026-07-10T14:47:28.970617+00:00,nonpad_flattened,EleutherAI/pythia-70m
31232,64,6,16,main,wikitext,wikitext-2-raw-v1,validation,cuda,float32,64,pythia_dynamical_edge_normal,26b7b5702e85f3f48652a95f9be74e23223244d1,"[1, 128, 512]",inputs_embeds,paper_style_feedback_dynamics,EleutherAI/pythia-70m,0.0002255599101772532,direct,fixed_random,5.930620193481445,5.930620193481445,1.0,6,128,3521.893798828125,0.000158426133566536,45,final_hidden,2026-07-10T14:47:28.970617+00:00,nonpad_flattened,EleutherAI/pythia-70m
31232,64,6,16,main,wikitext,wikitext-2-raw-v1,validation,cuda,float32,64,pythia_dynamical_edge_normal,26b7b5702e85f3f48652a95f9be74e23223244d1,"[1, 128, 512]",inputs_embeds,paper_style_feedback_dynamics,EleutherAI/pythia-70m,0.00022280051780398935,direct,fixed_random,5.9306159019470215,5.930620193481445,1.0,6,128,3521.893798828125,0.00016498884360771626,46,final_hidden,2026-07-10T14:47:28.970617+00:00,nonpad_flattened,EleutherAI/pythia-70m
31232,64,6,16,main,wikitext,wikitext-2-raw-v1,validation,cuda,float32,64,pythia_dynamical_edge_normal,26b7b5702e85f3f48652a95f9be74e23223244d1,"[1, 128, 512]",inputs_embeds,paper_style_feedback_dynamics,EleutherAI/pythia-70m,0.00023585642338730395,direct,fixed_random,5.930620193481445,5.9306159019470215,1.0,6,128,3521.893798828125,0.00017563163419254124,47,final_hidden,2026-07-10T14:47:28.970617+00:00,nonpad_flattened,EleutherAI/pythia-70m
31232,64,6,16,main,wikitext,wikitext-2-raw-v1,validation,cuda,float32,64,pythia_dynamical_edge_normal,26b7b5702e85f3f48652a95f9be74e23223244d1,"[1, 128, 512]",inputs_embeds,paper_style_feedback_dynamics,EleutherAI/pythia-70m,0.0002348649431951344,direct,fixed_random,5.930617332458496,5.930620193481445,1.0,6,128,3521.893798828125,0.00018423167057335377,48,final_hidden,2026-07-10T14:47:28.970617+00:00,nonpad_flattened,EleutherAI/pythia-70m
31232,64,6,16,main,wikitext,wikitext-2-raw-v1,validation,cuda,float32,64,pythia_dynamical_edge_normal,26b7b5702e85f3f48652a95f9be74e23223244d1,"[1, 128, 512]",inputs_embeds,paper_style_feedback_dynamics,EleutherAI/pythia-70m,0.0002424372942186892,direct,fixed_random,5.930613994598389,5.930617332458496,1.0,6,128,3521.893798828125,0.00017252446559723467,49,final_hidden,2026-07-10T14:47:28.970617+00:00,nonpad_flattened,EleutherAI/pythia-70m
31232,64,6,16,main,wikitext,wikitext-2-raw-v1,validation,cuda,float32,64,pythia_dynamical_edge_normal,26b7b5702e85f3f48652a95f9be74e23223244d1,"[1, 128, 512]",inputs_embeds,paper_style_feedback_dynamics,EleutherAI/pythia-70m,0.00023408562992699444,direct,fixed_random,5.930617809295654,5.930613994598389,1.0,6,128,3521.89404296875,0.00016444028005935252,50,final_hidden,2026-07-10T14:47:28.970617+00:00,nonpad_flattened,EleutherAI/pythia-70m
31232,64,6,16,main,wikitext,wikitext-2-raw-v1,validation,cuda,float32,64,pythia_dynamical_edge_normal,26b7b5702e85f3f48652a95f9be74e23223244d1,"[1, 128, 512]",inputs_embeds,paper_style_feedback_dynamics,EleutherAI/pythia-70m,0.00023683442850597203,direct,fixed_random,5.930619716644287,5.930617809295654,1.0,6,128,3521.89404296875,0.00016905229131225497,51,final_hidden,2026-07-10T14:47:28.970617+00:00,nonpad_flattened,EleutherAI/pythia-70m
31232,64,6,16,main,wikitext,wikitext-2-raw-v1,validation,cuda,float32,64,pythia_dynamical_edge_normal,26b7b5702e85f3f48652a95f9be74e23223244d1,"[1, 128, 512]",inputs_embeds,paper_style_feedback_dynamics,EleutherAI/pythia-70m,0.0002361532096983865,direct,fixed_random,5.9306182861328125,5.930619716644287,1.0,6,128,3521.89404296875,0.000167434845934622,52,final_hidden,2026-07-10T14:47:28.970617+00:00,nonpad_flattened,EleutherAI/pythia-70m
31232,64,6,16,main,wikitext,wikitext-2-raw-v1,validation,cuda,float32,64,pythia_dynamical_edge_normal,26b7b5702e85f3f48652a95f9be74e23223244d1,"[1, 128, 512]",inputs_embeds,paper_style_feedback_dynamics,EleutherAI/pythia-70m,0.0002396994677837938,direct,fixed_random,5.930615425109863,5.9306182861328125,1.0,6,128,3521.89404296875,0.00016614510968793184,53,final_hidden,2026-07-10T14:47:28.970617+00:00,nonpad_flattened,EleutherAI/pythia-70m
31232,64,6,16,main,wikitext,wikitext-2-raw-v1,validation,cuda,float32,64,pythia_dynamical_edge_normal,26b7b5702e85f3f48652a95f9be74e23223244d1,"[1, 128, 512]",inputs_embeds,paper_style_feedback_dynamics,EleutherAI/pythia-70m,0.00023072790645528585,direct,fixed_random,5.930617332458496,5.930615425109863,1.0,6,128,3521.89404296875,0.00018616789020597935,54,final_hidden,2026-07-10T14:47:28.970617+00:00,nonpad_flattened,EleutherAI/pythia-70m
31232,64,6,16,main,wikitext,wikitext-2-raw-v1,validation,cuda,float32,64,pythia_dynamical_edge_normal,26b7b5702e85f3f48652a95f9be74e23223244d1,"[1, 128, 512]",inputs_embeds,paper_style_feedback_dynamics,EleutherAI/pythia-70m,0.0002447773003950715,direct,fixed_random,5.93061637878418,5.930617332458496,1.0,6,128,3521.893798828125,0.00019643155974335968,55,final_hidden,2026-07-10T14:47:28.970617+00:00,nonpad_flattened,EleutherAI/pythia-70m
31232,64,6,16,main,wikitext,wikitext-2-raw-v1,validation,cuda,float32,64,pythia_dynamical_edge_normal,26b7b5702e85f3f48652a95f9be74e23223244d1,"[1, 128, 512]",inputs_embeds,paper_style_feedback_dynamics,EleutherAI/pythia-70m,0.00024047697661444545,direct,fixed_random,5.930617809295654,5.93061637878418,1.0,6,128,3521.89404296875,0.00019756252004299313,56,final_hidden,2026-07-10T14:47:28.970617+00:00,nonpad_flattened,EleutherAI/pythia-70m
31232,64,6,16,main,wikitext,wikitext-2-raw-v1,validation,cuda,float32,64,pythia_dynamical_edge_normal,26b7b5702e85f3f48652a95f9be74e23223244d1,"[1, 128, 512]",inputs_embeds,paper_style_feedback_dynamics,EleutherAI/pythia-70m,0.00024946985649876297,direct,fixed_random,5.930620193481445,5.930617809295654,1.0,6,128,3521.89404296875,0.0002058363170363009,57,final_hidden,2026-07-10T14:47:28.970617+00:00,nonpad_flattened,EleutherAI/pythia-70m
31232,64,6,16,main,wikitext,wikitext-2-raw-v1,validation,cuda,float32,64,pythia_dynamical_edge_normal,26b7b5702e85f3f48652a95f9be74e23223244d1,"[1, 128, 512]",inputs_embeds,paper_style_feedback_dynamics,EleutherAI/pythia-70m,0.00023787889222148806,direct,fixed_random,5.9306159019470215,5.930620193481445,1.0,6,128,3521.89404296875,0.00019763808813877404,58,final_hidden,2026-07-10T14:47:28.970617+00:00,nonpad_flattened,EleutherAI/pythia-70m
31232,64,6,16,main,wikitext,wikitext-2-raw-v1,validation,cuda,float32,64,pythia_dynamical_edge_normal,26b7b5702e85f3f48652a95f9be74e23223244d1,"[1, 128, 512]",inputs_embeds,paper_style_feedback_dynamics,EleutherAI/pythia-70m,0.00024363043485209346,direct,fixed_random,5.930620193481445,5.9306159019470215,1.0,6,128,3521.89404296875,0.00019549035641830415,59,final_hidden,2026-07-10T14:47:28.970617+00:00,nonpad_flattened,EleutherAI/pythia-70m
31232,64,6,16,main,wikitext,wikitext-2-raw-v1,validation,cuda,float32,64,pythia_dynamical_edge_normal,26b7b5702e85f3f48652a95f9be74e23223244d1,"[1, 128, 512]",inputs_embeds,paper_style_feedback_dynamics,EleutherAI/pythia-70m,0.00023977745149750262,direct,fixed_random,5.93061637878418,5.930620193481445,1.0,6,128,3521.893798828125,0.00019840449385810643,60,final_hidden,2026-07-10T14:47:28.970617+00:00,nonpad_flattened,EleutherAI/pythia-70m
31232,64,6,16,main,wikitext,wikitext-2-raw-v1,validation,cuda,float32,64,pythia_dynamical_edge_normal,26b7b5702e85f3f48652a95f9be74e23223244d1,"[1, 128, 512]",inputs_embeds,paper_style_feedback_dynamics,EleutherAI/pythia-70m,0.0002561890287324786,direct,fixed_random,5.930617332458496,5.93061637878418,1.0,6,128,3521.89404296875,0.00021035726240370423,61,final_hidden,2026-07-10T14:47:28.970617+00:00,nonpad_flattened,EleutherAI/pythia-70m
31232,64,6,16,main,wikitext,wikitext-2-raw-v1,validation,cuda,float32,64,pythia_dynamical_edge_normal,26b7b5702e85f3f48652a95f9be74e23223244d1,"[1, 128, 512]",inputs_embeds,paper_style_feedback_dynamics,EleutherAI/pythia-70m,0.00024236489844042808,direct,fixed_random,5.930617332458496,5.930617332458496,1.0,6,128,3521.89404296875,0.0002089124172925949,62,final_hidden,2026-07-10T14:47:28.970617+00:00,nonpad_flattened,EleutherAI/pythia-70m
14848,64,7,16,main,wikitext,wikitext-2-raw-v1,validation,cuda,float32,64,pythia_dynamical_edge_normal,26b7b5702e85f3f48652a95f9be74e23223244d1,"[1, 128, 512]",inputs_embeds,paper_style_feedback_dynamics,EleutherAI/pythia-70m,0.00022678142704535276,direct,fixed_random,35.33736801147461,35.3509407043457,1.0,7,128,2428.011474609375,1.1286216974258423,0,final_hidden,2026-07-10T14:47:28.970617+00:00,nonpad_flattened,EleutherAI/pythia-70m
14848,64,7,16,main,wikitext,wikitext-2-raw-v1,validation,cuda,float32,64,pythia_dynamical_edge_normal,26b7b5702e85f3f48652a95f9be74e23223244d1,"[1, 128, 512]",inputs_embeds,paper_style_feedback_dynamics,EleutherAI/pythia-70m,0.00020631830557249486,direct,fixed_random,35.326541900634766,35.33736801147461,1.0,7,128,2428.0859375,0.8870514631271362,1,final_hidden,2026-07-10T14:47:28.970617+00:00,nonpad_flattened,EleutherAI/pythia-70m
14848,64,7,16,main,wikitext,wikitext-2-raw-v1,validation,cuda,float32,64,pythia_dynamical_edge_normal,26b7b5702e85f3f48652a95f9be74e23223244d1,"[1, 128, 512]",inputs_embeds,paper_style_feedback_dynamics,EleutherAI/pythia-70m,0.0001991585741052404,direct,fixed_random,35.31791305541992,35.326541900634766,1.0,7,128,2428.1435546875,0.6977612972259521,2,final_hidden,2026-07-10T14:47:28.970617+00:00,nonpad_flattened,EleutherAI/pythia-70m
14848,64,7,16,main,wikitext,wikitext-2-raw-v1,validation,cuda,float32,64,pythia_dynamical_edge_normal,26b7b5702e85f3f48652a95f9be74e23223244d1,"[1, 128, 512]",inputs_embeds,paper_style_feedback_dynamics,EleutherAI/pythia-70m,0.00018086112686432898,direct,fixed_random,35.311058044433594,35.31791305541992,1.0,7,128,2428.18798828125,0.5492088794708252,3,final_hidden,2026-07-10T14:47:28.970617+00:00,nonpad_flattened,EleutherAI/pythia-70m
14848,64,7,16,main,wikitext,wikitext-2-raw-v1,validation,cuda,float32,64,pythia_dynamical_edge_normal,26b7b5702e85f3f48652a95f9be74e23223244d1,"[1, 128, 512]",inputs_embeds,paper_style_feedback_dynamics,EleutherAI/pythia-70m,0.000177167501533404,direct,fixed_random,35.30561828613281,35.311058044433594,1.0,7,128,2428.222412109375,0.4325116276741028,4,final_hidden,2026-07-10T14:47:28.970617+00:00,nonpad_flattened,EleutherAI/pythia-70m
14848,64,7,16,main,wikitext,wikitext-2-raw-v1,validation,cuda,float32,64,pythia_dynamical_edge_normal,26b7b5702e85f3f48652a95f9be74e23223244d1,"[1, 128, 512]",inputs_embeds,paper_style_feedback_dynamics,EleutherAI/pythia-70m,0.00016104860696941614,direct,fixed_random,35.301307678222656,35.30561828613281,1.0,7,128,2428.249267578125,0.3407279849052429,5,final_hidden,2026-07-10T14:47:28.970617+00:00,nonpad_flattened,EleutherAI/pythia-70m
14848,64,7,16,main,wikitext,wikitext-2-raw-v1,validation,cuda,float32,64,pythia_dynamical_edge_normal,26b7b5702e85f3f48652a95f9be74e23223244d1,"[1, 128, 512]",inputs_embeds,paper_style_feedback_dynamics,EleutherAI/pythia-70m,0.00016246111772488803,direct,fixed_random,35.297889709472656,35.301307678222656,1.0,7,128,2428.27001953125,0.26850250363349915,6,final_hidden,2026-07-10T14:47:28.970617+00:00,nonpad_flattened,EleutherAI/pythia-70m
14848,64,7,16,main,wikitext,wikitext-2-raw-v1,validation,cuda,float32,64,pythia_dynamical_edge_normal,26b7b5702e85f3f48652a95f9be74e23223244d1,"[1, 128, 512]",inputs_embeds,paper_style_feedback_dynamics,EleutherAI/pythia-70m,0.00017365689564030617,direct,fixed_random,35.295188903808594,35.297889709472656,1.0,7,128,2428.2861328125,0.21162444353103638,7,final_hidden,2026-07-10T14:47:28.970617+00:00,nonpad_flattened,EleutherAI/pythia-70m
14848,64,7,16,main,wikitext,wikitext-2-raw-v1,validation,cuda,float32,64,pythia_dynamical_edge_normal,26b7b5702e85f3f48652a95f9be74e23223244d1,"[1, 128, 512]",inputs_embeds,paper_style_feedback_dynamics,EleutherAI/pythia-70m,0.00016669185424689204,direct,fixed_random,35.29305648803711,35.295188903808594,1.0,7,128,2428.299072265625,0.16684074699878693,8,final_hidden,2026-07-10T14:47:28.970617+00:00,nonpad_flattened,EleutherAI/pythia-70m
14848,64,7,16,main,wikitext,wikitext-2-raw-v1,validation,cuda,float32,64,pythia_dynamical_edge_normal,26b7b5702e85f3f48652a95f9be74e23223244d1,"[1, 128, 512]",inputs_embeds,paper_style_feedback_dynamics,EleutherAI/pythia-70m,0.00016576453344896436,direct,fixed_random,35.29136657714844,35.29305648803711,1.0,7,128,2428.308837890625,0.1315445899963379,9,final_hidden,2026-07-10T14:47:28.970617+00:00,nonpad_flattened,EleutherAI/pythia-70m
14848,64,7,16,main,wikitext,wikitext-2-raw-v1,validation,cuda,float32,64,pythia_dynamical_edge_normal,26b7b5702e85f3f48652a95f9be74e23223244d1,"[1, 128, 512]",inputs_embeds,paper_style_feedback_dynamics,EleutherAI/pythia-70m,0.00015697951312176883,direct,fixed_random,35.2900390625,35.29136657714844,1.0,7,128,2428.316650390625,0.10372941941022873,10,final_hidden,2026-07-10T14:47:28.970617+00:00,nonpad_flattened,EleutherAI/pythia-70m
14848,64,7,16,main,wikitext,wikitext-2-raw-v1,validation,cuda,float32,64,pythia_dynamical_edge_normal,26b7b5702e85f3f48652a95f9be74e23223244d1,"[1, 128, 512]",inputs_embeds,paper_style_feedback_dynamics,EleutherAI/pythia-70m,0.0001606351142982021,direct,fixed_random,35.28898239135742,35.2900390625,1.0,7,128,2428.32275390625,0.08180039376020432,11,final_hidden,2026-07-10T14:47:28.970617+00:00,nonpad_flattened,EleutherAI/pythia-70m
14848,64,7,16,main,wikitext,wikitext-2-raw-v1,validation,cuda,float32,64,pythia_dynamical_edge_normal,26b7b5702e85f3f48652a95f9be74e23223244d1,"[1, 128, 512]",inputs_embeds,paper_style_feedback_dynamics,EleutherAI/pythia-70m,0.0001748418144416064,direct,fixed_random,35.288150787353516,35.28898239135742,1.0,7,128,2428.327392578125,0.064508818089962,12,final_hidden,2026-07-10T14:47:28.970617+00:00,nonpad_flattened,EleutherAI/pythia-70m
14848,64,7,16,main,wikitext,wikitext-2-raw-v1,validation,cuda,float32,64,pythia_dynamical_edge_normal,26b7b5702e85f3f48652a95f9be74e23223244d1,"[1, 128, 512]",inputs_embeds,paper_style_feedback_dynamics,EleutherAI/pythia-70m,0.0001650649937801063,direct,fixed_random,35.28749465942383,35.288150787353516,1.0,7,128,2428.3310546875,0.05088839307427406,13,final_hidden,2026-07-10T14:47:28.970617+00:00,nonpad_flattened,EleutherAI/pythia-70m
14848,64,7,16,main,wikitext,wikitext-2-raw-v1,validation,cuda,float32,64,pythia_dynamical_edge_normal,26b7b5702e85f3f48652a95f9be74e23223244d1,"[1, 128, 512]",inputs_embeds,paper_style_feedback_dynamics,EleutherAI/pythia-70m,0.00016195850912481546,direct,fixed_random,35.28697967529297,35.28749465942383,1.0,7,128,2428.333984375,0.04012542590498924,14,final_hidden,2026-07-10T14:47:28.970617+00:00,nonpad_flattened,EleutherAI/pythia-70m
14848,64,7,16,main,wikitext,wikitext-2-raw-v1,validation,cuda,float32,64,pythia_dynamical_edge_normal,26b7b5702e85f3f48652a95f9be74e23223244d1,"[1, 128, 512]",inputs_embeds,paper_style_feedback_dynamics,EleutherAI/pythia-70m,0.00015600078040733933,direct,fixed_random,35.28657531738281,35.28697967529297,1.0,7,128,2428.336181640625,0.03165611997246742,15,final_hidden,2026-07-10T14:47:28.970617+00:00,nonpad_flattened,EleutherAI/pythia-70m
14848,64,7,16,main,wikitext,wikitext-2-raw-v1,validation,cuda,float32,64,pythia_dynamical_edge_normal,26b7b5702e85f3f48652a95f9be74e23223244d1,"[1, 128, 512]",inputs_embeds,paper_style_feedback_dynamics,EleutherAI/pythia-70m,0.00016611468163318932,direct,fixed_random,35.286251068115234,35.28657531738281,1.0,7,128,2428.338134765625,0.024975745007395744,16,final_hidden,2026-07-10T14:47:28.970617+00:00,nonpad_flattened,EleutherAI/pythia-70m
14848,64,7,16,main,wikitext,wikitext-2-raw-v1,validation,cuda,float32,64,pythia_dynamical_edge_normal,26b7b5702e85f3f48652a95f9be74e23223244d1,"[1, 128, 512]",inputs_embeds,paper_style_feedback_dynamics,EleutherAI/pythia-70m,0.00016280620184261352,direct,fixed_random,35.28599548339844,35.286251068115234,1.0,7,128,2428.339599609375,0.019695430994033813,17,final_hidden,2026-07-10T14:47:28.970617+00:00,nonpad_flattened,EleutherAI/pythia-70m
14848,64,7,16,main,wikitext,wikitext-2-raw-v1,validation,cuda,float32,64,pythia_dynamical_edge_normal,26b7b5702e85f3f48652a95f9be74e23223244d1,"[1, 128, 512]",inputs_embeds,paper_style_feedback_dynamics,EleutherAI/pythia-70m,0.00015201317728497088,direct,fixed_random,35.285789489746094,35.28599548339844,1.0,7,128,2428.340576171875,0.01553401816636324,18,final_hidden,2026-07-10T14:47:28.970617+00:00,nonpad_flattened,EleutherAI/pythia-70m
14848,64,7,16,main,wikitext,wikitext-2-raw-v1,validation,cuda,float32,64,pythia_dynamical_edge_normal,26b7b5702e85f3f48652a95f9be74e23223244d1,"[1, 128, 512]",inputs_embeds,paper_style_feedback_dynamics,EleutherAI/pythia-70m,0.0001549495500512421,direct,fixed_random,35.28562927246094,35.285789489746094,1.0,7,128,2428.341552734375,0.012259289622306824,19,final_hidden,2026-07-10T14:47:28.970617+00:00,nonpad_flattened,EleutherAI/pythia-70m
14848,64,7,16,main,wikitext,wikitext-2-raw-v1,validation,cuda,float32,64,pythia_dynamical_edge_normal,26b7b5702e85f3f48652a95f9be74e23223244d1,"[1, 128, 512]",inputs_embeds,paper_style_feedback_dynamics,EleutherAI/pythia-70m,0.00015202409122139215,direct,fixed_random,35.28551483154297,35.28562927246094,1.0,7,128,2428.34228515625,0.009672099724411964,20,final_hidden,2026-07-10T14:47:28.970617+00:00,nonpad_flattened,EleutherAI/pythia-70m
14848,64,7,16,main,wikitext,wikitext-2-raw-v1,validation,cuda,float32,64,pythia_dynamical_edge_normal,26b7b5702e85f3f48652a95f9be74e23223244d1,"[1, 128, 512]",inputs_embeds,paper_style_feedback_dynamics,EleutherAI/pythia-70m,0.00015463163435924798,direct,fixed_random,35.2854118347168,35.28551483154297,1.0,7,128,2428.3427734375,0.007628468796610832,21,final_hidden,2026-07-10T14:47:28.970617+00:00,nonpad_flattened,EleutherAI/pythia-70m
14848,64,7,16,main,wikitext,wikitext-2-raw-v1,validation,cuda,float32,64,pythia_dynamical_edge_normal,26b7b5702e85f3f48652a95f9be74e23223244d1,"[1, 128, 512]",inputs_embeds,paper_style_feedback_dynamics,EleutherAI/pythia-70m,0.00015417129907291383,direct,fixed_random,35.28533172607422,35.2854118347168,1.0,7,128,2428.343017578125,0.006008956115692854,22,final_hidden,2026-07-10T14:47:28.970617+00:00,nonpad_flattened,EleutherAI/pythia-70m
14848,64,7,16,main,wikitext,wikitext-2-raw-v1,validation,cuda,float32,64,pythia_dynamical_edge_normal,26b7b5702e85f3f48652a95f9be74e23223244d1,"[1, 128, 512]",inputs_embeds,paper_style_feedback_dynamics,EleutherAI/pythia-70m,0.00015837910177651793,direct,fixed_random,35.2852783203125,35.28533172607422,1.0,7,128,2428.343505859375,0.004728898871690035,23,final_hidden,2026-07-10T14:47:28.970617+00:00,nonpad_flattened,EleutherAI/pythia-70m
14848,64,7,16,main,wikitext,wikitext-2-raw-v1,validation,cuda,float32,64,pythia_dynamical_edge_normal,26b7b5702e85f3f48652a95f9be74e23223244d1,"[1, 128, 512]",inputs_embeds,paper_style_feedback_dynamics,EleutherAI/pythia-70m,0.00016080385830719024,direct,fixed_random,35.28522491455078,35.2852783203125,1.0,7,128,2428.34375,0.003753205295652151,24,final_hidden,2026-07-10T14:47:28.970617+00:00,nonpad_flattened,EleutherAI/pythia-70m
14848,64,7,16,main,wikitext,wikitext-2-raw-v1,validation,cuda,float32,64,pythia_dynamical_edge_normal,26b7b5702e85f3f48652a95f9be74e23223244d1,"[1, 128, 512]",inputs_embeds,paper_style_feedback_dynamics,EleutherAI/pythia-70m,0.00015815826191101223,direct,fixed_random,35.28519058227539,35.28522491455078,1.0,7,128,2428.343994140625,0.0029831172432750463,25,final_hidden,2026-07-10T14:47:28.970617+00:00,nonpad_flattened,EleutherAI/pythia-70m
14848,64,7,16,main,wikitext,wikitext-2-raw-v1,validation,cuda,float32,64,pythia_dynamical_edge_normal,26b7b5702e85f3f48652a95f9be74e23223244d1,"[1, 128, 512]",inputs_embeds,paper_style_feedback_dynamics,EleutherAI/pythia-70m,0.0001539854274597019,direct,fixed_random,35.28516387939453,35.28519058227539,1.0,7,128,2428.343994140625,0.0023505608551204205,26,final_hidden,2026-07-10T14:47:28.970617+00:00,nonpad_flattened,EleutherAI/pythia-70m
14848,64,7,16,main,wikitext,wikitext-2-raw-v1,validation,cuda,float32,64,pythia_dynamical_edge_normal,26b7b5702e85f3f48652a95f9be74e23223244d1,"[1, 128, 512]",inputs_embeds,paper_style_feedback_dynamics,EleutherAI/pythia-70m,0.0001512662711320445,direct,fixed_random,35.28513717651367,35.28516387939453,1.0,7,128,2428.34423828125,0.0018653938313946128,27,final_hidden,2026-07-10T14:47:28.970617+00:00,nonpad_flattened,EleutherAI/pythia-70m
14848,64,7,16,main,wikitext,wikitext-2-raw-v1,validation,cuda,float32,64,pythia_dynamical_edge_normal,26b7b5702e85f3f48652a95f9be74e23223244d1,"[1, 128, 512]",inputs_embeds,paper_style_feedback_dynamics,EleutherAI/pythia-70m,0.00015695870388299227,direct,fixed_random,35.28512191772461,35.28513717651367,1.0,7,128,2428.344482421875,0.0014752099523320794,28,final_hidden,2026-07-10T14:47:28.970617+00:00,nonpad_flattened,EleutherAI/pythia-70m
14848,64,7,16,main,wikitext,wikitext-2-raw-v1,validation,cuda,float32,64,pythia_dynamical_edge_normal,26b7b5702e85f3f48652a95f9be74e23223244d1,"[1, 128, 512]",inputs_embeds,paper_style_feedback_dynamics,EleutherAI/pythia-70m,0.00015140582399908453,direct,fixed_random,35.28510665893555,35.28512191772461,1.0,7,128,2428.344482421875,0.0011423199903219938,29,final_hidden,2026-07-10T14:47:28.970617+00:00,nonpad_flattened,EleutherAI/pythia-70m
14848,64,7,16,main,wikitext,wikitext-2-raw-v1,validation,cuda,float32,64,pythia_dynamical_edge_normal,26b7b5702e85f3f48652a95f9be74e23223244d1,"[1, 128, 512]",inputs_embeds,paper_style_feedback_dynamics,EleutherAI/pythia-70m,0.0001479851925978437,direct,fixed_random,35.285091400146484,35.28510665893555,1.0,7,128,2428.3447265625,0.0009152118000201881,30,final_hidden,2026-07-10T14:47:28.970617+00:00,nonpad_flattened,EleutherAI/pythia-70m
14848,64,7,16,main,wikitext,wikitext-2-raw-v1,validation,cuda,float32,64,pythia_dynamical_edge_normal,26b7b5702e85f3f48652a95f9be74e23223244d1,"[1, 128, 512]",inputs_embeds,paper_style_feedback_dynamics,EleutherAI/pythia-70m,0.00015140030882321298,direct,fixed_random,35.28507995605469,35.285091400146484,1.0,7,128,2428.3447265625,0.0007613041088916361,31,final_hidden,2026-07-10T14:47:28.970617+00:00,nonpad_flattened,EleutherAI/pythia-70m
14848,64,7,16,main,wikitext,wikitext-2-raw-v1,validation,cuda,float32,64,pythia_dynamical_edge_normal,26b7b5702e85f3f48652a95f9be74e23223244d1,"[1, 128, 512]",inputs_embeds,paper_style_feedback_dynamics,EleutherAI/pythia-70m,0.0001512809976702556,direct,fixed_random,35.285072326660156,35.28507995605469,1.0,7,128,2428.3447265625,0.0005947797908447683,32,final_hidden,2026-07-10T14:47:28.970617+00:00,nonpad_flattened,EleutherAI/pythia-70m
14848,64,7,16,main,wikitext,wikitext-2-raw-v1,validation,cuda,float32,64,pythia_dynamical_edge_normal,26b7b5702e85f3f48652a95f9be74e23223244d1,"[1, 128, 512]",inputs_embeds,paper_style_feedback_dynamics,EleutherAI/pythia-70m,0.00015155327855609357,direct,fixed_random,35.285072326660156,35.285072326660156,1.0,7,128,2428.3447265625,0.00043924475903622806,33,final_hidden,2026-07-10T14:47:28.970617+00:00,nonpad_flattened,EleutherAI/pythia-70m
14848,64,7,16,main,wikitext,wikitext-2-raw-v1,validation,cuda,float32,64,pythia_dynamical_edge_normal,26b7b5702e85f3f48652a95f9be74e23223244d1,"[1, 128, 512]",inputs_embeds,paper_style_feedback_dynamics,EleutherAI/pythia-70m,0.00015545000496786088,direct,fixed_random,35.28506851196289,35.285072326660156,1.0,7,128,2428.3447265625,0.0003505577624309808,34,final_hidden,2026-07-10T14:47:28.970617+00:00,nonpad_flattened,EleutherAI/pythia-70m
14848,64,7,16,main,wikitext,wikitext-2-raw-v1,validation,cuda,float32,64,pythia_dynamical_edge_normal,26b7b5702e85f3f48652a95f9be74e23223244d1,"[1, 128, 512]",inputs_embeds,paper_style_feedback_dynamics,EleutherAI/pythia-70m,0.00018783735868055373,direct,fixed_random,35.285057067871094,35.28506851196289,1.0,7,128,2428.3447265625,0.0003240991791244596,35,final_hidden,2026-07-10T14:47:28.970617+00:00,nonpad_flattened,EleutherAI/pythia-70m
14848,64,7,16,main,wikitext,wikitext-2-raw-v1,validation,cuda,float32,64,pythia_dynamical_edge_normal,26b7b5702e85f3f48652a95f9be74e23223244d1,"[1, 128, 512]",inputs_embeds,paper_style_feedback_dynamics,EleutherAI/pythia-70m,0.0001753589604049921,direct,fixed_random,35.285057067871094,35.285057067871094,1.0,7,128,2428.3447265625,0.0002791798033285886,36,final_hidden,2026-07-10T14:47:28.970617+00:00,nonpad_flattened,EleutherAI/pythia-70m
14848,64,7,16,main,wikitext,wikitext-2-raw-v1,validation,cuda,float32,64,pythia_dynamical_edge_normal,26b7b5702e85f3f48652a95f9be74e23223244d1,"[1, 128, 512]",inputs_embeds,paper_style_feedback_dynamics,EleutherAI/pythia-70m,0.00017612693773116916,direct,fixed_random,35.285057067871094,35.285057067871094,1.0,7,128,2428.3447265625,0.0002568595518823713,37,final_hidden,2026-07-10T14:47:28.970617+00:00,nonpad_flattened,EleutherAI/pythia-70m
14848,64,7,16,main,wikitext,wikitext-2-raw-v1,validation,cuda,float32,64,pythia_dynamical_edge_normal,26b7b5702e85f3f48652a95f9be74e23223244d1,"[1, 128, 512]",inputs_embeds,paper_style_feedback_dynamics,EleutherAI/pythia-70m,0.00018450006609782577,direct,fixed_random,35.28504943847656,35.285057067871094,1.0,7,128,2428.3447265625,0.0002404970582574606,38,final_hidden,2026-07-10T14:47:28.970617+00:00,nonpad_flattened,EleutherAI/pythia-70m
14848,64,7,16,main,wikitext,wikitext-2-raw-v1,validation,cuda,float32,64,pythia_dynamical_edge_normal,26b7b5702e85f3f48652a95f9be74e23223244d1,"[1, 128, 512]",inputs_embeds,paper_style_feedback_dynamics,EleutherAI/pythia-70m,0.00018491476657800376,direct,fixed_random,35.28504943847656,35.28504943847656,1.0,7,128,2428.3447265625,0.00023179939307738096,39,final_hidden,2026-07-10T14:47:28.970617+00:00,nonpad_flattened,EleutherAI/pythia-70m
14848,64,7,16,main,wikitext,wikitext-2-raw-v1,validation,cuda,float32,64,pythia_dynamical_edge_normal,26b7b5702e85f3f48652a95f9be74e23223244d1,"[1, 128, 512]",inputs_embeds,paper_style_feedback_dynamics,EleutherAI/pythia-70m,0.00019534543389454484,direct,fixed_random,35.28504943847656,35.28504943847656,1.0,7,128,2428.3447265625,0.00022745515161659569,40,final_hidden,2026-07-10T14:47:28.970617+00:00,nonpad_flattened,EleutherAI/pythia-70m
14848,64,7,16,main,wikitext,wikitext-2-raw-v1,validation,cuda,float32,64,pythia_dynamical_edge_normal,26b7b5702e85f3f48652a95f9be74e23223244d1,"[1, 128, 512]",inputs_embeds,paper_style_feedback_dynamics,EleutherAI/pythia-70m,0.00018949669902212918,direct,fixed_random,35.28505325317383,35.28504943847656,1.0,7,128,2428.3447265625,0.00020225376647431403,41,final_hidden,2026-07-10T14:47:28.970617+00:00,nonpad_flattened,EleutherAI/pythia-70m
14848,64,7,16,main,wikitext,wikitext-2-raw-v1,validation,cuda,float32,64,pythia_dynamical_edge_normal,26b7b5702e85f3f48652a95f9be74e23223244d1,"[1, 128, 512]",inputs_embeds,paper_style_feedback_dynamics,EleutherAI/pythia-70m,0.00017586775356903672,direct,fixed_random,35.28504943847656,35.28505325317383,1.0,7,128,2428.3447265625,0.0001747478818288073,42,final_hidden,2026-07-10T14:47:28.970617+00:00,nonpad_flattened,EleutherAI/pythia-70m
14848,64,7,16,main,wikitext,wikitext-2-raw-v1,validation,cuda,float32,64,pythia_dynamical_edge_normal,26b7b5702e85f3f48652a95f9be74e23223244d1,"[1, 128, 512]",inputs_embeds,paper_style_feedback_dynamics,EleutherAI/pythia-70m,0.00016682257410138845,direct,fixed_random,35.28505325317383,35.28504943847656,1.0,7,128,2428.3447265625,0.00014360711793415248,43,final_hidden,2026-07-10T14:47:28.970617+00:00,nonpad_flattened,EleutherAI/pythia-70m
14848,64,7,16,main,wikitext,wikitext-2-raw-v1,validation,cuda,float32,64,pythia_dynamical_edge_normal,26b7b5702e85f3f48652a95f9be74e23223244d1,"[1, 128, 512]",inputs_embeds,paper_style_feedback_dynamics,EleutherAI/pythia-70m,0.00015788408927619457,direct,fixed_random,35.28504943847656,35.28505325317383,1.0,7,128,2428.3447265625,0.00012411670468281955,44,final_hidden,2026-07-10T14:47:28.970617+00:00,nonpad_flattened,EleutherAI/pythia-70m
14848,64,7,16,main,wikitext,wikitext-2-raw-v1,validation,cuda,float32,64,pythia_dynamical_edge_normal,26b7b5702e85f3f48652a95f9be74e23223244d1,"[1, 128, 512]",inputs_embeds,paper_style_feedback_dynamics,EleutherAI/pythia-70m,0.00015252255252562463,direct,fixed_random,35.28504943847656,35.28504943847656,1.0,7,128,2428.3447265625,0.00011770045239245519,45,final_hidden,2026-07-10T14:47:28.970617+00:00,nonpad_flattened,EleutherAI/pythia-70m
14848,64,7,16,main,wikitext,wikitext-2-raw-v1,validation,cuda,float32,64,pythia_dynamical_edge_normal,26b7b5702e85f3f48652a95f9be74e23223244d1,"[1, 128, 512]",inputs_embeds,paper_style_feedback_dynamics,EleutherAI/pythia-70m,0.00016191686154343188,direct,fixed_random,35.28504943847656,35.28504943847656,1.0,7,128,2428.3447265625,0.00012474379036575556,46,final_hidden,2026-07-10T14:47:28.970617+00:00,nonpad_flattened,EleutherAI/pythia-70m
14848,64,7,16,main,wikitext,wikitext-2-raw-v1,validation,cuda,float32,64,pythia_dynamical_edge_normal,26b7b5702e85f3f48652a95f9be74e23223244d1,"[1, 128, 512]",inputs_embeds,paper_style_feedback_dynamics,EleutherAI/pythia-70m,0.0001632791245356202,direct,fixed_random,35.28504943847656,35.28504943847656,1.0,7,128,2428.3447265625,0.00011912886111531407,47,final_hidden,2026-07-10T14:47:28.970617+00:00,nonpad_flattened,EleutherAI/pythia-70m
14848,64,7,16,main,wikitext,wikitext-2-raw-v1,validation,cuda,float32,64,pythia_dynamical_edge_normal,26b7b5702e85f3f48652a95f9be74e23223244d1,"[1, 128, 512]",inputs_embeds,paper_style_feedback_dynamics,EleutherAI/pythia-70m,0.00016525707906112075,direct,fixed_random,35.28504180908203,35.28504943847656,1.0,7,128,2428.3447265625,0.00013087601109873503,48,final_hidden,2026-07-10T14:47:28.970617+00:00,nonpad_flattened,EleutherAI/pythia-70m
14848,64,7,16,main,wikitext,wikitext-2-raw-v1,validation,cuda,float32,64,pythia_dynamical_edge_normal,26b7b5702e85f3f48652a95f9be74e23223244d1,"[1, 128, 512]",inputs_embeds,paper_style_feedback_dynamics,EleutherAI/pythia-70m,0.0001609716418897733,direct,fixed_random,35.2850456237793,35.28504180908203,1.0,7,128,2428.3447265625,0.0001277904666494578,49,final_hidden,2026-07-10T14:47:28.970617+00:00,nonpad_flattened,EleutherAI/pythia-70m
14848,64,7,16,main,wikitext,wikitext-2-raw-v1,validation,cuda,float32,64,pythia_dynamical_edge_normal,26b7b5702e85f3f48652a95f9be74e23223244d1,"[1, 128, 512]",inputs_embeds,paper_style_feedback_dynamics,EleutherAI/pythia-70m,0.0001653000945225358,direct,fixed_random,35.28504943847656,35.2850456237793,1.0,7,128,2428.3447265625,0.00013065134407952428,50,final_hidden,2026-07-10T14:47:28.970617+00:00,nonpad_flattened,EleutherAI/pythia-70m
14848,64,7,16,main,wikitext,wikitext-2-raw-v1,validation,cuda,float32,64,pythia_dynamical_edge_normal,26b7b5702e85f3f48652a95f9be74e23223244d1,"[1, 128, 512]",inputs_embeds,paper_style_feedback_dynamics,EleutherAI/pythia-70m,0.00016326826880685985,direct,fixed_random,35.28504943847656,35.28504943847656,1.0,7,128,2428.3447265625,0.00013361922174226493,51,final_hidden,2026-07-10T14:47:28.970617+00:00,nonpad_flattened,EleutherAI/pythia-70m
14848,64,7,16,main,wikitext,wikitext-2-raw-v1,validation,cuda,float32,64,pythia_dynamical_edge_normal,26b7b5702e85f3f48652a95f9be74e23223244d1,"[1, 128, 512]",inputs_embeds,paper_style_feedback_dynamics,EleutherAI/pythia-70m,0.00016308827616740018,direct,fixed_random,35.2850456237793,35.28504943847656,1.0,7,128,2428.3447265625,0.00013666742597706616,52,final_hidden,2026-07-10T14:47:28.970617+00:00,nonpad_flattened,EleutherAI/pythia-70m
14848,64,7,16,main,wikitext,wikitext-2-raw-v1,validation,cuda,float32,64,pythia_dynamical_edge_normal,26b7b5702e85f3f48652a95f9be74e23223244d1,"[1, 128, 512]",inputs_embeds,paper_style_feedback_dynamics,EleutherAI/pythia-70m,0.00015855746460147202,direct,fixed_random,35.2850456237793,35.2850456237793,1.0,7,128,2428.3447265625,0.00012204550876049325,53,final_hidden,2026-07-10T14:47:28.970617+00:00,nonpad_flattened,EleutherAI/pythia-70m
14848,64,7,16,main,wikitext,wikitext-2-raw-v1,validation,cuda,float32,64,pythia_dynamical_edge_normal,26b7b5702e85f3f48652a95f9be74e23223244d1,"[1, 128, 512]",inputs_embeds,paper_style_feedback_dynamics,EleutherAI/pythia-70m,0.00016254578076768667,direct,fixed_random,35.2850456237793,35.2850456237793,1.0,7,128,2428.3447265625,0.00011474766506580636,54,final_hidden,2026-07-10T14:47:28.970617+00:00,nonpad_flattened,EleutherAI/pythia-70m
14848,64,7,16,main,wikitext,wikitext-2-raw-v1,validation,cuda,float32,64,pythia_dynamical_edge_normal,26b7b5702e85f3f48652a95f9be74e23223244d1,"[1, 128, 512]",inputs_embeds,paper_style_feedback_dynamics,EleutherAI/pythia-70m,0.00016170642629731447,direct,fixed_random,35.28504180908203,35.2850456237793,1.0,7,128,2428.3447265625,0.0001189993490697816,55,final_hidden,2026-07-10T14:47:28.970617+00:00,nonpad_flattened,EleutherAI/pythia-70m
14848,64,7,16,main,wikitext,wikitext-2-raw-v1,validation,cuda,float32,64,pythia_dynamical_edge_normal,26b7b5702e85f3f48652a95f9be74e23223244d1,"[1, 128, 512]",inputs_embeds,paper_style_feedback_dynamics,EleutherAI/pythia-70m,0.0001571431930642575,direct,fixed_random,35.28504943847656,35.28504180908203,1.0,7,128,2428.3447265625,0.00012352860358078033,56,final_hidden,2026-07-10T14:47:28.970617+00:00,nonpad_flattened,EleutherAI/pythia-70m
14848,64,7,16,main,wikitext,wikitext-2-raw-v1,validation,cuda,float32,64,pythia_dynamical_edge_normal,26b7b5702e85f3f48652a95f9be74e23223244d1,"[1, 128, 512]",inputs_embeds,paper_style_feedback_dynamics,EleutherAI/pythia-70m,0.00016170078015420586,direct,fixed_random,35.2850456237793,35.28504943847656,1.0,7,128,2428.3447265625,0.000129011896206066,57,final_hidden,2026-07-10T14:47:28.970617+00:00,nonpad_flattened,EleutherAI/pythia-70m
14848,64,7,16,main,wikitext,wikitext-2-raw-v1,validation,cuda,float32,64,pythia_dynamical_edge_normal,26b7b5702e85f3f48652a95f9be74e23223244d1,"[1, 128, 512]",inputs_embeds,paper_style_feedback_dynamics,EleutherAI/pythia-70m,0.0001624094002181664,direct,fixed_random,35.2850456237793,35.2850456237793,1.0,7,128,2428.3447265625,0.0001296901609748602,58,final_hidden,2026-07-10T14:47:28.970617+00:00,nonpad_flattened,EleutherAI/pythia-70m
14848,64,7,16,main,wikitext,wikitext-2-raw-v1,validation,cuda,float32,64,pythia_dynamical_edge_normal,26b7b5702e85f3f48652a95f9be74e23223244d1,"[1, 128, 512]",inputs_embeds,paper_style_feedback_dynamics,EleutherAI/pythia-70m,0.00015926557534839958,direct,fixed_random,35.28504943847656,35.2850456237793,1.0,7,128,2428.3447265625,0.00012236162729095668,59,final_hidden,2026-07-10T14:47:28.970617+00:00,nonpad_flattened,EleutherAI/pythia-70m
14848,64,7,16,main,wikitext,wikitext-2-raw-v1,validation,cuda,float32,64,pythia_dynamical_edge_normal,26b7b5702e85f3f48652a95f9be74e23223244d1,"[1, 128, 512]",inputs_embeds,paper_style_feedback_dynamics,EleutherAI/pythia-70m,0.00015153829008340836,direct,fixed_random,35.28504943847656,35.28504943847656,1.0,7,128,2428.3447265625,0.00011169804201927036,60,final_hidden,2026-07-10T14:47:28.970617+00:00,nonpad_flattened,EleutherAI/pythia-70m
14848,64,7,16,main,wikitext,wikitext-2-raw-v1,validation,cuda,float32,64,pythia_dynamical_edge_normal,26b7b5702e85f3f48652a95f9be74e23223244d1,"[1, 128, 512]",inputs_embeds,paper_style_feedback_dynamics,EleutherAI/pythia-70m,0.00015982732293196023,direct,fixed_random,35.28504943847656,35.28504943847656,1.0,7,128,2428.3447265625,0.00010988158464897424,61,final_hidden,2026-07-10T14:47:28.970617+00:00,nonpad_flattened,EleutherAI/pythia-70m
14848,64,7,16,main,wikitext,wikitext-2-raw-v1,validation,cuda,float32,64,pythia_dynamical_edge_normal,26b7b5702e85f3f48652a95f9be74e23223244d1,"[1, 128, 512]",inputs_embeds,paper_style_feedback_dynamics,EleutherAI/pythia-70m,0.00015903435996733606,direct,fixed_random,35.28504180908203,35.28504943847656,1.0,7,128,2428.3447265625,0.00011333705333527178,62,final_hidden,2026-07-10T14:47:28.970617+00:00,nonpad_flattened,EleutherAI/pythia-70m
