active_dim,actual_eval_states,batch_index,burn_in_steps,checkpoint,dataset,dataset_config,dataset_split,device,dtype,eval_steps,experiment,git_commit,input_shape,input_space,method,model,nearby_distance,operator_update,projection_mode,projection_next,projection_value,residual_alpha,sample_index,sequence_length,state_norm,step_delta,step_index,target,timestamp,token_mode,tokenizer,pca_summary_value,pca_summary_next
3584,64,0,16,main,wikitext,wikitext-2-raw-v1,validation,cuda,float32,64,pythia_dynamical_edge_normal,26b7b5702e85f3f48652a95f9be74e23223244d1,"[1, 128, 512]",inputs_embeds,paper_style_feedback_dynamics,EleutherAI/pythia-70m,0.00010467958054505289,direct,fixed_random,35.44912338256836,35.45471954345703,1.0,0,128,1192.89599609375,0.533042848110199,0,final_hidden,2026-07-10T14:47:28.970617+00:00,nonpad_flattened,EleutherAI/pythia-70m,-0.5155549897830097,-0.39546536952105316
3584,64,0,16,main,wikitext,wikitext-2-raw-v1,validation,cuda,float32,64,pythia_dynamical_edge_normal,26b7b5702e85f3f48652a95f9be74e23223244d1,"[1, 128, 512]",inputs_embeds,paper_style_feedback_dynamics,EleutherAI/pythia-70m,8.491021435474977e-05,direct,fixed_random,35.444671630859375,35.44912338256836,1.0,0,128,1192.931640625,0.4183492660522461,1,final_hidden,2026-07-10T14:47:28.970617+00:00,nonpad_flattened,EleutherAI/pythia-70m,-0.39546536952105316,-0.30168146314336153
3584,64,0,16,main,wikitext,wikitext-2-raw-v1,validation,cuda,float32,64,pythia_dynamical_edge_normal,26b7b5702e85f3f48652a95f9be74e23223244d1,"[1, 128, 512]",inputs_embeds,paper_style_feedback_dynamics,EleutherAI/pythia-70m,7.665243902010843e-05,direct,fixed_random,35.441131591796875,35.444671630859375,1.0,0,128,1192.9591064453125,0.32867059111595154,2,final_hidden,2026-07-10T14:47:28.970617+00:00,nonpad_flattened,EleutherAI/pythia-70m,-0.30168146314336153,-0.2282728567091177
3584,64,0,16,main,wikitext,wikitext-2-raw-v1,validation,cuda,float32,64,pythia_dynamical_edge_normal,26b7b5702e85f3f48652a95f9be74e23223244d1,"[1, 128, 512]",inputs_embeds,paper_style_feedback_dynamics,EleutherAI/pythia-70m,7.773637480568141e-05,direct,fixed_random,35.43832015991211,35.441131591796875,1.0,0,128,1192.9803466796875,0.25839948654174805,3,final_hidden,2026-07-10T14:47:28.970617+00:00,nonpad_flattened,EleutherAI/pythia-70m,-0.2282728567091177,-0.17079206172316116
3584,64,0,16,main,wikitext,wikitext-2-raw-v1,validation,cuda,float32,64,pythia_dynamical_edge_normal,26b7b5702e85f3f48652a95f9be74e23223244d1,"[1, 128, 512]",inputs_embeds,paper_style_feedback_dynamics,EleutherAI/pythia-70m,7.967378769535571e-05,direct,fixed_random,35.43608093261719,35.43832015991211,1.0,0,128,1192.9967041015625,0.20329496264457703,4,final_hidden,2026-07-10T14:47:28.970617+00:00,nonpad_flattened,EleutherAI/pythia-70m,-0.17079206172316116,-0.12569417838411973
3584,64,0,16,main,wikitext,wikitext-2-raw-v1,validation,cuda,float32,64,pythia_dynamical_edge_normal,26b7b5702e85f3f48652a95f9be74e23223244d1,"[1, 128, 512]",inputs_embeds,paper_style_feedback_dynamics,EleutherAI/pythia-70m,7.229002949316055e-05,direct,fixed_random,35.43431091308594,35.43608093261719,1.0,0,128,1193.0093994140625,0.1600208580493927,5,final_hidden,2026-07-10T14:47:28.970617+00:00,nonpad_flattened,EleutherAI/pythia-70m,-0.12569417838411973,-0.09023640854989322
3584,64,0,16,main,wikitext,wikitext-2-raw-v1,validation,cuda,float32,64,pythia_dynamical_edge_normal,26b7b5702e85f3f48652a95f9be74e23223244d1,"[1, 128, 512]",inputs_embeds,paper_style_feedback_dynamics,EleutherAI/pythia-70m,7.755657861707732e-05,direct,fixed_random,35.43290328979492,35.43431091308594,1.0,0,128,1193.0194091796875,0.12600529193878174,6,final_hidden,2026-07-10T14:47:28.970617+00:00,nonpad_flattened,EleutherAI/pythia-70m,-0.09023640854989322,-0.062393296113189854
3584,64,0,16,main,wikitext,wikitext-2-raw-v1,validation,cuda,float32,64,pythia_dynamical_edge_normal,26b7b5702e85f3f48652a95f9be74e23223244d1,"[1, 128, 512]",inputs_embeds,paper_style_feedback_dynamics,EleutherAI/pythia-70m,7.657015521544963e-05,direct,fixed_random,35.43178939819336,35.43290328979492,1.0,0,128,1193.027099609375,0.0992448627948761,7,final_hidden,2026-07-10T14:47:28.970617+00:00,nonpad_flattened,EleutherAI/pythia-70m,-0.062393296113189854,-0.040502587517664945
3584,64,0,16,main,wikitext,wikitext-2-raw-v1,validation,cuda,float32,64,pythia_dynamical_edge_normal,26b7b5702e85f3f48652a95f9be74e23223244d1,"[1, 128, 512]",inputs_embeds,paper_style_feedback_dynamics,EleutherAI/pythia-70m,7.189040479715914e-05,direct,fixed_random,35.43090057373047,35.43178939819336,1.0,0,128,1193.0330810546875,0.07818633317947388,8,final_hidden,2026-07-10T14:47:28.970617+00:00,nonpad_flattened,EleutherAI/pythia-70m,-0.040502587517664945,-0.023262008331285958
3584,64,0,16,main,wikitext,wikitext-2-raw-v1,validation,cuda,float32,64,pythia_dynamical_edge_normal,26b7b5702e85f3f48652a95f9be74e23223244d1,"[1, 128, 512]",inputs_embeds,paper_style_feedback_dynamics,EleutherAI/pythia-70m,7.243284926516935e-05,direct,fixed_random,35.43020248413086,35.43090057373047,1.0,0,128,1193.037841796875,0.061615802347660065,9,final_hidden,2026-07-10T14:47:28.970617+00:00,nonpad_flattened,EleutherAI/pythia-70m,-0.023262008331285958,-0.009699108794400174
3584,64,0,16,main,wikitext,wikitext-2-raw-v1,validation,cuda,float32,64,pythia_dynamical_edge_normal,26b7b5702e85f3f48652a95f9be74e23223244d1,"[1, 128, 512]",inputs_embeds,paper_style_feedback_dynamics,EleutherAI/pythia-70m,7.616096991114318e-05,direct,fixed_random,35.42964172363281,35.43020248413086,1.0,0,128,1193.04150390625,0.048555634915828705,10,final_hidden,2026-07-10T14:47:28.970617+00:00,nonpad_flattened,EleutherAI/pythia-70m,-0.009699108794400174,0.0009542898772378304
3584,64,0,16,main,wikitext,wikitext-2-raw-v1,validation,cuda,float32,64,pythia_dynamical_edge_normal,26b7b5702e85f3f48652a95f9be74e23223244d1,"[1, 128, 512]",inputs_embeds,paper_style_feedback_dynamics,EleutherAI/pythia-70m,8.330394484801218e-05,direct,fixed_random,35.42919921875,35.42964172363281,1.0,0,128,1193.0443115234375,0.038276903331279755,11,final_hidden,2026-07-10T14:47:28.970617+00:00,nonpad_flattened,EleutherAI/pythia-70m,0.0009542898772378304,0.009360234654182899
3584,64,0,16,main,wikitext,wikitext-2-raw-v1,validation,cuda,float32,64,pythia_dynamical_edge_normal,26b7b5702e85f3f48652a95f9be74e23223244d1,"[1, 128, 512]",inputs_embeds,paper_style_feedback_dynamics,EleutherAI/pythia-70m,7.949588325573131e-05,direct,fixed_random,35.42884826660156,35.42919921875,1.0,0,128,1193.0465087890625,0.030161287635564804,12,final_hidden,2026-07-10T14:47:28.970617+00:00,nonpad_flattened,EleutherAI/pythia-70m,0.009360234654182899,0.015980318458379262
3584,64,0,16,main,wikitext,wikitext-2-raw-v1,validation,cuda,float32,64,pythia_dynamical_edge_normal,26b7b5702e85f3f48652a95f9be74e23223244d1,"[1, 128, 512]",inputs_embeds,paper_style_feedback_dynamics,EleutherAI/pythia-70m,8.273405546788126e-05,direct,fixed_random,35.42857360839844,35.42884826660156,1.0,0,128,1193.04833984375,0.02379937469959259,13,final_hidden,2026-07-10T14:47:28.970617+00:00,nonpad_flattened,EleutherAI/pythia-70m,0.015980318458379262,0.02120196341262561
3584,64,0,16,main,wikitext,wikitext-2-raw-v1,validation,cuda,float32,64,pythia_dynamical_edge_normal,26b7b5702e85f3f48652a95f9be74e23223244d1,"[1, 128, 512]",inputs_embeds,paper_style_feedback_dynamics,EleutherAI/pythia-70m,8.243498450610787e-05,direct,fixed_random,35.42835235595703,35.42857360839844,1.0,0,128,1193.0496826171875,0.018751582130789757,14,final_hidden,2026-07-10T14:47:28.970617+00:00,nonpad_flattened,EleutherAI/pythia-70m,0.02120196341262561,0.02527706926776059
3584,64,0,16,main,wikitext,wikitext-2-raw-v1,validation,cuda,float32,64,pythia_dynamical_edge_normal,26b7b5702e85f3f48652a95f9be74e23223244d1,"[1, 128, 512]",inputs_embeds,paper_style_feedback_dynamics,EleutherAI/pythia-70m,8.46374241518788e-05,direct,fixed_random,35.42818069458008,35.42835235595703,1.0,0,128,1193.0506591796875,0.014791210182011127,15,final_hidden,2026-07-10T14:47:28.970617+00:00,nonpad_flattened,EleutherAI/pythia-70m,0.02527706926776059,0.02854868772480642
3584,64,0,16,main,wikitext,wikitext-2-raw-v1,validation,cuda,float32,64,pythia_dynamical_edge_normal,26b7b5702e85f3f48652a95f9be74e23223244d1,"[1, 128, 512]",inputs_embeds,paper_style_feedback_dynamics,EleutherAI/pythia-70m,7.549661677330732e-05,direct,fixed_random,35.42804718017578,35.42818069458008,1.0,0,128,1193.0516357421875,0.011668208986520767,16,final_hidden,2026-07-10T14:47:28.970617+00:00,nonpad_flattened,EleutherAI/pythia-70m,0.02854868772480642,0.03109337365887998
3584,64,0,16,main,wikitext,wikitext-2-raw-v1,validation,cuda,float32,64,pythia_dynamical_edge_normal,26b7b5702e85f3f48652a95f9be74e23223244d1,"[1, 128, 512]",inputs_embeds,paper_style_feedback_dynamics,EleutherAI/pythia-70m,7.845390064176172e-05,direct,fixed_random,35.427940368652344,35.42804718017578,1.0,0,128,1193.05224609375,0.009195326827466488,17,final_hidden,2026-07-10T14:47:28.970617+00:00,nonpad_flattened,EleutherAI/pythia-70m,0.03109337365887998,0.03312900071133767
3584,64,0,16,main,wikitext,wikitext-2-raw-v1,validation,cuda,float32,64,pythia_dynamical_edge_normal,26b7b5702e85f3f48652a95f9be74e23223244d1,"[1, 128, 512]",inputs_embeds,paper_style_feedback_dynamics,EleutherAI/pythia-70m,7.722349982941523e-05,direct,fixed_random,35.42784881591797,35.427940368652344,1.0,0,128,1193.0528564453125,0.007252970710396767,18,final_hidden,2026-07-10T14:47:28.970617+00:00,nonpad_flattened,EleutherAI/pythia-70m,0.03312900071133767,0.03469215718892702
3584,64,0,16,main,wikitext,wikitext-2-raw-v1,validation,cuda,float32,64,pythia_dynamical_edge_normal,26b7b5702e85f3f48652a95f9be74e23223244d1,"[1, 128, 512]",inputs_embeds,paper_style_feedback_dynamics,EleutherAI/pythia-70m,8.260975300800055e-05,direct,fixed_random,35.42778015136719,35.42784881591797,1.0,0,128,1193.05322265625,0.005731363780796528,19,final_hidden,2026-07-10T14:47:28.970617+00:00,nonpad_flattened,EleutherAI/pythia-70m,0.03469215718892702,0.035978097974034104
3584,64,0,16,main,wikitext,wikitext-2-raw-v1,validation,cuda,float32,64,pythia_dynamical_edge_normal,26b7b5702e85f3f48652a95f9be74e23223244d1,"[1, 128, 512]",inputs_embeds,paper_style_feedback_dynamics,EleutherAI/pythia-70m,7.905992970336229e-05,direct,fixed_random,35.42772674560547,35.42778015136719,1.0,0,128,1193.0535888671875,0.004498662892729044,20,final_hidden,2026-07-10T14:47:28.970617+00:00,nonpad_flattened,EleutherAI/pythia-70m,0.035978097974034104,0.036945935305774835
3584,64,0,16,main,wikitext,wikitext-2-raw-v1,validation,cuda,float32,64,pythia_dynamical_edge_normal,26b7b5702e85f3f48652a95f9be74e23223244d1,"[1, 128, 512]",inputs_embeds,paper_style_feedback_dynamics,EleutherAI/pythia-70m,7.923843077151105e-05,direct,fixed_random,35.42768478393555,35.42772674560547,1.0,0,128,1193.0538330078125,0.003561657154932618,21,final_hidden,2026-07-10T14:47:28.970617+00:00,nonpad_flattened,EleutherAI/pythia-70m,0.036945935305774835,0.037701651744609654
3584,64,0,16,main,wikitext,wikitext-2-raw-v1,validation,cuda,float32,64,pythia_dynamical_edge_normal,26b7b5702e85f3f48652a95f9be74e23223244d1,"[1, 128, 512]",inputs_embeds,paper_style_feedback_dynamics,EleutherAI/pythia-70m,8.039895328693092e-05,direct,fixed_random,35.427650451660156,35.42768478393555,1.0,0,128,1193.053955078125,0.002809894736856222,22,final_hidden,2026-07-10T14:47:28.970617+00:00,nonpad_flattened,EleutherAI/pythia-70m,0.037701651744609654,0.038345981694223645
3584,64,0,16,main,wikitext,wikitext-2-raw-v1,validation,cuda,float32,64,pythia_dynamical_edge_normal,26b7b5702e85f3f48652a95f9be74e23223244d1,"[1, 128, 512]",inputs_embeds,paper_style_feedback_dynamics,EleutherAI/pythia-70m,8.328514377353713e-05,direct,fixed_random,35.42761993408203,35.427650451660156,1.0,0,128,1193.05419921875,0.0022100387141108513,23,final_hidden,2026-07-10T14:47:28.970617+00:00,nonpad_flattened,EleutherAI/pythia-70m,0.038345981694223645,0.038825155365745836
3584,64,0,16,main,wikitext,wikitext-2-raw-v1,validation,cuda,float32,64,pythia_dynamical_edge_normal,26b7b5702e85f3f48652a95f9be74e23223244d1,"[1, 128, 512]",inputs_embeds,paper_style_feedback_dynamics,EleutherAI/pythia-70m,8.350302232429385e-05,direct,fixed_random,35.4276008605957,35.42761993408203,1.0,0,128,1193.0543212890625,0.001746480935253203,24,final_hidden,2026-07-10T14:47:28.970617+00:00,nonpad_flattened,EleutherAI/pythia-70m,0.038825155365745836,0.039161327671932866
3584,64,0,16,main,wikitext,wikitext-2-raw-v1,validation,cuda,float32,64,pythia_dynamical_edge_normal,26b7b5702e85f3f48652a95f9be74e23223244d1,"[1, 128, 512]",inputs_embeds,paper_style_feedback_dynamics,EleutherAI/pythia-70m,8.452108886558563e-05,direct,fixed_random,35.42758560180664,35.4276008605957,1.0,0,128,1193.0543212890625,0.001396132167428732,25,final_hidden,2026-07-10T14:47:28.970617+00:00,nonpad_flattened,EleutherAI/pythia-70m,0.039161327671932866,0.03948365874460479
3584,64,0,16,main,wikitext,wikitext-2-raw-v1,validation,cuda,float32,64,pythia_dynamical_edge_normal,26b7b5702e85f3f48652a95f9be74e23223244d1,"[1, 128, 512]",inputs_embeds,paper_style_feedback_dynamics,EleutherAI/pythia-70m,8.655233978061005e-05,direct,fixed_random,35.42757034301758,35.42758560180664,1.0,0,128,1193.054443359375,0.0010960310464724898,26,final_hidden,2026-07-10T14:47:28.970617+00:00,nonpad_flattened,EleutherAI/pythia-70m,0.03948365874460479,0.039706874629641196
3584,64,0,16,main,wikitext,wikitext-2-raw-v1,validation,cuda,float32,64,pythia_dynamical_edge_normal,26b7b5702e85f3f48652a95f9be74e23223244d1,"[1, 128, 512]",inputs_embeds,paper_style_feedback_dynamics,EleutherAI/pythia-70m,7.830767572158948e-05,direct,fixed_random,35.42755889892578,35.42757034301758,1.0,0,128,1193.054443359375,0.0008634022087790072,27,final_hidden,2026-07-10T14:47:28.970617+00:00,nonpad_flattened,EleutherAI/pythia-70m,0.039706874629641196,0.03990344078430811
3584,64,0,16,main,wikitext,wikitext-2-raw-v1,validation,cuda,float32,64,pythia_dynamical_edge_normal,26b7b5702e85f3f48652a95f9be74e23223244d1,"[1, 128, 512]",inputs_embeds,paper_style_feedback_dynamics,EleutherAI/pythia-70m,7.470612763427198e-05,direct,fixed_random,35.427555084228516,35.42755889892578,1.0,0,128,1193.0545654296875,0.0006943696062080562,28,final_hidden,2026-07-10T14:47:28.970617+00:00,nonpad_flattened,EleutherAI/pythia-70m,0.03990344078430811,0.04010785184407239
3584,64,0,16,main,wikitext,wikitext-2-raw-v1,validation,cuda,float32,64,pythia_dynamical_edge_normal,26b7b5702e85f3f48652a95f9be74e23223244d1,"[1, 128, 512]",inputs_embeds,paper_style_feedback_dynamics,EleutherAI/pythia-70m,7.15393471182324e-05,direct,fixed_random,35.42754364013672,35.427555084228516,1.0,0,128,1193.0546875,0.0005171612720005214,29,final_hidden,2026-07-10T14:47:28.970617+00:00,nonpad_flattened,EleutherAI/pythia-70m,0.04010785184407239,0.04018920854857516
3584,64,0,16,main,wikitext,wikitext-2-raw-v1,validation,cuda,float32,64,pythia_dynamical_edge_normal,26b7b5702e85f3f48652a95f9be74e23223244d1,"[1, 128, 512]",inputs_embeds,paper_style_feedback_dynamics,EleutherAI/pythia-70m,6.824250885983929e-05,direct,fixed_random,35.42754364013672,35.42754364013672,1.0,0,128,1193.0546875,0.0004323737812228501,30,final_hidden,2026-07-10T14:47:28.970617+00:00,nonpad_flattened,EleutherAI/pythia-70m,0.04018920854857516,0.04026190434170957
3584,64,0,16,main,wikitext,wikitext-2-raw-v1,validation,cuda,float32,64,pythia_dynamical_edge_normal,26b7b5702e85f3f48652a95f9be74e23223244d1,"[1, 128, 512]",inputs_embeds,paper_style_feedback_dynamics,EleutherAI/pythia-70m,6.945366476429626e-05,direct,fixed_random,35.42754364013672,35.42754364013672,1.0,0,128,1193.0546875,0.0003566123778000474,31,final_hidden,2026-07-10T14:47:28.970617+00:00,nonpad_flattened,EleutherAI/pythia-70m,0.04026190434170957,0.04034613201808161
3584,64,0,16,main,wikitext,wikitext-2-raw-v1,validation,cuda,float32,64,pythia_dynamical_edge_normal,26b7b5702e85f3f48652a95f9be74e23223244d1,"[1, 128, 512]",inputs_embeds,paper_style_feedback_dynamics,EleutherAI/pythia-70m,6.905797636136413e-05,direct,fixed_random,35.42753601074219,35.42754364013672,1.0,0,128,1193.0546875,0.00026883280952461064,32,final_hidden,2026-07-10T14:47:28.970617+00:00,nonpad_flattened,EleutherAI/pythia-70m,0.04034613201808161,0.040446807390330394
3584,64,0,16,main,wikitext,wikitext-2-raw-v1,validation,cuda,float32,64,pythia_dynamical_edge_normal,26b7b5702e85f3f48652a95f9be74e23223244d1,"[1, 128, 512]",inputs_embeds,paper_style_feedback_dynamics,EleutherAI/pythia-70m,6.959851452847943e-05,direct,fixed_random,35.42753219604492,35.42753601074219,1.0,0,128,1193.0548095703125,0.00019973466987721622,33,final_hidden,2026-07-10T14:47:28.970617+00:00,nonpad_flattened,EleutherAI/pythia-70m,0.040446807390330394,0.040444390171886745
3584,64,0,16,main,wikitext,wikitext-2-raw-v1,validation,cuda,float32,64,pythia_dynamical_edge_normal,26b7b5702e85f3f48652a95f9be74e23223244d1,"[1, 128, 512]",inputs_embeds,paper_style_feedback_dynamics,EleutherAI/pythia-70m,8.245209755841643e-05,direct,fixed_random,35.42753601074219,35.42753219604492,1.0,0,128,1193.0546875,0.0001664309238549322,34,final_hidden,2026-07-10T14:47:28.970617+00:00,nonpad_flattened,EleutherAI/pythia-70m,0.040444390171886745,0.04045002448049343
3584,64,0,16,main,wikitext,wikitext-2-raw-v1,validation,cuda,float32,64,pythia_dynamical_edge_normal,26b7b5702e85f3f48652a95f9be74e23223244d1,"[1, 128, 512]",inputs_embeds,paper_style_feedback_dynamics,EleutherAI/pythia-70m,9.705402771942317e-05,direct,fixed_random,35.427528381347656,35.42753601074219,1.0,0,128,1193.0546875,0.000160558833158575,35,final_hidden,2026-07-10T14:47:28.970617+00:00,nonpad_flattened,EleutherAI/pythia-70m,0.04045002448049343,0.04047507229354497
3584,64,0,16,main,wikitext,wikitext-2-raw-v1,validation,cuda,float32,64,pythia_dynamical_edge_normal,26b7b5702e85f3f48652a95f9be74e23223244d1,"[1, 128, 512]",inputs_embeds,paper_style_feedback_dynamics,EleutherAI/pythia-70m,9.589562250766903e-05,direct,fixed_random,35.427528381347656,35.427528381347656,1.0,0,128,1193.0546875,0.0001344547636108473,36,final_hidden,2026-07-10T14:47:28.970617+00:00,nonpad_flattened,EleutherAI/pythia-70m,0.04047507229354497,0.04048207734495981
3584,64,0,16,main,wikitext,wikitext-2-raw-v1,validation,cuda,float32,64,pythia_dynamical_edge_normal,26b7b5702e85f3f48652a95f9be74e23223244d1,"[1, 128, 512]",inputs_embeds,paper_style_feedback_dynamics,EleutherAI/pythia-70m,8.7152817286551e-05,direct,fixed_random,35.427528381347656,35.427528381347656,1.0,0,128,1193.0546875,0.00012715441698674113,37,final_hidden,2026-07-10T14:47:28.970617+00:00,nonpad_flattened,EleutherAI/pythia-70m,0.04048207734495981,0.04049234179010261
3584,64,0,16,main,wikitext,wikitext-2-raw-v1,validation,cuda,float32,64,pythia_dynamical_edge_normal,26b7b5702e85f3f48652a95f9be74e23223244d1,"[1, 128, 512]",inputs_embeds,paper_style_feedback_dynamics,EleutherAI/pythia-70m,9.908052015816793e-05,direct,fixed_random,35.42752456665039,35.427528381347656,1.0,0,128,1193.0546875,0.0001164569694083184,38,final_hidden,2026-07-10T14:47:28.970617+00:00,nonpad_flattened,EleutherAI/pythia-70m,0.04049234179010261,0.0404920674852283
3584,64,0,16,main,wikitext,wikitext-2-raw-v1,validation,cuda,float32,64,pythia_dynamical_edge_normal,26b7b5702e85f3f48652a95f9be74e23223244d1,"[1, 128, 512]",inputs_embeds,paper_style_feedback_dynamics,EleutherAI/pythia-70m,9.033492096932605e-05,direct,fixed_random,35.42752456665039,35.42752456665039,1.0,0,128,1193.0546875,0.00011674295092234388,39,final_hidden,2026-07-10T14:47:28.970617+00:00,nonpad_flattened,EleutherAI/pythia-70m,0.0404920674852283,0.04050102960499794
3584,64,0,16,main,wikitext,wikitext-2-raw-v1,validation,cuda,float32,64,pythia_dynamical_edge_normal,26b7b5702e85f3f48652a95f9be74e23223244d1,"[1, 128, 512]",inputs_embeds,paper_style_feedback_dynamics,EleutherAI/pythia-70m,9.077110007638112e-05,direct,fixed_random,35.42752456665039,35.42752456665039,1.0,0,128,1193.0546875,0.00010740289144450799,40,final_hidden,2026-07-10T14:47:28.970617+00:00,nonpad_flattened,EleutherAI/pythia-70m,0.04050102960499794,0.040512571301061714
3584,64,0,16,main,wikitext,wikitext-2-raw-v1,validation,cuda,float32,64,pythia_dynamical_edge_normal,26b7b5702e85f3f48652a95f9be74e23223244d1,"[1, 128, 512]",inputs_embeds,paper_style_feedback_dynamics,EleutherAI/pythia-70m,9.409737685928121e-05,direct,fixed_random,35.42752456665039,35.42752456665039,1.0,0,128,1193.0546875,9.537443838780746e-05,41,final_hidden,2026-07-10T14:47:28.970617+00:00,nonpad_flattened,EleutherAI/pythia-70m,0.040512571301061714,0.040525613795937644
3584,64,0,16,main,wikitext,wikitext-2-raw-v1,validation,cuda,float32,64,pythia_dynamical_edge_normal,26b7b5702e85f3f48652a95f9be74e23223244d1,"[1, 128, 512]",inputs_embeds,paper_style_feedback_dynamics,EleutherAI/pythia-70m,8.308987162308767e-05,direct,fixed_random,35.42752456665039,35.42752456665039,1.0,0,128,1193.0546875,8.178207644959912e-05,42,final_hidden,2026-07-10T14:47:28.970617+00:00,nonpad_flattened,EleutherAI/pythia-70m,0.040525613795937644,0.04054622301166704
3584,64,0,16,main,wikitext,wikitext-2-raw-v1,validation,cuda,float32,64,pythia_dynamical_edge_normal,26b7b5702e85f3f48652a95f9be74e23223244d1,"[1, 128, 512]",inputs_embeds,paper_style_feedback_dynamics,EleutherAI/pythia-70m,8.339477790286765e-05,direct,fixed_random,35.42752456665039,35.42752456665039,1.0,0,128,1193.0546875,6.0303762438707054e-05,43,final_hidden,2026-07-10T14:47:28.970617+00:00,nonpad_flattened,EleutherAI/pythia-70m,0.04054622301166704,0.04055262308272103
3584,64,0,16,main,wikitext,wikitext-2-raw-v1,validation,cuda,float32,64,pythia_dynamical_edge_normal,26b7b5702e85f3f48652a95f9be74e23223244d1,"[1, 128, 512]",inputs_embeds,paper_style_feedback_dynamics,EleutherAI/pythia-70m,7.974061009008437e-05,direct,fixed_random,35.427520751953125,35.42752456665039,1.0,0,128,1193.0546875,5.3633844800060615e-05,44,final_hidden,2026-07-10T14:47:28.970617+00:00,nonpad_flattened,EleutherAI/pythia-70m,0.04055262308272103,0.04055729937809114
3584,64,0,16,main,wikitext,wikitext-2-raw-v1,validation,cuda,float32,64,pythia_dynamical_edge_normal,26b7b5702e85f3f48652a95f9be74e23223244d1,"[1, 128, 512]",inputs_embeds,paper_style_feedback_dynamics,EleutherAI/pythia-70m,8.549009362468496e-05,direct,fixed_random,35.427520751953125,35.427520751953125,1.0,0,128,1193.0546875,4.87602774228435e-05,45,final_hidden,2026-07-10T14:47:28.970617+00:00,nonpad_flattened,EleutherAI/pythia-70m,0.04055729937809114,0.04055546772825953
3584,64,0,16,main,wikitext,wikitext-2-raw-v1,validation,cuda,float32,64,pythia_dynamical_edge_normal,26b7b5702e85f3f48652a95f9be74e23223244d1,"[1, 128, 512]",inputs_embeds,paper_style_feedback_dynamics,EleutherAI/pythia-70m,7.992871542228386e-05,direct,fixed_random,35.427520751953125,35.427520751953125,1.0,0,128,1193.0546875,5.066923768026754e-05,46,final_hidden,2026-07-10T14:47:28.970617+00:00,nonpad_flattened,EleutherAI/pythia-70m,0.04055546772825953,0.04056198817733
3584,64,0,16,main,wikitext,wikitext-2-raw-v1,validation,cuda,float32,64,pythia_dynamical_edge_normal,26b7b5702e85f3f48652a95f9be74e23223244d1,"[1, 128, 512]",inputs_embeds,paper_style_feedback_dynamics,EleutherAI/pythia-70m,7.608876330778003e-05,direct,fixed_random,35.427520751953125,35.427520751953125,1.0,0,128,1193.0546875,4.387386798043735e-05,47,final_hidden,2026-07-10T14:47:28.970617+00:00,nonpad_flattened,EleutherAI/pythia-70m,0.04056198817733,0.040547215361089656
3584,64,0,16,main,wikitext,wikitext-2-raw-v1,validation,cuda,float32,64,pythia_dynamical_edge_normal,26b7b5702e85f3f48652a95f9be74e23223244d1,"[1, 128, 512]",inputs_embeds,paper_style_feedback_dynamics,EleutherAI/pythia-70m,8.546372555429116e-05,direct,fixed_random,35.427520751953125,35.427520751953125,1.0,0,128,1193.0546875,5.9269539633532986e-05,48,final_hidden,2026-07-10T14:47:28.970617+00:00,nonpad_flattened,EleutherAI/pythia-70m,0.040547215361089656,0.04053231406938155
3584,64,0,16,main,wikitext,wikitext-2-raw-v1,validation,cuda,float32,64,pythia_dynamical_edge_normal,26b7b5702e85f3f48652a95f9be74e23223244d1,"[1, 128, 512]",inputs_embeds,paper_style_feedback_dynamics,EleutherAI/pythia-70m,9.288884029956535e-05,direct,fixed_random,35.42752456665039,35.427520751953125,1.0,0,128,1193.0546875,7.479912892449647e-05,49,final_hidden,2026-07-10T14:47:28.970617+00:00,nonpad_flattened,EleutherAI/pythia-70m,0.04053231406938155,0.04054785215180558
3584,64,0,16,main,wikitext,wikitext-2-raw-v1,validation,cuda,float32,64,pythia_dynamical_edge_normal,26b7b5702e85f3f48652a95f9be74e23223244d1,"[1, 128, 512]",inputs_embeds,paper_style_feedback_dynamics,EleutherAI/pythia-70m,7.783962064422667e-05,direct,fixed_random,35.427528381347656,35.42752456665039,1.0,0,128,1193.0546875,5.860599048901349e-05,50,final_hidden,2026-07-10T14:47:28.970617+00:00,nonpad_flattened,EleutherAI/pythia-70m,0.04054785215180558,0.04056407959029234
3584,64,0,16,main,wikitext,wikitext-2-raw-v1,validation,cuda,float32,64,pythia_dynamical_edge_normal,26b7b5702e85f3f48652a95f9be74e23223244d1,"[1, 128, 512]",inputs_embeds,paper_style_feedback_dynamics,EleutherAI/pythia-70m,7.895981980254874e-05,direct,fixed_random,35.42752456665039,35.427528381347656,1.0,0,128,1193.0546875,4.169422390987165e-05,51,final_hidden,2026-07-10T14:47:28.970617+00:00,nonpad_flattened,EleutherAI/pythia-70m,0.04056407959029234,0.040563738054261854
3584,64,0,16,main,wikitext,wikitext-2-raw-v1,validation,cuda,float32,64,pythia_dynamical_edge_normal,26b7b5702e85f3f48652a95f9be74e23223244d1,"[1, 128, 512]",inputs_embeds,paper_style_feedback_dynamics,EleutherAI/pythia-70m,7.9448422184214e-05,direct,fixed_random,35.42752456665039,35.42752456665039,1.0,0,128,1193.0546875,4.205015648039989e-05,52,final_hidden,2026-07-10T14:47:28.970617+00:00,nonpad_flattened,EleutherAI/pythia-70m,0.040563738054261854,0.04055404724067682
3584,64,0,16,main,wikitext,wikitext-2-raw-v1,validation,cuda,float32,64,pythia_dynamical_edge_normal,26b7b5702e85f3f48652a95f9be74e23223244d1,"[1, 128, 512]",inputs_embeds,paper_style_feedback_dynamics,EleutherAI/pythia-70m,8.006054122233763e-05,direct,fixed_random,35.42752456665039,35.42752456665039,1.0,0,128,1193.0546875,5.2149625844322145e-05,53,final_hidden,2026-07-10T14:47:28.970617+00:00,nonpad_flattened,EleutherAI/pythia-70m,0.04055404724067682,0.04053805332230031
3584,64,0,16,main,wikitext,wikitext-2-raw-v1,validation,cuda,float32,64,pythia_dynamical_edge_normal,26b7b5702e85f3f48652a95f9be74e23223244d1,"[1, 128, 512]",inputs_embeds,paper_style_feedback_dynamics,EleutherAI/pythia-70m,8.610999066149816e-05,direct,fixed_random,35.427520751953125,35.42752456665039,1.0,0,128,1193.0546875,6.88179352437146e-05,54,final_hidden,2026-07-10T14:47:28.970617+00:00,nonpad_flattened,EleutherAI/pythia-70m,0.04053805332230031,0.04054240015311614
3584,64,0,16,main,wikitext,wikitext-2-raw-v1,validation,cuda,float32,64,pythia_dynamical_edge_normal,26b7b5702e85f3f48652a95f9be74e23223244d1,"[1, 128, 512]",inputs_embeds,paper_style_feedback_dynamics,EleutherAI/pythia-70m,8.065642032306641e-05,direct,fixed_random,35.42752456665039,35.427520751953125,1.0,0,128,1193.0546875,6.428786582546309e-05,55,final_hidden,2026-07-10T14:47:28.970617+00:00,nonpad_flattened,EleutherAI/pythia-70m,0.04054240015311614,0.040547512554565915
3584,64,0,16,main,wikitext,wikitext-2-raw-v1,validation,cuda,float32,64,pythia_dynamical_edge_normal,26b7b5702e85f3f48652a95f9be74e23223244d1,"[1, 128, 512]",inputs_embeds,paper_style_feedback_dynamics,EleutherAI/pythia-70m,7.471246499335393e-05,direct,fixed_random,35.427520751953125,35.42752456665039,1.0,0,128,1193.0546875,5.895994763704948e-05,56,final_hidden,2026-07-10T14:47:28.970617+00:00,nonpad_flattened,EleutherAI/pythia-70m,0.040547512554565915,0.04055474643403767
3584,64,0,16,main,wikitext,wikitext-2-raw-v1,validation,cuda,float32,64,pythia_dynamical_edge_normal,26b7b5702e85f3f48652a95f9be74e23223244d1,"[1, 128, 512]",inputs_embeds,paper_style_feedback_dynamics,EleutherAI/pythia-70m,6.967949593672529e-05,direct,fixed_random,35.427520751953125,35.427520751953125,1.0,0,128,1193.0546875,5.1421076932456344e-05,57,final_hidden,2026-07-10T14:47:28.970617+00:00,nonpad_flattened,EleutherAI/pythia-70m,0.04055474643403767,0.040548256494966746
3584,64,0,16,main,wikitext,wikitext-2-raw-v1,validation,cuda,float32,64,pythia_dynamical_edge_normal,26b7b5702e85f3f48652a95f9be74e23223244d1,"[1, 128, 512]",inputs_embeds,paper_style_feedback_dynamics,EleutherAI/pythia-70m,8.27927578939125e-05,direct,fixed_random,35.427520751953125,35.427520751953125,1.0,0,128,1193.0546875,5.8184534282190725e-05,58,final_hidden,2026-07-10T14:47:28.970617+00:00,nonpad_flattened,EleutherAI/pythia-70m,0.040548256494966746,0.04054366011711711
3584,64,0,16,main,wikitext,wikitext-2-raw-v1,validation,cuda,float32,64,pythia_dynamical_edge_normal,26b7b5702e85f3f48652a95f9be74e23223244d1,"[1, 128, 512]",inputs_embeds,paper_style_feedback_dynamics,EleutherAI/pythia-70m,7.851910049794242e-05,direct,fixed_random,35.42752456665039,35.427520751953125,1.0,0,128,1193.0546875,6.297479558270425e-05,59,final_hidden,2026-07-10T14:47:28.970617+00:00,nonpad_flattened,EleutherAI/pythia-70m,0.04054366011711711,0.0405330128188374
3584,64,0,16,main,wikitext,wikitext-2-raw-v1,validation,cuda,float32,64,pythia_dynamical_edge_normal,26b7b5702e85f3f48652a95f9be74e23223244d1,"[1, 128, 512]",inputs_embeds,paper_style_feedback_dynamics,EleutherAI/pythia-70m,8.109853661153466e-05,direct,fixed_random,35.427520751953125,35.42752456665039,1.0,0,128,1193.0546875,7.407106022583321e-05,60,final_hidden,2026-07-10T14:47:28.970617+00:00,nonpad_flattened,EleutherAI/pythia-70m,0.0405330128188374,0.04053468455194976
3584,64,0,16,main,wikitext,wikitext-2-raw-v1,validation,cuda,float32,64,pythia_dynamical_edge_normal,26b7b5702e85f3f48652a95f9be74e23223244d1,"[1, 128, 512]",inputs_embeds,paper_style_feedback_dynamics,EleutherAI/pythia-70m,8.557329420000315e-05,direct,fixed_random,35.427520751953125,35.427520751953125,1.0,0,128,1193.0546875,7.232877396745607e-05,61,final_hidden,2026-07-10T14:47:28.970617+00:00,nonpad_flattened,EleutherAI/pythia-70m,0.04053468455194976,0.0405481784289095
3584,64,0,16,main,wikitext,wikitext-2-raw-v1,validation,cuda,float32,64,pythia_dynamical_edge_normal,26b7b5702e85f3f48652a95f9be74e23223244d1,"[1, 128, 512]",inputs_embeds,paper_style_feedback_dynamics,EleutherAI/pythia-70m,7.82890128903091e-05,direct,fixed_random,35.42752456665039,35.427520751953125,1.0,0,128,1193.0546875,5.826594860991463e-05,62,final_hidden,2026-07-10T14:47:28.970617+00:00,nonpad_flattened,EleutherAI/pythia-70m,0.0405481784289095,0.0405646645688856
65536,64,1,16,main,wikitext,wikitext-2-raw-v1,validation,cuda,float32,64,pythia_dynamical_edge_normal,26b7b5702e85f3f48652a95f9be74e23223244d1,"[1, 128, 512]",inputs_embeds,paper_style_feedback_dynamics,EleutherAI/pythia-70m,0.0005579235148616135,direct,fixed_random,38.162994384765625,38.15309143066406,1.0,1,128,5100.978515625,2.468066930770874,0,final_hidden,2026-07-10T14:47:28.970617+00:00,nonpad_flattened,EleutherAI/pythia-70m,-2.3874836246459066,-1.833129353529975
65536,64,1,16,main,wikitext,wikitext-2-raw-v1,validation,cuda,float32,64,pythia_dynamical_edge_normal,26b7b5702e85f3f48652a95f9be74e23223244d1,"[1, 128, 512]",inputs_embeds,paper_style_feedback_dynamics,EleutherAI/pythia-70m,0.000490630220156163,direct,fixed_random,38.17085266113281,38.162994384765625,1.0,1,128,5101.14404296875,1.9389222860336304,1,final_hidden,2026-07-10T14:47:28.970617+00:00,nonpad_flattened,EleutherAI/pythia-70m,-1.833129353529975,-1.3996774732788606
65536,64,1,16,main,wikitext,wikitext-2-raw-v1,validation,cuda,float32,64,pythia_dynamical_edge_normal,26b7b5702e85f3f48652a95f9be74e23223244d1,"[1, 128, 512]",inputs_embeds,paper_style_feedback_dynamics,EleutherAI/pythia-70m,0.0004399034660309553,direct,fixed_random,38.17707824707031,38.17085266113281,1.0,1,128,5101.271484375,1.524596929550171,2,final_hidden,2026-07-10T14:47:28.970617+00:00,nonpad_flattened,EleutherAI/pythia-70m,-1.3996774732788606,-1.0601110974411743
65536,64,1,16,main,wikitext,wikitext-2-raw-v1,validation,cuda,float32,64,pythia_dynamical_edge_normal,26b7b5702e85f3f48652a95f9be74e23223244d1,"[1, 128, 512]",inputs_embeds,paper_style_feedback_dynamics,EleutherAI/pythia-70m,0.00041237848927266896,direct,fixed_random,38.1820182800293,38.17707824707031,1.0,1,128,5101.3701171875,1.1996592283248901,3,final_hidden,2026-07-10T14:47:28.970617+00:00,nonpad_flattened,EleutherAI/pythia-70m,-1.0601110974411743,-0.7938060260075475
65536,64,1,16,main,wikitext,wikitext-2-raw-v1,validation,cuda,float32,64,pythia_dynamical_edge_normal,26b7b5702e85f3f48652a95f9be74e23223244d1,"[1, 128, 512]",inputs_embeds,paper_style_feedback_dynamics,EleutherAI/pythia-70m,0.0003710986056830734,direct,fixed_random,38.18592834472656,38.1820182800293,1.0,1,128,5101.4462890625,0.9444786906242371,4,final_hidden,2026-07-10T14:47:28.970617+00:00,nonpad_flattened,EleutherAI/pythia-70m,-0.7938060260075475,-0.5845721263622401
65536,64,1,16,main,wikitext,wikitext-2-raw-v1,validation,cuda,float32,64,pythia_dynamical_edge_normal,26b7b5702e85f3f48652a95f9be74e23223244d1,"[1, 128, 512]",inputs_embeds,paper_style_feedback_dynamics,EleutherAI/pythia-70m,0.00036274653393775225,direct,fixed_random,38.18902587890625,38.18592834472656,1.0,1,128,5101.505859375,0.7439035177230835,5,final_hidden,2026-07-10T14:47:28.970617+00:00,nonpad_flattened,EleutherAI/pythia-70m,-0.5845721263622401,-0.42024078108108925
65536,64,1,16,main,wikitext,wikitext-2-raw-v1,validation,cuda,float32,64,pythia_dynamical_edge_normal,26b7b5702e85f3f48652a95f9be74e23223244d1,"[1, 128, 512]",inputs_embeds,paper_style_feedback_dynamics,EleutherAI/pythia-70m,0.0003573800204321742,direct,fixed_random,38.19147491455078,38.18902587890625,1.0,1,128,5101.5517578125,0.5861110687255859,6,final_hidden,2026-07-10T14:47:28.970617+00:00,nonpad_flattened,EleutherAI/pythia-70m,-0.42024078108108925,-0.2910336630639961
65536,64,1,16,main,wikitext,wikitext-2-raw-v1,validation,cuda,float32,64,pythia_dynamical_edge_normal,26b7b5702e85f3f48652a95f9be74e23223244d1,"[1, 128, 512]",inputs_embeds,paper_style_feedback_dynamics,EleutherAI/pythia-70m,0.00034771233913488686,direct,fixed_random,38.193416595458984,38.19147491455078,1.0,1,128,5101.58740234375,0.4619145095348358,7,final_hidden,2026-07-10T14:47:28.970617+00:00,nonpad_flattened,EleutherAI/pythia-70m,-0.2910336630639961,-0.18921844411785058
65536,64,1,16,main,wikitext,wikitext-2-raw-v1,validation,cuda,float32,64,pythia_dynamical_edge_normal,26b7b5702e85f3f48652a95f9be74e23223244d1,"[1, 128, 512]",inputs_embeds,paper_style_feedback_dynamics,EleutherAI/pythia-70m,0.0003406743926461786,direct,fixed_random,38.194950103759766,38.193416595458984,1.0,1,128,5101.61572265625,0.3641161024570465,8,final_hidden,2026-07-10T14:47:28.970617+00:00,nonpad_flattened,EleutherAI/pythia-70m,-0.18921844411785058,-0.10909322984853462
65536,64,1,16,main,wikitext,wikitext-2-raw-v1,validation,cuda,float32,64,pythia_dynamical_edge_normal,26b7b5702e85f3f48652a95f9be74e23223244d1,"[1, 128, 512]",inputs_embeds,paper_style_feedback_dynamics,EleutherAI/pythia-70m,0.00035891187144443393,direct,fixed_random,38.19617462158203,38.194950103759766,1.0,1,128,5101.6376953125,0.28705930709838867,9,final_hidden,2026-07-10T14:47:28.970617+00:00,nonpad_flattened,EleutherAI/pythia-70m,-0.10909322984853462,-0.046031811942614714
65536,64,1,16,main,wikitext,wikitext-2-raw-v1,validation,cuda,float32,64,pythia_dynamical_edge_normal,26b7b5702e85f3f48652a95f9be74e23223244d1,"[1, 128, 512]",inputs_embeds,paper_style_feedback_dynamics,EleutherAI/pythia-70m,0.00034039653837680817,direct,fixed_random,38.197139739990234,38.19617462158203,1.0,1,128,5101.65478515625,0.22635290026664734,10,final_hidden,2026-07-10T14:47:28.970617+00:00,nonpad_flattened,EleutherAI/pythia-70m,-0.046031811942614714,0.00358180148892684
65536,64,1,16,main,wikitext,wikitext-2-raw-v1,validation,cuda,float32,64,pythia_dynamical_edge_normal,26b7b5702e85f3f48652a95f9be74e23223244d1,"[1, 128, 512]",inputs_embeds,paper_style_feedback_dynamics,EleutherAI/pythia-70m,0.0003398879198357463,direct,fixed_random,38.197898864746094,38.197139739990234,1.0,1,128,5101.66796875,0.17851492762565613,11,final_hidden,2026-07-10T14:47:28.970617+00:00,nonpad_flattened,EleutherAI/pythia-70m,0.00358180148892684,0.04268655469860828
65536,64,1,16,main,wikitext,wikitext-2-raw-v1,validation,cuda,float32,64,pythia_dynamical_edge_normal,26b7b5702e85f3f48652a95f9be74e23223244d1,"[1, 128, 512]",inputs_embeds,paper_style_feedback_dynamics,EleutherAI/pythia-70m,0.0003428594209253788,direct,fixed_random,38.19850540161133,38.197898864746094,1.0,1,128,5101.67822265625,0.14076927304267883,12,final_hidden,2026-07-10T14:47:28.970617+00:00,nonpad_flattened,EleutherAI/pythia-70m,0.04268655469860828,0.07355743204013424
65536,64,1,16,main,wikitext,wikitext-2-raw-v1,validation,cuda,float32,64,pythia_dynamical_edge_normal,26b7b5702e85f3f48652a95f9be74e23223244d1,"[1, 128, 512]",inputs_embeds,paper_style_feedback_dynamics,EleutherAI/pythia-70m,0.00034298322862014174,direct,fixed_random,38.198974609375,38.19850540161133,1.0,1,128,5101.6865234375,0.11103200912475586,13,final_hidden,2026-07-10T14:47:28.970617+00:00,nonpad_flattened,EleutherAI/pythia-70m,0.07355743204013424,0.09784949383626856
65536,64,1,16,main,wikitext,wikitext-2-raw-v1,validation,cuda,float32,64,pythia_dynamical_edge_normal,26b7b5702e85f3f48652a95f9be74e23223244d1,"[1, 128, 512]",inputs_embeds,paper_style_feedback_dynamics,EleutherAI/pythia-70m,0.0003364634467288852,direct,fixed_random,38.19935607910156,38.198974609375,1.0,1,128,5101.69287109375,0.0875777080655098,14,final_hidden,2026-07-10T14:47:28.970617+00:00,nonpad_flattened,EleutherAI/pythia-70m,0.09784949383626856,0.11695570592917306
65536,64,1,16,main,wikitext,wikitext-2-raw-v1,validation,cuda,float32,64,pythia_dynamical_edge_normal,26b7b5702e85f3f48652a95f9be74e23223244d1,"[1, 128, 512]",inputs_embeds,paper_style_feedback_dynamics,EleutherAI/pythia-70m,0.00032506996649317443,direct,fixed_random,38.199649810791016,38.19935607910156,1.0,1,128,5101.69775390625,0.06909807026386261,15,final_hidden,2026-07-10T14:47:28.970617+00:00,nonpad_flattened,EleutherAI/pythia-70m,0.11695570592917306,0.13221449775035693
65536,64,1,16,main,wikitext,wikitext-2-raw-v1,validation,cuda,float32,64,pythia_dynamical_edge_normal,26b7b5702e85f3f48652a95f9be74e23223244d1,"[1, 128, 512]",inputs_embeds,paper_style_feedback_dynamics,EleutherAI/pythia-70m,0.0003268249274697155,direct,fixed_random,38.19989013671875,38.199649810791016,1.0,1,128,5101.7021484375,0.054485540837049484,16,final_hidden,2026-07-10T14:47:28.970617+00:00,nonpad_flattened,EleutherAI/pythia-70m,0.13221449775035693,0.14405275976490306
65536,64,1,16,main,wikitext,wikitext-2-raw-v1,validation,cuda,float32,64,pythia_dynamical_edge_normal,26b7b5702e85f3f48652a95f9be74e23223244d1,"[1, 128, 512]",inputs_embeds,paper_style_feedback_dynamics,EleutherAI/pythia-70m,0.00032149284379556775,direct,fixed_random,38.200077056884766,38.19989013671875,1.0,1,128,5101.705078125,0.043007299304008484,17,final_hidden,2026-07-10T14:47:28.970617+00:00,nonpad_flattened,EleutherAI/pythia-70m,0.14405275976490306,0.15347262117982413
65536,64,1,16,main,wikitext,wikitext-2-raw-v1,validation,cuda,float32,64,pythia_dynamical_edge_normal,26b7b5702e85f3f48652a95f9be74e23223244d1,"[1, 128, 512]",inputs_embeds,paper_style_feedback_dynamics,EleutherAI/pythia-70m,0.0003324145800434053,direct,fixed_random,38.200225830078125,38.200077056884766,1.0,1,128,5101.70751953125,0.03390638902783394,18,final_hidden,2026-07-10T14:47:28.970617+00:00,nonpad_flattened,EleutherAI/pythia-70m,0.15347262117982413,0.16086860958626678
65536,64,1,16,main,wikitext,wikitext-2-raw-v1,validation,cuda,float32,64,pythia_dynamical_edge_normal,26b7b5702e85f3f48652a95f9be74e23223244d1,"[1, 128, 512]",inputs_embeds,paper_style_feedback_dynamics,EleutherAI/pythia-70m,0.0003357637906447053,direct,fixed_random,38.20033264160156,38.200225830078125,1.0,1,128,5101.70947265625,0.026771510019898415,19,final_hidden,2026-07-10T14:47:28.970617+00:00,nonpad_flattened,EleutherAI/pythia-70m,0.16086860958626678,0.16670636587584325
65536,64,1,16,main,wikitext,wikitext-2-raw-v1,validation,cuda,float32,64,pythia_dynamical_edge_normal,26b7b5702e85f3f48652a95f9be74e23223244d1,"[1, 128, 512]",inputs_embeds,paper_style_feedback_dynamics,EleutherAI/pythia-70m,0.000337953184498474,direct,fixed_random,38.2004280090332,38.20033264160156,1.0,1,128,5101.7109375,0.02111722342669964,20,final_hidden,2026-07-10T14:47:28.970617+00:00,nonpad_flattened,EleutherAI/pythia-70m,0.16670636587584325,0.17140900842956439
65536,64,1,16,main,wikitext,wikitext-2-raw-v1,validation,cuda,float32,64,pythia_dynamical_edge_normal,26b7b5702e85f3f48652a95f9be74e23223244d1,"[1, 128, 512]",inputs_embeds,paper_style_feedback_dynamics,EleutherAI/pythia-70m,0.0003304029814898968,direct,fixed_random,38.20050048828125,38.2004280090332,1.0,1,128,5101.71240234375,0.016646312549710274,21,final_hidden,2026-07-10T14:47:28.970617+00:00,nonpad_flattened,EleutherAI/pythia-70m,0.17140900842956439,0.17504223805946803
65536,64,1,16,main,wikitext,wikitext-2-raw-v1,validation,cuda,float32,64,pythia_dynamical_edge_normal,26b7b5702e85f3f48652a95f9be74e23223244d1,"[1, 128, 512]",inputs_embeds,paper_style_feedback_dynamics,EleutherAI/pythia-70m,0.0003466021444182843,direct,fixed_random,38.2005500793457,38.20050048828125,1.0,1,128,5101.71337890625,0.013146390207111835,22,final_hidden,2026-07-10T14:47:28.970617+00:00,nonpad_flattened,EleutherAI/pythia-70m,0.17504223805946803,0.1778821877727549
65536,64,1,16,main,wikitext,wikitext-2-raw-v1,validation,cuda,float32,64,pythia_dynamical_edge_normal,26b7b5702e85f3f48652a95f9be74e23223244d1,"[1, 128, 512]",inputs_embeds,paper_style_feedback_dynamics,EleutherAI/pythia-70m,0.00033762556267902255,direct,fixed_random,38.20060348510742,38.2005500793457,1.0,1,128,5101.7138671875,0.010329586453735828,23,final_hidden,2026-07-10T14:47:28.970617+00:00,nonpad_flattened,EleutherAI/pythia-70m,0.1778821877727549,0.18023011485628118
65536,64,1,16,main,wikitext,wikitext-2-raw-v1,validation,cuda,float32,64,pythia_dynamical_edge_normal,26b7b5702e85f3f48652a95f9be74e23223244d1,"[1, 128, 512]",inputs_embeds,paper_style_feedback_dynamics,EleutherAI/pythia-70m,0.0003362179559189826,direct,fixed_random,38.20063781738281,38.20060348510742,1.0,1,128,5101.71484375,0.00816961470991373,24,final_hidden,2026-07-10T14:47:28.970617+00:00,nonpad_flattened,EleutherAI/pythia-70m,0.18023011485628118,0.18180685582907963
65536,64,1,16,main,wikitext,wikitext-2-raw-v1,validation,cuda,float32,64,pythia_dynamical_edge_normal,26b7b5702e85f3f48652a95f9be74e23223244d1,"[1, 128, 512]",inputs_embeds,paper_style_feedback_dynamics,EleutherAI/pythia-70m,0.0003350938204675913,direct,fixed_random,38.20066452026367,38.20063781738281,1.0,1,128,5101.71484375,0.006525835953652859,25,final_hidden,2026-07-10T14:47:28.970617+00:00,nonpad_flattened,EleutherAI/pythia-70m,0.18180685582907963,0.18329953170967384
65536,64,1,16,main,wikitext,wikitext-2-raw-v1,validation,cuda,float32,64,pythia_dynamical_edge_normal,26b7b5702e85f3f48652a95f9be74e23223244d1,"[1, 128, 512]",inputs_embeds,paper_style_feedback_dynamics,EleutherAI/pythia-70m,0.00033960293512791395,direct,fixed_random,38.20069122314453,38.20066452026367,1.0,1,128,5101.71533203125,0.005113586783409119,26,final_hidden,2026-07-10T14:47:28.970617+00:00,nonpad_flattened,EleutherAI/pythia-70m,0.18329953170967384,0.1844365735602221
65536,64,1,16,main,wikitext,wikitext-2-raw-v1,validation,cuda,float32,64,pythia_dynamical_edge_normal,26b7b5702e85f3f48652a95f9be74e23223244d1,"[1, 128, 512]",inputs_embeds,paper_style_feedback_dynamics,EleutherAI/pythia-70m,0.00033086742041632533,direct,fixed_random,38.200706481933594,38.20069122314453,1.0,1,128,5101.7158203125,0.004072092939168215,27,final_hidden,2026-07-10T14:47:28.970617+00:00,nonpad_flattened,EleutherAI/pythia-70m,0.1844365735602221,0.18523457819914288
65536,64,1,16,main,wikitext,wikitext-2-raw-v1,validation,cuda,float32,64,pythia_dynamical_edge_normal,26b7b5702e85f3f48652a95f9be74e23223244d1,"[1, 128, 512]",inputs_embeds,paper_style_feedback_dynamics,EleutherAI/pythia-70m,0.00035203431616537273,direct,fixed_random,38.20072555541992,38.200706481933594,1.0,1,128,5101.7158203125,0.0032401583157479763,28,final_hidden,2026-07-10T14:47:28.970617+00:00,nonpad_flattened,EleutherAI/pythia-70m,0.18523457819914288,0.18608018151519798
65536,64,1,16,main,wikitext,wikitext-2-raw-v1,validation,cuda,float32,64,pythia_dynamical_edge_normal,26b7b5702e85f3f48652a95f9be74e23223244d1,"[1, 128, 512]",inputs_embeds,paper_style_feedback_dynamics,EleutherAI/pythia-70m,0.0003295039932709187,direct,fixed_random,38.20073699951172,38.20072555541992,1.0,1,128,5101.71630859375,0.0025024949572980404,29,final_hidden,2026-07-10T14:47:28.970617+00:00,nonpad_flattened,EleutherAI/pythia-70m,0.18608018151519798,0.18658747067906895
65536,64,1,16,main,wikitext,wikitext-2-raw-v1,validation,cuda,float32,64,pythia_dynamical_edge_normal,26b7b5702e85f3f48652a95f9be74e23223244d1,"[1, 128, 512]",inputs_embeds,paper_style_feedback_dynamics,EleutherAI/pythia-70m,0.00032814982114359736,direct,fixed_random,38.200748443603516,38.20073699951172,1.0,1,128,5101.71630859375,0.0019736376125365496,30,final_hidden,2026-07-10T14:47:28.970617+00:00,nonpad_flattened,EleutherAI/pythia-70m,0.18658747067906895,0.18690248185265435
65536,64,1,16,main,wikitext,wikitext-2-raw-v1,validation,cuda,float32,64,pythia_dynamical_edge_normal,26b7b5702e85f3f48652a95f9be74e23223244d1,"[1, 128, 512]",inputs_embeds,paper_style_feedback_dynamics,EleutherAI/pythia-70m,0.00032053113682195544,direct,fixed_random,38.20075225830078,38.200748443603516,1.0,1,128,5101.71630859375,0.001645233714953065,31,final_hidden,2026-07-10T14:47:28.970617+00:00,nonpad_flattened,EleutherAI/pythia-70m,0.18690248185265435,0.18736511113319254
65536,64,1,16,main,wikitext,wikitext-2-raw-v1,validation,cuda,float32,64,pythia_dynamical_edge_normal,26b7b5702e85f3f48652a95f9be74e23223244d1,"[1, 128, 512]",inputs_embeds,paper_style_feedback_dynamics,EleutherAI/pythia-70m,0.00031357433181256056,direct,fixed_random,38.20075988769531,38.20075225830078,1.0,1,128,5101.716796875,0.00130682613234967,32,final_hidden,2026-07-10T14:47:28.970617+00:00,nonpad_flattened,EleutherAI/pythia-70m,0.18736511113319254,0.18768086614080448
65536,64,1,16,main,wikitext,wikitext-2-raw-v1,validation,cuda,float32,64,pythia_dynamical_edge_normal,26b7b5702e85f3f48652a95f9be74e23223244d1,"[1, 128, 512]",inputs_embeds,paper_style_feedback_dynamics,EleutherAI/pythia-70m,0.0003313415218144655,direct,fixed_random,38.20075988769531,38.20075988769531,1.0,1,128,5101.716796875,0.0009776450460776687,33,final_hidden,2026-07-10T14:47:28.970617+00:00,nonpad_flattened,EleutherAI/pythia-70m,0.18768086614080448,0.1878893792424374
65536,64,1,16,main,wikitext,wikitext-2-raw-v1,validation,cuda,float32,64,pythia_dynamical_edge_normal,26b7b5702e85f3f48652a95f9be74e23223244d1,"[1, 128, 512]",inputs_embeds,paper_style_feedback_dynamics,EleutherAI/pythia-70m,0.000337836827384308,direct,fixed_random,38.20076370239258,38.20075988769531,1.0,1,128,5101.716796875,0.0007602662080898881,34,final_hidden,2026-07-10T14:47:28.970617+00:00,nonpad_flattened,EleutherAI/pythia-70m,0.1878893792424374,0.18796796537809157
65536,64,1,16,main,wikitext,wikitext-2-raw-v1,validation,cuda,float32,64,pythia_dynamical_edge_normal,26b7b5702e85f3f48652a95f9be74e23223244d1,"[1, 128, 512]",inputs_embeds,paper_style_feedback_dynamics,EleutherAI/pythia-70m,0.0003990708210039884,direct,fixed_random,38.20075988769531,38.20076370239258,1.0,1,128,5101.716796875,0.000678334676194936,35,final_hidden,2026-07-10T14:47:28.970617+00:00,nonpad_flattened,EleutherAI/pythia-70m,0.18796796537809157,0.18804094441361582
65536,64,1,16,main,wikitext,wikitext-2-raw-v1,validation,cuda,float32,64,pythia_dynamical_edge_normal,26b7b5702e85f3f48652a95f9be74e23223244d1,"[1, 128, 512]",inputs_embeds,paper_style_feedback_dynamics,EleutherAI/pythia-70m,0.0004063442465849221,direct,fixed_random,38.200767517089844,38.20075988769531,1.0,1,128,5101.716796875,0.0006022523157298565,36,final_hidden,2026-07-10T14:47:28.970617+00:00,nonpad_flattened,EleutherAI/pythia-70m,0.18804094441361582,0.18808113436433685
65536,64,1,16,main,wikitext,wikitext-2-raw-v1,validation,cuda,float32,64,pythia_dynamical_edge_normal,26b7b5702e85f3f48652a95f9be74e23223244d1,"[1, 128, 512]",inputs_embeds,paper_style_feedback_dynamics,EleutherAI/pythia-70m,0.00041223008884117007,direct,fixed_random,38.20076370239258,38.200767517089844,1.0,1,128,5101.716796875,0.0005603532190434635,37,final_hidden,2026-07-10T14:47:28.970617+00:00,nonpad_flattened,EleutherAI/pythia-70m,0.18808113436433685,0.188132028649087
65536,64,1,16,main,wikitext,wikitext-2-raw-v1,validation,cuda,float32,64,pythia_dynamical_edge_normal,26b7b5702e85f3f48652a95f9be74e23223244d1,"[1, 128, 512]",inputs_embeds,paper_style_feedback_dynamics,EleutherAI/pythia-70m,0.0004131224995944649,direct,fixed_random,38.200767517089844,38.20076370239258,1.0,1,128,5101.716796875,0.0005072950152680278,38,final_hidden,2026-07-10T14:47:28.970617+00:00,nonpad_flattened,EleutherAI/pythia-70m,0.188132028649087,0.18814487036069477
65536,64,1,16,main,wikitext,wikitext-2-raw-v1,validation,cuda,float32,64,pythia_dynamical_edge_normal,26b7b5702e85f3f48652a95f9be74e23223244d1,"[1, 128, 512]",inputs_embeds,paper_style_feedback_dynamics,EleutherAI/pythia-70m,0.0004140458768233657,direct,fixed_random,38.200767517089844,38.200767517089844,1.0,1,128,5101.716796875,0.0004939072532579303,39,final_hidden,2026-07-10T14:47:28.970617+00:00,nonpad_flattened,EleutherAI/pythia-70m,0.18814487036069477,0.1881764326310636
65536,64,1,16,main,wikitext,wikitext-2-raw-v1,validation,cuda,float32,64,pythia_dynamical_edge_normal,26b7b5702e85f3f48652a95f9be74e23223244d1,"[1, 128, 512]",inputs_embeds,paper_style_feedback_dynamics,EleutherAI/pythia-70m,0.00039117931737564504,direct,fixed_random,38.200767517089844,38.200767517089844,1.0,1,128,5101.716796875,0.00046100461622700095,40,final_hidden,2026-07-10T14:47:28.970617+00:00,nonpad_flattened,EleutherAI/pythia-70m,0.1881764326310636,0.188226451873045
65536,64,1,16,main,wikitext,wikitext-2-raw-v1,validation,cuda,float32,64,pythia_dynamical_edge_normal,26b7b5702e85f3f48652a95f9be74e23223244d1,"[1, 128, 512]",inputs_embeds,paper_style_feedback_dynamics,EleutherAI/pythia-70m,0.00038632896030321717,direct,fixed_random,38.200767517089844,38.200767517089844,1.0,1,128,5101.716796875,0.0004088590503670275,41,final_hidden,2026-07-10T14:47:28.970617+00:00,nonpad_flattened,EleutherAI/pythia-70m,0.188226451873045,0.18825285531973848
65536,64,1,16,main,wikitext,wikitext-2-raw-v1,validation,cuda,float32,64,pythia_dynamical_edge_normal,26b7b5702e85f3f48652a95f9be74e23223244d1,"[1, 128, 512]",inputs_embeds,paper_style_feedback_dynamics,EleutherAI/pythia-70m,0.0003678070497699082,direct,fixed_random,38.200775146484375,38.200767517089844,1.0,1,128,5101.716796875,0.00038133427733555436,42,final_hidden,2026-07-10T14:47:28.970617+00:00,nonpad_flattened,EleutherAI/pythia-70m,0.18825285531973848,0.18832344907448412
65536,64,1,16,main,wikitext,wikitext-2-raw-v1,validation,cuda,float32,64,pythia_dynamical_edge_normal,26b7b5702e85f3f48652a95f9be74e23223244d1,"[1, 128, 512]",inputs_embeds,paper_style_feedback_dynamics,EleutherAI/pythia-70m,0.00034611026057973504,direct,fixed_random,38.200775146484375,38.200775146484375,1.0,1,128,5101.716796875,0.0003077405854128301,43,final_hidden,2026-07-10T14:47:28.970617+00:00,nonpad_flattened,EleutherAI/pythia-70m,0.18832344907448412,0.18836860547244083
65536,64,1,16,main,wikitext,wikitext-2-raw-v1,validation,cuda,float32,64,pythia_dynamical_edge_normal,26b7b5702e85f3f48652a95f9be74e23223244d1,"[1, 128, 512]",inputs_embeds,paper_style_feedback_dynamics,EleutherAI/pythia-70m,0.000332287629134953,direct,fixed_random,38.200775146484375,38.200775146484375,1.0,1,128,5101.716796875,0.0002606652269605547,44,final_hidden,2026-07-10T14:47:28.970617+00:00,nonpad_flattened,EleutherAI/pythia-70m,0.18836860547244083,0.18839049438175604
65536,64,1,16,main,wikitext,wikitext-2-raw-v1,validation,cuda,float32,64,pythia_dynamical_edge_normal,26b7b5702e85f3f48652a95f9be74e23223244d1,"[1, 128, 512]",inputs_embeds,paper_style_feedback_dynamics,EleutherAI/pythia-70m,0.00032292844844050705,direct,fixed_random,38.200775146484375,38.200775146484375,1.0,1,128,5101.716796875,0.00023784631048329175,45,final_hidden,2026-07-10T14:47:28.970617+00:00,nonpad_flattened,EleutherAI/pythia-70m,0.18839049438175604,0.1884021305288847
65536,64,1,16,main,wikitext,wikitext-2-raw-v1,validation,cuda,float32,64,pythia_dynamical_edge_normal,26b7b5702e85f3f48652a95f9be74e23223244d1,"[1, 128, 512]",inputs_embeds,paper_style_feedback_dynamics,EleutherAI/pythia-70m,0.00032429839484393597,direct,fixed_random,38.200775146484375,38.200775146484375,1.0,1,128,5101.716796875,0.00022571533918380737,46,final_hidden,2026-07-10T14:47:28.970617+00:00,nonpad_flattened,EleutherAI/pythia-70m,0.1884021305288847,0.18838395794762075
65536,64,1,16,main,wikitext,wikitext-2-raw-v1,validation,cuda,float32,64,pythia_dynamical_edge_normal,26b7b5702e85f3f48652a95f9be74e23223244d1,"[1, 128, 512]",inputs_embeds,paper_style_feedback_dynamics,EleutherAI/pythia-70m,0.00033702960354276,direct,fixed_random,38.200775146484375,38.200775146484375,1.0,1,128,5101.716796875,0.00024465969181619585,47,final_hidden,2026-07-10T14:47:28.970617+00:00,nonpad_flattened,EleutherAI/pythia-70m,0.18838395794762075,0.1883670077732936
65536,64,1,16,main,wikitext,wikitext-2-raw-v1,validation,cuda,float32,64,pythia_dynamical_edge_normal,26b7b5702e85f3f48652a95f9be74e23223244d1,"[1, 128, 512]",inputs_embeds,paper_style_feedback_dynamics,EleutherAI/pythia-70m,0.0003444833855610341,direct,fixed_random,38.20077133178711,38.200775146484375,1.0,1,128,5101.716796875,0.0002623300242703408,48,final_hidden,2026-07-10T14:47:28.970617+00:00,nonpad_flattened,EleutherAI/pythia-70m,0.1883670077732936,0.18835534436401807
65536,64,1,16,main,wikitext,wikitext-2-raw-v1,validation,cuda,float32,64,pythia_dynamical_edge_normal,26b7b5702e85f3f48652a95f9be74e23223244d1,"[1, 128, 512]",inputs_embeds,paper_style_feedback_dynamics,EleutherAI/pythia-70m,0.0003527463413774967,direct,fixed_random,38.20077133178711,38.20077133178711,1.0,1,128,5101.716796875,0.0002744887606240809,49,final_hidden,2026-07-10T14:47:28.970617+00:00,nonpad_flattened,EleutherAI/pythia-70m,0.18835534436401807,0.18835657959232308
65536,64,1,16,main,wikitext,wikitext-2-raw-v1,validation,cuda,float32,64,pythia_dynamical_edge_normal,26b7b5702e85f3f48652a95f9be74e23223244d1,"[1, 128, 512]",inputs_embeds,paper_style_feedback_dynamics,EleutherAI/pythia-70m,0.0003456449485383928,direct,fixed_random,38.200775146484375,38.20077133178711,1.0,1,128,5101.716796875,0.00027320149820297956,50,final_hidden,2026-07-10T14:47:28.970617+00:00,nonpad_flattened,EleutherAI/pythia-70m,0.18835657959232308,0.1883530128380048
65536,64,1,16,main,wikitext,wikitext-2-raw-v1,validation,cuda,float32,64,pythia_dynamical_edge_normal,26b7b5702e85f3f48652a95f9be74e23223244d1,"[1, 128, 512]",inputs_embeds,paper_style_feedback_dynamics,EleutherAI/pythia-70m,0.00034448556834831834,direct,fixed_random,38.200775146484375,38.200775146484375,1.0,1,128,5101.716796875,0.0002769199782051146,51,final_hidden,2026-07-10T14:47:28.970617+00:00,nonpad_flattened,EleutherAI/pythia-70m,0.1883530128380048,0.1883628752229012
65536,64,1,16,main,wikitext,wikitext-2-raw-v1,validation,cuda,float32,64,pythia_dynamical_edge_normal,26b7b5702e85f3f48652a95f9be74e23223244d1,"[1, 128, 512]",inputs_embeds,paper_style_feedback_dynamics,EleutherAI/pythia-70m,0.00034552684519439936,direct,fixed_random,38.200775146484375,38.200775146484375,1.0,1,128,5101.716796875,0.0002666382060851902,52,final_hidden,2026-07-10T14:47:28.970617+00:00,nonpad_flattened,EleutherAI/pythia-70m,0.1883628752229012,0.18836419772348295
65536,64,1,16,main,wikitext,wikitext-2-raw-v1,validation,cuda,float32,64,pythia_dynamical_edge_normal,26b7b5702e85f3f48652a95f9be74e23223244d1,"[1, 128, 512]",inputs_embeds,paper_style_feedback_dynamics,EleutherAI/pythia-70m,0.0003584438527468592,direct,fixed_random,38.200767517089844,38.200775146484375,1.0,1,128,5101.716796875,0.00026525859721004963,53,final_hidden,2026-07-10T14:47:28.970617+00:00,nonpad_flattened,EleutherAI/pythia-70m,0.18836419772348295,0.1883620646653619
65536,64,1,16,main,wikitext,wikitext-2-raw-v1,validation,cuda,float32,64,pythia_dynamical_edge_normal,26b7b5702e85f3f48652a95f9be74e23223244d1,"[1, 128, 512]",inputs_embeds,paper_style_feedback_dynamics,EleutherAI/pythia-70m,0.0003552077687345445,direct,fixed_random,38.200775146484375,38.200767517089844,1.0,1,128,5101.716796875,0.00026748256641440094,54,final_hidden,2026-07-10T14:47:28.970617+00:00,nonpad_flattened,EleutherAI/pythia-70m,0.1883620646653619,0.18835444615748562
65536,64,1,16,main,wikitext,wikitext-2-raw-v1,validation,cuda,float32,64,pythia_dynamical_edge_normal,26b7b5702e85f3f48652a95f9be74e23223244d1,"[1, 128, 512]",inputs_embeds,paper_style_feedback_dynamics,EleutherAI/pythia-70m,0.0003426200128160417,direct,fixed_random,38.20077133178711,38.200775146484375,1.0,1,128,5101.716796875,0.0002754258457571268,55,final_hidden,2026-07-10T14:47:28.970617+00:00,nonpad_flattened,EleutherAI/pythia-70m,0.18835444615748562,0.18834290419505673
65536,64,1,16,main,wikitext,wikitext-2-raw-v1,validation,cuda,float32,64,pythia_dynamical_edge_normal,26b7b5702e85f3f48652a95f9be74e23223244d1,"[1, 128, 512]",inputs_embeds,paper_style_feedback_dynamics,EleutherAI/pythia-70m,0.0003537458833307028,direct,fixed_random,38.200775146484375,38.20077133178711,1.0,1,128,5101.716796875,0.0002874577767215669,56,final_hidden,2026-07-10T14:47:28.970617+00:00,nonpad_flattened,EleutherAI/pythia-70m,0.18834290419505673,0.18835057236475167
65536,64,1,16,main,wikitext,wikitext-2-raw-v1,validation,cuda,float32,64,pythia_dynamical_edge_normal,26b7b5702e85f3f48652a95f9be74e23223244d1,"[1, 128, 512]",inputs_embeds,paper_style_feedback_dynamics,EleutherAI/pythia-70m,0.00035355205181986094,direct,fixed_random,38.20077133178711,38.200775146484375,1.0,1,128,5101.716796875,0.0002794635947793722,57,final_hidden,2026-07-10T14:47:28.970617+00:00,nonpad_flattened,EleutherAI/pythia-70m,0.18835057236475167,0.18835511673034566
65536,64,1,16,main,wikitext,wikitext-2-raw-v1,validation,cuda,float32,64,pythia_dynamical_edge_normal,26b7b5702e85f3f48652a95f9be74e23223244d1,"[1, 128, 512]",inputs_embeds,paper_style_feedback_dynamics,EleutherAI/pythia-70m,0.0003510267415549606,direct,fixed_random,38.200775146484375,38.20077133178711,1.0,1,128,5101.716796875,0.00027472618967294693,58,final_hidden,2026-07-10T14:47:28.970617+00:00,nonpad_flattened,EleutherAI/pythia-70m,0.18835511673034566,0.18836860006979406
65536,64,1,16,main,wikitext,wikitext-2-raw-v1,validation,cuda,float32,64,pythia_dynamical_edge_normal,26b7b5702e85f3f48652a95f9be74e23223244d1,"[1, 128, 512]",inputs_embeds,paper_style_feedback_dynamics,EleutherAI/pythia-70m,0.0003431935328990221,direct,fixed_random,38.200775146484375,38.200775146484375,1.0,1,128,5101.716796875,0.00026067011640407145,59,final_hidden,2026-07-10T14:47:28.970617+00:00,nonpad_flattened,EleutherAI/pythia-70m,0.18836860006979406,0.1883604827775509
65536,64,1,16,main,wikitext,wikitext-2-raw-v1,validation,cuda,float32,64,pythia_dynamical_edge_normal,26b7b5702e85f3f48652a95f9be74e23223244d1,"[1, 128, 512]",inputs_embeds,paper_style_feedback_dynamics,EleutherAI/pythia-70m,0.0003433189995121211,direct,fixed_random,38.20077133178711,38.200775146484375,1.0,1,128,5101.716796875,0.0002691325207706541,60,final_hidden,2026-07-10T14:47:28.970617+00:00,nonpad_flattened,EleutherAI/pythia-70m,0.1883604827775509,0.1883505512214322
65536,64,1,16,main,wikitext,wikitext-2-raw-v1,validation,cuda,float32,64,pythia_dynamical_edge_normal,26b7b5702e85f3f48652a95f9be74e23223244d1,"[1, 128, 512]",inputs_embeds,paper_style_feedback_dynamics,EleutherAI/pythia-70m,0.0003447364433668554,direct,fixed_random,38.20077133178711,38.20077133178711,1.0,1,128,5101.716796875,0.00027948623755946755,61,final_hidden,2026-07-10T14:47:28.970617+00:00,nonpad_flattened,EleutherAI/pythia-70m,0.1883505512214322,0.18835477438528933
65536,64,1,16,main,wikitext,wikitext-2-raw-v1,validation,cuda,float32,64,pythia_dynamical_edge_normal,26b7b5702e85f3f48652a95f9be74e23223244d1,"[1, 128, 512]",inputs_embeds,paper_style_feedback_dynamics,EleutherAI/pythia-70m,0.0003394936502445489,direct,fixed_random,38.200775146484375,38.20077133178711,1.0,1,128,5101.716796875,0.0002750838757492602,62,final_hidden,2026-07-10T14:47:28.970617+00:00,nonpad_flattened,EleutherAI/pythia-70m,0.18835477438528933,0.18835535971398995
2560,64,2,16,main,wikitext,wikitext-2-raw-v1,validation,cuda,float32,64,pythia_dynamical_edge_normal,26b7b5702e85f3f48652a95f9be74e23223244d1,"[1, 128, 512]",inputs_embeds,paper_style_feedback_dynamics,EleutherAI/pythia-70m,7.630158506799489e-05,direct,fixed_random,31.538177490234375,31.53516387939453,1.0,2,128,1008.1874389648438,0.4256589412689209,0,final_hidden,2026-07-10T14:47:28.970617+00:00,nonpad_flattened,EleutherAI/pythia-70m,-0.412046127954387,-0.3157850684206362
2560,64,2,16,main,wikitext,wikitext-2-raw-v1,validation,cuda,float32,64,pythia_dynamical_edge_normal,26b7b5702e85f3f48652a95f9be74e23223244d1,"[1, 128, 512]",inputs_embeds,paper_style_feedback_dynamics,EleutherAI/pythia-70m,7.043778896331787e-05,direct,fixed_random,31.540687561035156,31.538177490234375,1.0,2,128,1008.2161865234375,0.3337787389755249,1,final_hidden,2026-07-10T14:47:28.970617+00:00,nonpad_flattened,EleutherAI/pythia-70m,-0.3157850684206362,-0.24069223694228065
2560,64,2,16,main,wikitext,wikitext-2-raw-v1,validation,cuda,float32,64,pythia_dynamical_edge_normal,26b7b5702e85f3f48652a95f9be74e23223244d1,"[1, 128, 512]",inputs_embeds,paper_style_feedback_dynamics,EleutherAI/pythia-70m,6.06847315793857e-05,direct,fixed_random,31.54275131225586,31.540687561035156,1.0,2,128,1008.2384033203125,0.26204150915145874,2,final_hidden,2026-07-10T14:47:28.970617+00:00,nonpad_flattened,EleutherAI/pythia-70m,-0.24069223694228065,-0.18202866079451718
2560,64,2,16,main,wikitext,wikitext-2-raw-v1,validation,cuda,float32,64,pythia_dynamical_edge_normal,26b7b5702e85f3f48652a95f9be74e23223244d1,"[1, 128, 512]",inputs_embeds,paper_style_feedback_dynamics,EleutherAI/pythia-70m,6.98540243320167e-05,direct,fixed_random,31.5444278717041,31.54275131225586,1.0,2,128,1008.2554931640625,0.20592056214809418,3,final_hidden,2026-07-10T14:47:28.970617+00:00,nonpad_flattened,EleutherAI/pythia-70m,-0.18202866079451718,-0.13608523511544396
2560,64,2,16,main,wikitext,wikitext-2-raw-v1,validation,cuda,float32,64,pythia_dynamical_edge_normal,26b7b5702e85f3f48652a95f9be74e23223244d1,"[1, 128, 512]",inputs_embeds,paper_style_feedback_dynamics,EleutherAI/pythia-70m,6.837496039224789e-05,direct,fixed_random,31.54578971862793,31.5444278717041,1.0,2,128,1008.2687377929688,0.16192711889743805,4,final_hidden,2026-07-10T14:47:28.970617+00:00,nonpad_flattened,EleutherAI/pythia-70m,-0.13608523511544396,-0.10005308355287168
2560,64,2,16,main,wikitext,wikitext-2-raw-v1,validation,cuda,float32,64,pythia_dynamical_edge_normal,26b7b5702e85f3f48652a95f9be74e23223244d1,"[1, 128, 512]",inputs_embeds,paper_style_feedback_dynamics,EleutherAI/pythia-70m,5.934343789704144e-05,direct,fixed_random,31.54688262939453,31.54578971862793,1.0,2,128,1008.2789916992188,0.12738476693630219,5,final_hidden,2026-07-10T14:47:28.970617+00:00,nonpad_flattened,EleutherAI/pythia-70m,-0.10005308355287168,-0.07181317475113243
2560,64,2,16,main,wikitext,wikitext-2-raw-v1,validation,cuda,float32,64,pythia_dynamical_edge_normal,26b7b5702e85f3f48652a95f9be74e23223244d1,"[1, 128, 512]",inputs_embeds,paper_style_feedback_dynamics,EleutherAI/pythia-70m,5.739625703427009e-05,direct,fixed_random,31.54776382446289,31.54688262939453,1.0,2,128,1008.2869262695312,0.10028232634067535,6,final_hidden,2026-07-10T14:47:28.970617+00:00,nonpad_flattened,EleutherAI/pythia-70m,-0.07181317475113243,-0.049646484989161556
2560,64,2,16,main,wikitext,wikitext-2-raw-v1,validation,cuda,float32,64,pythia_dynamical_edge_normal,26b7b5702e85f3f48652a95f9be74e23223244d1,"[1, 128, 512]",inputs_embeds,paper_style_feedback_dynamics,EleutherAI/pythia-70m,6.875404505990446e-05,direct,fixed_random,31.548465728759766,31.54776382446289,1.0,2,128,1008.2930908203125,0.07898964732885361,7,final_hidden,2026-07-10T14:47:28.970617+00:00,nonpad_flattened,EleutherAI/pythia-70m,-0.049646484989161556,-0.03216750703986608
2560,64,2,16,main,wikitext,wikitext-2-raw-v1,validation,cuda,float32,64,pythia_dynamical_edge_normal,26b7b5702e85f3f48652a95f9be74e23223244d1,"[1, 128, 512]",inputs_embeds,paper_style_feedback_dynamics,EleutherAI/pythia-70m,6.300327368080616e-05,direct,fixed_random,31.54902458190918,31.548465728759766,1.0,2,128,1008.2979736328125,0.06220633536577225,8,final_hidden,2026-07-10T14:47:28.970617+00:00,nonpad_flattened,EleutherAI/pythia-70m,-0.03216750703986608,-0.01845051629098736
2560,64,2,16,main,wikitext,wikitext-2-raw-v1,validation,cuda,float32,64,pythia_dynamical_edge_normal,26b7b5702e85f3f48652a95f9be74e23223244d1,"[1, 128, 512]",inputs_embeds,paper_style_feedback_dynamics,EleutherAI/pythia-70m,6.263209070311859e-05,direct,fixed_random,31.549467086791992,31.54902458190918,1.0,2,128,1008.3016967773438,0.04900309070944786,9,final_hidden,2026-07-10T14:47:28.970617+00:00,nonpad_flattened,EleutherAI/pythia-70m,-0.01845051629098736,-0.007645242940767052
2560,64,2,16,main,wikitext,wikitext-2-raw-v1,validation,cuda,float32,64,pythia_dynamical_edge_normal,26b7b5702e85f3f48652a95f9be74e23223244d1,"[1, 128, 512]",inputs_embeds,paper_style_feedback_dynamics,EleutherAI/pythia-70m,6.304727867245674e-05,direct,fixed_random,31.549819946289062,31.549467086791992,1.0,2,128,1008.3046875,0.03861964866518974,10,final_hidden,2026-07-10T14:47:28.970617+00:00,nonpad_flattened,EleutherAI/pythia-70m,-0.007645242940767052,0.0008392520886617482
2560,64,2,16,main,wikitext,wikitext-2-raw-v1,validation,cuda,float32,64,pythia_dynamical_edge_normal,26b7b5702e85f3f48652a95f9be74e23223244d1,"[1, 128, 512]",inputs_embeds,paper_style_feedback_dynamics,EleutherAI/pythia-70m,5.7447890867479146e-05,direct,fixed_random,31.550100326538086,31.549819946289062,1.0,2,128,1008.3069458007812,0.030439719557762146,11,final_hidden,2026-07-10T14:47:28.970617+00:00,nonpad_flattened,EleutherAI/pythia-70m,0.0008392520886617482,0.007517019752379255
2560,64,2,16,main,wikitext,wikitext-2-raw-v1,validation,cuda,float32,64,pythia_dynamical_edge_normal,26b7b5702e85f3f48652a95f9be74e23223244d1,"[1, 128, 512]",inputs_embeds,paper_style_feedback_dynamics,EleutherAI/pythia-70m,5.7653320254758e-05,direct,fixed_random,31.550315856933594,31.550100326538086,1.0,2,128,1008.3087158203125,0.023999474942684174,12,final_hidden,2026-07-10T14:47:28.970617+00:00,nonpad_flattened,EleutherAI/pythia-70m,0.007517019752379255,0.01278477067452539
2560,64,2,16,main,wikitext,wikitext-2-raw-v1,validation,cuda,float32,64,pythia_dynamical_edge_normal,26b7b5702e85f3f48652a95f9be74e23223244d1,"[1, 128, 512]",inputs_embeds,paper_style_feedback_dynamics,EleutherAI/pythia-70m,6.743548874510452e-05,direct,fixed_random,31.550493240356445,31.550315856933594,1.0,2,128,1008.3101196289062,0.018921323120594025,13,final_hidden,2026-07-10T14:47:28.970617+00:00,nonpad_flattened,EleutherAI/pythia-70m,0.01278477067452539,0.01695032758583287
2560,64,2,16,main,wikitext,wikitext-2-raw-v1,validation,cuda,float32,64,pythia_dynamical_edge_normal,26b7b5702e85f3f48652a95f9be74e23223244d1,"[1, 128, 512]",inputs_embeds,paper_style_feedback_dynamics,EleutherAI/pythia-70m,6.976247095735744e-05,direct,fixed_random,31.550636291503906,31.550493240356445,1.0,2,128,1008.311279296875,0.014920373447239399,14,final_hidden,2026-07-10T14:47:28.970617+00:00,nonpad_flattened,EleutherAI/pythia-70m,0.01695032758583287,0.020209067375710592
2560,64,2,16,main,wikitext,wikitext-2-raw-v1,validation,cuda,float32,64,pythia_dynamical_edge_normal,26b7b5702e85f3f48652a95f9be74e23223244d1,"[1, 128, 512]",inputs_embeds,paper_style_feedback_dynamics,EleutherAI/pythia-70m,7.253010699059814e-05,direct,fixed_random,31.550745010375977,31.550636291503906,1.0,2,128,1008.3120727539062,0.011756730265915394,15,final_hidden,2026-07-10T14:47:28.970617+00:00,nonpad_flattened,EleutherAI/pythia-70m,0.020209067375710592,0.022778053397287192
2560,64,2,16,main,wikitext,wikitext-2-raw-v1,validation,cuda,float32,64,pythia_dynamical_edge_normal,26b7b5702e85f3f48652a95f9be74e23223244d1,"[1, 128, 512]",inputs_embeds,paper_style_feedback_dynamics,EleutherAI/pythia-70m,7.572635513497517e-05,direct,fixed_random,31.55083465576172,31.550745010375977,1.0,2,128,1008.3128051757812,0.009294361807405949,16,final_hidden,2026-07-10T14:47:28.970617+00:00,nonpad_flattened,EleutherAI/pythia-70m,0.022778053397287192,0.024812972468036553
2560,64,2,16,main,wikitext,wikitext-2-raw-v1,validation,cuda,float32,64,pythia_dynamical_edge_normal,26b7b5702e85f3f48652a95f9be74e23223244d1,"[1, 128, 512]",inputs_embeds,paper_style_feedback_dynamics,EleutherAI/pythia-70m,7.213721983134747e-05,direct,fixed_random,31.550899505615234,31.55083465576172,1.0,2,128,1008.3132934570312,0.007316696457564831,17,final_hidden,2026-07-10T14:47:28.970617+00:00,nonpad_flattened,EleutherAI/pythia-70m,0.024812972468036553,0.026426526752802455
2560,64,2,16,main,wikitext,wikitext-2-raw-v1,validation,cuda,float32,64,pythia_dynamical_edge_normal,26b7b5702e85f3f48652a95f9be74e23223244d1,"[1, 128, 512]",inputs_embeds,paper_style_feedback_dynamics,EleutherAI/pythia-70m,6.267002754611894e-05,direct,fixed_random,31.550952911376953,31.550899505615234,1.0,2,128,1008.3137817382812,0.005778471939265728,18,final_hidden,2026-07-10T14:47:28.970617+00:00,nonpad_flattened,EleutherAI/pythia-70m,0.026426526752802455,0.02769247760433386
2560,64,2,16,main,wikitext,wikitext-2-raw-v1,validation,cuda,float32,64,pythia_dynamical_edge_normal,26b7b5702e85f3f48652a95f9be74e23223244d1,"[1, 128, 512]",inputs_embeds,paper_style_feedback_dynamics,EleutherAI/pythia-70m,6.439079879783094e-05,direct,fixed_random,31.550994873046875,31.550952911376953,1.0,2,128,1008.3140869140625,0.004548556637018919,19,final_hidden,2026-07-10T14:47:28.970617+00:00,nonpad_flattened,EleutherAI/pythia-70m,0.02769247760433386,0.028686840469748724
2560,64,2,16,main,wikitext,wikitext-2-raw-v1,validation,cuda,float32,64,pythia_dynamical_edge_normal,26b7b5702e85f3f48652a95f9be74e23223244d1,"[1, 128, 512]",inputs_embeds,paper_style_feedback_dynamics,EleutherAI/pythia-70m,6.63768732920289e-05,direct,fixed_random,31.551029205322266,31.550994873046875,1.0,2,128,1008.3143310546875,0.003583811456337571,20,final_hidden,2026-07-10T14:47:28.970617+00:00,nonpad_flattened,EleutherAI/pythia-70m,0.028686840469748724,0.029475237167116253
2560,64,2,16,main,wikitext,wikitext-2-raw-v1,validation,cuda,float32,64,pythia_dynamical_edge_normal,26b7b5702e85f3f48652a95f9be74e23223244d1,"[1, 128, 512]",inputs_embeds,paper_style_feedback_dynamics,EleutherAI/pythia-70m,6.377029058057815e-05,direct,fixed_random,31.551055908203125,31.551029205322266,1.0,2,128,1008.3145751953125,0.002833868144080043,21,final_hidden,2026-07-10T14:47:28.970617+00:00,nonpad_flattened,EleutherAI/pythia-70m,0.029475237167116253,0.030093288520183014
2560,64,2,16,main,wikitext,wikitext-2-raw-v1,validation,cuda,float32,64,pythia_dynamical_edge_normal,26b7b5702e85f3f48652a95f9be74e23223244d1,"[1, 128, 512]",inputs_embeds,paper_style_feedback_dynamics,EleutherAI/pythia-70m,6.894217221997678e-05,direct,fixed_random,31.551076889038086,31.551055908203125,1.0,2,128,1008.314697265625,0.0022254404611885548,22,final_hidden,2026-07-10T14:47:28.970617+00:00,nonpad_flattened,EleutherAI/pythia-70m,0.030093288520183014,0.030574060834085356
2560,64,2,16,main,wikitext,wikitext-2-raw-v1,validation,cuda,float32,64,pythia_dynamical_edge_normal,26b7b5702e85f3f48652a95f9be74e23223244d1,"[1, 128, 512]",inputs_embeds,paper_style_feedback_dynamics,EleutherAI/pythia-70m,7.136823114706203e-05,direct,fixed_random,31.551090240478516,31.551076889038086,1.0,2,128,1008.3148193359375,0.0017601809231564403,23,final_hidden,2026-07-10T14:47:28.970617+00:00,nonpad_flattened,EleutherAI/pythia-70m,0.030574060834085356,0.030956941801903524
2560,64,2,16,main,wikitext,wikitext-2-raw-v1,validation,cuda,float32,64,pythia_dynamical_edge_normal,26b7b5702e85f3f48652a95f9be74e23223244d1,"[1, 128, 512]",inputs_embeds,paper_style_feedback_dynamics,EleutherAI/pythia-70m,7.063626981107518e-05,direct,fixed_random,31.551105499267578,31.551090240478516,1.0,2,128,1008.31494140625,0.0013970121508464217,24,final_hidden,2026-07-10T14:47:28.970617+00:00,nonpad_flattened,EleutherAI/pythia-70m,0.030956941801903524,0.031256142200046785
2560,64,2,16,main,wikitext,wikitext-2-raw-v1,validation,cuda,float32,64,pythia_dynamical_edge_normal,26b7b5702e85f3f48652a95f9be74e23223244d1,"[1, 128, 512]",inputs_embeds,paper_style_feedback_dynamics,EleutherAI/pythia-70m,6.369450420606881e-05,direct,fixed_random,31.55112075805664,31.551105499267578,1.0,2,128,1008.3150024414062,0.0011030450696125627,25,final_hidden,2026-07-10T14:47:28.970617+00:00,nonpad_flattened,EleutherAI/pythia-70m,0.031256142200046785,0.03148907576879116
2560,64,2,16,main,wikitext,wikitext-2-raw-v1,validation,cuda,float32,64,pythia_dynamical_edge_normal,26b7b5702e85f3f48652a95f9be74e23223244d1,"[1, 128, 512]",inputs_embeds,paper_style_feedback_dynamics,EleutherAI/pythia-70m,6.394679076038301e-05,direct,fixed_random,31.551130294799805,31.55112075805664,1.0,2,128,1008.3150634765625,0.000878187594935298,26,final_hidden,2026-07-10T14:47:28.970617+00:00,nonpad_flattened,EleutherAI/pythia-70m,0.03148907576879116,0.03170449100261112
2560,64,2,16,main,wikitext,wikitext-2-raw-v1,validation,cuda,float32,64,pythia_dynamical_edge_normal,26b7b5702e85f3f48652a95f9be74e23223244d1,"[1, 128, 512]",inputs_embeds,paper_style_feedback_dynamics,EleutherAI/pythia-70m,6.320850661722943e-05,direct,fixed_random,31.55113410949707,31.551130294799805,1.0,2,128,1008.315185546875,0.0006896686390973628,27,final_hidden,2026-07-10T14:47:28.970617+00:00,nonpad_flattened,EleutherAI/pythia-70m,0.03170449100261112,0.03183190636423833
2560,64,2,16,main,wikitext,wikitext-2-raw-v1,validation,cuda,float32,64,pythia_dynamical_edge_normal,26b7b5702e85f3f48652a95f9be74e23223244d1,"[1, 128, 512]",inputs_embeds,paper_style_feedback_dynamics,EleutherAI/pythia-70m,5.681133552570827e-05,direct,fixed_random,31.551137924194336,31.55113410949707,1.0,2,128,1008.315185546875,0.0005567873013205826,28,final_hidden,2026-07-10T14:47:28.970617+00:00,nonpad_flattened,EleutherAI/pythia-70m,0.03183190636423833,0.03196784576853809
2560,64,2,16,main,wikitext,wikitext-2-raw-v1,validation,cuda,float32,64,pythia_dynamical_edge_normal,26b7b5702e85f3f48652a95f9be74e23223244d1,"[1, 128, 512]",inputs_embeds,paper_style_feedback_dynamics,EleutherAI/pythia-70m,5.667022196575999e-05,direct,fixed_random,31.551143646240234,31.551137924194336,1.0,2,128,1008.315185546875,0.0004150162567384541,29,final_hidden,2026-07-10T14:47:28.970617+00:00,nonpad_flattened,EleutherAI/pythia-70m,0.03196784576853809,0.03203807002295857
2560,64,2,16,main,wikitext,wikitext-2-raw-v1,validation,cuda,float32,64,pythia_dynamical_edge_normal,26b7b5702e85f3f48652a95f9be74e23223244d1,"[1, 128, 512]",inputs_embeds,paper_style_feedback_dynamics,EleutherAI/pythia-70m,5.707050513592549e-05,direct,fixed_random,31.551149368286133,31.551143646240234,1.0,2,128,1008.315185546875,0.0003417794650886208,30,final_hidden,2026-07-10T14:47:28.970617+00:00,nonpad_flattened,EleutherAI/pythia-70m,0.03203807002295857,0.03211245957190024
2560,64,2,16,main,wikitext,wikitext-2-raw-v1,validation,cuda,float32,64,pythia_dynamical_edge_normal,26b7b5702e85f3f48652a95f9be74e23223244d1,"[1, 128, 512]",inputs_embeds,paper_style_feedback_dynamics,EleutherAI/pythia-70m,6.493541150121018e-05,direct,fixed_random,31.5511474609375,31.551149368286133,1.0,2,128,1008.3152465820312,0.00028226737049408257,31,final_hidden,2026-07-10T14:47:28.970617+00:00,nonpad_flattened,EleutherAI/pythia-70m,0.03211245957190024,0.03217735114236056
2560,64,2,16,main,wikitext,wikitext-2-raw-v1,validation,cuda,float32,64,pythia_dynamical_edge_normal,26b7b5702e85f3f48652a95f9be74e23223244d1,"[1, 128, 512]",inputs_embeds,paper_style_feedback_dynamics,EleutherAI/pythia-70m,6.632810982409865e-05,direct,fixed_random,31.5511474609375,31.5511474609375,1.0,2,128,1008.3152465820312,0.0002145920298062265,32,final_hidden,2026-07-10T14:47:28.970617+00:00,nonpad_flattened,EleutherAI/pythia-70m,0.03217735114236056,0.03223054692966345
2560,64,2,16,main,wikitext,wikitext-2-raw-v1,validation,cuda,float32,64,pythia_dynamical_edge_normal,26b7b5702e85f3f48652a95f9be74e23223244d1,"[1, 128, 512]",inputs_embeds,paper_style_feedback_dynamics,EleutherAI/pythia-70m,6.663863314315677e-05,direct,fixed_random,31.551151275634766,31.5511474609375,1.0,2,128,1008.3152465820312,0.0001591142063261941,33,final_hidden,2026-07-10T14:47:28.970617+00:00,nonpad_flattened,EleutherAI/pythia-70m,0.03223054692966345,0.03226278639911603
2560,64,2,16,main,wikitext,wikitext-2-raw-v1,validation,cuda,float32,64,pythia_dynamical_edge_normal,26b7b5702e85f3f48652a95f9be74e23223244d1,"[1, 128, 512]",inputs_embeds,paper_style_feedback_dynamics,EleutherAI/pythia-70m,7.214001379907131e-05,direct,fixed_random,31.55115509033203,31.551151275634766,1.0,2,128,1008.3153076171875,0.00014356037718243897,34,final_hidden,2026-07-10T14:47:28.970617+00:00,nonpad_flattened,EleutherAI/pythia-70m,0.03226278639911603,0.03225557268147229
2560,64,2,16,main,wikitext,wikitext-2-raw-v1,validation,cuda,float32,64,pythia_dynamical_edge_normal,26b7b5702e85f3f48652a95f9be74e23223244d1,"[1, 128, 512]",inputs_embeds,paper_style_feedback_dynamics,EleutherAI/pythia-70m,8.043355046538636e-05,direct,fixed_random,31.5511531829834,31.55115509033203,1.0,2,128,1008.3152465820312,0.00013301489525474608,35,final_hidden,2026-07-10T14:47:28.970617+00:00,nonpad_flattened,EleutherAI/pythia-70m,0.03225557268147229,0.032286074104812934
2560,64,2,16,main,wikitext,wikitext-2-raw-v1,validation,cuda,float32,64,pythia_dynamical_edge_normal,26b7b5702e85f3f48652a95f9be74e23223244d1,"[1, 128, 512]",inputs_embeds,paper_style_feedback_dynamics,EleutherAI/pythia-70m,8.150709618348628e-05,direct,fixed_random,31.55115509033203,31.5511531829834,1.0,2,128,1008.3153076171875,0.00011927366722375154,36,final_hidden,2026-07-10T14:47:28.970617+00:00,nonpad_flattened,EleutherAI/pythia-70m,0.032286074104812934,0.03227388030119221
2560,64,2,16,main,wikitext,wikitext-2-raw-v1,validation,cuda,float32,64,pythia_dynamical_edge_normal,26b7b5702e85f3f48652a95f9be74e23223244d1,"[1, 128, 512]",inputs_embeds,paper_style_feedback_dynamics,EleutherAI/pythia-70m,8.202555909520015e-05,direct,fixed_random,31.5511531829834,31.55115509033203,1.0,2,128,1008.3152465820312,0.00011392190208425745,37,final_hidden,2026-07-10T14:47:28.970617+00:00,nonpad_flattened,EleutherAI/pythia-70m,0.03227388030119221,0.032300866552575185
2560,64,2,16,main,wikitext,wikitext-2-raw-v1,validation,cuda,float32,64,pythia_dynamical_edge_normal,26b7b5702e85f3f48652a95f9be74e23223244d1,"[1, 128, 512]",inputs_embeds,paper_style_feedback_dynamics,EleutherAI/pythia-70m,7.744396134512499e-05,direct,fixed_random,31.551158905029297,31.5511531829834,1.0,2,128,1008.3153076171875,0.00010384663619333878,38,final_hidden,2026-07-10T14:47:28.970617+00:00,nonpad_flattened,EleutherAI/pythia-70m,0.032300866552575185,0.03229243175646653
2560,64,2,16,main,wikitext,wikitext-2-raw-v1,validation,cuda,float32,64,pythia_dynamical_edge_normal,26b7b5702e85f3f48652a95f9be74e23223244d1,"[1, 128, 512]",inputs_embeds,paper_style_feedback_dynamics,EleutherAI/pythia-70m,7.827879744581878e-05,direct,fixed_random,31.55115509033203,31.551158905029297,1.0,2,128,1008.3152465820312,9.45746069191955e-05,39,final_hidden,2026-07-10T14:47:28.970617+00:00,nonpad_flattened,EleutherAI/pythia-70m,0.03229243175646653,0.03229740111427994
2560,64,2,16,main,wikitext,wikitext-2-raw-v1,validation,cuda,float32,64,pythia_dynamical_edge_normal,26b7b5702e85f3f48652a95f9be74e23223244d1,"[1, 128, 512]",inputs_embeds,paper_style_feedback_dynamics,EleutherAI/pythia-70m,7.524388638557866e-05,direct,fixed_random,31.55115509033203,31.55115509033203,1.0,2,128,1008.3152465820312,8.939206600189209e-05,40,final_hidden,2026-07-10T14:47:28.970617+00:00,nonpad_flattened,EleutherAI/pythia-70m,0.03229740111427994,0.03231097571469864
2560,64,2,16,main,wikitext,wikitext-2-raw-v1,validation,cuda,float32,64,pythia_dynamical_edge_normal,26b7b5702e85f3f48652a95f9be74e23223244d1,"[1, 128, 512]",inputs_embeds,paper_style_feedback_dynamics,EleutherAI/pythia-70m,6.455474795075133e-05,direct,fixed_random,31.55115509033203,31.55115509033203,1.0,2,128,1008.3152465820312,7.523511885665357e-05,41,final_hidden,2026-07-10T14:47:28.970617+00:00,nonpad_flattened,EleutherAI/pythia-70m,0.03231097571469864,0.032340875051687666
2560,64,2,16,main,wikitext,wikitext-2-raw-v1,validation,cuda,float32,64,pythia_dynamical_edge_normal,26b7b5702e85f3f48652a95f9be74e23223244d1,"[1, 128, 512]",inputs_embeds,paper_style_feedback_dynamics,EleutherAI/pythia-70m,6.562492490047589e-05,direct,fixed_random,31.55115509033203,31.55115509033203,1.0,2,128,1008.3153076171875,6.212180596776307e-05,42,final_hidden,2026-07-10T14:47:28.970617+00:00,nonpad_flattened,EleutherAI/pythia-70m,0.032340875051687666,0.03234569228844821
2560,64,2,16,main,wikitext,wikitext-2-raw-v1,validation,cuda,float32,64,pythia_dynamical_edge_normal,26b7b5702e85f3f48652a95f9be74e23223244d1,"[1, 128, 512]",inputs_embeds,paper_style_feedback_dynamics,EleutherAI/pythia-70m,7.352681859629229e-05,direct,fixed_random,31.5511531829834,31.55115509033203,1.0,2,128,1008.3153076171875,5.709792458219454e-05,43,final_hidden,2026-07-10T14:47:28.970617+00:00,nonpad_flattened,EleutherAI/pythia-70m,0.03234569228844821,0.03235817113550146
2560,64,2,16,main,wikitext,wikitext-2-raw-v1,validation,cuda,float32,64,pythia_dynamical_edge_normal,26b7b5702e85f3f48652a95f9be74e23223244d1,"[1, 128, 512]",inputs_embeds,paper_style_feedback_dynamics,EleutherAI/pythia-70m,6.143218342913315e-05,direct,fixed_random,31.5511531829834,31.5511531829834,1.0,2,128,1008.3153076171875,4.408373570186086e-05,44,final_hidden,2026-07-10T14:47:28.970617+00:00,nonpad_flattened,EleutherAI/pythia-70m,0.03235817113550146,0.032339408014749035
2560,64,2,16,main,wikitext,wikitext-2-raw-v1,validation,cuda,float32,64,pythia_dynamical_edge_normal,26b7b5702e85f3f48652a95f9be74e23223244d1,"[1, 128, 512]",inputs_embeds,paper_style_feedback_dynamics,EleutherAI/pythia-70m,7.09867526893504e-05,direct,fixed_random,31.5511531829834,31.5511531829834,1.0,2,128,1008.3152465820312,4.558311411528848e-05,45,final_hidden,2026-07-10T14:47:28.970617+00:00,nonpad_flattened,EleutherAI/pythia-70m,0.032339408014749035,0.032345006286378486
2560,64,2,16,main,wikitext,wikitext-2-raw-v1,validation,cuda,float32,64,pythia_dynamical_edge_normal,26b7b5702e85f3f48652a95f9be74e23223244d1,"[1, 128, 512]",inputs_embeds,paper_style_feedback_dynamics,EleutherAI/pythia-70m,6.991888221818954e-05,direct,fixed_random,31.55115509033203,31.5511531829834,1.0,2,128,1008.3152465820312,3.97446819988545e-05,46,final_hidden,2026-07-10T14:47:28.970617+00:00,nonpad_flattened,EleutherAI/pythia-70m,0.032345006286378486,0.03234212092302759
2560,64,2,16,main,wikitext,wikitext-2-raw-v1,validation,cuda,float32,64,pythia_dynamical_edge_normal,26b7b5702e85f3f48652a95f9be74e23223244d1,"[1, 128, 512]",inputs_embeds,paper_style_feedback_dynamics,EleutherAI/pythia-70m,6.783143908251077e-05,direct,fixed_random,31.551158905029297,31.55115509033203,1.0,2,128,1008.3152465820312,4.2753821617225185e-05,47,final_hidden,2026-07-10T14:47:28.970617+00:00,nonpad_flattened,EleutherAI/pythia-70m,0.03234212092302759,0.032336218934043454
2560,64,2,16,main,wikitext,wikitext-2-raw-v1,validation,cuda,float32,64,pythia_dynamical_edge_normal,26b7b5702e85f3f48652a95f9be74e23223244d1,"[1, 128, 512]",inputs_embeds,paper_style_feedback_dynamics,EleutherAI/pythia-70m,7.641705451533198e-05,direct,fixed_random,31.551158905029297,31.551158905029297,1.0,2,128,1008.3152465820312,4.890900891041383e-05,48,final_hidden,2026-07-10T14:47:28.970617+00:00,nonpad_flattened,EleutherAI/pythia-70m,0.032336218934043454,0.03232804271237063
2560,64,2,16,main,wikitext,wikitext-2-raw-v1,validation,cuda,float32,64,pythia_dynamical_edge_normal,26b7b5702e85f3f48652a95f9be74e23223244d1,"[1, 128, 512]",inputs_embeds,paper_style_feedback_dynamics,EleutherAI/pythia-70m,6.950776150915772e-05,direct,fixed_random,31.55115509033203,31.551158905029297,1.0,2,128,1008.3152465820312,5.743597284890711e-05,49,final_hidden,2026-07-10T14:47:28.970617+00:00,nonpad_flattened,EleutherAI/pythia-70m,0.03232804271237063,0.03235761546794662
2560,64,2,16,main,wikitext,wikitext-2-raw-v1,validation,cuda,float32,64,pythia_dynamical_edge_normal,26b7b5702e85f3f48652a95f9be74e23223244d1,"[1, 128, 512]",inputs_embeds,paper_style_feedback_dynamics,EleutherAI/pythia-70m,6.730119639541954e-05,direct,fixed_random,31.55115509033203,31.55115509033203,1.0,2,128,1008.3153076171875,4.4663247535936534e-05,50,final_hidden,2026-07-10T14:47:28.970617+00:00,nonpad_flattened,EleutherAI/pythia-70m,0.03235761546794662,0.03234450247097562
2560,64,2,16,main,wikitext,wikitext-2-raw-v1,validation,cuda,float32,64,pythia_dynamical_edge_normal,26b7b5702e85f3f48652a95f9be74e23223244d1,"[1, 128, 512]",inputs_embeds,paper_style_feedback_dynamics,EleutherAI/pythia-70m,6.777186354156584e-05,direct,fixed_random,31.55115509033203,31.55115509033203,1.0,2,128,1008.3152465820312,4.0270108002005145e-05,51,final_hidden,2026-07-10T14:47:28.970617+00:00,nonpad_flattened,EleutherAI/pythia-70m,0.03234450247097562,0.03235264928464887
2560,64,2,16,main,wikitext,wikitext-2-raw-v1,validation,cuda,float32,64,pythia_dynamical_edge_normal,26b7b5702e85f3f48652a95f9be74e23223244d1,"[1, 128, 512]",inputs_embeds,paper_style_feedback_dynamics,EleutherAI/pythia-70m,6.731367466272786e-05,direct,fixed_random,31.551156997680664,31.55115509033203,1.0,2,128,1008.3153076171875,4.984247425454669e-05,52,final_hidden,2026-07-10T14:47:28.970617+00:00,nonpad_flattened,EleutherAI/pythia-70m,0.03235264928464887,0.032324890316221024
2560,64,2,16,main,wikitext,wikitext-2-raw-v1,validation,cuda,float32,64,pythia_dynamical_edge_normal,26b7b5702e85f3f48652a95f9be74e23223244d1,"[1, 128, 512]",inputs_embeds,paper_style_feedback_dynamics,EleutherAI/pythia-70m,7.291484507732093e-05,direct,fixed_random,31.551156997680664,31.551156997680664,1.0,2,128,1008.3152465820312,6.072360702091828e-05,53,final_hidden,2026-07-10T14:47:28.970617+00:00,nonpad_flattened,EleutherAI/pythia-70m,0.032324890316221024,0.03232948181911233
2560,64,2,16,main,wikitext,wikitext-2-raw-v1,validation,cuda,float32,64,pythia_dynamical_edge_normal,26b7b5702e85f3f48652a95f9be74e23223244d1,"[1, 128, 512]",inputs_embeds,paper_style_feedback_dynamics,EleutherAI/pythia-70m,7.122939132386819e-05,direct,fixed_random,31.551158905029297,31.551156997680664,1.0,2,128,1008.3153076171875,7.40038012736477e-05,54,final_hidden,2026-07-10T14:47:28.970617+00:00,nonpad_flattened,EleutherAI/pythia-70m,0.03232948181911233,0.03232311802383363
2560,64,2,16,main,wikitext,wikitext-2-raw-v1,validation,cuda,float32,64,pythia_dynamical_edge_normal,26b7b5702e85f3f48652a95f9be74e23223244d1,"[1, 128, 512]",inputs_embeds,paper_style_feedback_dynamics,EleutherAI/pythia-70m,7.045212259981781e-05,direct,fixed_random,31.551158905029297,31.551158905029297,1.0,2,128,1008.3152465820312,6.257192580960691e-05,55,final_hidden,2026-07-10T14:47:28.970617+00:00,nonpad_flattened,EleutherAI/pythia-70m,0.03232311802383363,0.032334278359228384
2560,64,2,16,main,wikitext,wikitext-2-raw-v1,validation,cuda,float32,64,pythia_dynamical_edge_normal,26b7b5702e85f3f48652a95f9be74e23223244d1,"[1, 128, 512]",inputs_embeds,paper_style_feedback_dynamics,EleutherAI/pythia-70m,7.566344720544294e-05,direct,fixed_random,31.55115509033203,31.551158905029297,1.0,2,128,1008.3153076171875,6.900150037836283e-05,56,final_hidden,2026-07-10T14:47:28.970617+00:00,nonpad_flattened,EleutherAI/pythia-70m,0.032334278359228384,0.032320856573069844
2560,64,2,16,main,wikitext,wikitext-2-raw-v1,validation,cuda,float32,64,pythia_dynamical_edge_normal,26b7b5702e85f3f48652a95f9be74e23223244d1,"[1, 128, 512]",inputs_embeds,paper_style_feedback_dynamics,EleutherAI/pythia-70m,7.126939453883097e-05,direct,fixed_random,31.551156997680664,31.55115509033203,1.0,2,128,1008.3152465820312,6.49303910904564e-05,57,final_hidden,2026-07-10T14:47:28.970617+00:00,nonpad_flattened,EleutherAI/pythia-70m,0.032320856573069844,0.03234892355864746
2560,64,2,16,main,wikitext,wikitext-2-raw-v1,validation,cuda,float32,64,pythia_dynamical_edge_normal,26b7b5702e85f3f48652a95f9be74e23223244d1,"[1, 128, 512]",inputs_embeds,paper_style_feedback_dynamics,EleutherAI/pythia-70m,6.952782132430002e-05,direct,fixed_random,31.55115509033203,31.551156997680664,1.0,2,128,1008.3153076171875,5.372803207137622e-05,58,final_hidden,2026-07-10T14:47:28.970617+00:00,nonpad_flattened,EleutherAI/pythia-70m,0.03234892355864746,0.03235479809741743
2560,64,2,16,main,wikitext,wikitext-2-raw-v1,validation,cuda,float32,64,pythia_dynamical_edge_normal,26b7b5702e85f3f48652a95f9be74e23223244d1,"[1, 128, 512]",inputs_embeds,paper_style_feedback_dynamics,EleutherAI/pythia-70m,6.675831536995247e-05,direct,fixed_random,31.5511531829834,31.55115509033203,1.0,2,128,1008.3153076171875,4.760147930937819e-05,59,final_hidden,2026-07-10T14:47:28.970617+00:00,nonpad_flattened,EleutherAI/pythia-70m,0.03235479809741743,0.03235640271182358
2560,64,2,16,main,wikitext,wikitext-2-raw-v1,validation,cuda,float32,64,pythia_dynamical_edge_normal,26b7b5702e85f3f48652a95f9be74e23223244d1,"[1, 128, 512]",inputs_embeds,paper_style_feedback_dynamics,EleutherAI/pythia-70m,6.852711521787569e-05,direct,fixed_random,31.551156997680664,31.5511531829834,1.0,2,128,1008.3153076171875,4.5928030885988846e-05,60,final_hidden,2026-07-10T14:47:28.970617+00:00,nonpad_flattened,EleutherAI/pythia-70m,0.03235640271182358,0.03235456765960818
2560,64,2,16,main,wikitext,wikitext-2-raw-v1,validation,cuda,float32,64,pythia_dynamical_edge_normal,26b7b5702e85f3f48652a95f9be74e23223244d1,"[1, 128, 512]",inputs_embeds,paper_style_feedback_dynamics,EleutherAI/pythia-70m,6.496434070868418e-05,direct,fixed_random,31.551156997680664,31.551156997680664,1.0,2,128,1008.3153076171875,4.784180055139586e-05,61,final_hidden,2026-07-10T14:47:28.970617+00:00,nonpad_flattened,EleutherAI/pythia-70m,0.03235456765960818,0.0323442815826058
2560,64,2,16,main,wikitext,wikitext-2-raw-v1,validation,cuda,float32,64,pythia_dynamical_edge_normal,26b7b5702e85f3f48652a95f9be74e23223244d1,"[1, 128, 512]",inputs_embeds,paper_style_feedback_dynamics,EleutherAI/pythia-70m,7.08042862243019e-05,direct,fixed_random,31.55115509033203,31.551156997680664,1.0,2,128,1008.3152465820312,4.0500475734006613e-05,62,final_hidden,2026-07-10T14:47:28.970617+00:00,nonpad_flattened,EleutherAI/pythia-70m,0.0323442815826058,0.03234672363237697
65536,64,3,16,main,wikitext,wikitext-2-raw-v1,validation,cuda,float32,64,pythia_dynamical_edge_normal,26b7b5702e85f3f48652a95f9be74e23223244d1,"[1, 128, 512]",inputs_embeds,paper_style_feedback_dynamics,EleutherAI/pythia-70m,0.0005390344886109233,direct,fixed_random,-8.808897972106934,-8.807198524475098,1.0,3,128,5100.97509765625,2.475614547729492,0,final_hidden,2026-07-10T14:47:28.970617+00:00,nonpad_flattened,EleutherAI/pythia-70m,-2.395428463768793,-1.8379933891912326
65536,64,3,16,main,wikitext,wikitext-2-raw-v1,validation,cuda,float32,64,pythia_dynamical_edge_normal,26b7b5702e85f3f48652a95f9be74e23223244d1,"[1, 128, 512]",inputs_embeds,paper_style_feedback_dynamics,EleutherAI/pythia-70m,0.00046704322448931634,direct,fixed_random,-8.810259819030762,-8.808897972106934,1.0,3,128,5101.1416015625,1.9435501098632812,1,final_hidden,2026-07-10T14:47:28.970617+00:00,nonpad_flattened,EleutherAI/pythia-70m,-1.8379933891912326,-1.4024257402417197
65536,64,3,16,main,wikitext,wikitext-2-raw-v1,validation,cuda,float32,64,pythia_dynamical_edge_normal,26b7b5702e85f3f48652a95f9be74e23223244d1,"[1, 128, 512]",inputs_embeds,paper_style_feedback_dynamics,EleutherAI/pythia-70m,0.00041093851905316114,direct,fixed_random,-8.811349868774414,-8.810259819030762,1.0,3,128,5101.27001953125,1.5273092985153198,2,final_hidden,2026-07-10T14:47:28.970617+00:00,nonpad_flattened,EleutherAI/pythia-70m,-1.4024257402417197,-1.0615677092504583
65536,64,3,16,main,wikitext,wikitext-2-raw-v1,validation,cuda,float32,64,pythia_dynamical_edge_normal,26b7b5702e85f3f48652a95f9be74e23223244d1,"[1, 128, 512]",inputs_embeds,paper_style_feedback_dynamics,EleutherAI/pythia-70m,0.0003830909845419228,direct,fixed_random,-8.812213897705078,-8.811349868774414,1.0,3,128,5101.369140625,1.2011702060699463,3,final_hidden,2026-07-10T14:47:28.970617+00:00,nonpad_flattened,EleutherAI/pythia-70m,-1.0615677092504583,-0.7943953273312673
65536,64,3,16,main,wikitext,wikitext-2-raw-v1,validation,cuda,float32,64,pythia_dynamical_edge_normal,26b7b5702e85f3f48652a95f9be74e23223244d1,"[1, 128, 512]",inputs_embeds,paper_style_feedback_dynamics,EleutherAI/pythia-70m,0.0003857939736917615,direct,fixed_random,-8.812910079956055,-8.812213897705078,1.0,3,128,5101.44580078125,0.9452298879623413,4,final_hidden,2026-07-10T14:47:28.970617+00:00,nonpad_flattened,EleutherAI/pythia-70m,-0.7943953273312673,-0.5847101515200901
65536,64,3,16,main,wikitext,wikitext-2-raw-v1,validation,cuda,float32,64,pythia_dynamical_edge_normal,26b7b5702e85f3f48652a95f9be74e23223244d1,"[1, 128, 512]",inputs_embeds,paper_style_feedback_dynamics,EleutherAI/pythia-70m,0.00035915544140152633,direct,fixed_random,-8.813447952270508,-8.812910079956055,1.0,3,128,5101.50537109375,0.7441843748092651,5,final_hidden,2026-07-10T14:47:28.970617+00:00,nonpad_flattened,EleutherAI/pythia-70m,-0.5847101515200901,-0.4199706219072245
65536,64,3,16,main,wikitext,wikitext-2-raw-v1,validation,cuda,float32,64,pythia_dynamical_edge_normal,26b7b5702e85f3f48652a95f9be74e23223244d1,"[1, 128, 512]",inputs_embeds,paper_style_feedback_dynamics,EleutherAI/pythia-70m,0.00035661636502481997,direct,fixed_random,-8.813884735107422,-8.813447952270508,1.0,3,128,5101.5517578125,0.5861101746559143,6,final_hidden,2026-07-10T14:47:28.970617+00:00,nonpad_flattened,EleutherAI/pythia-70m,-0.4199706219072245,-0.29063192183713366
65536,64,3,16,main,wikitext,wikitext-2-raw-v1,validation,cuda,float32,64,pythia_dynamical_edge_normal,26b7b5702e85f3f48652a95f9be74e23223244d1,"[1, 128, 512]",inputs_embeds,paper_style_feedback_dynamics,EleutherAI/pythia-70m,0.000344074476743117,direct,fixed_random,-8.814229011535645,-8.813884735107422,1.0,3,128,5101.58740234375,0.4617759883403778,7,final_hidden,2026-07-10T14:47:28.970617+00:00,nonpad_flattened,EleutherAI/pythia-70m,-0.29063192183713366,-0.18886888836746898
65536,64,3,16,main,wikitext,wikitext-2-raw-v1,validation,cuda,float32,64,pythia_dynamical_edge_normal,26b7b5702e85f3f48652a95f9be74e23223244d1,"[1, 128, 512]",inputs_embeds,paper_style_feedback_dynamics,EleutherAI/pythia-70m,0.0003453798999544233,direct,fixed_random,-8.81450080871582,-8.814229011535645,1.0,3,128,5101.615234375,0.36388763785362244,8,final_hidden,2026-07-10T14:47:28.970617+00:00,nonpad_flattened,EleutherAI/pythia-70m,-0.18886888836746898,-0.10872178149256918
65536,64,3,16,main,wikitext,wikitext-2-raw-v1,validation,cuda,float32,64,pythia_dynamical_edge_normal,26b7b5702e85f3f48652a95f9be74e23223244d1,"[1, 128, 512]",inputs_embeds,paper_style_feedback_dynamics,EleutherAI/pythia-70m,0.00034398105344735086,direct,fixed_random,-8.814712524414062,-8.81450080871582,1.0,3,128,5101.63720703125,0.28680768609046936,9,final_hidden,2026-07-10T14:47:28.970617+00:00,nonpad_flattened,EleutherAI/pythia-70m,-0.10872178149256918,-0.04552605275825656
65536,64,3,16,main,wikitext,wikitext-2-raw-v1,validation,cuda,float32,64,pythia_dynamical_edge_normal,26b7b5702e85f3f48652a95f9be74e23223244d1,"[1, 128, 512]",inputs_embeds,paper_style_feedback_dynamics,EleutherAI/pythia-70m,0.00034564422094263136,direct,fixed_random,-8.814886093139648,-8.814712524414062,1.0,3,128,5101.65478515625,0.2261050045490265,10,final_hidden,2026-07-10T14:47:28.970617+00:00,nonpad_flattened,EleutherAI/pythia-70m,-0.04552605275825656,0.004080782518815603
65536,64,3,16,main,wikitext,wikitext-2-raw-v1,validation,cuda,float32,64,pythia_dynamical_edge_normal,26b7b5702e85f3f48652a95f9be74e23223244d1,"[1, 128, 512]",inputs_embeds,paper_style_feedback_dynamics,EleutherAI/pythia-70m,0.00033738641650415957,direct,fixed_random,-8.815019607543945,-8.814886093139648,1.0,3,128,5101.66796875,0.17827369272708893,11,final_hidden,2026-07-10T14:47:28.970617+00:00,nonpad_flattened,EleutherAI/pythia-70m,0.004080782518815603,0.0432961680632239
65536,64,3,16,main,wikitext,wikitext-2-raw-v1,validation,cuda,float32,64,pythia_dynamical_edge_normal,26b7b5702e85f3f48652a95f9be74e23223244d1,"[1, 128, 512]",inputs_embeds,paper_style_feedback_dynamics,EleutherAI/pythia-70m,0.00034294649958610535,direct,fixed_random,-8.815118789672852,-8.815019607543945,1.0,3,128,5101.6787109375,0.1405564248561859,12,final_hidden,2026-07-10T14:47:28.970617+00:00,nonpad_flattened,EleutherAI/pythia-70m,0.0432961680632239,0.07415491454417308
65536,64,3,16,main,wikitext,wikitext-2-raw-v1,validation,cuda,float32,64,pythia_dynamical_edge_normal,26b7b5702e85f3f48652a95f9be74e23223244d1,"[1, 128, 512]",inputs_embeds,paper_style_feedback_dynamics,EleutherAI/pythia-70m,0.00033064797753468156,direct,fixed_random,-8.815202713012695,-8.815118789672852,1.0,3,128,5101.68701171875,0.1108316034078598,13,final_hidden,2026-07-10T14:47:28.970617+00:00,nonpad_flattened,EleutherAI/pythia-70m,0.07415491454417308,0.0982589222391838
65536,64,3,16,main,wikitext,wikitext-2-raw-v1,validation,cuda,float32,64,pythia_dynamical_edge_normal,26b7b5702e85f3f48652a95f9be74e23223244d1,"[1, 128, 512]",inputs_embeds,paper_style_feedback_dynamics,EleutherAI/pythia-70m,0.0003355504013597965,direct,fixed_random,-8.815269470214844,-8.815202713012695,1.0,3,128,5101.69287109375,0.0874290019273758,14,final_hidden,2026-07-10T14:47:28.970617+00:00,nonpad_flattened,EleutherAI/pythia-70m,0.0982589222391838,0.11750608108472964
65536,64,3,16,main,wikitext,wikitext-2-raw-v1,validation,cuda,float32,64,pythia_dynamical_edge_normal,26b7b5702e85f3f48652a95f9be74e23223244d1,"[1, 128, 512]",inputs_embeds,paper_style_feedback_dynamics,EleutherAI/pythia-70m,0.0003350107872392982,direct,fixed_random,-8.81532096862793,-8.815269470214844,1.0,3,128,5101.6982421875,0.06894627958536148,15,final_hidden,2026-07-10T14:47:28.970617+00:00,nonpad_flattened,EleutherAI/pythia-70m,0.11750608108472964,0.13259191271163073
65536,64,3,16,main,wikitext,wikitext-2-raw-v1,validation,cuda,float32,64,pythia_dynamical_edge_normal,26b7b5702e85f3f48652a95f9be74e23223244d1,"[1, 128, 512]",inputs_embeds,paper_style_feedback_dynamics,EleutherAI/pythia-70m,0.00033187182270921767,direct,fixed_random,-8.815364837646484,-8.81532096862793,1.0,3,128,5101.7021484375,0.05437000095844269,16,final_hidden,2026-07-10T14:47:28.970617+00:00,nonpad_flattened,EleutherAI/pythia-70m,0.13259191271163073,0.14440178070837753
65536,64,3,16,main,wikitext,wikitext-2-raw-v1,validation,cuda,float32,64,pythia_dynamical_edge_normal,26b7b5702e85f3f48652a95f9be74e23223244d1,"[1, 128, 512]",inputs_embeds,paper_style_feedback_dynamics,EleutherAI/pythia-70m,0.00034303838037885725,direct,fixed_random,-8.815397262573242,-8.815364837646484,1.0,3,128,5101.705078125,0.04292116314172745,17,final_hidden,2026-07-10T14:47:28.970617+00:00,nonpad_flattened,EleutherAI/pythia-70m,0.14440178070837753,0.153800171169781
65536,64,3,16,main,wikitext,wikitext-2-raw-v1,validation,cuda,float32,64,pythia_dynamical_edge_normal,26b7b5702e85f3f48652a95f9be74e23223244d1,"[1, 128, 512]",inputs_embeds,paper_style_feedback_dynamics,EleutherAI/pythia-70m,0.00033903366420418024,direct,fixed_random,-8.815420150756836,-8.815397262573242,1.0,3,128,5101.70751953125,0.033842533826828,18,final_hidden,2026-07-10T14:47:28.970617+00:00,nonpad_flattened,EleutherAI/pythia-70m,0.153800171169781,0.1611967108216385
65536,64,3,16,main,wikitext,wikitext-2-raw-v1,validation,cuda,float32,64,pythia_dynamical_edge_normal,26b7b5702e85f3f48652a95f9be74e23223244d1,"[1, 128, 512]",inputs_embeds,paper_style_feedback_dynamics,EleutherAI/pythia-70m,0.000334578740876168,direct,fixed_random,-8.815438270568848,-8.815420150756836,1.0,3,128,5101.70947265625,0.026707014068961143,19,final_hidden,2026-07-10T14:47:28.970617+00:00,nonpad_flattened,EleutherAI/pythia-70m,0.1611967108216385,0.16702074952370743
65536,64,3,16,main,wikitext,wikitext-2-raw-v1,validation,cuda,float32,64,pythia_dynamical_edge_normal,26b7b5702e85f3f48652a95f9be74e23223244d1,"[1, 128, 512]",inputs_embeds,paper_style_feedback_dynamics,EleutherAI/pythia-70m,0.0003309946332592517,direct,fixed_random,-8.815451622009277,-8.815438270568848,1.0,3,128,5101.7109375,0.02106694132089615,20,final_hidden,2026-07-10T14:47:28.970617+00:00,nonpad_flattened,EleutherAI/pythia-70m,0.16702074952370743,0.1717147554350453
65536,64,3,16,main,wikitext,wikitext-2-raw-v1,validation,cuda,float32,64,pythia_dynamical_edge_normal,26b7b5702e85f3f48652a95f9be74e23223244d1,"[1, 128, 512]",inputs_embeds,paper_style_feedback_dynamics,EleutherAI/pythia-70m,0.0003241043887101114,direct,fixed_random,-8.815463066101074,-8.815451622009277,1.0,3,128,5101.71240234375,0.01660509966313839,21,final_hidden,2026-07-10T14:47:28.970617+00:00,nonpad_flattened,EleutherAI/pythia-70m,0.1717147554350453,0.1752086933779032
65536,64,3,16,main,wikitext,wikitext-2-raw-v1,validation,cuda,float32,64,pythia_dynamical_edge_normal,26b7b5702e85f3f48652a95f9be74e23223244d1,"[1, 128, 512]",inputs_embeds,paper_style_feedback_dynamics,EleutherAI/pythia-70m,0.00034486016375012696,direct,fixed_random,-8.815475463867188,-8.815463066101074,1.0,3,128,5101.712890625,0.013106261380016804,22,final_hidden,2026-07-10T14:47:28.970617+00:00,nonpad_flattened,EleutherAI/pythia-70m,0.1752086933779032,0.17816592738755463
65536,64,3,16,main,wikitext,wikitext-2-raw-v1,validation,cuda,float32,64,pythia_dynamical_edge_normal,26b7b5702e85f3f48652a95f9be74e23223244d1,"[1, 128, 512]",inputs_embeds,paper_style_feedback_dynamics,EleutherAI/pythia-70m,0.0003345779550727457,direct,fixed_random,-8.815488815307617,-8.815475463867188,1.0,3,128,5101.7138671875,0.010311144404113293,23,final_hidden,2026-07-10T14:47:28.970617+00:00,nonpad_flattened,EleutherAI/pythia-70m,0.17816592738755463,0.18052035933147825
65536,64,3,16,main,wikitext,wikitext-2-raw-v1,validation,cuda,float32,64,pythia_dynamical_edge_normal,26b7b5702e85f3f48652a95f9be74e23223244d1,"[1, 128, 512]",inputs_embeds,paper_style_feedback_dynamics,EleutherAI/pythia-70m,0.0003313611669000238,direct,fixed_random,-8.8154935836792,-8.815488815307617,1.0,3,128,5101.71484375,0.008144539780914783,24,final_hidden,2026-07-10T14:47:28.970617+00:00,nonpad_flattened,EleutherAI/pythia-70m,0.18052035933147825,0.18209600050847416
65536,64,3,16,main,wikitext,wikitext-2-raw-v1,validation,cuda,float32,64,pythia_dynamical_edge_normal,26b7b5702e85f3f48652a95f9be74e23223244d1,"[1, 128, 512]",inputs_embeds,paper_style_feedback_dynamics,EleutherAI/pythia-70m,0.00032690027728676796,direct,fixed_random,-8.8154935836792,-8.8154935836792,1.0,3,128,5101.71484375,0.006501694675534964,25,final_hidden,2026-07-10T14:47:28.970617+00:00,nonpad_flattened,EleutherAI/pythia-70m,0.18209600050847416,0.1835747984058165
65536,64,3,16,main,wikitext,wikitext-2-raw-v1,validation,cuda,float32,64,pythia_dynamical_edge_normal,26b7b5702e85f3f48652a95f9be74e23223244d1,"[1, 128, 512]",inputs_embeds,paper_style_feedback_dynamics,EleutherAI/pythia-70m,0.00033787518623284996,direct,fixed_random,-8.815505981445312,-8.8154935836792,1.0,3,128,5101.71533203125,0.005103946663439274,26,final_hidden,2026-07-10T14:47:28.970617+00:00,nonpad_flattened,EleutherAI/pythia-70m,0.1835747984058165,0.18471428715655375
65536,64,3,16,main,wikitext,wikitext-2-raw-v1,validation,cuda,float32,64,pythia_dynamical_edge_normal,26b7b5702e85f3f48652a95f9be74e23223244d1,"[1, 128, 512]",inputs_embeds,paper_style_feedback_dynamics,EleutherAI/pythia-70m,0.00032965035643428564,direct,fixed_random,-8.81550407409668,-8.815505981445312,1.0,3,128,5101.7158203125,0.0040599810890853405,27,final_hidden,2026-07-10T14:47:28.970617+00:00,nonpad_flattened,EleutherAI/pythia-70m,0.18471428715655375,0.18551294209424576
65536,64,3,16,main,wikitext,wikitext-2-raw-v1,validation,cuda,float32,64,pythia_dynamical_edge_normal,26b7b5702e85f3f48652a95f9be74e23223244d1,"[1, 128, 512]",inputs_embeds,paper_style_feedback_dynamics,EleutherAI/pythia-70m,0.00034008914371952415,direct,fixed_random,-8.815511703491211,-8.81550407409668,1.0,3,128,5101.7158203125,0.003227261360734701,28,final_hidden,2026-07-10T14:47:28.970617+00:00,nonpad_flattened,EleutherAI/pythia-70m,0.18551294209424576,0.18636312694484367
65536,64,3,16,main,wikitext,wikitext-2-raw-v1,validation,cuda,float32,64,pythia_dynamical_edge_normal,26b7b5702e85f3f48652a95f9be74e23223244d1,"[1, 128, 512]",inputs_embeds,paper_style_feedback_dynamics,EleutherAI/pythia-70m,0.00032373209251090884,direct,fixed_random,-8.815511703491211,-8.815511703491211,1.0,3,128,5101.71630859375,0.0024849395267665386,29,final_hidden,2026-07-10T14:47:28.970617+00:00,nonpad_flattened,EleutherAI/pythia-70m,0.18636312694484367,0.1868536611308435
65536,64,3,16,main,wikitext,wikitext-2-raw-v1,validation,cuda,float32,64,pythia_dynamical_edge_normal,26b7b5702e85f3f48652a95f9be74e23223244d1,"[1, 128, 512]",inputs_embeds,paper_style_feedback_dynamics,EleutherAI/pythia-70m,0.00032521079992875457,direct,fixed_random,-8.815507888793945,-8.815511703491211,1.0,3,128,5101.71630859375,0.0019734830129891634,30,final_hidden,2026-07-10T14:47:28.970617+00:00,nonpad_flattened,EleutherAI/pythia-70m,0.1868536611308435,0.18717799592557713
65536,64,3,16,main,wikitext,wikitext-2-raw-v1,validation,cuda,float32,64,pythia_dynamical_edge_normal,26b7b5702e85f3f48652a95f9be74e23223244d1,"[1, 128, 512]",inputs_embeds,paper_style_feedback_dynamics,EleutherAI/pythia-70m,0.0003197746991645545,direct,fixed_random,-8.815511703491211,-8.815507888793945,1.0,3,128,5101.71630859375,0.0016353150131180882,31,final_hidden,2026-07-10T14:47:28.970617+00:00,nonpad_flattened,EleutherAI/pythia-70m,0.18717799592557713,0.18749980390165194
65536,64,3,16,main,wikitext,wikitext-2-raw-v1,validation,cuda,float32,64,pythia_dynamical_edge_normal,26b7b5702e85f3f48652a95f9be74e23223244d1,"[1, 128, 512]",inputs_embeds,paper_style_feedback_dynamics,EleutherAI/pythia-70m,0.00031429066439159214,direct,fixed_random,-8.815509796142578,-8.815511703491211,1.0,3,128,5101.71630859375,0.0012997816083952785,32,final_hidden,2026-07-10T14:47:28.970617+00:00,nonpad_flattened,EleutherAI/pythia-70m,0.18749980390165194,0.18794965855544568
65536,64,3,16,main,wikitext,wikitext-2-raw-v1,validation,cuda,float32,64,pythia_dynamical_edge_normal,26b7b5702e85f3f48652a95f9be74e23223244d1,"[1, 128, 512]",inputs_embeds,paper_style_feedback_dynamics,EleutherAI/pythia-70m,0.0003249549481552094,direct,fixed_random,-8.815511703491211,-8.815509796142578,1.0,3,128,5101.716796875,0.0009748633019626141,33,final_hidden,2026-07-10T14:47:28.970617+00:00,nonpad_flattened,EleutherAI/pythia-70m,0.18794965855544568,0.18815744750990532
65536,64,3,16,main,wikitext,wikitext-2-raw-v1,validation,cuda,float32,64,pythia_dynamical_edge_normal,26b7b5702e85f3f48652a95f9be74e23223244d1,"[1, 128, 512]",inputs_embeds,paper_style_feedback_dynamics,EleutherAI/pythia-70m,0.0003388134064152837,direct,fixed_random,-8.81551456451416,-8.815511703491211,1.0,3,128,5101.716796875,0.0007582109537906945,34,final_hidden,2026-07-10T14:47:28.970617+00:00,nonpad_flattened,EleutherAI/pythia-70m,0.18815744750990532,0.18823802191009903
65536,64,3,16,main,wikitext,wikitext-2-raw-v1,validation,cuda,float32,64,pythia_dynamical_edge_normal,26b7b5702e85f3f48652a95f9be74e23223244d1,"[1, 128, 512]",inputs_embeds,paper_style_feedback_dynamics,EleutherAI/pythia-70m,0.00042896001832559705,direct,fixed_random,-8.815513610839844,-8.81551456451416,1.0,3,128,5101.716796875,0.0006741947727277875,35,final_hidden,2026-07-10T14:47:28.970617+00:00,nonpad_flattened,EleutherAI/pythia-70m,0.18823802191009903,0.18830029912463894
65536,64,3,16,main,wikitext,wikitext-2-raw-v1,validation,cuda,float32,64,pythia_dynamical_edge_normal,26b7b5702e85f3f48652a95f9be74e23223244d1,"[1, 128, 512]",inputs_embeds,paper_style_feedback_dynamics,EleutherAI/pythia-70m,0.0003948207595385611,direct,fixed_random,-8.815515518188477,-8.815513610839844,1.0,3,128,5101.716796875,0.0006092632538639009,36,final_hidden,2026-07-10T14:47:28.970617+00:00,nonpad_flattened,EleutherAI/pythia-70m,0.18830029912463894,0.18835628186274458
65536,64,3,16,main,wikitext,wikitext-2-raw-v1,validation,cuda,float32,64,pythia_dynamical_edge_normal,26b7b5702e85f3f48652a95f9be74e23223244d1,"[1, 128, 512]",inputs_embeds,paper_style_feedback_dynamics,EleutherAI/pythia-70m,0.00042681439663283527,direct,fixed_random,-8.815513610839844,-8.815515518188477,1.0,3,128,5101.716796875,0.0005508909234777093,37,final_hidden,2026-07-10T14:47:28.970617+00:00,nonpad_flattened,EleutherAI/pythia-70m,0.18835628186274458,0.188395799512833
65536,64,3,16,main,wikitext,wikitext-2-raw-v1,validation,cuda,float32,64,pythia_dynamical_edge_normal,26b7b5702e85f3f48652a95f9be74e23223244d1,"[1, 128, 512]",inputs_embeds,paper_style_feedback_dynamics,EleutherAI/pythia-70m,0.0004055002355016768,direct,fixed_random,-8.815516471862793,-8.815513610839844,1.0,3,128,5101.716796875,0.0005096889799460769,38,final_hidden,2026-07-10T14:47:28.970617+00:00,nonpad_flattened,EleutherAI/pythia-70m,0.188395799512833,0.18840315106278027
65536,64,3,16,main,wikitext,wikitext-2-raw-v1,validation,cuda,float32,64,pythia_dynamical_edge_normal,26b7b5702e85f3f48652a95f9be74e23223244d1,"[1, 128, 512]",inputs_embeds,paper_style_feedback_dynamics,EleutherAI/pythia-70m,0.0004018635954707861,direct,fixed_random,-8.815510749816895,-8.815516471862793,1.0,3,128,5101.716796875,0.0005020240787416697,39,final_hidden,2026-07-10T14:47:28.970617+00:00,nonpad_flattened,EleutherAI/pythia-70m,0.18840315106278027,0.1884440026339859
65536,64,3,16,main,wikitext,wikitext-2-raw-v1,validation,cuda,float32,64,pythia_dynamical_edge_normal,26b7b5702e85f3f48652a95f9be74e23223244d1,"[1, 128, 512]",inputs_embeds,paper_style_feedback_dynamics,EleutherAI/pythia-70m,0.0004045819223392755,direct,fixed_random,-8.815509796142578,-8.815510749816895,1.0,3,128,5101.716796875,0.0004594299534801394,40,final_hidden,2026-07-10T14:47:28.970617+00:00,nonpad_flattened,EleutherAI/pythia-70m,0.1884440026339859,0.18848131769851054
65536,64,3,16,main,wikitext,wikitext-2-raw-v1,validation,cuda,float32,64,pythia_dynamical_edge_normal,26b7b5702e85f3f48652a95f9be74e23223244d1,"[1, 128, 512]",inputs_embeds,paper_style_feedback_dynamics,EleutherAI/pythia-70m,0.00040383479790762067,direct,fixed_random,-8.815510749816895,-8.815509796142578,1.0,3,128,5101.716796875,0.0004205233708489686,41,final_hidden,2026-07-10T14:47:28.970617+00:00,nonpad_flattened,EleutherAI/pythia-70m,0.18848131769851054,0.1885169854929973
65536,64,3,16,main,wikitext,wikitext-2-raw-v1,validation,cuda,float32,64,pythia_dynamical_edge_normal,26b7b5702e85f3f48652a95f9be74e23223244d1,"[1, 128, 512]",inputs_embeds,paper_style_feedback_dynamics,EleutherAI/pythia-70m,0.000378442375222221,direct,fixed_random,-8.815509796142578,-8.815510749816895,1.0,3,128,5101.716796875,0.0003833357186522335,42,final_hidden,2026-07-10T14:47:28.970617+00:00,nonpad_flattened,EleutherAI/pythia-70m,0.1885169854929973,0.18858835843420335
65536,64,3,16,main,wikitext,wikitext-2-raw-v1,validation,cuda,float32,64,pythia_dynamical_edge_normal,26b7b5702e85f3f48652a95f9be74e23223244d1,"[1, 128, 512]",inputs_embeds,paper_style_feedback_dynamics,EleutherAI/pythia-70m,0.0003506162320263684,direct,fixed_random,-8.815511703491211,-8.815509796142578,1.0,3,128,5101.716796875,0.00030892016366124153,43,final_hidden,2026-07-10T14:47:28.970617+00:00,nonpad_flattened,EleutherAI/pythia-70m,0.18858835843420335,0.188631501113269
65536,64,3,16,main,wikitext,wikitext-2-raw-v1,validation,cuda,float32,64,pythia_dynamical_edge_normal,26b7b5702e85f3f48652a95f9be74e23223244d1,"[1, 128, 512]",inputs_embeds,paper_style_feedback_dynamics,EleutherAI/pythia-70m,0.00032542983535677195,direct,fixed_random,-8.815511703491211,-8.815511703491211,1.0,3,128,5101.716796875,0.00026393879670649767,44,final_hidden,2026-07-10T14:47:28.970617+00:00,nonpad_flattened,EleutherAI/pythia-70m,0.188631501113269,0.18865193393851165
65536,64,3,16,main,wikitext,wikitext-2-raw-v1,validation,cuda,float32,64,pythia_dynamical_edge_normal,26b7b5702e85f3f48652a95f9be74e23223244d1,"[1, 128, 512]",inputs_embeds,paper_style_feedback_dynamics,EleutherAI/pythia-70m,0.0003266882267780602,direct,fixed_random,-8.81551456451416,-8.815511703491211,1.0,3,128,5101.716796875,0.00024263439991045743,45,final_hidden,2026-07-10T14:47:28.970617+00:00,nonpad_flattened,EleutherAI/pythia-70m,0.18865193393851165,0.18866479354011367
65536,64,3,16,main,wikitext,wikitext-2-raw-v1,validation,cuda,float32,64,pythia_dynamical_edge_normal,26b7b5702e85f3f48652a95f9be74e23223244d1,"[1, 128, 512]",inputs_embeds,paper_style_feedback_dynamics,EleutherAI/pythia-70m,0.0003280074743088335,direct,fixed_random,-8.815511703491211,-8.81551456451416,1.0,3,128,5101.716796875,0.00022922623611520976,46,final_hidden,2026-07-10T14:47:28.970617+00:00,nonpad_flattened,EleutherAI/pythia-70m,0.18866479354011367,0.18864872011885028
65536,64,3,16,main,wikitext,wikitext-2-raw-v1,validation,cuda,float32,64,pythia_dynamical_edge_normal,26b7b5702e85f3f48652a95f9be74e23223244d1,"[1, 128, 512]",inputs_embeds,paper_style_feedback_dynamics,EleutherAI/pythia-70m,0.000346340355463326,direct,fixed_random,-8.815512657165527,-8.815511703491211,1.0,3,128,5101.716796875,0.00024598417803645134,47,final_hidden,2026-07-10T14:47:28.970617+00:00,nonpad_flattened,EleutherAI/pythia-70m,0.18864872011885028,0.18862226289801778
65536,64,3,16,main,wikitext,wikitext-2-raw-v1,validation,cuda,float32,64,pythia_dynamical_edge_normal,26b7b5702e85f3f48652a95f9be74e23223244d1,"[1, 128, 512]",inputs_embeds,paper_style_feedback_dynamics,EleutherAI/pythia-70m,0.0003517212753649801,direct,fixed_random,-8.815510749816895,-8.815512657165527,1.0,3,128,5101.716796875,0.0002735695452429354,48,final_hidden,2026-07-10T14:47:28.970617+00:00,nonpad_flattened,EleutherAI/pythia-70m,0.18862226289801778,0.18863140220248728
65536,64,3,16,main,wikitext,wikitext-2-raw-v1,validation,cuda,float32,64,pythia_dynamical_edge_normal,26b7b5702e85f3f48652a95f9be74e23223244d1,"[1, 128, 512]",inputs_embeds,paper_style_feedback_dynamics,EleutherAI/pythia-70m,0.0003364381263963878,direct,fixed_random,-8.815509796142578,-8.815510749816895,1.0,3,128,5101.716796875,0.0002640413003973663,49,final_hidden,2026-07-10T14:47:28.970617+00:00,nonpad_flattened,EleutherAI/pythia-70m,0.18863140220248728,0.18862933914623783
65536,64,3,16,main,wikitext,wikitext-2-raw-v1,validation,cuda,float32,64,pythia_dynamical_edge_normal,26b7b5702e85f3f48652a95f9be74e23223244d1,"[1, 128, 512]",inputs_embeds,paper_style_feedback_dynamics,EleutherAI/pythia-70m,0.0003453984099905938,direct,fixed_random,-8.815510749816895,-8.815509796142578,1.0,3,128,5101.716796875,0.00026619184063747525,50,final_hidden,2026-07-10T14:47:28.970617+00:00,nonpad_flattened,EleutherAI/pythia-70m,0.18862933914623783,0.18864369038807322
65536,64,3,16,main,wikitext,wikitext-2-raw-v1,validation,cuda,float32,64,pythia_dynamical_edge_normal,26b7b5702e85f3f48652a95f9be74e23223244d1,"[1, 128, 512]",inputs_embeds,paper_style_feedback_dynamics,EleutherAI/pythia-70m,0.00034703401615843177,direct,fixed_random,-8.815510749816895,-8.815510749816895,1.0,3,128,5101.716796875,0.0002512283972464502,51,final_hidden,2026-07-10T14:47:28.970617+00:00,nonpad_flattened,EleutherAI/pythia-70m,0.18864369038807322,0.18863483205249792
65536,64,3,16,main,wikitext,wikitext-2-raw-v1,validation,cuda,float32,64,pythia_dynamical_edge_normal,26b7b5702e85f3f48652a95f9be74e23223244d1,"[1, 128, 512]",inputs_embeds,paper_style_feedback_dynamics,EleutherAI/pythia-70m,0.0003542386111803353,direct,fixed_random,-8.815515518188477,-8.815510749816895,1.0,3,128,5101.716796875,0.00026046414859592915,52,final_hidden,2026-07-10T14:47:28.970617+00:00,nonpad_flattened,EleutherAI/pythia-70m,0.18863483205249792,0.18863273296859834
65536,64,3,16,main,wikitext,wikitext-2-raw-v1,validation,cuda,float32,64,pythia_dynamical_edge_normal,26b7b5702e85f3f48652a95f9be74e23223244d1,"[1, 128, 512]",inputs_embeds,paper_style_feedback_dynamics,EleutherAI/pythia-70m,0.000347175111528486,direct,fixed_random,-8.815511703491211,-8.815515518188477,1.0,3,128,5101.716796875,0.0002626531640999019,53,final_hidden,2026-07-10T14:47:28.970617+00:00,nonpad_flattened,EleutherAI/pythia-70m,0.18863273296859834,0.18862359934222822
65536,64,3,16,main,wikitext,wikitext-2-raw-v1,validation,cuda,float32,64,pythia_dynamical_edge_normal,26b7b5702e85f3f48652a95f9be74e23223244d1,"[1, 128, 512]",inputs_embeds,paper_style_feedback_dynamics,EleutherAI/pythia-70m,0.0003504691121634096,direct,fixed_random,-8.815515518188477,-8.815511703491211,1.0,3,128,5101.716796875,0.00027217617025598884,54,final_hidden,2026-07-10T14:47:28.970617+00:00,nonpad_flattened,EleutherAI/pythia-70m,0.18862359934222822,0.18862726002423497
65536,64,3,16,main,wikitext,wikitext-2-raw-v1,validation,cuda,float32,64,pythia_dynamical_edge_normal,26b7b5702e85f3f48652a95f9be74e23223244d1,"[1, 128, 512]",inputs_embeds,paper_style_feedback_dynamics,EleutherAI/pythia-70m,0.0003382632858119905,direct,fixed_random,-8.815513610839844,-8.815515518188477,1.0,3,128,5101.716796875,0.00026836004690267146,55,final_hidden,2026-07-10T14:47:28.970617+00:00,nonpad_flattened,EleutherAI/pythia-70m,0.18862726002423497,0.18864017044631093
65536,64,3,16,main,wikitext,wikitext-2-raw-v1,validation,cuda,float32,64,pythia_dynamical_edge_normal,26b7b5702e85f3f48652a95f9be74e23223244d1,"[1, 128, 512]",inputs_embeds,paper_style_feedback_dynamics,EleutherAI/pythia-70m,0.00035306887002661824,direct,fixed_random,-8.815509796142578,-8.815513610839844,1.0,3,128,5101.716796875,0.0002548981283325702,56,final_hidden,2026-07-10T14:47:28.970617+00:00,nonpad_flattened,EleutherAI/pythia-70m,0.18864017044631093,0.18863343065133606
65536,64,3,16,main,wikitext,wikitext-2-raw-v1,validation,cuda,float32,64,pythia_dynamical_edge_normal,26b7b5702e85f3f48652a95f9be74e23223244d1,"[1, 128, 512]",inputs_embeds,paper_style_feedback_dynamics,EleutherAI/pythia-70m,0.0003432550001889467,direct,fixed_random,-8.81551456451416,-8.815509796142578,1.0,3,128,5101.716796875,0.0002619259466882795,57,final_hidden,2026-07-10T14:47:28.970617+00:00,nonpad_flattened,EleutherAI/pythia-70m,0.18863343065133606,0.18862793484547896
65536,64,3,16,main,wikitext,wikitext-2-raw-v1,validation,cuda,float32,64,pythia_dynamical_edge_normal,26b7b5702e85f3f48652a95f9be74e23223244d1,"[1, 128, 512]",inputs_embeds,paper_style_feedback_dynamics,EleutherAI/pythia-70m,0.0003461272281128913,direct,fixed_random,-8.815511703491211,-8.81551456451416,1.0,3,128,5101.716796875,0.0002676559961400926,58,final_hidden,2026-07-10T14:47:28.970617+00:00,nonpad_flattened,EleutherAI/pythia-70m,0.18862793484547896,0.1886326377227526
65536,64,3,16,main,wikitext,wikitext-2-raw-v1,validation,cuda,float32,64,pythia_dynamical_edge_normal,26b7b5702e85f3f48652a95f9be74e23223244d1,"[1, 128, 512]",inputs_embeds,paper_style_feedback_dynamics,EleutherAI/pythia-70m,0.00034830448566935956,direct,fixed_random,-8.815511703491211,-8.815511703491211,1.0,3,128,5101.716796875,0.0002627524081617594,59,final_hidden,2026-07-10T14:47:28.970617+00:00,nonpad_flattened,EleutherAI/pythia-70m,0.1886326377227526,0.1886347510451063
65536,64,3,16,main,wikitext,wikitext-2-raw-v1,validation,cuda,float32,64,pythia_dynamical_edge_normal,26b7b5702e85f3f48652a95f9be74e23223244d1,"[1, 128, 512]",inputs_embeds,paper_style_feedback_dynamics,EleutherAI/pythia-70m,0.00035275908885523677,direct,fixed_random,-8.815513610839844,-8.815511703491211,1.0,3,128,5101.716796875,0.00026054869522340596,60,final_hidden,2026-07-10T14:47:28.970617+00:00,nonpad_flattened,EleutherAI/pythia-70m,0.1886347510451063,0.1886214748077033
65536,64,3,16,main,wikitext,wikitext-2-raw-v1,validation,cuda,float32,64,pythia_dynamical_edge_normal,26b7b5702e85f3f48652a95f9be74e23223244d1,"[1, 128, 512]",inputs_embeds,paper_style_feedback_dynamics,EleutherAI/pythia-70m,0.0003489216906018555,direct,fixed_random,-8.815513610839844,-8.815513610839844,1.0,3,128,5101.716796875,0.0002743914083112031,61,final_hidden,2026-07-10T14:47:28.970617+00:00,nonpad_flattened,EleutherAI/pythia-70m,0.1886214748077033,0.18862903980866003
65536,64,3,16,main,wikitext,wikitext-2-raw-v1,validation,cuda,float32,64,pythia_dynamical_edge_normal,26b7b5702e85f3f48652a95f9be74e23223244d1,"[1, 128, 512]",inputs_embeds,paper_style_feedback_dynamics,EleutherAI/pythia-70m,0.00035402097273617983,direct,fixed_random,-8.81551456451416,-8.815513610839844,1.0,3,128,5101.716796875,0.0002665034553501755,62,final_hidden,2026-07-10T14:47:28.970617+00:00,nonpad_flattened,EleutherAI/pythia-70m,0.18862903980866003,0.18863667182235336
40960,64,4,16,main,wikitext,wikitext-2-raw-v1,validation,cuda,float32,64,pythia_dynamical_edge_normal,26b7b5702e85f3f48652a95f9be74e23223244d1,"[1, 128, 512]",inputs_embeds,paper_style_feedback_dynamics,EleutherAI/pythia-70m,0.0004738768329843879,direct,fixed_random,-10.67497444152832,-10.682806968688965,1.0,4,128,4032.69384765625,1.905402421951294,0,final_hidden,2026-07-10T14:47:28.970617+00:00,nonpad_flattened,EleutherAI/pythia-70m,-1.842518562826708,-1.4146221291685512
40960,64,4,16,main,wikitext,wikitext-2-raw-v1,validation,cuda,float32,64,pythia_dynamical_edge_normal,26b7b5702e85f3f48652a95f9be74e23223244d1,"[1, 128, 512]",inputs_embeds,paper_style_feedback_dynamics,EleutherAI/pythia-70m,0.0004089938593097031,direct,fixed_random,-10.668657302856445,-10.67497444152832,1.0,4,128,4032.82080078125,1.4967173337936401,1,final_hidden,2026-07-10T14:47:28.970617+00:00,nonpad_flattened,EleutherAI/pythia-70m,-1.4146221291685512,-1.0800439262435741
40960,64,4,16,main,wikitext,wikitext-2-raw-v1,validation,cuda,float32,64,pythia_dynamical_edge_normal,26b7b5702e85f3f48652a95f9be74e23223244d1,"[1, 128, 512]",inputs_embeds,paper_style_feedback_dynamics,EleutherAI/pythia-70m,0.0003656090993899852,direct,fixed_random,-10.663591384887695,-10.668657302856445,1.0,4,128,4032.918701171875,1.1767598390579224,2,final_hidden,2026-07-10T14:47:28.970617+00:00,nonpad_flattened,EleutherAI/pythia-70m,-1.0800439262435741,-0.8179964964483148
40960,64,4,16,main,wikitext,wikitext-2-raw-v1,validation,cuda,float32,64,pythia_dynamical_edge_normal,26b7b5702e85f3f48652a95f9be74e23223244d1,"[1, 128, 512]",inputs_embeds,paper_style_feedback_dynamics,EleutherAI/pythia-70m,0.00033678661566227674,direct,fixed_random,-10.65951919555664,-10.663591384887695,1.0,4,128,4032.994384765625,0.9258719682693481,3,final_hidden,2026-07-10T14:47:28.970617+00:00,nonpad_flattened,EleutherAI/pythia-70m,-0.8179964964483148,-0.6124054769933317
40960,64,4,16,main,wikitext,wikitext-2-raw-v1,validation,cuda,float32,64,pythia_dynamical_edge_normal,26b7b5702e85f3f48652a95f9be74e23223244d1,"[1, 128, 512]",inputs_embeds,paper_style_feedback_dynamics,EleutherAI/pythia-70m,0.0003070021921303123,direct,fixed_random,-10.656269073486328,-10.65951919555664,1.0,4,128,4033.05322265625,0.7288777232170105,4,final_hidden,2026-07-10T14:47:28.970617+00:00,nonpad_flattened,EleutherAI/pythia-70m,-0.6124054769933317,-0.45105167326976775
40960,64,4,16,main,wikitext,wikitext-2-raw-v1,validation,cuda,float32,64,pythia_dynamical_edge_normal,26b7b5702e85f3f48652a95f9be74e23223244d1,"[1, 128, 512]",inputs_embeds,paper_style_feedback_dynamics,EleutherAI/pythia-70m,0.00029377578175626695,direct,fixed_random,-10.653675079345703,-10.656269073486328,1.0,4,128,4033.0986328125,0.5740456581115723,5,final_hidden,2026-07-10T14:47:28.970617+00:00,nonpad_flattened,EleutherAI/pythia-70m,-0.45105167326976775,-0.3241513911614816
40960,64,4,16,main,wikitext,wikitext-2-raw-v1,validation,cuda,float32,64,pythia_dynamical_edge_normal,26b7b5702e85f3f48652a95f9be74e23223244d1,"[1, 128, 512]",inputs_embeds,paper_style_feedback_dynamics,EleutherAI/pythia-70m,0.00027498198323883116,direct,fixed_random,-10.651606559753418,-10.653675079345703,1.0,4,128,4033.13427734375,0.45225420594215393,6,final_hidden,2026-07-10T14:47:28.970617+00:00,nonpad_flattened,EleutherAI/pythia-70m,-0.3241513911614816,-0.22442130336015387
40960,64,4,16,main,wikitext,wikitext-2-raw-v1,validation,cuda,float32,64,pythia_dynamical_edge_normal,26b7b5702e85f3f48652a95f9be74e23223244d1,"[1, 128, 512]",inputs_embeds,paper_style_feedback_dynamics,EleutherAI/pythia-70m,0.0002758129558060318,direct,fixed_random,-10.649957656860352,-10.651606559753418,1.0,4,128,4033.161865234375,0.35641440749168396,7,final_hidden,2026-07-10T14:47:28.970617+00:00,nonpad_flattened,EleutherAI/pythia-70m,-0.22442130336015387,-0.14587044225404755
40960,64,4,16,main,wikitext,wikitext-2-raw-v1,validation,cuda,float32,64,pythia_dynamical_edge_normal,26b7b5702e85f3f48652a95f9be74e23223244d1,"[1, 128, 512]",inputs_embeds,paper_style_feedback_dynamics,EleutherAI/pythia-70m,0.00027341023087501526,direct,fixed_random,-10.648648262023926,-10.649957656860352,1.0,4,128,4033.18359375,0.28092747926712036,8,final_hidden,2026-07-10T14:47:28.970617+00:00,nonpad_flattened,EleutherAI/pythia-70m,-0.14587044225404755,-0.08416257345767386
40960,64,4,16,main,wikitext,wikitext-2-raw-v1,validation,cuda,float32,64,pythia_dynamical_edge_normal,26b7b5702e85f3f48652a95f9be74e23223244d1,"[1, 128, 512]",inputs_embeds,paper_style_feedback_dynamics,EleutherAI/pythia-70m,0.00027106518973596394,direct,fixed_random,-10.647615432739258,-10.648648262023926,1.0,4,128,4033.2001953125,0.22148925065994263,9,final_hidden,2026-07-10T14:47:28.970617+00:00,nonpad_flattened,EleutherAI/pythia-70m,-0.08416257345767386,-0.0354917661072432
40960,64,4,16,main,wikitext,wikitext-2-raw-v1,validation,cuda,float32,64,pythia_dynamical_edge_normal,26b7b5702e85f3f48652a95f9be74e23223244d1,"[1, 128, 512]",inputs_embeds,paper_style_feedback_dynamics,EleutherAI/pythia-70m,0.0002631008392199874,direct,fixed_random,-10.646785736083984,-10.647615432739258,1.0,4,128,4033.21337890625,0.17463482916355133,10,final_hidden,2026-07-10T14:47:28.970617+00:00,nonpad_flattened,EleutherAI/pythia-70m,-0.0354917661072432,0.002902390397107503
40960,64,4,16,main,wikitext,wikitext-2-raw-v1,validation,cuda,float32,64,pythia_dynamical_edge_normal,26b7b5702e85f3f48652a95f9be74e23223244d1,"[1, 128, 512]",inputs_embeds,paper_style_feedback_dynamics,EleutherAI/pythia-70m,0.0002665555803105235,direct,fixed_random,-10.646136283874512,-10.646785736083984,1.0,4,128,4033.223876953125,0.1377023309469223,11,final_hidden,2026-07-10T14:47:28.970617+00:00,nonpad_flattened,EleutherAI/pythia-70m,0.002902390397107503,0.03303619475890907
40960,64,4,16,main,wikitext,wikitext-2-raw-v1,validation,cuda,float32,64,pythia_dynamical_edge_normal,26b7b5702e85f3f48652a95f9be74e23223244d1,"[1, 128, 512]",inputs_embeds,paper_style_feedback_dynamics,EleutherAI/pythia-70m,0.00026316032744944096,direct,fixed_random,-10.645618438720703,-10.646136283874512,1.0,4,128,4033.231689453125,0.10859041661024094,12,final_hidden,2026-07-10T14:47:28.970617+00:00,nonpad_flattened,EleutherAI/pythia-70m,0.03303619475890907,0.056774874460334225
40960,64,4,16,main,wikitext,wikitext-2-raw-v1,validation,cuda,float32,64,pythia_dynamical_edge_normal,26b7b5702e85f3f48652a95f9be74e23223244d1,"[1, 128, 512]",inputs_embeds,paper_style_feedback_dynamics,EleutherAI/pythia-70m,0.0002675089635886252,direct,fixed_random,-10.645210266113281,-10.645618438720703,1.0,4,128,4033.23779296875,0.08564179390668869,13,final_hidden,2026-07-10T14:47:28.970617+00:00,nonpad_flattened,EleutherAI/pythia-70m,0.056774874460334225,0.07556681995542242
40960,64,4,16,main,wikitext,wikitext-2-raw-v1,validation,cuda,float32,64,pythia_dynamical_edge_normal,26b7b5702e85f3f48652a95f9be74e23223244d1,"[1, 128, 512]",inputs_embeds,paper_style_feedback_dynamics,EleutherAI/pythia-70m,0.00026667065685614944,direct,fixed_random,-10.64488697052002,-10.645210266113281,1.0,4,128,4033.242919921875,0.06756193935871124,14,final_hidden,2026-07-10T14:47:28.970617+00:00,nonpad_flattened,EleutherAI/pythia-70m,0.07556681995542242,0.09041310838940365
40960,64,4,16,main,wikitext,wikitext-2-raw-v1,validation,cuda,float32,64,pythia_dynamical_edge_normal,26b7b5702e85f3f48652a95f9be74e23223244d1,"[1, 128, 512]",inputs_embeds,paper_style_feedback_dynamics,EleutherAI/pythia-70m,0.00027317999047227204,direct,fixed_random,-10.644630432128906,-10.64488697052002,1.0,4,128,4033.2470703125,0.05330755189061165,15,final_hidden,2026-07-10T14:47:28.970617+00:00,nonpad_flattened,EleutherAI/pythia-70m,0.09041310838940365,0.10197586543015749
40960,64,4,16,main,wikitext,wikitext-2-raw-v1,validation,cuda,float32,64,pythia_dynamical_edge_normal,26b7b5702e85f3f48652a95f9be74e23223244d1,"[1, 128, 512]",inputs_embeds,paper_style_feedback_dynamics,EleutherAI/pythia-70m,0.0002752734872046858,direct,fixed_random,-10.644428253173828,-10.644630432128906,1.0,4,128,4033.249755859375,0.04204527661204338,16,final_hidden,2026-07-10T14:47:28.970617+00:00,nonpad_flattened,EleutherAI/pythia-70m,0.10197586543015749,0.11123721819175704
40960,64,4,16,main,wikitext,wikitext-2-raw-v1,validation,cuda,float32,64,pythia_dynamical_edge_normal,26b7b5702e85f3f48652a95f9be74e23223244d1,"[1, 128, 512]",inputs_embeds,paper_style_feedback_dynamics,EleutherAI/pythia-70m,0.0002691320260055363,direct,fixed_random,-10.644269943237305,-10.644428253173828,1.0,4,128,4033.25244140625,0.03318147361278534,17,final_hidden,2026-07-10T14:47:28.970617+00:00,nonpad_flattened,EleutherAI/pythia-70m,0.11123721819175704,0.11845598905102189
40960,64,4,16,main,wikitext,wikitext-2-raw-v1,validation,cuda,float32,64,pythia_dynamical_edge_normal,26b7b5702e85f3f48652a95f9be74e23223244d1,"[1, 128, 512]",inputs_embeds,paper_style_feedback_dynamics,EleutherAI/pythia-70m,0.00027888634940609336,direct,fixed_random,-10.644136428833008,-10.644269943237305,1.0,4,128,4033.254150390625,0.026159795001149178,18,final_hidden,2026-07-10T14:47:28.970617+00:00,nonpad_flattened,EleutherAI/pythia-70m,0.11845598905102189,0.12415891603251333
40960,64,4,16,main,wikitext,wikitext-2-raw-v1,validation,cuda,float32,64,pythia_dynamical_edge_normal,26b7b5702e85f3f48652a95f9be74e23223244d1,"[1, 128, 512]",inputs_embeds,paper_style_feedback_dynamics,EleutherAI/pythia-70m,0.0002726113598328084,direct,fixed_random,-10.64404296875,-10.644136428833008,1.0,4,128,4033.255615234375,0.020646244287490845,19,final_hidden,2026-07-10T14:47:28.970617+00:00,nonpad_flattened,EleutherAI/pythia-70m,0.12415891603251333,0.1286835121406656
40960,64,4,16,main,wikitext,wikitext-2-raw-v1,validation,cuda,float32,64,pythia_dynamical_edge_normal,26b7b5702e85f3f48652a95f9be74e23223244d1,"[1, 128, 512]",inputs_embeds,paper_style_feedback_dynamics,EleutherAI/pythia-70m,0.0002610754454508424,direct,fixed_random,-10.643962860107422,-10.64404296875,1.0,4,128,4033.2568359375,0.01628907211124897,20,final_hidden,2026-07-10T14:47:28.970617+00:00,nonpad_flattened,EleutherAI/pythia-70m,0.1286835121406656,0.13226649056947945
40960,64,4,16,main,wikitext,wikitext-2-raw-v1,validation,cuda,float32,64,pythia_dynamical_edge_normal,26b7b5702e85f3f48652a95f9be74e23223244d1,"[1, 128, 512]",inputs_embeds,paper_style_feedback_dynamics,EleutherAI/pythia-70m,0.0002546109026297927,direct,fixed_random,-10.643901824951172,-10.643962860107422,1.0,4,128,4033.2578125,0.01284158043563366,21,final_hidden,2026-07-10T14:47:28.970617+00:00,nonpad_flattened,EleutherAI/pythia-70m,0.13226649056947945,0.13506772506884523
40960,64,4,16,main,wikitext,wikitext-2-raw-v1,validation,cuda,float32,64,pythia_dynamical_edge_normal,26b7b5702e85f3f48652a95f9be74e23223244d1,"[1, 128, 512]",inputs_embeds,paper_style_feedback_dynamics,EleutherAI/pythia-70m,0.00027006168966181576,direct,fixed_random,-10.643850326538086,-10.643901824951172,1.0,4,128,4033.258544921875,0.01013715099543333,22,final_hidden,2026-07-10T14:47:28.970617+00:00,nonpad_flattened,EleutherAI/pythia-70m,0.13506772506884523,0.1372805162497293
40960,64,4,16,main,wikitext,wikitext-2-raw-v1,validation,cuda,float32,64,pythia_dynamical_edge_normal,26b7b5702e85f3f48652a95f9be74e23223244d1,"[1, 128, 512]",inputs_embeds,paper_style_feedback_dynamics,EleutherAI/pythia-70m,0.0002633639669511467,direct,fixed_random,-10.643813133239746,-10.643850326538086,1.0,4,128,4033.259033203125,0.007974334061145782,23,final_hidden,2026-07-10T14:47:28.970617+00:00,nonpad_flattened,EleutherAI/pythia-70m,0.1372805162497293,0.13903354409038543
40960,64,4,16,main,wikitext,wikitext-2-raw-v1,validation,cuda,float32,64,pythia_dynamical_edge_normal,26b7b5702e85f3f48652a95f9be74e23223244d1,"[1, 128, 512]",inputs_embeds,paper_style_feedback_dynamics,EleutherAI/pythia-70m,0.0002591724041849375,direct,fixed_random,-10.64378547668457,-10.643813133239746,1.0,4,128,4033.259521484375,0.00629067188128829,24,final_hidden,2026-07-10T14:47:28.970617+00:00,nonpad_flattened,EleutherAI/pythia-70m,0.13903354409038543,0.1403717088257697
40960,64,4,16,main,wikitext,wikitext-2-raw-v1,validation,cuda,float32,64,pythia_dynamical_edge_normal,26b7b5702e85f3f48652a95f9be74e23223244d1,"[1, 128, 512]",inputs_embeds,paper_style_feedback_dynamics,EleutherAI/pythia-70m,0.0002554725215304643,direct,fixed_random,-10.643760681152344,-10.64378547668457,1.0,4,128,4033.260009765625,0.005039370618760586,25,final_hidden,2026-07-10T14:47:28.970617+00:00,nonpad_flattened,EleutherAI/pythia-70m,0.1403717088257697,0.14149324360739116
40960,64,4,16,main,wikitext,wikitext-2-raw-v1,validation,cuda,float32,64,pythia_dynamical_edge_normal,26b7b5702e85f3f48652a95f9be74e23223244d1,"[1, 128, 512]",inputs_embeds,paper_style_feedback_dynamics,EleutherAI/pythia-70m,0.00027153838891536,direct,fixed_random,-10.643738746643066,-10.643760681152344,1.0,4,128,4033.26025390625,0.003942182753235102,26,final_hidden,2026-07-10T14:47:28.970617+00:00,nonpad_flattened,EleutherAI/pythia-70m,0.14149324360739116,0.14233819568445524
40960,64,4,16,main,wikitext,wikitext-2-raw-v1,validation,cuda,float32,64,pythia_dynamical_edge_normal,26b7b5702e85f3f48652a95f9be74e23223244d1,"[1, 128, 512]",inputs_embeds,paper_style_feedback_dynamics,EleutherAI/pythia-70m,0.0002600857405923307,direct,fixed_random,-10.643726348876953,-10.643738746643066,1.0,4,128,4033.260498046875,0.003133245510980487,27,final_hidden,2026-07-10T14:47:28.970617+00:00,nonpad_flattened,EleutherAI/pythia-70m,0.14233819568445524,0.14294468671985405
40960,64,4,16,main,wikitext,wikitext-2-raw-v1,validation,cuda,float32,64,pythia_dynamical_edge_normal,26b7b5702e85f3f48652a95f9be74e23223244d1,"[1, 128, 512]",inputs_embeds,paper_style_feedback_dynamics,EleutherAI/pythia-70m,0.0002752092550508678,direct,fixed_random,-10.64371109008789,-10.643726348876953,1.0,4,128,4033.260498046875,0.0025011729449033737,28,final_hidden,2026-07-10T14:47:28.970617+00:00,nonpad_flattened,EleutherAI/pythia-70m,0.14294468671985405,0.14358813531160436
40960,64,4,16,main,wikitext,wikitext-2-raw-v1,validation,cuda,float32,64,pythia_dynamical_edge_normal,26b7b5702e85f3f48652a95f9be74e23223244d1,"[1, 128, 512]",inputs_embeds,paper_style_feedback_dynamics,EleutherAI/pythia-70m,0.00026068775332532823,direct,fixed_random,-10.643705368041992,-10.64371109008789,1.0,4,128,4033.2607421875,0.001902238349430263,29,final_hidden,2026-07-10T14:47:28.970617+00:00,nonpad_flattened,EleutherAI/pythia-70m,0.14358813531160436,0.1439387499378572
40960,64,4,16,main,wikitext,wikitext-2-raw-v1,validation,cuda,float32,64,pythia_dynamical_edge_normal,26b7b5702e85f3f48652a95f9be74e23223244d1,"[1, 128, 512]",inputs_embeds,paper_style_feedback_dynamics,EleutherAI/pythia-70m,0.0002514766529202461,direct,fixed_random,-10.643693923950195,-10.643705368041992,1.0,4,128,4033.2607421875,0.0015368364984169602,30,final_hidden,2026-07-10T14:47:28.970617+00:00,nonpad_flattened,EleutherAI/pythia-70m,0.1439387499378572,0.14425596329845064
40960,64,4,16,main,wikitext,wikitext-2-raw-v1,validation,cuda,float32,64,pythia_dynamical_edge_normal,26b7b5702e85f3f48652a95f9be74e23223244d1,"[1, 128, 512]",inputs_embeds,paper_style_feedback_dynamics,EleutherAI/pythia-70m,0.0002487367019057274,direct,fixed_random,-10.643686294555664,-10.643693923950195,1.0,4,128,4033.260986328125,0.0012778958771377802,31,final_hidden,2026-07-10T14:47:28.970617+00:00,nonpad_flattened,EleutherAI/pythia-70m,0.14425596329845064,0.14458474498258292
40960,64,4,16,main,wikitext,wikitext-2-raw-v1,validation,cuda,float32,64,pythia_dynamical_edge_normal,26b7b5702e85f3f48652a95f9be74e23223244d1,"[1, 128, 512]",inputs_embeds,paper_style_feedback_dynamics,EleutherAI/pythia-70m,0.0002441608812659979,direct,fixed_random,-10.643685340881348,-10.643686294555664,1.0,4,128,4033.26123046875,0.001006899168714881,32,final_hidden,2026-07-10T14:47:28.970617+00:00,nonpad_flattened,EleutherAI/pythia-70m,0.14458474498258292,0.14483748765514237
40960,64,4,16,main,wikitext,wikitext-2-raw-v1,validation,cuda,float32,64,pythia_dynamical_edge_normal,26b7b5702e85f3f48652a95f9be74e23223244d1,"[1, 128, 512]",inputs_embeds,paper_style_feedback_dynamics,EleutherAI/pythia-70m,0.0002589824143797159,direct,fixed_random,-10.643678665161133,-10.643685340881348,1.0,4,128,4033.26123046875,0.0007434951839968562,33,final_hidden,2026-07-10T14:47:28.970617+00:00,nonpad_flattened,EleutherAI/pythia-70m,0.14483748765514237,0.14497966196948828
40960,64,4,16,main,wikitext,wikitext-2-raw-v1,validation,cuda,float32,64,pythia_dynamical_edge_normal,26b7b5702e85f3f48652a95f9be74e23223244d1,"[1, 128, 512]",inputs_embeds,paper_style_feedback_dynamics,EleutherAI/pythia-70m,0.0002616888377815485,direct,fixed_random,-10.64367389678955,-10.643678665161133,1.0,4,128,4033.26123046875,0.0005953240906819701,34,final_hidden,2026-07-10T14:47:28.970617+00:00,nonpad_flattened,EleutherAI/pythia-70m,0.14497966196948828,0.14504108363011714
40960,64,4,16,main,wikitext,wikitext-2-raw-v1,validation,cuda,float32,64,pythia_dynamical_edge_normal,26b7b5702e85f3f48652a95f9be74e23223244d1,"[1, 128, 512]",inputs_embeds,paper_style_feedback_dynamics,EleutherAI/pythia-70m,0.00031674595084041357,direct,fixed_random,-10.6436767578125,-10.64367389678955,1.0,4,128,4033.26123046875,0.000531307072378695,35,final_hidden,2026-07-10T14:47:28.970617+00:00,nonpad_flattened,EleutherAI/pythia-70m,0.14504108363011714,0.1450162914004151
40960,64,4,16,main,wikitext,wikitext-2-raw-v1,validation,cuda,float32,64,pythia_dynamical_edge_normal,26b7b5702e85f3f48652a95f9be74e23223244d1,"[1, 128, 512]",inputs_embeds,paper_style_feedback_dynamics,EleutherAI/pythia-70m,0.0003189035051036626,direct,fixed_random,-10.643672943115234,-10.6436767578125,1.0,4,128,4033.260986328125,0.000485493044834584,36,final_hidden,2026-07-10T14:47:28.970617+00:00,nonpad_flattened,EleutherAI/pythia-70m,0.1450162914004151,0.14512315973055673
40960,64,4,16,main,wikitext,wikitext-2-raw-v1,validation,cuda,float32,64,pythia_dynamical_edge_normal,26b7b5702e85f3f48652a95f9be74e23223244d1,"[1, 128, 512]",inputs_embeds,paper_style_feedback_dynamics,EleutherAI/pythia-70m,0.00031592443701811135,direct,fixed_random,-10.64367389678955,-10.643672943115234,1.0,4,128,4033.26123046875,0.0004457692848518491,37,final_hidden,2026-07-10T14:47:28.970617+00:00,nonpad_flattened,EleutherAI/pythia-70m,0.14512315973055673,0.14509730392112286
40960,64,4,16,main,wikitext,wikitext-2-raw-v1,validation,cuda,float32,64,pythia_dynamical_edge_normal,26b7b5702e85f3f48652a95f9be74e23223244d1,"[1, 128, 512]",inputs_embeds,paper_style_feedback_dynamics,EleutherAI/pythia-70m,0.000312235439196229,direct,fixed_random,-10.643672943115234,-10.64367389678955,1.0,4,128,4033.260986328125,0.000401064200559631,38,final_hidden,2026-07-10T14:47:28.970617+00:00,nonpad_flattened,EleutherAI/pythia-70m,0.14509730392112286,0.1451075740101115
40960,64,4,16,main,wikitext,wikitext-2-raw-v1,validation,cuda,float32,64,pythia_dynamical_edge_normal,26b7b5702e85f3f48652a95f9be74e23223244d1,"[1, 128, 512]",inputs_embeds,paper_style_feedback_dynamics,EleutherAI/pythia-70m,0.000308850547298789,direct,fixed_random,-10.643674850463867,-10.643672943115234,1.0,4,128,4033.260986328125,0.0003903612378053367,39,final_hidden,2026-07-10T14:47:28.970617+00:00,nonpad_flattened,EleutherAI/pythia-70m,0.1451075740101115,0.14513150242871528
40960,64,4,16,main,wikitext,wikitext-2-raw-v1,validation,cuda,float32,64,pythia_dynamical_edge_normal,26b7b5702e85f3f48652a95f9be74e23223244d1,"[1, 128, 512]",inputs_embeds,paper_style_feedback_dynamics,EleutherAI/pythia-70m,0.00031006900826469064,direct,fixed_random,-10.643669128417969,-10.643674850463867,1.0,4,128,4033.260986328125,0.00036542347515933216,40,final_hidden,2026-07-10T14:47:28.970617+00:00,nonpad_flattened,EleutherAI/pythia-70m,0.14513150242871528,0.1451655083357582
40960,64,4,16,main,wikitext,wikitext-2-raw-v1,validation,cuda,float32,64,pythia_dynamical_edge_normal,26b7b5702e85f3f48652a95f9be74e23223244d1,"[1, 128, 512]",inputs_embeds,paper_style_feedback_dynamics,EleutherAI/pythia-70m,0.00030446963501162827,direct,fixed_random,-10.643672943115234,-10.643669128417969,1.0,4,128,4033.260986328125,0.000329983769915998,41,final_hidden,2026-07-10T14:47:28.970617+00:00,nonpad_flattened,EleutherAI/pythia-70m,0.1451655083357582,0.14526126961112928
40960,64,4,16,main,wikitext,wikitext-2-raw-v1,validation,cuda,float32,64,pythia_dynamical_edge_normal,26b7b5702e85f3f48652a95f9be74e23223244d1,"[1, 128, 512]",inputs_embeds,paper_style_feedback_dynamics,EleutherAI/pythia-70m,0.0002974078233819455,direct,fixed_random,-10.643671989440918,-10.643672943115234,1.0,4,128,4033.26123046875,0.00030183588387444615,42,final_hidden,2026-07-10T14:47:28.970617+00:00,nonpad_flattened,EleutherAI/pythia-70m,0.14526126961112928,0.14523817940034778
40960,64,4,16,main,wikitext,wikitext-2-raw-v1,validation,cuda,float32,64,pythia_dynamical_edge_normal,26b7b5702e85f3f48652a95f9be74e23223244d1,"[1, 128, 512]",inputs_embeds,paper_style_feedback_dynamics,EleutherAI/pythia-70m,0.0002737624745350331,direct,fixed_random,-10.643672943115234,-10.643671989440918,1.0,4,128,4033.260986328125,0.0002542502770666033,43,final_hidden,2026-07-10T14:47:28.970617+00:00,nonpad_flattened,EleutherAI/pythia-70m,0.14523817940034778,0.1452884048367188
40960,64,4,16,main,wikitext,wikitext-2-raw-v1,validation,cuda,float32,64,pythia_dynamical_edge_normal,26b7b5702e85f3f48652a95f9be74e23223244d1,"[1, 128, 512]",inputs_embeds,paper_style_feedback_dynamics,EleutherAI/pythia-70m,0.0002542638685554266,direct,fixed_random,-10.643669128417969,-10.643672943115234,1.0,4,128,4033.260986328125,0.0002019081439357251,44,final_hidden,2026-07-10T14:47:28.970617+00:00,nonpad_flattened,EleutherAI/pythia-70m,0.1452884048367188,0.14531674742051576
40960,64,4,16,main,wikitext,wikitext-2-raw-v1,validation,cuda,float32,64,pythia_dynamical_edge_normal,26b7b5702e85f3f48652a95f9be74e23223244d1,"[1, 128, 512]",inputs_embeds,paper_style_feedback_dynamics,EleutherAI/pythia-70m,0.00024280282377731055,direct,fixed_random,-10.643667221069336,-10.643669128417969,1.0,4,128,4033.260986328125,0.00017237113206647336,45,final_hidden,2026-07-10T14:47:28.970617+00:00,nonpad_flattened,EleutherAI/pythia-70m,0.14531674742051576,0.14532822529510558
40960,64,4,16,main,wikitext,wikitext-2-raw-v1,validation,cuda,float32,64,pythia_dynamical_edge_normal,26b7b5702e85f3f48652a95f9be74e23223244d1,"[1, 128, 512]",inputs_embeds,paper_style_feedback_dynamics,EleutherAI/pythia-70m,0.0002500339178368449,direct,fixed_random,-10.64366626739502,-10.643667221069336,1.0,4,128,4033.260986328125,0.0001604085264261812,46,final_hidden,2026-07-10T14:47:28.970617+00:00,nonpad_flattened,EleutherAI/pythia-70m,0.14532822529510558,0.1453184567623361
40960,64,4,16,main,wikitext,wikitext-2-raw-v1,validation,cuda,float32,64,pythia_dynamical_edge_normal,26b7b5702e85f3f48652a95f9be74e23223244d1,"[1, 128, 512]",inputs_embeds,paper_style_feedback_dynamics,EleutherAI/pythia-70m,0.0002621216408442706,direct,fixed_random,-10.643664360046387,-10.64366626739502,1.0,4,128,4033.260986328125,0.00017058802768588066,47,final_hidden,2026-07-10T14:47:28.970617+00:00,nonpad_flattened,EleutherAI/pythia-70m,0.1453184567623361,0.14528021489110612
40960,64,4,16,main,wikitext,wikitext-2-raw-v1,validation,cuda,float32,64,pythia_dynamical_edge_normal,26b7b5702e85f3f48652a95f9be74e23223244d1,"[1, 128, 512]",inputs_embeds,paper_style_feedback_dynamics,EleutherAI/pythia-70m,0.0002783127420116216,direct,fixed_random,-10.643659591674805,-10.643664360046387,1.0,4,128,4033.260986328125,0.00021044144523330033,48,final_hidden,2026-07-10T14:47:28.970617+00:00,nonpad_flattened,EleutherAI/pythia-70m,0.14528021489110612,0.1452667630970264
40960,64,4,16,main,wikitext,wikitext-2-raw-v1,validation,cuda,float32,64,pythia_dynamical_edge_normal,26b7b5702e85f3f48652a95f9be74e23223244d1,"[1, 128, 512]",inputs_embeds,paper_style_feedback_dynamics,EleutherAI/pythia-70m,0.00027562546893022954,direct,fixed_random,-10.643667221069336,-10.643659591674805,1.0,4,128,4033.260986328125,0.0002244608331238851,49,final_hidden,2026-07-10T14:47:28.970617+00:00,nonpad_flattened,EleutherAI/pythia-70m,0.1452667630970264,0.14533572617693286
40960,64,4,16,main,wikitext,wikitext-2-raw-v1,validation,cuda,float32,64,pythia_dynamical_edge_normal,26b7b5702e85f3f48652a95f9be74e23223244d1,"[1, 128, 512]",inputs_embeds,paper_style_feedback_dynamics,EleutherAI/pythia-70m,0.0002717898169066757,direct,fixed_random,-10.643667221069336,-10.643667221069336,1.0,4,128,4033.26123046875,0.00022424114285968244,50,final_hidden,2026-07-10T14:47:28.970617+00:00,nonpad_flattened,EleutherAI/pythia-70m,0.14533572617693286,0.14533921073470926
40960,64,4,16,main,wikitext,wikitext-2-raw-v1,validation,cuda,float32,64,pythia_dynamical_edge_normal,26b7b5702e85f3f48652a95f9be74e23223244d1,"[1, 128, 512]",inputs_embeds,paper_style_feedback_dynamics,EleutherAI/pythia-70m,0.0002693166898097843,direct,fixed_random,-10.643665313720703,-10.643667221069336,1.0,4,128,4033.26123046875,0.00022060982882976532,51,final_hidden,2026-07-10T14:47:28.970617+00:00,nonpad_flattened,EleutherAI/pythia-70m,0.14533921073470926,0.14529077277296143
40960,64,4,16,main,wikitext,wikitext-2-raw-v1,validation,cuda,float32,64,pythia_dynamical_edge_normal,26b7b5702e85f3f48652a95f9be74e23223244d1,"[1, 128, 512]",inputs_embeds,paper_style_feedback_dynamics,EleutherAI/pythia-70m,0.0002612476237118244,direct,fixed_random,-10.643667221069336,-10.643665313720703,1.0,4,128,4033.260986328125,0.00019943973165936768,52,final_hidden,2026-07-10T14:47:28.970617+00:00,nonpad_flattened,EleutherAI/pythia-70m,0.14529077277296143,0.14529580718149127
40960,64,4,16,main,wikitext,wikitext-2-raw-v1,validation,cuda,float32,64,pythia_dynamical_edge_normal,26b7b5702e85f3f48652a95f9be74e23223244d1,"[1, 128, 512]",inputs_embeds,paper_style_feedback_dynamics,EleutherAI/pythia-70m,0.00027107977075502276,direct,fixed_random,-10.643662452697754,-10.643667221069336,1.0,4,128,4033.260986328125,0.00019419213640503585,53,final_hidden,2026-07-10T14:47:28.970617+00:00,nonpad_flattened,EleutherAI/pythia-70m,0.14529580718149127,0.14534873053017816
40960,64,4,16,main,wikitext,wikitext-2-raw-v1,validation,cuda,float32,64,pythia_dynamical_edge_normal,26b7b5702e85f3f48652a95f9be74e23223244d1,"[1, 128, 512]",inputs_embeds,paper_style_feedback_dynamics,EleutherAI/pythia-70m,0.0002715707814786583,direct,fixed_random,-10.643665313720703,-10.643662452697754,1.0,4,128,4033.26123046875,0.00021068831847514957,54,final_hidden,2026-07-10T14:47:28.970617+00:00,nonpad_flattened,EleutherAI/pythia-70m,0.14534873053017816,0.14536231197346708
40960,64,4,16,main,wikitext,wikitext-2-raw-v1,validation,cuda,float32,64,pythia_dynamical_edge_normal,26b7b5702e85f3f48652a95f9be74e23223244d1,"[1, 128, 512]",inputs_embeds,paper_style_feedback_dynamics,EleutherAI/pythia-70m,0.00026511691976338625,direct,fixed_random,-10.643659591674805,-10.643665313720703,1.0,4,128,4033.26123046875,0.00019653460185509175,55,final_hidden,2026-07-10T14:47:28.970617+00:00,nonpad_flattened,EleutherAI/pythia-70m,0.14536231197346708,0.14529669732201692
40960,64,4,16,main,wikitext,wikitext-2-raw-v1,validation,cuda,float32,64,pythia_dynamical_edge_normal,26b7b5702e85f3f48652a95f9be74e23223244d1,"[1, 128, 512]",inputs_embeds,paper_style_feedback_dynamics,EleutherAI/pythia-70m,0.00027057662373408675,direct,fixed_random,-10.643667221069336,-10.643659591674805,1.0,4,128,4033.260986328125,0.00019326449546497315,56,final_hidden,2026-07-10T14:47:28.970617+00:00,nonpad_flattened,EleutherAI/pythia-70m,0.14529669732201692,0.14535428971683934
40960,64,4,16,main,wikitext,wikitext-2-raw-v1,validation,cuda,float32,64,pythia_dynamical_edge_normal,26b7b5702e85f3f48652a95f9be74e23223244d1,"[1, 128, 512]",inputs_embeds,paper_style_feedback_dynamics,EleutherAI/pythia-70m,0.00028013793053105474,direct,fixed_random,-10.643667221069336,-10.643667221069336,1.0,4,128,4033.26123046875,0.00020489392045419663,57,final_hidden,2026-07-10T14:47:28.970617+00:00,nonpad_flattened,EleutherAI/pythia-70m,0.14535428971683934,0.1452902745642943
40960,64,4,16,main,wikitext,wikitext-2-raw-v1,validation,cuda,float32,64,pythia_dynamical_edge_normal,26b7b5702e85f3f48652a95f9be74e23223244d1,"[1, 128, 512]",inputs_embeds,paper_style_feedback_dynamics,EleutherAI/pythia-70m,0.00026928403531201184,direct,fixed_random,-10.643665313720703,-10.643667221069336,1.0,4,128,4033.260986328125,0.00019995826005470008,58,final_hidden,2026-07-10T14:47:28.970617+00:00,nonpad_flattened,EleutherAI/pythia-70m,0.1452902745642943,0.14536235620578497
40960,64,4,16,main,wikitext,wikitext-2-raw-v1,validation,cuda,float32,64,pythia_dynamical_edge_normal,26b7b5702e85f3f48652a95f9be74e23223244d1,"[1, 128, 512]",inputs_embeds,paper_style_feedback_dynamics,EleutherAI/pythia-70m,0.00027222963399253786,direct,fixed_random,-10.643671989440918,-10.643665313720703,1.0,4,128,4033.26123046875,0.0001964878902072087,59,final_hidden,2026-07-10T14:47:28.970617+00:00,nonpad_flattened,EleutherAI/pythia-70m,0.14536235620578497,0.14535812041099447
40960,64,4,16,main,wikitext,wikitext-2-raw-v1,validation,cuda,float32,64,pythia_dynamical_edge_normal,26b7b5702e85f3f48652a95f9be74e23223244d1,"[1, 128, 512]",inputs_embeds,paper_style_feedback_dynamics,EleutherAI/pythia-70m,0.00027824562857858837,direct,fixed_random,-10.643667221069336,-10.643671989440918,1.0,4,128,4033.26123046875,0.0002009018207900226,60,final_hidden,2026-07-10T14:47:28.970617+00:00,nonpad_flattened,EleutherAI/pythia-70m,0.14535812041099447,0.14528823843304564
40960,64,4,16,main,wikitext,wikitext-2-raw-v1,validation,cuda,float32,64,pythia_dynamical_edge_normal,26b7b5702e85f3f48652a95f9be74e23223244d1,"[1, 128, 512]",inputs_embeds,paper_style_feedback_dynamics,EleutherAI/pythia-70m,0.00027981059974990785,direct,fixed_random,-10.643669128417969,-10.643667221069336,1.0,4,128,4033.260986328125,0.00020207936177030206,61,final_hidden,2026-07-10T14:47:28.970617+00:00,nonpad_flattened,EleutherAI/pythia-70m,0.14528823843304564,0.14535910316987483
40960,64,4,16,main,wikitext,wikitext-2-raw-v1,validation,cuda,float32,64,pythia_dynamical_edge_normal,26b7b5702e85f3f48652a95f9be74e23223244d1,"[1, 128, 512]",inputs_embeds,paper_style_feedback_dynamics,EleutherAI/pythia-70m,0.00027991284150630236,direct,fixed_random,-10.643669128417969,-10.643669128417969,1.0,4,128,4033.26123046875,0.00019987746782135218,62,final_hidden,2026-07-10T14:47:28.970617+00:00,nonpad_flattened,EleutherAI/pythia-70m,0.14535910316987483,0.14528767454884708
35328,64,5,16,main,wikitext,wikitext-2-raw-v1,validation,cuda,float32,64,pythia_dynamical_edge_normal,26b7b5702e85f3f48652a95f9be74e23223244d1,"[1, 128, 512]",inputs_embeds,paper_style_feedback_dynamics,EleutherAI/pythia-70m,0.00042424583807587624,direct,fixed_random,3.6543307304382324,3.6492066383361816,1.0,5,128,3745.21435546875,1.718601107597351,0,final_hidden,2026-07-10T14:47:28.970617+00:00,nonpad_flattened,EleutherAI/pythia-70m,-1.6617379088315423,-1.2753395516484438
35328,64,5,16,main,wikitext,wikitext-2-raw-v1,validation,cuda,float32,64,pythia_dynamical_edge_normal,26b7b5702e85f3f48652a95f9be74e23223244d1,"[1, 128, 512]",inputs_embeds,paper_style_feedback_dynamics,EleutherAI/pythia-70m,0.000358230754500255,direct,fixed_random,3.6583423614501953,3.6543307304382324,1.0,5,128,3745.328857421875,1.3495062589645386,1,final_hidden,2026-07-10T14:47:28.970617+00:00,nonpad_flattened,EleutherAI/pythia-70m,-1.2753395516484438,-0.973363372858182
35328,64,5,16,main,wikitext,wikitext-2-raw-v1,validation,cuda,float32,64,pythia_dynamical_edge_normal,26b7b5702e85f3f48652a95f9be74e23223244d1,"[1, 128, 512]",inputs_embeds,paper_style_feedback_dynamics,EleutherAI/pythia-70m,0.00032762964838184416,direct,fixed_random,3.6614861488342285,3.6583423614501953,1.0,5,128,3745.417236328125,1.0607291460037231,2,final_hidden,2026-07-10T14:47:28.970617+00:00,nonpad_flattened,EleutherAI/pythia-70m,-0.973363372858182,-0.736919968738297
35328,64,5,16,main,wikitext,wikitext-2-raw-v1,validation,cuda,float32,64,pythia_dynamical_edge_normal,26b7b5702e85f3f48652a95f9be74e23223244d1,"[1, 128, 512]",inputs_embeds,paper_style_feedback_dynamics,EleutherAI/pythia-70m,0.0002862504334188998,direct,fixed_random,3.6639676094055176,3.6614861488342285,1.0,5,128,3745.485595703125,0.8343744277954102,3,final_hidden,2026-07-10T14:47:28.970617+00:00,nonpad_flattened,EleutherAI/pythia-70m,-0.736919968738297,-0.5515969513657121
35328,64,5,16,main,wikitext,wikitext-2-raw-v1,validation,cuda,float32,64,pythia_dynamical_edge_normal,26b7b5702e85f3f48652a95f9be74e23223244d1,"[1, 128, 512]",inputs_embeds,paper_style_feedback_dynamics,EleutherAI/pythia-70m,0.00027762132231146097,direct,fixed_random,3.6659178733825684,3.6639676094055176,1.0,5,128,3745.538330078125,0.6567113399505615,4,final_hidden,2026-07-10T14:47:28.970617+00:00,nonpad_flattened,EleutherAI/pythia-70m,-0.5515969513657121,-0.40613149581732577
35328,64,5,16,main,wikitext,wikitext-2-raw-v1,validation,cuda,float32,64,pythia_dynamical_edge_normal,26b7b5702e85f3f48652a95f9be74e23223244d1,"[1, 128, 512]",inputs_embeds,paper_style_feedback_dynamics,EleutherAI/pythia-70m,0.0002611506497487426,direct,fixed_random,3.667447090148926,3.6659178733825684,1.0,5,128,3745.579345703125,0.517147958278656,5,final_hidden,2026-07-10T14:47:28.970617+00:00,nonpad_flattened,EleutherAI/pythia-70m,-0.40613149581732577,-0.29185531285561084
35328,64,5,16,main,wikitext,wikitext-2-raw-v1,validation,cuda,float32,64,pythia_dynamical_edge_normal,26b7b5702e85f3f48652a95f9be74e23223244d1,"[1, 128, 512]",inputs_embeds,paper_style_feedback_dynamics,EleutherAI/pythia-70m,0.00025534574524499476,direct,fixed_random,3.6686549186706543,3.667447090148926,1.0,5,128,3745.611083984375,0.40736690163612366,6,final_hidden,2026-07-10T14:47:28.970617+00:00,nonpad_flattened,EleutherAI/pythia-70m,-0.29185531285561084,-0.20196028738850005
35328,64,5,16,main,wikitext,wikitext-2-raw-v1,validation,cuda,float32,64,pythia_dynamical_edge_normal,26b7b5702e85f3f48652a95f9be74e23223244d1,"[1, 128, 512]",inputs_embeds,paper_style_feedback_dynamics,EleutherAI/pythia-70m,0.00025441867182962596,direct,fixed_random,3.6696062088012695,3.6686549186706543,1.0,5,128,3745.635986328125,0.32098907232284546,7,final_hidden,2026-07-10T14:47:28.970617+00:00,nonpad_flattened,EleutherAI/pythia-70m,-0.20196028738850005,-0.131286737142382
35328,64,5,16,main,wikitext,wikitext-2-raw-v1,validation,cuda,float32,64,pythia_dynamical_edge_normal,26b7b5702e85f3f48652a95f9be74e23223244d1,"[1, 128, 512]",inputs_embeds,paper_style_feedback_dynamics,EleutherAI/pythia-70m,0.00023850488651078194,direct,fixed_random,3.670363426208496,3.6696062088012695,1.0,5,128,3745.6552734375,0.2529955804347992,8,final_hidden,2026-07-10T14:47:28.970617+00:00,nonpad_flattened,EleutherAI/pythia-70m,-0.131286737142382,-0.07564579270373913
35328,64,5,16,main,wikitext,wikitext-2-raw-v1,validation,cuda,float32,64,pythia_dynamical_edge_normal,26b7b5702e85f3f48652a95f9be74e23223244d1,"[1, 128, 512]",inputs_embeds,paper_style_feedback_dynamics,EleutherAI/pythia-70m,0.0002441584365442395,direct,fixed_random,3.670956611633301,3.670363426208496,1.0,5,128,3745.67041015625,0.19945059716701508,9,final_hidden,2026-07-10T14:47:28.970617+00:00,nonpad_flattened,EleutherAI/pythia-70m,-0.07564579270373913,-0.031766912940895974
35328,64,5,16,main,wikitext,wikitext-2-raw-v1,validation,cuda,float32,64,pythia_dynamical_edge_normal,26b7b5702e85f3f48652a95f9be74e23223244d1,"[1, 128, 512]",inputs_embeds,paper_style_feedback_dynamics,EleutherAI/pythia-70m,0.00023795537708792835,direct,fixed_random,3.6714253425598145,3.670956611633301,1.0,5,128,3745.682373046875,0.15723221004009247,10,final_hidden,2026-07-10T14:47:28.970617+00:00,nonpad_flattened,EleutherAI/pythia-70m,-0.031766912940895974,0.002681433624961749
35328,64,5,16,main,wikitext,wikitext-2-raw-v1,validation,cuda,float32,64,pythia_dynamical_edge_normal,26b7b5702e85f3f48652a95f9be74e23223244d1,"[1, 128, 512]",inputs_embeds,paper_style_feedback_dynamics,EleutherAI/pythia-70m,0.0002526098396629095,direct,fixed_random,3.671788215637207,3.6714253425598145,1.0,5,128,3745.69140625,0.12398247420787811,11,final_hidden,2026-07-10T14:47:28.970617+00:00,nonpad_flattened,EleutherAI/pythia-70m,0.002681433624961749,0.029827922258694385
35328,64,5,16,main,wikitext,wikitext-2-raw-v1,validation,cuda,float32,64,pythia_dynamical_edge_normal,26b7b5702e85f3f48652a95f9be74e23223244d1,"[1, 128, 512]",inputs_embeds,paper_style_feedback_dynamics,EleutherAI/pythia-70m,0.0002419270167592913,direct,fixed_random,3.672086238861084,3.671788215637207,1.0,5,128,3745.698486328125,0.09776929020881653,12,final_hidden,2026-07-10T14:47:28.970617+00:00,nonpad_flattened,EleutherAI/pythia-70m,0.029827922258694385,0.05124440224195021
35328,64,5,16,main,wikitext,wikitext-2-raw-v1,validation,cuda,float32,64,pythia_dynamical_edge_normal,26b7b5702e85f3f48652a95f9be74e23223244d1,"[1, 128, 512]",inputs_embeds,paper_style_feedback_dynamics,EleutherAI/pythia-70m,0.0002592135570012033,direct,fixed_random,3.672316551208496,3.672086238861084,1.0,5,128,3745.7041015625,0.07709778100252151,13,final_hidden,2026-07-10T14:47:28.970617+00:00,nonpad_flattened,EleutherAI/pythia-70m,0.05124440224195021,0.06818270914668911
35328,64,5,16,main,wikitext,wikitext-2-raw-v1,validation,cuda,float32,64,pythia_dynamical_edge_normal,26b7b5702e85f3f48652a95f9be74e23223244d1,"[1, 128, 512]",inputs_embeds,paper_style_feedback_dynamics,EleutherAI/pythia-70m,0.00025758371339179575,direct,fixed_random,3.672504425048828,3.672316551208496,1.0,5,128,3745.708740234375,0.060806527733802795,14,final_hidden,2026-07-10T14:47:28.970617+00:00,nonpad_flattened,EleutherAI/pythia-70m,0.06818270914668911,0.08146297477577277
35328,64,5,16,main,wikitext,wikitext-2-raw-v1,validation,cuda,float32,64,pythia_dynamical_edge_normal,26b7b5702e85f3f48652a95f9be74e23223244d1,"[1, 128, 512]",inputs_embeds,paper_style_feedback_dynamics,EleutherAI/pythia-70m,0.0002587995259091258,direct,fixed_random,3.6726455688476562,3.672504425048828,1.0,5,128,3745.712158203125,0.04796947166323662,15,final_hidden,2026-07-10T14:47:28.970617+00:00,nonpad_flattened,EleutherAI/pythia-70m,0.08146297477577277,0.09193177934028886
35328,64,5,16,main,wikitext,wikitext-2-raw-v1,validation,cuda,float32,64,pythia_dynamical_edge_normal,26b7b5702e85f3f48652a95f9be74e23223244d1,"[1, 128, 512]",inputs_embeds,paper_style_feedback_dynamics,EleutherAI/pythia-70m,0.0002525924937799573,direct,fixed_random,3.672760009765625,3.6726455688476562,1.0,5,128,3745.71484375,0.03784746304154396,16,final_hidden,2026-07-10T14:47:28.970617+00:00,nonpad_flattened,EleutherAI/pythia-70m,0.09193177934028886,0.10023453043062659
35328,64,5,16,main,wikitext,wikitext-2-raw-v1,validation,cuda,float32,64,pythia_dynamical_edge_normal,26b7b5702e85f3f48652a95f9be74e23223244d1,"[1, 128, 512]",inputs_embeds,paper_style_feedback_dynamics,EleutherAI/pythia-70m,0.0002445170539431274,direct,fixed_random,3.672849655151367,3.672760009765625,1.0,5,128,3745.717041015625,0.02983948215842247,17,final_hidden,2026-07-10T14:47:28.970617+00:00,nonpad_flattened,EleutherAI/pythia-70m,0.10023453043062659,0.10682701051284044
35328,64,5,16,main,wikitext,wikitext-2-raw-v1,validation,cuda,float32,64,pythia_dynamical_edge_normal,26b7b5702e85f3f48652a95f9be74e23223244d1,"[1, 128, 512]",inputs_embeds,paper_style_feedback_dynamics,EleutherAI/pythia-70m,0.00026331530534662306,direct,fixed_random,3.672917366027832,3.672849655151367,1.0,5,128,3745.718994140625,0.023542094975709915,18,final_hidden,2026-07-10T14:47:28.970617+00:00,nonpad_flattened,EleutherAI/pythia-70m,0.10682701051284044,0.11184448397983623
35328,64,5,16,main,wikitext,wikitext-2-raw-v1,validation,cuda,float32,64,pythia_dynamical_edge_normal,26b7b5702e85f3f48652a95f9be74e23223244d1,"[1, 128, 512]",inputs_embeds,paper_style_feedback_dynamics,EleutherAI/pythia-70m,0.00025492769782431424,direct,fixed_random,3.672975540161133,3.672917366027832,1.0,5,128,3745.719970703125,0.018599895760416985,19,final_hidden,2026-07-10T14:47:28.970617+00:00,nonpad_flattened,EleutherAI/pythia-70m,0.11184448397983623,0.11591359349404089
35328,64,5,16,main,wikitext,wikitext-2-raw-v1,validation,cuda,float32,64,pythia_dynamical_edge_normal,26b7b5702e85f3f48652a95f9be74e23223244d1,"[1, 128, 512]",inputs_embeds,paper_style_feedback_dynamics,EleutherAI/pythia-70m,0.00024304298858623952,direct,fixed_random,3.673018455505371,3.672975540161133,1.0,5,128,3745.720947265625,0.014645881950855255,20,final_hidden,2026-07-10T14:47:28.970617+00:00,nonpad_flattened,EleutherAI/pythia-70m,0.11591359349404089,0.119148625632229
35328,64,5,16,main,wikitext,wikitext-2-raw-v1,validation,cuda,float32,64,pythia_dynamical_edge_normal,26b7b5702e85f3f48652a95f9be74e23223244d1,"[1, 128, 512]",inputs_embeds,paper_style_feedback_dynamics,EleutherAI/pythia-70m,0.0002407983847660944,direct,fixed_random,3.6730575561523438,3.673018455505371,1.0,5,128,3745.721923828125,0.011560967192053795,21,final_hidden,2026-07-10T14:47:28.970617+00:00,nonpad_flattened,EleutherAI/pythia-70m,0.119148625632229,0.1217093904322247
35328,64,5,16,main,wikitext,wikitext-2-raw-v1,validation,cuda,float32,64,pythia_dynamical_edge_normal,26b7b5702e85f3f48652a95f9be74e23223244d1,"[1, 128, 512]",inputs_embeds,paper_style_feedback_dynamics,EleutherAI/pythia-70m,0.00025958812329918146,direct,fixed_random,3.6730852127075195,3.6730575561523438,1.0,5,128,3745.72265625,0.009107141755521297,22,final_hidden,2026-07-10T14:47:28.970617+00:00,nonpad_flattened,EleutherAI/pythia-70m,0.1217093904322247,0.12369967952975545
35328,64,5,16,main,wikitext,wikitext-2-raw-v1,validation,cuda,float32,64,pythia_dynamical_edge_normal,26b7b5702e85f3f48652a95f9be74e23223244d1,"[1, 128, 512]",inputs_embeds,paper_style_feedback_dynamics,EleutherAI/pythia-70m,0.00024904447491280735,direct,fixed_random,3.6731090545654297,3.6730852127075195,1.0,5,128,3745.72314453125,0.007176259532570839,23,final_hidden,2026-07-10T14:47:28.970617+00:00,nonpad_flattened,EleutherAI/pythia-70m,0.12369967952975545,0.12528526385029673
35328,64,5,16,main,wikitext,wikitext-2-raw-v1,validation,cuda,float32,64,pythia_dynamical_edge_normal,26b7b5702e85f3f48652a95f9be74e23223244d1,"[1, 128, 512]",inputs_embeds,paper_style_feedback_dynamics,EleutherAI/pythia-70m,0.00024945891345851123,direct,fixed_random,3.6731271743774414,3.6731090545654297,1.0,5,128,3745.7236328125,0.005667074583470821,24,final_hidden,2026-07-10T14:47:28.970617+00:00,nonpad_flattened,EleutherAI/pythia-70m,0.12528526385029673,0.12643399427497265
35328,64,5,16,main,wikitext,wikitext-2-raw-v1,validation,cuda,float32,64,pythia_dynamical_edge_normal,26b7b5702e85f3f48652a95f9be74e23223244d1,"[1, 128, 512]",inputs_embeds,paper_style_feedback_dynamics,EleutherAI/pythia-70m,0.0002427737053949386,direct,fixed_random,3.6731362342834473,3.6731271743774414,1.0,5,128,3745.723876953125,0.004541598726063967,25,final_hidden,2026-07-10T14:47:28.970617+00:00,nonpad_flattened,EleutherAI/pythia-70m,0.12643399427497265,0.1274438608915634
35328,64,5,16,main,wikitext,wikitext-2-raw-v1,validation,cuda,float32,64,pythia_dynamical_edge_normal,26b7b5702e85f3f48652a95f9be74e23223244d1,"[1, 128, 512]",inputs_embeds,paper_style_feedback_dynamics,EleutherAI/pythia-70m,0.00025404387270100415,direct,fixed_random,3.673147678375244,3.6731362342834473,1.0,5,128,3745.72412109375,0.0035608161706477404,26,final_hidden,2026-07-10T14:47:28.970617+00:00,nonpad_flattened,EleutherAI/pythia-70m,0.1274438608915634,0.128232968956541
35328,64,5,16,main,wikitext,wikitext-2-raw-v1,validation,cuda,float32,64,pythia_dynamical_edge_normal,26b7b5702e85f3f48652a95f9be74e23223244d1,"[1, 128, 512]",inputs_embeds,paper_style_feedback_dynamics,EleutherAI/pythia-70m,0.00024297446361742914,direct,fixed_random,3.673154830932617,3.673147678375244,1.0,5,128,3745.724365234375,0.0028100633062422276,27,final_hidden,2026-07-10T14:47:28.970617+00:00,nonpad_flattened,EleutherAI/pythia-70m,0.128232968956541,0.12882869872852218
35328,64,5,16,main,wikitext,wikitext-2-raw-v1,validation,cuda,float32,64,pythia_dynamical_edge_normal,26b7b5702e85f3f48652a95f9be74e23223244d1,"[1, 128, 512]",inputs_embeds,paper_style_feedback_dynamics,EleutherAI/pythia-70m,0.00024740849039517343,direct,fixed_random,3.6731624603271484,3.673154830932617,1.0,5,128,3745.724609375,0.0022608074359595776,28,final_hidden,2026-07-10T14:47:28.970617+00:00,nonpad_flattened,EleutherAI/pythia-70m,0.12882869872852218,0.12941719831725132
35328,64,5,16,main,wikitext,wikitext-2-raw-v1,validation,cuda,float32,64,pythia_dynamical_edge_normal,26b7b5702e85f3f48652a95f9be74e23223244d1,"[1, 128, 512]",inputs_embeds,paper_style_feedback_dynamics,EleutherAI/pythia-70m,0.00024006680177990347,direct,fixed_random,3.673170566558838,3.6731624603271484,1.0,5,128,3745.724853515625,0.0017190861981362104,29,final_hidden,2026-07-10T14:47:28.970617+00:00,nonpad_flattened,EleutherAI/pythia-70m,0.12941719831725132,0.12973509194303048
35328,64,5,16,main,wikitext,wikitext-2-raw-v1,validation,cuda,float32,64,pythia_dynamical_edge_normal,26b7b5702e85f3f48652a95f9be74e23223244d1,"[1, 128, 512]",inputs_embeds,paper_style_feedback_dynamics,EleutherAI/pythia-70m,0.0002301741624251008,direct,fixed_random,3.673172950744629,3.673170566558838,1.0,5,128,3745.724853515625,0.0013878451427444816,30,final_hidden,2026-07-10T14:47:28.970617+00:00,nonpad_flattened,EleutherAI/pythia-70m,0.12973509194303048,0.12996421563572605
35328,64,5,16,main,wikitext,wikitext-2-raw-v1,validation,cuda,float32,64,pythia_dynamical_edge_normal,26b7b5702e85f3f48652a95f9be74e23223244d1,"[1, 128, 512]",inputs_embeds,paper_style_feedback_dynamics,EleutherAI/pythia-70m,0.00022983190137892962,direct,fixed_random,3.6731772422790527,3.673172950744629,1.0,5,128,3745.724853515625,0.0011491007171571255,31,final_hidden,2026-07-10T14:47:28.970617+00:00,nonpad_flattened,EleutherAI/pythia-70m,0.12996421563572605,0.1302758213505792
35328,64,5,16,main,wikitext,wikitext-2-raw-v1,validation,cuda,float32,64,pythia_dynamical_edge_normal,26b7b5702e85f3f48652a95f9be74e23223244d1,"[1, 128, 512]",inputs_embeds,paper_style_feedback_dynamics,EleutherAI/pythia-70m,0.00023123509890865535,direct,fixed_random,3.673182487487793,3.6731772422790527,1.0,5,128,3745.72509765625,0.0008958993130363524,32,final_hidden,2026-07-10T14:47:28.970617+00:00,nonpad_flattened,EleutherAI/pythia-70m,0.1302758213505792,0.130498733038145
35328,64,5,16,main,wikitext,wikitext-2-raw-v1,validation,cuda,float32,64,pythia_dynamical_edge_normal,26b7b5702e85f3f48652a95f9be74e23223244d1,"[1, 128, 512]",inputs_embeds,paper_style_feedback_dynamics,EleutherAI/pythia-70m,0.0002369617868680507,direct,fixed_random,3.6731815338134766,3.673182487487793,1.0,5,128,3745.72509765625,0.0006636272883042693,33,final_hidden,2026-07-10T14:47:28.970617+00:00,nonpad_flattened,EleutherAI/pythia-70m,0.130498733038145,0.1306156945652403
35328,64,5,16,main,wikitext,wikitext-2-raw-v1,validation,cuda,float32,64,pythia_dynamical_edge_normal,26b7b5702e85f3f48652a95f9be74e23223244d1,"[1, 128, 512]",inputs_embeds,paper_style_feedback_dynamics,EleutherAI/pythia-70m,0.0002501547278370708,direct,fixed_random,3.673182964324951,3.6731815338134766,1.0,5,128,3745.72509765625,0.0005417536594904959,34,final_hidden,2026-07-10T14:47:28.970617+00:00,nonpad_flattened,EleutherAI/pythia-70m,0.1306156945652403,0.1306722619636785
35328,64,5,16,main,wikitext,wikitext-2-raw-v1,validation,cuda,float32,64,pythia_dynamical_edge_normal,26b7b5702e85f3f48652a95f9be74e23223244d1,"[1, 128, 512]",inputs_embeds,paper_style_feedback_dynamics,EleutherAI/pythia-70m,0.0003259079821873456,direct,fixed_random,3.6731863021850586,3.673182964324951,1.0,5,128,3745.72509765625,0.00048280550981871784,35,final_hidden,2026-07-10T14:47:28.970617+00:00,nonpad_flattened,EleutherAI/pythia-70m,0.1306722619636785,0.13071274773868272
35328,64,5,16,main,wikitext,wikitext-2-raw-v1,validation,cuda,float32,64,pythia_dynamical_edge_normal,26b7b5702e85f3f48652a95f9be74e23223244d1,"[1, 128, 512]",inputs_embeds,paper_style_feedback_dynamics,EleutherAI/pythia-70m,0.00030665399390272796,direct,fixed_random,3.673186779022217,3.6731863021850586,1.0,5,128,3745.72509765625,0.00044062116649001837,36,final_hidden,2026-07-10T14:47:28.970617+00:00,nonpad_flattened,EleutherAI/pythia-70m,0.13071274773868272,0.13075305506530313
35328,64,5,16,main,wikitext,wikitext-2-raw-v1,validation,cuda,float32,64,pythia_dynamical_edge_normal,26b7b5702e85f3f48652a95f9be74e23223244d1,"[1, 128, 512]",inputs_embeds,paper_style_feedback_dynamics,EleutherAI/pythia-70m,0.00030612252885475755,direct,fixed_random,3.6731882095336914,3.673186779022217,1.0,5,128,3745.72509765625,0.0003986213996540755,37,final_hidden,2026-07-10T14:47:28.970617+00:00,nonpad_flattened,EleutherAI/pythia-70m,0.13075305506530313,0.1307795327671768
35328,64,5,16,main,wikitext,wikitext-2-raw-v1,validation,cuda,float32,64,pythia_dynamical_edge_normal,26b7b5702e85f3f48652a95f9be74e23223244d1,"[1, 128, 512]",inputs_embeds,paper_style_feedback_dynamics,EleutherAI/pythia-70m,0.00030514769605360925,direct,fixed_random,3.6731886863708496,3.6731882095336914,1.0,5,128,3745.72509765625,0.00037103198701515794,38,final_hidden,2026-07-10T14:47:28.970617+00:00,nonpad_flattened,EleutherAI/pythia-70m,0.1307795327671768,0.13079281360808723
35328,64,5,16,main,wikitext,wikitext-2-raw-v1,validation,cuda,float32,64,pythia_dynamical_edge_normal,26b7b5702e85f3f48652a95f9be74e23223244d1,"[1, 128, 512]",inputs_embeds,paper_style_feedback_dynamics,EleutherAI/pythia-70m,0.0002975356765091419,direct,fixed_random,3.673187255859375,3.6731886863708496,1.0,5,128,3745.72509765625,0.0003571940469555557,39,final_hidden,2026-07-10T14:47:28.970617+00:00,nonpad_flattened,EleutherAI/pythia-70m,0.13079281360808723,0.13081727531195095
35328,64,5,16,main,wikitext,wikitext-2-raw-v1,validation,cuda,float32,64,pythia_dynamical_edge_normal,26b7b5702e85f3f48652a95f9be74e23223244d1,"[1, 128, 512]",inputs_embeds,paper_style_feedback_dynamics,EleutherAI/pythia-70m,0.00027689101989381015,direct,fixed_random,3.673189163208008,3.673187255859375,1.0,5,128,3745.72509765625,0.0003317067166790366,40,final_hidden,2026-07-10T14:47:28.970617+00:00,nonpad_flattened,EleutherAI/pythia-70m,0.13081727531195095,0.13084500245790076
35328,64,5,16,main,wikitext,wikitext-2-raw-v1,validation,cuda,float32,64,pythia_dynamical_edge_normal,26b7b5702e85f3f48652a95f9be74e23223244d1,"[1, 128, 512]",inputs_embeds,paper_style_feedback_dynamics,EleutherAI/pythia-70m,0.0002738405601121485,direct,fixed_random,3.6731910705566406,3.673189163208008,1.0,5,128,3745.72509765625,0.00030281554791145027,41,final_hidden,2026-07-10T14:47:28.970617+00:00,nonpad_flattened,EleutherAI/pythia-70m,0.13084500245790076,0.1308785464195701
35328,64,5,16,main,wikitext,wikitext-2-raw-v1,validation,cuda,float32,64,pythia_dynamical_edge_normal,26b7b5702e85f3f48652a95f9be74e23223244d1,"[1, 128, 512]",inputs_embeds,paper_style_feedback_dynamics,EleutherAI/pythia-70m,0.00026662222808226943,direct,fixed_random,3.673190116882324,3.6731910705566406,1.0,5,128,3745.72509765625,0.00026786362286657095,42,final_hidden,2026-07-10T14:47:28.970617+00:00,nonpad_flattened,EleutherAI/pythia-70m,0.1308785464195701,0.13092337037502397
35328,64,5,16,main,wikitext,wikitext-2-raw-v1,validation,cuda,float32,64,pythia_dynamical_edge_normal,26b7b5702e85f3f48652a95f9be74e23223244d1,"[1, 128, 512]",inputs_embeds,paper_style_feedback_dynamics,EleutherAI/pythia-70m,0.00024092965759336948,direct,fixed_random,3.6731882095336914,3.673190116882324,1.0,5,128,3745.72509765625,0.00022115941101219505,43,final_hidden,2026-07-10T14:47:28.970617+00:00,nonpad_flattened,EleutherAI/pythia-70m,0.13092337037502397,0.130956463415096
35328,64,5,16,main,wikitext,wikitext-2-raw-v1,validation,cuda,float32,64,pythia_dynamical_edge_normal,26b7b5702e85f3f48652a95f9be74e23223244d1,"[1, 128, 512]",inputs_embeds,paper_style_feedback_dynamics,EleutherAI/pythia-70m,0.0002367504930589348,direct,fixed_random,3.673190116882324,3.6731882095336914,1.0,5,128,3745.72509765625,0.00018667711992748082,44,final_hidden,2026-07-10T14:47:28.970617+00:00,nonpad_flattened,EleutherAI/pythia-70m,0.130956463415096,0.13096386094404303
35328,64,5,16,main,wikitext,wikitext-2-raw-v1,validation,cuda,float32,64,pythia_dynamical_edge_normal,26b7b5702e85f3f48652a95f9be74e23223244d1,"[1, 128, 512]",inputs_embeds,paper_style_feedback_dynamics,EleutherAI/pythia-70m,0.00023858856002334505,direct,fixed_random,3.673189163208008,3.673190116882324,1.0,5,128,3745.72509765625,0.00017896883946377784,45,final_hidden,2026-07-10T14:47:28.970617+00:00,nonpad_flattened,EleutherAI/pythia-70m,0.13096386094404303,0.1309695516946261
35328,64,5,16,main,wikitext,wikitext-2-raw-v1,validation,cuda,float32,64,pythia_dynamical_edge_normal,26b7b5702e85f3f48652a95f9be74e23223244d1,"[1, 128, 512]",inputs_embeds,paper_style_feedback_dynamics,EleutherAI/pythia-70m,0.0002373929601162672,direct,fixed_random,3.6731882095336914,3.673189163208008,1.0,5,128,3745.72509765625,0.00017303922504652292,46,final_hidden,2026-07-10T14:47:28.970617+00:00,nonpad_flattened,EleutherAI/pythia-70m,0.1309695516946261,0.1309676002039433
35328,64,5,16,main,wikitext,wikitext-2-raw-v1,validation,cuda,float32,64,pythia_dynamical_edge_normal,26b7b5702e85f3f48652a95f9be74e23223244d1,"[1, 128, 512]",inputs_embeds,paper_style_feedback_dynamics,EleutherAI/pythia-70m,0.00024606045917607844,direct,fixed_random,3.673187255859375,3.6731882095336914,1.0,5,128,3745.72509765625,0.00017507202574051917,47,final_hidden,2026-07-10T14:47:28.970617+00:00,nonpad_flattened,EleutherAI/pythia-70m,0.1309676002039433,0.13094947705573523
35328,64,5,16,main,wikitext,wikitext-2-raw-v1,validation,cuda,float32,64,pythia_dynamical_edge_normal,26b7b5702e85f3f48652a95f9be74e23223244d1,"[1, 128, 512]",inputs_embeds,paper_style_feedback_dynamics,EleutherAI/pythia-70m,0.0002487295714672655,direct,fixed_random,3.673190116882324,3.673187255859375,1.0,5,128,3745.72509765625,0.00019395595882087946,48,final_hidden,2026-07-10T14:47:28.970617+00:00,nonpad_flattened,EleutherAI/pythia-70m,0.13094947705573523,0.13093307814234834
35328,64,5,16,main,wikitext,wikitext-2-raw-v1,validation,cuda,float32,64,pythia_dynamical_edge_normal,26b7b5702e85f3f48652a95f9be74e23223244d1,"[1, 128, 512]",inputs_embeds,paper_style_feedback_dynamics,EleutherAI/pythia-70m,0.00025703362189233303,direct,fixed_random,3.6731882095336914,3.673190116882324,1.0,5,128,3745.72509765625,0.00021104284678585827,49,final_hidden,2026-07-10T14:47:28.970617+00:00,nonpad_flattened,EleutherAI/pythia-70m,0.13093307814234834,0.13094157406047177
35328,64,5,16,main,wikitext,wikitext-2-raw-v1,validation,cuda,float32,64,pythia_dynamical_edge_normal,26b7b5702e85f3f48652a95f9be74e23223244d1,"[1, 128, 512]",inputs_embeds,paper_style_feedback_dynamics,EleutherAI/pythia-70m,0.00025405737687833607,direct,fixed_random,3.6731910705566406,3.6731882095336914,1.0,5,128,3745.72509765625,0.00020219040743540972,50,final_hidden,2026-07-10T14:47:28.970617+00:00,nonpad_flattened,EleutherAI/pythia-70m,0.13094157406047177,0.1309532920048975
35328,64,5,16,main,wikitext,wikitext-2-raw-v1,validation,cuda,float32,64,pythia_dynamical_edge_normal,26b7b5702e85f3f48652a95f9be74e23223244d1,"[1, 128, 512]",inputs_embeds,paper_style_feedback_dynamics,EleutherAI/pythia-70m,0.0002522635622881353,direct,fixed_random,3.6731910705566406,3.6731910705566406,1.0,5,128,3745.72509765625,0.0001899805647553876,51,final_hidden,2026-07-10T14:47:28.970617+00:00,nonpad_flattened,EleutherAI/pythia-70m,0.1309532920048975,0.13095134749962647
35328,64,5,16,main,wikitext,wikitext-2-raw-v1,validation,cuda,float32,64,pythia_dynamical_edge_normal,26b7b5702e85f3f48652a95f9be74e23223244d1,"[1, 128, 512]",inputs_embeds,paper_style_feedback_dynamics,EleutherAI/pythia-70m,0.0002561021829023957,direct,fixed_random,3.6731934547424316,3.6731910705566406,1.0,5,128,3745.72509765625,0.00019200643873773515,52,final_hidden,2026-07-10T14:47:28.970617+00:00,nonpad_flattened,EleutherAI/pythia-70m,0.13095134749962647,0.13095412050193517
35328,64,5,16,main,wikitext,wikitext-2-raw-v1,validation,cuda,float32,64,pythia_dynamical_edge_normal,26b7b5702e85f3f48652a95f9be74e23223244d1,"[1, 128, 512]",inputs_embeds,paper_style_feedback_dynamics,EleutherAI/pythia-70m,0.0002559564891271293,direct,fixed_random,3.6731929779052734,3.6731934547424316,1.0,5,128,3745.72509765625,0.00018911701044999063,53,final_hidden,2026-07-10T14:47:28.970617+00:00,nonpad_flattened,EleutherAI/pythia-70m,0.13095412050193517,0.1309558166512868
35328,64,5,16,main,wikitext,wikitext-2-raw-v1,validation,cuda,float32,64,pythia_dynamical_edge_normal,26b7b5702e85f3f48652a95f9be74e23223244d1,"[1, 128, 512]",inputs_embeds,paper_style_feedback_dynamics,EleutherAI/pythia-70m,0.00024243953521363437,direct,fixed_random,3.6731948852539062,3.6731929779052734,1.0,5,128,3745.72509765625,0.00018735062621999532,54,final_hidden,2026-07-10T14:47:28.970617+00:00,nonpad_flattened,EleutherAI/pythia-70m,0.1309558166512868,0.1309597096774102
35328,64,5,16,main,wikitext,wikitext-2-raw-v1,validation,cuda,float32,64,pythia_dynamical_edge_normal,26b7b5702e85f3f48652a95f9be74e23223244d1,"[1, 128, 512]",inputs_embeds,paper_style_feedback_dynamics,EleutherAI/pythia-70m,0.00024822965497151017,direct,fixed_random,3.6731910705566406,3.6731948852539062,1.0,5,128,3745.72509765625,0.00018329371232539415,55,final_hidden,2026-07-10T14:47:28.970617+00:00,nonpad_flattened,EleutherAI/pythia-70m,0.1309597096774102,0.13095823013176733
35328,64,5,16,main,wikitext,wikitext-2-raw-v1,validation,cuda,float32,64,pythia_dynamical_edge_normal,26b7b5702e85f3f48652a95f9be74e23223244d1,"[1, 128, 512]",inputs_embeds,paper_style_feedback_dynamics,EleutherAI/pythia-70m,0.00025038799503818154,direct,fixed_random,3.67319393157959,3.6731910705566406,1.0,5,128,3745.72509765625,0.0001848352258093655,56,final_hidden,2026-07-10T14:47:28.970617+00:00,nonpad_flattened,EleutherAI/pythia-70m,0.13095823013176733,0.13094413854122758
35328,64,5,16,main,wikitext,wikitext-2-raw-v1,validation,cuda,float32,64,pythia_dynamical_edge_normal,26b7b5702e85f3f48652a95f9be74e23223244d1,"[1, 128, 512]",inputs_embeds,paper_style_feedback_dynamics,EleutherAI/pythia-70m,0.00025594347971491516,direct,fixed_random,3.673189640045166,3.67319393157959,1.0,5,128,3745.72509765625,0.00019951810827478766,57,final_hidden,2026-07-10T14:47:28.970617+00:00,nonpad_flattened,EleutherAI/pythia-70m,0.13094413854122758,0.13093797432886597
35328,64,5,16,main,wikitext,wikitext-2-raw-v1,validation,cuda,float32,64,pythia_dynamical_edge_normal,26b7b5702e85f3f48652a95f9be74e23223244d1,"[1, 128, 512]",inputs_embeds,paper_style_feedback_dynamics,EleutherAI/pythia-70m,0.0002529896446503699,direct,fixed_random,3.673189163208008,3.673189640045166,1.0,5,128,3745.72509765625,0.00020594136731233448,58,final_hidden,2026-07-10T14:47:28.970617+00:00,nonpad_flattened,EleutherAI/pythia-70m,0.13093797432886597,0.13094829966564583
35328,64,5,16,main,wikitext,wikitext-2-raw-v1,validation,cuda,float32,64,pythia_dynamical_edge_normal,26b7b5702e85f3f48652a95f9be74e23223244d1,"[1, 128, 512]",inputs_embeds,paper_style_feedback_dynamics,EleutherAI/pythia-70m,0.00025411430397070944,direct,fixed_random,3.6731929779052734,3.673189163208008,1.0,5,128,3745.72509765625,0.00019518239423632622,59,final_hidden,2026-07-10T14:47:28.970617+00:00,nonpad_flattened,EleutherAI/pythia-70m,0.13094829966564583,0.13093060300038914
35328,64,5,16,main,wikitext,wikitext-2-raw-v1,validation,cuda,float32,64,pythia_dynamical_edge_normal,26b7b5702e85f3f48652a95f9be74e23223244d1,"[1, 128, 512]",inputs_embeds,paper_style_feedback_dynamics,EleutherAI/pythia-70m,0.000259718595771119,direct,fixed_random,3.6731882095336914,3.6731929779052734,1.0,5,128,3745.72509765625,0.00021362172265071422,60,final_hidden,2026-07-10T14:47:28.970617+00:00,nonpad_flattened,EleutherAI/pythia-70m,0.13093060300038914,0.13092859953682345
35328,64,5,16,main,wikitext,wikitext-2-raw-v1,validation,cuda,float32,64,pythia_dynamical_edge_normal,26b7b5702e85f3f48652a95f9be74e23223244d1,"[1, 128, 512]",inputs_embeds,paper_style_feedback_dynamics,EleutherAI/pythia-70m,0.0002644967462401837,direct,fixed_random,3.6731910705566406,3.6731882095336914,1.0,5,128,3745.72509765625,0.0002157089620595798,61,final_hidden,2026-07-10T14:47:28.970617+00:00,nonpad_flattened,EleutherAI/pythia-70m,0.13092859953682345,0.1309377538934294
35328,64,5,16,main,wikitext,wikitext-2-raw-v1,validation,cuda,float32,64,pythia_dynamical_edge_normal,26b7b5702e85f3f48652a95f9be74e23223244d1,"[1, 128, 512]",inputs_embeds,paper_style_feedback_dynamics,EleutherAI/pythia-70m,0.0002600305888336152,direct,fixed_random,3.6731882095336914,3.6731910705566406,1.0,5,128,3745.72509765625,0.00020617054542526603,62,final_hidden,2026-07-10T14:47:28.970617+00:00,nonpad_flattened,EleutherAI/pythia-70m,0.1309377538934294,0.1309481186819093
31232,64,6,16,main,wikitext,wikitext-2-raw-v1,validation,cuda,float32,64,pythia_dynamical_edge_normal,26b7b5702e85f3f48652a95f9be74e23223244d1,"[1, 128, 512]",inputs_embeds,paper_style_feedback_dynamics,EleutherAI/pythia-70m,0.0003730813623405993,direct,fixed_random,5.968764305114746,5.978693008422852,1.0,6,128,3521.380859375,1.7201323509216309,0,final_hidden,2026-07-10T14:47:28.970617+00:00,nonpad_flattened,EleutherAI/pythia-70m,-1.663584809665827,-1.2774298938951854
31232,64,6,16,main,wikitext,wikitext-2-raw-v1,validation,cuda,float32,64,pythia_dynamical_edge_normal,26b7b5702e85f3f48652a95f9be74e23223244d1,"[1, 128, 512]",inputs_embeds,paper_style_feedback_dynamics,EleutherAI/pythia-70m,0.00033308877027593553,direct,fixed_random,5.960875511169434,5.968764305114746,1.0,6,128,3521.495849609375,1.3514403104782104,1,final_hidden,2026-07-10T14:47:28.970617+00:00,nonpad_flattened,EleutherAI/pythia-70m,-1.2774298938951854,-0.9754013885622901
31232,64,6,16,main,wikitext,wikitext-2-raw-v1,validation,cuda,float32,64,pythia_dynamical_edge_normal,26b7b5702e85f3f48652a95f9be74e23223244d1,"[1, 128, 512]",inputs_embeds,paper_style_feedback_dynamics,EleutherAI/pythia-70m,0.0002896282821893692,direct,fixed_random,5.95460844039917,5.960875511169434,1.0,6,128,3521.58447265625,1.0626837015151978,2,final_hidden,2026-07-10T14:47:28.970617+00:00,nonpad_flattened,EleutherAI/pythia-70m,-0.9754013885622901,-0.7387637119014934
31232,64,6,16,main,wikitext,wikitext-2-raw-v1,validation,cuda,float32,64,pythia_dynamical_edge_normal,26b7b5702e85f3f48652a95f9be74e23223244d1,"[1, 128, 512]",inputs_embeds,paper_style_feedback_dynamics,EleutherAI/pythia-70m,0.0002667403023224324,direct,fixed_random,5.9496331214904785,5.95460844039917,1.0,6,128,3521.653076171875,0.8361999988555908,3,final_hidden,2026-07-10T14:47:28.970617+00:00,nonpad_flattened,EleutherAI/pythia-70m,-0.7387637119014934,-0.5531774696236368
31232,64,6,16,main,wikitext,wikitext-2-raw-v1,validation,cuda,float32,64,pythia_dynamical_edge_normal,26b7b5702e85f3f48652a95f9be74e23223244d1,"[1, 128, 512]",inputs_embeds,paper_style_feedback_dynamics,EleutherAI/pythia-70m,0.0002565495087765157,direct,fixed_random,5.945686340332031,5.9496331214904785,1.0,6,128,3521.7060546875,0.6583348512649536,4,final_hidden,2026-07-10T14:47:28.970617+00:00,nonpad_flattened,EleutherAI/pythia-70m,-0.5531774696236368,-0.4073837230581772
31232,64,6,16,main,wikitext,wikitext-2-raw-v1,validation,cuda,float32,64,pythia_dynamical_edge_normal,26b7b5702e85f3f48652a95f9be74e23223244d1,"[1, 128, 512]",inputs_embeds,paper_style_feedback_dynamics,EleutherAI/pythia-70m,0.00025054049910977483,direct,fixed_random,5.942554473876953,5.945686340332031,1.0,6,128,3521.747314453125,0.5185011029243469,5,final_hidden,2026-07-10T14:47:28.970617+00:00,nonpad_flattened,EleutherAI/pythia-70m,-0.4073837230581772,-0.2928409935302098
31232,64,6,16,main,wikitext,wikitext-2-raw-v1,validation,cuda,float32,64,pythia_dynamical_edge_normal,26b7b5702e85f3f48652a95f9be74e23223244d1,"[1, 128, 512]",inputs_embeds,paper_style_feedback_dynamics,EleutherAI/pythia-70m,0.00024721864610910416,direct,fixed_random,5.940060615539551,5.942554473876953,1.0,6,128,3521.779296875,0.40851354598999023,6,final_hidden,2026-07-10T14:47:28.970617+00:00,nonpad_flattened,EleutherAI/pythia-70m,-0.2928409935302098,-0.20267728104166927
31232,64,6,16,main,wikitext,wikitext-2-raw-v1,validation,cuda,float32,64,pythia_dynamical_edge_normal,26b7b5702e85f3f48652a95f9be74e23223244d1,"[1, 128, 512]",inputs_embeds,paper_style_feedback_dynamics,EleutherAI/pythia-70m,0.0002496787637937814,direct,fixed_random,5.938094139099121,5.940060615539551,1.0,6,128,3521.804443359375,0.321927011013031,7,final_hidden,2026-07-10T14:47:28.970617+00:00,nonpad_flattened,EleutherAI/pythia-70m,-0.20267728104166927,-0.13175751141599412
31232,64,6,16,main,wikitext,wikitext-2-raw-v1,validation,cuda,float32,64,pythia_dynamical_edge_normal,26b7b5702e85f3f48652a95f9be74e23223244d1,"[1, 128, 512]",inputs_embeds,paper_style_feedback_dynamics,EleutherAI/pythia-70m,0.00023913006589282304,direct,fixed_random,5.936540126800537,5.938094139099121,1.0,6,128,3521.823974609375,0.2537480294704437,8,final_hidden,2026-07-10T14:47:28.970617+00:00,nonpad_flattened,EleutherAI/pythia-70m,-0.13175751141599412,-0.0759517993231652
31232,64,6,16,main,wikitext,wikitext-2-raw-v1,validation,cuda,float32,64,pythia_dynamical_edge_normal,26b7b5702e85f3f48652a95f9be74e23223244d1,"[1, 128, 512]",inputs_embeds,paper_style_feedback_dynamics,EleutherAI/pythia-70m,0.00023017612693365663,direct,fixed_random,5.935302257537842,5.936540126800537,1.0,6,128,3521.839111328125,0.20003080368041992,9,final_hidden,2026-07-10T14:47:28.970617+00:00,nonpad_flattened,EleutherAI/pythia-70m,-0.0759517993231652,-0.032054490906635716
31232,64,6,16,main,wikitext,wikitext-2-raw-v1,validation,cuda,float32,64,pythia_dynamical_edge_normal,26b7b5702e85f3f48652a95f9be74e23223244d1,"[1, 128, 512]",inputs_embeds,paper_style_feedback_dynamics,EleutherAI/pythia-70m,0.00024050420324783772,direct,fixed_random,5.934321403503418,5.935302257537842,1.0,6,128,3521.850830078125,0.15772110223770142,10,final_hidden,2026-07-10T14:47:28.970617+00:00,nonpad_flattened,EleutherAI/pythia-70m,-0.032054490906635716,0.0025682296372617403
31232,64,6,16,main,wikitext,wikitext-2-raw-v1,validation,cuda,float32,64,pythia_dynamical_edge_normal,26b7b5702e85f3f48652a95f9be74e23223244d1,"[1, 128, 512]",inputs_embeds,paper_style_feedback_dynamics,EleutherAI/pythia-70m,0.000244546594331041,direct,fixed_random,5.933549404144287,5.934321403503418,1.0,6,128,3521.860107421875,0.12436070293188095,11,final_hidden,2026-07-10T14:47:28.970617+00:00,nonpad_flattened,EleutherAI/pythia-70m,0.0025682296372617403,0.029798851313706024
31232,64,6,16,main,wikitext,wikitext-2-raw-v1,validation,cuda,float32,64,pythia_dynamical_edge_normal,26b7b5702e85f3f48652a95f9be74e23223244d1,"[1, 128, 512]",inputs_embeds,paper_style_feedback_dynamics,EleutherAI/pythia-70m,0.00023577350657433271,direct,fixed_random,5.932926654815674,5.933549404144287,1.0,6,128,3521.8671875,0.09805928170681,12,final_hidden,2026-07-10T14:47:28.970617+00:00,nonpad_flattened,EleutherAI/pythia-70m,0.029798851313706024,0.051335619554679135
31232,64,6,16,main,wikitext,wikitext-2-raw-v1,validation,cuda,float32,64,pythia_dynamical_edge_normal,26b7b5702e85f3f48652a95f9be74e23223244d1,"[1, 128, 512]",inputs_embeds,paper_style_feedback_dynamics,EleutherAI/pythia-70m,0.00022747399634681642,direct,fixed_random,5.932442665100098,5.932926654815674,1.0,6,128,3521.873046875,0.0773337259888649,13,final_hidden,2026-07-10T14:47:28.970617+00:00,nonpad_flattened,EleutherAI/pythia-70m,0.051335619554679135,0.068242923972615
31232,64,6,16,main,wikitext,wikitext-2-raw-v1,validation,cuda,float32,64,pythia_dynamical_edge_normal,26b7b5702e85f3f48652a95f9be74e23223244d1,"[1, 128, 512]",inputs_embeds,paper_style_feedback_dynamics,EleutherAI/pythia-70m,0.00022329215425997972,direct,fixed_random,5.932062149047852,5.932442665100098,1.0,6,128,3521.87744140625,0.061002932488918304,14,final_hidden,2026-07-10T14:47:28.970617+00:00,nonpad_flattened,EleutherAI/pythia-70m,0.068242923972615,0.08162924484102624
31232,64,6,16,main,wikitext,wikitext-2-raw-v1,validation,cuda,float32,64,pythia_dynamical_edge_normal,26b7b5702e85f3f48652a95f9be74e23223244d1,"[1, 128, 512]",inputs_embeds,paper_style_feedback_dynamics,EleutherAI/pythia-70m,0.00022390148660633713,direct,fixed_random,5.931760311126709,5.932062149047852,1.0,6,128,3521.881103515625,0.04812675341963768,15,final_hidden,2026-07-10T14:47:28.970617+00:00,nonpad_flattened,EleutherAI/pythia-70m,0.08162924484102624,0.09216352309596976
31232,64,6,16,main,wikitext,wikitext-2-raw-v1,validation,cuda,float32,64,pythia_dynamical_edge_normal,26b7b5702e85f3f48652a95f9be74e23223244d1,"[1, 128, 512]",inputs_embeds,paper_style_feedback_dynamics,EleutherAI/pythia-70m,0.0002295553858857602,direct,fixed_random,5.931521892547607,5.931760311126709,1.0,6,128,3521.8837890625,0.0379362478852272,16,final_hidden,2026-07-10T14:47:28.970617+00:00,nonpad_flattened,EleutherAI/pythia-70m,0.09216352309596976,0.10037962207767175
31232,64,6,16,main,wikitext,wikitext-2-raw-v1,validation,cuda,float32,64,pythia_dynamical_edge_normal,26b7b5702e85f3f48652a95f9be74e23223244d1,"[1, 128, 512]",inputs_embeds,paper_style_feedback_dynamics,EleutherAI/pythia-70m,0.00023761755437590182,direct,fixed_random,5.931328773498535,5.931521892547607,1.0,6,128,3521.8857421875,0.029946716502308846,17,final_hidden,2026-07-10T14:47:28.970617+00:00,nonpad_flattened,EleutherAI/pythia-70m,0.10037962207767175,0.10701792569390378
31232,64,6,16,main,wikitext,wikitext-2-raw-v1,validation,cuda,float32,64,pythia_dynamical_edge_normal,26b7b5702e85f3f48652a95f9be74e23223244d1,"[1, 128, 512]",inputs_embeds,paper_style_feedback_dynamics,EleutherAI/pythia-70m,0.0002359464269829914,direct,fixed_random,5.93118143081665,5.931328773498535,1.0,6,128,3521.8876953125,0.02360166609287262,18,final_hidden,2026-07-10T14:47:28.970617+00:00,nonpad_flattened,EleutherAI/pythia-70m,0.10701792569390378,0.11212991516596013
31232,64,6,16,main,wikitext,wikitext-2-raw-v1,validation,cuda,float32,64,pythia_dynamical_edge_normal,26b7b5702e85f3f48652a95f9be74e23223244d1,"[1, 128, 512]",inputs_embeds,paper_style_feedback_dynamics,EleutherAI/pythia-70m,0.00022693880600854754,direct,fixed_random,5.931067943572998,5.93118143081665,1.0,6,128,3521.888916015625,0.018632257357239723,19,final_hidden,2026-07-10T14:47:28.970617+00:00,nonpad_flattened,EleutherAI/pythia-70m,0.11212991516596013,0.11617694263081471
31232,64,6,16,main,wikitext,wikitext-2-raw-v1,validation,cuda,float32,64,pythia_dynamical_edge_normal,26b7b5702e85f3f48652a95f9be74e23223244d1,"[1, 128, 512]",inputs_embeds,paper_style_feedback_dynamics,EleutherAI/pythia-70m,0.00021794888016302139,direct,fixed_random,5.930967807769775,5.931067943572998,1.0,6,128,3521.889892578125,0.014701093547046185,20,final_hidden,2026-07-10T14:47:28.970617+00:00,nonpad_flattened,EleutherAI/pythia-70m,0.11617694263081471,0.1193808980885791
31232,64,6,16,main,wikitext,wikitext-2-raw-v1,validation,cuda,float32,64,pythia_dynamical_edge_normal,26b7b5702e85f3f48652a95f9be74e23223244d1,"[1, 128, 512]",inputs_embeds,paper_style_feedback_dynamics,EleutherAI/pythia-70m,0.00022075761808082461,direct,fixed_random,5.930897235870361,5.930967807769775,1.0,6,128,3521.890625,0.011576905846595764,21,final_hidden,2026-07-10T14:47:28.970617+00:00,nonpad_flattened,EleutherAI/pythia-70m,0.1193808980885791,0.12199022181294011
31232,64,6,16,main,wikitext,wikitext-2-raw-v1,validation,cuda,float32,64,pythia_dynamical_edge_normal,26b7b5702e85f3f48652a95f9be74e23223244d1,"[1, 128, 512]",inputs_embeds,paper_style_feedback_dynamics,EleutherAI/pythia-70m,0.0002209518861491233,direct,fixed_random,5.930838108062744,5.930897235870361,1.0,6,128,3521.8916015625,0.009144209325313568,22,final_hidden,2026-07-10T14:47:28.970617+00:00,nonpad_flattened,EleutherAI/pythia-70m,0.12199022181294011,0.12393464703203422
31232,64,6,16,main,wikitext,wikitext-2-raw-v1,validation,cuda,float32,64,pythia_dynamical_edge_normal,26b7b5702e85f3f48652a95f9be74e23223244d1,"[1, 128, 512]",inputs_embeds,paper_style_feedback_dynamics,EleutherAI/pythia-70m,0.0002260583423776552,direct,fixed_random,5.930791854858398,5.930838108062744,1.0,6,128,3521.891845703125,0.007189330644905567,23,final_hidden,2026-07-10T14:47:28.970617+00:00,nonpad_flattened,EleutherAI/pythia-70m,0.12393464703203422,0.1255095565001102
31232,64,6,16,main,wikitext,wikitext-2-raw-v1,validation,cuda,float32,64,pythia_dynamical_edge_normal,26b7b5702e85f3f48652a95f9be74e23223244d1,"[1, 128, 512]",inputs_embeds,paper_style_feedback_dynamics,EleutherAI/pythia-70m,0.0002361011429456994,direct,fixed_random,5.930754661560059,5.930791854858398,1.0,6,128,3521.892333984375,0.005691312253475189,24,final_hidden,2026-07-10T14:47:28.970617+00:00,nonpad_flattened,EleutherAI/pythia-70m,0.1255095565001102,0.12668439416657176
31232,64,6,16,main,wikitext,wikitext-2-raw-v1,validation,cuda,float32,64,pythia_dynamical_edge_normal,26b7b5702e85f3f48652a95f9be74e23223244d1,"[1, 128, 512]",inputs_embeds,paper_style_feedback_dynamics,EleutherAI/pythia-70m,0.00022988711134530604,direct,fixed_random,5.930727481842041,5.930754661560059,1.0,6,128,3521.892578125,0.004538548178970814,25,final_hidden,2026-07-10T14:47:28.970617+00:00,nonpad_flattened,EleutherAI/pythia-70m,0.12668439416657176,0.12777225578707796
31232,64,6,16,main,wikitext,wikitext-2-raw-v1,validation,cuda,float32,64,pythia_dynamical_edge_normal,26b7b5702e85f3f48652a95f9be74e23223244d1,"[1, 128, 512]",inputs_embeds,paper_style_feedback_dynamics,EleutherAI/pythia-70m,0.00023663636238779873,direct,fixed_random,5.930706024169922,5.930727481842041,1.0,6,128,3521.89306640625,0.003548162756487727,26,final_hidden,2026-07-10T14:47:28.970617+00:00,nonpad_flattened,EleutherAI/pythia-70m,0.12777225578707796,0.12853497036628433
31232,64,6,16,main,wikitext,wikitext-2-raw-v1,validation,cuda,float32,64,pythia_dynamical_edge_normal,26b7b5702e85f3f48652a95f9be74e23223244d1,"[1, 128, 512]",inputs_embeds,paper_style_feedback_dynamics,EleutherAI/pythia-70m,0.00023045577108860016,direct,fixed_random,5.930685043334961,5.930706024169922,1.0,6,128,3521.893310546875,0.0028249400202184916,27,final_hidden,2026-07-10T14:47:28.970617+00:00,nonpad_flattened,EleutherAI/pythia-70m,0.12853497036628433,0.1290852292818249
31232,64,6,16,main,wikitext,wikitext-2-raw-v1,validation,cuda,float32,64,pythia_dynamical_edge_normal,26b7b5702e85f3f48652a95f9be74e23223244d1,"[1, 128, 512]",inputs_embeds,paper_style_feedback_dynamics,EleutherAI/pythia-70m,0.00024197831226047128,direct,fixed_random,5.930672645568848,5.930685043334961,1.0,6,128,3521.893310546875,0.0022514238953590393,28,final_hidden,2026-07-10T14:47:28.970617+00:00,nonpad_flattened,EleutherAI/pythia-70m,0.1290852292818249,0.12963787923356979
31232,64,6,16,main,wikitext,wikitext-2-raw-v1,validation,cuda,float32,64,pythia_dynamical_edge_normal,26b7b5702e85f3f48652a95f9be74e23223244d1,"[1, 128, 512]",inputs_embeds,paper_style_feedback_dynamics,EleutherAI/pythia-70m,0.00022325801546685398,direct,fixed_random,5.930665493011475,5.930672645568848,1.0,6,128,3521.8935546875,0.001747144851833582,29,final_hidden,2026-07-10T14:47:28.970617+00:00,nonpad_flattened,EleutherAI/pythia-70m,0.12963787923356979,0.12999836457547317
31232,64,6,16,main,wikitext,wikitext-2-raw-v1,validation,cuda,float32,64,pythia_dynamical_edge_normal,26b7b5702e85f3f48652a95f9be74e23223244d1,"[1, 128, 512]",inputs_embeds,paper_style_feedback_dynamics,EleutherAI/pythia-70m,0.00023293020785786211,direct,fixed_random,5.930657863616943,5.930665493011475,1.0,6,128,3521.8935546875,0.0013714231317862868,30,final_hidden,2026-07-10T14:47:28.970617+00:00,nonpad_flattened,EleutherAI/pythia-70m,0.12999836457547317,0.13029430734416236
31232,64,6,16,main,wikitext,wikitext-2-raw-v1,validation,cuda,float32,64,pythia_dynamical_edge_normal,26b7b5702e85f3f48652a95f9be74e23223244d1,"[1, 128, 512]",inputs_embeds,paper_style_feedback_dynamics,EleutherAI/pythia-70m,0.00022527594410348684,direct,fixed_random,5.930649280548096,5.930657863616943,1.0,6,128,3521.893798828125,0.0011347002582624555,31,final_hidden,2026-07-10T14:47:28.970617+00:00,nonpad_flattened,EleutherAI/pythia-70m,0.13029430734416236,0.1305092204333988
31232,64,6,16,main,wikitext,wikitext-2-raw-v1,validation,cuda,float32,64,pythia_dynamical_edge_normal,26b7b5702e85f3f48652a95f9be74e23223244d1,"[1, 128, 512]",inputs_embeds,paper_style_feedback_dynamics,EleutherAI/pythia-70m,0.00022085991804488003,direct,fixed_random,5.9306416511535645,5.930649280548096,1.0,6,128,3521.893798828125,0.0009107041987590492,32,final_hidden,2026-07-10T14:47:28.970617+00:00,nonpad_flattened,EleutherAI/pythia-70m,0.1305092204333988,0.1307975919117453
31232,64,6,16,main,wikitext,wikitext-2-raw-v1,validation,cuda,float32,64,pythia_dynamical_edge_normal,26b7b5702e85f3f48652a95f9be74e23223244d1,"[1, 128, 512]",inputs_embeds,paper_style_feedback_dynamics,EleutherAI/pythia-70m,0.00022226490546017885,direct,fixed_random,5.930641174316406,5.9306416511535645,1.0,6,128,3521.89404296875,0.0006818720721639693,33,final_hidden,2026-07-10T14:47:28.970617+00:00,nonpad_flattened,EleutherAI/pythia-70m,0.1307975919117453,0.13094007992347714
31232,64,6,16,main,wikitext,wikitext-2-raw-v1,validation,cuda,float32,64,pythia_dynamical_edge_normal,26b7b5702e85f3f48652a95f9be74e23223244d1,"[1, 128, 512]",inputs_embeds,paper_style_feedback_dynamics,EleutherAI/pythia-70m,0.0002366730768699199,direct,fixed_random,5.93063497543335,5.930641174316406,1.0,6,128,3521.89404296875,0.0005333609879016876,34,final_hidden,2026-07-10T14:47:28.970617+00:00,nonpad_flattened,EleutherAI/pythia-70m,0.13094007992347714,0.13093218062854836
31232,64,6,16,main,wikitext,wikitext-2-raw-v1,validation,cuda,float32,64,pythia_dynamical_edge_normal,26b7b5702e85f3f48652a95f9be74e23223244d1,"[1, 128, 512]",inputs_embeds,paper_style_feedback_dynamics,EleutherAI/pythia-70m,0.00028368181665427983,direct,fixed_random,5.93063497543335,5.93063497543335,1.0,6,128,3521.893798828125,0.000469863967737183,35,final_hidden,2026-07-10T14:47:28.970617+00:00,nonpad_flattened,EleutherAI/pythia-70m,0.13093218062854836,0.1310461482499163
31232,64,6,16,main,wikitext,wikitext-2-raw-v1,validation,cuda,float32,64,pythia_dynamical_edge_normal,26b7b5702e85f3f48652a95f9be74e23223244d1,"[1, 128, 512]",inputs_embeds,paper_style_feedback_dynamics,EleutherAI/pythia-70m,0.0002869358577299863,direct,fixed_random,5.930624961853027,5.93063497543335,1.0,6,128,3521.89404296875,0.00042280671186745167,36,final_hidden,2026-07-10T14:47:28.970617+00:00,nonpad_flattened,EleutherAI/pythia-70m,0.1310461482499163,0.131011054300105
31232,64,6,16,main,wikitext,wikitext-2-raw-v1,validation,cuda,float32,64,pythia_dynamical_edge_normal,26b7b5702e85f3f48652a95f9be74e23223244d1,"[1, 128, 512]",inputs_embeds,paper_style_feedback_dynamics,EleutherAI/pythia-70m,0.00027669849805533886,direct,fixed_random,5.930627822875977,5.930624961853027,1.0,6,128,3521.893798828125,0.00038765714270994067,37,final_hidden,2026-07-10T14:47:28.970617+00:00,nonpad_flattened,EleutherAI/pythia-70m,0.131011054300105,0.13104359476424063
31232,64,6,16,main,wikitext,wikitext-2-raw-v1,validation,cuda,float32,64,pythia_dynamical_edge_normal,26b7b5702e85f3f48652a95f9be74e23223244d1,"[1, 128, 512]",inputs_embeds,paper_style_feedback_dynamics,EleutherAI/pythia-70m,0.0002751349238678813,direct,fixed_random,5.93062162399292,5.930627822875977,1.0,6,128,3521.893798828125,0.00035374145954847336,38,final_hidden,2026-07-10T14:47:28.970617+00:00,nonpad_flattened,EleutherAI/pythia-70m,0.13104359476424063,0.13105724792533494
31232,64,6,16,main,wikitext,wikitext-2-raw-v1,validation,cuda,float32,64,pythia_dynamical_edge_normal,26b7b5702e85f3f48652a95f9be74e23223244d1,"[1, 128, 512]",inputs_embeds,paper_style_feedback_dynamics,EleutherAI/pythia-70m,0.00027795234927907586,direct,fixed_random,5.930627346038818,5.93062162399292,1.0,6,128,3521.893798828125,0.0003395110834389925,39,final_hidden,2026-07-10T14:47:28.970617+00:00,nonpad_flattened,EleutherAI/pythia-70m,0.13105724792533494,0.13107469802030017
31232,64,6,16,main,wikitext,wikitext-2-raw-v1,validation,cuda,float32,64,pythia_dynamical_edge_normal,26b7b5702e85f3f48652a95f9be74e23223244d1,"[1, 128, 512]",inputs_embeds,paper_style_feedback_dynamics,EleutherAI/pythia-70m,0.00026880670338869095,direct,fixed_random,5.930623531341553,5.930627346038818,1.0,6,128,3521.893798828125,0.00032132401247508824,40,final_hidden,2026-07-10T14:47:28.970617+00:00,nonpad_flattened,EleutherAI/pythia-70m,0.13107469802030017,0.13109524661042457
31232,64,6,16,main,wikitext,wikitext-2-raw-v1,validation,cuda,float32,64,pythia_dynamical_edge_normal,26b7b5702e85f3f48652a95f9be74e23223244d1,"[1, 128, 512]",inputs_embeds,paper_style_feedback_dynamics,EleutherAI/pythia-70m,0.0002732285938691348,direct,fixed_random,5.930619716644287,5.930623531341553,1.0,6,128,3521.893798828125,0.00029990667826496065,41,final_hidden,2026-07-10T14:47:28.970617+00:00,nonpad_flattened,EleutherAI/pythia-70m,0.13109524661042457,0.13111662564664966
31232,64,6,16,main,wikitext,wikitext-2-raw-v1,validation,cuda,float32,64,pythia_dynamical_edge_normal,26b7b5702e85f3f48652a95f9be74e23223244d1,"[1, 128, 512]",inputs_embeds,paper_style_feedback_dynamics,EleutherAI/pythia-70m,0.0002694297581911087,direct,fixed_random,5.930620193481445,5.930619716644287,1.0,6,128,3521.893798828125,0.00027762429090216756,42,final_hidden,2026-07-10T14:47:28.970617+00:00,nonpad_flattened,EleutherAI/pythia-70m,0.13111662564664966,0.13117443089340974
31232,64,6,16,main,wikitext,wikitext-2-raw-v1,validation,cuda,float32,64,pythia_dynamical_edge_normal,26b7b5702e85f3f48652a95f9be74e23223244d1,"[1, 128, 512]",inputs_embeds,paper_style_feedback_dynamics,EleutherAI/pythia-70m,0.00024039734853431582,direct,fixed_random,5.9306230545043945,5.930620193481445,1.0,6,128,3521.893798828125,0.00021737765928264707,43,final_hidden,2026-07-10T14:47:28.970617+00:00,nonpad_flattened,EleutherAI/pythia-70m,0.13117443089340974,0.1312165178834696
31232,64,6,16,main,wikitext,wikitext-2-raw-v1,validation,cuda,float32,64,pythia_dynamical_edge_normal,26b7b5702e85f3f48652a95f9be74e23223244d1,"[1, 128, 512]",inputs_embeds,paper_style_feedback_dynamics,EleutherAI/pythia-70m,0.00023025063273962587,direct,fixed_random,5.930620193481445,5.9306230545043945,1.0,6,128,3521.893798828125,0.00017351248243357986,44,final_hidden,2026-07-10T14:47:28.970617+00:00,nonpad_flattened,EleutherAI/pythia-70m,0.1312165178834696,0.1312309927376117
31232,64,6,16,main,wikitext,wikitext-2-raw-v1,validation,cuda,float32,64,pythia_dynamical_edge_normal,26b7b5702e85f3f48652a95f9be74e23223244d1,"[1, 128, 512]",inputs_embeds,paper_style_feedback_dynamics,EleutherAI/pythia-70m,0.0002255599101772532,direct,fixed_random,5.930620193481445,5.930620193481445,1.0,6,128,3521.893798828125,0.000158426133566536,45,final_hidden,2026-07-10T14:47:28.970617+00:00,nonpad_flattened,EleutherAI/pythia-70m,0.1312309927376117,0.1312246963091208
31232,64,6,16,main,wikitext,wikitext-2-raw-v1,validation,cuda,float32,64,pythia_dynamical_edge_normal,26b7b5702e85f3f48652a95f9be74e23223244d1,"[1, 128, 512]",inputs_embeds,paper_style_feedback_dynamics,EleutherAI/pythia-70m,0.00022280051780398935,direct,fixed_random,5.9306159019470215,5.930620193481445,1.0,6,128,3521.893798828125,0.00016498884360771626,46,final_hidden,2026-07-10T14:47:28.970617+00:00,nonpad_flattened,EleutherAI/pythia-70m,0.1312246963091208,0.131214484343487
31232,64,6,16,main,wikitext,wikitext-2-raw-v1,validation,cuda,float32,64,pythia_dynamical_edge_normal,26b7b5702e85f3f48652a95f9be74e23223244d1,"[1, 128, 512]",inputs_embeds,paper_style_feedback_dynamics,EleutherAI/pythia-70m,0.00023585642338730395,direct,fixed_random,5.930620193481445,5.9306159019470215,1.0,6,128,3521.893798828125,0.00017563163419254124,47,final_hidden,2026-07-10T14:47:28.970617+00:00,nonpad_flattened,EleutherAI/pythia-70m,0.131214484343487,0.13120623310249546
31232,64,6,16,main,wikitext,wikitext-2-raw-v1,validation,cuda,float32,64,pythia_dynamical_edge_normal,26b7b5702e85f3f48652a95f9be74e23223244d1,"[1, 128, 512]",inputs_embeds,paper_style_feedback_dynamics,EleutherAI/pythia-70m,0.0002348649431951344,direct,fixed_random,5.930617332458496,5.930620193481445,1.0,6,128,3521.893798828125,0.00018423167057335377,48,final_hidden,2026-07-10T14:47:28.970617+00:00,nonpad_flattened,EleutherAI/pythia-70m,0.13120623310249546,0.1312174651363569
31232,64,6,16,main,wikitext,wikitext-2-raw-v1,validation,cuda,float32,64,pythia_dynamical_edge_normal,26b7b5702e85f3f48652a95f9be74e23223244d1,"[1, 128, 512]",inputs_embeds,paper_style_feedback_dynamics,EleutherAI/pythia-70m,0.0002424372942186892,direct,fixed_random,5.930613994598389,5.930617332458496,1.0,6,128,3521.893798828125,0.00017252446559723467,49,final_hidden,2026-07-10T14:47:28.970617+00:00,nonpad_flattened,EleutherAI/pythia-70m,0.1312174651363569,0.1312940407430317
31232,64,6,16,main,wikitext,wikitext-2-raw-v1,validation,cuda,float32,64,pythia_dynamical_edge_normal,26b7b5702e85f3f48652a95f9be74e23223244d1,"[1, 128, 512]",inputs_embeds,paper_style_feedback_dynamics,EleutherAI/pythia-70m,0.00023408562992699444,direct,fixed_random,5.930617809295654,5.930613994598389,1.0,6,128,3521.89404296875,0.00016444028005935252,50,final_hidden,2026-07-10T14:47:28.970617+00:00,nonpad_flattened,EleutherAI/pythia-70m,0.1312940407430317,0.13128961559493257
31232,64,6,16,main,wikitext,wikitext-2-raw-v1,validation,cuda,float32,64,pythia_dynamical_edge_normal,26b7b5702e85f3f48652a95f9be74e23223244d1,"[1, 128, 512]",inputs_embeds,paper_style_feedback_dynamics,EleutherAI/pythia-70m,0.00023683442850597203,direct,fixed_random,5.930619716644287,5.930617809295654,1.0,6,128,3521.89404296875,0.00016905229131225497,51,final_hidden,2026-07-10T14:47:28.970617+00:00,nonpad_flattened,EleutherAI/pythia-70m,0.13128961559493257,0.13129116749065248
31232,64,6,16,main,wikitext,wikitext-2-raw-v1,validation,cuda,float32,64,pythia_dynamical_edge_normal,26b7b5702e85f3f48652a95f9be74e23223244d1,"[1, 128, 512]",inputs_embeds,paper_style_feedback_dynamics,EleutherAI/pythia-70m,0.0002361532096983865,direct,fixed_random,5.9306182861328125,5.930619716644287,1.0,6,128,3521.89404296875,0.000167434845934622,52,final_hidden,2026-07-10T14:47:28.970617+00:00,nonpad_flattened,EleutherAI/pythia-70m,0.13129116749065248,0.13129240472361628
31232,64,6,16,main,wikitext,wikitext-2-raw-v1,validation,cuda,float32,64,pythia_dynamical_edge_normal,26b7b5702e85f3f48652a95f9be74e23223244d1,"[1, 128, 512]",inputs_embeds,paper_style_feedback_dynamics,EleutherAI/pythia-70m,0.0002396994677837938,direct,fixed_random,5.930615425109863,5.9306182861328125,1.0,6,128,3521.89404296875,0.00016614510968793184,53,final_hidden,2026-07-10T14:47:28.970617+00:00,nonpad_flattened,EleutherAI/pythia-70m,0.13129240472361628,0.1312731943978707
31232,64,6,16,main,wikitext,wikitext-2-raw-v1,validation,cuda,float32,64,pythia_dynamical_edge_normal,26b7b5702e85f3f48652a95f9be74e23223244d1,"[1, 128, 512]",inputs_embeds,paper_style_feedback_dynamics,EleutherAI/pythia-70m,0.00023072790645528585,direct,fixed_random,5.930617332458496,5.930615425109863,1.0,6,128,3521.89404296875,0.00018616789020597935,54,final_hidden,2026-07-10T14:47:28.970617+00:00,nonpad_flattened,EleutherAI/pythia-70m,0.1312731943978707,0.1311945273602207
31232,64,6,16,main,wikitext,wikitext-2-raw-v1,validation,cuda,float32,64,pythia_dynamical_edge_normal,26b7b5702e85f3f48652a95f9be74e23223244d1,"[1, 128, 512]",inputs_embeds,paper_style_feedback_dynamics,EleutherAI/pythia-70m,0.0002447773003950715,direct,fixed_random,5.93061637878418,5.930617332458496,1.0,6,128,3521.893798828125,0.00019643155974335968,55,final_hidden,2026-07-10T14:47:28.970617+00:00,nonpad_flattened,EleutherAI/pythia-70m,0.1311945273602207,0.1312622612703703
31232,64,6,16,main,wikitext,wikitext-2-raw-v1,validation,cuda,float32,64,pythia_dynamical_edge_normal,26b7b5702e85f3f48652a95f9be74e23223244d1,"[1, 128, 512]",inputs_embeds,paper_style_feedback_dynamics,EleutherAI/pythia-70m,0.00024047697661444545,direct,fixed_random,5.930617809295654,5.93061637878418,1.0,6,128,3521.89404296875,0.00019756252004299313,56,final_hidden,2026-07-10T14:47:28.970617+00:00,nonpad_flattened,EleutherAI/pythia-70m,0.1312622612703703,0.131254322466764
31232,64,6,16,main,wikitext,wikitext-2-raw-v1,validation,cuda,float32,64,pythia_dynamical_edge_normal,26b7b5702e85f3f48652a95f9be74e23223244d1,"[1, 128, 512]",inputs_embeds,paper_style_feedback_dynamics,EleutherAI/pythia-70m,0.00024946985649876297,direct,fixed_random,5.930620193481445,5.930617809295654,1.0,6,128,3521.89404296875,0.0002058363170363009,57,final_hidden,2026-07-10T14:47:28.970617+00:00,nonpad_flattened,EleutherAI/pythia-70m,0.131254322466764,0.1312621889156553
31232,64,6,16,main,wikitext,wikitext-2-raw-v1,validation,cuda,float32,64,pythia_dynamical_edge_normal,26b7b5702e85f3f48652a95f9be74e23223244d1,"[1, 128, 512]",inputs_embeds,paper_style_feedback_dynamics,EleutherAI/pythia-70m,0.00023787889222148806,direct,fixed_random,5.9306159019470215,5.930620193481445,1.0,6,128,3521.89404296875,0.00019763808813877404,58,final_hidden,2026-07-10T14:47:28.970617+00:00,nonpad_flattened,EleutherAI/pythia-70m,0.1312621889156553,0.13126424922517338
31232,64,6,16,main,wikitext,wikitext-2-raw-v1,validation,cuda,float32,64,pythia_dynamical_edge_normal,26b7b5702e85f3f48652a95f9be74e23223244d1,"[1, 128, 512]",inputs_embeds,paper_style_feedback_dynamics,EleutherAI/pythia-70m,0.00024363043485209346,direct,fixed_random,5.930620193481445,5.9306159019470215,1.0,6,128,3521.89404296875,0.00019549035641830415,59,final_hidden,2026-07-10T14:47:28.970617+00:00,nonpad_flattened,EleutherAI/pythia-70m,0.13126424922517338,0.13119263471700326
31232,64,6,16,main,wikitext,wikitext-2-raw-v1,validation,cuda,float32,64,pythia_dynamical_edge_normal,26b7b5702e85f3f48652a95f9be74e23223244d1,"[1, 128, 512]",inputs_embeds,paper_style_feedback_dynamics,EleutherAI/pythia-70m,0.00023977745149750262,direct,fixed_random,5.93061637878418,5.930620193481445,1.0,6,128,3521.893798828125,0.00019840449385810643,60,final_hidden,2026-07-10T14:47:28.970617+00:00,nonpad_flattened,EleutherAI/pythia-70m,0.13119263471700326,0.13124998446400357
31232,64,6,16,main,wikitext,wikitext-2-raw-v1,validation,cuda,float32,64,pythia_dynamical_edge_normal,26b7b5702e85f3f48652a95f9be74e23223244d1,"[1, 128, 512]",inputs_embeds,paper_style_feedback_dynamics,EleutherAI/pythia-70m,0.0002561890287324786,direct,fixed_random,5.930617332458496,5.93061637878418,1.0,6,128,3521.89404296875,0.00021035726240370423,61,final_hidden,2026-07-10T14:47:28.970617+00:00,nonpad_flattened,EleutherAI/pythia-70m,0.13124998446400357,0.1312513715124495
31232,64,6,16,main,wikitext,wikitext-2-raw-v1,validation,cuda,float32,64,pythia_dynamical_edge_normal,26b7b5702e85f3f48652a95f9be74e23223244d1,"[1, 128, 512]",inputs_embeds,paper_style_feedback_dynamics,EleutherAI/pythia-70m,0.00024236489844042808,direct,fixed_random,5.930617332458496,5.930617332458496,1.0,6,128,3521.89404296875,0.0002089124172925949,62,final_hidden,2026-07-10T14:47:28.970617+00:00,nonpad_flattened,EleutherAI/pythia-70m,0.1312513715124495,0.13127707905021174
14848,64,7,16,main,wikitext,wikitext-2-raw-v1,validation,cuda,float32,64,pythia_dynamical_edge_normal,26b7b5702e85f3f48652a95f9be74e23223244d1,"[1, 128, 512]",inputs_embeds,paper_style_feedback_dynamics,EleutherAI/pythia-70m,0.00022678142704535276,direct,fixed_random,35.33736801147461,35.3509407043457,1.0,7,128,2428.011474609375,1.1286216974258423,0,final_hidden,2026-07-10T14:47:28.970617+00:00,nonpad_flattened,EleutherAI/pythia-70m,-1.090534850064418,-0.8377802903672
14848,64,7,16,main,wikitext,wikitext-2-raw-v1,validation,cuda,float32,64,pythia_dynamical_edge_normal,26b7b5702e85f3f48652a95f9be74e23223244d1,"[1, 128, 512]",inputs_embeds,paper_style_feedback_dynamics,EleutherAI/pythia-70m,0.00020631830557249486,direct,fixed_random,35.326541900634766,35.33736801147461,1.0,7,128,2428.0859375,0.8870514631271362,1,final_hidden,2026-07-10T14:47:28.970617+00:00,nonpad_flattened,EleutherAI/pythia-70m,-0.8377802903672,-0.6399304156356027
14848,64,7,16,main,wikitext,wikitext-2-raw-v1,validation,cuda,float32,64,pythia_dynamical_edge_normal,26b7b5702e85f3f48652a95f9be74e23223244d1,"[1, 128, 512]",inputs_embeds,paper_style_feedback_dynamics,EleutherAI/pythia-70m,0.0001991585741052404,direct,fixed_random,35.31791305541992,35.326541900634766,1.0,7,128,2428.1435546875,0.6977612972259521,2,final_hidden,2026-07-10T14:47:28.970617+00:00,nonpad_flattened,EleutherAI/pythia-70m,-0.6399304156356027,-0.48487938807363334
14848,64,7,16,main,wikitext,wikitext-2-raw-v1,validation,cuda,float32,64,pythia_dynamical_edge_normal,26b7b5702e85f3f48652a95f9be74e23223244d1,"[1, 128, 512]",inputs_embeds,paper_style_feedback_dynamics,EleutherAI/pythia-70m,0.00018086112686432898,direct,fixed_random,35.311058044433594,35.31791305541992,1.0,7,128,2428.18798828125,0.5492088794708252,3,final_hidden,2026-07-10T14:47:28.970617+00:00,nonpad_flattened,EleutherAI/pythia-70m,-0.48487938807363334,-0.3632116130459191
14848,64,7,16,main,wikitext,wikitext-2-raw-v1,validation,cuda,float32,64,pythia_dynamical_edge_normal,26b7b5702e85f3f48652a95f9be74e23223244d1,"[1, 128, 512]",inputs_embeds,paper_style_feedback_dynamics,EleutherAI/pythia-70m,0.000177167501533404,direct,fixed_random,35.30561828613281,35.311058044433594,1.0,7,128,2428.222412109375,0.4325116276741028,4,final_hidden,2026-07-10T14:47:28.970617+00:00,nonpad_flattened,EleutherAI/pythia-70m,-0.3632116130459191,-0.2675798547265732
14848,64,7,16,main,wikitext,wikitext-2-raw-v1,validation,cuda,float32,64,pythia_dynamical_edge_normal,26b7b5702e85f3f48652a95f9be74e23223244d1,"[1, 128, 512]",inputs_embeds,paper_style_feedback_dynamics,EleutherAI/pythia-70m,0.00016104860696941614,direct,fixed_random,35.301307678222656,35.30561828613281,1.0,7,128,2428.249267578125,0.3407279849052429,5,final_hidden,2026-07-10T14:47:28.970617+00:00,nonpad_flattened,EleutherAI/pythia-70m,-0.2675798547265732,-0.19243267090986688
14848,64,7,16,main,wikitext,wikitext-2-raw-v1,validation,cuda,float32,64,pythia_dynamical_edge_normal,26b7b5702e85f3f48652a95f9be74e23223244d1,"[1, 128, 512]",inputs_embeds,paper_style_feedback_dynamics,EleutherAI/pythia-70m,0.00016246111772488803,direct,fixed_random,35.297889709472656,35.301307678222656,1.0,7,128,2428.27001953125,0.26850250363349915,6,final_hidden,2026-07-10T14:47:28.970617+00:00,nonpad_flattened,EleutherAI/pythia-70m,-0.19243267090986688,-0.1333177384912818
14848,64,7,16,main,wikitext,wikitext-2-raw-v1,validation,cuda,float32,64,pythia_dynamical_edge_normal,26b7b5702e85f3f48652a95f9be74e23223244d1,"[1, 128, 512]",inputs_embeds,paper_style_feedback_dynamics,EleutherAI/pythia-70m,0.00017365689564030617,direct,fixed_random,35.295188903808594,35.297889709472656,1.0,7,128,2428.2861328125,0.21162444353103638,7,final_hidden,2026-07-10T14:47:28.970617+00:00,nonpad_flattened,EleutherAI/pythia-70m,-0.1333177384912818,-0.08670227779427725
14848,64,7,16,main,wikitext,wikitext-2-raw-v1,validation,cuda,float32,64,pythia_dynamical_edge_normal,26b7b5702e85f3f48652a95f9be74e23223244d1,"[1, 128, 512]",inputs_embeds,paper_style_feedback_dynamics,EleutherAI/pythia-70m,0.00016669185424689204,direct,fixed_random,35.29305648803711,35.295188903808594,1.0,7,128,2428.299072265625,0.16684074699878693,8,final_hidden,2026-07-10T14:47:28.970617+00:00,nonpad_flattened,EleutherAI/pythia-70m,-0.08670227779427725,-0.05008327898528597
14848,64,7,16,main,wikitext,wikitext-2-raw-v1,validation,cuda,float32,64,pythia_dynamical_edge_normal,26b7b5702e85f3f48652a95f9be74e23223244d1,"[1, 128, 512]",inputs_embeds,paper_style_feedback_dynamics,EleutherAI/pythia-70m,0.00016576453344896436,direct,fixed_random,35.29136657714844,35.29305648803711,1.0,7,128,2428.308837890625,0.1315445899963379,9,final_hidden,2026-07-10T14:47:28.970617+00:00,nonpad_flattened,EleutherAI/pythia-70m,-0.05008327898528597,-0.021193038782357572
14848,64,7,16,main,wikitext,wikitext-2-raw-v1,validation,cuda,float32,64,pythia_dynamical_edge_normal,26b7b5702e85f3f48652a95f9be74e23223244d1,"[1, 128, 512]",inputs_embeds,paper_style_feedback_dynamics,EleutherAI/pythia-70m,0.00015697951312176883,direct,fixed_random,35.2900390625,35.29136657714844,1.0,7,128,2428.316650390625,0.10372941941022873,10,final_hidden,2026-07-10T14:47:28.970617+00:00,nonpad_flattened,EleutherAI/pythia-70m,-0.021193038782357572,0.0015679825753545356
14848,64,7,16,main,wikitext,wikitext-2-raw-v1,validation,cuda,float32,64,pythia_dynamical_edge_normal,26b7b5702e85f3f48652a95f9be74e23223244d1,"[1, 128, 512]",inputs_embeds,paper_style_feedback_dynamics,EleutherAI/pythia-70m,0.0001606351142982021,direct,fixed_random,35.28898239135742,35.2900390625,1.0,7,128,2428.32275390625,0.08180039376020432,11,final_hidden,2026-07-10T14:47:28.970617+00:00,nonpad_flattened,EleutherAI/pythia-70m,0.0015679825753545356,0.01946696415418305
14848,64,7,16,main,wikitext,wikitext-2-raw-v1,validation,cuda,float32,64,pythia_dynamical_edge_normal,26b7b5702e85f3f48652a95f9be74e23223244d1,"[1, 128, 512]",inputs_embeds,paper_style_feedback_dynamics,EleutherAI/pythia-70m,0.0001748418144416064,direct,fixed_random,35.288150787353516,35.28898239135742,1.0,7,128,2428.327392578125,0.064508818089962,12,final_hidden,2026-07-10T14:47:28.970617+00:00,nonpad_flattened,EleutherAI/pythia-70m,0.01946696415418305,0.033568148448952735
14848,64,7,16,main,wikitext,wikitext-2-raw-v1,validation,cuda,float32,64,pythia_dynamical_edge_normal,26b7b5702e85f3f48652a95f9be74e23223244d1,"[1, 128, 512]",inputs_embeds,paper_style_feedback_dynamics,EleutherAI/pythia-70m,0.0001650649937801063,direct,fixed_random,35.28749465942383,35.288150787353516,1.0,7,128,2428.3310546875,0.05088839307427406,13,final_hidden,2026-07-10T14:47:28.970617+00:00,nonpad_flattened,EleutherAI/pythia-70m,0.033568148448952735,0.044721034206597295
14848,64,7,16,main,wikitext,wikitext-2-raw-v1,validation,cuda,float32,64,pythia_dynamical_edge_normal,26b7b5702e85f3f48652a95f9be74e23223244d1,"[1, 128, 512]",inputs_embeds,paper_style_feedback_dynamics,EleutherAI/pythia-70m,0.00016195850912481546,direct,fixed_random,35.28697967529297,35.28749465942383,1.0,7,128,2428.333984375,0.04012542590498924,14,final_hidden,2026-07-10T14:47:28.970617+00:00,nonpad_flattened,EleutherAI/pythia-70m,0.044721034206597295,0.05346696607808858
14848,64,7,16,main,wikitext,wikitext-2-raw-v1,validation,cuda,float32,64,pythia_dynamical_edge_normal,26b7b5702e85f3f48652a95f9be74e23223244d1,"[1, 128, 512]",inputs_embeds,paper_style_feedback_dynamics,EleutherAI/pythia-70m,0.00015600078040733933,direct,fixed_random,35.28657531738281,35.28697967529297,1.0,7,128,2428.336181640625,0.03165611997246742,15,final_hidden,2026-07-10T14:47:28.970617+00:00,nonpad_flattened,EleutherAI/pythia-70m,0.05346696607808858,0.06042699634610829
14848,64,7,16,main,wikitext,wikitext-2-raw-v1,validation,cuda,float32,64,pythia_dynamical_edge_normal,26b7b5702e85f3f48652a95f9be74e23223244d1,"[1, 128, 512]",inputs_embeds,paper_style_feedback_dynamics,EleutherAI/pythia-70m,0.00016611468163318932,direct,fixed_random,35.286251068115234,35.28657531738281,1.0,7,128,2428.338134765625,0.024975745007395744,16,final_hidden,2026-07-10T14:47:28.970617+00:00,nonpad_flattened,EleutherAI/pythia-70m,0.06042699634610829,0.06590629867047856
14848,64,7,16,main,wikitext,wikitext-2-raw-v1,validation,cuda,float32,64,pythia_dynamical_edge_normal,26b7b5702e85f3f48652a95f9be74e23223244d1,"[1, 128, 512]",inputs_embeds,paper_style_feedback_dynamics,EleutherAI/pythia-70m,0.00016280620184261352,direct,fixed_random,35.28599548339844,35.286251068115234,1.0,7,128,2428.339599609375,0.019695430994033813,17,final_hidden,2026-07-10T14:47:28.970617+00:00,nonpad_flattened,EleutherAI/pythia-70m,0.06590629867047856,0.07017483575064275
14848,64,7,16,main,wikitext,wikitext-2-raw-v1,validation,cuda,float32,64,pythia_dynamical_edge_normal,26b7b5702e85f3f48652a95f9be74e23223244d1,"[1, 128, 512]",inputs_embeds,paper_style_feedback_dynamics,EleutherAI/pythia-70m,0.00015201317728497088,direct,fixed_random,35.285789489746094,35.28599548339844,1.0,7,128,2428.340576171875,0.01553401816636324,18,final_hidden,2026-07-10T14:47:28.970617+00:00,nonpad_flattened,EleutherAI/pythia-70m,0.07017483575064275,0.07359199885459632
14848,64,7,16,main,wikitext,wikitext-2-raw-v1,validation,cuda,float32,64,pythia_dynamical_edge_normal,26b7b5702e85f3f48652a95f9be74e23223244d1,"[1, 128, 512]",inputs_embeds,paper_style_feedback_dynamics,EleutherAI/pythia-70m,0.0001549495500512421,direct,fixed_random,35.28562927246094,35.285789489746094,1.0,7,128,2428.341552734375,0.012259289622306824,19,final_hidden,2026-07-10T14:47:28.970617+00:00,nonpad_flattened,EleutherAI/pythia-70m,0.07359199885459632,0.07628079230739826
14848,64,7,16,main,wikitext,wikitext-2-raw-v1,validation,cuda,float32,64,pythia_dynamical_edge_normal,26b7b5702e85f3f48652a95f9be74e23223244d1,"[1, 128, 512]",inputs_embeds,paper_style_feedback_dynamics,EleutherAI/pythia-70m,0.00015202409122139215,direct,fixed_random,35.28551483154297,35.28562927246094,1.0,7,128,2428.34228515625,0.009672099724411964,20,final_hidden,2026-07-10T14:47:28.970617+00:00,nonpad_flattened,EleutherAI/pythia-70m,0.07628079230739826,0.07837946146727366
14848,64,7,16,main,wikitext,wikitext-2-raw-v1,validation,cuda,float32,64,pythia_dynamical_edge_normal,26b7b5702e85f3f48652a95f9be74e23223244d1,"[1, 128, 512]",inputs_embeds,paper_style_feedback_dynamics,EleutherAI/pythia-70m,0.00015463163435924798,direct,fixed_random,35.2854118347168,35.28551483154297,1.0,7,128,2428.3427734375,0.007628468796610832,21,final_hidden,2026-07-10T14:47:28.970617+00:00,nonpad_flattened,EleutherAI/pythia-70m,0.07837946146727366,0.08000269090037339
14848,64,7,16,main,wikitext,wikitext-2-raw-v1,validation,cuda,float32,64,pythia_dynamical_edge_normal,26b7b5702e85f3f48652a95f9be74e23223244d1,"[1, 128, 512]",inputs_embeds,paper_style_feedback_dynamics,EleutherAI/pythia-70m,0.00015417129907291383,direct,fixed_random,35.28533172607422,35.2854118347168,1.0,7,128,2428.343017578125,0.006008956115692854,22,final_hidden,2026-07-10T14:47:28.970617+00:00,nonpad_flattened,EleutherAI/pythia-70m,0.08000269090037339,0.08136819454355021
14848,64,7,16,main,wikitext,wikitext-2-raw-v1,validation,cuda,float32,64,pythia_dynamical_edge_normal,26b7b5702e85f3f48652a95f9be74e23223244d1,"[1, 128, 512]",inputs_embeds,paper_style_feedback_dynamics,EleutherAI/pythia-70m,0.00015837910177651793,direct,fixed_random,35.2852783203125,35.28533172607422,1.0,7,128,2428.343505859375,0.004728898871690035,23,final_hidden,2026-07-10T14:47:28.970617+00:00,nonpad_flattened,EleutherAI/pythia-70m,0.08136819454355021,0.08237324392232434
14848,64,7,16,main,wikitext,wikitext-2-raw-v1,validation,cuda,float32,64,pythia_dynamical_edge_normal,26b7b5702e85f3f48652a95f9be74e23223244d1,"[1, 128, 512]",inputs_embeds,paper_style_feedback_dynamics,EleutherAI/pythia-70m,0.00016080385830719024,direct,fixed_random,35.28522491455078,35.2852783203125,1.0,7,128,2428.34375,0.003753205295652151,24,final_hidden,2026-07-10T14:47:28.970617+00:00,nonpad_flattened,EleutherAI/pythia-70m,0.08237324392232434,0.08318087596278342
14848,64,7,16,main,wikitext,wikitext-2-raw-v1,validation,cuda,float32,64,pythia_dynamical_edge_normal,26b7b5702e85f3f48652a95f9be74e23223244d1,"[1, 128, 512]",inputs_embeds,paper_style_feedback_dynamics,EleutherAI/pythia-70m,0.00015815826191101223,direct,fixed_random,35.28519058227539,35.28522491455078,1.0,7,128,2428.343994140625,0.0029831172432750463,25,final_hidden,2026-07-10T14:47:28.970617+00:00,nonpad_flattened,EleutherAI/pythia-70m,0.08318087596278342,0.08378824188214536
14848,64,7,16,main,wikitext,wikitext-2-raw-v1,validation,cuda,float32,64,pythia_dynamical_edge_normal,26b7b5702e85f3f48652a95f9be74e23223244d1,"[1, 128, 512]",inputs_embeds,paper_style_feedback_dynamics,EleutherAI/pythia-70m,0.0001539854274597019,direct,fixed_random,35.28516387939453,35.28519058227539,1.0,7,128,2428.343994140625,0.0023505608551204205,26,final_hidden,2026-07-10T14:47:28.970617+00:00,nonpad_flattened,EleutherAI/pythia-70m,0.08378824188214536,0.08432229947424447
14848,64,7,16,main,wikitext,wikitext-2-raw-v1,validation,cuda,float32,64,pythia_dynamical_edge_normal,26b7b5702e85f3f48652a95f9be74e23223244d1,"[1, 128, 512]",inputs_embeds,paper_style_feedback_dynamics,EleutherAI/pythia-70m,0.0001512662711320445,direct,fixed_random,35.28513717651367,35.28516387939453,1.0,7,128,2428.34423828125,0.0018653938313946128,27,final_hidden,2026-07-10T14:47:28.970617+00:00,nonpad_flattened,EleutherAI/pythia-70m,0.08432229947424447,0.08476515609909667
14848,64,7,16,main,wikitext,wikitext-2-raw-v1,validation,cuda,float32,64,pythia_dynamical_edge_normal,26b7b5702e85f3f48652a95f9be74e23223244d1,"[1, 128, 512]",inputs_embeds,paper_style_feedback_dynamics,EleutherAI/pythia-70m,0.00015695870388299227,direct,fixed_random,35.28512191772461,35.28513717651367,1.0,7,128,2428.344482421875,0.0014752099523320794,28,final_hidden,2026-07-10T14:47:28.970617+00:00,nonpad_flattened,EleutherAI/pythia-70m,0.08476515609909667,0.08508478944807485
14848,64,7,16,main,wikitext,wikitext-2-raw-v1,validation,cuda,float32,64,pythia_dynamical_edge_normal,26b7b5702e85f3f48652a95f9be74e23223244d1,"[1, 128, 512]",inputs_embeds,paper_style_feedback_dynamics,EleutherAI/pythia-70m,0.00015140582399908453,direct,fixed_random,35.28510665893555,35.28512191772461,1.0,7,128,2428.344482421875,0.0011423199903219938,29,final_hidden,2026-07-10T14:47:28.970617+00:00,nonpad_flattened,EleutherAI/pythia-70m,0.08508478944807485,0.0853710650673784
14848,64,7,16,main,wikitext,wikitext-2-raw-v1,validation,cuda,float32,64,pythia_dynamical_edge_normal,26b7b5702e85f3f48652a95f9be74e23223244d1,"[1, 128, 512]",inputs_embeds,paper_style_feedback_dynamics,EleutherAI/pythia-70m,0.0001479851925978437,direct,fixed_random,35.285091400146484,35.28510665893555,1.0,7,128,2428.3447265625,0.0009152118000201881,30,final_hidden,2026-07-10T14:47:28.970617+00:00,nonpad_flattened,EleutherAI/pythia-70m,0.0853710650673784,0.08551884344332641
14848,64,7,16,main,wikitext,wikitext-2-raw-v1,validation,cuda,float32,64,pythia_dynamical_edge_normal,26b7b5702e85f3f48652a95f9be74e23223244d1,"[1, 128, 512]",inputs_embeds,paper_style_feedback_dynamics,EleutherAI/pythia-70m,0.00015140030882321298,direct,fixed_random,35.28507995605469,35.285091400146484,1.0,7,128,2428.3447265625,0.0007613041088916361,31,final_hidden,2026-07-10T14:47:28.970617+00:00,nonpad_flattened,EleutherAI/pythia-70m,0.08551884344332641,0.08567873617156263
14848,64,7,16,main,wikitext,wikitext-2-raw-v1,validation,cuda,float32,64,pythia_dynamical_edge_normal,26b7b5702e85f3f48652a95f9be74e23223244d1,"[1, 128, 512]",inputs_embeds,paper_style_feedback_dynamics,EleutherAI/pythia-70m,0.0001512809976702556,direct,fixed_random,35.285072326660156,35.28507995605469,1.0,7,128,2428.3447265625,0.0005947797908447683,32,final_hidden,2026-07-10T14:47:28.970617+00:00,nonpad_flattened,EleutherAI/pythia-70m,0.08567873617156263,0.0858280772280912
14848,64,7,16,main,wikitext,wikitext-2-raw-v1,validation,cuda,float32,64,pythia_dynamical_edge_normal,26b7b5702e85f3f48652a95f9be74e23223244d1,"[1, 128, 512]",inputs_embeds,paper_style_feedback_dynamics,EleutherAI/pythia-70m,0.00015155327855609357,direct,fixed_random,35.285072326660156,35.285072326660156,1.0,7,128,2428.3447265625,0.00043924475903622806,33,final_hidden,2026-07-10T14:47:28.970617+00:00,nonpad_flattened,EleutherAI/pythia-70m,0.0858280772280912,0.0859132322089613
14848,64,7,16,main,wikitext,wikitext-2-raw-v1,validation,cuda,float32,64,pythia_dynamical_edge_normal,26b7b5702e85f3f48652a95f9be74e23223244d1,"[1, 128, 512]",inputs_embeds,paper_style_feedback_dynamics,EleutherAI/pythia-70m,0.00015545000496786088,direct,fixed_random,35.28506851196289,35.285072326660156,1.0,7,128,2428.3447265625,0.0003505577624309808,34,final_hidden,2026-07-10T14:47:28.970617+00:00,nonpad_flattened,EleutherAI/pythia-70m,0.0859132322089613,0.08593863560752803
14848,64,7,16,main,wikitext,wikitext-2-raw-v1,validation,cuda,float32,64,pythia_dynamical_edge_normal,26b7b5702e85f3f48652a95f9be74e23223244d1,"[1, 128, 512]",inputs_embeds,paper_style_feedback_dynamics,EleutherAI/pythia-70m,0.00018783735868055373,direct,fixed_random,35.285057067871094,35.28506851196289,1.0,7,128,2428.3447265625,0.0003240991791244596,35,final_hidden,2026-07-10T14:47:28.970617+00:00,nonpad_flattened,EleutherAI/pythia-70m,0.08593863560752803,0.08598176671416666
14848,64,7,16,main,wikitext,wikitext-2-raw-v1,validation,cuda,float32,64,pythia_dynamical_edge_normal,26b7b5702e85f3f48652a95f9be74e23223244d1,"[1, 128, 512]",inputs_embeds,paper_style_feedback_dynamics,EleutherAI/pythia-70m,0.0001753589604049921,direct,fixed_random,35.285057067871094,35.285057067871094,1.0,7,128,2428.3447265625,0.0002791798033285886,36,final_hidden,2026-07-10T14:47:28.970617+00:00,nonpad_flattened,EleutherAI/pythia-70m,0.08598176671416666,0.08600319805739341
14848,64,7,16,main,wikitext,wikitext-2-raw-v1,validation,cuda,float32,64,pythia_dynamical_edge_normal,26b7b5702e85f3f48652a95f9be74e23223244d1,"[1, 128, 512]",inputs_embeds,paper_style_feedback_dynamics,EleutherAI/pythia-70m,0.00017612693773116916,direct,fixed_random,35.285057067871094,35.285057067871094,1.0,7,128,2428.3447265625,0.0002568595518823713,37,final_hidden,2026-07-10T14:47:28.970617+00:00,nonpad_flattened,EleutherAI/pythia-70m,0.08600319805739341,0.08601890854771216
14848,64,7,16,main,wikitext,wikitext-2-raw-v1,validation,cuda,float32,64,pythia_dynamical_edge_normal,26b7b5702e85f3f48652a95f9be74e23223244d1,"[1, 128, 512]",inputs_embeds,paper_style_feedback_dynamics,EleutherAI/pythia-70m,0.00018450006609782577,direct,fixed_random,35.28504943847656,35.285057067871094,1.0,7,128,2428.3447265625,0.0002404970582574606,38,final_hidden,2026-07-10T14:47:28.970617+00:00,nonpad_flattened,EleutherAI/pythia-70m,0.08601890854771216,0.08602725982135877
14848,64,7,16,main,wikitext,wikitext-2-raw-v1,validation,cuda,float32,64,pythia_dynamical_edge_normal,26b7b5702e85f3f48652a95f9be74e23223244d1,"[1, 128, 512]",inputs_embeds,paper_style_feedback_dynamics,EleutherAI/pythia-70m,0.00018491476657800376,direct,fixed_random,35.28504943847656,35.28504943847656,1.0,7,128,2428.3447265625,0.00023179939307738096,39,final_hidden,2026-07-10T14:47:28.970617+00:00,nonpad_flattened,EleutherAI/pythia-70m,0.08602725982135877,0.08603143057353127
14848,64,7,16,main,wikitext,wikitext-2-raw-v1,validation,cuda,float32,64,pythia_dynamical_edge_normal,26b7b5702e85f3f48652a95f9be74e23223244d1,"[1, 128, 512]",inputs_embeds,paper_style_feedback_dynamics,EleutherAI/pythia-70m,0.00019534543389454484,direct,fixed_random,35.28504943847656,35.28504943847656,1.0,7,128,2428.3447265625,0.00022745515161659569,40,final_hidden,2026-07-10T14:47:28.970617+00:00,nonpad_flattened,EleutherAI/pythia-70m,0.08603143057353127,0.08605562862168738
14848,64,7,16,main,wikitext,wikitext-2-raw-v1,validation,cuda,float32,64,pythia_dynamical_edge_normal,26b7b5702e85f3f48652a95f9be74e23223244d1,"[1, 128, 512]",inputs_embeds,paper_style_feedback_dynamics,EleutherAI/pythia-70m,0.00018949669902212918,direct,fixed_random,35.28505325317383,35.28504943847656,1.0,7,128,2428.3447265625,0.00020225376647431403,41,final_hidden,2026-07-10T14:47:28.970617+00:00,nonpad_flattened,EleutherAI/pythia-70m,0.08605562862168738,0.08608203975843423
14848,64,7,16,main,wikitext,wikitext-2-raw-v1,validation,cuda,float32,64,pythia_dynamical_edge_normal,26b7b5702e85f3f48652a95f9be74e23223244d1,"[1, 128, 512]",inputs_embeds,paper_style_feedback_dynamics,EleutherAI/pythia-70m,0.00017586775356903672,direct,fixed_random,35.28504943847656,35.28505325317383,1.0,7,128,2428.3447265625,0.0001747478818288073,42,final_hidden,2026-07-10T14:47:28.970617+00:00,nonpad_flattened,EleutherAI/pythia-70m,0.08608203975843423,0.08611194080692558
14848,64,7,16,main,wikitext,wikitext-2-raw-v1,validation,cuda,float32,64,pythia_dynamical_edge_normal,26b7b5702e85f3f48652a95f9be74e23223244d1,"[1, 128, 512]",inputs_embeds,paper_style_feedback_dynamics,EleutherAI/pythia-70m,0.00016682257410138845,direct,fixed_random,35.28505325317383,35.28504943847656,1.0,7,128,2428.3447265625,0.00014360711793415248,43,final_hidden,2026-07-10T14:47:28.970617+00:00,nonpad_flattened,EleutherAI/pythia-70m,0.08611194080692558,0.08613065545853377
14848,64,7,16,main,wikitext,wikitext-2-raw-v1,validation,cuda,float32,64,pythia_dynamical_edge_normal,26b7b5702e85f3f48652a95f9be74e23223244d1,"[1, 128, 512]",inputs_embeds,paper_style_feedback_dynamics,EleutherAI/pythia-70m,0.00015788408927619457,direct,fixed_random,35.28504943847656,35.28505325317383,1.0,7,128,2428.3447265625,0.00012411670468281955,44,final_hidden,2026-07-10T14:47:28.970617+00:00,nonpad_flattened,EleutherAI/pythia-70m,0.08613065545853377,0.08613681644247577
14848,64,7,16,main,wikitext,wikitext-2-raw-v1,validation,cuda,float32,64,pythia_dynamical_edge_normal,26b7b5702e85f3f48652a95f9be74e23223244d1,"[1, 128, 512]",inputs_embeds,paper_style_feedback_dynamics,EleutherAI/pythia-70m,0.00015252255252562463,direct,fixed_random,35.28504943847656,35.28504943847656,1.0,7,128,2428.3447265625,0.00011770045239245519,45,final_hidden,2026-07-10T14:47:28.970617+00:00,nonpad_flattened,EleutherAI/pythia-70m,0.08613681644247577,0.08613005315774343
14848,64,7,16,main,wikitext,wikitext-2-raw-v1,validation,cuda,float32,64,pythia_dynamical_edge_normal,26b7b5702e85f3f48652a95f9be74e23223244d1,"[1, 128, 512]",inputs_embeds,paper_style_feedback_dynamics,EleutherAI/pythia-70m,0.00016191686154343188,direct,fixed_random,35.28504943847656,35.28504943847656,1.0,7,128,2428.3447265625,0.00012474379036575556,46,final_hidden,2026-07-10T14:47:28.970617+00:00,nonpad_flattened,EleutherAI/pythia-70m,0.08613005315774343,0.08613544441690557
14848,64,7,16,main,wikitext,wikitext-2-raw-v1,validation,cuda,float32,64,pythia_dynamical_edge_normal,26b7b5702e85f3f48652a95f9be74e23223244d1,"[1, 128, 512]",inputs_embeds,paper_style_feedback_dynamics,EleutherAI/pythia-70m,0.0001632791245356202,direct,fixed_random,35.28504943847656,35.28504943847656,1.0,7,128,2428.3447265625,0.00011912886111531407,47,final_hidden,2026-07-10T14:47:28.970617+00:00,nonpad_flattened,EleutherAI/pythia-70m,0.08613544441690557,0.0861241649883875
14848,64,7,16,main,wikitext,wikitext-2-raw-v1,validation,cuda,float32,64,pythia_dynamical_edge_normal,26b7b5702e85f3f48652a95f9be74e23223244d1,"[1, 128, 512]",inputs_embeds,paper_style_feedback_dynamics,EleutherAI/pythia-70m,0.00016525707906112075,direct,fixed_random,35.28504180908203,35.28504943847656,1.0,7,128,2428.3447265625,0.00013087601109873503,48,final_hidden,2026-07-10T14:47:28.970617+00:00,nonpad_flattened,EleutherAI/pythia-70m,0.0861241649883875,0.08612712785507495
14848,64,7,16,main,wikitext,wikitext-2-raw-v1,validation,cuda,float32,64,pythia_dynamical_edge_normal,26b7b5702e85f3f48652a95f9be74e23223244d1,"[1, 128, 512]",inputs_embeds,paper_style_feedback_dynamics,EleutherAI/pythia-70m,0.0001609716418897733,direct,fixed_random,35.2850456237793,35.28504180908203,1.0,7,128,2428.3447265625,0.0001277904666494578,49,final_hidden,2026-07-10T14:47:28.970617+00:00,nonpad_flattened,EleutherAI/pythia-70m,0.08612712785507495,0.08612438070635622
14848,64,7,16,main,wikitext,wikitext-2-raw-v1,validation,cuda,float32,64,pythia_dynamical_edge_normal,26b7b5702e85f3f48652a95f9be74e23223244d1,"[1, 128, 512]",inputs_embeds,paper_style_feedback_dynamics,EleutherAI/pythia-70m,0.0001653000945225358,direct,fixed_random,35.28504943847656,35.2850456237793,1.0,7,128,2428.3447265625,0.00013065134407952428,50,final_hidden,2026-07-10T14:47:28.970617+00:00,nonpad_flattened,EleutherAI/pythia-70m,0.08612438070635622,0.08612153111489565
14848,64,7,16,main,wikitext,wikitext-2-raw-v1,validation,cuda,float32,64,pythia_dynamical_edge_normal,26b7b5702e85f3f48652a95f9be74e23223244d1,"[1, 128, 512]",inputs_embeds,paper_style_feedback_dynamics,EleutherAI/pythia-70m,0.00016326826880685985,direct,fixed_random,35.28504943847656,35.28504943847656,1.0,7,128,2428.3447265625,0.00013361922174226493,51,final_hidden,2026-07-10T14:47:28.970617+00:00,nonpad_flattened,EleutherAI/pythia-70m,0.08612153111489565,0.08611860430946874
14848,64,7,16,main,wikitext,wikitext-2-raw-v1,validation,cuda,float32,64,pythia_dynamical_edge_normal,26b7b5702e85f3f48652a95f9be74e23223244d1,"[1, 128, 512]",inputs_embeds,paper_style_feedback_dynamics,EleutherAI/pythia-70m,0.00016308827616740018,direct,fixed_random,35.2850456237793,35.28504943847656,1.0,7,128,2428.3447265625,0.00013666742597706616,52,final_hidden,2026-07-10T14:47:28.970617+00:00,nonpad_flattened,EleutherAI/pythia-70m,0.08611860430946874,0.08613264414063276
14848,64,7,16,main,wikitext,wikitext-2-raw-v1,validation,cuda,float32,64,pythia_dynamical_edge_normal,26b7b5702e85f3f48652a95f9be74e23223244d1,"[1, 128, 512]",inputs_embeds,paper_style_feedback_dynamics,EleutherAI/pythia-70m,0.00015855746460147202,direct,fixed_random,35.2850456237793,35.2850456237793,1.0,7,128,2428.3447265625,0.00012204550876049325,53,final_hidden,2026-07-10T14:47:28.970617+00:00,nonpad_flattened,EleutherAI/pythia-70m,0.08613264414063276,0.08613965117219112
14848,64,7,16,main,wikitext,wikitext-2-raw-v1,validation,cuda,float32,64,pythia_dynamical_edge_normal,26b7b5702e85f3f48652a95f9be74e23223244d1,"[1, 128, 512]",inputs_embeds,paper_style_feedback_dynamics,EleutherAI/pythia-70m,0.00016254578076768667,direct,fixed_random,35.2850456237793,35.2850456237793,1.0,7,128,2428.3447265625,0.00011474766506580636,54,final_hidden,2026-07-10T14:47:28.970617+00:00,nonpad_flattened,EleutherAI/pythia-70m,0.08613965117219112,0.08613556884459721
14848,64,7,16,main,wikitext,wikitext-2-raw-v1,validation,cuda,float32,64,pythia_dynamical_edge_normal,26b7b5702e85f3f48652a95f9be74e23223244d1,"[1, 128, 512]",inputs_embeds,paper_style_feedback_dynamics,EleutherAI/pythia-70m,0.00016170642629731447,direct,fixed_random,35.28504180908203,35.2850456237793,1.0,7,128,2428.3447265625,0.0001189993490697816,55,final_hidden,2026-07-10T14:47:28.970617+00:00,nonpad_flattened,EleutherAI/pythia-70m,0.08613556884459721,0.0861312201738636
14848,64,7,16,main,wikitext,wikitext-2-raw-v1,validation,cuda,float32,64,pythia_dynamical_edge_normal,26b7b5702e85f3f48652a95f9be74e23223244d1,"[1, 128, 512]",inputs_embeds,paper_style_feedback_dynamics,EleutherAI/pythia-70m,0.0001571431930642575,direct,fixed_random,35.28504943847656,35.28504180908203,1.0,7,128,2428.3447265625,0.00012352860358078033,56,final_hidden,2026-07-10T14:47:28.970617+00:00,nonpad_flattened,EleutherAI/pythia-70m,0.0861312201738636,0.08612595503324809
14848,64,7,16,main,wikitext,wikitext-2-raw-v1,validation,cuda,float32,64,pythia_dynamical_edge_normal,26b7b5702e85f3f48652a95f9be74e23223244d1,"[1, 128, 512]",inputs_embeds,paper_style_feedback_dynamics,EleutherAI/pythia-70m,0.00016170078015420586,direct,fixed_random,35.2850456237793,35.28504943847656,1.0,7,128,2428.3447265625,0.000129011896206066,57,final_hidden,2026-07-10T14:47:28.970617+00:00,nonpad_flattened,EleutherAI/pythia-70m,0.08612595503324809,0.08612530374639588
14848,64,7,16,main,wikitext,wikitext-2-raw-v1,validation,cuda,float32,64,pythia_dynamical_edge_normal,26b7b5702e85f3f48652a95f9be74e23223244d1,"[1, 128, 512]",inputs_embeds,paper_style_feedback_dynamics,EleutherAI/pythia-70m,0.0001624094002181664,direct,fixed_random,35.2850456237793,35.2850456237793,1.0,7,128,2428.3447265625,0.0001296901609748602,58,final_hidden,2026-07-10T14:47:28.970617+00:00,nonpad_flattened,EleutherAI/pythia-70m,0.08612530374639588,0.08613234057808103
14848,64,7,16,main,wikitext,wikitext-2-raw-v1,validation,cuda,float32,64,pythia_dynamical_edge_normal,26b7b5702e85f3f48652a95f9be74e23223244d1,"[1, 128, 512]",inputs_embeds,paper_style_feedback_dynamics,EleutherAI/pythia-70m,0.00015926557534839958,direct,fixed_random,35.28504943847656,35.2850456237793,1.0,7,128,2428.3447265625,0.00012236162729095668,59,final_hidden,2026-07-10T14:47:28.970617+00:00,nonpad_flattened,EleutherAI/pythia-70m,0.08613234057808103,0.0861425798612098
14848,64,7,16,main,wikitext,wikitext-2-raw-v1,validation,cuda,float32,64,pythia_dynamical_edge_normal,26b7b5702e85f3f48652a95f9be74e23223244d1,"[1, 128, 512]",inputs_embeds,paper_style_feedback_dynamics,EleutherAI/pythia-70m,0.00015153829008340836,direct,fixed_random,35.28504943847656,35.28504943847656,1.0,7,128,2428.3447265625,0.00011169804201927036,60,final_hidden,2026-07-10T14:47:28.970617+00:00,nonpad_flattened,EleutherAI/pythia-70m,0.0861425798612098,0.0861443235945067
14848,64,7,16,main,wikitext,wikitext-2-raw-v1,validation,cuda,float32,64,pythia_dynamical_edge_normal,26b7b5702e85f3f48652a95f9be74e23223244d1,"[1, 128, 512]",inputs_embeds,paper_style_feedback_dynamics,EleutherAI/pythia-70m,0.00015982732293196023,direct,fixed_random,35.28504943847656,35.28504943847656,1.0,7,128,2428.3447265625,0.00010988158464897424,61,final_hidden,2026-07-10T14:47:28.970617+00:00,nonpad_flattened,EleutherAI/pythia-70m,0.0861443235945067,0.0861410057719203
14848,64,7,16,main,wikitext,wikitext-2-raw-v1,validation,cuda,float32,64,pythia_dynamical_edge_normal,26b7b5702e85f3f48652a95f9be74e23223244d1,"[1, 128, 512]",inputs_embeds,paper_style_feedback_dynamics,EleutherAI/pythia-70m,0.00015903435996733606,direct,fixed_random,35.28504180908203,35.28504943847656,1.0,7,128,2428.3447265625,0.00011333705333527178,62,final_hidden,2026-07-10T14:47:28.970617+00:00,nonpad_flattened,EleutherAI/pythia-70m,0.0861410057719203,0.08614831178960354
